x,y
-6.030150753769078165e+00,4.086421948942152265e-07
-6.024117586431640525e+00,4.149349942412290352e-07
-6.018084419094202886e+00,4.213155696034834302e-07
-6.012051251756764358e+00,4.278752267756616177e-07
-6.006018084419326719e+00,4.345795845951369863e-07
-5.999984917081889080e+00,4.414313651160222101e-07
-5.993951749744451440e+00,4.484333316869390738e-07
-5.987918582407013801e+00,4.555882906807445601e-07
-5.981885415069576162e+00,4.628990931836199491e-07
-5.975852247732137634e+00,4.703686366385367646e-07
-5.969819080394699995e+00,4.779998664412389000e-07
-5.963785913057262356e+00,4.857957774893183369e-07
-5.957752745719824716e+00,4.937594156867615993e-07
-5.951719578382387077e+00,5.018938794076331685e-07
-5.945686411044949438e+00,5.102023209234316672e-07
-5.939653243707510910e+00,5.186879477991297518e-07
-5.933620076370073271e+00,5.273540242631674254e-07
-5.927586909032635631e+00,5.362038725566936778e-07
-5.921553741695197992e+00,5.452408742672084262e-07
-5.915520574357760353e+00,5.544684716515605337e-07
-5.909487407020321825e+00,5.638901689529426940e-07
-5.903454239682884186e+00,5.735095337161987080e-07
-5.897421072345446547e+00,5.833301981054223028e-07
-5.891387905008008907e+00,5.933558602274371124e-07
-5.885354737670571268e+00,6.035902854644434598e-07
-5.879321570333133629e+00,6.140373078187755938e-07
-5.873288402995695101e+00,6.247008312724060860e-07
-5.867255235658257462e+00,6.355848311635522475e-07
-5.861222068320819822e+00,6.466933555825214157e-07
-5.855188900983382183e+00,6.580305267886450330e-07
-5.849155733645944544e+00,6.696005426500041580e-07
-5.843122566308506904e+00,6.814076781074484117e-07
-5.837089398971068377e+00,6.934562866642610690e-07
-5.831056231633630738e+00,7.057508019026672596e-07
-5.825023064296193098e+00,7.182957390283322675e-07
-5.818989896958755459e+00,7.310956964437889695e-07
-5.812956729621317820e+00,7.441553573517645840e-07
-5.806923562283879292e+00,7.574295427125791258e-07
-5.800890394946441653e+00,7.665762300611710869e-07
-5.794857227609004013e+00,7.803928102892746069e-07
-5.788824060271566374e+00,7.945236320030013982e-07
-5.782790892934128735e+00,8.134530009863006204e-07
-5.776757725596691095e+00,8.281696914540926965e-07
-5.770724558259252568e+00,8.431812100279064060e-07
-5.764691390921814929e+00,8.584929763199121173e-07
-5.758658223584377289e+00,8.741105105354313707e-07
-5.752625056246939650e+00,8.900394354201726619e-07
-5.746591888909502011e+00,9.062854782448442492e-07
-5.740558721572064371e+00,9.228544728277586112e-07
-5.734525554234625844e+00,9.397523615960528192e-07
-5.728492386897188204e+00,9.569851976861245229e-07
-5.722459219559750565e+00,9.745591470839823529e-07
-5.716426052222312926e+00,9.924804908060790974e-07
-5.710392884884875286e+00,1.010755627121347633e-06
-5.704359717547436759e+00,1.029391073815087903e-06
-5.698326550209999120e+00,1.048393470495367546e-06
-5.692293382872561480e+00,1.067769580942706110e-06
-5.686260215535123841e+00,1.087526295503670095e-06
-5.680227048197686202e+00,1.107670633529183501e-06
-5.674193880860247674e+00,1.128209745858269836e-06
-5.668160713522810035e+00,1.149150917347996162e-06
-5.662127546185372395e+00,1.170501569450447390e-06
-5.656094378847934756e+00,1.192269262837481477e-06
-5.650061211510497117e+00,1.214461700074139056e-06
-5.644028044173059477e+00,1.237086728341558530e-06
-5.637994876835620950e+00,1.260152342210260831e-06
-5.631961709498183311e+00,1.283666686464694294e-06
-5.625928542160745671e+00,1.307638058980018997e-06
-5.619895374823308032e+00,1.332074913652008770e-06
-5.613862207485870393e+00,1.356985863381122638e-06
-5.607829040148432753e+00,1.382379683111688900e-06
-5.601795872810994226e+00,1.408265312927302539e-06
-5.595762705473556586e+00,1.434651861203458558e-06
-5.589729538136118947e+00,1.461548607818565372e-06
-5.583696370798681308e+00,1.488965007424446163e-06
-5.577663203461243668e+00,1.516910692777515753e-06
-5.571630036123805141e+00,1.545395478131871558e-06
-5.565596868786367502e+00,1.574429362695507765e-06
-5.559563701448929862e+00,1.603220931792385102e-06
-5.553530534111492223e+00,1.633353096562481340e-06
-5.547497366774054584e+00,1.664065585441641996e-06
-5.541464199436616944e+00,1.695369188939619934e-06
-5.535431032099178417e+00,1.727274891145866103e-06
-5.529397864761740777e+00,1.759793874237623534e-06
-5.523364697424303138e+00,1.792013817278616023e-06
-5.517331530086865499e+00,1.825798088303007194e-06
-5.511298362749427859e+00,1.860232443940815002e-06
-5.505265195411990220e+00,1.895328614017892003e-06
-5.499232028074551692e+00,1.931098568903459656e-06
-5.493198860737114053e+00,1.967554528325350676e-06
-5.487165693399676414e+00,2.004708968521507569e-06
-5.481132526062238775e+00,2.042574628064277530e-06
-5.475099358724801135e+00,2.081164512677749698e-06
-5.469066191387362608e+00,2.120491899334479981e-06
-5.463033024049924968e+00,2.160570339873923903e-06
-5.456999856712487329e+00,2.201413664340653590e-06
-5.450966689375049690e+00,2.243035984198125285e-06
-5.444933522037612050e+00,2.285451695535149250e-06
-5.438900354700174411e+00,2.328675482352299254e-06
-5.432867187362735883e+00,2.372722319988066820e-06
-5.426834020025298244e+00,2.417607478725646526e-06
-5.420800852687860605e+00,2.463346527605197940e-06
-5.414767685350422965e+00,2.509955338455155364e-06
-5.408734518012985326e+00,2.557450090148153345e-06
-5.402701350675547687e+00,2.605847273081432859e-06
-5.396668183338109159e+00,2.655163693877757707e-06
-5.390635016000671520e+00,2.705416480300900439e-06
-5.384601848663233881e+00,2.756623086378448916e-06
-5.378568681325796241e+00,2.808801297724078543e-06
-5.372535513988358602e+00,2.861969237051810447e-06
-5.366502346650920074e+00,2.916145369874951636e-06
-5.360469179313482435e+00,2.971348510383058616e-06
-5.354436011976044796e+00,3.027597827491039701e-06
-5.348402844638607156e+00,3.084912851055295607e-06
-5.342369677301169517e+00,3.143313478252426000e-06
-5.336336509963730990e+00,3.202819980116966901e-06
-5.330303342626293350e+00,3.264749231239330666e-06
-5.324270175288855711e+00,3.326502876029073234e-06
-5.318237007951418072e+00,3.389447136490317720e-06
-5.312203840613980432e+00,3.453582362354650608e-06
-5.306170673276542793e+00,3.518930791084828532e-06
-5.300137505939105154e+00,3.585515076206401885e-06
-5.294104338601666626e+00,3.653358294987564763e-06
-5.288071171264228987e+00,3.722483956258435438e-06
-5.282038003926791347e+00,3.792916008372362649e-06
-5.276004836589353708e+00,3.841115849828596167e-06
-5.269971669251916069e+00,3.913552842575237790e-06
-5.263938501914477541e+00,3.987372851570525840e-06
-5.257905334577039902e+00,4.062548407334866439e-06
-5.251872167239602263e+00,4.165545964447002631e-06
-5.245838999902164623e+00,4.244502378889162381e-06
-5.239805832564726984e+00,4.324792639181484175e-06
-5.233772665227288456e+00,4.406597698961816281e-06
-5.227739497889850817e+00,4.489945842111457729e-06
-5.221706330552413178e+00,4.574865880074632840e-06
-5.215673163214975538e+00,4.661387161567529304e-06
-5.209639995877537899e+00,4.749539582463694446e-06
-5.203606828540100260e+00,4.839353595859094806e-06
-5.197573661202662620e+00,4.930860222320001002e-06
-5.191540493865224093e+00,5.024091060317029257e-06
-5.185507326527786454e+00,5.119090495873146732e-06
-5.179474159190348814e+00,5.215870575060583178e-06
-5.173440991852911175e+00,5.314470514989709804e-06
-5.167407824515473536e+00,5.414927105771681733e-06
-5.161374657178035008e+00,5.517275001162963998e-06
-5.155341489840597369e+00,5.626279571206973703e-06
-5.149308322503159729e+00,5.732630632563183860e-06
-5.143275155165722090e+00,5.840693275352251462e-06
-5.137241987828284451e+00,5.946056770879468602e-06
-5.131208820490845923e+00,6.058400214913876998e-06
-5.125175653153408284e+00,6.172856893847587780e-06
-5.119142485815970645e+00,6.289467942971858978e-06
-5.113109318478533005e+00,6.408270603322802879e-06
-5.107076151141095366e+00,6.529307000364497212e-06
-5.101042983803657727e+00,6.652618796672758085e-06
-5.095009816466220087e+00,6.778248428002699155e-06
-5.088976649128781560e+00,6.906239117458589104e-06
-5.082943481791343920e+00,7.036634889920646389e-06
-5.076910314453906281e+00,7.169480586733863643e-06
-5.070877147116468642e+00,7.304821880663018947e-06
-5.064843979779031002e+00,7.442705291119057830e-06
-5.058810812441592475e+00,7.583155900047081684e-06
-5.052777645104154836e+00,7.726265581118742600e-06
-5.046744477766717196e+00,7.872062133132513379e-06
-5.040711310429279557e+00,8.020595618384946730e-06
-5.034678143091841918e+00,8.171917026127554890e-06
-5.028644975754403390e+00,8.326078289522213720e-06
-5.022611808416965751e+00,8.483132302903170698e-06
-5.016578641079528111e+00,8.643132939351692783e-06
-5.010545473742090472e+00,8.806135068588222880e-06
-5.004512306404652833e+00,8.972170230713167065e-06
-4.998479139067214305e+00,9.141344225081894385e-06
-4.992445971729777554e+00,9.313679184952309992e-06
-4.986412804392339027e+00,9.489256788351826450e-06
-4.980379637054901387e+00,9.668123681962157912e-06
-4.974346469717463748e+00,9.850344391801269596e-06
-4.968313302380026109e+00,1.003551940581130412e-05
-4.962280135042588469e+00,1.022467773258358773e-05
-4.956246967705149942e+00,1.041737405164720727e-05
-4.950213800367712302e+00,1.061401907658256183e-05
-4.944180633030274663e+00,1.081413543728472594e-05
-4.938147465692837024e+00,1.101759122649160386e-05
-4.932114298355399384e+00,1.122512585648174754e-05
-4.926081131017960857e+00,1.143652207957577895e-05
-4.920047963680523218e+00,1.165187092463673602e-05
-4.914014796343085578e+00,1.187124891470097835e-05
-4.907981629005647939e+00,1.209473185143403666e-05
-4.901948461668210300e+00,1.232239637724434937e-05
-4.895915294330771772e+00,1.255432034830712476e-05
-4.889882126993335021e+00,1.279058296962343101e-05
-4.883848959655896493e+00,1.303126486321195579e-05
-4.877815792318458854e+00,1.327644811326319431e-05
-4.871782624981021215e+00,1.352621630226356810e-05
-4.865749457643583575e+00,1.378065454331483453e-05
-4.859716290306145936e+00,1.403984951084105888e-05
-4.853683122968707409e+00,1.430388947069123700e-05
-4.847649955631269769e+00,1.457286431013830711e-05
-4.841616788293832130e+00,1.484686556804094783e-05
-4.835583620956394491e+00,1.512598646531792283e-05
-4.829550453618956851e+00,1.541032193582592502e-05
-4.823517286281518324e+00,1.569996865769845548e-05
-4.817484118944080684e+00,1.599502508518441983e-05
-4.811450951606643045e+00,1.629559148101628104e-05
-4.805417784269205406e+00,1.660176994932838044e-05
-4.799384616931767766e+00,1.691366446914475467e-05
-4.793351449594329239e+00,1.723139400298759970e-05
-4.787318282256892488e+00,1.755504173693739638e-05
-4.781285114919453960e+00,1.788472810521023171e-05
-4.775251947582016321e+00,1.822056590560674322e-05
-4.769218780244578682e+00,1.856259789732358633e-05
-4.763185612907141042e+00,1.891108932858106070e-05
-4.757152445569703403e+00,1.926607684071430788e-05
-4.751119278232264875e+00,1.962768350714793147e-05
-4.745086110894827236e+00,1.999603140253519422e-05
-4.739052943557389597e+00,2.037124550018710976e-05
-4.733019776219951957e+00,2.075355293814431999e-05
-4.726986608882514318e+00,2.114298796935809983e-05
-4.720953441545075790e+00,2.153956655356769302e-05
-4.714920274207638151e+00,2.194344563623758744e-05
-4.708887106870200512e+00,2.235494565515640141e-05
-4.702853939532762872e+00,2.277411030547501247e-05
-4.696820772195325233e+00,2.320120359599876398e-05
-4.690787604857886706e+00,2.363606289173858215e-05
-4.684754437520449066e+00,2.407908128854017692e-05
-4.678721270183011427e+00,2.453032441082302786e-05
-4.672688102845573788e+00,2.498998889304630461e-05
-4.666654935508136148e+00,2.545820739789688347e-05
-4.660621768170698509e+00,2.593513777374798493e-05
-4.654588600833260870e+00,2.642094075410266800e-05
-4.648555433495822342e+00,2.691578000933309960e-05
-4.642522266158384703e+00,2.741982219940471339e-05
-4.636489098820947063e+00,2.793323702758666033e-05
-4.630455931483509424e+00,2.845620112721728760e-05
-4.624422764146071785e+00,2.898888279709648948e-05
-4.618389596808633257e+00,2.953146503490451777e-05
-4.612356429471195618e+00,3.008413027364416570e-05
-4.606323262133757979e+00,3.064706619367846122e-05
-4.600290094796320339e+00,3.122045817638562131e-05
-4.594256927458882700e+00,3.180450066559621669e-05
-4.588223760121444172e+00,3.239931957668733064e-05
-4.582190592784006533e+00,3.300525322071363023e-05
-4.576157425446568894e+00,3.362243641153163197e-05
-4.570124258109131254e+00,3.425107616559211119e-05
-4.564091090771693615e+00,3.489138264474573155e-05
-4.558057923434255976e+00,3.554357169608240308e-05
-4.552024756096818336e+00,3.620784859293100534e-05
-4.545991588759379809e+00,3.688446024077982131e-05
-4.539958421421942170e+00,3.757361082833982074e-05
-4.533925254084504530e+00,3.827556264395215571e-05
-4.527892086747066891e+00,3.899051892070437108e-05
-4.521858919409629252e+00,3.971873147889056936e-05
-4.515825752072190724e+00,4.046042557730701269e-05
-4.509792584734753085e+00,4.121588810577361204e-05
-4.503759417397315445e+00,4.198533143714538703e-05
-4.497726250059877806e+00,4.276903775946062100e-05
-4.491693082722440167e+00,4.356725998344645817e-05
-4.485659915385001639e+00,4.438027832697638043e-05
-4.479626748047564000e+00,4.520833058927361235e-05
-4.473593580710126361e+00,4.605173980482864796e-05
-4.467560413372688721e+00,4.691074230565336998e-05
-4.461527246035251082e+00,4.778564251801050046e-05
-4.455494078697812554e+00,4.867673187411860025e-05
-4.449460911360375803e+00,4.958430113890754357e-05
-4.443427744022937276e+00,5.050865162768036792e-05
-4.437394576685499636e+00,5.145010933363669818e-05
-4.431361409348061997e+00,5.240890103605473838e-05
-4.425328242010624358e+00,5.338548771459318310e-05
-4.419295074673186718e+00,5.438032449009632351e-05
-4.413261907335748191e+00,5.539335045490651903e-05
-4.407228739998310552e+00,5.642542704397830711e-05
-4.401195572660872912e+00,5.747623232501076812e-05
-4.395162405323435273e+00,5.854611785147088312e-05
-4.389129237985997634e+00,5.963605686135932653e-05
-4.383096070648559106e+00,6.074616440994149612e-05
-4.377062903311121467e+00,6.187660316249655361e-05
-4.371029735973683827e+00,6.302794966675924438e-05
-4.364996568636246188e+00,6.420069138377293438e-05
-4.358963401298808549e+00,6.539504462187563198e-05
-4.352930233961370021e+00,6.661137808070067483e-05
-4.346897066623933270e+00,6.785019862607962317e-05
-4.340863899286494743e+00,6.911186437040505446e-05
-4.334830731949057103e+00,7.039679227239185172e-05
-4.328797564611619464e+00,7.170540680341112589e-05
-4.322764397274181825e+00,7.303814008064647852e-05
-4.316731229936744185e+00,7.439543200256172931e-05
-4.310698062599305658e+00,7.577773038671713397e-05
-4.304664895261868018e+00,7.718548040387755412e-05
-4.298631727924430379e+00,7.861921015767233886e-05
-4.292598560586992740e+00,8.007929406738240042e-05
-4.286565393249555100e+00,8.156625770470895664e-05
-4.280532225912116573e+00,8.308059062973069484e-05
-4.274499058574678934e+00,8.462278367033544289e-05
-4.268465891237241294e+00,8.619335862689683520e-05
-4.262432723899803655e+00,8.779303834070858298e-05
-4.256399556562366016e+00,8.942192447914426210e-05
-4.250366389224927488e+00,9.108076273184212445e-05
-4.244333221887490737e+00,9.277009782209730000e-05
-4.238300054550052209e+00,9.449048424372199638e-05
-4.232266887212614570e+00,9.624248643319677330e-05
-4.226233719875176931e+00,9.802668066985861144e-05
-4.220200552537739291e+00,9.984366427691952165e-05
-4.214167385200301652e+00,1.016940036285460779e-04
-4.208134217862863125e+00,1.035783195422551134e-04
-4.202101050525425485e+00,1.054973234136627090e-04
-4.196067883187987846e+00,1.074514561070065590e-04
-4.190034715850550207e+00,1.100938098274226547e-04
-4.184001548513112567e+00,1.121256356416619335e-04
-4.177968381175674040e+00,1.141945020683378029e-04
-4.171935213838236400e+00,1.163010769687892353e-04
-4.165902046500798761e+00,1.184460401494805392e-04
-4.159868879163361122e+00,1.206300835739916149e-04
-4.153835711825923482e+00,1.228539115787289488e-04
-4.147802544488484955e+00,1.251182410924188328e-04
-4.141769377151047316e+00,1.274238018594458296e-04
-4.135736209813609676e+00,1.290763820687087517e-04
-4.129703042476172037e+00,1.314627479456653594e-04
-4.123669875138734398e+00,1.338926763939439317e-04
-4.117636707801296758e+00,1.363673431934004602e-04
-4.111603540463859119e+00,1.388871672764269768e-04
-4.105570373126420591e+00,1.414530866068083566e-04
-4.099537205788982952e+00,1.440659529182861597e-04
-4.093504038451545313e+00,1.467266051406319308e-04
-4.087470871114107673e+00,1.494359064846630840e-04
-4.081437703776670034e+00,1.521947443406281692e-04
-4.075404536439231507e+00,1.550039952566462141e-04
-4.069371369101793867e+00,1.578645781013152366e-04
-4.063338201764356228e+00,1.607774191096627962e-04
-4.057305034426918589e+00,1.637434609642679983e-04
-4.051271867089480949e+00,1.667636630812558394e-04
-4.045238699752042422e+00,1.698390019011252242e-04
-4.039205532414604782e+00,1.729704711844844340e-04
-4.033172365077167143e+00,1.761590823127814334e-04
-4.027139197739729504e+00,1.794058645941010600e-04
-4.021106030402291864e+00,1.827116857132827111e-04
-4.015072863064853337e+00,1.860779696182002251e-04
-4.009039695727416586e+00,1.895056232851718156e-04
-4.003006528389978058e+00,1.929957508913304287e-04
-3.996973361052540419e+00,1.965494761484699545e-04
-3.990940193715102779e+00,2.001679426410398605e-04
-3.984907026377664696e+00,2.038523141698016098e-04
-3.978873859040227057e+00,2.076037751012498641e-04
-3.972840691702789417e+00,2.114241243798129681e-04
-3.966807524365351334e+00,2.153134209112257311e-04
-3.960774357027913695e+00,2.192734829626869050e-04
-3.954741189690476055e+00,2.233055136967166787e-04
-3.948708022353037972e+00,2.274103425288424407e-04
-3.942674855015600333e+00,2.315910739780473334e-04
-3.936641687678162693e+00,2.358471501327344714e-04
-3.930608520340724610e+00,2.401805761148045925e-04
-3.924575353003286970e+00,2.445927382064112202e-04
-3.918542185665849331e+00,2.490850471005633224e-04
-3.912509018328411248e+00,2.536589383224883694e-04
-3.906475850990973608e+00,2.583158321539284026e-04
-3.900442683653535969e+00,2.630572928830803904e-04
-3.894409516316097886e+00,2.678845459025847725e-04
-3.888376348978660246e+00,2.727996143918680577e-04
-3.882343181641222163e+00,2.778038287865006607e-04
-3.876310014303784524e+00,2.828987826376147779e-04
-3.870276846966346884e+00,2.880860974550519013e-04
-3.864243679628908801e+00,2.933674483601390534e-04
-3.858210512291471161e+00,2.987443080909304646e-04
-3.852177344954033522e+00,3.042187300650919107e-04
-3.846144177616595439e+00,3.097922930315837303e-04
-3.840111010279157799e+00,3.154667674081663422e-04
-3.834077842941720160e+00,3.212439513625876407e-04
-3.828044675604282077e+00,3.271256842480155030e-04
-3.822011508266844437e+00,3.331134920366527483e-04
-3.815978340929406798e+00,3.392098655087033739e-04
-3.809945173591968715e+00,3.454164621340292062e-04
-3.803912006254531075e+00,3.517352445911160167e-04
-3.797878838917092992e+00,3.581682098923632184e-04
-3.791845671579655352e+00,3.647173899938980948e-04
-3.785812504242217713e+00,3.713848283329367951e-04
-3.779779336904779630e+00,3.781729999460260163e-04
-3.773746169567341990e+00,3.850826745777426478e-04
-3.767713002229904351e+00,3.921174796810303429e-04
-3.761679834892466268e+00,3.992795039684301898e-04
-3.755646667555028628e+00,4.065706125171534039e-04
-3.749613500217590989e+00,4.139906542921912669e-04
-3.743580332880152906e+00,4.215472601470341037e-04
-3.737547165542715266e+00,4.292399423173870856e-04
-3.731513998205277627e+00,4.370711453312863155e-04
-3.725480830867839543e+00,4.450433419218286337e-04
-3.719447663530401904e+00,4.531590405353607288e-04
-3.713414496192964265e+00,4.614207654785367147e-04
-3.707381328855526181e+00,4.698311674368121720e-04
-3.701348161518088542e+00,4.783940520298912875e-04
-3.695314994180650459e+00,4.871096981829071059e-04
-3.689281826843212819e+00,4.959819510742633376e-04
-3.683248659505775180e+00,5.050136539357276281e-04
-3.677215492168337097e+00,5.142076236194457204e-04
-3.671182324830899457e+00,5.235655805348849541e-04
-3.665149157493461818e+00,5.330927613466309063e-04
-3.659115990156023734e+00,5.427909396478175887e-04
-3.653082822818586095e+00,5.526631443700548690e-04
-3.647049655481148456e+00,5.627124441564195856e-04
-3.641016488143710372e+00,5.729419604562723369e-04
-3.634983320806272733e+00,5.833548684149721065e-04
-3.628950153468835094e+00,5.939543977758124501e-04
-3.622916986131397010e+00,6.047438337948085130e-04
-3.616883818793959371e+00,6.157265206953233721e-04
-3.610850651456521287e+00,6.269058528928532145e-04
-3.604817484119083648e+00,6.382856094404682976e-04
-3.598784316781646009e+00,6.498686641176471121e-04
-3.592751149444207925e+00,6.616589179424990034e-04
-3.586717982106770286e+00,6.736600091940492469e-04
-3.580684814769332647e+00,6.858756384699952590e-04
-3.574651647431894563e+00,6.983095697181457458e-04
-3.568618480094456924e+00,7.109656312840405929e-04
-3.562585312757019285e+00,7.238477169749846013e-04
-3.556552145419581201e+00,7.369597871407225324e-04
-3.550518978082143562e+00,7.503058697710187101e-04
-3.544485810744705923e+00,7.638886510905213431e-04
-3.538452643407267839e+00,7.777150884329021721e-04
-3.532419476069830200e+00,7.917880391153253204e-04
-3.526386308732392116e+00,8.061118129854828425e-04
-3.520353141394954477e+00,8.206907932807501211e-04
-3.514319974057516838e+00,8.355294378322845363e-04
-3.508286806720078754e+00,8.506374508282846508e-04
-3.502253639382641115e+00,8.660093001046386720e-04
-3.496220472045203476e+00,8.816546533234910629e-04
-3.490187304707765392e+00,8.975782793143475885e-04
-3.484154137370327753e+00,9.137850278093449623e-04
-3.478120970032890114e+00,9.302798294702552869e-04
-3.472087802695452030e+00,9.470677024874541708e-04
-3.466054635358014391e+00,9.641537459189466553e-04
-3.460021468020576751e+00,9.815431465148929686e-04
-3.453988300683138668e+00,9.992411787350329554e-04
-3.447955133345701029e+00,1.017253206173245658e-03
-3.441921966008263389e+00,1.035584759114876628e-03
-3.435888798670825306e+00,1.054241205103789237e-03
-3.429855631333387667e+00,1.073228311558342349e-03
-3.423822463995949583e+00,1.092551686469205247e-03
-3.417789296658511944e+00,1.112217364835980851e-03
-3.411756129321074305e+00,1.132221926411518557e-03
-3.405722961983636221e+00,1.152590392956009523e-03
-3.399689794646198582e+00,1.173318325677730894e-03
-3.393656627308760942e+00,1.194412772769386406e-03
-3.387623459971322859e+00,1.215880072185254431e-03
-3.381590292633885220e+00,1.237725788600011314e-03
-3.375557125296447580e+00,1.259958222100013119e-03
-3.369523957959009497e+00,1.282583166087217230e-03
-3.363490790621571858e+00,1.305607394051299915e-03
-3.357457623284134218e+00,1.329038218811269285e-03
-3.351424455946696135e+00,1.352881389121780159e-03
-3.345391288609258496e+00,1.377146181167331019e-03
-3.339358121271820412e+00,1.401836641358103833e-03
-3.333324953934382773e+00,1.426962919261963794e-03
-3.327291786596945133e+00,1.452531565306064941e-03
-3.321258619259507050e+00,1.478550184904192568e-03
-3.315225451922069411e+00,1.505026509997574357e-03
-3.309192284584631771e+00,1.531968401060619699e-03
-3.303159117247193688e+00,1.559383849136073428e-03
-3.297125949909756049e+00,1.587280977899935665e-03
-3.291092782572318409e+00,1.615668045756574536e-03
-3.285059615234880326e+00,1.644553447964367627e-03
-3.279026447897442686e+00,1.673945718792254050e-03
-3.272993280560005047e+00,1.703853533707623200e-03
-3.266960113222566964e+00,1.734285719172154244e-03
-3.260926945885129324e+00,1.765251225212192878e-03
-3.254893778547691241e+00,1.796759171338513242e-03
-3.248860611210253602e+00,1.828818820334568570e-03
-3.242827443872815962e+00,1.861439587605217411e-03
-3.236794276535377879e+00,1.894631043560703141e-03
-3.230761109197940240e+00,1.928402916034726222e-03
-3.224727941860502600e+00,1.962765092927851607e-03
-3.218694774523064517e+00,1.997727623953192855e-03
-3.212661607185626877e+00,2.033300724241827572e-03
-3.206628439848189238e+00,2.069494776198453449e-03
-3.200595272510751155e+00,2.106320332267363864e-03
-3.194562105173313515e+00,2.143788117563735426e-03
-3.188528937835875876e+00,2.181909032541941903e-03
-3.182495770498437793e+00,2.220694155701247088e-03
-3.176462603161000153e+00,2.260154746329383173e-03
-3.170429435823562514e+00,2.300301923208639132e-03
-3.164396268486124431e+00,2.341147957700905145e-03
-3.158363101148686791e+00,2.382704350040674209e-03
-3.152329933811248708e+00,2.424983110858849357e-03
-3.146296766473811068e+00,2.467996445187724437e-03
-3.140263599136373429e+00,2.511756758211038196e-03
-3.134230431798935346e+00,2.556276654296274400e-03
-3.128197264461497706e+00,2.601568941869537074e-03
-3.122164097124060067e+00,2.647646637814635336e-03
-3.116130929786621984e+00,2.694522968616156876e-03
-3.110097762449184344e+00,2.742211374549436212e-03
-3.104064595111746705e+00,2.790725512711762779e-03
-3.098031427774308622e+00,2.840079260298803907e-03
-3.091998260436870982e+00,2.890286717924147371e-03
-3.085965093099433343e+00,2.941362212983867404e-03
-3.079931925761995259e+00,2.993320221329661031e-03
-3.073898758424557620e+00,3.046175692684518176e-03
-3.067865591087119537e+00,3.099943578581419723e-03
-3.061832423749681897e+00,3.154639148090417414e-03
-3.055799256412244258e+00,3.210277914569278478e-03
-3.049766089074806175e+00,3.266875639304625545e-03
-3.043732921737368535e+00,3.324449196625240549e-03
-3.037699754399930896e+00,3.383013139153617701e-03
-3.031666587062492813e+00,3.442584848101354605e-03
-3.025633419725055173e+00,3.503180403657469265e-03
-3.019600252387617534e+00,3.564818241087863628e-03
-3.013567085050179450e+00,3.627515018684493182e-03
-3.007533917712741811e+00,3.691288339131611283e-03
-3.001500750375304172e+00,3.756156083919682045e-03
-2.995467583037866088e+00,3.822136417433175115e-03
-2.989434415700428449e+00,3.889247791087784879e-03
-2.983401248362990366e+00,3.957508974563771036e-03
-2.977368081025552726e+00,4.026938954902923098e-03
-2.971334913688115087e+00,4.097557094305677786e-03
-2.965301746350677004e+00,4.169383034779052498e-03
-2.959268579013239364e+00,4.242436726847928670e-03
-2.953235411675801725e+00,4.316738434013278961e-03
-2.947202244338363641e+00,4.392308731201804116e-03
-2.941169077000926002e+00,4.469168108725102631e-03
-2.935135909663488363e+00,4.547338435272198220e-03
-2.929102742326050279e+00,4.626841214483608418e-03
-2.923069574988612640e+00,4.707698179534896242e-03
-2.917036407651175001e+00,4.789931568457074691e-03
-2.911003240313736917e+00,4.873563965019734288e-03
-2.904970072976299278e+00,4.958621235684397208e-03
-2.898936905638861639e+00,5.045120872141884046e-03
-2.892903738301423555e+00,5.133089383146572163e-03
-2.886870570963985916e+00,5.222550795627819986e-03
-2.880837403626547832e+00,5.313529498325304627e-03
-2.874804236289110193e+00,5.406053272189839318e-03
-2.868771068951672554e+00,5.500141304901787036e-03
-2.862737901614234470e+00,5.595818545431350058e-03
-2.856704734276796831e+00,5.693117875570412323e-03
-2.850671566939359192e+00,5.792065576585995849e-03
-2.844638399601921108e+00,5.892681657583287609e-03
-2.838605232264483469e+00,5.994992998638829819e-03
-2.832572064927045830e+00,6.099034197319091327e-03
-2.826538897589607746e+00,6.204831743452893060e-03
-2.820505730252170107e+00,6.312410111525510251e-03
-2.814472562914732467e+00,6.421800039955723703e-03
-2.808439395577294384e+00,6.533030789658976663e-03
-2.802406228239856745e+00,6.646132064794149120e-03
-2.796373060902418661e+00,6.761134018764323669e-03
-2.790339893564981022e+00,6.878064857536511992e-03
-2.784306726227543383e+00,6.996960350940938621e-03
-2.778273558890105299e+00,7.117849734885041586e-03
-2.772240391552667660e+00,7.240765020705773602e-03
-2.766207224215230021e+00,7.365738699901021834e-03
-2.760174056877791937e+00,7.492803735026531964e-03
-2.754140889540354298e+00,7.621993628303698649e-03
-2.748107722202916658e+00,7.753342334461364727e-03
-2.742074554865478575e+00,7.886883736066529690e-03
-2.736041387528040936e+00,8.022653969902563895e-03
-2.730008220190603296e+00,8.160688509615139294e-03
-2.723975052853165213e+00,8.301022353024094247e-03
-2.717941885515727574e+00,8.443692583932370377e-03
-2.711908718178289490e+00,8.588736309287393900e-03
-2.705875550840851851e+00,8.736191182634495123e-03
-2.699842383503414212e+00,8.886100941306844178e-03
-2.693809216165976128e+00,9.038493583990916264e-03
-2.687776048828538489e+00,9.193413706300808744e-03
-2.681742881491100849e+00,9.350901220856452922e-03
-2.675709714153662766e+00,9.510996622555212970e-03
-2.669676546816225127e+00,9.673733213932641031e-03
-2.663643379478787487e+00,9.839167902418153450e-03
-2.657610212141349404e+00,1.000733549849779427e-02
-2.651577044803911765e+00,1.017827889362754763e-02
-2.645543877466474125e+00,1.035204159665657937e-02
-2.639510710129036042e+00,1.052866774066161908e-02
-2.633477542791598403e+00,1.070820208952374432e-02
-2.627444375454160763e+00,1.089069004409278472e-02
-2.621411208116722680e+00,1.107617764769125955e-02
-2.615378040779285040e+00,1.126471159054961459e-02
-2.609344873441846957e+00,1.145634394283595765e-02
-2.603311706104409318e+00,1.165110846665963484e-02
-2.597278538766971678e+00,1.184906805747236967e-02
-2.591245371429533595e+00,1.205026720792708866e-02
-2.585212204092095956e+00,1.225478003863771960e-02
-2.579179036754658316e+00,1.246260761993608739e-02
-2.573145869417220233e+00,1.267382541461060073e-02
-2.567112702079782594e+00,1.288848367190236280e-02
-2.561079534742344954e+00,1.310663058402909004e-02
-2.555046367404906871e+00,1.332842035827682022e-02
-2.549013200067469231e+00,1.355374984261797922e-02
-2.542980032730031592e+00,1.378274527867938935e-02
-2.536946865392593509e+00,1.401545447705956904e-02
-2.530913698055155869e+00,1.425193834065459873e-02
-2.524880530717717786e+00,1.449239452747540582e-02
-2.518847363380280147e+00,1.473655198508608440e-02
-2.512814196042842507e+00,1.498468550550898816e-02
-2.506781028705404424e+00,1.523683862993493315e-02
-2.500747861367966784e+00,1.549306711824315584e-02
-2.494714694030529145e+00,1.575343055470693546e-02
-2.488681526693091062e+00,1.601799042603658726e-02
-2.482648359355653422e+00,1.628680945746337552e-02
-2.476615192018215783e+00,1.655995153862120303e-02
-2.470582024680777700e+00,1.683748153628959396e-02
-2.464548857343340060e+00,1.711946525144509082e-02
-2.458515690005902421e+00,1.740596940242550295e-02
-2.452482522668464338e+00,1.769706162115508227e-02
-2.446449355331026698e+00,1.799281045438339693e-02
-2.440416187993588615e+00,1.829328536779317380e-02
-2.434383020656150975e+00,1.859855802083943549e-02
-2.428349853318713336e+00,1.890869734366172616e-02
-2.422316685981275253e+00,1.922377671908712463e-02
-2.416283518643837613e+00,1.954386935555148253e-02
-2.410250351306399974e+00,1.986903539353729667e-02
-2.404217183968961891e+00,2.019937838190243029e-02
-2.398184016631524251e+00,2.053495997044508040e-02
-2.392150849294086612e+00,2.087585724650911287e-02
-2.386117681956648529e+00,2.122214828654800378e-02
-2.380084514619210889e+00,2.157391216489423780e-02
-2.374051347281773250e+00,2.193123919217282100e-02
-2.368018179944335166e+00,2.229418510547124047e-02
-2.361985012606897527e+00,2.266285124803904538e-02
-2.355951845269459888e+00,2.303731749793262035e-02
-2.349918677932021804e+00,2.341766813903587569e-02
-2.343885510594584165e+00,2.380400420953613511e-02
-2.337852343257146082e+00,2.419637817978636737e-02
-2.331819175919708442e+00,2.459489458355947067e-02
-2.325786008582270803e+00,2.499964445473509822e-02
-2.319752841244832720e+00,2.541068924011168420e-02
-2.313719673907395080e+00,2.582816753556509484e-02
-2.307686506569957441e+00,2.625214861923224480e-02
-2.301653339232519357e+00,2.668272594915033213e-02
-2.295620171895081718e+00,2.711999230270821862e-02
-2.289587004557644079e+00,2.756404335142482315e-02
-2.283553837220205995e+00,2.801497532289145415e-02
-2.277520669882768356e+00,2.847288558746010473e-02
-2.271487502545330717e+00,2.893787266599312860e-02
-2.265454335207892633e+00,2.941003623748676341e-02
-2.259421167870454994e+00,2.988947714656233628e-02
-2.253388000533016911e+00,3.037629741081741830e-02
-2.247354833195579271e+00,3.087059855394741481e-02
-2.241321665858141632e+00,3.137248820864839416e-02
-2.235288498520703548e+00,3.188207037474109079e-02
-2.229255331183265909e+00,3.239945183185528876e-02
-2.223222163845828270e+00,3.292474211283374919e-02
-2.217188996508390186e+00,3.345804737957891462e-02
-2.211155829170952547e+00,3.399947954856365195e-02
-2.205122661833514908e+00,3.454915026607225520e-02
-2.199089494496076824e+00,3.510717240983520643e-02
-2.193056327158639185e+00,3.567366009450928521e-02
-2.187023159821201546e+00,3.624872867691958378e-02
-2.180989992483763462e+00,3.683249476104872439e-02
-2.174956825146325823e+00,3.742507876288483221e-02
-2.168923657808887739e+00,3.802659473062258710e-02
-2.162890490471450100e+00,3.863716554097549466e-02
-2.156857323134012461e+00,3.925691283101601786e-02
-2.150824155796574377e+00,3.988600009063882068e-02
-2.144790988459136738e+00,4.052447140548265381e-02
-2.138757821121699099e+00,4.117249176474011702e-02
-2.132724653784261015e+00,4.183018789688498773e-02
-2.126691486446823376e+00,4.249768780940633289e-02
-2.120658319109385737e+00,4.317512079066174874e-02
-2.114625151771947653e+00,4.386261741134484665e-02
-2.108591984434510014e+00,4.456030952555315588e-02
-2.102558817097072374e+00,4.526833027144214899e-02
-2.096525649759634291e+00,4.598678856286834982e-02
-2.090492482422196652e+00,4.671587088730063536e-02
-2.084459315084759012e+00,4.745568897913407524e-02
-2.078426147747320929e+00,4.820638111123642239e-02
-2.072392980409883290e+00,4.896808683705485693e-02
-2.066359813072445206e+00,4.974094698845530488e-02
-2.060326645735007567e+00,5.052510367303428285e-02
-2.054293478397569928e+00,5.132070027088738579e-02
-2.048260311060131844e+00,5.212788143081392711e-02
-2.042227143722694205e+00,5.294679306594238244e-02
-2.036193976385256565e+00,5.377758189972225988e-02
-2.030160809047818482e+00,5.462039732906995293e-02
-2.024127641710380843e+00,5.547538850626465567e-02
-2.018094474372943203e+00,5.634270634573416980e-02
-2.012061307035505564e+00,5.722250299498016918e-02
-2.006028139698067037e+00,5.811493182631057020e-02
-1.999994972360629397e+00,5.902014742785047230e-02
-1.993961805023191758e+00,5.993830559381171236e-02
-1.987928637685754119e+00,6.086956331399736436e-02
-1.981895470348316479e+00,6.181407876251938938e-02
-1.975862303010878840e+00,6.277201128570666921e-02
-1.969829135673440312e+00,6.374352198637105171e-02
-1.963795968336002673e+00,6.472877144492177048e-02
-1.957762800998565034e+00,6.572792292100486378e-02
-1.951729633661127394e+00,6.674114031206959674e-02
-1.945696466323689755e+00,6.776858862638808489e-02
-1.939663298986251228e+00,6.881043389711040403e-02
-1.933630131648813588e+00,6.986684329657090464e-02
-1.927596964311375949e+00,7.093798500859424538e-02
-1.921563796973938310e+00,7.202402823995711356e-02
-1.915530629636500670e+00,7.312511199520503602e-02
-1.909497462299063031e+00,7.424146890820063072e-02
-1.903464294961624503e+00,7.537380193964367259e-02
-1.897431127624186864e+00,7.652060358622418679e-02
-1.891397960286749225e+00,7.768372582332105925e-02
-1.885364792949311585e+00,7.886278499962350030e-02
-1.879331625611873946e+00,8.005802953112502174e-02
-1.873298458274436307e+00,8.126949129747337852e-02
-1.867265290936997779e+00,8.249734630528798851e-02
-1.861232123599560140e+00,8.374198087048240202e-02
-1.855198956262122501e+00,8.500337679301339655e-02
-1.849165788924684861e+00,8.628158217981662936e-02
-1.843132621587247222e+00,8.757714978721974075e-02
-1.837099454249808694e+00,8.889007922289472730e-02
-1.831066286912371055e+00,9.022055143168739022e-02
-1.825033119574933416e+00,9.156874778884155353e-02
-1.818999952237495776e+00,9.293485001959533864e-02
-1.812966784900058137e+00,9.431904009875562156e-02
-1.806933617562620498e+00,9.572150011881937204e-02
-1.800900450225181970e+00,9.714241210637519774e-02
-1.794867282887744331e+00,9.858195774915687326e-02
-1.788834115550306691e+00,1.000403179599961695e-01
-1.782800948212869052e+00,1.015176721234017226e-01
-1.776767780875431413e+00,1.030148882408812583e-01
-1.770734613537993773e+00,1.045308078784067812e-01
-1.764701446200555246e+00,1.060663768200596074e-01
-1.758668278863117607e+00,1.076216943556954075e-01
-1.752635111525679967e+00,1.091969448843266716e-01
-1.746601944188242328e+00,1.107923126480725717e-01
-1.740568776850804689e+00,1.124079816662195835e-01
-1.734535609513366161e+00,1.140441356672449308e-01
-1.728502442175928522e+00,1.157009580187650238e-01
-1.722469274838490882e+00,1.173786316553806636e-01
-1.716436107501053243e+00,1.190773390043773500e-01
-1.710402940163615604e+00,1.207972619092508582e-01
-1.704369772826177964e+00,1.225385812662127955e-01
-1.698336605488739437e+00,1.243014781929703272e-01
-1.692303438151301798e+00,1.260861319096543698e-01
-1.686270270813864158e+00,1.278927211152545707e-01
-1.680237103476426519e+00,1.297214235087941203e-01
-1.674203936138988880e+00,1.315724159358586665e-01
-1.668170768801550352e+00,1.334458734072664909e-01
-1.662137601464112713e+00,1.353419702511448330e-01
-1.656104434126675073e+00,1.372608792403364197e-01
-1.650071266789237434e+00,1.392027716722622488e-01
-1.644038099451799795e+00,1.411678172663846653e-01
-1.638004932114362155e+00,1.431561840591218104e-01
-1.631971764776923628e+00,1.451680382961894888e-01
-1.625938597439485989e+00,1.472002277754619337e-01
-1.619905430102048349e+00,1.492628530568518574e-01
-1.613872262764610710e+00,1.513461471785568502e-01
-1.607839095427173071e+00,1.534535735696148651e-01
-1.601805928089735431e+00,1.555852515639067901e-01
-1.595772760752296904e+00,1.577414554639296473e-01
-1.589739593414859264e+00,1.599222062890377771e-01
-1.583706426077421625e+00,1.621276881860034547e-01
-1.577673258739983986e+00,1.643580623505169480e-01
-1.571640091402546346e+00,1.665910718470751950e-01
-1.565606924065107819e+00,1.688701884448211565e-01
-1.559573756727670180e+00,1.711753788896987483e-01
-1.553540589390232540e+00,1.735071784269534567e-01
-1.547507422052794901e+00,1.758644093752097515e-01
-1.541474254715357262e+00,1.782705645286181972e-01
-1.535441087377919622e+00,1.806789073838903359e-01
-1.529407920040481095e+00,1.831131594742611002e-01
-1.523374752703043455e+00,1.855734594118336467e-01
-1.517341585365605816e+00,1.880599603745428949e-01
-1.511308418028168177e+00,1.905726375178631582e-01
-1.505275250690730537e+00,1.931116788020186548e-01
-1.499242083353292898e+00,1.956771607286296177e-01
-1.493208916015854371e+00,1.982691725451416198e-01
-1.487175748678416731e+00,2.008877951878350054e-01
-1.481142581340979092e+00,2.035331140936115224e-01
-1.475109414003541453e+00,2.062051989357092940e-01
-1.469076246666103813e+00,2.089041172517689948e-01
-1.463043079328665286e+00,2.116299301648193465e-01
-1.457009911991227646e+00,2.143826945452558530e-01
-1.450976744653790007e+00,2.171624591897414192e-01
-1.444943577316352368e+00,2.199692671832683133e-01
-1.438910409978914728e+00,2.228031551043924141e-01
-1.432877242641477089e+00,2.256641528275460107e-01
-1.426844075304038562e+00,2.285522835233702310e-01
-1.420810907966600922e+00,2.314675634572113117e-01
-1.414777740629163283e+00,2.344095802708477116e-01
-1.408744573291725644e+00,2.373791170782545978e-01
-1.402711405954288004e+00,2.403757945434031040e-01
-1.396678238616850365e+00,2.433995963048716515e-01
-1.390645071279411837e+00,2.464504982072496242e-01
-1.384611903941974198e+00,2.495284660881916805e-01
-1.378578736604536559e+00,2.526334585960764989e-01
-1.372545569267098919e+00,2.557654249364829657e-01
-1.366512401929661280e+00,2.589243051712868393e-01
-1.360479234592222753e+00,2.621100300018962548e-01
-1.354446067254785113e+00,2.653225205514063156e-01
-1.348412899917347474e+00,2.685616881458106620e-01
-1.342379732579909835e+00,2.718274340944011325e-01
-1.336346565242472195e+00,2.751196494694950756e-01
-1.330313397905034556e+00,2.784382148856474615e-01
-1.324280230567596028e+00,2.817830002785002286e-01
-1.318247063230158389e+00,2.851538646834172464e-01
-1.312213895892720750e+00,2.885506560140914112e-01
-1.306180728555283110e+00,2.919732108412804727e-01
-1.300147561217845471e+00,2.954213541718564984e-01
-1.294114393880406944e+00,2.988948992283546602e-01
-1.288081226542969304e+00,3.023936469053359333e-01
-1.282048059205531665e+00,3.059173868580045141e-01
-1.276014891868094026e+00,3.094658953047776939e-01
-1.269981724530656386e+00,3.130389186153713088e-01
-1.263948557193218747e+00,3.166362420165356184e-01
-1.257915389855780219e+00,3.202575867072725568e-01
-1.251882222518342580e+00,3.239026773238493084e-01
-1.245849055180904941e+00,3.275712249955219924e-01
-1.239815887843467301e+00,3.312629271375789886e-01
-1.233782720506029662e+00,3.349774672469704173e-01
-1.227749553168592023e+00,3.387145147007257773e-01
-1.221716385831153495e+00,3.424737245573634681e-01
-1.215683218493715856e+00,3.462547373614546786e-01
-1.209650051156278217e+00,3.500571789514896892e-01
-1.203616883818840577e+00,3.538806602710988236e-01
-1.197583716481402938e+00,3.577247771835687651e-01
-1.191550549143964410e+00,3.615891102893855069e-01
-1.185517381806526771e+00,3.654732247461350836e-01
-1.179484214469089132e+00,3.693766787209312175e-01
-1.173451047131651492e+00,3.732989907905187588e-01
-1.167417879794213853e+00,3.772396861819550251e-01
-1.161384712456776214e+00,3.811982668424186427e-01
-1.155351545119337686e+00,3.851742185182641665e-01
-1.149318377781900047e+00,3.891670106175184607e-01
-1.143285210444462408e+00,3.931758501810212469e-01
-1.137252043107024768e+00,3.972004823084957503e-01
-1.131218875769587129e+00,4.012408361717322847e-01
-1.125185708432149490e+00,4.052967547648897439e-01
-1.119152541094710962e+00,4.093643330052692542e-01
-1.113119373757273323e+00,4.134455617047494980e-01
-1.107086206419835683e+00,4.175399815671337889e-01
-1.101053039082398044e+00,4.216463948905781467e-01
-1.095019871744960405e+00,4.257641191100177691e-01
-1.088986704407521877e+00,4.298924543847050250e-01
-1.082953537070084238e+00,4.340306835554212372e-01
-1.076920369732646598e+00,4.381780721122741085e-01
-1.070887202395208959e+00,4.423338681733924305e-01
-1.064854035057771320e+00,4.464973024748573605e-01
-1.058820867720333680e+00,4.506677512763415105e-01
-1.052787700382895153e+00,4.548440820848694832e-01
-1.046754533045457514e+00,4.590256399550545208e-01
-1.040721365708019874e+00,4.632115860741420899e-01
-1.034688198370582235e+00,4.674010644158055894e-01
-1.028655031033144596e+00,4.715932017925814068e-01
-1.022621863695706068e+00,4.757871079255730495e-01
-1.016588696358268429e+00,4.799818755302999174e-01
-1.010555529020830789e+00,4.841765804181220600e-01
-1.004522361683393150e+00,4.883702816129850688e-01
-9.984891943459555108e-01,4.925618606399272403e-01
-9.924560270085178715e-01,4.967506634155169354e-01
-9.864228596710793440e-01,5.009355400464837738e-01
-9.803896923336417046e-01,5.051154838971945171e-01
-9.743565249962040653e-01,5.092894723563852200e-01
-9.683233576587664260e-01,5.134564670475533221e-01
-9.622901903213287866e-01,5.176154140553331784e-01
-9.562570229838911473e-01,5.217652441680457054e-01
-9.502238556464526198e-01,5.259048731366173790e-01
-9.441906883090149805e-01,5.300332019500348935e-01
-9.381575209715773411e-01,5.341491171275116745e-01
-9.321243536341397018e-01,5.382514910274927011e-01
-9.260911862967020625e-01,5.423393512593167598e-01
-9.200580189592635350e-01,5.464112055910709254e-01
-9.140248516218258956e-01,5.504660541103079119e-01
-9.079916842843882563e-01,5.545024259847787240e-01
-9.019585169469506170e-01,5.585199979321695540e-01
-8.959253496095129776e-01,5.625163904937656723e-01
-8.898921822720753383e-01,5.664912782614069942e-01
-8.838590149346368108e-01,5.704431363990678516e-01
-8.778258475971991714e-01,5.743707265553390506e-01
-8.717926802597615321e-01,5.782728161000592060e-01
-8.657595129223238928e-01,5.821481151267312582e-01
-8.597263455848862534e-01,5.859953723917522561e-01
-8.536931782474486141e-01,5.898133121174111704e-01
-8.476600109100100866e-01,5.936006505039308490e-01
-8.416268435725724473e-01,5.973560962973617494e-01
-8.355936762351348079e-01,6.010783513742791184e-01
-8.295605088976971686e-01,6.047661113430843338e-01
-8.235273415602595293e-01,6.084180661617247798e-01
-8.174941742228210018e-01,6.120329007715950009e-01
-8.114610068853833624e-01,6.156092957473724425e-01
-8.054278395479457231e-01,6.191459279625202150e-01
-7.993946722105080838e-01,6.226414712701451304e-01
-7.933615048730704444e-01,6.260945971989037018e-01
-7.873283375356328051e-01,6.295039756635990580e-01
-7.812951701981942776e-01,6.328683021321593882e-01
-7.752620028607566383e-01,6.361861929899796930e-01
-7.692288355233189989e-01,6.394563437639646519e-01
-7.631956681858813596e-01,6.426774252996970693e-01
-7.571625008484437203e-01,6.458481105884511519e-01
-7.511293335110051927e-01,6.489670755572949368e-01
-7.450961661735675534e-01,6.520329998707726782e-01
-7.390629988361299141e-01,6.550445677436295133e-01
-7.330298314986922747e-01,6.580004687639955385e-01
-7.269966641612546354e-01,6.608993987264565328e-01
-7.209634968238169961e-01,6.637400604743847188e-01
-7.149303294863784686e-01,6.665212054265897690e-01
-7.088971621489408292e-01,6.692414310578176373e-01
-7.028639948115031899e-01,6.718995885218268516e-01
-6.968308274740655506e-01,6.744943767673353685e-01
-6.907976601366279112e-01,6.770245467951108154e-01
-6.847644927991902719e-01,6.795380565663027284e-01
-6.787313254617517444e-01,6.818860983893667571e-01
-6.726981581243141051e-01,6.842150368868467059e-01
-6.666649907868764657e-01,6.864745673975057860e-01
-6.606318234494388264e-01,6.886633733619795805e-01
-6.545986561120011871e-01,6.907809856885989142e-01
-6.485654887745626596e-01,6.928243229891305477e-01
-6.425323214371250202e-01,6.947942426858717546e-01
-6.364991540996873809e-01,6.966889619876588391e-01
-6.304659867622497416e-01,6.985072832779402052e-01
-6.244328194248121022e-01,7.002483612446129824e-01
-6.183996520873744629e-01,7.019110447255998420e-01
-6.123664847499359354e-01,7.034943138015222752e-01
-6.063333174124982961e-01,7.049971873171981818e-01
-6.003001500750606567e-01,7.064186636175292522e-01
-5.942669827376230174e-01,7.077577035112632142e-01
-5.882338154001853781e-01,7.090136065590856296e-01
-5.822006480627477387e-01,7.101853704785938692e-01
-5.761674807253092112e-01,7.112721312426397713e-01
-5.701343133878715719e-01,7.122729691896149129e-01
-5.641011460504339325e-01,7.131875014972222093e-01
-5.580679787129962932e-01,7.140143658152323658e-01
-5.520348113755586539e-01,7.147530195240163753e-01
-5.460016440381201264e-01,7.154028471494225938e-01
-5.399684767006824870e-01,7.159631222362661251e-01
-5.339353093632448477e-01,7.164331994991105512e-01
-5.279021420258072084e-01,7.168124678713391207e-01
-5.218689746883695690e-01,7.171003511933733421e-01
-5.158358073509319297e-01,7.172963088804508169e-01
-5.098026400134934022e-01,7.173998365690665846e-01
-5.037694726760557629e-01,7.174104667411683733e-01
-4.977363053386181235e-01,7.173277693252402276e-01
-4.917031380011804842e-01,7.171513522733999890e-01
-4.856699706637428449e-01,7.168808621136699699e-01
-4.796368033263043174e-01,7.165159844765941477e-01
-4.736036359888666780e-01,7.160564445954021862e-01
-4.675704686514290387e-01,7.155020077789270294e-01
-4.615373013139913994e-01,7.148524798565334404e-01
-4.555041339765537600e-01,7.141077075943134123e-01
-4.494709666391161207e-01,7.132675790818435724e-01
-4.434377993016775932e-01,7.123320695743214914e-01
-4.374046319642399538e-01,7.113010594649791241e-01
-4.313714646268023145e-01,7.101746087336933133e-01
-4.253382972893646752e-01,7.089527740195151750e-01
-4.193051299519270358e-01,7.076356547545855635e-01
-4.132719626144893965e-01,7.062233933611166137e-01
-4.072387952770508690e-01,7.047161754148493218e-01
-4.012056279396132297e-01,7.031142891068133949e-01
-3.951724606021755903e-01,7.014178871963936412e-01
-3.891392932647379510e-01,6.996273455093833249e-01
-3.831061259273003117e-01,6.977430231851161624e-01
-3.770729585898617842e-01,6.957653228165460169e-01
-3.710397912524241448e-01,6.936946904045004914e-01
-3.650066239149865055e-01,6.915316152760898616e-01
-3.589734565775488662e-01,6.892767822129409749e-01
-3.529402892401112268e-01,6.869304641379039289e-01
-3.469071219026735875e-01,6.844934299113590859e-01
-3.408739545652350600e-01,6.819663406267176819e-01
-3.348407872277974207e-01,6.793498997536810968e-01
-3.288076198903597813e-01,6.766448528395638817e-01
-3.227744525529221420e-01,6.738518160819876313e-01
-3.167412852154845027e-01,6.709719597803525115e-01
-3.107081178780468633e-01,6.680059830264436505e-01
-3.046749505406083358e-01,6.649547959720760737e-01
-2.986417832031706965e-01,6.618193488151514758e-01
-2.926086158657330571e-01,6.586006312873364799e-01
-2.865754485282954178e-01,6.552996721071332464e-01
-2.805422811908577785e-01,6.519176872384764287e-01
-2.745091138534192510e-01,6.484554851752425408e-01
-2.684759465159816116e-01,6.449143555331301458e-01
-2.624427791785439723e-01,6.412952456656820788e-01
-2.564096118411063330e-01,6.375998385761644238e-01
-2.503764445036686936e-01,6.338291458723757099e-01
-2.443432771662310543e-01,6.299844426710288214e-01
-2.383101098287925268e-01,6.260670626283082463e-01
-2.322769424913548875e-01,6.220782267401655519e-01
-2.262437751539172481e-01,6.180198664930727226e-01
-2.202106078164796088e-01,6.138926902977509537e-01
-2.141774404790419695e-01,6.096983716620706373e-01
-2.081442731416034420e-01,6.054384237551355685e-01
-2.021111058041658026e-01,6.011141821501482241e-01
-1.960779384667281633e-01,5.967274987906199257e-01
-1.900447711292905240e-01,5.922798959045486589e-01
-1.840116037918528846e-01,5.877726859535911119e-01
-1.779784364544152453e-01,5.832074667928680567e-01
-1.719452691169767178e-01,5.785861305832969981e-01
-1.659121017795390784e-01,5.739101889800849454e-01
-1.598789344421014391e-01,5.691813079914765927e-01
-1.538457671046637998e-01,5.644011731034541679e-01
-1.478125997672261605e-01,5.595714881328475165e-01
-1.417794324297885211e-01,5.546936357473434276e-01
-1.357462650923499936e-01,5.497700251390155168e-01
-1.297130977549123543e-01,5.448027086462080559e-01
-1.236799304174747149e-01,5.397921885128339481e-01
-1.176467630800370756e-01,5.347408712204380077e-01
-1.116135957425994363e-01,5.296505457831302000e-01
-1.055804284051609088e-01,5.245230111928048666e-01
-9.954726106772326943e-02,5.193600751945781635e-01
-9.351409373028563010e-02,5.141635530582657765e-01
-8.748092639284799077e-02,5.089352663472105354e-01
-8.144775905541035144e-02,5.036770416857526689e-01
-7.541459171797271210e-02,4.983907095266461029e-01
-6.938142438053418459e-02,4.930781029197222054e-01
-6.334825704309654526e-02,4.877410562830945540e-01
-5.731508970565890593e-02,4.823814041781850914e-01
-5.128192236822126659e-02,4.770009800898642460e-01
-4.524875503078362726e-02,4.716016152129671180e-01
-3.921558769334598793e-02,4.661851372464432264e-01
-3.318242035590746042e-02,4.607533691963866529e-01
-2.714925301846982109e-02,4.553081281891787069e-01
-2.111608568103218175e-02,4.498512242959420981e-01
-1.508291834359454242e-02,4.443844211689169654e-01
-9.049751006156903088e-03,4.389095875430382709e-01
-3.016583668718375577e-03,4.334287029853271522e-01
3.016583668719263756e-03,4.279430708176084064e-01
9.049751006156903088e-03,4.224546801651073991e-01
1.508291834359454242e-02,4.169652748647946772e-01
2.111608568103218175e-02,4.114765838841037970e-01
2.714925301846982109e-02,4.059903202769730157e-01
3.318242035590834860e-02,4.005081826001127832e-01
3.921558769334598793e-02,3.950318440443817414e-01
4.524875503078362726e-02,3.895627837890744405e-01
5.128192236822126659e-02,3.841030009144024149e-01
5.731508970565890593e-02,3.786539368836988606e-01
6.334825704309743344e-02,3.732171885934060240e-01
6.938142438053507277e-02,3.677945241552486588e-01
7.541459171797271210e-02,3.623871093085891948e-01
8.144775905541035144e-02,3.569966620459729123e-01
8.748092639284799077e-02,3.516246839646558486e-01
9.351409373028563010e-02,3.462722828697224475e-01
9.954726106772415761e-02,3.409416424402866297e-01
1.055804284051617969e-01,3.356338245538644793e-01
1.116135957425994363e-01,3.303502105452730264e-01
1.176467630800370756e-01,3.250924023192843237e-01
1.236799304174747149e-01,3.198612779272534956e-01
1.297130977549123543e-01,3.146583722575123643e-01
1.357462650923508818e-01,3.094849615814648236e-01
1.417794324297885211e-01,3.043422913503659455e-01
1.478125997672261605e-01,2.992315757125440512e-01
1.538457671046637998e-01,2.941539970634315937e-01
1.598789344421014391e-01,2.891107056285209809e-01
1.659121017795399666e-01,2.841028190793359887e-01
1.719452691169776060e-01,2.791314221824746089e-01
1.779784364544152453e-01,2.741975664817203340e-01
1.840116037918528846e-01,2.693022673060978533e-01
1.900447711292905240e-01,2.644465144545380952e-01
1.960779384667281633e-01,2.596312215983978544e-01
2.021111058041666908e-01,2.548573692248081168e-01
2.081442731416043301e-01,2.501258162925911188e-01
2.141774404790419695e-01,2.454373945911496879e-01
2.202106078164796088e-01,2.407929248720480087e-01
2.262437751539172481e-01,2.361932586884344376e-01
2.322769424913548875e-01,2.316389943718796807e-01
2.383101098287934150e-01,2.271309129392651838e-01
2.443432771662310543e-01,2.226695690980269038e-01
2.503764445036686936e-01,2.182558417111142290e-01
2.564096118411063330e-01,2.138902171441315614e-01
2.624427791785439723e-01,2.095732666238162567e-01
2.684759465159824998e-01,2.053055272334002312e-01
2.745091138534201392e-01,2.010875020920015466e-01
2.805422811908577785e-01,1.969196605612706097e-01
2.865754485282954178e-01,1.928024384786684309e-01
2.926086158657330571e-01,1.887362384167098894e-01
2.986417832031706965e-01,1.847214277075568400e-01
3.046749505406092240e-01,1.807583478015783174e-01
3.107081178780468633e-01,1.768473010129847922e-01
3.167412852154845027e-01,1.729885599418517494e-01
3.227744525529221420e-01,1.691823655843858742e-01
3.288076198903597813e-01,1.654289277328985786e-01
3.348407872277983088e-01,1.617284253965465823e-01
3.408739545652359482e-01,1.580810072420341383e-01
3.469071219026735875e-01,1.544867920534443995e-01
3.529402892401112268e-01,1.509458692103802235e-01
3.589734565775488662e-01,1.474582991835624302e-01
3.650066239149865055e-01,1.440241140470384096e-01
3.710397912524250330e-01,1.406432824004829607e-01
3.770729585898626723e-01,1.373158530125159760e-01
3.831061259273003117e-01,1.340417362221320019e-01
3.891392932647379510e-01,1.308208891823434972e-01
3.951724606021755903e-01,1.276531539888517974e-01
4.012056279396132297e-01,1.245384303402443105e-01
4.072387952770517572e-01,1.214765670904924266e-01
4.132719626144893965e-01,1.184673892888877256e-01
4.193051299519270358e-01,1.155106988028171411e-01
4.253382972893646752e-01,1.126062749485056969e-01
4.313714646268023145e-01,1.097538751288692077e-01
4.374046319642408420e-01,1.069532354776368543e-01
4.434377993016784814e-01,1.042040715089123520e-01
4.494709666391161207e-01,1.015060787713421564e-01
4.555041339765537600e-01,9.885893350608740415e-02
4.615373013139913994e-01,9.626229330778976467e-02
4.675704686514290387e-01,9.371579413365843658e-02
4.736036359888675662e-01,9.121906566154427964e-02
4.796368033263052055e-01,8.877170979852194721e-02
4.856699706637428449e-01,8.637331619544008632e-02
4.917031380011804842e-01,8.402345917931401675e-02
4.977363053386181235e-01,8.172169841622198283e-02
5.037694726760557629e-01,7.946757957199543365e-02
5.098026400134942904e-01,7.726063497002687297e-02
5.158358073509319297e-01,7.510037652797678376e-02
5.218689746883695690e-01,7.298632743123414923e-02
5.279021420258072084e-01,7.091797601204027912e-02
5.339353093632448477e-01,6.889480772186777624e-02
5.399684767006833752e-01,6.691630763437075857e-02
5.460016440381210145e-01,6.498192188918852641e-02
5.520348113755586539e-01,6.309111741961664910e-02
5.580679787129962932e-01,6.124334293728991158e-02
5.641011460504339325e-01,5.943803950028936356e-02
5.701343133878715719e-01,5.767464110938454874e-02
5.761674807253100994e-01,5.595257529531504764e-02
5.822006480627477387e-01,5.427127078446370573e-02
5.882338154001853781e-01,5.263012955867270998e-02
5.942669827376230174e-01,5.102857041338222654e-02
6.003001500750606567e-01,4.946600067862012146e-02
6.063333174124991842e-01,4.794182400246616710e-02
6.123664847499368236e-01,4.645544087653988297e-02
6.183996520873744629e-01,4.500624915006069815e-02
6.244328194248121022e-01,4.359364453222348140e-02
6.304659867622497416e-01,4.221702108264620973e-02
6.364991540996873809e-01,4.087577168967464897e-02
6.425323214371259084e-01,3.956928273070163538e-02
6.485654887745635477e-01,3.829695790087317420e-02
6.545986561120011871e-01,3.705818335899706967e-02
6.606318234494388264e-01,3.585235184213446391e-02
6.666649907868764657e-01,3.467885711934339671e-02
6.726981581243141051e-01,3.353709439375553159e-02
6.787313254617526326e-01,3.242646069157902045e-02
6.847644927991902719e-01,3.134636030494643288e-02
6.907976601366279112e-01,3.029618475234285152e-02
6.968308274740655506e-01,2.927534393567500851e-02
7.028639948115031899e-01,2.828324559161453713e-02
7.088971621489417174e-01,2.731930165971022118e-02
7.149303294863793568e-01,2.638292732301194751e-02
7.209634968238169961e-01,2.547354215672975250e-02
7.269966641612546354e-01,2.459057019801939165e-02
7.330298314986922747e-01,2.373344021709579074e-02
7.390629988361299141e-01,2.290158597552821584e-02
7.450961661735684416e-01,2.209444647182729274e-02
7.511293335110060809e-01,2.131146617444967112e-02
7.571625008484437203e-01,2.055209524235501739e-02
7.631956681858813596e-01,1.981578973326730830e-02
7.692288355233189989e-01,1.910201148860110262e-02
7.752620028607566383e-01,1.841022957099997318e-02
7.812951701981951658e-01,1.773991854365609272e-02
7.873283375356328051e-01,1.709055990185536292e-02
7.933615048730704444e-01,1.646164190248626535e-02
7.993946722105080838e-01,1.585265970225166118e-02
8.054278395479457231e-01,1.526311548491491796e-02
8.114610068853842506e-01,1.469251857780515605e-02
8.174941742228218899e-01,1.414038555781295219e-02
8.235273415602595293e-01,1.360624034711228197e-02
8.295605088976971686e-01,1.308961727073046886e-02
8.355936762351348079e-01,1.259004909685272275e-02
8.416268435725724473e-01,1.210708538426177872e-02
8.476600109100109748e-01,1.164028019648396563e-02
8.536931782474486141e-01,1.118919527550823502e-02
8.597263455848862534e-01,1.075340008112402740e-02
8.657595129223238928e-01,1.033247182177242894e-02
8.717926802597615321e-01,9.925995494050257259e-03
8.778258475972000596e-01,9.533563828891294251e-03
8.838590149346376990e-01,9.154777402861052904e-03
8.898921822720753383e-01,8.789244567129511632e-03
8.959253496095129776e-01,8.436581457839667508e-03
9.019585169469506170e-01,8.096411981670794539e-03
9.079916842843882563e-01,7.768368319350201986e-03
9.140248516218267838e-01,7.452088820549897935e-03
9.200580189592644231e-01,7.147221054365045061e-03
9.260911862967020625e-01,6.853419737237013108e-03
9.321243536341397018e-01,6.570347190207926485e-03
9.381575209715773411e-01,6.297673288833266492e-03
9.441906883090149805e-01,6.035075408066747048e-03
9.502238556464535080e-01,5.782238442589886923e-03
9.562570229838911473e-01,5.538854415668659388e-03
9.622901903213287866e-01,5.304622909712002066e-03
9.683233576587664260e-01,5.079250654357104523e-03
9.743565249962040653e-01,4.862451536414736687e-03
9.803896923336425928e-01,4.653946519795114020e-03
9.864228596710802321e-01,4.453463562105313203e-03
9.924560270085178715e-01,4.260737528143512115e-03
9.984891943459555108e-01,4.075510100511597379e-03
1.004522361683393150e+00,3.897529687561651548e-03
1.010555529020830789e+00,3.726551328887372887e-03
1.016588696358269317e+00,3.562336598566055376e-03
1.022621863695706956e+00,3.404654116761178431e-03
1.028655031033144596e+00,3.253276978134865896e-03
1.034688198370582235e+00,3.107986401142422313e-03
1.040721365708019874e+00,2.968569092073025748e-03
1.046754533045457514e+00,2.834816879724248728e-03
1.052787700382896041e+00,2.706530251146712761e-03
1.058820867720333680e+00,2.583512724761543363e-03
1.064854035057771320e+00,2.465574460872508450e-03
1.070887202395208959e+00,2.352531213462283593e-03
1.076920369732646598e+00,2.244204277689056289e-03
1.082953537070085126e+00,2.140420150918041168e-03
1.088986704407522765e+00,2.041010771694379625e-03
1.095019871744960405e+00,1.945813294674485563e-03
1.101053039082398044e+00,1.854669554658629552e-03
1.107086206419835683e+00,1.767426693265990298e-03
1.113119373757273323e+00,1.683936553755877334e-03
1.119152541094711850e+00,1.604055697384164586e-03
1.125185708432149490e+00,1.527645294999588777e-03
1.131218875769587129e+00,1.454570861946329063e-03
1.137252043107024768e+00,1.384702787560311262e-03
1.143285210444462408e+00,1.317915262459923818e-03
1.149318377781900935e+00,1.254086825214405449e-03
1.155351545119338574e+00,1.193100035269551926e-03
1.161384712456776214e+00,1.134841602001072404e-03
1.167417879794213853e+00,1.079201911308115677e-03
1.173451047131651492e+00,1.026075236275799697e-03
1.179484214469089132e+00,9.753594644858919931e-04
1.185517381806527659e+00,9.269560752393254510e-04
1.191550549143965299e+00,8.807700228980709298e-04
1.197583716481402938e+00,8.367096408378671890e-04
1.203616883818840577e+00,7.946865468189772113e-04
1.209650051156278217e+00,7.546155498146865474e-04
1.215683218493715856e+00,7.164145583335993677e-04
1.221716385831154383e+00,6.800044952658795263e-04
1.227749553168592023e+00,6.453091890589441161e-04
1.233782720506029662e+00,6.122553174064283149e-04
1.239815887843467301e+00,5.807723011132645465e-04
1.245849055180904941e+00,5.507922255465429575e-04
1.251882222518343468e+00,5.222497584784959596e-04
1.257915389855781108e+00,4.950820695788846334e-04
1.263948557193218747e+00,4.692287515666765428e-04
1.269981724530656386e+00,4.446317571452274475e-04
1.276014891868094026e+00,4.212352607733408022e-04
1.282048059205531665e+00,3.989856945083644765e-04
1.288081226542970192e+00,3.778315851671490790e-04
1.294114393880407832e+00,3.577235003062956362e-04
1.300147561217845471e+00,3.386140595881925014e-04
1.306180728555283110e+00,3.204576554574735197e-04
1.312213895892720750e+00,3.032107094986952471e-04
1.318247063230158389e+00,2.868313281524438900e-04
1.324280230567596917e+00,2.712793592037430058e-04
1.330313397905034556e+00,2.565163085326973105e-04
1.336346565242472195e+00,2.425052754985324987e-04
1.342379732579909835e+00,2.292110128537811072e-04
1.348412899917347474e+00,2.165996625414824694e-04
1.354446067254786001e+00,2.046388257576999990e-04
1.360479234592223641e+00,1.932974854122950653e-04
1.366512401929661280e+00,1.825459819053657125e-04
1.372545569267098919e+00,1.723559204659276664e-04
1.378578736604536559e+00,1.627001542681020879e-04
1.384611903941974198e+00,1.535527194286970319e-04
1.390645071279412726e+00,1.448887413465286525e-04
1.396678238616850365e+00,1.366846286122674989e-04
1.402711405954288004e+00,1.289176188079664423e-04
1.408744573291725644e+00,1.215661559523526023e-04
1.414777740629163283e+00,1.146095307390078638e-04
1.420810907966601810e+00,1.080280136363475881e-04
1.426844075304039450e+00,1.018029305475025775e-04
1.432877242641477089e+00,9.588577654193551202e-05
1.438910409978914728e+00,9.032175329918570254e-05
1.444943577316352368e+00,8.506247564562898259e-05
1.450976744653790007e+00,8.009236849226345476e-05
1.457009911991228535e+00,7.539658683370644657e-05
1.463043079328666174e+00,7.096098525351600503e-05
1.469076246666103813e+00,6.677208850144864568e-05
1.475109414003541453e+00,6.281706311554025165e-05
1.481142581340979092e+00,5.908369006200075594e-05
1.487175748678416731e+00,5.556033836609558285e-05
1.493208916015855259e+00,5.223593970737835528e-05
1.499242083353292898e+00,4.909996395286918508e-05
1.505275250690730537e+00,4.614239560202137622e-05
1.511308418028168177e+00,4.335371111761299271e-05
1.517341585365605816e+00,4.072485711699011312e-05
1.523374752703044344e+00,3.824722939842638329e-05
1.529407920040481983e+00,3.591265277770290201e-05
1.535441087377919622e+00,3.371336171038239729e-05
1.541474254715357262e+00,3.164198167562903477e-05
1.547507422052794901e+00,2.969151129782822800e-05
1.553540589390232540e+00,2.785530518266284594e-05
1.559573756727671068e+00,2.612705744480292827e-05
1.565606924065108707e+00,2.450078590423406127e-05
1.571640091402546346e+00,2.297081693061432393e-05
1.577673258739983986e+00,2.153226421329706056e-05
1.583706426077421625e+00,2.017900478167751341e-05
1.589739593414859264e+00,1.890673849373381804e-05
1.595772760752297792e+00,1.771088639368881333e-05
1.601805928089735431e+00,1.658711126746859586e-05
1.607839095427173071e+00,1.553130593072101729e-05
1.613872262764610710e+00,1.453958202242365867e-05
1.619905430102048349e+00,1.360825928575278805e-05
1.625938597439486877e+00,1.273385531835936313e-05
1.631971764776924516e+00,1.191307577466925844e-05
1.638004932114362155e+00,1.114280500328919643e-05
1.644038099451799795e+00,1.042009710307098280e-05
1.650071266789237434e+00,9.742167381843131328e-06
1.656104434126675073e+00,9.106384202280554084e-06
1.662137601464113601e+00,8.510261199834957680e-06
1.668170768801551240e+00,7.951449858097935672e-06
1.674203936138988880e+00,7.427732427409907244e-06
1.680237103476426519e+00,6.937015172967866656e-06
1.686270270813864158e+00,6.477321939112498550e-06
1.692303438151302686e+00,6.046794884366190911e-06
1.698336605488740325e+00,5.643502370130318737e-06
1.704369772826177964e+00,5.266120075073824370e-06
1.710402940163615604e+00,4.912913942756880660e-06
1.716436107501053243e+00,4.582409406142236293e-06
1.722469274838490882e+00,4.273216807032255540e-06
1.728502442175929410e+00,3.984026835532608740e-06
1.734535609513367049e+00,3.713606193781615560e-06
1.740568776850804689e+00,3.460793474168787631e-06
1.746601944188242328e+00,3.226189855975297733e-06
1.752635111525679967e+00,3.005310756917710963e-06
1.758668278863117607e+00,2.798951437109279245e-06
1.764701446200556134e+00,2.606200680504689397e-06
1.770734613537993773e+00,2.425569573200628826e-06
1.776767780875431413e+00,2.257516712191796256e-06
1.782800948212869052e+00,2.100652922403530485e-06
1.788834115550306691e+00,1.954266111015489338e-06
1.794867282887745219e+00,1.817687197919764082e-06
1.800900450225182858e+00,1.690287673967744889e-06
1.806933617562620498e+00,1.571477287604751024e-06
1.812966784900058137e+00,1.460701853786403277e-06
1.818999952237495776e+00,1.357441179321389181e-06
1.825033119574933416e+00,1.261207099028845827e-06
1.831066286912371943e+00,1.171541617333894892e-06
1.837099454249809583e+00,1.088015150152415010e-06
1.843132621587247222e+00,1.009901604861634689e-06
1.849165788924684861e+00,9.374922355740244017e-07
1.855198956262122501e+00,8.700859392861249407e-07
1.861232123599560140e+00,8.073511267313810222e-07
1.867265290936998667e+00,7.489771632854231102e-07
1.873298458274436307e+00,6.946731165426464564e-07
1.879331625611873946e+00,6.443758641856862802e-07
1.885364792949311585e+00,5.974602696766106337e-07
1.891397960286749225e+00,5.537813936638937803e-07
1.897431127624187752e+00,5.131843585284944810e-07
1.903464294961625392e+00,4.754601959245869297e-07
1.909497462299063031e+00,4.404134803540421251e-07
1.915530629636500670e+00,4.078614963814658682e-07
1.921563796973938310e+00,3.776334539455571789e-07
1.927596964311375949e+00,3.495697491976732590e-07
1.933630131648814476e+00,3.235212684221453606e-07
1.939663298986252116e+00,2.993487327115984636e-07
1.945696466323689755e+00,2.769220811841054689e-07
1.951729633661127394e+00,2.561198906380273734e-07
1.957762800998565034e+00,2.368288296444925178e-07
1.963795968336002673e+00,2.189431451772976017e-07
1.969829135673441201e+00,2.023641799753896058e-07
1.975862303010877952e+00,1.869999189243381906e-07
1.981895470348316479e+00,1.727645628303090475e-07
1.987928637685755007e+00,1.595781280434871107e-07
1.993961805023191758e+00,1.473660704672149166e-07
1.999994972360630285e+00,1.360589325651763606e-07
2.006028139698067037e+00,1.255920120513477935e-07
2.012061307035505564e+00,1.159041472553858672e-07
2.018094474372944092e+00,1.069411136838382236e-07
2.024127641710380843e+00,9.864970258769380350e-08
2.030160809047819370e+00,9.098131147266982443e-08
2.036193976385256121e+00,8.389072036604993029e-08
2.042227143722694649e+00,7.733586663377609947e-08
2.048260311060131400e+00,7.127763403467537872e-08
2.054293478397569928e+00,6.567965516547182599e-08
2.060326645735008455e+00,6.050812649694063333e-08
2.066359813072445206e+00,5.573163524572498441e-08
2.072392980409883734e+00,5.132099736845621108e-08
2.078426147747320485e+00,4.724910600473590925e-08
2.084459315084759012e+00,4.349078973340041123e-08
2.090492482422197540e+00,4.002268004252348026e-08
2.096525649759634291e+00,3.681941596017861271e-08
2.102558817097072819e+00,3.386850566733571625e-08
2.108591984434509570e+00,3.114729223168567424e-08
2.114625151771948097e+00,2.863846041011580274e-08
2.120658319109386625e+00,2.632595459291420779e-08
2.126691486446823376e+00,2.419489076610420731e-08
2.132724653784261903e+00,2.223147435117376980e-08
2.138757821121698655e+00,2.042292355034343042e-08
2.144790988459137182e+00,1.875739784754633323e-08
2.150824155796575710e+00,1.722393133616752485e-08
2.156857323134012461e+00,1.581237056425975110e-08
2.162890490471450988e+00,1.451331660658144170e-08
2.168923657808887739e+00,1.331807109037566263e-08
2.174956825146326267e+00,1.221858591838796076e-08
2.180989992483763018e+00,1.120741644830069667e-08
2.187023159821201546e+00,1.027767790251128495e-08
2.193056327158640073e+00,9.423004796134693471e-09
2.199089494496076824e+00,8.637513184226383373e-09
2.205122661833515352e+00,7.904362797892524799e-09
2.211155829170952103e+00,7.161219480970979726e-09
2.217188996508390630e+00,6.562914264956431063e-09
2.223222163845829158e+00,6.013305870281986074e-09
2.229255331183265909e+00,5.508541857801440887e-09
2.235288498520704437e+00,5.045065210525962580e-09
2.241321665858141188e+00,4.619592447608277697e-09
2.247354833195579715e+00,4.229093298142828296e-09
2.253388000533018243e+00,3.870771828424674174e-09
2.259421167870454994e+00,3.542048923189900367e-09
2.265454335207893521e+00,3.240546027834435613e-09
2.271487502545330273e+00,2.964070064679673338e-09
2.277520669882768800e+00,2.710599442050692113e-09
2.283553837220205551e+00,2.478271080285693932e-09
2.289587004557644079e+00,2.265368383805940536e-09
2.295620171895082606e+00,2.070310093084319358e-09
2.301653339232519357e+00,1.891639954755036459e-09
2.307686506569957885e+00,1.728017152241557423e-09
2.313719673907394636e+00,1.578207443149772502e-09
2.319752841244833164e+00,1.441074953296448532e-09
2.325786008582271691e+00,1.315574580639324141e-09
2.331819175919708442e+00,1.200744965548644315e-09
2.337852343257146970e+00,1.095701986833375830e-09
2.343885510594583721e+00,9.996327457147071242e-10
2.349918677932022248e+00,9.117900025374792150e-10
2.355951845269460776e+00,8.314870334417298816e-10
2.361985012606897527e+00,7.580928764852870604e-10
2.368018179944336055e+00,6.910279388306529900e-10
2.374051347281772806e+00,6.297599385904671200e-10
2.380084514619211333e+00,5.738001567746787722e-10
2.386117681956648084e+00,5.226999765102786218e-10
2.392150849294086612e+00,4.760476883141489116e-10
2.398184016631525139e+00,4.334655417034927946e-10
2.404217183968961891e+00,3.946070248287995949e-10
2.410250351306400418e+00,3.591543551213569169e-10
2.416283518643837169e+00,3.268161651648880039e-10
2.422316685981275697e+00,2.973253691350872321e-10
2.428349853318714224e+00,2.704371962081279565e-10
2.434383020656150975e+00,2.459273783226600179e-10
2.440416187993589503e+00,2.235904805962571368e-10
2.446449355331026254e+00,2.032383635496420582e-10
2.452482522668464782e+00,1.846987670849395696e-10
2.458515690005903309e+00,1.678140069022448353e-10
2.464548857343340060e+00,1.524397747243150467e-10
2.470582024680778588e+00,1.384440343370138070e-10
2.476615192018215339e+00,1.257060060455734702e-10
2.482648359355653866e+00,1.141152326970382735e-10
2.488681526693090618e+00,1.035707209306657018e-10
2.494714694030529145e+00,9.398015179247747592e-11
2.500747861367967673e+00,8.525915529092904541e-11
2.506781028705404424e+00,7.733064387929734260e-11
2.512814196042842951e+00,7.012420022976201068e-11
2.518847363380279702e+00,6.357551501585483338e-11
2.524880530717718230e+00,5.762587074597385501e-11
2.530913698055156758e+00,5.222166799304190696e-11
2.536946865392593509e+00,4.731399064534141976e-11
2.542980032730032036e+00,4.285820706308770831e-11
2.549013200067468787e+00,3.881360426555941369e-11
2.555046367404907315e+00,3.514305249602477880e-11
2.561079534742345842e+00,3.181269771766433316e-11
2.567112702079782594e+00,2.879167978414530181e-11
2.573145869417221121e+00,2.605187420478697755e-11
2.579179036754657872e+00,2.356765558723505183e-11
2.585212204092096400e+00,2.131568099121925654e-11
2.591245371429533151e+00,1.927469156629098998e-11
2.597278538766971678e+00,1.742533097507731734e-11
2.603311706104410206e+00,1.574997922251453618e-11
2.609344873441846957e+00,1.423260062126982107e-11
2.615378040779285485e+00,1.285860472494261400e-11
2.621411208116722236e+00,1.161471915418344931e-11
2.627444375454160763e+00,1.048887332717880567e-11
2.633477542791599291e+00,9.470092185601624675e-12
2.639510710129036042e+00,8.548399080543654280e-12
2.645543877466474569e+00,7.714727050664025799e-12
2.651577044803911321e+00,6.960837787191807760e-12
2.657610212141349848e+00,6.279247637914834890e-12
2.663643379478788376e+00,5.663160055272338458e-12
2.669676546816225127e+00,5.106403942440175844e-12
2.675709714153663654e+00,4.603377396221193629e-12
2.681742881491100405e+00,4.148996386893412590e-12
2.687776048828538933e+00,3.738647953206206637e-12
2.693809216165977460e+00,3.368147525719024048e-12
2.699842383503414212e+00,3.033700023855181934e-12
2.705875550840852739e+00,2.731864401640887379e-12
2.711908718178289490e+00,2.459521344299605954e-12
2.717941885515728018e+00,2.213843842864968224e-12
2.723975052853164769e+00,1.992270396943544797e-12
2.730008220190603296e+00,1.792480616843867499e-12
2.736041387528041824e+00,1.612373015657350263e-12
2.742074554865478575e+00,1.450044799648483271e-12
2.748107722202917103e+00,1.303773481626313862e-12
2.754140889540353854e+00,1.172000156934399206e-12
2.760174056877792381e+00,1.053314295421094605e-12
2.766207224215230909e+00,9.464399153406427359e-13
2.772240391552667660e+00,8.502230166706051760e-13
2.778273558890106187e+00,7.636201619065727571e-13
2.784306726227542939e+00,6.856881020820906383e-13
2.790339893564981466e+00,6.155743546343565849e-13
2.796373060902419994e+00,5.525086478629639066e-13
2.802406228239856745e+00,4.957951541660653627e-13
2.808439395577295272e+00,4.448054410470296219e-13
2.814472562914732023e+00,3.989720751133832194e-13
2.820505730252170551e+00,3.577828199871375923e-13
2.826538897589607302e+00,3.207753742568829079e-13
2.832572064927045830e+00,2.875326003647950048e-13
2.838605232264484357e+00,2.576781996764157085e-13
2.844638399601921108e+00,2.308727929587313670e-13
2.850671566939359636e+00,2.068103691268321044e-13
2.856704734276796387e+00,1.852150684383084075e-13
2.862737901614234914e+00,1.658382693447191198e-13
2.868771068951673442e+00,1.484559509758175977e-13
2.874804236289110193e+00,1.328663057559603021e-13
2.880837403626548721e+00,1.188875789550390676e-13
2.886870570963985472e+00,1.063561140764286750e-13
2.892903738301423999e+00,9.512458489924011310e-14
2.898936905638862527e+00,8.506039673800363331e-14
2.904970072976299278e+00,7.604424107350256007e-14
2.911003240313737805e+00,6.796878915797497191e-14
2.917036407651174557e+00,6.073751151802148171e-14
2.923069574988613084e+00,5.426361148059442281e-14
2.929102742326049835e+00,4.846906194194897474e-14
2.935135909663488363e+00,4.328373559530168560e-14
2.941169077000926890e+00,3.864461973931389735e-14
2.947202244338363641e+00,3.449510761378561745e-14
2.953235411675802169e+00,3.078435895867951009e-14
2.959268579013238920e+00,2.746672317416933515e-14
2.965301746350677448e+00,2.450121907887535369e-14
2.971334913688115975e+00,2.185106582644630021e-14
2.977368081025552726e+00,1.948326005199032227e-14
2.983401248362991254e+00,1.736819478435057996e-14
2.989434415700428005e+00,1.547931608193350199e-14
2.995467583037866532e+00,1.379281373257776581e-14
3.001500750375305060e+00,1.228734270538701211e-14
3.007533917712741811e+00,1.094377235758864579e-14
3.013567085050180339e+00,9.744960685380684122e-15
3.019600252387617090e+00,8.675551166946726606e-15
3.025633419725055617e+00,7.721789980811186059e-15
3.031666587062492368e+00,6.871361595710483832e-15
3.037699754399930896e+00,6.113240921115448282e-15
3.043732921737369423e+00,5.437560382369246580e-15
3.049766089074806175e+00,4.835490442697449053e-15
3.055799256412244702e+00,4.299132237684688212e-15
3.061832423749681453e+00,3.821421117541150018e-15
3.067865591087119981e+00,3.396040009870236579e-15
3.073898758424558508e+00,3.017341621857922386e-15
3.079931925761995259e+00,2.680278596849070335e-15
3.085965093099433787e+00,2.380340827129172059e-15
3.091998260436870538e+00,2.113499203237974913e-15
3.098031427774309066e+00,1.876155151088599045e-15
3.104064595111747593e+00,1.665095372272573791e-15
3.110097762449184344e+00,1.477451260828788456e-15
3.116130929786622872e+00,1.310662522042552401e-15
3.122164097124059623e+00,1.162444566044656329e-15
3.128197264461498150e+00,1.030759291582228907e-15
3.134230431798934902e+00,9.137889137784122085e-16
3.140263599136373429e+00,8.099125243737217687e-16
3.146296766473811957e+00,7.176851042198552450e-16
3.152329933811248708e+00,6.358187359928916694e-16
3.158363101148687235e+00,5.631657905123896196e-16
3.164396268486123986e+00,4.987038829582425838e-16
3.170429435823562514e+00,4.415224159128320065e-16
3.176462603161001041e+00,3.908105447444410497e-16
3.182495770498437793e+00,3.458464175837939820e-16
3.188528937835876320e+00,3.059875572136921684e-16
3.194562105173313071e+00,2.706622657521205769e-16
3.200595272510751599e+00,2.393619452103776695e-16
3.206628439848190126e+00,2.116342379840339341e-16
3.212661607185626877e+00,1.870769012045146654e-16
3.218694774523065405e+00,1.653323377539394181e-16
3.224727941860502156e+00,1.460827147224575117e-16
3.230761109197940684e+00,1.290456072552247428e-16
3.236794276535377435e+00,1.139701121761874000e-16
3.242827443872815962e+00,1.006333815593172942e-16
3.248860611210254490e+00,8.883753161180196328e-17
3.254893778547691241e+00,7.840688689556584490e-17
3.260926945885129768e+00,6.918552409786331639e-17
3.266960113222566520e+00,6.103508331583999721e-17
3.272993280560005047e+00,5.383281818742734788e-17
3.279026447897443575e+00,4.746985922103133491e-17
3.285059615234880326e+00,4.184966738389774124e-17
3.291092782572318853e+00,3.688665743595265841e-17
3.297125949909755604e+00,3.250497267059137676e-17
3.303159117247194132e+00,2.863739467204607548e-17
3.309192284584632660e+00,2.522437344395377098e-17
3.315225451922069411e+00,2.221316482606344110e-17
3.321258619259507938e+00,1.955706351470275317e-17
3.327291786596944689e+00,1.721472125432712142e-17
3.333324953934383217e+00,1.514954088738709611e-17
3.339358121271821744e+00,1.332913795157248938e-17
3.345391288609258496e+00,1.172486240931908975e-17
3.351424455946697023e+00,1.031137389543286093e-17
3.357457623284133774e+00,9.066264584576197052e-18
3.363490790621572302e+00,7.969724420065668593e-18
3.369523957959009053e+00,7.004244016953255792e-18
3.375557125296447580e+00,6.154351062765473148e-18
3.381590292633886108e+00,5.406376495062802990e-18
3.387623459971322859e+00,4.748247141816495547e-18
3.393656627308761387e+00,4.169301873712422119e-18
3.399689794646198138e+00,3.660128641455571044e-18
3.405722961983636665e+00,3.212420060127209506e-18
3.411756129321075193e+00,2.818845460361526110e-18
3.417789296658511944e+00,2.472937555860904645e-18
3.423822463995950471e+00,2.168992081565691772e-18
3.429855631333387223e+00,1.901978939283417049e-18
3.435888798670825750e+00,1.667463550155268380e-18
3.441921966008264278e+00,1.461537258141799121e-18
3.447955133345701029e+00,1.280755757637241864e-18
3.453988300683139556e+00,1.122084633101481875e-18
3.460021468020576307e+00,9.828512007453494145e-19
3.466054635358014835e+00,8.607019331906894654e-19
3.472087802695451586e+00,7.535648288746035540e-19
3.478120970032890114e+00,6.596161598615038303e-19
3.484154137370328641e+00,5.772510956507611656e-19
3.490187304707765392e+00,5.050577573829857394e-19
3.496220472045203920e+00,4.417943073387546668e-19
3.502253639382640671e+00,3.863687234785525685e-19
3.508286806720079198e+00,3.378209486119093777e-19
3.514319974057517726e+00,2.953071391606929157e-19
3.520353141394954477e+00,2.580857698852366156e-19
3.526386308732393005e+00,2.255053788145488470e-19
3.532419476069829756e+00,1.969937613523578112e-19
3.538452643407268283e+00,1.720484444680050521e-19
3.544485810744706811e+00,1.502282913370550171e-19
3.550518978082143562e+00,1.311461040454013108e-19
3.556552145419582089e+00,1.144621072608841970e-19
3.562585312757018841e+00,9.987820932586408259e-20
3.568618480094457368e+00,8.713294922831213850e-20
3.574651647431894119e+00,7.599704854173998217e-20
3.580684814769332647e+00,6.626949683925780697e-20
3.586717982106771174e+00,5.777410742239729163e-20
3.592751149444207925e+00,5.035648758231200630e-20
3.598784316781646453e+00,4.388137413870133612e-20
3.604817484119083204e+00,3.823029077623009734e-20
3.610850651456521732e+00,3.329948880509916636e-20
3.616883818793960259e+00,2.899813748795908982e-20
3.622916986131397010e+00,2.524673406670758066e-20
3.628950153468835538e+00,2.197570715016890585e-20
3.634983320806272289e+00,1.912419024012361666e-20
3.641016488143710816e+00,1.663894492591745032e-20
3.647049655481149344e+00,1.447341570882507803e-20
3.653082822818586095e+00,1.258690056342441536e-20
3.659115990156024623e+00,1.094382323750643804e-20
3.665149157493461374e+00,9.513094963533596629e-21
3.671182324830899901e+00,8.267554729218003765e-21
3.677215492168336652e+00,7.183478555351768422e-21
3.683248659505775180e+00,6.240149375733120717e-21
3.689281826843213707e+00,5.419480124946170749e-21
3.695314994180650459e+00,4.705683530634362921e-21
3.701348161518088986e+00,4.084982891888156544e-21
3.707381328855525737e+00,3.545358816817457708e-21
3.713414496192964265e+00,3.076327501300776255e-21
3.719447663530402792e+00,2.668746667033538803e-21
3.725480830867839543e+00,2.314645748885717541e-21
3.731513998205278071e+00,2.007077336851860873e-21
3.737547165542714822e+00,1.739987243215438292e-21
3.743580332880153350e+00,1.508100886882769254e-21
3.749613500217591877e+00,1.306823969409023862e-21
3.755646667555028628e+00,1.132155665638962334e-21
3.761679834892467156e+00,9.806127702106114019e-22
3.767713002229903907e+00,8.491634330044610915e-22
3.773746169567342434e+00,7.351692851392215139e-22
3.779779336904779186e+00,6.363349051182873879e-22
3.785812504242217713e+00,5.506637046770019635e-22
3.791845671579656241e+00,4.764194279523033058e-22
3.797878838917092992e+00,4.120925577002049677e-22
3.803912006254531519e+00,3.563710101175131641e-22
3.809945173591968270e+00,3.081145768637924512e-22
3.815978340929406798e+00,2.663326404380139150e-22
3.822011508266845325e+00,2.301647482951825437e-22
3.828044675604282077e+00,1.988636830023918705e-22
3.834077842941720604e+00,1.717807112263945636e-22
3.840111010279157355e+00,1.483527341986996438e-22
3.846144177616595883e+00,1.280910972098427156e-22
3.852177344954034410e+00,1.105718462497368606e-22
3.858210512291471161e+00,9.542724666719173477e-23
3.864243679628909689e+00,8.233840213941970313e-23
3.870276846966346440e+00,7.102883273191347189e-23
3.876310014303784968e+00,6.125888875259802654e-23
3.882343181641223495e+00,5.282089277936191429e-23
3.888376348978660246e+00,4.553491594498697143e-23
3.894409516316098774e+00,3.924510654345671818e-23
3.900442683653535525e+00,3.381649949066935464e-23
3.906475850990974052e+00,2.913224431922771949e-23
3.912509018328410804e+00,2.509119737631896342e-23
3.918542185665849331e+00,2.160583087023717038e-23
3.924575353003287859e+00,1.860041750199890783e-23
3.930608520340724610e+00,1.600945473459894291e-23
3.936641687678163137e+00,1.377629739138661934e-23
3.942674855015599888e+00,1.185197132193695204e-23
3.948708022353038416e+00,1.019414440334795167e-23
3.954741189690476943e+00,8.766234222576885529e-24
3.960774357027913695e+00,7.536634468284315776e-24
3.966807524365352222e+00,6.478044398890272630e-24
3.972840691702788973e+00,5.566887790845729313e-24
3.978873859040227501e+00,4.782809545793732009e-24
3.984907026377666028e+00,4.108239680848527457e-24
3.990940193715102779e+00,3.528015771846994787e-24
3.996973361052541307e+00,3.029056090750441247e-24
4.003006528389978058e+00,2.600076697693315780e-24
4.009039695727416586e+00,2.231346634999319384e-24
4.015072863064853337e+00,1.914476141862529055e-24
4.021106030402291864e+00,1.642233479161538885e-24
4.027139197739730392e+00,1.408386537039997664e-24
4.033172365077167143e+00,1.207565904742272697e-24
4.039205532414605671e+00,1.035146522634167669e-24
4.045238699752042422e+00,8.871454189606918200e-25
4.051271867089480949e+00,7.601333662086235853e-25
4.057305034426919477e+00,6.511585804987137282e-25
4.063338201764356228e+00,5.576808379217209709e-25
4.069371369101794755e+00,4.775145991320329542e-25
4.075404536439231507e+00,4.087799221414521605e-25
4.081437703776670034e+00,3.498601068824198162e-25
4.087470871114108562e+00,2.993651570155567778e-25
4.093504038451545313e+00,2.561002674907343275e-25
4.099537205788983840e+00,2.190386530204448963e-25
4.105570373126420591e+00,1.872981250465250775e-25
4.111603540463859119e+00,1.601209048547069589e-25
4.117636707801295870e+00,1.368562298501118128e-25
4.123669875138734398e+00,1.169453700680337927e-25
4.129703042476172925e+00,9.990872399329948342e-26
4.135736209813609676e+00,8.533470776801074203e-26
4.141769377151048204e+00,7.287019081333346995e-26
4.147802544488484955e+00,6.221226458343456388e-26
4.153835711825923482e+00,5.310116031029560035e-26
4.159868879163362010e+00,4.531415679605706689e-26
4.165902046500798761e+00,3.866034109228833853e-26
4.171935213838237289e+00,3.297610373196762607e-26
4.177968381175674040e+00,2.812126644686867460e-26
4.184001548513112567e+00,2.397575435508689111e-26
4.190034715850551095e+00,2.043673673940124100e-26
4.196067883187987846e+00,1.741617101539142211e-26
4.202101050525426373e+00,1.483869353331882815e-26
4.208134217862863125e+00,1.263980866356831745e-26
4.214167385200301652e+00,1.076433435019634338e-26
4.220200552537738403e+00,9.165068126407433372e-27
4.226233719875176931e+00,7.801642595426466784e-27
4.232266887212615458e+00,6.639543699388003943e-27
4.238300054550052209e+00,5.649268821668949470e-27
4.244333221887490737e+00,4.805604976195046107e-27
4.250366389224927488e+00,4.087010101080982265e-27
4.256399556562366016e+00,3.475082854478171533e-27
4.262432723899804543e+00,2.954108360383960374e-27
4.268465891237241294e+00,2.510669116864467430e-27
4.274499058574679822e+00,2.133311798001851121e-27
4.280532225912116573e+00,1.812261987798524680e-27
4.286565393249555100e+00,1.539180008562144528e-27
4.292598560586993628e+00,1.306951973248495973e-27
4.298631727924430379e+00,1.109511022654441961e-27
4.304664895261868907e+00,9.416844230692673579e-28
4.310698062599305658e+00,7.990628142309255391e-28
4.316731229936744185e+00,6.778884251914438072e-28
4.322764397274180936e+00,5.749595290450542535e-28
4.328797564611619464e+00,4.875487967984094504e-28
4.334830731949057991e+00,4.133335449361538262e-28
4.340863899286494743e+00,3.503361581617652778e-28
4.346897066623933270e+00,2.968732150264779776e-28
4.352930233961370021e+00,2.515120554141454427e-28
4.358963401298808549e+00,2.130337100525880545e-28
4.364996568636247076e+00,1.804012676109006639e-28
4.371029735973683827e+00,1.527328881597857623e-28
4.377062903311122355e+00,1.292787859564194858e-28
4.383096070648559106e+00,1.094016023603281510e-28
4.389129237985997634e+00,9.255967351067094800e-29
4.395162405323436161e+00,7.829276919021910457e-29
4.401195572660872912e+00,6.620994077754481742e-29
4.407228739998311440e+00,5.597916881766418484e-29
4.413261907335748191e+00,4.731854578434675587e-29
4.419295074673186718e+00,3.998876814861699422e-29
4.425328242010625246e+00,3.378674483845951081e-29
4.431361409348061997e+00,2.854015737212556788e-29
4.437394576685500525e+00,2.410283105748175086e-29
4.443427744022937276e+00,2.035079725957870359e-29
4.449460911360375803e+00,1.717894435210557586e-29
4.455494078697812554e+00,1.449817001762764639e-29
4.461527246035251082e+00,1.223296041650642425e-29
4.467560413372689609e+00,1.031933272262323413e-29
4.473593580710126361e+00,8.703086897010841906e-30
4.479626748047564888e+00,7.338320571172461971e-30
4.485659915385001639e+00,6.186167739401167487e-30
4.491693082722440167e+00,5.213727784422141741e-30
4.497726250059878694e+00,4.393156329220844787e-30
4.503759417397315445e+00,3.700893644805310754e-30
4.509792584734753973e+00,3.117009955827228637e-30
4.515825752072190724e+00,2.624650064763450220e-30
4.521858919409629252e+00,2.209562338884242269e-30
4.527892086747067779e+00,1.859699339293742137e-30
4.533925254084504530e+00,1.564879274951527484e-30
4.539958421421943058e+00,1.316499085558375324e-30
4.545991588759379809e+00,1.107291337123819808e-30
4.552024756096818336e+00,9.311182884955291235e-31
4.558057923434255088e+00,7.827974864773342401e-31
4.564091090771693615e+00,6.579540972857154242e-31
4.570124258109132143e+00,5.528959051155616075e-31
4.576157425446568894e+00,4.645075233453705239e-31
4.582190592784007421e+00,3.901608865049113209e-31
4.588223760121444172e+00,3.276395352574217073e-31
4.594256927458882700e+00,2.750745840063008957e-31
4.600290094796321227e+00,2.308905812843952476e-31
4.606323262133757979e+00,1.937597453063850265e-31
4.612356429471196506e+00,1.625632881938155267e-31
4.618389596808633257e+00,1.363587385719028377e-31
4.624422764146071785e+00,1.143523387292836083e-31
4.630455931483510312e+00,9.587573378844988588e-32
4.636489098820947063e+00,8.036629015002921414e-32
4.642522266158385591e+00,6.735048207993580026e-32
4.648555433495822342e+00,5.642987145032862858e-32
4.654588600833260870e+00,4.726927865942684384e-32
4.660621768170697621e+00,3.958680462758505882e-32
4.666654935508136148e+00,3.314541618446138289e-32
4.672688102845574676e+00,2.774585155949079567e-32
4.678721270183011427e+00,2.322064028251301259e-32
4.684754437520449954e+00,1.942906362851996323e-32
4.690787604857886706e+00,1.625290867800388039e-32
4.696820772195325233e+00,1.359289185814060393e-32
4.702853939532763761e+00,1.136564711285920387e-32
4.708887106870200512e+00,9.501190158404737011e-33
4.714920274207639039e+00,7.940784070924204773e-33
4.720953441545075790e+00,6.635143109905100833e-33
4.726986608882514318e+00,5.542921533467878756e-33
4.733019776219952846e+00,4.629442486084713138e-33
4.739052943557389597e+00,3.865629071366801390e-33
4.745086110894828124e+00,3.227105661450343842e-33
4.751119278232264875e+00,2.693442508891424878e-33
4.757152445569703403e+00,2.247520959773865964e-33
4.763185612907140154e+00,1.875000138914611754e-33
4.769218780244578682e+00,1.563868991963333796e-33
4.775251947582017209e+00,1.304070111506120670e-33
4.781285114919453960e+00,1.087183918242820565e-33
4.787318282256892488e+00,9.061635759179608626e-34
4.793351449594329239e+00,7.551125423336206849e-34
4.799384616931767766e+00,6.290979427606888338e-34
4.805417784269206294e+00,5.239940338343024860e-34
4.811450951606643045e+00,4.363509371884739302e-34
4.817484118944081573e+00,3.632845893837795060e-34
4.823517286281518324e+00,3.023845006643728609e-34
4.829550453618956851e+00,2.516364587989848324e-34
4.835583620956395379e+00,2.093577717959348084e-34
4.841616788293832130e+00,1.741430281983683266e-34
4.847649955631270657e+00,1.448186774148483742e-34
4.853683122968707409e+00,1.204050047742557336e-34
4.859716290306145936e+00,1.000843048553562355e-34
4.865749457643582687e+00,8.317424899492819652e-35
4.871782624981021215e+00,6.910560450737525888e-35
4.877815792318459742e+00,5.740359892979547068e-35
4.883848959655896493e+00,4.767233664439507099e-35
4.889882126993335021e+00,3.958177098468585005e-35
4.895915294330771772e+00,3.285681531451893923e-35
4.901948461668210300e+00,2.726824403131010809e-35
4.907981629005648827e+00,2.262509105018013921e-35
4.914014796343085578e+00,1.876830080954288684e-35
4.920047963680524106e+00,1.556542666171948200e-35
4.926081131017960857e+00,1.290620490196322513e-35
4.932114298355399384e+00,1.069886067859042759e-35
4.938147465692837912e+00,8.867025483549216768e-36
4.944180633030274663e+00,7.347165575933822108e-36
4.950213800367713191e+00,6.086437153576355905e-36
4.956246967705149942e+00,5.040897874460805099e-36
4.962280135042588469e+00,4.174015872568109013e-36
4.968313302380026997e+00,3.455427074739564162e-36
4.974346469717463748e+00,2.859899710728594914e-36
4.980379637054902275e+00,2.366471673429419134e-36
4.986412804392339027e+00,1.957732044670160350e-36
4.992445971729777554e+00,1.619222833776508858e-36
4.998479139067214305e+00,1.338940932138929034e-36
5.004512306404652833e+00,1.106923593631025260e-36
5.010545473742091360e+00,9.149035138953762755e-37
5.016578641079528111e+00,7.560218899748650732e-37
5.022611808416966639e+00,6.245897699072948305e-37
5.028644975754403390e+00,5.158896119752481452e-37
5.034678143091841918e+00,4.260103174657967021e-37
5.040711310429280445e+00,3.517101226924162842e-37
5.046744477766717196e+00,2.903026721888006373e-37
5.052777645104155724e+00,2.395623759699372905e-37
5.058810812441592475e+00,1.976458051305675157e-37
5.064843979779031002e+00,1.630264231954696041e-37
5.070877147116469530e+00,1.344404034262519241e-37
5.076910314453906281e+00,1.108416596631373282e-37
5.082943481791344809e+00,9.136453272605018939e-38
5.088976649128781560e+00,7.529283634618004819e-38
5.095009816466220087e+00,6.203418476044943699e-38
5.101042983803656838e+00,5.109870575276977577e-38
5.107076151141095366e+00,4.208139414055673250e-38
5.113109318478533893e+00,3.464748655345595030e-38
5.119142485815970645e+00,2.852034306273637358e-38
5.125175653153409172e+00,2.347140832429680353e-38
5.131208820490845923e+00,1.931189733850867276e-38
5.137241987828284451e+00,1.588591116062228966e-38
5.143275155165722978e+00,1.306473796232434123e-38
5.149308322503159729e+00,1.074213645307746979e-38
5.155341489840598257e+00,8.830433240223113630e-39
5.161374657178035008e+00,7.257294422820358497e-39
5.167407824515473536e+00,5.963055561575053346e-39
5.173440991852912063e+00,4.898513966748120085e-39
5.179474159190348814e+00,4.023103680670587366e-39
5.185507326527787342e+00,3.303387170090436840e-39
5.191540493865224093e+00,2.711809058993504640e-39
5.197573661202662620e+00,2.225666618275259106e-39
5.203606828540099372e+00,1.826259511934442064e-39
5.209639995877537899e+00,1.498187752314028214e-39
5.215673163214976427e+00,1.228772165519421918e-39
5.221706330552413178e+00,1.007576100360488214e-39
5.227739497889851705e+00,8.260107861561720848e-40
5.233772665227288456e+00,6.770097861575109505e-40
5.239805832564726984e+00,5.547605118747432398e-40
5.245838999902165511e+00,4.544828486429955548e-40
5.251872167239602263e+00,3.722466685127419732e-40
5.257905334577040790e+00,3.048214345912325729e-40
5.263938501914477541e+00,2.495522823579567051e-40
5.269971669251916069e+00,2.042579405996197141e-40
5.276004836589354596e+00,1.671466625869304355e-40
5.282038003926791347e+00,1.367470060642670229e-40
5.288071171264229875e+00,1.118508526836891922e-40
5.294104338601666626e+00,9.146651368163890538e-41
5.300137505939105154e+00,7.478014543822140111e-41
5.306170673276541905e+00,6.112400979531210883e-41
5.312203840613980432e+00,4.995037099998178194e-41
5.318237007951418960e+00,4.081003328923861215e-41
5.324270175288855711e+00,3.333469822177288663e-41
5.330303342626294238e+00,2.722246533278045784e-41
5.336336509963730990e+00,2.222591886454315317e-41
5.342369677301169517e+00,1.814234161348578517e-41
5.348402844638608045e+00,1.480567797591473147e-41
5.354436011976044796e+00,1.207993507963326095e-41
5.360469179313483323e+00,9.853765945150633162e-42
5.366502346650920074e+00,8.036023983419454983e-42
5.372535513988358602e+00,6.552115504673866334e-42
5.378568681325797129e+00,5.341007687002372133e-42
5.384601848663233881e+00,4.352774791095277623e-42
5.390635016000672408e+00,3.546586264579373639e-42
5.396668183338109159e+00,2.889057543768576346e-42
5.402701350675547687e+00,2.352898482895687753e-42
5.408734518012984438e+00,1.915805957395532429e-42
5.414767685350422965e+00,1.559556740862292462e-42
5.420800852687861493e+00,1.269264609607866072e-42
5.426834020025298244e+00,1.032772084809500208e-42
5.432867187362736772e+00,8.401525277320363805e-43
5.438900354700173523e+00,6.833026624393000227e-43
5.444933522037612050e+00,5.556091808006571392e-43
5.450966689375050578e+00,4.516760248116621563e-43
5.456999856712487329e+00,3.671013551609301689e-43
5.463033024049925857e+00,2.982951963368356950e-43
5.469066191387362608e+00,2.423303744917610461e-43
5.475099358724801135e+00,1.968206982163581219e-43
5.481132526062239663e+00,1.598214264984240181e-43
5.487165693399676414e+00,1.297479653479565928e-43
5.493198860737114941e+00,1.053094701288420895e-43
5.499232028074551692e+00,8.545463352763330863e-44
5.505265195411990220e+00,6.932743312240980275e-44
5.511298362749428748e+00,5.623101724961392310e-44
5.517331530086865499e+00,4.559823936463446342e-44
5.523364697424304026e+00,3.696762254180494917e-44
5.529397864761740777e+00,2.996375798489954356e-44
5.535431032099179305e+00,2.428132330346071599e-44
5.541464199436616056e+00,1.967205514152402569e-44
5.547497366774054584e+00,1.593413250063355562e-44
5.553530534111493111e+00,1.290352668106658384e-44
5.559563701448929862e+00,1.044695519222305511e-44
5.565596868786368390e+00,8.456143549492406598e-45
5.571630036123805141e+00,6.843153279657675369e-45
5.577663203461243668e+00,5.536578911399852266e-45
5.583696370798682196e+00,4.478453042996929764e-45
5.589729538136118947e+00,3.621728238847597789e-45
5.595762705473557475e+00,2.928228724269453064e-45
5.601795872810994226e+00,2.366984617762374043e-45
5.607829040148432753e+00,1.912877574767290661e-45
5.613862207485871281e+00,1.545539882089433063e-45
5.619895374823308032e+00,1.248459781606496434e-45
5.625928542160746559e+00,1.008254560528423287e-45
5.631961709498183311e+00,8.140800869486606504e-46
5.637994876835621838e+00,6.571512909386491761e-46
5.644028044173058589e+00,5.303528358390532155e-46
5.650061211510497117e+00,4.279230900516326664e-46
5.656094378847935644e+00,3.451976585623092251e-46
5.662127546185372395e+00,2.784012978953509960e-46
5.668160713522810923e+00,2.244791262026774517e-46
5.674193880860247674e+00,1.809597398468699921e-46
5.680227048197686202e+00,1.458442310453146389e-46
5.686260215535124729e+00,1.175162265561542568e-46
5.692293382872561480e+00,9.466898283198552741e-47
5.698326550210000008e+00,7.624631754376626628e-47
5.704359717547436759e+00,6.139476267041796790e-47
5.710392884884875286e+00,4.942481636385263584e-47
5.716426052222313814e+00,3.977957064020090317e-47
5.722459219559750565e+00,3.200931680537893888e-47
5.728492386897189093e+00,2.575099439728678491e-47
5.734525554234625844e+00,2.071156371435909952e-47
5.740558721572064371e+00,1.665455597810131375e-47
5.746591888909501122e+00,1.338919639498458418e-47
5.752625056246939650e+00,1.076160998184521457e-47
5.758658223584378177e+00,8.647712994719238772e-48
5.764691390921814929e+00,6.947468215512860006e-48
5.770724558259253456e+00,5.580243506844592755e-48
5.776757725596690207e+00,4.481062626737703169e-48
5.782790892934128735e+00,3.597577482775887187e-48
5.788824060271567262e+00,2.887623571794632752e-48
5.794857227609004013e+00,2.317246735238676308e-48
5.800890394946442541e+00,1.859110730640529852e-48
5.806923562283879292e+00,1.491212424879153075e-48
5.812956729621317820e+00,1.195845424934747521e-48
5.818989896958756347e+00,9.587643015387462785e-49
5.825023064296193098e+00,7.685107372092316896e-49
5.831056231633631626e+00,6.158703537415733642e-49
5.837089398971068377e+00,4.934349785605987711e-49
5.843122566308506904e+00,3.952499646218867616e-49
5.849155733645943656e+00,3.165301037453916973e-49
5.855188900983382183e+00,2.534308457861218755e-49
5.861222068320820711e+00,2.028640996239338129e-49
5.867255235658257462e+00,1.623499629728394903e-49
5.873288402995695989e+00,1.298974007194201408e-49
5.879321570333132740e+00,1.039082421807957053e-49
5.885354737670571268e+00,8.309995806606217332e-50
5.891387905008009795e+00,6.644355798240029553e-50
5.897421072345446547e+00,5.311365945297974062e-50
5.903454239682885074e+00,4.244835228633415653e-50
5.909487407020321825e+00,3.391694417437971434e-50
5.915520574357760353e+00,2.709404595437339181e-50
5.921553741695198880e+00,2.163875530692002635e-50
5.927586909032635631e+00,1.727793972022343744e-50
5.933620076370074159e+00,1.379281459314103402e-50
5.939653243707510910e+00,1.100816947087702885e-50
5.945686411044949438e+00,8.783721950267249092e-51
5.951719578382386189e+00,7.007180683589192789e-51
5.957752745719824716e+00,5.588680933222050956e-51
5.963785913057263244e+00,4.456322143231411777e-51
5.969819080394699995e+00,3.552590110123619502e-51
5.975852247732138522e+00,2.831489063562395699e-51
5.981885415069575274e+00,2.256243332006260900e-51
5.987918582407013801e+00,1.797455898884428443e-51
5.993951749744452329e+00,1.431633366265628119e-51
5.999984917081889080e+00,1.140004693636601619e-51
6.006018084419327607e+00,9.075754221726260296e-52
6.012051251756764358e+00,7.223706163486430253e-52
6.018084419094202886e+00,5.748290076986280218e-52
6.024117586431641413e+00,4.573182548855128888e-52
6.030150753769078165e+00,3.637471979807987057e-52
