x,y
-4.04470000000001E+06,2.96428118789534E-08
-4.04468799879989E+06,2.4071410534875E-08
-4.04467599759977E+06,1.90773618764486E-08
-4.04466399639965E+06,1.46614461969074E-08
-4.04465199519953E+06,1.08244405718632E-08
-4.04463999399941E+06,7.56711885133596E-09
-4.04462799279929E+06,4.89025165241146E-09
-4.04461599159917E+06,2.7946063506469E-09
-4.04460399039905E+06,1.28094707281513E-09
-4.04459198919893E+06,3.5003468895905E-10
-4.04457998799881E+06,2.62680462986464E-12
-4.04456798679869E+06,2.39477753126224E-10
-4.04455598559857E+06,1.06133858775127E-09
-4.04454398439845E+06,2.46895707408389E-09
-4.04453198319833E+06,4.46307768227168E-09
-4.04451998199821E+06,7.04444157943927E-09
-4.04450798079809E+06,1.02137866215923E-08
-4.04449597959797E+06,1.39718473465525E-08
-4.04448397839785E+06,1.83193549659216E-08
-4.04447197719773E+06,2.32570373575524E-08
-4.04445997599761E+06,2.87856190579261E-08
-4.04444797479749E+06,3.49058212545387E-08
-4.04443597359737E+06,4.16183617783433E-08
-4.04442397239725E+06,4.89239550961485E-08
-4.04441197119713E+06,5.6823312303102E-08
-4.04439996999701E+06,6.53171411154572E-08
-4.04438796879689E+06,7.44061458617517E-08
-4.04437596759677E+06,8.40910274772394E-08
-4.04436396639665E+06,9.43724834951543E-08
-4.04435196519653E+06,1.05251208039507E-07
-4.04433996399641E+06,1.16727891817687E-07
-4.04432796279629E+06,1.28803222112963E-07
-4.04431596159617E+06,1.41477882777129E-07
-4.04430396039605E+06,1.54752554223032E-07
-4.04429195919593E+06,1.68627913417254E-07
-4.04427995799581E+06,1.83104633873245E-07
-4.04426795679569E+06,1.98183385641758E-07
-4.04425595559557E+06,2.13864835306855E-07
-4.04424395439545E+06,2.30149645976378E-07
-4.04423195319533E+06,2.47038477275154E-07
-4.0442199519952E+06,2.64531985337787E-07
-4.04420795079509E+06,2.82630822801303E-07
-4.04419594959497E+06,3.01335638797986E-07
-4.04418394839485E+06,3.20647078948056E-07
-4.04417194719472E+06,3.40565785353333E-07
-4.0441599459946E+06,3.61092396586818E-07
-4.04414794479448E+06,3.82227547690262E-07
-4.04413594359436E+06,4.03971870163822E-07
-4.04412394239425E+06,4.2632599195979E-07
-4.04411194119413E+06,4.49290537475344E-07
-4.04409993999401E+06,4.72866127545567E-07
-4.04408793879389E+06,4.97053379436221E-07
-4.04407593759377E+06,5.21852906836808E-07
-4.04406393639365E+06,5.47265319853376E-07
-4.04405193519352E+06,5.73291225002625E-07
-4.0440399339934E+06,5.99931225200747E-07
-4.04402793279329E+06,6.27185919762528E-07
-4.04401593159317E+06,6.5505590439027E-07
-4.04400393039305E+06,6.8354177116795E-07
-4.04399192919293E+06,7.12644108554127E-07
-4.04397992799281E+06,7.42363501375162E-07
-4.04396792679269E+06,7.7270053081815E-07
-4.04395592559257E+06,8.03655774424191E-07
-4.04394392439245E+06,8.3522980608135E-07
-4.04393192319233E+06,8.67423196019233E-07
-4.0439199219922E+06,9.00236510796948E-07
-4.04390792079209E+06,9.33670313303971E-07
-4.04389591959197E+06,9.67725162748189E-07
-4.04388391839185E+06,1.00240161465053E-06
-4.04387191719173E+06,1.03770022083805E-06
-4.04385991599161E+06,1.07362152943731E-06
-4.04384791479149E+06,1.11016608486754E-06
-4.04383591359137E+06,1.14733442783408E-06
-4.04382391239124E+06,1.18512709532151E-06
-4.04381191119112E+06,1.22354462058866E-06
-4.043799909991E+06,1.26258753315587E-06
-4.04378790879089E+06,1.30225635880738E-06
-4.04377590759077E+06,1.34255161957864E-06
-4.04376390639065E+06,1.38347383375142E-06
-4.04375190519053E+06,1.42502351584701E-06
-4.0437399039904E+06,1.46720117661987E-06
-4.04372790279028E+06,1.51000732305093E-06
-4.04371590159016E+06,1.55344245834125E-06
-4.04370390039004E+06,1.59750708190704E-06
-4.04369189918993E+06,1.64220168936655E-06
-4.04367989798981E+06,1.68752677254368E-06
-4.04366789678969E+06,1.73348281945492E-06
-4.04365589558956E+06,1.78007031430443E-06
-4.04364389438944E+06,1.82728973747785E-06
-4.04363189318932E+06,1.87514156553575E-06
-4.0436198919892E+06,1.92362627120744E-06
-4.04360789078909E+06,1.97274432338448E-06
-4.04359588958897E+06,2.0224961871145E-06
-4.04358388838885E+06,2.07288232359682E-06
-4.04357188718872E+06,2.12390319016834E-06
-4.0435598859886E+06,2.17555924030895E-06
-4.04354788478848E+06,2.22785092362769E-06
-4.04353588358836E+06,2.2807786858582E-06
-4.04352388238824E+06,2.33434296885288E-06
-4.04351188118812E+06,2.38854421057634E-06
-4.043499879988E+06,2.44338284509963E-06
-4.04348787878788E+06,2.49885930259377E-06
-4.04347587758776E+06,2.55497400932392E-06
-4.04346387638764E+06,2.61172738764529E-06
-4.04345187518752E+06,2.66911985598844E-06
-4.0434398739874E+06,2.72715182886623E-06
-4.04342787278728E+06,2.78582371685927E-06
-4.04341587158716E+06,2.84513592661181E-06
-4.04340387038704E+06,2.90508886082609E-06
-4.04339186918692E+06,2.96568291825603E-06
-4.0433798679868E+06,3.02691849370159E-06
-4.04336786678668E+06,3.08879597800275E-06
-4.04335586558657E+06,3.15131575803344E-06
-4.04334386438644E+06,3.21447821669844E-06
-4.04333186318632E+06,3.27828373291749E-06
-4.0433198619862E+06,3.34273268163413E-06
-4.04330786078608E+06,3.40782543380035E-06
-4.04329585958596E+06,3.47356235637289E-06
-4.04328385838584E+06,3.53994381230787E-06
-4.04327185718573E+06,3.60697016055463E-06
-4.0432598559856E+06,3.67464175605042E-06
-4.04324785478549E+06,3.74295894971428E-06
-4.04323585358537E+06,3.81192208844178E-06
-4.04322385238524E+06,3.88153151510167E-06
-4.04321185118512E+06,3.95178756851978E-06
-4.043199849985E+06,4.02269058348928E-06
-4.04318784878488E+06,4.09424089075463E-06
-4.04317584758476E+06,4.16643881700836E-06
-4.04316384638464E+06,4.23928468488583E-06
-4.04315184518453E+06,4.31277881295959E-06
-4.0431398439844E+06,4.38692151573369E-06
-4.04312784278428E+06,4.46171310363853E-06
-4.04311584158416E+06,4.53715388302815E-06
-4.04310384038404E+06,4.61324415616295E-06
-4.04309183918392E+06,4.68998422122217E-06
-4.0430798379838E+06,4.76737437228641E-06
-4.04306783678368E+06,4.8454148993356E-06
-4.04305583558356E+06,4.9241060882432E-06
-4.04304383438344E+06,5.00344822077135E-06
-4.04303183318332E+06,5.08344157456509E-06
-4.0430198319832E+06,5.16408642314755E-06
-4.04300783078308E+06,5.24538303591423E-06
-4.04299582958296E+06,5.32733167813144E-06
-4.04298382838284E+06,5.40993261091784E-06
-4.04297182718272E+06,5.49318609125884E-06
-4.0429598259826E+06,5.57709237198826E-06
-4.04294782478248E+06,5.66165170178675E-06
-4.04293582358236E+06,5.7468643251765E-06
-4.04292382238224E+06,5.83273048251602E-06
-4.04291182118212E+06,5.91925040999533E-06
-4.042899819982E+06,6.00642433963082E-06
-4.04288781878188E+06,6.09425249925999E-06
-4.04287581758176E+06,6.18273511254035E-06
-4.04286381638164E+06,6.27187239893016E-06
-4.04285181518152E+06,6.36166457370462E-06
-4.0428398139814E+06,6.45211184793668E-06
-4.04282781278128E+06,6.54321442849607E-06
-4.04281581158116E+06,6.63497251804396E-06
-4.04280381038104E+06,6.72738631502853E-06
-4.04279180918092E+06,6.82045601367967E-06
-4.0427798079808E+06,6.91418180400466E-06
-4.04276780678068E+06,7.00856387178291E-06
-4.04275580558056E+06,7.10360239856533E-06
-4.04274380438044E+06,7.19929756165438E-06
-4.04273180318032E+06,7.29564953412187E-06
-4.0427198019802E+06,7.39265848478939E-06
-4.04270780078008E+06,7.4903245782271E-06
-4.04269579957996E+06,7.58864797474947E-06
-4.04268379837984E+06,7.68762883041048E-06
-4.04267179717972E+06,7.78726729699883E-06
-4.0426597959796E+06,7.88756352203378E-06
-4.04264779477948E+06,7.9885176487641E-06
-4.04263579357936E+06,8.09012981614826E-06
-4.04262379237924E+06,8.19240015887302E-06
-4.04261179117912E+06,8.29532880733375E-06
-4.042599789979E+06,8.39891588763341E-06
-4.04258778877888E+06,8.50316152157866E-06
-4.04257578757876E+06,8.60806582667486E-06
-4.04256378637864E+06,8.7136289161223E-06
-4.04255178517852E+06,8.8198508988113E-06
-4.0425397839784E+06,8.92673187931838E-06
-4.04252778277828E+06,9.03427195790563E-06
-4.04251578157816E+06,9.14247123050027E-06
-4.04250378037804E+06,9.25132978871487E-06
-4.04249177917792E+06,9.36084771982696E-06
-4.0424797779778E+06,9.47102510677868E-06
-4.04246777677768E+06,9.58186202817275E-06
-4.04245577557756E+06,9.69335855826808E-06
-4.04244377437744E+06,9.80551476697606E-06
-4.04243177317732E+06,9.91833071985596E-06
-4.0424197719772E+06,1.00318064781114E-05
-4.04240777077708E+06,1.01459420985901E-05
-4.04239576957696E+06,1.02607376337628E-05
-4.04238376837684E+06,1.03761931317453E-05
-4.04237176717672E+06,1.0492308636277E-05
-4.0423597659766E+06,1.06090841867214E-05
-4.04234776477648E+06,1.07265198180623E-05
-4.04233576357636E+06,1.08446155608992E-05
-4.04232376237624E+06,1.09633714414447E-05
-4.04231176117612E+06,1.10827874815192E-05
-4.042299759976E+06,1.12028636985483E-05
-4.04228775877588E+06,1.13236001055628E-05
-4.04227575757576E+06,1.1444996711177E-05
-4.04226375637564E+06,1.15670535196122E-05
-4.04225175517552E+06,1.16897705306749E-05
-4.0422397539754E+06,1.18131477397575E-05
-4.04222775277528E+06,1.19371851378347E-05
-4.04221575157516E+06,1.20618827114599E-05
-4.04220375037504E+06,1.21872404427615E-05
-4.04219174917492E+06,1.23132583094392E-05
-4.0421797479748E+06,1.24399362847659E-05
-4.04216774677468E+06,1.25672743375637E-05
-4.04215574557456E+06,1.26952724322305E-05
-4.04214374437444E+06,1.28239305287165E-05
-4.04213174317432E+06,1.29532485825259E-05
-4.0421197419742E+06,1.30832265447134E-05
-4.04210774077408E+06,1.32138643618807E-05
-4.04209573957396E+06,1.3345161976173E-05
-4.04208373837384E+06,1.34771193252763E-05
-4.04207173717372E+06,1.3609736342413E-05
-4.0420597359736E+06,1.37430129563448E-05
-4.04204773477348E+06,1.38769490913483E-05
-4.04203573357336E+06,1.40115446672425E-05
-4.04202373237324E+06,1.41467995993655E-05
-4.04201173117312E+06,1.4282713798576E-05
-4.041999729973E+06,1.44192871712502E-05
-4.04198772877288E+06,1.45565196192792E-05
-4.04197572757276E+06,1.46944110400649E-05
-4.04196372637264E+06,1.48329613265178E-05
-4.04195172517252E+06,1.49721703670535E-05
-4.0419397239724E+06,1.51120380455953E-05
-4.04192772277228E+06,1.52525642415492E-05
-4.04191572157216E+06,1.53937488298338E-05
-4.04190372037204E+06,1.55355916808554E-05
-4.04189171917192E+06,1.56780926605109E-05
-4.0418797179718E+06,1.58212516301842E-05
-4.04186771677168E+06,1.59650684467442E-05
-4.04185571557156E+06,1.6109542962541E-05
-4.04184371437144E+06,1.6254675025404E-05
-4.04183171317132E+06,1.64004644786385E-05
-4.0418197119712E+06,1.65469111610289E-05
-4.04180771077108E+06,1.66940149068132E-05
-4.04179570957096E+06,1.68417755457144E-05
-4.04178370837084E+06,1.69901929029147E-05
-4.04177170717072E+06,1.71392667990593E-05
-4.0417597059706E+06,1.72889970502529E-05
-4.04174770477048E+06,1.74393834680582E-05
-4.04173570357036E+06,1.7590425859492E-05
-4.04172370237024E+06,1.77421240270238E-05
-4.04171170117012E+06,1.78944777685727E-05
-4.04169969997E+06,1.8047486877511E-05
-4.04168769876988E+06,1.82011511426378E-05
-4.04167569756976E+06,1.83554703482128E-05
-4.04166369636964E+06,1.85104442739293E-05
-4.04165169516952E+06,1.86660726949184E-05
-4.0416396939694E+06,1.88223553817463E-05
-4.04162769276928E+06,1.89792921004125E-05
-4.04161569156916E+06,1.91368826123466E-05
-4.04160369036904E+06,1.92951266744069E-05
-4.04159168916892E+06,1.9454024038884E-05
-4.0415796879688E+06,1.96135744534741E-05
-4.04156768676868E+06,1.97737776613131E-05
-4.04155568556856E+06,1.9934633400951E-05
-4.04154368436844E+06,2.00961414063547E-05
-4.04153168316832E+06,2.0258301406907E-05
-4.0415196819682E+06,2.04211131274037E-05
-4.04150768076808E+06,2.05845762880522E-05
-4.04149567956796E+06,2.07486906044688E-05
-4.04148367836784E+06,2.09134557876775E-05
-4.04147167716772E+06,2.10788715441137E-05
-4.0414596759676E+06,2.12449375755974E-05
-4.04144767476748E+06,2.1411653579369E-05
-4.04143567356736E+06,2.15790192480625E-05
-4.04142367236724E+06,2.17470342697094E-05
-4.04141167116712E+06,2.19156983277377E-05
-4.041399669967E+06,2.20850111009691E-05
-4.04138766876688E+06,2.22549722636182E-05
-4.04137566756676E+06,2.24255814852904E-05
-4.04136366636664E+06,2.25968384309798E-05
-4.04135166516652E+06,2.2768742761075E-05
-4.0413396639664E+06,2.29412941313304E-05
-4.04132766276628E+06,2.31144921929041E-05
-4.04131566156616E+06,2.32883365923307E-05
-4.04130366036604E+06,2.34628269715254E-05
-4.04129165916592E+06,2.36379629677834E-05
-4.0412796579658E+06,2.38137442137775E-05
-4.04126765676568E+06,2.39901703375574E-05
-4.04125565556556E+06,2.41672409625477E-05
-4.04124365436544E+06,2.43449557075471E-05
-4.04123165316532E+06,2.45233141867331E-05
-4.0412196519652E+06,2.47023160096339E-05
-4.04120765076508E+06,2.48819607811679E-05
-4.04119564956496E+06,2.50622481016153E-05
-4.04118364836484E+06,2.5243177566623E-05
-4.04117164716472E+06,2.54247487672042E-05
-4.0411596459646E+06,2.56069612897368E-05
-4.04114764476448E+06,2.57898147159621E-05
-4.04113564356436E+06,2.59733086229839E-05
-4.04112364236424E+06,2.61574425832748E-05
-4.04111164116412E+06,2.63422161646454E-05
-4.041099639964E+06,2.65276289302878E-05
-4.04108763876388E+06,2.67136804387443E-05
-4.04107563756376E+06,2.69003702439151E-05
-4.04106363636364E+06,2.7087697895056E-05
-4.04105163516352E+06,2.72756629367785E-05
-4.0410396339634E+06,2.74642649090481E-05
-4.04102763276328E+06,2.76535033471842E-05
-4.04101563156316E+06,2.78433777818584E-05
-4.04100363036304E+06,2.80338877391018E-05
-4.04099162916292E+06,2.82250327402741E-05
-4.0409796279628E+06,2.84168123021079E-05
-4.04096762676268E+06,2.86092259366773E-05
-4.04095562556256E+06,2.88022731514059E-05
-4.04094362436244E+06,2.89959534490653E-05
-4.04093162316232E+06,2.91902663277742E-05
-4.0409196219622E+06,2.9385211280999E-05
-4.04090762076208E+06,2.9580787797552E-05
-4.04089561956196E+06,2.97769953615911E-05
-4.04088361836184E+06,2.99738334526279E-05
-4.04087161716172E+06,3.01713015454951E-05
-4.0408596159616E+06,3.03693991103932E-05
-4.04084761476148E+06,3.05681256128586E-05
-4.04083561356136E+06,3.07674805137717E-05
-4.04082361236124E+06,3.09674632693555E-05
-4.04081161116112E+06,3.11680733311764E-05
-4.040799609961E+06,3.13693101461428E-05
-4.04078760876088E+06,3.15711731565058E-05
-4.04077560756076E+06,3.1773661799858E-05
-4.04076360636064E+06,3.19767755091424E-05
-4.04075160516052E+06,3.21805137126191E-05
-4.0407396039604E+06,3.2384875833914E-05
-4.04072760276028E+06,3.25898612919858E-05
-4.04071560156016E+06,3.27954695011349E-05
-4.04070360036004E+06,3.30016998710028E-05
-4.04069159915992E+06,3.3208551806572E-05
-4.0406795979598E+06,3.3416024708166E-05
-4.04066759675968E+06,3.36241179714497E-05
-4.04065559555956E+06,3.38328309874371E-05
-4.04064359435944E+06,3.40421631424595E-05
-4.04063159315932E+06,3.42521138182133E-05
-4.0406195919592E+06,3.44626823917291E-05
-4.04060759075908E+06,3.46738682353787E-05
-4.04059558955896E+06,3.48856707168761E-05
-4.04058358835884E+06,3.50980891992772E-05
-4.04057158715872E+06,3.5311123040981E-05
-4.0405595859586E+06,3.55247715957283E-05
-4.04054758475848E+06,3.5739034212604E-05
-4.04053558355836E+06,3.5953910236044E-05
-4.04052358235824E+06,3.61693990058035E-05
-4.04051158115812E+06,3.63854998570067E-05
-4.040499579958E+06,3.66022121201144E-05
-4.04048757875788E+06,3.68195351209326E-05
-4.04047557755776E+06,3.7037468180613E-05
-4.04046357635764E+06,3.72560106156533E-05
-4.04045157515752E+06,3.74751617378988E-05
-4.0404395739574E+06,3.76949208545412E-05
-4.04042757275728E+06,3.79152872681214E-05
-4.04041557155716E+06,3.81362602765368E-05
-4.04040357035704E+06,3.83578391730092E-05
-4.04039156915692E+06,3.85800232461358E-05
-4.0403795679568E+06,3.88028117798567E-05
-4.04036756675668E+06,3.90262040534632E-05
-4.04035556555656E+06,3.92501993415999E-05
-4.04034356435644E+06,3.94747969142642E-05
-4.04033156315632E+06,3.96999960368085E-05
-4.0403195619562E+06,3.99257959699397E-05
-4.04030756075608E+06,4.01521959697218E-05
-4.04029555955596E+06,4.03791952875839E-05
-4.04028355835584E+06,4.06067931702876E-05
-4.04027155715572E+06,4.08349888599801E-05
-4.0402595559556E+06,4.10637815941595E-05
-4.04024755475548E+06,4.12931706056861E-05
-4.04023555355536E+06,4.15231551227825E-05
-4.04022355235524E+06,4.17537343690349E-05
-4.04021155115512E+06,4.19849075633947E-05
-4.040199549955E+06,4.22166739201791E-05
-4.04018754875488E+06,4.24490326490824E-05
-4.04017554755476E+06,4.26819829551399E-05
-4.04016354635464E+06,4.29155240387845E-05
-4.04015154515452E+06,4.31496550958111E-05
-4.0401395439544E+06,4.33843753173879E-05
-4.04012754275428E+06,4.36196838900568E-05
-4.04011554155416E+06,4.38555799957359E-05
-4.04010354035404E+06,4.409206281172E-05
-4.04009153915392E+06,4.43291315106829E-05
-4.0400795379538E+06,4.45667852606783E-05
-4.04006753675368E+06,4.48050232251513E-05
-4.04005553555356E+06,4.50438445629027E-05
-4.04004353435344E+06,4.52832484281455E-05
-4.04003153315332E+06,4.55232339704707E-05
-4.0400195319532E+06,4.57638003348579E-05
-4.04000753075308E+06,4.60049466616762E-05
-4.03999552955296E+06,4.62466720866871E-05
-4.03998352835284E+06,4.64889757410456E-05
-4.03997152715272E+06,4.67318567513025E-05
-4.0399595259526E+06,4.69753142394056E-05
-4.03994752475248E+06,4.72193473227121E-05
-4.03993552355236E+06,4.74639551139511E-05
-4.03992352235224E+06,4.77091367212843E-05
-4.03991152115212E+06,4.79548912482683E-05
-4.039899519952E+06,4.82012177938675E-05
-4.03988751875188E+06,4.84481154524549E-05
-4.03987551755176E+06,4.86955833138155E-05
-4.03986351635164E+06,4.89436204631472E-05
-4.03985151515152E+06,4.91922259810638E-05
-4.0398395139514E+06,4.94413989435965E-05
-4.03982751275128E+06,4.96911384222066E-05
-4.03981551155116E+06,4.99414434837483E-05
-4.03980351035104E+06,5.01923131905296E-05
-4.03979150915092E+06,5.0443746600275E-05
-4.0397795079508E+06,5.06957427661389E-05
-4.03976750675068E+06,5.09483007367064E-05
-4.03975550555056E+06,5.12014195559972E-05
-4.03974350435044E+06,5.14550982634667E-05
-4.03973150315032E+06,5.17093358940098E-05
-4.0397195019502E+06,5.19641314779718E-05
-4.03970750075008E+06,5.22194840411128E-05
-4.03969549954996E+06,5.24753926046684E-05
-4.03968349834984E+06,5.27318561853138E-05
-4.03967149714972E+06,5.29888737951751E-05
-4.0396594959496E+06,5.32464444418335E-05
-4.03964749474948E+06,5.35045671283262E-05
-4.03963549354936E+06,5.3763240853151E-05
-4.03962349234924E+06,5.40224646102672E-05
-4.03961149114912E+06,5.42822373890998E-05
-4.039599489949E+06,5.45425581745518E-05
-4.03958748874888E+06,5.4803425946967E-05
-4.03957548754876E+06,5.50648396821925E-05
-4.03956348634864E+06,5.53267983515427E-05
-4.03955148514852E+06,5.55893009218108E-05
-4.0395394839484E+06,5.58523463552736E-05
-4.03952748274828E+06,5.61159336096922E-05
-4.03951548154816E+06,5.63800616383174E-05
-4.03950348034804E+06,5.66447293898909E-05
-4.03949147914792E+06,5.69099358086497E-05
-4.0394794779478E+06,5.71756798343385E-05
-4.03946747674768E+06,5.74419604021727E-05
-4.03945547554756E+06,5.77087764429022E-05
-4.03944347434744E+06,5.79761268827749E-05
-4.03943147314732E+06,5.82440106435486E-05
-4.0394194719472E+06,5.85124266424962E-05
-4.03940747074708E+06,5.87813737924067E-05
-4.03939546954696E+06,5.90508510015908E-05
-4.03938346834684E+06,5.93208571738834E-05
-4.03937146714672E+06,5.9591391208646E-05
-4.0393594659466E+06,5.98624520007826E-05
-4.03934746474648E+06,6.01340384406998E-05
-4.03933546354636E+06,6.04061494143735E-05
-4.03932346234624E+06,6.06787838033112E-05
-4.03931146114612E+06,6.0951940484565E-05
-4.039299459946E+06,6.12256183307362E-05
-4.03928745874588E+06,6.14998162099781E-05
-4.03927545754576E+06,6.17745329860007E-05
-4.03926345634564E+06,6.20497675180731E-05
-4.03925145514552E+06,6.23255186610286E-05
-4.0392394539454E+06,6.2601785265278E-05
-4.03922745274528E+06,6.28785661767716E-05
-4.03921545154516E+06,6.31558602370662E-05
-4.03920345034504E+06,6.34336662832875E-05
-4.03919144914492E+06,6.37119831481432E-05
-4.0391794479448E+06,6.39908096599283E-05
-4.03916744674468E+06,6.42701446425284E-05
-4.03915544554456E+06,6.45499869154232E-05
-4.03914344434444E+06,6.48303352936917E-05
-4.03913144314432E+06,6.51111885880266E-05
-4.0391194419442E+06,6.53925456046942E-05
-4.03910744074408E+06,6.5674405145605E-05
-4.03909543954396E+06,6.59567660082735E-05
-4.03908343834384E+06,6.62396269858338E-05
-4.03907143714372E+06,6.65229868670431E-05
-4.0390594359436E+06,6.68068444362873E-05
-4.03904743474348E+06,6.70911984735833E-05
-4.03903543354336E+06,6.73760477545856E-05
-4.03902343234324E+06,6.76613910505885E-05
-4.03901143114312E+06,6.79472271285435E-05
-4.038999429943E+06,6.82335547510176E-05
-4.03898742874288E+06,6.85203726762659E-05
-4.03897542754276E+06,6.88076796581901E-05
-4.03896342634264E+06,6.90954744463561E-05
-4.03895142514252E+06,6.93837557859962E-05
-4.0389394239424E+06,6.96725224180158E-05
-4.03892742274228E+06,6.99617730789968E-05
-4.03891542154216E+06,7.02515065012027E-05
-4.03890342034204E+06,7.05417214125826E-05
-4.03889141914192E+06,7.08324165367886E-05
-4.0388794179418E+06,7.11235905931336E-05
-4.03886741674168E+06,7.14152422966655E-05
-4.03885541554156E+06,7.17073703581254E-05
-4.03884341434144E+06,7.19999734839652E-05
-4.03883141314132E+06,7.22930503763507E-05
-4.0388194119412E+06,7.25865997331686E-05
-4.03880741074108E+06,7.28806202480291E-05
-4.03879540954096E+06,7.31751106102731E-05
-4.03878340834084E+06,7.34700695049755E-05
-4.03877140714072E+06,7.37654956129629E-05
-4.0387594059406E+06,7.40613876107716E-05
-4.03874740474048E+06,7.4357744170723E-05
-4.03873540354036E+06,7.4654563960881E-05
-4.03872340234024E+06,7.49518456450707E-05
-4.03871140114012E+06,7.5249587882882E-05
-4.03869939994E+06,7.55477893296754E-05
-4.03868739873988E+06,7.58464486365871E-05
-4.03867539753976E+06,7.61455644505347E-05
-4.03866339633964E+06,7.64451354142336E-05
-4.03865139513952E+06,7.67451601661564E-05
-4.0386393939394E+06,7.70456373406072E-05
-4.03862739273928E+06,7.73465655676818E-05
-4.03861539153916E+06,7.76479434732832E-05
-4.03860339033904E+06,7.79497696791286E-05
-4.03859138913892E+06,7.82520428027537E-05
-4.0385793879388E+06,7.85547614575194E-05
-4.03856738673868E+06,7.88579242526157E-05
-4.03855538553856E+06,7.91615297930697E-05
-4.03854338433844E+06,7.94655766797603E-05
-4.03853138313832E+06,7.97700635093792E-05
-4.0385193819382E+06,8.00749888745054E-05
-4.03850738073808E+06,8.03803513635651E-05
-4.03849537953796E+06,8.06861495608489E-05
-4.03848337833784E+06,8.09923820465167E-05
-4.03847137713772E+06,8.12990473966051E-05
-4.0384593759376E+06,8.16061441830323E-05
-4.03844737473748E+06,8.19136709736035E-05
-4.03843537353736E+06,8.22216263320186E-05
-4.03842337233724E+06,8.25300088178878E-05
-4.03841137113712E+06,8.2838816986692E-05
-4.038399369937E+06,8.31480493898587E-05
-4.03838736873688E+06,8.34577045747218E-05
-4.03837536753676E+06,8.37677810845381E-05
-4.03836336633664E+06,8.4078277458495E-05
-4.03835136513652E+06,8.43891922317153E-05
-4.0383393639364E+06,8.47005239352644E-05
-4.03832736273628E+06,8.50122710961554E-05
-4.03831536153616E+06,8.5324432237357E-05
-4.03830336033604E+06,8.56370058778098E-05
-4.03829135913592E+06,8.59499905323861E-05
-4.0382793579358E+06,8.6263384711968E-05
-4.03826735673568E+06,8.65771869234046E-05
-4.03825535553556E+06,8.68913956695323E-05
-4.03824335433544E+06,8.720600944918E-05
-4.03823135313532E+06,8.75210267571753E-05
-4.0382193519352E+06,8.78364460843523E-05
-4.03820735073508E+06,8.81522659175566E-05
-4.03819534953496E+06,8.84684847396657E-05
-4.03818334833484E+06,8.87851010295448E-05
-4.03817134713472E+06,8.91021132621289E-05
-4.0381593459346E+06,8.94195199083785E-05
-4.03814734473448E+06,8.97373194353004E-05
-4.03813534353436E+06,9.00555103059528E-05
-4.03812334233424E+06,9.03740909794532E-05
-4.03811134113412E+06,9.06930599109844E-05
-4.038099339934E+06,9.10124155518023E-05
-4.03808733873388E+06,9.13321563492411E-05
-4.03807533753376E+06,9.16522807467347E-05
-4.03806333633364E+06,9.19727871837723E-05
-4.03805133513352E+06,9.22936740959803E-05
-4.0380393339334E+06,9.26149399150799E-05
-4.03802733273328E+06,9.29365830689067E-05
-4.03801533153316E+06,9.32586019814166E-05
-4.03800333033304E+06,9.35809950726944E-05
-4.03799132913292E+06,9.39037607589594E-05
-4.0379793279328E+06,9.42268974525741E-05
-4.03796732673268E+06,9.45504035620497E-05
-4.03795532553256E+06,9.48742774920675E-05
-4.03794332433244E+06,9.51985176434343E-05
-4.03793132313232E+06,9.55231224131665E-05
-4.0379193219322E+06,9.58480901944458E-05
-4.03790732073208E+06,9.61734193766404E-05
-4.03789531953196E+06,9.6499108345311E-05
-4.03788331833184E+06,9.68251554822195E-05
-4.03787131713172E+06,9.7151559165335E-05
-4.0378593159316E+06,9.7478317768843E-05
-4.03784731473148E+06,9.78054296631509E-05
-4.03783531353136E+06,9.81328932149098E-05
-4.03782331233124E+06,9.84607067869706E-05
-4.03781131113112E+06,9.87888687384679E-05
-4.037799309931E+06,9.91173774247761E-05
-4.03778730873088E+06,9.94462311975311E-05
-4.03777530753076E+06,9.97754284046366E-05
-4.03776330633064E+06,1.00104967390273E-04
-4.03775130513052E+06,1.00434846494904E-04
-4.0377393039304E+06,1.00765064055284E-04
-4.03772730273028E+06,1.0109561840447E-04
-4.03771530153016E+06,1.01426507871835E-04
-4.03770330033004E+06,1.01757730783032E-04
-4.03769129912992E+06,1.02089285460072E-04
-4.0376792979298E+06,1.02421170221287E-04
-4.03766729672968E+06,1.02753383381346E-04
-4.03765529552956E+06,1.03085923251266E-04
-4.03764329432944E+06,1.03418788138418E-04
-4.03763129312932E+06,1.03751976346534E-04
-4.0376192919292E+06,1.04085486175721E-04
-4.03760729072908E+06,1.04419315922475E-04
-4.03759528952896E+06,1.0475346387964E-04
-4.03758328832884E+06,1.05087928336495E-04
-4.03757128712872E+06,1.0542270757871E-04
-4.0375592859286E+06,1.05757799888365E-04
-4.03754728472848E+06,1.06093203543961E-04
-4.03753528352836E+06,1.06428916820428E-04
-4.03752328232824E+06,1.06764937989131E-04
-4.03751128112812E+06,1.0710126531788E-04
-4.037499279928E+06,1.07437897070938E-04
-4.03748727872788E+06,1.07774831509044E-04
-4.03747527752776E+06,1.08112066889366E-04
-4.03746327632764E+06,1.08449601465592E-04
-4.03745127512752E+06,1.08787433487881E-04
-4.0374392739274E+06,1.0912556120289E-04
-4.03742727272728E+06,1.09463982853779E-04
-4.03741527152716E+06,1.0980269668022E-04
-4.03740327032704E+06,1.10141700918408E-04
-4.03739126912692E+06,1.10480993801067E-04
-4.0373792679268E+06,1.10820573557458E-04
-4.03736726672668E+06,1.11160438413406E-04
-4.03735526552656E+06,1.11500586591249E-04
-4.03734326432644E+06,1.11841016309931E-04
-4.03733126312632E+06,1.12181725784956E-04
-4.0373192619262E+06,1.12522713228412E-04
-4.03730726072608E+06,1.12863976848975E-04
-4.03729525952596E+06,1.13205514851924E-04
-4.03728325832584E+06,1.13547325439147E-04
-4.03727125712572E+06,1.13889406809147E-04
-4.0372592559256E+06,1.14231757157058E-04
-4.03724725472548E+06,1.14574374674661E-04
-4.03723525352536E+06,1.14917257550343E-04
-4.03722325232524E+06,1.15260403969183E-04
-4.03721125112512E+06,1.15603812112914E-04
-4.037199249925E+06,1.15947480159937E-04
-4.03718724872488E+06,1.16291406285337E-04
-4.03717524752476E+06,1.16635588660889E-04
-4.03716324632464E+06,1.16980025455069E-04
-4.03715124512452E+06,1.1732471483306E-04
-4.0371392439244E+06,1.17669654956778E-04
-4.03712724272428E+06,1.18014843984828E-04
-4.03711524152416E+06,1.18360280072589E-04
-4.03710324032404E+06,1.18705961372176E-04
-4.03709123912392E+06,1.19051886032458E-04
-4.0370792379238E+06,1.19398052199071E-04
-4.03706723672368E+06,1.19744458014424E-04
-4.03705523552356E+06,1.2009110161771E-04
-4.03704323432344E+06,1.20437981144918E-04
-4.03703123312332E+06,1.20785094728838E-04
-4.0370192319232E+06,1.21132440499087E-04
-4.03700723072308E+06,1.21480016582065E-04
-4.03699522952296E+06,1.21827821101043E-04
-4.03698322832284E+06,1.22175852176121E-04
-4.03697122712272E+06,1.2252410792425E-04
-4.0369592259226E+06,1.22872586459243E-04
-4.03694722472248E+06,1.23221285891782E-04
-4.03693522352236E+06,1.23570204329432E-04
-4.03692322232224E+06,1.23919339876647E-04
-4.03691122112212E+06,1.24268690634781E-04
-4.036899219922E+06,1.24618254702114E-04
-4.03688721872188E+06,1.24968030173802E-04
-4.03687521752176E+06,1.25318015141974E-04
-4.03686321632164E+06,1.25668207695685E-04
-4.03685121512152E+06,1.2601860592094E-04
-4.0368392139214E+06,1.26369207900702E-04
-4.03682721272128E+06,1.26720011714907E-04
-4.03681521152116E+06,1.27071015440469E-04
-4.03680321032104E+06,1.27422217151292E-04
-4.03679120912092E+06,1.27773614918282E-04
-4.0367792079208E+06,1.28125206809367E-04
-4.03676720672068E+06,1.28476990889455E-04
-4.03675520552056E+06,1.28828965220528E-04
-4.03674320432044E+06,1.29181127861592E-04
-4.03673120312032E+06,1.29533476868706E-04
-4.0367192019202E+06,1.29886010294992E-04
-4.03670720072008E+06,1.3023872619064E-04
-4.03669519951996E+06,1.30591622602926E-04
-4.03668319831984E+06,1.30944697576217E-04
-4.03667119711972E+06,1.31297949151997E-04
-4.0366591959196E+06,1.31651375368823E-04
-4.03664719471948E+06,1.32004974262415E-04
-4.03663519351936E+06,1.32358743865616E-04
-4.03662319231924E+06,1.32712682208414E-04
-4.03661119111912E+06,1.3306678731795E-04
-4.036599189919E+06,1.33421057218533E-04
-4.03658718871888E+06,1.3377548993165E-04
-4.03657518751876E+06,1.34130083475972E-04
-4.03656318631864E+06,1.34484835867371E-04
-4.03655118511852E+06,1.3483974511894E-04
-4.0365391839184E+06,1.3519480924095E-04
-4.03652718271828E+06,1.35550026240943E-04
-4.03651518151816E+06,1.35905394123691E-04
-4.03650318031804E+06,1.36260910891215E-04
-4.03649117911792E+06,1.36616574542798E-04
-4.0364791779178E+06,1.36972383074999E-04
-4.03646717671768E+06,1.3732833448166E-04
-4.03645517551756E+06,1.37684426753917E-04
-4.03644317431744E+06,1.38040657880215E-04
-4.03643117311732E+06,1.38397025846328E-04
-4.0364191719172E+06,1.38753528635316E-04
-4.03640717071708E+06,1.39110164227622E-04
-4.03639516951696E+06,1.39466930601023E-04
-4.03638316831684E+06,1.39823825730659E-04
-4.03637116711672E+06,1.40180847589041E-04
-4.0363591659166E+06,1.40537994146064E-04
-4.03634716471648E+06,1.40895263369019E-04
-4.03633516351636E+06,1.41252653222601E-04
-4.03632316231624E+06,1.41610161668923E-04
-4.03631116111612E+06,1.4196778666754E-04
-4.036299159916E+06,1.42325526175404E-04
-4.03628715871588E+06,1.42683378146962E-04
-4.03627515751576E+06,1.43041340534107E-04
-4.03626315631564E+06,1.43399411286206E-04
-4.03625115511552E+06,1.43757588350112E-04
-4.0362391539154E+06,1.44115869670173E-04
-4.03622715271528E+06,1.44474253188246E-04
-4.03621515151516E+06,1.44832736843706E-04
-4.03620315031504E+06,1.45191318573474E-04
-4.03619114911492E+06,1.4554999631197E-04
-4.0361791479148E+06,1.4590876799121E-04
-4.03616714671468E+06,1.46267631540762E-04
-4.03615514551456E+06,1.46626584887771E-04
-4.03614314431444E+06,1.46985625956969E-04
-4.03613114311432E+06,1.4734475267069E-04
-4.0361191419142E+06,1.47703962948878E-04
-4.03610714071408E+06,1.48063254709102E-04
-4.03609513951396E+06,1.48422625866567E-04
-4.03608313831384E+06,1.48782074334135E-04
-4.03607113711372E+06,1.4914159802229E-04
-4.0360591359136E+06,1.49501194839225E-04
-4.03604713471348E+06,1.49860862690803E-04
-4.03603513351336E+06,1.50220599480581E-04
-4.03602313231324E+06,1.50580403109821E-04
-4.03601113111312E+06,1.50940271477504E-04
-4.035999129913E+06,1.51300202480341E-04
-4.03598712871288E+06,1.51660194012785E-04
-4.03597512751276E+06,1.52020243967043E-04
-4.03596312631264E+06,1.52380350233101E-04
-4.03595112511252E+06,1.52740510698681E-04
-4.0359391239124E+06,1.53100723249339E-04
-4.03592712271228E+06,1.53460985768417E-04
-4.03591512151216E+06,1.53821296137071E-04
-4.03590312031204E+06,1.54181652234285E-04
-4.03589111911192E+06,1.5454205193688E-04
-4.0358791179118E+06,1.54902493119529E-04
-4.03586711671168E+06,1.55262973654766E-04
-4.03585511551156E+06,1.55623491413003E-04
-4.03584311431144E+06,1.5598404426255E-04
-4.03583111311132E+06,1.56344630069578E-04
-4.0358191119112E+06,1.56705246698208E-04
-4.03580711071108E+06,1.57065892010476E-04
-4.03579510951096E+06,1.57426563866352E-04
-4.03578310831084E+06,1.57787260123754E-04
-4.03577110711072E+06,1.58147978638564E-04
-4.0357591059106E+06,1.58508717264636E-04
-4.03574710471048E+06,1.58869473853812E-04
-4.03573510351036E+06,1.59230246255946E-04
-4.03572310231024E+06,1.59591032318861E-04
-4.03571110111012E+06,1.59951829888446E-04
-4.03569909991E+06,1.60312636808615E-04
-4.03568709870988E+06,1.60673450921326E-04
-4.03567509750976E+06,1.61034270066604E-04
-4.03566309630964E+06,1.61395092082544E-04
-4.03565109510952E+06,1.61755914805331E-04
-4.0356390939094E+06,1.62116736069248E-04
-4.03562709270928E+06,1.62477553706692E-04
-4.03561509150916E+06,1.62838365548196E-04
-4.03560309030904E+06,1.63199169422392E-04
-4.03559108910892E+06,1.63559963156104E-04
-4.0355790879088E+06,1.63920744574304E-04
-4.03556708670868E+06,1.64281511500141E-04
-4.03555508550856E+06,1.64642261754953E-04
-4.03554308430844E+06,1.65002993158282E-04
-4.03553108310832E+06,1.65363703527881E-04
-4.0355190819082E+06,1.65724390679733E-04
-4.03550708070808E+06,1.66085052428063E-04
-4.03549507950796E+06,1.66445686585362E-04
-4.03548307830784E+06,1.66806290962345E-04
-4.03547107710772E+06,1.67166863368051E-04
-4.0354590759076E+06,1.67527401609796E-04
-4.03544707470748E+06,1.67887903493202E-04
-4.03543507350736E+06,1.68248366822212E-04
-4.03542307230724E+06,1.68608789399098E-04
-4.03541107110712E+06,1.68969169024479E-04
-4.035399069907E+06,1.69329503497331E-04
-4.03538706870688E+06,1.69689790615004E-04
-4.03537506750676E+06,1.70050028173244E-04
-4.03536306630664E+06,1.70410213966155E-04
-4.03535106510652E+06,1.70770345786292E-04
-4.0353390639064E+06,1.71130421424623E-04
-4.03532706270628E+06,1.71490438670552E-04
-4.03531506150616E+06,1.71850395311934E-04
-4.03530306030604E+06,1.7221028913509E-04
-4.03529105910592E+06,1.72570117924817E-04
-4.0352790579058E+06,1.72929879464404E-04
-4.03526705670568E+06,1.73289571535646E-04
-4.03525505550556E+06,1.73649191918866E-04
-4.03524305430544E+06,1.74008738392881E-04
-4.03523105310532E+06,1.74368208735093E-04
-4.0352190519052E+06,1.74727600721447E-04
-4.03520705070508E+06,1.75086912126462E-04
-4.03519504950496E+06,1.75446140723242E-04
-4.03518304830484E+06,1.7580528428349E-04
-4.03517104710472E+06,1.76164340577521E-04
-4.0351590459046E+06,1.76523307374278E-04
-4.03514704470448E+06,1.76882182441355E-04
-4.03513504350436E+06,1.77240963544961E-04
-4.03512304230424E+06,1.77599648450012E-04
-4.03511104110412E+06,1.77958234920091E-04
-4.035099039904E+06,1.78316720717477E-04
-4.03508703870388E+06,1.78675103603155E-04
-4.03507503750376E+06,1.79033381336835E-04
-4.03506303630364E+06,1.79391551676961E-04
-4.03505103510352E+06,1.79749612380727E-04
-4.0350390339034E+06,1.8010756120409E-04
-4.03502703270328E+06,1.80465395901801E-04
-4.03501503150316E+06,1.80823114227358E-04
-4.03500303030304E+06,1.81180713933105E-04
-4.03499102910292E+06,1.81538192770194E-04
-4.0349790279028E+06,1.81895548488609E-04
-4.03496702670268E+06,1.8225277883718E-04
-4.03495502550256E+06,1.82609881563599E-04
-4.03494302430244E+06,1.82966854414431E-04
-4.03493102310232E+06,1.83323695135133E-04
-4.0349190219022E+06,1.83680401470063E-04
-4.03490702070208E+06,1.84036971162509E-04
-4.03489501950196E+06,1.84393401954652E-04
-4.03488301830184E+06,1.84749691587655E-04
-4.03487101710172E+06,1.85105837801631E-04
-4.0348590159016E+06,1.85461838335664E-04
-4.03484701470148E+06,1.85817690927825E-04
-4.03483501350136E+06,1.86173393315188E-04
-4.03482301230124E+06,1.86528943233844E-04
-4.03481101110112E+06,1.86884338418912E-04
-4.034799009901E+06,1.87239576604557E-04
-4.03478700870088E+06,1.87594655524016E-04
-4.03477500750076E+06,1.87949572909556E-04
-4.03476300630064E+06,1.88304326492577E-04
-4.03475100510052E+06,1.88658914003561E-04
-4.0347390039004E+06,1.89013333172111E-04
-4.03472700270028E+06,1.89367581726958E-04
-4.03471500150016E+06,1.89721657395978E-04
-4.03470300030004E+06,1.90075557906205E-04
-4.03469099909992E+06,1.90429280983848E-04
-4.0346789978998E+06,1.90782824354318E-04
-4.03466699669968E+06,1.91136185742186E-04
-4.03465499549956E+06,1.9148936287128E-04
-4.03464299429944E+06,1.91842353464649E-04
-4.03463099309932E+06,1.92195155244584E-04
-4.0346189918992E+06,1.9254776593264E-04
-4.03460699069908E+06,1.92900183249643E-04
-4.03459498949896E+06,1.93252404915713E-04
-4.03458298829884E+06,1.93604428650271E-04
-4.03457098709872E+06,1.93956252172057E-04
-4.0345589858986E+06,1.94307873199159E-04
-4.03454698469848E+06,1.94659289448972E-04
-4.03453498349836E+06,1.95010498638293E-04
-4.03452298229824E+06,1.95361498483284E-04
-4.03451098109812E+06,1.957122866995E-04
-4.034498979898E+06,1.96062861001899E-04
-4.03448697869788E+06,1.96413219104866E-04
-4.03447497749776E+06,1.96763358722218E-04
-4.03446297629764E+06,1.97113277567223E-04
-4.03445097509752E+06,1.97462973352619E-04
-4.0344389738974E+06,1.97812443790632E-04
-4.03442697269728E+06,1.98161686592948E-04
-4.03441497149716E+06,1.98510699470801E-04
-4.03440297029704E+06,1.98859480134938E-04
-4.03439096909692E+06,1.99208026295645E-04
-4.0343789678968E+06,1.99556335662765E-04
-4.03436696669667E+06,1.99904405945707E-04
-4.03435496549655E+06,2.00252234853468E-04
-4.03434296429644E+06,2.00599820094644E-04
-4.03433096309632E+06,2.00947159377445E-04
-4.0343189618962E+06,2.01294250409725E-04
-4.03430696069608E+06,2.01641090898941E-04
-4.03429495949595E+06,2.01987678552252E-04
-4.03428295829583E+06,2.02334011076476E-04
-4.03427095709571E+06,2.02680086178122E-04
-4.0342589558956E+06,2.03025901563405E-04
-4.03424695469548E+06,2.03371454938257E-04
-4.03423495349536E+06,2.03716744008349E-04
-4.03422295229524E+06,2.04061766479097E-04
-4.03421095109511E+06,2.044065200557E-04
-4.03419894989499E+06,2.04751002443097E-04
-4.03418694869487E+06,2.05095211346059E-04
-4.03417494749476E+06,2.05439144469159E-04
-4.03416294629464E+06,2.05782799516793E-04
-4.03415094509452E+06,2.061261741932E-04
-4.0341389438944E+06,2.06469266202474E-04
-4.03412694269428E+06,2.06812073248581E-04
-4.03411494149416E+06,2.07154593035375E-04
-4.03410294029404E+06,2.07496823266612E-04
-4.03409093909391E+06,2.07838761645977E-04
-4.0340789378938E+06,2.08180405877051E-04
-4.03406693669367E+06,2.08521753663401E-04
-4.03405493549355E+06,2.08862802708543E-04
-4.03404293429343E+06,2.09203550715976E-04
-4.03403093309331E+06,2.0954399538919E-04
-4.0340189318932E+06,2.09884134431685E-04
-4.03400693069308E+06,2.10223965546987E-04
-4.03399492949296E+06,2.10563486438662E-04
-4.03398292829284E+06,2.10902694810333E-04
-4.03397092709271E+06,2.11241588365705E-04
-4.03395892589259E+06,2.11580164808533E-04
-4.03394692469247E+06,2.11918421842712E-04
-4.03393492349235E+06,2.12256357172243E-04
-4.03392292229223E+06,2.12593968501259E-04
-4.03391092109212E+06,2.12931253534044E-04
-4.033898919892E+06,2.13268209975044E-04
-4.03388691869188E+06,2.13604835528886E-04
-4.03387491749176E+06,2.13941127900393E-04
-4.03386291629163E+06,2.14277084794598E-04
-4.03385091509151E+06,2.14612703916775E-04
-4.03383891389139E+06,2.149479829724E-04
-4.03382691269128E+06,2.15282919667248E-04
-4.03381491149116E+06,2.15617511707352E-04
-4.03380291029104E+06,2.15951756799035E-04
-4.03379090909092E+06,2.16285652648927E-04
-4.03377890789079E+06,2.16619196963975E-04
-4.03376690669067E+06,2.16952387451467E-04
-4.03375490549055E+06,2.17285221819038E-04
-4.03374290429043E+06,2.17617697774694E-04
-4.03373090309031E+06,2.17949813026836E-04
-4.0337189018902E+06,2.18281565284226E-04
-4.03370690069008E+06,2.1861295225608E-04
-4.03369489948995E+06,2.18943971652031E-04
-4.03368289828983E+06,2.19274621182159E-04
-4.03367089708971E+06,2.19604898557007E-04
-4.03365889588959E+06,2.19934801487595E-04
-4.03364689468947E+06,2.20264327685437E-04
-4.03363489348935E+06,2.20593474862559E-04
-4.03362289228923E+06,2.20922240731522E-04
-4.03361089108911E+06,2.21250623005393E-04
-4.03359888988899E+06,2.21578619397833E-04
-4.03358688868887E+06,2.21906227623066E-04
-4.03357488748875E+06,2.22233445395903E-04
-4.03356288628863E+06,2.2256027043176E-04
-4.03355088508851E+06,2.22886700446675E-04
-4.03353888388839E+06,2.23212733157324E-04
-4.03352688268827E+06,2.23538366281034E-04
-4.03351488148815E+06,2.23863597535802E-04
-4.03350288028803E+06,2.24188424640322E-04
-4.03349087908791E+06,2.24512845313952E-04
-4.03347887788779E+06,2.24836857276804E-04
-4.03346687668767E+06,2.2516045824971E-04
-4.03345487548755E+06,2.25483645954252E-04
-4.03344287428743E+06,2.25806418112776E-04
-4.03343087308731E+06,2.2612877244841E-04
-4.03341887188719E+06,2.26450706685079E-04
-4.03340687068707E+06,2.26772218547519E-04
-4.03339486948695E+06,2.27093305761299E-04
-4.03338286828683E+06,2.27413966052843E-04
-4.03337086708671E+06,2.27734197149399E-04
-4.03335886588659E+06,2.28053996779131E-04
-4.03334686468647E+06,2.28373362671085E-04
-4.03333486348635E+06,2.28692292555216E-04
-4.03332286228623E+06,2.29010784162403E-04
-4.03331086108611E+06,2.29328835224471E-04
-4.033298859886E+06,2.296464434742E-04
-4.03328685868587E+06,2.29963606645345E-04
-4.03327485748575E+06,2.30280322472654E-04
-4.03326285628563E+06,2.30596588691891E-04
-4.03325085508551E+06,2.30912403039808E-04
-4.03323885388539E+06,2.31227763254234E-04
-4.03322685268527E+06,2.31542667074039E-04
-4.03321485148515E+06,2.31857112239165E-04
-4.03320285028503E+06,2.32171096490645E-04
-4.03319084908491E+06,2.32484617570612E-04
-4.03317884788479E+06,2.32797673222322E-04
-4.03316684668467E+06,2.33110261190169E-04
-4.03315484548455E+06,2.33422379219708E-04
-4.03314284428443E+06,2.33734025057632E-04
-4.03313084308431E+06,2.34045196451852E-04
-4.03311884188419E+06,2.34355891151472E-04
-4.03310684068407E+06,2.34666106906811E-04
-4.03309483948395E+06,2.34975841469427E-04
-4.03308283828383E+06,2.35285092592125E-04
-4.03307083708371E+06,2.35593858028979E-04
-4.03305883588359E+06,2.35902135535347E-04
-4.03304683468347E+06,2.36209922867886E-04
-4.03303483348335E+06,2.36517217784584E-04
-4.03302283228323E+06,2.36824018044723E-04
-4.03301083108311E+06,2.37130321408971E-04
-4.03299882988299E+06,2.37436125639351E-04
-4.03298682868287E+06,2.37741428499266E-04
-4.03297482748275E+06,2.3804622775352E-04
-4.03296282628263E+06,2.38350521168329E-04
-4.03295082508251E+06,2.38654306511342E-04
-4.03293882388239E+06,2.38957581551656E-04
-4.03292682268227E+06,2.39260344059832E-04
-4.03291482148215E+06,2.39562591807923E-04
-4.03290282028203E+06,2.39864322569445E-04
-4.03289081908191E+06,2.40165534119461E-04
-4.03287881788179E+06,2.40466224234553E-04
-4.03286681668167E+06,2.40766390692852E-04
-4.03285481548155E+06,2.41066031274049E-04
-4.03284281428143E+06,2.41365143759415E-04
-4.03283081308131E+06,2.4166372593182E-04
-4.03281881188119E+06,2.41961775575742E-04
-4.03280681068107E+06,2.42259290477293E-04
-4.03279480948095E+06,2.42556268424239E-04
-4.03278280828083E+06,2.42852707205974E-04
-4.03277080708071E+06,2.43148604613607E-04
-4.03275880588059E+06,2.4344395843993E-04
-4.03274680468047E+06,2.43738766479445E-04
-4.03273480348035E+06,2.44033026528385E-04
-4.03272280228023E+06,2.44326736384727E-04
-4.03271080108011E+06,2.4461989384821E-04
-4.03269879987999E+06,2.44912496720351E-04
-4.03268679867987E+06,2.45204542804472E-04
-4.03267479747975E+06,2.45496029905674E-04
-4.03266279627963E+06,2.4578695583092E-04
-4.03265079507951E+06,2.46077318389004E-04
-4.03263879387939E+06,2.46367115390585E-04
-4.03262679267927E+06,2.46656344648195E-04
-4.03261479147915E+06,2.46945003976264E-04
-4.03260279027903E+06,2.47233091191133E-04
-4.03259078907891E+06,2.47520604111068E-04
-4.03257878787879E+06,2.47807540556282E-04
-4.03256678667867E+06,2.48093898348959E-04
-4.03255478547855E+06,2.48379675313228E-04
-4.03254278427843E+06,2.48664869275244E-04
-4.03253078307831E+06,2.48949478063163E-04
-4.03251878187819E+06,2.49233499507169E-04
-4.03250678067807E+06,2.49516931439489E-04
-4.03249477947795E+06,2.49799771694412E-04
-4.03248277827783E+06,2.50082018108305E-04
-4.03247077707771E+06,2.50363668519627E-04
-4.03245877587759E+06,2.50644720768951E-04
-4.03244677467747E+06,2.50925172698987E-04
-4.03243477347735E+06,2.51205022154555E-04
-4.03242277227723E+06,2.51484266982673E-04
-4.03241077107711E+06,2.51762905032522E-04
-4.03239876987699E+06,2.5204093415548E-04
-4.03238676867687E+06,2.52318352205134E-04
-4.03237476747675E+06,2.52595157037301E-04
-4.03236276627663E+06,2.5287134651004E-04
-4.03235076507651E+06,2.53146918483675E-04
-4.03233876387639E+06,2.53421870820805E-04
-4.03232676267627E+06,2.53696201386336E-04
-4.03231476147615E+06,2.53969908047453E-04
-4.03230276027603E+06,2.54242988673702E-04
-4.03229075907591E+06,2.5451544113696E-04
-4.03227875787579E+06,2.54787263311472E-04
-4.03226675667567E+06,2.55058453073855E-04
-4.03225475547555E+06,2.55329008303126E-04
-4.03224275427543E+06,2.55598926880712E-04
-4.03223075307531E+06,2.55868206690467E-04
-4.03221875187519E+06,2.56136845618705E-04
-4.03220675067507E+06,2.56404841554167E-04
-4.03219474947495E+06,2.56672192388107E-04
-4.03218274827483E+06,2.56938896014263E-04
-4.03217074707471E+06,2.57204950328886E-04
-4.03215874587459E+06,2.57470353230755E-04
-4.03214674467447E+06,2.57735102621198E-04
-4.03213474347435E+06,2.57999196404102E-04
-4.03212274227423E+06,2.58262632485937E-04
-4.03211074107411E+06,2.58525408775768E-04
-4.03209873987399E+06,2.58787523185282E-04
-4.03208673867387E+06,2.59048973628767E-04
-4.03207473747375E+06,2.59309758023188E-04
-4.03206273627363E+06,2.59569874288164E-04
-4.03205073507351E+06,2.59829320345991E-04
-4.03203873387339E+06,2.60088094121667E-04
-4.03202673267327E+06,2.60346193542899E-04
-4.03201473147315E+06,2.60603616540127E-04
-4.03200273027303E+06,2.60860361046539E-04
-4.03199072907291E+06,2.61116424998086E-04
-4.03197872787279E+06,2.61371806333509E-04
-4.03196672667267E+06,2.61626502994319E-04
-4.03195472547255E+06,2.61880512924869E-04
-4.03194272427243E+06,2.62133834072335E-04
-4.03193072307231E+06,2.62386464386742E-04
-4.03191872187219E+06,2.62638401820976E-04
-4.03190672067207E+06,2.62889644330809E-04
-4.03189471947195E+06,2.63140189874909E-04
-4.03188271827183E+06,2.63390036414859E-04
-4.03187071707171E+06,2.63639181915174E-04
-4.03185871587159E+06,2.6388762434333E-04
-4.03184671467147E+06,2.64135361669736E-04
-4.03183471347135E+06,2.64382391867814E-04
-4.03182271227123E+06,2.64628712913977E-04
-4.03181071107111E+06,2.64874322787649E-04
-4.03179870987099E+06,2.65119219471293E-04
-4.03178670867087E+06,2.65363400950416E-04
-4.03177470747075E+06,2.65606865213594E-04
-4.03176270627063E+06,2.65849610252487E-04
-4.03175070507051E+06,2.66091634061861E-04
-4.03173870387039E+06,2.66332934639572E-04
-4.03172670267027E+06,2.66573509986638E-04
-4.03171470147015E+06,2.66813358107217E-04
-4.03170270027003E+06,2.67052477008634E-04
-4.03169069906991E+06,2.67290864701398E-04
-4.03167869786979E+06,2.67528519199218E-04
-4.03166669666967E+06,2.67765438519019E-04
-4.03165469546955E+06,2.68001620680963E-04
-4.03164269426943E+06,2.68237063708459E-04
-4.03163069306931E+06,2.68471765628195E-04
-4.03161869186919E+06,2.68705724470115E-04
-4.03160669066907E+06,2.68938938267492E-04
-4.03159468946895E+06,2.69171405056906E-04
-4.03158268826883E+06,2.69403122878273E-04
-4.03157068706871E+06,2.69634089774859E-04
-4.03155868586859E+06,2.698643037933E-04
-4.03154668466847E+06,2.70093762983613E-04
-4.03153468346835E+06,2.7032246539922E-04
-4.03152268226823E+06,2.70550409096959E-04
-4.03151068106811E+06,2.70777592137113E-04
-4.03149867986799E+06,2.71004012583388E-04
-4.03148667866787E+06,2.71229668502988E-04
-4.03147467746775E+06,2.7145455796659E-04
-4.03146267626763E+06,2.71678679048375E-04
-4.03145067506751E+06,2.71902029826041E-04
-4.03143867386739E+06,2.72124608380823E-04
-4.03142667266727E+06,2.72346412797505E-04
-4.03141467146715E+06,2.72567441164441E-04
-4.03140267026703E+06,2.72787691573572E-04
-4.03139066906691E+06,2.73007162120447E-04
-4.03137866786679E+06,2.7322585090421E-04
-4.03136666666667E+06,2.73443756027663E-04
-4.03135466546655E+06,2.73660875597254E-04
-4.03134266426643E+06,2.738772077231E-04
-4.03133066306631E+06,2.74092750519002E-04
-4.03131866186619E+06,2.74307502102463E-04
-4.03130666066607E+06,2.74521460594704E-04
-4.03129465946595E+06,2.74734624120685E-04
-4.03128265826583E+06,2.74946990809113E-04
-4.03127065706571E+06,2.75158558792475E-04
-4.03125865586559E+06,2.75369326207018E-04
-4.03124665466547E+06,2.75579291192815E-04
-4.03123465346535E+06,2.7578845189375E-04
-4.03122265226523E+06,2.75996806457542E-04
-4.03121065106511E+06,2.7620435303576E-04
-4.03119864986499E+06,2.76411089783845E-04
-4.03118664866487E+06,2.7661701486112E-04
-4.03117464746475E+06,2.76822126430811E-04
-4.03116264626463E+06,2.77026422660068E-04
-4.03115064506451E+06,2.77229901719956E-04
-4.03113864386439E+06,2.77432561785511E-04
-4.03112664266427E+06,2.77634401035731E-04
-4.03111464146415E+06,2.77835417653598E-04
-4.03110264026403E+06,2.78035609826096E-04
-4.03109063906391E+06,2.78234975744226E-04
-4.03107863786379E+06,2.78433513603023E-04
-4.03106663666367E+06,2.78631221601571E-04
-4.03105463546355E+06,2.78828097943026E-04
-4.03104263426343E+06,2.79024140834629E-04
-4.03103063306331E+06,2.79219348487705E-04
-4.03101863186319E+06,2.79413719117713E-04
-4.03100663066307E+06,2.79607250944241E-04
-4.03099462946295E+06,2.79799942191026E-04
-4.03098262826283E+06,2.79991791085972E-04
-4.03097062706271E+06,2.80182795861164E-04
-4.03095862586259E+06,2.80372954752887E-04
-4.03094662466247E+06,2.80562266001643E-04
-4.03093462346235E+06,2.80750727852165E-04
-4.03092262226223E+06,2.80938338553442E-04
-4.03091062106211E+06,2.81125096358706E-04
-4.03089861986199E+06,2.81310999525493E-04
-4.03088661866187E+06,2.8149604631563E-04
-4.03087461746175E+06,2.81680234995256E-04
-4.03086261626163E+06,2.81863563834844E-04
-4.03085061506151E+06,2.82046031109213E-04
-4.03083861386139E+06,2.82227635097544E-04
-4.03082661266127E+06,2.824083740834E-04
-4.03081461146115E+06,2.8258824635474E-04
-4.03080261026103E+06,2.82767250203942E-04
-4.03079060906091E+06,2.82945383927791E-04
-4.03077860786079E+06,2.83122645827542E-04
-4.03076660666067E+06,2.832990342089E-04
-4.03075460546055E+06,2.83474547382053E-04
-4.03074260426043E+06,2.8364918366168E-04
-4.03073060306031E+06,2.83822941366971E-04
-4.03071860186019E+06,2.83995818821645E-04
-4.03070660066007E+06,2.84167814353961E-04
-4.03069459945995E+06,2.84338926296748E-04
-4.03068259825983E+06,2.84509152987389E-04
-4.03067059705971E+06,2.84678492767878E-04
-4.03065859585959E+06,2.84846943984813E-04
-4.03064659465947E+06,2.85014504989416E-04
-4.03063459345935E+06,2.85181174137547E-04
-4.03062259225923E+06,2.85346949789727E-04
-4.03061059105911E+06,2.85511830311149E-04
-4.03059858985899E+06,2.85675814071694E-04
-4.03058658865887E+06,2.85838899445951E-04
-4.03057458745875E+06,2.86001084813234E-04
-4.03056258625863E+06,2.8616236855758E-04
-4.03055058505851E+06,2.86322749067796E-04
-4.03053858385839E+06,2.86482224737453E-04
-4.03052658265827E+06,2.86640793964912E-04
-4.03051458145815E+06,2.86798455153331E-04
-4.03050258025803E+06,2.86955206710692E-04
-4.03049057905791E+06,2.87111047049807E-04
-4.03047857785779E+06,2.87265974588344E-04
-4.03046657665767E+06,2.87419987748832E-04
-4.03045457545755E+06,2.87573084958695E-04
-4.03044257425743E+06,2.87725264650232E-04
-4.03043057305731E+06,2.87876525260681E-04
-4.03041857185719E+06,2.880268652322E-04
-4.03040657065707E+06,2.88176283011898E-04
-4.03039456945695E+06,2.88324777051844E-04
-4.03038256825683E+06,2.88472345809088E-04
-4.03037056705671E+06,2.88618987745674E-04
-4.03035856585659E+06,2.88764701328659E-04
-4.03034656465647E+06,2.88909485030123E-04
-4.03033456345635E+06,2.890533373272E-04
-4.03032256225623E+06,2.8919625670206E-04
-4.03031056105611E+06,2.8933824164197E-04
-4.03029855985599E+06,2.89479290639278E-04
-4.03028655865587E+06,2.89619402191441E-04
-4.03027455745575E+06,2.89758574801038E-04
-4.03026255625563E+06,2.89896806975784E-04
-4.03025055505551E+06,2.90034097228552E-04
-4.03023855385539E+06,2.90170444077381E-04
-4.03022655265527E+06,2.90305846045504E-04
-4.03021455145515E+06,2.90440301661338E-04
-4.03020255025503E+06,2.90573809458535E-04
-4.03019054905491E+06,2.90706367975971E-04
-4.03017854785479E+06,2.90837975757776E-04
-4.03016654665467E+06,2.9096863135334E-04
-4.03015454545455E+06,2.91098333317337E-04
-4.03014254425443E+06,2.91227080209734E-04
-4.03013054305431E+06,2.91354870595813E-04
-4.03011854185419E+06,2.9148170304618E-04
-4.03010654065407E+06,2.91607576136792E-04
-4.03009453945395E+06,2.91732488448947E-04
-4.03008253825383E+06,2.91856438569336E-04
-4.03007053705371E+06,2.91979425090033E-04
-4.03005853585359E+06,2.92101446608516E-04
-4.03004653465347E+06,2.92222501727687E-04
-4.03003453345335E+06,2.92342589055884E-04
-4.03002253225323E+06,2.92461707206898E-04
-4.03001053105311E+06,2.92579854799986E-04
-4.02999852985299E+06,2.9269703045989E-04
-4.02998652865287E+06,2.92813232816856E-04
-4.02997452745275E+06,2.9292846050663E-04
-4.02996252625263E+06,2.93042712170501E-04
-4.02995052505251E+06,2.93155986455301E-04
-4.02993852385239E+06,2.93268282013422E-04
-4.02992652265227E+06,2.93379597502831E-04
-4.02991452145215E+06,2.93489931587088E-04
-4.02990252025203E+06,2.93599282935362E-04
-4.02989051905191E+06,2.9370765022244E-04
-4.02987851785179E+06,2.93815032128752E-04
-4.02986651665167E+06,2.93921427340383E-04
-4.02985451545155E+06,2.94026834549073E-04
-4.02984251425143E+06,2.94131252452261E-04
-4.02983051305131E+06,2.94234679753079E-04
-4.02981851185119E+06,2.94337115160377E-04
-4.02980651065107E+06,2.9443855738873E-04
-4.02979450945095E+06,2.94539005158461E-04
-4.02978250825083E+06,2.94638457195654E-04
-4.02977050705071E+06,2.94736912232166E-04
-4.02975850585059E+06,2.94834369005648E-04
-4.02974650465047E+06,2.94930826259558E-04
-4.02973450345035E+06,2.95026282743165E-04
-4.02972250225023E+06,2.95120737211584E-04
-4.02971050105011E+06,2.95214188425781E-04
-4.02969849984999E+06,2.95306635152586E-04
-4.02968649864987E+06,2.9539807616471E-04
-4.02967449744975E+06,2.95488510240762E-04
-4.02966249624963E+06,2.95577936165263E-04
-4.02965049504951E+06,2.95666352728659E-04
-4.02963849384939E+06,2.95753758727344E-04
-4.02962649264927E+06,2.95840152963656E-04
-4.02961449144915E+06,2.95925534245916E-04
-4.02960249024903E+06,2.96009901388427E-04
-4.02959048904891E+06,2.96093253211497E-04
-4.02957848784879E+06,2.96175588541447E-04
-4.02956648664867E+06,2.96256906210632E-04
-4.02955448544855E+06,2.96337205057451E-04
-4.02954248424843E+06,2.96416483926366E-04
-4.02953048304831E+06,2.96494741667915E-04
-4.02951848184819E+06,2.96571977138729E-04
-4.02950648064807E+06,2.96648189201536E-04
-4.02949447944795E+06,2.96723376725194E-04
-4.02948247824783E+06,2.96797538584694E-04
-4.02947047704771E+06,2.96870673661174E-04
-4.02945847584759E+06,2.9694278084194E-04
-4.02944647464747E+06,2.97013859020477E-04
-4.02943447344735E+06,2.97083907096461E-04
-4.02942247224723E+06,2.97152923975782E-04
-4.02941047104711E+06,2.97220908570548E-04
-4.02939846984699E+06,2.97287859799111E-04
-4.02938646864687E+06,2.97353776586068E-04
-4.02937446744675E+06,2.97418657862289E-04
-4.02936246624663E+06,2.97482502564925E-04
-4.02935046504651E+06,2.97545309637422E-04
-4.02933846384639E+06,2.97607078029539E-04
-4.02932646264627E+06,2.97667806697358E-04
-4.02931446144615E+06,2.97727494603302E-04
-4.02930246024603E+06,2.97786140716148E-04
-4.02929045904591E+06,2.97843744011042E-04
-4.02927845784579E+06,2.97900303469515E-04
-4.02926645664567E+06,2.9795581807949E-04
-4.02925445544555E+06,2.98010286835307E-04
-4.02924245424543E+06,2.9806370873773E-04
-4.02923045304531E+06,2.98116082793966E-04
-4.02921845184519E+06,2.98167408017674E-04
-4.02920645064507E+06,2.98217683428984E-04
-4.02919444944495E+06,2.98266908054509E-04
-4.02918244824483E+06,2.98315080927358E-04
-4.02917044704471E+06,2.98362201087157E-04
-4.02915844584459E+06,2.9840826758005E-04
-4.02914644464447E+06,2.98453279458728E-04
-4.02913444344435E+06,2.98497235782433E-04
-4.02912244224423E+06,2.98540135616977E-04
-4.02911044104411E+06,2.98581978034754E-04
-4.02909843984399E+06,2.98622762114756E-04
-4.02908643864387E+06,2.98662486942584E-04
-4.02907443744375E+06,2.98701151610463E-04
-4.02906243624363E+06,2.9873875521726E-04
-4.02905043504351E+06,2.98775296868494E-04
-4.02903843384339E+06,2.98810775676346E-04
-4.02902643264327E+06,2.98845190759683E-04
-4.02901443144315E+06,2.98878541244064E-04
-4.02900243024303E+06,2.98910826261759E-04
-4.02899042904291E+06,2.98942044951758E-04
-4.02897842784279E+06,2.98972196459787E-04
-4.02896642664267E+06,2.99001279938323E-04
-4.02895442544255E+06,2.99029294546607E-04
-4.02894242424243E+06,2.99056239450657E-04
-4.02893042304231E+06,2.99082113823283E-04
-4.02891842184219E+06,2.99106916844098E-04
-4.02890642064207E+06,2.99130647699535E-04
-4.02889441944195E+06,2.9915330558286E-04
-4.02888241824183E+06,2.99174889694185E-04
-4.02887041704171E+06,2.9919539924048E-04
-4.02885841584159E+06,2.99214833435589E-04
-4.02884641464147E+06,2.99233191500245E-04
-4.02883441344135E+06,2.99250472662078E-04
-4.02882241224123E+06,2.99266676155633E-04
-4.02881041104111E+06,2.99281801222384E-04
-4.02879840984099E+06,2.99295847110743E-04
-4.02878640864087E+06,2.99308813076078E-04
-4.02877440744075E+06,2.99320698380726E-04
-4.02876240624063E+06,2.99331502294002E-04
-4.02875040504051E+06,2.99341224092217E-04
-4.02873840384039E+06,2.9934986305869E-04
-4.02872640264027E+06,2.99357418483762E-04
-4.02871440144015E+06,2.99363889664806E-04
-4.02870240024003E+06,2.99369275906244E-04
-4.02869039903991E+06,2.99373576519559E-04
-4.02867839783979E+06,2.99376790823307E-04
-4.02866639663967E+06,2.99378918143134E-04
-4.02865439543955E+06,2.99379957811784E-04
-4.02864239423943E+06,2.99379909169114E-04
-4.02863039303931E+06,2.99378771562111E-04
-4.02861839183919E+06,2.99376544344898E-04
-4.02860639063907E+06,2.99373226878752E-04
-4.02859438943895E+06,2.99368818532118E-04
-4.02858238823883E+06,2.99363318680617E-04
-4.02857038703871E+06,2.99356726707063E-04
-4.02855838583859E+06,2.99349042001474E-04
-4.02854638463847E+06,2.99340263961088E-04
-4.02853438343835E+06,2.99330391990369E-04
-4.02852238223823E+06,2.9931942550103E-04
-4.02851038103811E+06,2.99307363912035E-04
-4.02849837983799E+06,2.9929420664962E-04
-4.02848637863787E+06,2.99279953147303E-04
-4.02847437743775E+06,2.99264602845895E-04
-4.02846237623763E+06,2.99248155193514E-04
-4.02845037503751E+06,2.992306096456E-04
-4.02843837383739E+06,2.99211965664924E-04
-4.02842637263727E+06,2.99192222721604E-04
-4.02841437143715E+06,2.99171380293112E-04
-4.02840237023703E+06,2.99149437864295E-04
-4.02839036903691E+06,2.9912639492738E-04
-4.02837836783679E+06,2.99102250981991E-04
-4.02836636663667E+06,2.99077005535159E-04
-4.02835436543655E+06,2.99050658101335E-04
-4.02834236423643E+06,2.99023208202404E-04
-4.02833036303631E+06,2.98994655367698E-04
-4.02831836183619E+06,2.98964999134003E-04
-4.02830636063607E+06,2.98934239045576E-04
-4.02829435943595E+06,2.98902374654159E-04
-4.02828235823583E+06,2.98869405518984E-04
-4.02827035703571E+06,2.98835331206794E-04
-4.02825835583559E+06,2.9880015129185E-04
-4.02824635463547E+06,2.98763865355942E-04
-4.02823435343535E+06,2.98726472988405E-04
-4.02822235223523E+06,2.98687973786132E-04
-4.02821035103511E+06,2.98648367353581E-04
-4.02819834983499E+06,2.9860765330279E-04
-4.02818634863487E+06,2.98565831253388E-04
-4.02817434743475E+06,2.9852290083261E-04
-4.02816234623463E+06,2.98478861675306E-04
-4.02815034503451E+06,2.98433713423953E-04
-4.02813834383439E+06,2.98387455728668E-04
-4.02812634263427E+06,2.9834008824722E-04
-4.02811434143415E+06,2.98291610645041E-04
-4.02810234023403E+06,2.9824202259524E-04
-4.02809033903391E+06,2.98191323778611E-04
-4.02807833783379E+06,2.98139513883648E-04
-4.02806633663367E+06,2.98086592606554E-04
-4.02805433543355E+06,2.98032559651258E-04
-4.02804233423343E+06,2.97977414729418E-04
-4.02803033303331E+06,2.97921157560441E-04
-4.02801833183319E+06,2.97863787871492E-04
-4.02800633063307E+06,2.97805305397501E-04
-4.02799432943295E+06,2.97745709881181E-04
-4.02798232823283E+06,2.97685001073039E-04
-4.02797032703271E+06,2.97623178731383E-04
-4.02795832583259E+06,2.97560242622334E-04
-4.02794632463247E+06,2.97496192519843E-04
-4.02793432343235E+06,2.97431028205696E-04
-4.02792232223223E+06,2.9736474946953E-04
-4.02791032103211E+06,2.9729735610884E-04
-4.02789831983199E+06,2.97228847928996E-04
-4.02788631863187E+06,2.97159224743249E-04
-4.02787431743175E+06,2.9708848637274E-04
-4.02786231623163E+06,2.97016632646527E-04
-4.02785031503151E+06,2.96943663401573E-04
-4.02783831383139E+06,2.96869578482774E-04
-4.02782631263127E+06,2.96794377742963E-04
-4.02781431143115E+06,2.96718061042924E-04
-4.02780231023103E+06,2.96640628251402E-04
-4.02779030903091E+06,2.96562079245113E-04
-4.02777830783079E+06,2.96482413908757E-04
-4.02776630663067E+06,2.96401632135022E-04
-4.02775430543055E+06,2.96319733824614E-04
-4.02774230423043E+06,2.96236718886242E-04
-4.02773030303031E+06,2.96152587236647E-04
-4.02771830183019E+06,2.96067338800604E-04
-4.02770630063007E+06,2.9598097351094E-04
-4.02769429942995E+06,2.95893491308538E-04
-4.02768229822983E+06,2.95804892142351E-04
-4.02767029702971E+06,2.95715175969412E-04
-4.02765829582959E+06,2.95624342754845E-04
-4.02764629462947E+06,2.95532392471872E-04
-4.02763429342935E+06,2.95439325101837E-04
-4.02762229222923E+06,2.95345140634196E-04
-4.02761029102911E+06,2.95249839066542E-04
-4.02759828982899E+06,2.9515342040461E-04
-4.02758628862887E+06,2.95055884662289E-04
-4.02757428742875E+06,2.94957231861635E-04
-4.02756228622863E+06,2.94857462032874E-04
-4.02755028502851E+06,2.94756575214421E-04
-4.02753828382839E+06,2.94654571452884E-04
-4.02752628262827E+06,2.94551450803072E-04
-4.02751428142815E+06,2.94447213328023E-04
-4.02750228022803E+06,2.94341859098988E-04
-4.02749027902791E+06,2.94235388195459E-04
-4.02747827782779E+06,2.94127800705173E-04
-4.02746627662767E+06,2.94019096724123E-04
-4.02745427542755E+06,2.93909276356569E-04
-4.02744227422743E+06,2.93798339715047E-04
-4.02743027302731E+06,2.93686286920379E-04
-4.02741827182719E+06,2.93573118101684E-04
-4.02740627062707E+06,2.9345883339638E-04
-4.02739426942695E+06,2.93343432950217E-04
-4.02738226822683E+06,2.93226916917256E-04
-4.02737026702671E+06,2.93109285459899E-04
-4.02735826582659E+06,2.92990538748893E-04
-4.02734626462647E+06,2.92870676963337E-04
-4.02733426342635E+06,2.927497002907E-04
-4.02732226222623E+06,2.92627608926821E-04
-4.02731026102611E+06,2.92504403075924E-04
-4.02729825982599E+06,2.92380082950628E-04
-4.02728625862587E+06,2.92254648771949E-04
-4.02727425742575E+06,2.92128100769329E-04
-4.02726225622563E+06,2.9200043918062E-04
-4.02725025502551E+06,2.91871664252108E-04
-4.02723825382539E+06,2.9174177623852E-04
-4.02722625262527E+06,2.91610775403035E-04
-4.02721425142515E+06,2.91478662017291E-04
-4.02720225022503E+06,2.91345436361392E-04
-4.02719024902491E+06,2.91211098723923E-04
-4.02717824782479E+06,2.9107564940195E-04
-4.02716624662467E+06,2.90939088701052E-04
-4.02715424542455E+06,2.90801416935295E-04
-4.02714224422443E+06,2.90662634427268E-04
-4.02713024302431E+06,2.90522741508083E-04
-4.02711824182419E+06,2.90381738517383E-04
-4.02710624062407E+06,2.90239625803354E-04
-4.02709423942395E+06,2.90096403722732E-04
-4.02708223822383E+06,2.89952072640813E-04
-4.02707023702371E+06,2.89806632931462E-04
-4.02705823582359E+06,2.89660084977113E-04
-4.02704623462347E+06,2.89512429168806E-04
-4.02703423342335E+06,2.89363665906157E-04
-4.02702223222323E+06,2.89213795597391E-04
-4.02701023102311E+06,2.89062818659346E-04
-4.02699822982299E+06,2.8891073551748E-04
-4.02698622862287E+06,2.88757546605882E-04
-4.02697422742275E+06,2.88603252367276E-04
-4.02696222622263E+06,2.88447853253034E-04
-4.02695022502251E+06,2.88291349723185E-04
-4.02693822382239E+06,2.88133742246411E-04
-4.02692622262227E+06,2.87975031300087E-04
-4.02691422142215E+06,2.87815217370249E-04
-4.02690222022203E+06,2.87654300951627E-04
-4.02689021902191E+06,2.8749228254765E-04
-4.02687821782179E+06,2.87329162670449E-04
-4.02686621662167E+06,2.8716494184087E-04
-4.02685421542155E+06,2.86999620588479E-04
-4.02684221422143E+06,2.86833199451573E-04
-4.02683021302131E+06,2.86665678977187E-04
-4.02681821182119E+06,2.86497059721092E-04
-4.02680621062107E+06,2.86327342247835E-04
-4.02679420942095E+06,2.86156527130705E-04
-4.02678220822083E+06,2.85984614951765E-04
-4.02677020702071E+06,2.85811606301858E-04
-4.02675820582059E+06,2.8563750178061E-04
-4.02674620462047E+06,2.85462301996442E-04
-4.02673420342035E+06,2.85286007566574E-04
-4.02672220222023E+06,2.85108619117037E-04
-4.02671020102011E+06,2.84930137282668E-04
-4.02669819981999E+06,2.84750562707152E-04
-4.02668619861987E+06,2.84569896042983E-04
-4.02667419741975E+06,2.84388137951501E-04
-4.02666219621963E+06,2.84205289102893E-04
-4.02665019501951E+06,2.84021350176201E-04
-4.02663819381939E+06,2.83836321859327E-04
-4.02662619261927E+06,2.83650204849044E-04
-4.02661419141915E+06,2.83462999850998E-04
-4.02660219021903E+06,2.83274707579722E-04
-4.02659018901891E+06,2.83085328758631E-04
-4.02657818781879E+06,2.82894864120061E-04
-4.02656618661867E+06,2.8270331440523E-04
-4.02655418541855E+06,2.82510680364278E-04
-4.02654218421843E+06,2.82316962756262E-04
-4.02653018301831E+06,2.82122162349169E-04
-4.02651818181819E+06,2.81926279919916E-04
-4.02650618061807E+06,2.81729316254365E-04
-4.02649417941795E+06,2.81531272147322E-04
-4.02648217821783E+06,2.8133214840255E-04
-4.02647017701771E+06,2.81131945832764E-04
-4.02645817581759E+06,2.80930665259673E-04
-4.02644617461747E+06,2.80728307513935E-04
-4.02643417341735E+06,2.805248734352E-04
-4.02642217221723E+06,2.80320363872105E-04
-4.02641017101711E+06,2.80114779682284E-04
-4.02639816981699E+06,2.7990812173237E-04
-4.02638616861687E+06,2.79700390898008E-04
-4.02637416741675E+06,2.79491588063855E-04
-4.02636216621663E+06,2.79281714123591E-04
-4.02635016501651E+06,2.79070769979915E-04
-4.02633816381639E+06,2.78858756544585E-04
-4.02632616261627E+06,2.78645674738376E-04
-4.02631416141615E+06,2.78431525491118E-04
-4.02630216021603E+06,2.78216309741693E-04
-4.02629015901591E+06,2.78000028438043E-04
-4.02627815781579E+06,2.77782682537176E-04
-4.02626615661567E+06,2.77564273005173E-04
-4.02625415541555E+06,2.7734480081719E-04
-4.02624215421543E+06,2.77124266957463E-04
-4.02623015301531E+06,2.76902672419338E-04
-4.02621815181519E+06,2.76680018205237E-04
-4.02620615061507E+06,2.76456305326688E-04
-4.02619414941495E+06,2.7623153480433E-04
-4.02618214821483E+06,2.76005707667914E-04
-4.02617014701471E+06,2.75778824956312E-04
-4.02615814581459E+06,2.75550887717519E-04
-4.02614614461447E+06,2.75321897008663E-04
-4.02613414341435E+06,2.75091853896007E-04
-4.02612214221423E+06,2.7486075945495E-04
-4.02611014101411E+06,2.74628614770063E-04
-4.02609813981399E+06,2.74395420935045E-04
-4.02608613861387E+06,2.74161179052762E-04
-4.02607413741375E+06,2.73925890235245E-04
-4.02606213621363E+06,2.73689555603696E-04
-4.02605013501351E+06,2.7345217628849E-04
-4.02603813381339E+06,2.73213753429183E-04
-4.02602613261327E+06,2.72974288174518E-04
-4.02601413141315E+06,2.72733781682427E-04
-4.02600213021303E+06,2.72492235120032E-04
-4.02599012901291E+06,2.72249649663681E-04
-4.02597812781279E+06,2.72006026498903E-04
-4.02596612661267E+06,2.71761366820446E-04
-4.02595412541255E+06,2.71515671832275E-04
-4.02594212421243E+06,2.71268942747577E-04
-4.02593012301231E+06,2.71021180788765E-04
-4.02591812181219E+06,2.70772387187484E-04
-4.02590612061207E+06,2.70522563184615E-04
-4.02589411941195E+06,2.70271710030279E-04
-4.02588211821183E+06,2.70019828983834E-04
-4.02587011701171E+06,2.69766921313916E-04
-4.02585811581159E+06,2.69512988298389E-04
-4.02584611461147E+06,2.69258031224384E-04
-4.02583411341135E+06,2.690020513883E-04
-4.02582211221123E+06,2.687450500958E-04
-4.02581011101111E+06,2.68487028661823E-04
-4.02579810981099E+06,2.68227988410585E-04
-4.02578610861087E+06,2.67967930675585E-04
-4.02577410741075E+06,2.67706856799607E-04
-4.02576210621063E+06,2.67444768134716E-04
-4.02575010501051E+06,2.67181666042301E-04
-4.02573810381039E+06,2.66917551893023E-04
-4.02572610261027E+06,2.66652427066854E-04
-4.02571410141015E+06,2.66386292953073E-04
-4.02570210021003E+06,2.66119150950272E-04
-4.02569009900991E+06,2.65851002466357E-04
-4.02567809780979E+06,2.65581848918554E-04
-4.02566609660967E+06,2.65311691733414E-04
-4.02565409540955E+06,2.65040532346801E-04
-4.02564209420943E+06,2.64768372203946E-04
-4.02563009300931E+06,2.64495212759379E-04
-4.02561809180919E+06,2.64221055476983E-04
-4.02560609060907E+06,2.63945901829981E-04
-4.02559408940895E+06,2.63669753300943E-04
-4.02558208820883E+06,2.63392611381787E-04
-4.02557008700871E+06,2.63114477573786E-04
-4.02555808580859E+06,2.6283535338757E-04
-4.02554608460847E+06,2.62555240343126E-04
-4.02553408340835E+06,2.62274139969797E-04
-4.02552208220823E+06,2.61992053806324E-04
-4.02551008100811E+06,2.61708983400785E-04
-4.02549807980799E+06,2.61424930310644E-04
-4.02548607860787E+06,2.61139896102741E-04
-4.02547407740775E+06,2.60853882353295E-04
-4.02546207620763E+06,2.6056689064791E-04
-4.02545007500751E+06,2.60278922581575E-04
-4.02543807380739E+06,2.59989979758667E-04
-4.02542607260727E+06,2.59700063792958E-04
-4.02541407140715E+06,2.59409176307601E-04
-4.02540207020703E+06,2.59117318935183E-04
-4.02539006900691E+06,2.58824493317657E-04
-4.02537806780679E+06,2.58530701106392E-04
-4.02536606660667E+06,2.58235943962161E-04
-4.02535406540655E+06,2.57940223555151E-04
-4.02534206420643E+06,2.57643541564955E-04
-4.02533006300631E+06,2.57345899680585E-04
-4.02531806180619E+06,2.57047299600467E-04
-4.02530606060607E+06,2.5674774303245E-04
-4.02529405940595E+06,2.56447231693789E-04
-4.02528205820583E+06,2.56145767311203E-04
-4.02527005700571E+06,2.558433516208E-04
-4.02525805580559E+06,2.55539986368129E-04
-4.02524605460547E+06,2.55235673308172E-04
-4.02523405340535E+06,2.54930414205344E-04
-4.02522205220523E+06,2.54624210833495E-04
-4.02521005100511E+06,2.54317064975915E-04
-4.02519804980499E+06,2.54008978425332E-04
-4.02518604860487E+06,2.53699952983906E-04
-4.02517404740475E+06,2.53389990463276E-04
-4.02516204620463E+06,2.53079092684492E-04
-4.02515004500451E+06,2.52767261478063E-04
-4.02513804380439E+06,2.5245449868395E-04
-4.02512604260427E+06,2.52140806151563E-04
-4.02511404140415E+06,2.51826185739769E-04
-4.02510204020403E+06,2.51510639316886E-04
-4.02509003900391E+06,2.51194168760692E-04
-4.02507803780379E+06,2.50876775958422E-04
-4.02506603660367E+06,2.5055846280676E-04
-4.02505403540355E+06,2.50239231211886E-04
-4.02504203420343E+06,2.4991908308941E-04
-4.02503003300331E+06,2.49598020364415E-04
-4.02501803180319E+06,2.49276044971452E-04
-4.02500603060307E+06,2.48953158854539E-04
-4.02499402940295E+06,2.48629363967161E-04
-4.02498202820283E+06,2.48304662272273E-04
-4.02497002700271E+06,2.47979055742304E-04
-4.02495802580259E+06,2.47652546359149E-04
-4.02494602460247E+06,2.4732513611417E-04
-4.02493402340234E+06,2.46996827008235E-04
-4.02492202220222E+06,2.46667621051653E-04
-4.0249100210021E+06,2.4633752026422E-04
-4.02489801980199E+06,2.4600652667521E-04
-4.02488601860187E+06,2.45674642323374E-04
-4.02487401740175E+06,2.4534186925694E-04
-4.02486201620163E+06,2.45008209533618E-04
-4.02485001500151E+06,2.44673665220596E-04
-4.02483801380139E+06,2.44338238394543E-04
-4.02482601260126E+06,2.44001931141596E-04
-4.02481401140115E+06,2.43664745557412E-04
-4.02480201020103E+06,2.43326683747094E-04
-4.02479000900091E+06,2.42987747825236E-04
-4.02477800780079E+06,2.42647939915919E-04
-4.02476600660067E+06,2.42307262152706E-04
-4.02475400540055E+06,2.41965716678641E-04
-4.02474200420043E+06,2.41623305646256E-04
-4.02473000300031E+06,2.41280031217565E-04
-4.02471800180019E+06,2.40935895564053E-04
-4.02470600060007E+06,2.40590900866728E-04
-4.02469399939995E+06,2.40245049316044E-04
-4.02468199819983E+06,2.39898343111954E-04
-4.0246699969997E+06,2.3955078446389E-04
-4.02465799579959E+06,2.39202375590774E-04
-4.02464599459947E+06,2.38853118721008E-04
-4.02463399339935E+06,2.38503016092481E-04
-4.02462199219923E+06,2.38152069952561E-04
-4.02460999099911E+06,2.37800282558104E-04
-4.02459798979898E+06,2.37447656175432E-04
-4.02458598859886E+06,2.37094193080392E-04
-4.02457398739875E+06,2.3673989555827E-04
-4.02456198619863E+06,2.3638476590385E-04
-4.02454998499851E+06,2.36028806421395E-04
-4.02453798379839E+06,2.35672019424649E-04
-4.02452598259827E+06,2.35314407236834E-04
-4.02451398139815E+06,2.34955972190653E-04
-4.02450198019802E+06,2.34596716628287E-04
-4.0244899789979E+06,2.34236642901393E-04
-4.02447797779778E+06,2.33875753371091E-04
-4.02446597659767E+06,2.33514050408019E-04
-4.02445397539755E+06,2.33151536392248E-04
-4.02444197419743E+06,2.32788213713335E-04
-4.02442997299731E+06,2.32424084770311E-04
-4.02441797179718E+06,2.32059151971679E-04
-4.02440597059706E+06,2.31693417735409E-04
-4.02439396939694E+06,2.31326884488945E-04
-4.02438196819683E+06,2.30959554669193E-04
-4.0243699669967E+06,2.30591430722531E-04
-4.02435796579659E+06,2.30222515104785E-04
-4.02434596459647E+06,2.29852810281286E-04
-4.02433396339634E+06,2.29482318726789E-04
-4.02432196219622E+06,2.29111042925519E-04
-4.0243099609961E+06,2.28738985371164E-04
-4.02429795979598E+06,2.28366148566867E-04
-4.02428595859586E+06,2.27992535025227E-04
-4.02427395739574E+06,2.27618147268299E-04
-4.02426195619563E+06,2.27242987827589E-04
-4.0242499549955E+06,2.2686705924404E-04
-4.02423795379538E+06,2.26490364068084E-04
-4.02422595259526E+06,2.26112904859561E-04
-4.02421395139514E+06,2.25734684187766E-04
-4.02420195019502E+06,2.2535570463144E-04
-4.0241899489949E+06,2.24975968778762E-04
-4.02417794779478E+06,2.24595479227351E-04
-4.02416594659466E+06,2.24214238584263E-04
-4.02415394539454E+06,2.23832249465985E-04
-4.02414194419442E+06,2.23449514498439E-04
-4.0241299429943E+06,2.2306603631696E-04
-4.02411794179418E+06,2.22681817566356E-04
-4.02410594059406E+06,2.22296860900814E-04
-4.02409393939394E+06,2.21911168983957E-04
-4.02408193819382E+06,2.2152474448883E-04
-4.0240699369937E+06,2.21137590097893E-04
-4.02405793579358E+06,2.20749708503022E-04
-4.02404593459346E+06,2.20361102405503E-04
-4.02403393339335E+06,2.19971774516033E-04
-4.02402193219323E+06,2.19581727554712E-04
-4.0240099309931E+06,2.19190964251031E-04
-4.02399792979298E+06,2.18799487343926E-04
-4.02398592859286E+06,2.18407299581685E-04
-4.02397392739274E+06,2.18014403722005E-04
-4.02396192619262E+06,2.17620802531976E-04
-4.0239499249925E+06,2.17226498788073E-04
-4.02393792379239E+06,2.16831495276159E-04
-4.02392592259227E+06,2.16435794791478E-04
-4.02391392139214E+06,2.16039400138653E-04
-4.02390192019202E+06,2.15642314131682E-04
-4.0238899189919E+06,2.15244539593919E-04
-4.02387791779178E+06,2.14846079358133E-04
-4.02386591659166E+06,2.14446936266412E-04
-4.02385391539154E+06,2.14047113170222E-04
-4.02384191419142E+06,2.13646612930385E-04
-4.0238299129913E+06,2.13245438417079E-04
-4.02381791179118E+06,2.12843592509831E-04
-4.02380591059106E+06,2.12441078097516E-04
-4.02379390939094E+06,2.12037898078353E-04
-4.02378190819082E+06,2.11634055359883E-04
-4.0237699069907E+06,2.1122955285903E-04
-4.02375790579058E+06,2.10824393502002E-04
-4.02374590459046E+06,2.10418580224352E-04
-4.02373390339034E+06,2.10012115970954E-04
-4.02372190219022E+06,2.09605003696002E-04
-4.0237099009901E+06,2.09197246363008E-04
-4.02369789978998E+06,2.08788846944791E-04
-4.02368589858986E+06,2.08379808423479E-04
-4.02367389738974E+06,2.07970133790501E-04
-4.02366189618962E+06,2.07559826046571E-04
-4.0236498949895E+06,2.07148888201742E-04
-4.02363789378938E+06,2.06737323275308E-04
-4.02362589258926E+06,2.06325134295866E-04
-4.02361389138914E+06,2.05912324301292E-04
-4.02360189018902E+06,2.05498896338737E-04
-4.0235898889889E+06,2.05084853464624E-04
-4.02357788778878E+06,2.04670198744641E-04
-4.02356588658866E+06,2.04254935253738E-04
-4.02355388538854E+06,2.03839066076122E-04
-4.02354188418842E+06,2.03422594305235E-04
-4.0235298829883E+06,2.03005523043815E-04
-4.02351788178818E+06,2.02587855403792E-04
-4.02350588058806E+06,2.0216959450635E-04
-4.02349387938794E+06,2.01750743481904E-04
-4.02348187818782E+06,2.01331305470096E-04
-4.0234698769877E+06,2.00911283619789E-04
-4.02345787578758E+06,2.00490681089063E-04
-4.02344587458746E+06,2.00069501045208E-04
-4.02343387338734E+06,1.9964774666472E-04
-4.02342187218722E+06,1.99225421133277E-04
-4.0234098709871E+06,1.98802527645803E-04
-4.02339786978698E+06,1.98379069406361E-04
-4.02338586858686E+06,1.97955049628215E-04
-4.02337386738674E+06,1.97530471533804E-04
-4.02336186618662E+06,1.97105338354742E-04
-4.0233498649865E+06,1.96679653331809E-04
-4.02333786378638E+06,1.96253419714946E-04
-4.02332586258626E+06,1.95826640763249E-04
-4.02331386138614E+06,1.95399319744961E-04
-4.02330186018602E+06,1.94971459937455E-04
-4.0232898589859E+06,1.94543064627288E-04
-4.02327785778578E+06,1.94114137110101E-04
-4.02326585658566E+06,1.93684680690675E-04
-4.02325385538554E+06,1.9325469868291E-04
-4.02324185418542E+06,1.9282419440982E-04
-4.0232298529853E+06,1.92393171203525E-04
-4.02321785178518E+06,1.91961632405244E-04
-4.02320585058506E+06,1.91529581365291E-04
-4.02319384938494E+06,1.91097021443052E-04
-4.02318184818482E+06,1.90663956007042E-04
-4.0231698469847E+06,1.90230388434802E-04
-4.02315784578458E+06,1.89796322112956E-04
-4.02314584458446E+06,1.89361760437192E-04
-4.02313384338434E+06,1.88926706812251E-04
-4.02312184218422E+06,1.88491164651922E-04
-4.0231098409841E+06,1.88055137379035E-04
-4.02309783978398E+06,1.87618628425457E-04
-4.02308583858386E+06,1.87181641232078E-04
-4.02307383738374E+06,1.86744179248797E-04
-4.02306183618362E+06,1.86306245934574E-04
-4.0230498349835E+06,1.85867844757325E-04
-4.02303783378338E+06,1.85428979193984E-04
-4.02302583258326E+06,1.84989652730477E-04
-4.02301383138314E+06,1.84549868861714E-04
-4.02300183018302E+06,1.84109631091586E-04
-4.0229898289829E+06,1.8366894293295E-04
-4.02297782778278E+06,1.83227807907632E-04
-4.02296582658266E+06,1.82786229546409E-04
-4.02295382538254E+06,1.82344211388993E-04
-4.02294182418242E+06,1.81901756984086E-04
-4.0229298229823E+06,1.81458869889275E-04
-4.02291782178218E+06,1.81015553671086E-04
-4.02290582058206E+06,1.80571811904966E-04
-4.02289381938194E+06,1.80127648175272E-04
-4.02288181818182E+06,1.79683066075265E-04
-4.0228698169817E+06,1.79238069207098E-04
-4.02285781578158E+06,1.78792661181814E-04
-4.02284581458146E+06,1.78346845619332E-04
-4.02283381338134E+06,1.77900626148429E-04
-4.02282181218122E+06,1.77454006406794E-04
-4.0228098109811E+06,1.77006990040919E-04
-4.02279780978098E+06,1.76559580706162E-04
-4.02278580858086E+06,1.76111782066719E-04
-4.02277380738074E+06,1.75663597795616E-04
-4.02276180618062E+06,1.75215031574703E-04
-4.0227498049805E+06,1.74766087094642E-04
-4.02273780378038E+06,1.743167680549E-04
-4.02272580258026E+06,1.73867078163726E-04
-4.02271380138014E+06,1.73417021138208E-04
-4.02270180018002E+06,1.72966600704162E-04
-4.0226897989799E+06,1.72515820596194E-04
-4.02267779777978E+06,1.7206468455767E-04
-4.02266579657966E+06,1.71613196340714E-04
-4.02265379537954E+06,1.71161359706192E-04
-4.02264179417942E+06,1.70709178423708E-04
-4.0226297929793E+06,1.70256656271591E-04
-4.02261779177918E+06,1.69803797036894E-04
-4.02260579057906E+06,1.69350604515356E-04
-4.02259378937894E+06,1.68897082511474E-04
-4.02258178817882E+06,1.68443234838382E-04
-4.0225697869787E+06,1.67989065317913E-04
-4.02255778577858E+06,1.67534577780574E-04
-4.02254578457846E+06,1.67079776065538E-04
-4.02253378337834E+06,1.6662466402063E-04
-4.02252178217822E+06,1.66169245502321E-04
-4.0225097809781E+06,1.6571352437572E-04
-4.02249777977798E+06,1.65257504514561E-04
-4.02248577857786E+06,1.64801189801176E-04
-4.02247377737774E+06,1.64344584126559E-04
-4.02246177617762E+06,1.63887691390251E-04
-4.0224497749775E+06,1.63430515500394E-04
-4.02243777377738E+06,1.62973060373714E-04
-4.02242577257726E+06,1.62515329935501E-04
-4.02241377137714E+06,1.62057328119607E-04
-4.02240177017702E+06,1.61599058868433E-04
-4.0223897689769E+06,1.61140526132917E-04
-4.02237776777678E+06,1.60681733872528E-04
-4.02236576657666E+06,1.60222686055237E-04
-4.02235376537654E+06,1.59763386657575E-04
-4.02234176417642E+06,1.59303839664521E-04
-4.0223297629763E+06,1.58844049069561E-04
-4.02231776177618E+06,1.58384018874657E-04
-4.02230576057606E+06,1.57923753090241E-04
-4.02229375937594E+06,1.57463255735202E-04
-4.02228175817582E+06,1.57002530836879E-04
-4.0222697569757E+06,1.56541582431045E-04
-4.02225775577558E+06,1.56080414561884E-04
-4.02224575457546E+06,1.55619031282049E-04
-4.02223375337534E+06,1.55157436652544E-04
-4.02222175217522E+06,1.54695634742788E-04
-4.0222097509751E+06,1.54233629630582E-04
-4.02219774977498E+06,1.53771425402102E-04
-4.02218574857486E+06,1.53309026151885E-04
-4.02217374737474E+06,1.52846435982821E-04
-4.02216174617462E+06,1.5238365900614E-04
-4.0221497449745E+06,1.51920699341404E-04
-4.02213774377438E+06,1.51457561116473E-04
-4.02212574257426E+06,1.5099424846757E-04
-4.02211374137414E+06,1.50530765539161E-04
-4.02210174017402E+06,1.50067116484016E-04
-4.0220897389739E+06,1.49603305463178E-04
-4.02207773777378E+06,1.49139336645954E-04
-4.02206573657366E+06,1.48675214209902E-04
-4.02205373537354E+06,1.48210942340822E-04
-4.02204173417342E+06,1.47746525232741E-04
-4.0220297329733E+06,1.47281967087904E-04
-4.02201773177318E+06,1.46817272116744E-04
-4.02200573057306E+06,1.46352444537942E-04
-4.02199372937294E+06,1.4588748857831E-04
-4.02198172817282E+06,1.45422408472845E-04
-4.0219697269727E+06,1.44957208464707E-04
-4.02195772577258E+06,1.44491892805201E-04
-4.02194572457246E+06,1.44026465753768E-04
-4.02193372337234E+06,1.43560931577975E-04
-4.02192172217222E+06,1.43095294553497E-04
-4.0219097209721E+06,1.42629558964112E-04
-4.02189771977198E+06,1.42163729101666E-04
-4.02188571857186E+06,1.41697809266136E-04
-4.02187371737174E+06,1.41231803765508E-04
-4.02186171617162E+06,1.40765716915836E-04
-4.0218497149715E+06,1.40299553041215E-04
-4.02183771377138E+06,1.39833316473766E-04
-4.02182571257126E+06,1.39367011553623E-04
-4.02181371137114E+06,1.38900642628925E-04
-4.02180171017102E+06,1.38434214055798E-04
-4.0217897089709E+06,1.37967730198345E-04
-4.02177770777078E+06,1.37501195428617E-04
-4.02176570657066E+06,1.37034614126671E-04
-4.02175370537054E+06,1.36567990680447E-04
-4.02174170417042E+06,1.3610132948583E-04
-4.0217297029703E+06,1.35634634946622E-04
-4.02171770177018E+06,1.35167911474521E-04
-4.02170570057006E+06,1.34701163489117E-04
-4.02169369936994E+06,1.34234395417871E-04
-4.02168169816982E+06,1.33767611696111E-04
-4.0216696969697E+06,1.33300816766992E-04
-4.02165769576958E+06,1.32834015081561E-04
-4.02164569456946E+06,1.32367211098634E-04
-4.02163369336934E+06,1.31900409284853E-04
-4.02162169216922E+06,1.31433614114659E-04
-4.0216096909691E+06,1.30966830070274E-04
-4.02159768976898E+06,1.30500061641691E-04
-4.02158568856886E+06,1.3003331332666E-04
-4.02157368736874E+06,1.29566589630672E-04
-4.02156168616862E+06,1.2909989506695E-04
-4.0215496849685E+06,1.28633234156413E-04
-4.02153768376838E+06,1.28166611427738E-04
-4.02152568256826E+06,1.27700031417237E-04
-4.02151368136814E+06,1.27233498668914E-04
-4.02150168016802E+06,1.26767017734434E-04
-4.0214896789679E+06,1.26300593173112E-04
-4.02147767776778E+06,1.25834229551894E-04
-4.02146567656766E+06,1.25367931445348E-04
-4.02145367536754E+06,1.24901703435648E-04
-4.02144167416742E+06,1.24435550112558E-04
-4.0214296729673E+06,1.23969476073403E-04
-4.02141767176718E+06,1.23503485923128E-04
-4.02140567056706E+06,1.2303758427417E-04
-4.02139366936694E+06,1.22571775746522E-04
-4.02138166816682E+06,1.22106064967698E-04
-4.0213696669667E+06,1.21640456572718E-04
-4.02135766576658E+06,1.21174955204096E-04
-4.02134566456646E+06,1.20709565511824E-04
-4.02133366336634E+06,1.20244292153356E-04
-4.02132166216622E+06,1.19779139793599E-04
-4.0213096609661E+06,1.19314113104873E-04
-4.02129765976598E+06,1.18849216766975E-04
-4.02128565856586E+06,1.18384455467052E-04
-4.02127365736574E+06,1.17919833899661E-04
-4.02126165616562E+06,1.17455356766733E-04
-4.0212496549655E+06,1.16991028777565E-04
-4.02123765376538E+06,1.16526854648795E-04
-4.02122565256526E+06,1.16062839104396E-04
-4.02121365136514E+06,1.15598986875657E-04
-4.02120165016502E+06,1.15135302701151E-04
-4.0211896489649E+06,1.14671791326791E-04
-4.02117764776478E+06,1.14208457505708E-04
-4.02116564656466E+06,1.13745305998306E-04
-4.02115364536454E+06,1.13282341572234E-04
-4.02114164416442E+06,1.12819569002364E-04
-4.0211296429643E+06,1.12356993070778E-04
-4.02111764176418E+06,1.11894618566757E-04
-4.02110564056406E+06,1.11432450286758E-04
-4.02109363936394E+06,1.10970493034406E-04
-4.02108163816382E+06,1.10508751620455E-04
-4.0210696369637E+06,1.10047230862847E-04
-4.02105763576358E+06,1.09585935586589E-04
-4.02104563456346E+06,1.09124870623807E-04
-4.02103363336334E+06,1.08664040813714E-04
-4.02102163216322E+06,1.08203451002595E-04
-4.0210096309631E+06,1.07743106043789E-04
-4.02099762976298E+06,1.07283010797676E-04
-4.02098562856286E+06,1.06823170131656E-04
-4.02097362736274E+06,1.06363588920141E-04
-4.02096162616262E+06,1.05904272044514E-04
-4.0209496249625E+06,1.05445224393188E-04
-4.02093762376238E+06,1.04986450861481E-04
-4.02092562256226E+06,1.04527956351673E-04
-4.02091362136214E+06,1.04069745772972E-04
-4.02090162016202E+06,1.03611824041496E-04
-4.0208896189619E+06,1.03154196080257E-04
-4.02087761776178E+06,1.02696866819147E-04
-4.02086561656166E+06,1.02239841194919E-04
-4.02085361536154E+06,1.01783124151172E-04
-4.02084161416142E+06,1.01326720638317E-04
-4.0208296129613E+06,1.0087063561363E-04
-4.02081761176118E+06,1.0041487404113E-04
-4.02080561056106E+06,9.99594408916344E-05
-4.02079360936094E+06,9.95043411427219E-05
-4.02078160816082E+06,9.90495797787179E-05
-4.0207696069607E+06,9.85951617906779E-05
-4.02075760576058E+06,9.8141092176369E-05
-4.02074560456046E+06,9.76873759402553E-05
-4.02073360336034E+06,9.72340180934608E-05
-4.02072160216022E+06,9.67810236538254E-05
-4.0207096009601E+06,9.63283976457803E-05
-4.02069759975998E+06,9.58761451004032E-05
-4.02068559855986E+06,9.54242710553814E-05
-4.02067359735974E+06,9.49727805549973E-05
-4.02066159615962E+06,9.45216786501085E-05
-4.0206495949595E+06,9.40709703981332E-05
-4.02063759375938E+06,9.36206608630304E-05
-4.02062559255926E+06,9.31707551152849E-05
-4.02061359135914E+06,9.27212582318706E-05
-4.02060159015902E+06,9.22721752963043E-05
-4.0205895889589E+06,9.18235113985222E-05
-4.02057758775878E+06,9.13752716349339E-05
-4.02056558655866E+06,9.09274611083852E-05
-4.02055358535854E+06,9.0480084928143E-05
-4.02054158415842E+06,9.00331482098752E-05
-4.0205295829583E+06,8.95866560756352E-05
-4.02051758175818E+06,8.91406136538422E-05
-4.02050558055806E+06,8.86950260792648E-05
-4.02049357935794E+06,8.82498984929852E-05
-4.02048157815782E+06,8.78052360424512E-05
-4.0204695769577E+06,8.73610438813528E-05
-4.02045757575758E+06,8.69173271696761E-05
-4.02044557455746E+06,8.64740910736651E-05
-4.02043357335734E+06,8.6031340765806E-05
-4.02042157215722E+06,8.55890814248073E-05
-4.0204095709571E+06,8.51473182355832E-05
-4.02039756975698E+06,8.47060563892337E-05
-4.02038556855686E+06,8.42653010830279E-05
-4.02037356735674E+06,8.38250575203677E-05
-4.02036156615662E+06,8.33853309108383E-05
-4.0203495649565E+06,8.29461264700863E-05
-4.02033756375638E+06,8.25074494198715E-05
-4.02032556255626E+06,8.20693049880288E-05
-4.02031356135614E+06,8.16316984084524E-05
-4.02030156015602E+06,8.11946349210748E-05
-4.0202895589559E+06,8.07581197718495E-05
-4.02027755775578E+06,8.03221582127324E-05
-4.02026555655566E+06,7.98867555016456E-05
-4.02025355535554E+06,7.9451916902526E-05
-4.02024155415542E+06,7.90176476852067E-05
-4.0202295529553E+06,7.85839531254633E-05
-4.02021755175518E+06,7.81508385049804E-05
-4.02020555055506E+06,7.7718309111331E-05
-4.02019354935494E+06,7.72863702379588E-05
-4.02018154815482E+06,7.68550271841579E-05
-4.0201695469547E+06,7.64242852550548E-05
-4.02015754575458E+06,7.59941497615887E-05
-4.02014554455446E+06,7.55646260204759E-05
-4.02013354335434E+06,7.51357193542566E-05
-4.02012154215422E+06,7.47074350911772E-05
-4.0201095409541E+06,7.42797785652356E-05
-4.02009753975398E+06,7.38527551161472E-05
-4.02008553855386E+06,7.34263700893237E-05
-4.02007353735374E+06,7.30006288358548E-05
-4.02006153615362E+06,7.25755367124887E-05
-4.0200495349535E+06,7.21510990816121E-05
-4.02003753375338E+06,7.17273213112303E-05
-4.02002553255326E+06,7.13042087749328E-05
-4.02001353135314E+06,7.08817668519369E-05
-4.02000153015302E+06,7.0460000926972E-05
-4.0199895289529E+06,7.00389163903232E-05
-4.01997752775278E+06,6.96185186377971E-05
-4.01996552655266E+06,6.91988130707004E-05
-4.01995352535254E+06,6.8779805095821E-05
-4.01994152415242E+06,6.83615001254076E-05
-4.0199295229523E+06,6.794390357715E-05
-4.01991752175218E+06,6.75270208741586E-05
-4.01990552055206E+06,6.71108574449293E-05
-4.01989351935194E+06,6.66954187233861E-05
-4.01988151815182E+06,6.62807101487666E-05
-4.0198695169517E+06,6.58667371656637E-05
-4.01985751575158E+06,6.54535052239915E-05
-4.01984551455146E+06,6.50410197789634E-05
-4.01983351335134E+06,6.46292862910729E-05
-4.01982151215122E+06,6.42183102260722E-05
-4.0198095109511E+06,6.38080970549534E-05
-4.01979750975098E+06,6.33986522539097E-05
-4.01978550855086E+06,6.29899813043815E-05
-4.01977350735074E+06,6.25820896929374E-05
-4.01976150615062E+06,6.21749829113201E-05
-4.0197495049505E+06,6.17686664564074E-05
-4.01973750375038E+06,6.13631458301932E-05
-4.01972550255026E+06,6.09584265397661E-05
-4.01971350135014E+06,6.05545140972889E-05
-4.01970150015002E+06,6.01514140199774E-05
-4.0196894989499E+06,5.97491318300804E-05
-4.01967749774978E+06,5.93476730548421E-05
-4.01966549654966E+06,5.89470432265448E-05
-4.01965349534954E+06,5.8547247882393E-05
-4.01964149414942E+06,5.81482925645562E-05
-4.0196294929493E+06,5.77501828201312E-05
-4.01961749174918E+06,5.73529242011214E-05
-4.01960549054906E+06,5.69565222644156E-05
-4.01959348934894E+06,5.65609825717674E-05
-4.01958148814882E+06,5.61663106897727E-05
-4.0195694869487E+06,5.57725121898501E-05
-4.01955748574858E+06,5.53795926482025E-05
-4.01954548454846E+06,5.4987557645859E-05
-4.01953348334834E+06,5.45964127685595E-05
-4.01952148214822E+06,5.42061636067964E-05
-4.0195094809481E+06,5.38168157557767E-05
-4.01949747974798E+06,5.34283748154011E-05
-4.01948547854786E+06,5.30408463902417E-05
-4.01947347734774E+06,5.26542360895217E-05
-4.01946147614762E+06,5.22685495270923E-05
-4.0194494749475E+06,5.18837923214123E-05
-4.01943747374738E+06,5.14999700955103E-05
-4.01942547254726E+06,5.11170884770242E-05
-4.01941347134714E+06,5.07351530980878E-05
-4.01940147014702E+06,5.03541695953705E-05
-4.0193894689469E+06,4.99741436100398E-05
-4.01937746774678E+06,4.95950807877392E-05
-4.01936546654666E+06,4.92169867785662E-05
-4.01935346534654E+06,4.88398672370516E-05
-4.01934146414642E+06,4.8463727822135E-05
-4.0193294629463E+06,4.80885741971455E-05
-4.01931746174618E+06,4.77144120297628E-05
-4.01930546054606E+06,4.73412469920545E-05
-4.01929345934594E+06,4.69690847603664E-05
-4.01928145814582E+06,4.65979310153582E-05
-4.0192694569457E+06,4.62277914419666E-05
-4.01925745574558E+06,4.58586717293839E-05
-4.01924545454546E+06,4.54905775710341E-05
-4.01923345334534E+06,4.51235146645524E-05
-4.01922145214522E+06,4.47574887117606E-05
-4.0192094509451E+06,4.43925054186329E-05
-4.01919744974498E+06,4.40285704953277E-05
-4.01918544854486E+06,4.36656896560819E-05
-4.01917344734474E+06,4.33038686192438E-05
-4.01916144614462E+06,4.29431131072372E-05
-4.0191494449445E+06,4.25834288465375E-05
-4.01913744374438E+06,4.2224821567651E-05
-4.01912544254426E+06,4.18672970050898E-05
-4.01911344134414E+06,4.1510860897351E-05
-4.01910144014402E+06,4.11555189868925E-05
-4.0190894389439E+06,4.08012770200977E-05
-4.01907743774378E+06,4.0448140747306E-05
-4.01906543654366E+06,4.00961159227091E-05
-4.01905343534354E+06,3.97452083043812E-05
-4.01904143414342E+06,3.93954236542445E-05
-4.0190294329433E+06,3.90467677380437E-05
-4.01901743174318E+06,3.86992463253251E-05
-4.01900543054306E+06,3.83528651894116E-05
-4.01899342934294E+06,3.80076301073814E-05
-4.01898142814282E+06,3.76635468600428E-05
-4.0189694269427E+06,3.73206212318998E-05
-4.01895742574258E+06,3.697885901118E-05
-4.01894542454246E+06,3.66382659897333E-05
-4.01893342334234E+06,3.62988479630599E-05
-4.01892142214222E+06,3.59606107302758E-05
-4.0189094209421E+06,3.56235600940872E-05
-4.01889741974198E+06,3.52877018607688E-05
-4.01888541854186E+06,3.49530418401388E-05
-4.01887341734174E+06,3.46195858455372E-05
-4.01886141614162E+06,3.42873396938E-05
-4.0188494149415E+06,3.39563092052251E-05
-4.01883741374138E+06,3.36265002035977E-05
-4.01882541254126E+06,3.32979185160918E-05
-4.01881341134114E+06,3.29705699732958E-05
-4.01880141014102E+06,3.2644460409178E-05
-4.0187894089409E+06,3.23195956610608E-05
-4.01877740774078E+06,3.19959815695984E-05
-4.01876540654066E+06,3.16736239787519E-05
-4.01875340534054E+06,3.13525287357664E-05
-4.01874140414042E+06,3.10327016911338E-05
-4.0187294029403E+06,3.0714148698619E-05
-4.01871740174018E+06,3.03968756151608E-05
-4.01870540054006E+06,3.00808883008987E-05
-4.01869339933994E+06,2.9766192619135E-05
-4.01868139813982E+06,2.94527944363122E-05
-4.0186693969397E+06,2.91406996219869E-05
-4.01865739573958E+06,2.88299140488082E-05
-4.01864539453946E+06,2.85204435924907E-05
-4.01863339333934E+06,2.82122941317928E-05
-4.01862139213922E+06,2.79054715484784E-05
-4.0186093909391E+06,2.7599981727342E-05
-4.01859738973898E+06,2.72958305561112E-05
-4.01858538853886E+06,2.69930239254717E-05
-4.01857338733874E+06,2.66915677290294E-05
-4.01856138613862E+06,2.63914678632874E-05
-4.0185493849385E+06,2.60927302276198E-05
-4.01853738373838E+06,2.57953607242492E-05
-4.01852538253826E+06,2.54993652582203E-05
-4.01851338133814E+06,2.52047497373764E-05
-4.01850138013802E+06,2.49115200723234E-05
-4.0184893789379E+06,2.461968217645E-05
-4.01847737773778E+06,2.4329241965835E-05
-4.01846537653766E+06,2.40402053592689E-05
-4.01845337533754E+06,2.37525782782163E-05
-4.01844137413742E+06,2.34663666467927E-05
-4.0184293729373E+06,2.31815763917378E-05
-4.01841737173718E+06,2.28982134423931E-05
-4.01840537053706E+06,2.26162837306744E-05
-4.01839336933694E+06,2.23357931910488E-05
-4.01838136813682E+06,2.20567477604981E-05
-4.0183693669367E+06,2.17791533785374E-05
-4.01835736573658E+06,2.15030159871246E-05
-4.01834536453646E+06,2.12283415306795E-05
-4.01833336333634E+06,2.09551359560471E-05
-4.01832136213622E+06,2.06834052124732E-05
-4.0183093609361E+06,2.04131552515782E-05
-4.01829735973598E+06,2.01443920273336E-05
-4.01828535853586E+06,1.98771214960349E-05
-4.01827335733574E+06,1.96113496162675E-05
-4.01826135613562E+06,1.93470823489216E-05
-4.0182493549355E+06,1.90843256571063E-05
-4.01823735373538E+06,1.88230855061637E-05
-4.01822535253526E+06,1.85633678636354E-05
-4.01821335133514E+06,1.8305178699235E-05
-4.01820135013502E+06,1.80485239848244E-05
-4.0181893489349E+06,1.7793409694387E-05
-4.01817734773478E+06,1.75398418040029E-05
-4.01816534653466E+06,1.72878262918236E-05
-4.01815334533454E+06,1.70373691380361E-05
-4.01814134413442E+06,1.67884763248764E-05
-4.0181293429343E+06,1.65411538365459E-05
-4.01811734173418E+06,1.6295407659224E-05
-4.01810534053406E+06,1.60512437810335E-05
-4.01809333933394E+06,1.5808668192014E-05
-4.01808133813382E+06,1.55676868840973E-05
-4.0180693369337E+06,1.53283058510802E-05
-4.01805733573358E+06,1.50905310885999E-05
-4.01804533453346E+06,1.48543685941076E-05
-4.01803333333334E+06,1.46198243668339E-05
-4.01802133213322E+06,1.43869044077986E-05
-4.0180093309331E+06,1.41556147197313E-05
-4.01799732973298E+06,1.39259613070806E-05
-4.01798532853286E+06,1.36979501759803E-05
-4.01797332733274E+06,1.34715873342221E-05
-4.01796132613262E+06,1.32468787912306E-05
-4.0179493249325E+06,1.30238305580367E-05
-4.01793732373238E+06,1.28024486472519E-05
-4.01792532253226E+06,1.25827390730415E-05
-4.01791332133214E+06,1.23647078510909E-05
-4.01790132013202E+06,1.21483609986124E-05
-4.0178893189319E+06,1.1933704534269E-05
-4.01787731773178E+06,1.17207444781811E-05
-4.01786531653166E+06,1.15094868518929E-05
-4.01785331533154E+06,1.12999376783449E-05
-4.01784131413142E+06,1.10921029818489E-05
-4.0178293129313E+06,1.08859887880602E-05
-4.01781731173118E+06,1.06816011239526E-05
-4.01780531053106E+06,1.04789460177909E-05
-4.01779330933094E+06,1.02780294990976E-05
-4.01778130813082E+06,1.00788575986567E-05
-4.0177693069307E+06,9.88143634844125E-06
-4.01775730573058E+06,9.68577178161742E-06
-4.01774530453046E+06,9.4918699325106E-06
-4.01773330333034E+06,9.29973683657861E-06
-4.01772130213022E+06,9.10937853038519E-06
-4.0177093009301E+06,8.92080105157313E-06
-4.01769729972998E+06,8.73401043883825E-06
-4.01768529852986E+06,8.54901273189467E-06
-4.01767329732974E+06,8.36581397147776E-06
-4.01766129612962E+06,8.18442019927334E-06
-4.0176492949295E+06,8.00483745792068E-06
-4.01763729372938E+06,7.82707179097763E-06
-4.01762529252926E+06,7.65112924289443E-06
-4.01761329132914E+06,7.47701585898665E-06
-4.01760129012902E+06,7.30473768540838E-06
-4.0175892889289E+06,7.1343007691251E-06
-4.01757728772878E+06,6.96571115788739E-06
-4.01756528652866E+06,6.7989749001967E-06
-4.01755328532854E+06,6.63409804530515E-06
-4.01754128412842E+06,6.47108664314882E-06
-4.0175292829283E+06,6.30994674434734E-06
-4.01751728172818E+06,6.15068440017008E-06
-4.01750528052806E+06,5.99330566250918E-06
-4.01749327932794E+06,5.83781658385221E-06
-4.01748127812782E+06,5.68422321725565E-06
-4.0174692769277E+06,5.53253161631696E-06
-4.01745727572758E+06,5.38274783514826E-06
-4.01744527452746E+06,5.23487792834263E-06
-4.01743327332734E+06,5.08892795097058E-06
-4.01742127212722E+06,4.94490395851767E-06
-4.0174092709271E+06,4.80281200688078E-06
-4.01739726972698E+06,4.66265815233486E-06
-4.01738526852686E+06,4.52444845150569E-06
-4.01737326732674E+06,4.38818896134237E-06
-4.01736126612662E+06,4.2538857390904E-06
-4.0173492649265E+06,4.12154484226371E-06
-4.01733726372638E+06,3.99117232861794E-06
-4.01732526252626E+06,3.86277425611737E-06
-4.01731326132614E+06,3.73635668292804E-06
-4.01730126012602E+06,3.61192566735976E-06
-4.0172892589259E+06,3.4894872678591E-06
-4.01727725772578E+06,3.36904754297649E-06
-4.01726525652566E+06,3.25061255133913E-06
-4.01725325532554E+06,3.13418835162289E-06
-4.01724125412542E+06,3.01978100252533E-06
-4.0172292529253E+06,2.90739656273748E-06
-4.01721725172518E+06,2.79704109091259E-06
-4.01720525052506E+06,2.688720645655E-06
-4.01719324932494E+06,2.58244128546715E-06
-4.01718124812482E+06,2.47820906873897E-06
-4.0171692469247E+06,2.37603005371586E-06
-4.01715724572458E+06,2.27591029847083E-06
-4.01714524452446E+06,2.17785586087713E-06
-4.01713324332434E+06,2.08187279857995E-06
-4.01712124212422E+06,1.98796716896917E-06
-4.0171092409241E+06,1.89614502915103E-06
-4.01709723972398E+06,1.80641243591736E-06
-4.01708523852386E+06,1.7187754457311E-06
-4.01707323732374E+06,1.63324011467792E-06
-4.01706123612362E+06,1.54981249845201E-06
-4.0170492349235E+06,1.46849865232499E-06
-4.01703723372338E+06,1.38930463111758E-06
-4.01702523252326E+06,1.31223648917205E-06
-4.01701323132314E+06,1.23730028032384E-06
-4.01700123012302E+06,1.16450205787396E-06
-4.0169892289229E+06,1.09384787456059E-06
-4.01697722772278E+06,1.02534378252881E-06
-4.01696522652266E+06,9.5899583331273E-07
-4.01695322532254E+06,8.94810077791771E-07
-4.01694122412242E+06,8.32792566173034E-07
-4.0169292229223E+06,7.72949347960762E-07
-4.01691722172218E+06,7.15286471927896E-07
-4.01690522052206E+06,6.5980998608824E-07
-4.01689321932194E+06,6.06525937667989E-07
-4.01688121812182E+06,5.55440373077838E-07
-4.0168692169217E+06,5.06559337884488E-07
-4.01685721572158E+06,4.59888876780926E-07
-4.01684521452146E+06,4.15435033565105E-07
-4.01683321332134E+06,3.7320385110099E-07
-4.01682121212122E+06,3.33201371297474E-07
-4.0168092109211E+06,2.9543363507839E-07
-4.01679720972098E+06,2.59906682353998E-07
-4.01678520852086E+06,2.26626551992853E-07
-4.01677320732074E+06,1.95599281793271E-07
-4.01676120612062E+06,1.66830908455135E-07
-4.0167492049205E+06,1.40327467550371E-07
-4.01673720372038E+06,1.16094993498699E-07
-4.01672520252026E+06,9.41395195329425E-08
-4.01671320132014E+06,7.44670776749E-08
-4.01670120012002E+06,5.70836987057091E-08
-4.0166891989199E+06,4.19954121374836E-08
-4.01667719771978E+06,2.92082461847377E-08
-4.01666519651966E+06,1.87282277359642E-08
-4.01665319531954E+06,1.05613823250507E-08
-4.01664119411942E+06,4.71373410280194E-09
-4.0166291929193E+06,1.19130580825662E-09
-4.01661719171918E+06,1.18740607183835E-13
-4.01660519051906E+06,1.14619272978525E-09
-4.01659318931894E+06,4.63554610850856E-09
-4.01658118811882E+06,1.04741956834851E-08
-4.0165691869187E+06,1.86681567067874E-08
-4.01655718571858E+06,2.92234428472104E-08
-4.01654518451846E+06,4.21460661616146E-08
-4.01653318331834E+06,5.74420370662545E-08
-4.01652118211822E+06,7.51173643080917E-08
-4.0165091809181E+06,9.5178054936913E-08
-4.01649717971798E+06,1.1763011427343E-07
-4.01648517851786E+06,1.42479545885189E-07
-4.01647317731774E+06,1.69732351554822E-07
-4.01646117611762E+06,1.9939453125202E-07
-4.0164491749175E+06,2.31472083104758E-07
-4.01643717371738E+06,2.65971003370509E-07
-4.01642517251726E+06,3.02897286407445E-07
-4.01641317131714E+06,3.42256924645619E-07
-4.01640117011702E+06,3.84055908558144E-07
-4.0163891689169E+06,4.283002266341E-07
-4.01637716771678E+06,4.74995865342766E-07
-4.01636516651666E+06,5.24148809114985E-07
-4.01635316531654E+06,5.75765040307558E-07
-4.01634116411642E+06,6.29850539176008E-07
-4.0163291629163E+06,6.86411283845674E-07
-4.01631716171618E+06,7.45453250282796E-07
-4.01630516051606E+06,8.06982412265581E-07
-4.01629315931594E+06,8.71004741355263E-07
-4.01628115811582E+06,9.37526206869758E-07
-4.0162691569157E+06,1.00655277584435E-06
-4.01625715571558E+06,1.07809041301808E-06
-4.01624515451546E+06,1.15214508079463E-06
-4.01623315331534E+06,1.22872273921578E-06
-4.01622115211522E+06,1.30782934593247E-06
-4.0162091509151E+06,1.3894708561757E-06
-4.01619714971498E+06,1.47365322272754E-06
-4.01618514851486E+06,1.56038239589207E-06
-4.01617314731474E+06,1.64966432346628E-06
-4.01616114611462E+06,1.74150495071477E-06
-4.0161491449145E+06,1.83591022032608E-06
-4.01613714371438E+06,1.93288607240515E-06
-4.01612514251426E+06,2.03243844443001E-06
-4.01611314131414E+06,2.1345732712262E-06
-4.01610114011402E+06,2.23929648493761E-06
-4.0160891389139E+06,2.3466140149974E-06
-4.01607713771378E+06,2.45653178809882E-06
-4.01606513651366E+06,2.56905572816605E-06
-4.01605313531354E+06,2.68419175632515E-06
-4.01604113411342E+06,2.80194579087934E-06
-4.0160291329133E+06,2.92232374726153E-06
-4.01601713171318E+06,3.04533153803255E-06
-4.01600513051306E+06,3.17097507283376E-06
-4.01599312931294E+06,3.29926025836239E-06
-4.01598112811282E+06,3.43019299834227E-06
-4.0159691269127E+06,3.56377919349465E-06
-4.01595712571258E+06,3.70002474150896E-06
-4.01594512451246E+06,3.8389355370135E-06
-4.01593312331234E+06,3.9805174715464E-06
-4.01592112211222E+06,4.12477643353173E-06
-4.0159091209121E+06,4.2717183082279E-06
-4.01589711971198E+06,4.42134897773195E-06
-4.01588511851186E+06,4.57367432092798E-06
-4.01587311731174E+06,4.72870021346342E-06
-4.01586111611162E+06,4.88643252771967E-06
-4.0158491149115E+06,5.04687713278288E-06
-4.01583711371138E+06,5.21003989441454E-06
-4.01582511251126E+06,5.37592667502237E-06
-4.01581311131114E+06,5.5445433336373E-06
-4.01580111011102E+06,5.71589572585801E-06
-4.0157891089109E+06,5.88998970386089E-06
-4.01577710771078E+06,6.06683111634456E-06
-4.01576510651066E+06,6.24642580850704E-06
-4.01575310531054E+06,6.42877962201635E-06
-4.01574110411042E+06,6.61389839498121E-06
-4.0157291029103E+06,6.80178796192155E-06
-4.01571710171018E+06,6.99245415373942E-06
-4.01570510051006E+06,7.18590279768921E-06
-4.01569309930994E+06,7.38213971735621E-06
-4.01568109810982E+06,7.58117073259653E-06
-4.0156690969097E+06,7.78300165955348E-06
-4.01565709570958E+06,7.98763831059773E-06
-4.01564509450946E+06,8.19508649430552E-06
-4.01563309330934E+06,8.40535201542923E-06
-4.01562109210922E+06,8.61844067486787E-06
-4.0156090909091E+06,8.83435826963795E-06
-4.01559708970898E+06,9.05311059284368E-06
-4.01558508850886E+06,9.27470343364773E-06
-4.01557308730874E+06,9.49914257725059E-06
-4.01556108610862E+06,9.72643380482608E-06
-4.0155490849085E+06,9.95658289354423E-06
-4.01553708370838E+06,1.01895956165071E-05
-4.01552508250826E+06,1.0425477742728E-05
-4.01551308130814E+06,1.06642350371018E-05
-4.01550108010802E+06,1.09058732603762E-05
-4.0154890789079E+06,1.11503981691212E-05
-4.01547707770778E+06,1.13978155157004E-05
-4.01546507650766E+06,1.16481310482413E-05
-4.01545307530754E+06,1.19013505106159E-05
-4.01544107410742E+06,1.21574796423714E-05
-4.0154290729073E+06,1.241652417876E-05
-4.01541707170718E+06,1.26784898506703E-05
-4.01540507050706E+06,1.29433823846071E-05
-4.01539306930694E+06,1.32112075026627E-05
-4.01538106810682E+06,1.34819709224869E-05
-4.0153690669067E+06,1.37556783572572E-05
-4.01535706570658E+06,1.40323355156502E-05
-4.01534506450646E+06,1.43119481018114E-05
-4.01533306330634E+06,1.4594521815337E-05
-4.01532106210622E+06,1.48800623512002E-05
-4.0153090609061E+06,1.51685753997881E-05
-4.01529705970598E+06,1.54600666468275E-05
-4.01528505850586E+06,1.57545417733676E-05
-4.01527305730574E+06,1.60520064557491E-05
-4.01526105610562E+06,1.63524663655756E-05
-4.0152490549055E+06,1.66559271696841E-05
-4.01523705370538E+06,1.69623945301149E-05
-4.01522505250526E+06,1.72718741040949E-05
-4.01521305130514E+06,1.75843715439593E-05
-4.01520105010502E+06,1.78998924971947E-05
-4.0151890489049E+06,1.82184426063612E-05
-4.01517704770478E+06,1.85400275090756E-05
-4.01516504650466E+06,1.8864652837981E-05
-4.01515304530453E+06,1.91923242207177E-05
-4.01514104410441E+06,1.95230472798938E-05
-4.0151290429043E+06,1.98568276330558E-05
-4.01511704170418E+06,2.01936708926587E-05
-4.01510504050406E+06,2.05335826660503E-05
-4.01509303930394E+06,2.08765685553881E-05
-4.01508103810382E+06,2.12226341576897E-05
-4.01506903690369E+06,2.15717850647503E-05
-4.01505703570357E+06,2.19240268631265E-05
-4.01504503450345E+06,2.22793651341066E-05
-4.01503303330333E+06,2.26378054536813E-05
-4.01502103210322E+06,2.29993533925142E-05
-4.0150090309031E+06,2.33640145159122E-05
-4.01499702970298E+06,2.37317943837961E-05
-4.01498502850285E+06,2.4102698550686E-05
-4.01497302730273E+06,2.44767325656131E-05
-4.01496102610261E+06,2.48539019721778E-05
-4.01494902490249E+06,2.52342123084621E-05
-4.01493702370238E+06,2.56176691070145E-05
-4.01492502250226E+06,2.60042778948207E-05
-4.01491302130214E+06,2.63940441932743E-05
-4.01490102010202E+06,2.67869735181468E-05
-4.0148890189019E+06,2.71830713795587E-05
-4.01487701770178E+06,2.75823432819501E-05
-4.01486501650165E+06,2.79847947240665E-05
-4.01485301530153E+06,2.83904311988668E-05
-4.01484101410141E+06,2.87992581935883E-05
-4.0148290129013E+06,2.92112811896542E-05
-4.01481701170118E+06,2.96265056626597E-05
-4.01480501050106E+06,3.00449370823431E-05
-4.01479300930094E+06,3.04665809125562E-05
-4.01478100810082E+06,3.08914426112346E-05
-4.0147690069007E+06,3.13195276303688E-05
-4.01475700570057E+06,3.17508414159912E-05
-4.01474500450045E+06,3.21853894080796E-05
-4.01473300330033E+06,3.2623177040629E-05
-4.01472100210021E+06,3.30642097415544E-05
-4.0147090009001E+06,3.35084929326786E-05
-4.01469699969997E+06,3.39560320297028E-05
-4.01468499849985E+06,3.44068324421773E-05
-4.01467299729974E+06,3.48608995734721E-05
-4.01466099609962E+06,3.53182388207474E-05
-4.0146489948995E+06,3.57788555749245E-05
-4.01463699369937E+06,3.62427552206744E-05
-4.01462499249925E+06,3.67099431363165E-05
-4.01461299129913E+06,3.71804246938971E-05
-4.01460099009901E+06,3.76542052590882E-05
-4.0145889888989E+06,3.81312901911764E-05
-4.01457698769878E+06,3.86116848430332E-05
-4.01456498649866E+06,3.90953945610864E-05
-4.01455298529853E+06,3.95824246852898E-05
-4.01454098409841E+06,4.00727805490949E-05
-4.01452898289829E+06,4.05664674794212E-05
-4.01451698169817E+06,4.10634907966461E-05
-4.01450498049805E+06,4.15638558144991E-05
-4.01449297929794E+06,4.20675678401474E-05
-4.01448097809782E+06,4.25746321740902E-05
-4.01446897689769E+06,4.30850541101486E-05
-4.01445697569757E+06,4.35988389354362E-05
-4.01444497449745E+06,4.41159919303303E-05
-4.01443297329733E+06,4.46365183684424E-05
-4.01442097209721E+06,4.5160423516589E-05
-4.0144089708971E+06,4.56877126347626E-05
-4.01439696969697E+06,4.62183909761228E-05
-4.01438496849685E+06,4.67524637868858E-05
-4.01437296729673E+06,4.72899363064171E-05
-4.01436096609661E+06,4.78308137671214E-05
-4.01434896489649E+06,4.83751013944336E-05
-4.01433696369637E+06,4.89228044067895E-05
-4.01432496249625E+06,4.94739280155971E-05
-4.01431296129613E+06,5.00284774252073E-05
-4.01430096009601E+06,5.05864578328847E-05
-4.01428895889589E+06,5.11478744288005E-05
-4.01427695769577E+06,5.17127323959166E-05
-4.01426495649565E+06,5.22810369100863E-05
-4.01425295529553E+06,5.2852793139939E-05
-4.01424095409541E+06,5.34280062468729E-05
-4.01422895289529E+06,5.40066813850254E-05
-4.01421695169517E+06,5.45888237012449E-05
-4.01420495049505E+06,5.51744383350612E-05
-4.01419294929493E+06,5.57635304186566E-05
-4.01418094809481E+06,5.63561050768374E-05
-4.01416894689469E+06,5.69521674270274E-05
-4.01415694569457E+06,5.75517225791473E-05
-4.01414494449445E+06,5.81547756357234E-05
-4.01413294329433E+06,5.87613316917673E-05
-4.01412094209421E+06,5.93713958347693E-05
-4.01410894089409E+06,5.99849731446701E-05
-4.01409693969397E+06,6.06020686938316E-05
-4.01408493849385E+06,6.12226875470081E-05
-4.01407293729373E+06,6.18468347613177E-05
-4.01406093609361E+06,6.24745153862127E-05
-4.01404893489349E+06,6.31057344634768E-05
-4.01403693369337E+06,6.37404970270966E-05
-4.01402493249325E+06,6.43788081033804E-05
-4.01401293129313E+06,6.50206727108321E-05
-4.01400093009301E+06,6.5666095860146E-05
-4.01398892889289E+06,6.63150825541787E-05
-4.01397692769277E+06,6.696763778792E-05
-4.01396492649265E+06,6.76237665484645E-05
-4.01395292529253E+06,6.82834738149823E-05
-4.01394092409241E+06,6.89467645586913E-05
-4.01392892289229E+06,6.96136437428536E-05
-4.01391692169217E+06,7.02841163226434E-05
-4.01390492049205E+06,7.09581872452739E-05
-4.01389291929193E+06,7.16358614498649E-05
-4.01388091809181E+06,7.23171438674405E-05
-4.01386891689169E+06,7.30020394209002E-05
-4.01385691569157E+06,7.369055302499E-05
-4.01384491449145E+06,7.43826895862746E-05
-4.01383291329133E+06,7.50784540031085E-05
-4.01382091209121E+06,7.57778511656073E-05
-4.01380891089109E+06,7.64808859556464E-05
-4.01379690969097E+06,7.71875632467239E-05
-4.01378490849085E+06,7.78978879040952E-05
-4.01377290729073E+06,7.8611864784636E-05
-4.01376090609061E+06,7.93294987368405E-05
-4.01374890489049E+06,8.00507946007938E-05
-4.01373690369037E+06,8.07757572081424E-05
-4.01372490249025E+06,8.15043913820673E-05
-4.01371290129013E+06,8.22367019372541E-05
-4.01370090009001E+06,8.29726936798941E-05
-4.01368889888989E+06,8.37123714075415E-05
-4.01367689768977E+06,8.44557399092562E-05
-4.01366489648965E+06,8.52028039654618E-05
-4.01365289528953E+06,8.59535683479456E-05
-4.01364089408941E+06,8.670803781983E-05
-4.01362889288929E+06,8.74662171355448E-05
-4.01361689168917E+06,8.82281110407991E-05
-4.01360489048905E+06,8.89937242725524E-05
-4.01359288928893E+06,8.97630615589866E-05
-4.01358088808881E+06,9.05361276195086E-05
-4.01356888688869E+06,9.1312927164601E-05
-4.01355688568857E+06,9.20934648959748E-05
-4.01354488448845E+06,9.2877745506421E-05
-4.01353288328833E+06,9.36657736798127E-05
-4.01352088208821E+06,9.44575540910764E-05
-4.01350888088809E+06,9.52530914061655E-05
-4.01349687968797E+06,9.60523902820302E-05
-4.01348487848785E+06,9.68554553665909E-05
-4.01347287728773E+06,9.766229129871E-05
-4.01346087608761E+06,9.84729027081952E-05
-4.01344887488749E+06,9.92872942156454E-05
-4.01343687368737E+06,1.00105470432612E-04
-4.01342487248725E+06,1.00927435961446E-04
-4.01341287128713E+06,1.017531953953E-04
-4.01340087008701E+06,1.02582753318099E-04
-4.01338886888689E+06,1.03416114304519E-04
-4.01337686768677E+06,1.04253282919951E-04
-4.01336486648665E+06,1.05094263720479E-04
-4.01335286528653E+06,1.05939061252848E-04
-4.01334086408641E+06,1.06787680054474E-04
-4.01332886288629E+06,1.07640124653281E-04
-4.01331686168617E+06,1.08496399567871E-04
-4.01330486048605E+06,1.09356509307366E-04
-4.01329285928593E+06,1.10220458371414E-04
-4.01328085808581E+06,1.11088251250157E-04
-4.01326885688569E+06,1.1195989242421E-04
-4.01325685568557E+06,1.12835386364627E-04
-4.01324485448545E+06,1.13714737532879E-04
-4.01323285328533E+06,1.14597950380856E-04
-4.01322085208521E+06,1.15485029350705E-04
-4.01320885088509E+06,1.16375978875009E-04
-4.01319684968497E+06,1.17270803376618E-04
-4.01318484848485E+06,1.18169507268661E-04
-4.01317284728473E+06,1.19072094954519E-04
-4.01316084608461E+06,1.19978570827789E-04
-4.01314884488449E+06,1.20888939272268E-04
-4.01313684368437E+06,1.21803204661918E-04
-4.01312484248425E+06,1.22721371360842E-04
-4.01311284128413E+06,1.23643443723291E-04
-4.01310084008401E+06,1.24569426093495E-04
-4.01308883888389E+06,1.25499322805847E-04
-4.01307683768377E+06,1.26433138184739E-04
-4.01306483648365E+06,1.27370876544564E-04
-4.01305283528353E+06,1.28312542189694E-04
-4.01304083408341E+06,1.29258139414449E-04
-4.01302883288329E+06,1.30207672503072E-04
-4.01301683168317E+06,1.31161145729701E-04
-4.01300483048305E+06,1.32118563358342E-04
-4.01299282928293E+06,1.33079929642882E-04
-4.01298082808281E+06,1.34045248826906E-04
-4.01296882688269E+06,1.35014525143903E-04
-4.01295682568257E+06,1.35987762817082E-04
-4.01294482448245E+06,1.36964966059387E-04
-4.01293282328233E+06,1.37946139073466E-04
-4.01292082208221E+06,1.3893128605165E-04
-4.01290882088209E+06,1.39920411175921E-04
-4.01289681968197E+06,1.40913518617886E-04
-4.01288481848185E+06,1.41910612538754E-04
-4.01287281728173E+06,1.42911697089344E-04
-4.01286081608161E+06,1.43916776409902E-04
-4.01284881488149E+06,1.44925854630314E-04
-4.01283681368137E+06,1.45938935869915E-04
-4.01282481248125E+06,1.46956024237508E-04
-4.01281281128113E+06,1.47977123831336E-04
-4.01280081008101E+06,1.49002238739052E-04
-4.01278880888089E+06,1.50031373037697E-04
-4.01277680768077E+06,1.5106453079367E-04
-4.01276480648065E+06,1.52101716062744E-04
-4.01275280528053E+06,1.53142932889878E-04
-4.01274080408041E+06,1.5418818530943E-04
-4.01272880288029E+06,1.55237477344973E-04
-4.01271680168017E+06,1.56290813009308E-04
-4.01270480048005E+06,1.57348196304433E-04
-4.01269279927993E+06,1.58409631221525E-04
-4.01268079807981E+06,1.59475121740906E-04
-4.01266879687969E+06,1.60544671832022E-04
-4.01265679567957E+06,1.61618285453413E-04
-4.01264479447945E+06,1.62695966552731E-04
-4.01263279327933E+06,1.63777719066548E-04
-4.01262079207921E+06,1.64863546920575E-04
-4.01260879087909E+06,1.65953454029475E-04
-4.01259678967897E+06,1.67047444296874E-04
-4.01258478847885E+06,1.68145521615338E-04
-4.01257278727873E+06,1.69247689866347E-04
-4.01256078607861E+06,1.70353952920266E-04
-4.01254878487849E+06,1.71464314636323E-04
-4.01253678367837E+06,1.72578778862578E-04
-4.01252478247825E+06,1.73697349435947E-04
-4.01251278127813E+06,1.74820030181998E-04
-4.01250078007801E+06,1.75946824915186E-04
-4.01248877887789E+06,1.77077737438654E-04
-4.01247677767777E+06,1.78212771544253E-04
-4.01246477647765E+06,1.79351931012512E-04
-4.01245277527753E+06,1.80495219612615E-04
-4.01244077407741E+06,1.81642641102377E-04
-4.01242877287729E+06,1.82794199228214E-04
-4.01241677167717E+06,1.8394989772512E-04
-4.01240477047705E+06,1.85109740316686E-04
-4.01239276927693E+06,1.86273730714896E-04
-4.01238076807681E+06,1.87441872620368E-04
-4.01236876687669E+06,1.88614169722153E-04
-4.01235676567657E+06,1.89790625697749E-04
-4.01234476447645E+06,1.90971244213082E-04
-4.01233276327633E+06,1.92156028922475E-04
-4.01232076207621E+06,1.93344983468627E-04
-4.01230876087609E+06,1.94538111482585E-04
-4.01229675967597E+06,1.95735416583764E-04
-4.01228475847585E+06,1.96936902379743E-04
-4.01227275727573E+06,1.98142572466508E-04
-4.01226075607561E+06,1.9935243042825E-04
-4.01224875487549E+06,2.00566479837382E-04
-4.01223675367537E+06,2.01784724254514E-04
-4.01222475247525E+06,2.0300716722843E-04
-4.01221275127513E+06,2.04233812296061E-04
-4.01220075007501E+06,2.05464662982461E-04
-4.01218874887489E+06,2.06699722800781E-04
-4.01217674767477E+06,2.07938995252295E-04
-4.01216474647465E+06,2.09182483826179E-04
-4.01215274527453E+06,2.10430191999777E-04
-4.01214074407441E+06,2.11682123238384E-04
-4.01212874287429E+06,2.12938280995268E-04
-4.01211674167417E+06,2.14198668711645E-04
-4.01210474047405E+06,2.15463289816658E-04
-4.01209273927393E+06,2.16732147727346E-04
-4.01208073807381E+06,2.18005245848627E-04
-4.01206873687369E+06,2.19282587573266E-04
-4.01205673567357E+06,2.20564176281906E-04
-4.01204473447345E+06,2.21850015342841E-04
-4.01203273327333E+06,2.23140108112292E-04
-4.01202073207321E+06,2.24434457934181E-04
-4.01200873087309E+06,2.25733068140161E-04
-4.01199672967297E+06,2.27035942049585E-04
-4.01198472847285E+06,2.2834308296949E-04
-4.01197272727273E+06,2.29654494194564E-04
-4.01196072607261E+06,2.30970179007129E-04
-4.01194872487249E+06,2.32290140677113E-04
-4.01193672367237E+06,2.33614382462076E-04
-4.01192472247225E+06,2.34942907606986E-04
-4.01191272127213E+06,2.36275719344496E-04
-4.01190072007201E+06,2.37612820894721E-04
-4.01188871887189E+06,2.3895421546526E-04
-4.01187671767177E+06,2.40299906251175E-04
-4.01186471647165E+06,2.41649896434968E-04
-4.01185271527153E+06,2.43004189186554E-04
-4.01184071407141E+06,2.44362787663241E-04
-4.01182871287129E+06,2.45725695009753E-04
-4.01181671167117E+06,2.47092914358001E-04
-4.01180471047105E+06,2.48464448827376E-04
-4.01179270927093E+06,2.49840301524508E-04
-4.01178070807081E+06,2.51220475543302E-04
-4.01176870687069E+06,2.5260497396491E-04
-4.01175670567057E+06,2.5399379985771E-04
-4.01174470447045E+06,2.55386956277281E-04
-4.01173270327033E+06,2.56784446266381E-04
-4.01172070207021E+06,2.58186272854921E-04
-4.01170870087009E+06,2.59592439059999E-04
-4.01169669966997E+06,2.61002947885656E-04
-4.01168469846985E+06,2.62417802323182E-04
-4.01167269726973E+06,2.63837005350875E-04
-4.01166069606961E+06,2.65260559934067E-04
-4.01164869486949E+06,2.66688469025109E-04
-4.01163669366937E+06,2.68120735563341E-04
-4.01162469246925E+06,2.69557362475073E-04
-4.01161269126913E+06,2.70998352673561E-04
-4.01160069006901E+06,2.72443709058982E-04
-4.01158868886889E+06,2.73893434518469E-04
-4.01157668766877E+06,2.75347531925863E-04
-4.01156468646865E+06,2.76806004142028E-04
-4.01155268526853E+06,2.78268854014602E-04
-4.01154068406841E+06,2.7973608437803E-04
-4.01152868286829E+06,2.81207698053545E-04
-4.01151668166817E+06,2.8268369784914E-04
-4.01150468046805E+06,2.84164086559549E-04
-4.01149267926793E+06,2.85648866966223E-04
-4.01148067806781E+06,2.87138041837307E-04
-4.01146867686769E+06,2.88631613927678E-04
-4.01145667566757E+06,2.90129585978686E-04
-4.01144467446745E+06,2.91631960718483E-04
-4.01143267326733E+06,2.93138740861769E-04
-4.01142067206721E+06,2.94649929109825E-04
-4.01140867086709E+06,2.96165528150491E-04
-4.01139666966697E+06,2.97685540658148E-04
-4.01138466846685E+06,2.9920996929369E-04
-4.01137266726673E+06,3.00738816704504E-04
-4.01136066606661E+06,3.02272085524509E-04
-4.01134866486649E+06,3.03809778373894E-04
-4.01133666366637E+06,3.05351897859453E-04
-4.01132466246625E+06,3.06898446574326E-04
-4.01131266126613E+06,3.08449427098036E-04
-4.01130066006601E+06,3.10004841996465E-04
-4.01128865886589E+06,3.11564693821839E-04
-4.01127665766577E+06,3.13128985112697E-04
-4.01126465646565E+06,3.14697718393876E-04
-4.01125265526553E+06,3.16270896176484E-04
-4.01124065406541E+06,3.17848520957945E-04
-4.01122865286529E+06,3.1943059522173E-04
-4.01121665166517E+06,3.210171214377E-04
-4.01120465046505E+06,3.22608102061845E-04
-4.01119264926493E+06,3.24203539536317E-04
-4.01118064806481E+06,3.25803436289418E-04
-4.01116864686469E+06,3.27407794735568E-04
-4.01115664566457E+06,3.29016617275291E-04
-4.01114464446445E+06,3.3062990629519E-04
-4.01113264326433E+06,3.32247664167928E-04
-4.01112064206421E+06,3.33869893252268E-04
-4.01110864086409E+06,3.35496595892802E-04
-4.01109663966397E+06,3.37127774420304E-04
-4.01108463846385E+06,3.38763431151461E-04
-4.01107263726373E+06,3.40403568388914E-04
-4.01106063606361E+06,3.42048188421235E-04
-4.01104863486349E+06,3.43697293522908E-04
-4.01103663366337E+06,3.45350885954307E-04
-4.01102463246325E+06,3.47008967961676E-04
-4.01101263126313E+06,3.48671541777108E-04
-4.01100063006301E+06,3.50338609618589E-04
-4.01098862886289E+06,3.52010173689717E-04
-4.01097662766277E+06,3.53686236180073E-04
-4.01096462646265E+06,3.55366799264938E-04
-4.01095262526253E+06,3.5705186510534E-04
-4.01094062406241E+06,3.58741435848029E-04
-4.01092862286229E+06,3.60435513625464E-04
-4.01091662166217E+06,3.62134100555785E-04
-4.01090462046205E+06,3.63837198742798E-04
-4.01089261926193E+06,3.6554481027595E-04
-4.01088061806181E+06,3.67256937230381E-04
-4.01086861686169E+06,3.68973581666632E-04
-4.01085661566157E+06,3.7069474563103E-04
-4.01084461446145E+06,3.72420431155393E-04
-4.01083261326133E+06,3.74150640257087E-04
-4.01082061206121E+06,3.75885374938998E-04
-4.01080861086109E+06,3.77624637189516E-04
-4.01079660966097E+06,3.79368428982513E-04
-4.01078460846085E+06,3.81116752277326E-04
-4.01077260726073E+06,3.82869609018801E-04
-4.01076060606061E+06,3.84627001137005E-04
-4.01074860486049E+06,3.86388930547611E-04
-4.01073660366037E+06,3.88155399151613E-04
-4.01072460246025E+06,3.89926408835365E-04
-4.01071260126013E+06,3.91701961470566E-04
-4.01070060006001E+06,3.93482058914244E-04
-4.01068859885989E+06,3.95266703008731E-04
-4.01067659765977E+06,3.97055895581646E-04
-4.01066459645965E+06,3.98849638445874E-04
-4.01065259525953E+06,4.00647933399621E-04
-4.01064059405941E+06,4.0245078222611E-04
-4.01062859285929E+06,4.04258186693985E-04
-4.01061659165917E+06,4.06070148557009E-04
-4.01060459045905E+06,4.07886669554118E-04
-4.01059258925893E+06,4.09707751409399E-04
-4.01058058805881E+06,4.11533395832073E-04
-4.01056858685869E+06,4.13363604516477E-04
-4.01055658565857E+06,4.15198379142042E-04
-4.01054458445845E+06,4.17037721373277E-04
-4.01053258325833E+06,4.18881632859819E-04
-4.01052058205821E+06,4.20730115236132E-04
-4.01050858085809E+06,4.22583170121915E-04
-4.01049657965797E+06,4.24440799121795E-04
-4.01048457845785E+06,4.26303003825387E-04
-4.01047257725773E+06,4.28169785807268E-04
-4.01046057605761E+06,4.30041146626962E-04
-4.01044857485749E+06,4.31917087828922E-04
-4.01043657365737E+06,4.33797610942512E-04
-4.01042457245725E+06,4.35682717481985E-04
-4.01041257125713E+06,4.37572408946542E-04
-4.01040057005701E+06,4.39466686820022E-04
-4.01038856885689E+06,4.41365552571318E-04
-4.01037656765677E+06,4.43269007654068E-04
-4.01036456645665E+06,4.45177053506715E-04
-4.01035256525653E+06,4.47089691552482E-04
-4.01034056405641E+06,4.49006923199357E-04
-4.01032856285629E+06,4.50928749840079E-04
-4.01031656165617E+06,4.52855172852113E-04
-4.01030456045605E+06,4.54786193597637E-04
-4.01029255925593E+06,4.56721813423599E-04
-4.01028055805581E+06,4.58662033661398E-04
-4.01026855685569E+06,4.60606855627318E-04
-4.01025655565557E+06,4.62556280622207E-04
-4.01024455445545E+06,4.64510309931541E-04
-4.01023255325533E+06,4.66468944825398E-04
-4.01022055205521E+06,4.6843218655845E-04
-4.01020855085509E+06,4.70400036369938E-04
-4.01019654965497E+06,4.72372495483658E-04
-4.01018454845485E+06,4.74349565108022E-04
-4.01017254725473E+06,4.76331246435732E-04
-4.01016054605461E+06,4.78317540644223E-04
-4.01014854485449E+06,4.8030844889534E-04
-4.01013654365437E+06,4.82303972335397E-04
-4.01012454245425E+06,4.84304112095161E-04
-4.01011254125413E+06,4.86308869289835E-04
-4.01010054005401E+06,4.88318245019042E-04
-4.01008853885389E+06,4.90332240366805E-04
-4.01007653765377E+06,4.92350856401534E-04
-4.01006453645365E+06,4.94374094176088E-04
-4.01005253525353E+06,4.96401954727441E-04
-4.01004053405341E+06,4.98434439077138E-04
-4.01002853285329E+06,5.00471548230967E-04
-4.01001653165317E+06,5.02513283179019E-04
-4.01000453045305E+06,5.04559644895669E-04
-4.00999252925293E+06,5.06610634339567E-04
-4.00998052805281E+06,5.08666252453614E-04
-4.00996852685269E+06,5.1072650016495E-04
-4.00995652565257E+06,5.1279137838494E-04
-4.00994452445245E+06,5.14860888009232E-04
-4.00993252325233E+06,5.16935029917425E-04
-4.00992052205221E+06,5.19013804973533E-04
-4.00990852085209E+06,5.21097214025646E-04
-4.00989651965197E+06,5.23185257906001E-04
-4.00988451845185E+06,5.25277937430958E-04
-4.00987251725173E+06,5.2737525340099E-04
-4.00986051605161E+06,5.29477206600666E-04
-4.00984851485149E+06,5.31583797798634E-04
-4.00983651365137E+06,5.33695027747608E-04
-4.00982451245125E+06,5.35810897184432E-04
-4.00981251125113E+06,5.37931406829737E-04
-4.00980051005101E+06,5.4005655738842E-04
-4.00978850885089E+06,5.421863495493E-04
-4.00977650765077E+06,5.44320783985181E-04
-4.00976450645065E+06,5.46459861352842E-04
-4.00975250525053E+06,5.4860358229302E-04
-4.00974050405041E+06,5.50751947430393E-04
-4.00972850285029E+06,5.5290495737357E-04
-4.00971650165017E+06,5.55062612715153E-04
-4.00970450045005E+06,5.57224914031393E-04
-4.00969249924993E+06,5.59391861882676E-04
-4.00968049804981E+06,5.6156345681317E-04
-4.00966849684969E+06,5.63739699350899E-04
-4.00965649564957E+06,5.65920590007728E-04
-4.00964449444945E+06,5.68106129279343E-04
-4.00963249324933E+06,5.70296317645243E-04
-4.00962049204921E+06,5.72491155568722E-04
-4.00960849084909E+06,5.74690643496857E-04
-4.00959648964897E+06,5.76894781860575E-04
-4.00958448844885E+06,5.79103571074302E-04
-4.00957248724873E+06,5.81317011536458E-04
-4.00956048604861E+06,5.83535103629103E-04
-4.00954848484849E+06,5.85757847718008E-04
-4.00953648364837E+06,5.87985244152639E-04
-4.00952448244825E+06,5.90217293266146E-04
-4.00951248124813E+06,5.9245399537535E-04
-4.00950048004801E+06,5.94695350780724E-04
-4.00948847884789E+06,5.96941359766384E-04
-4.00947647764777E+06,5.9919202260016E-04
-4.00946447644765E+06,6.01447339533236E-04
-4.00945247524753E+06,6.03707310800658E-04
-4.00944047404741E+06,6.05971936620969E-04
-4.00942847284729E+06,6.08241217196291E-04
-4.00941647164717E+06,6.105151527123E-04
-4.00940447044705E+06,6.12793743338226E-04
-4.00939246924693E+06,6.15076989226828E-04
-4.00938046804681E+06,6.17364890514387E-04
-4.00936846684669E+06,6.1965744732069E-04
-4.00935646564657E+06,6.21954659749112E-04
-4.00934446444645E+06,6.24256527886237E-04
-4.00933246324633E+06,6.26563051802387E-04
-4.00932046204621E+06,6.28874231551253E-04
-4.00930846084609E+06,6.31190067169964E-04
-4.00929645964597E+06,6.33510558679084E-04
-4.00928445844585E+06,6.35835706082592E-04
-4.00927245724573E+06,6.38165509367872E-04
-4.00926045604561E+06,6.40499968505702E-04
-4.00924845484549E+06,6.42839083450329E-04
-4.00923645364537E+06,6.45182854139095E-04
-4.00922445244525E+06,6.47531280492972E-04
-4.00921245124513E+06,6.4988436241618E-04
-4.00920045004501E+06,6.52242099796274E-04
-4.00918844884489E+06,6.54604492504125E-04
-4.00917644764477E+06,6.56971540393912E-04
-4.00916444644465E+06,6.59343243303107E-04
-4.00915244524453E+06,6.61719601052464E-04
-4.00914044404441E+06,6.6410061344601E-04
-4.00912844284429E+06,6.66486280271121E-04
-4.00911644164417E+06,6.68876601298143E-04
-4.00910444044405E+06,6.71271576280936E-04
-4.00909243924393E+06,6.73671204956488E-04
-4.00908043804381E+06,6.76075487045004E-04
-4.00906843684369E+06,6.78484422249885E-04
-4.00905643564357E+06,6.80898010257723E-04
-4.00904443444345E+06,6.83316250738288E-04
-4.00903243324333E+06,6.85739143344516E-04
-4.00902043204321E+06,6.88166687712499E-04
-4.00900843084309E+06,6.90598883461565E-04
-4.00899642964297E+06,6.93035730193894E-04
-4.00898442844285E+06,6.95477227495071E-04
-4.00897242724273E+06,6.97923374933696E-04
-4.00896042604261E+06,7.00374172061471E-04
-4.00894842484249E+06,7.02829618413184E-04
-4.00893642364237E+06,7.05289713506706E-04
-4.00892442244225E+06,7.0775445684297E-04
-4.00891242124213E+06,7.10223847905971E-04
-4.00890042004201E+06,7.12697886162747E-04
-4.00888841884189E+06,7.1517657106347E-04
-4.00887641764177E+06,7.17659902041047E-04
-4.00886441644165E+06,7.2014787851169E-04
-4.00885241524153E+06,7.2264049987452E-04
-4.00884041404141E+06,7.25137765511651E-04
-4.00882841284129E+06,7.27639674788181E-04
-4.00881641164117E+06,7.30146227052185E-04
-4.00880441044105E+06,7.32657421634699E-04
-4.00879240924093E+06,7.35173257849713E-04
-4.00878040804081E+06,7.37693734994263E-04
-4.00876840684069E+06,7.40218852348021E-04
-4.00875640564057E+06,7.42748609173878E-04
-4.00874440444045E+06,7.45283004717546E-04
-4.00873240324033E+06,7.47822038207639E-04
-4.00872040204021E+06,7.50365708855665E-04
-4.00870840084009E+06,7.52914015856021E-04
-4.00869639963997E+06,7.5546695838598E-04
-4.00868439843985E+06,7.58024535605681E-04
-4.00867239723973E+06,7.60586746658124E-04
-4.00866039603961E+06,7.63153590669253E-04
-4.00864839483949E+06,7.65725066747555E-04
-4.00863639363937E+06,7.68301173984648E-04
-4.00862439243925E+06,7.7088191145487E-04
-4.00861239123913E+06,7.7346727821537E-04
-4.00860039003901E+06,7.76057273306102E-04
-4.00858838883889E+06,7.78651895749816E-04
-4.00857638763877E+06,7.81251144552046E-04
-4.00856438643865E+06,7.83855018701103E-04
-4.00855238523853E+06,7.86463517168069E-04
-4.00854038403841E+06,7.89076638906885E-04
-4.00852838283829E+06,7.9169438285394E-04
-4.00851638163817E+06,7.94316747928673E-04
-4.00850438043805E+06,7.96943733033151E-04
-4.00849237923793E+06,7.99575337052172E-04
-4.00848037803781E+06,8.0221155885325E-04
-4.00846837683769E+06,8.04852397286609E-04
-4.00845637563757E+06,8.07497851185179E-04
-4.00844437443745E+06,8.10147919364578E-04
-4.00843237323733E+06,8.12802600623114E-04
-4.00842037203721E+06,8.15461893741876E-04
-4.00840837083709E+06,8.18125797484313E-04
-4.00839636963697E+06,8.20794310596846E-04
-4.00838436843685E+06,8.2346743180845E-04
-4.00837236723673E+06,8.26145159830744E-04
-4.00836036603661E+06,8.2882749335799E-04
-4.00834836483649E+06,8.3151443106708E-04
-4.00833636363637E+06,8.34205971617534E-04
-4.00832436243625E+06,8.36902113651486E-04
-4.00831236123613E+06,8.39602855793789E-04
-4.00830036003601E+06,8.42308196651584E-04
-4.00828835883589E+06,8.4501813481492E-04
-4.00827635763577E+06,8.47732668856333E-04
-4.00826435643565E+06,8.50451797330941E-04
-4.00825235523553E+06,8.53175518776437E-04
-4.00824035403541E+06,8.55903831713082E-04
-4.00822835283529E+06,8.586367346437E-04
-4.00821635163517E+06,8.61374226053668E-04
-4.00820435043505E+06,8.64116304410913E-04
-4.00819234923493E+06,8.66862968166011E-04
-4.00818034803481E+06,8.69614215751752E-04
-4.00816834683469E+06,8.72370045583777E-04
-4.00815634563457E+06,8.75130456060141E-04
-4.00814434443445E+06,8.77895445561416E-04
-4.00813234323433E+06,8.80665012450686E-04
-4.00812034203421E+06,8.83439155073536E-04
-4.00810834083409E+06,8.86217871758052E-04
-4.00809633963397E+06,8.8900116081481E-04
-4.00808433843385E+06,8.91789020536874E-04
-4.00807233723373E+06,8.94581449199894E-04
-4.00806033603361E+06,8.97378445061674E-04
-4.00804833483349E+06,9.00180006362808E-04
-4.00803633363337E+06,9.02986131326247E-04
-4.00802433243325E+06,9.05796818157398E-04
-4.00801233123313E+06,9.08612065044122E-04
-4.00800033003301E+06,9.11431870156727E-04
-4.00798832883289E+06,9.1425623164796E-04
-4.00797632763277E+06,9.17085147653007E-04
-4.00796432643265E+06,9.19918616289482E-04
-4.00795232523253E+06,9.22756635657541E-04
-4.00794032403241E+06,9.25599203839425E-04
-4.00792832283229E+06,9.28446318900121E-04
-4.00791632163217E+06,9.31297978886921E-04
-4.00790432043205E+06,9.3415418182952E-04
-4.00789231923193E+06,9.37014925740016E-04
-4.00788031803181E+06,9.39880208612902E-04
-4.00786831683169E+06,9.42750028425065E-04
-4.00785631563157E+06,9.45624383135777E-04
-4.00784431443145E+06,9.4850327068681E-04
-4.00783231323133E+06,9.51386689001973E-04
-4.00782031203121E+06,9.5427463598779E-04
-4.00780831083109E+06,9.57167109533038E-04
-4.00779630963097E+06,9.60064107508865E-04
-4.00778430843085E+06,9.62965627768778E-04
-4.00777230723073E+06,9.65871668148643E-04
-4.00776030603061E+06,9.68782226466677E-04
-4.00774830483049E+06,9.7169730052345E-04
-4.00773630363037E+06,9.74616888101878E-04
-4.00772430243025E+06,9.77540986967333E-04
-4.00771230123013E+06,9.80469594867181E-04
-4.00770030003001E+06,9.83402709531468E-04
-4.00768829882989E+06,9.86340328672457E-04
-4.00767629762977E+06,9.89282449984738E-04
-4.00766429642965E+06,9.92229071145226E-04
-4.00765229522953E+06,9.95180189813158E-04
-4.00764029402941E+06,9.98135803630087E-04
-4.00762829282929E+06,1.00109591021989E-03
-4.00761629162917E+06,1.00406050718873E-03
-4.00760429042905E+06,1.00702959212524E-03
-4.00759228922893E+06,1.01000316259996E-03
-4.00758028802881E+06,1.01298121616612E-03
-4.00756828682869E+06,1.01596375035911E-03
-4.00755628562857E+06,1.01895076269663E-03
-4.00754428442845E+06,1.02194225067867E-03
-4.00753228322833E+06,1.02493821178752E-03
-4.00752028202821E+06,1.02793864348775E-03
-4.00750828082809E+06,1.03094354322622E-03
-4.00749627962797E+06,1.03395290843207E-03
-4.00748427842785E+06,1.03696673651685E-03
-4.00747227722773E+06,1.03998502487404E-03
-4.00746027602761E+06,1.04300777087974E-03
-4.00744827482749E+06,1.04603497189221E-03
-4.00743627362737E+06,1.04906662525199E-03
-4.00742427242725E+06,1.05210272828188E-03
-4.00741227122713E+06,1.05514327828698E-03
-4.00740027002701E+06,1.05818827255462E-03
-4.00738826882689E+06,1.06123770835442E-03
-4.00737626762677E+06,1.06429158293839E-03
-4.00736426642665E+06,1.06734989354043E-03
-4.00735226522653E+06,1.07041263737706E-03
-4.00734026402641E+06,1.07347981164695E-03
-4.00732826282629E+06,1.07655141353104E-03
-4.00731626162617E+06,1.0796274401925E-03
-4.00730426042605E+06,1.08270788877678E-03
-4.00729225922593E+06,1.08579275641158E-03
-4.00728025802581E+06,1.08888204020685E-03
-4.00726825682569E+06,1.0919757372548E-03
-4.00725625562557E+06,1.09507384463002E-03
-4.00724425442545E+06,1.09817635938896E-03
-4.00723225322533E+06,1.10128327857073E-03
-4.00722025202521E+06,1.10439459919654E-03
-4.00720825082509E+06,1.10751031826984E-03
-4.00719624962497E+06,1.11063043277637E-03
-4.00718424842485E+06,1.11375493968408E-03
-4.00717224722473E+06,1.11688383594319E-03
-4.00716024602461E+06,1.12001711848617E-03
-4.00714824482449E+06,1.12315478422772E-03
-4.00713624362437E+06,1.12629683006492E-03
-4.00712424242425E+06,1.12944325287675E-03
-4.00711224122413E+06,1.13259404952479E-03
-4.00710024002401E+06,1.13574921685273E-03
-4.00708823882389E+06,1.13890875168653E-03
-4.00707623762377E+06,1.1420726508344E-03
-4.00706423642365E+06,1.14524091108679E-03
-4.00705223522353E+06,1.14841352921639E-03
-4.00704023402341E+06,1.15159050197817E-03
-4.00702823282329E+06,1.15477182610932E-03
-4.00701623162317E+06,1.15795749832943E-03
-4.00700423042305E+06,1.16114751533994E-03
-4.00699222922293E+06,1.16434187382494E-03
-4.00698022802281E+06,1.16754057045065E-03
-4.00696822682269E+06,1.17074360186552E-03
-4.00695622562257E+06,1.17395096470029E-03
-4.00694422442245E+06,1.17716265556792E-03
-4.00693222322233E+06,1.18037867106365E-03
-4.00692022202221E+06,1.18359900776498E-03
-4.00690822082209E+06,1.18682366223166E-03
-4.00689621962197E+06,1.19005263100582E-03
-4.00688421842185E+06,1.1932859106115E-03
-4.00687221722173E+06,1.19652349755537E-03
-4.00686021602161E+06,1.19976538832623E-03
-4.00684821482149E+06,1.20301157939515E-03
-4.00683621362137E+06,1.20626206721549E-03
-4.00682421242125E+06,1.20951684822285E-03
-4.00681221122113E+06,1.21277591883514E-03
-4.00680021002101E+06,1.2160392754525E-03
-4.00678820882089E+06,1.21930691445751E-03
-4.00677620762077E+06,1.22257883221464E-03
-4.00676420642065E+06,1.22585502507101E-03
-4.00675220522053E+06,1.2291354893559E-03
-4.00674020402041E+06,1.2324202213809E-03
-4.00672820282029E+06,1.23570921743985E-03
-4.00671620162017E+06,1.23900247380891E-03
-4.00670420042005E+06,1.24229998674653E-03
-4.00669219921993E+06,1.24560175249343E-03
-4.00668019801981E+06,1.24890776727266E-03
-4.00666819681969E+06,1.25221802728968E-03
-4.00665619561957E+06,1.25553252873189E-03
-4.00664419441945E+06,1.25885126776936E-03
-4.00663219321933E+06,1.26217424055435E-03
-4.00662019201921E+06,1.26550144322145E-03
-4.00660819081909E+06,1.26883287188753E-03
-4.00659618961897E+06,1.27216852265182E-03
-4.00658418841885E+06,1.27550839159584E-03
-4.00657218721873E+06,1.27885247478347E-03
-4.00656018601861E+06,1.28220076826088E-03
-4.00654818481849E+06,1.28555326805674E-03
-4.00653618361837E+06,1.28890997018164E-03
-4.00652418241825E+06,1.29227087062893E-03
-4.00651218121813E+06,1.29563596537414E-03
-4.00650018001801E+06,1.29900525037518E-03
-4.00648817881789E+06,1.3023787215723E-03
-4.00647617761777E+06,1.30575637488809E-03
-4.00646417641765E+06,1.30913820622753E-03
-4.00645217521753E+06,1.31252421147795E-03
-4.00644017401741E+06,1.31591438650904E-03
-4.00642817281729E+06,1.31930872717302E-03
-4.00641617161717E+06,1.32270722930407E-03
-4.00640417041705E+06,1.32610988871915E-03
-4.00639216921693E+06,1.32951670121749E-03
-4.00638016801681E+06,1.33292766258069E-03
-4.00636816681669E+06,1.33634276857277E-03
-4.00635616561657E+06,1.33976201494013E-03
-4.00634416441645E+06,1.34318539741158E-03
-4.00633216321633E+06,1.34661291169835E-03
-4.00632016201621E+06,1.35004455349408E-03
-4.00630816081609E+06,1.35348031847497E-03
-4.00629615961597E+06,1.35692020229922E-03
-4.00628415841585E+06,1.3603642006079E-03
-4.00627215721573E+06,1.36381230902436E-03
-4.00626015601561E+06,1.36726452315438E-03
-4.00624815481549E+06,1.37072083858621E-03
-4.00623615361537E+06,1.37418125089056E-03
-4.00622415241525E+06,1.37764575562056E-03
-4.00621215121513E+06,1.38111434831184E-03
-4.00620015001501E+06,1.38458702448261E-03
-4.00618814881489E+06,1.38806377963318E-03
-4.00617614761477E+06,1.39154460924671E-03
-4.00616414641465E+06,1.39502950878874E-03
-4.00615214521453E+06,1.3985184737073E-03
-4.00614014401441E+06,1.4020114994329E-03
-4.00612814281429E+06,1.40550858137857E-03
-4.00611614161417E+06,1.40900971493987E-03
-4.00610414041405E+06,1.41251489549484E-03
-4.00609213921393E+06,1.41602411840407E-03
-4.00608013801381E+06,1.41953737901081E-03
-4.00606813681369E+06,1.42305467264045E-03
-4.00605613561357E+06,1.42657599460132E-03
-4.00604413441345E+06,1.43010134018418E-03
-4.00603213321333E+06,1.43363070466232E-03
-4.00602013201321E+06,1.43716408329163E-03
-4.00600813081309E+06,1.44070147131054E-03
-4.00599612961297E+06,1.44424286394009E-03
-4.00598412841285E+06,1.44778825638389E-03
-4.00597212721273E+06,1.45133764382813E-03
-4.00596012601261E+06,1.45489102144176E-03
-4.00594812481249E+06,1.45844838437593E-03
-4.00593612361237E+06,1.4620097277648E-03
-4.00592412241225E+06,1.46557504672501E-03
-4.00591212121213E+06,1.46914433635586E-03
-4.00590012001201E+06,1.47271759173925E-03
-4.00588811881189E+06,1.47629480793977E-03
-4.00587611761177E+06,1.47987598000463E-03
-4.00586411641165E+06,1.48346110296372E-03
-4.00585211521153E+06,1.48705017182958E-03
-4.00584011401141E+06,1.49064318159758E-03
-4.00582811281129E+06,1.49424012724537E-03
-4.00581611161117E+06,1.49784100373369E-03
-4.00580411041105E+06,1.50144580600585E-03
-4.00579210921093E+06,1.50505452898788E-03
-4.0057801080108E+06,1.50866716758852E-03
-4.00576810681069E+06,1.51228371669924E-03
-4.00575610561057E+06,1.51590417119424E-03
-4.00574410441045E+06,1.51952852593047E-03
-4.00573210321033E+06,1.52315677574778E-03
-4.00572010201021E+06,1.52678891546836E-03
-4.00570810081008E+06,1.53042493989758E-03
-4.00569609960996E+06,1.53406484382346E-03
-4.00568409840985E+06,1.5377086220168E-03
-4.00567209720973E+06,1.54135626923122E-03
-4.00566009600961E+06,1.54500778020312E-03
-4.00564809480949E+06,1.54866314965173E-03
-4.00563609360937E+06,1.55232237227912E-03
-4.00562409240925E+06,1.55598544277016E-03
-4.00561209120912E+06,1.55965235579274E-03
-4.005600090009E+06,1.56332310599716E-03
-4.00558808880888E+06,1.56699768801703E-03
-4.00557608760877E+06,1.57067609646866E-03
-4.00556408640865E+06,1.57435832595127E-03
-4.00555208520853E+06,1.57804437104697E-03
-4.00554008400841E+06,1.58173422632076E-03
-4.00552808280829E+06,1.58542788632057E-03
-4.00551608160817E+06,1.58912534557725E-03
-4.00550408040805E+06,1.59282659860456E-03
-4.00549207920793E+06,1.59653163989939E-03
-4.0054800780078E+06,1.60024046394112E-03
-4.00546807680769E+06,1.60395306519253E-03
-4.00545607560757E+06,1.60766943809925E-03
-4.00544407440745E+06,1.61138957708988E-03
-4.00543207320733E+06,1.61511347657602E-03
-4.00542007200721E+06,1.61884113095227E-03
-4.00540807080709E+06,1.62257253459627E-03
-4.00539606960697E+06,1.62630768186866E-03
-4.00538406840685E+06,1.63004656711313E-03
-4.00537206720673E+06,1.63378918465659E-03
-4.0053600660066E+06,1.63753552880853E-03
-4.00534806480649E+06,1.64128559386199E-03
-4.00533606360637E+06,1.64503937409292E-03
-4.00532406240625E+06,1.64879686376039E-03
-4.00531206120613E+06,1.65255805710656E-03
-4.00530006000601E+06,1.65632294835671E-03
-4.00528805880589E+06,1.66009153171926E-03
-4.00527605760576E+06,1.66386380138575E-03
-4.00526405640564E+06,1.66763975153104E-03
-4.00525205520552E+06,1.67141937631271E-03
-4.00524005400541E+06,1.67520266987195E-03
-4.00522805280529E+06,1.678989626333E-03
-4.00521605160517E+06,1.6827802398033E-03
-4.00520405040505E+06,1.68657450437349E-03
-4.00519204920492E+06,1.69037241411746E-03
-4.0051800480048E+06,1.6941739630923E-03
-4.00516804680468E+06,1.69797914533839E-03
-4.00515604560457E+06,1.70178795487934E-03
-4.00514404440445E+06,1.7056003857222E-03
-4.00513204320433E+06,1.70941643185686E-03
-4.00512004200421E+06,1.71323608725693E-03
-4.00510804080408E+06,1.71705934587923E-03
-4.00509603960396E+06,1.72088620166385E-03
-4.00508403840384E+06,1.72471664853427E-03
-4.00507203720372E+06,1.72855068039728E-03
-4.0050600360036E+06,1.73238829114305E-03
-4.00504803480349E+06,1.73622947464513E-03
-4.00503603360337E+06,1.74007422476045E-03
-4.00502403240324E+06,1.74392253532949E-03
-4.00501203120312E+06,1.74777440017572E-03
-4.005000030003E+06,1.75162981310645E-03
-4.00498802880288E+06,1.75548876791232E-03
-4.00497602760276E+06,1.75935125836739E-03
-4.00496402640264E+06,1.76321727822923E-03
-4.00495202520252E+06,1.76708682123886E-03
-4.0049400240024E+06,1.77095988112081E-03
-4.00492802280228E+06,1.77483645158313E-03
-4.00491602160216E+06,1.77871652631737E-03
-4.00490402040204E+06,1.78260009899878E-03
-4.00489201920192E+06,1.78648716328573E-03
-4.0048800180018E+06,1.79037771282058E-03
-4.00486801680168E+06,1.79427174122914E-03
-4.00485601560156E+06,1.7981692421208E-03
-4.00484401440144E+06,1.80207020908857E-03
-4.00483201320132E+06,1.80597463570908E-03
-4.0048200120012E+06,1.8098825155426E-03
-4.00480801080109E+06,1.81379384213305E-03
-4.00479600960096E+06,1.81770860900816E-03
-4.00478400840084E+06,1.82162680967891E-03
-4.00477200720072E+06,1.82554843764041E-03
-4.0047600060006E+06,1.82947348637134E-03
-4.00474800480048E+06,1.8334019493341E-03
-4.00473600360036E+06,1.83733381997484E-03
-4.00472400240025E+06,1.84126909172346E-03
-4.00471200120013E+06,1.84520775799363E-03
-4.0047E+06,1.84914981218282E-03
-4.00468799879989E+06,1.85309524767229E-03
-4.00467599759976E+06,1.85704405782726E-03
-4.00466399639964E+06,1.86099623599635E-03
-4.00465199519952E+06,1.86495177551246E-03
-4.0046399939994E+06,1.86891066969223E-03
-4.00462799279928E+06,1.87287291183615E-03
-4.00461599159916E+06,1.87683849522863E-03
-4.00460399039904E+06,1.88080741313797E-03
-4.00459198919892E+06,1.88477965881641E-03
-4.0045799879988E+06,1.88875522550013E-03
-4.00456798679868E+06,1.89273410640927E-03
-4.00455598559856E+06,1.89671629474809E-03
-4.00454398439844E+06,1.90070178370439E-03
-4.00453198319832E+06,1.90469056645044E-03
-4.0045199819982E+06,1.90868263614236E-03
-4.00450798079808E+06,1.91267798592034E-03
-4.00449597959796E+06,1.9166766089086E-03
-4.00448397839784E+06,1.92067849821545E-03
-4.00447197719772E+06,1.92468364693328E-03
-4.0044599759976E+06,1.92869204813859E-03
-4.00444797479748E+06,1.932703694892E-03
-4.00443597359736E+06,1.93671858023843E-03
-4.00442397239724E+06,1.94073669720649E-03
-4.00441197119712E+06,1.94475803880942E-03
-4.004399969997E+06,1.94878259804451E-03
-4.00438796879688E+06,1.95281036789324E-03
-4.00437596759676E+06,1.95684134132134E-03
-4.00436396639664E+06,1.96087551127875E-03
-4.00435196519652E+06,1.9649128706997E-03
-4.0043399639964E+06,1.96895341250268E-03
-4.00432796279628E+06,1.97299712959063E-03
-4.00431596159616E+06,1.97704401485033E-03
-4.00430396039604E+06,1.98109406115339E-03
-4.00429195919592E+06,1.98514726135556E-03
-4.0042799579958E+06,1.98920360829699E-03
-4.00426795679568E+06,1.99326309480221E-03
-4.00425595559556E+06,1.99732571368013E-03
-4.00424395439544E+06,2.00139145772411E-03
-4.00423195319532E+06,2.00546031971192E-03
-4.0042199519952E+06,2.0095322924058E-03
-4.00420795079508E+06,2.01360736855261E-03
-4.00419594959496E+06,2.01768554088323E-03
-4.00418394839484E+06,2.02176680211353E-03
-4.00417194719472E+06,2.02585114494375E-03
-4.0041599459946E+06,2.02993856205867E-03
-4.00414794479448E+06,2.03402904612764E-03
-4.00413594359436E+06,2.03812258980459E-03
-4.00412394239424E+06,2.04221918572805E-03
-4.00411194119412E+06,2.04631882652117E-03
-4.004099939994E+06,2.05042150479177E-03
-4.00408793879388E+06,2.05452721313243E-03
-4.00407593759376E+06,2.05863594411999E-03
-4.00406393639364E+06,2.06274769031642E-03
-4.00405193519352E+06,2.06686244426828E-03
-4.0040399339934E+06,2.07098019850683E-03
-4.00402793279328E+06,2.07510094554813E-03
-4.00401593159316E+06,2.07922467789296E-03
-4.00400393039304E+06,2.08335138802694E-03
-4.00399192919292E+06,2.08748106842049E-03
-4.0039799279928E+06,2.09161371152884E-03
-4.00396792679268E+06,2.09574930979225E-03
-4.00395592559256E+06,2.09988785563538E-03
-4.00394392439244E+06,2.10402934146825E-03
-4.00393192319232E+06,2.10817375968562E-03
-4.0039199219922E+06,2.11232110266721E-03
-4.00390792079208E+06,2.11647136277767E-03
-4.00389591959196E+06,2.12062453236661E-03
-4.00388391839184E+06,2.12478060376868E-03
-4.00387191719172E+06,2.12893956930348E-03
-4.0038599159916E+06,2.13310142127584E-03
-4.00384791479148E+06,2.13726615197516E-03
-4.00383591359136E+06,2.14143375367637E-03
-4.00382391239124E+06,2.14560421863937E-03
-4.00381191119112E+06,2.14977753910912E-03
-4.003799909991E+06,2.15395370731578E-03
-4.00378790879088E+06,2.1581327154746E-03
-4.00377590759076E+06,2.16231455578605E-03
-4.00376390639064E+06,2.16649922043579E-03
-4.00375190519052E+06,2.17068670159468E-03
-4.0037399039904E+06,2.17487699141898E-03
-4.00372790279028E+06,2.17907008204975E-03
-4.00371590159016E+06,2.18326596561379E-03
-4.00370390039004E+06,2.18746463422305E-03
-4.00369189918992E+06,2.1916660799748E-03
-4.0036798979898E+06,2.19587029495165E-03
-4.00366789678968E+06,2.20007727122159E-03
-4.00365589558956E+06,2.20428700083799E-03
-4.00364389438944E+06,2.20849947583962E-03
-4.00363189318932E+06,2.21271468825068E-03
-4.0036198919892E+06,2.21693263008099E-03
-4.00360789078908E+06,2.22115329332537E-03
-4.00359588958896E+06,2.22537666996459E-03
-4.00358388838884E+06,2.22960275196481E-03
-4.00357188718872E+06,2.2338315312777E-03
-4.0035598859886E+06,2.2380629998405E-03
-4.00354788478848E+06,2.24229714957605E-03
-4.00353588358836E+06,2.24653397239276E-03
-4.00352388238824E+06,2.2507734601847E-03
-4.00351188118812E+06,2.25501560483158E-03
-4.003499879988E+06,2.25926039819894E-03
-4.00348787878788E+06,2.26350783213753E-03
-4.00347587758776E+06,2.26775789848429E-03
-4.00346387638764E+06,2.27201058906176E-03
-4.00345187518752E+06,2.27626589567824E-03
-4.0034398739874E+06,2.28052381012779E-03
-4.00342787278728E+06,2.2847843241903E-03
-4.00341587158716E+06,2.28904742963148E-03
-4.00340387038704E+06,2.29331311820291E-03
-4.00339186918692E+06,2.29758138164218E-03
-4.0033798679868E+06,2.30185221167232E-03
-4.00336786678668E+06,2.30612560000274E-03
-4.00335586558656E+06,2.31040153832866E-03
-4.00334386438644E+06,2.31468001833127E-03
-4.00333186318632E+06,2.31896103167772E-03
-4.0033198619862E+06,2.3232445700212E-03
-4.00330786078608E+06,2.32753062500093E-03
-4.00329585958596E+06,2.33181918824221E-03
-4.00328385838584E+06,2.3361102513564E-03
-4.00327185718572E+06,2.34040380594115E-03
-4.0032598559856E+06,2.34469984357973E-03
-4.00324785478548E+06,2.34899835584209E-03
-4.00323585358536E+06,2.35329933428418E-03
-4.00322385238524E+06,2.35760277044815E-03
-4.00321185118512E+06,2.36190865586238E-03
-4.003199849985E+06,2.36621698204152E-03
-4.00318784878488E+06,2.37052774048646E-03
-4.00317584758476E+06,2.37484092268443E-03
-4.00316384638464E+06,2.37915652010896E-03
-4.00315184518452E+06,2.3834745242201E-03
-4.0031398439844E+06,2.38779492646379E-03
-4.00312784278428E+06,2.39211771827284E-03
-4.00311584158416E+06,2.39644289106634E-03
-4.00310384038404E+06,2.40077043624981E-03
-4.00309183918392E+06,2.40510034521526E-03
-4.0030798379838E+06,2.40943260934118E-03
-4.00306783678368E+06,2.41376721999258E-03
-4.00305583558356E+06,2.41810416852103E-03
-4.00304383438344E+06,2.42244344626465E-03
-4.00303183318332E+06,2.42678504454835E-03
-4.0030198319832E+06,2.43112895468314E-03
-4.00300783078308E+06,2.43547516796718E-03
-4.00299582958296E+06,2.43982367568514E-03
-4.00298382838284E+06,2.44417446910837E-03
-4.00297182718272E+06,2.44852753949496E-03
-4.0029598259826E+06,2.45288287808974E-03
-4.00294782478248E+06,2.45724047612431E-03
-4.00293582358236E+06,2.46160032481707E-03
-4.00292382238224E+06,2.46596241537325E-03
-4.00291182118212E+06,2.47032673898507E-03
-4.002899819982E+06,2.47469328683114E-03
-4.00288781878188E+06,2.47906205007749E-03
-4.00287581758176E+06,2.48343301987688E-03
-4.00286381638164E+06,2.48780618736903E-03
-4.00285181518152E+06,2.49218154368065E-03
-4.0028398139814E+06,2.49655907992542E-03
-4.00282781278128E+06,2.5009387872041E-03
-4.00281581158116E+06,2.50532065660446E-03
-4.00280381038104E+06,2.50970467920154E-03
-4.00279180918092E+06,2.51409084605699E-03
-4.0027798079808E+06,2.51847914822008E-03
-4.00276780678068E+06,2.52286957672709E-03
-4.00275580558056E+06,2.52726212260148E-03
-4.00274380438044E+06,2.53165677685392E-03
-4.00273180318032E+06,2.53605353048232E-03
-4.0027198019802E+06,2.54045237447186E-03
-4.00270780078008E+06,2.54485329979503E-03
-4.00269579957996E+06,2.5492562974116E-03
-4.00268379837984E+06,2.55366135826889E-03
-4.00267179717972E+06,2.55806847330108E-03
-4.0026597959796E+06,2.56247763343025E-03
-4.00264779477948E+06,2.56688882956574E-03
-4.00263579357936E+06,2.57130205260435E-03
-4.00262379237924E+06,2.57571729343035E-03
-4.00261179117912E+06,2.58013454291555E-03
-4.002599789979E+06,2.58455379191925E-03
-4.00258778877888E+06,2.58897503128834E-03
-4.00257578757876E+06,2.59339825185731E-03
-4.00256378637864E+06,2.59782344444843E-03
-4.00255178517852E+06,2.60225059987108E-03
-4.0025397839784E+06,2.60667970892286E-03
-4.00252778277828E+06,2.61111076238888E-03
-4.00251578157816E+06,2.615543751042E-03
-4.00250378037804E+06,2.6199786656428E-03
-4.00249177917792E+06,2.62441549693967E-03
-4.0024797779778E+06,2.62885423566881E-03
-4.00246777677768E+06,2.63329487255426E-03
-4.00245577557756E+06,2.63773739830791E-03
-4.00244377437744E+06,2.64218180362975E-03
-4.00243177317732E+06,2.64662807920714E-03
-4.0024197719772E+06,2.65107621571594E-03
-4.00240777077708E+06,2.65552620381981E-03
-4.00239576957696E+06,2.65997803417039E-03
-4.00238376837684E+06,2.6644316974074E-03
-4.00237176717672E+06,2.6688871841586E-03
-4.0023597659766E+06,2.67334448503985E-03
-4.00234776477648E+06,2.67780359065513E-03
-4.00233576357636E+06,2.68226449159657E-03
-4.00232376237624E+06,2.68672717844465E-03
-4.00231176117612E+06,2.69119164176755E-03
-4.002299759976E+06,2.6956578721222E-03
-4.00228775877588E+06,2.7001258600536E-03
-4.00227575757576E+06,2.70459559609509E-03
-4.00226375637564E+06,2.70906707076829E-03
-4.00225175517552E+06,2.7135402745832E-03
-4.0022397539754E+06,2.71801519803819E-03
-4.00222775277528E+06,2.72249183162004E-03
-4.00221575157516E+06,2.72697016580414E-03
-4.00220375037504E+06,2.73145019105383E-03
-4.00219174917492E+06,2.73593189782149E-03
-4.0021797479748E+06,2.74041527654781E-03
-4.00216774677468E+06,2.74490031766208E-03
-4.00215574557456E+06,2.74938701158214E-03
-4.00214374437444E+06,2.75387534871448E-03
-4.00213174317432E+06,2.7583653194542E-03
-4.0021197419742E+06,2.76285691418511E-03
-4.00210774077408E+06,2.7673501232797E-03
-4.00209573957396E+06,2.77184493709937E-03
-4.00208373837384E+06,2.77634134599377E-03
-4.00207173717372E+06,2.78083934030187E-03
-4.0020597359736E+06,2.78533891035127E-03
-4.00204773477348E+06,2.78984004645844E-03
-4.00203573357336E+06,2.79434273892873E-03
-4.00202373237324E+06,2.79884697805641E-03
-4.00201173117312E+06,2.80335275412468E-03
-4.001999729973E+06,2.80786005740572E-03
-4.00198772877288E+06,2.81236887816072E-03
-4.00197572757276E+06,2.81687920664007E-03
-4.00196372637264E+06,2.8213910330827E-03
-4.00195172517252E+06,2.82590434771718E-03
-4.0019397239724E+06,2.83041914076101E-03
-4.00192772277228E+06,2.83493540242084E-03
-4.00191572157216E+06,2.83945312289253E-03
-4.00190372037204E+06,2.84397229236114E-03
-4.00189171917192E+06,2.84849290100099E-03
-4.0018797179718E+06,2.85301493897567E-03
-4.00186771677168E+06,2.85753839643809E-03
-4.00185571557156E+06,2.86206326353065E-03
-4.00184371437144E+06,2.86658953038464E-03
-4.00183171317132E+06,2.87111718712123E-03
-4.0018197119712E+06,2.87564622385089E-03
-4.00180771077108E+06,2.88017663067351E-03
-4.00179570957096E+06,2.88470839767853E-03
-4.00178370837084E+06,2.88924151494487E-03
-4.00177170717072E+06,2.89377597254103E-03
-4.0017597059706E+06,2.89831176052509E-03
-4.00174770477048E+06,2.90284886894494E-03
-4.00173570357036E+06,2.90738728783758E-03
-4.00172370237024E+06,2.91192700723023E-03
-4.00171170117012E+06,2.91646801713965E-03
-4.00169969997E+06,2.92101030757233E-03
-4.00168769876988E+06,2.92555386852457E-03
-4.00167569756976E+06,2.93009868998245E-03
-4.00166369636964E+06,2.93464476192189E-03
-4.00165169516952E+06,2.93919207430872E-03
-4.0016396939694E+06,2.94374061709864E-03
-4.00162769276928E+06,2.94829038023747E-03
-4.00161569156916E+06,2.95284135366048E-03
-4.00160369036904E+06,2.95739352729346E-03
-4.00159168916892E+06,2.96194689105207E-03
-4.0015796879688E+06,2.96650143484202E-03
-4.00156768676868E+06,2.97105714855912E-03
-4.00155568556856E+06,2.97561402208931E-03
-4.00154368436844E+06,2.9801720453087E-03
-4.00153168316832E+06,2.9847312080836E-03
-4.0015196819682E+06,2.98929150027051E-03
-4.00150768076808E+06,2.9938529117164E-03
-4.00149567956796E+06,2.998415432258E-03
-4.00148367836784E+06,3.00297905172287E-03
-4.00147167716772E+06,3.00754375992877E-03
-4.0014596759676E+06,3.01210954668385E-03
-4.00144767476748E+06,3.01667640178666E-03
-4.00143567356736E+06,3.02124431502623E-03
-4.00142367236724E+06,3.02581327618206E-03
-4.00141167116712E+06,3.03038327502417E-03
-4.001399669967E+06,3.03495430131314E-03
-4.00138766876688E+06,3.03952634480032E-03
-4.00137566756676E+06,3.04409939522713E-03
-4.00136366636664E+06,3.04867344232617E-03
-4.00135166516652E+06,3.05324847582056E-03
-4.0013396639664E+06,3.05782448542415E-03
-4.00132766276628E+06,3.06240146084151E-03
-4.00131566156616E+06,3.06697939176802E-03
-4.00130366036604E+06,3.07155826788985E-03
-4.00129165916592E+06,3.07613807888405E-03
-4.0012796579658E+06,3.08071881441871E-03
-4.00126765676568E+06,3.08530046415232E-03
-4.00125565556556E+06,3.08988301773484E-03
-4.00124365436544E+06,3.09446646480704E-03
-4.00123165316532E+06,3.09905079500073E-03
-4.0012196519652E+06,3.10363599793872E-03
-4.00120765076508E+06,3.10822206323496E-03
-4.00119564956496E+06,3.11280898049449E-03
-4.00118364836484E+06,3.1173967393135E-03
-4.00117164716472E+06,3.12198532927938E-03
-4.0011596459646E+06,3.12657473997091E-03
-4.00114764476448E+06,3.13116496095758E-03
-4.00113564356436E+06,3.13575598180074E-03
-4.00112364236424E+06,3.14034779205283E-03
-4.00111164116412E+06,3.14494038125769E-03
-4.001099639964E+06,3.14953373895053E-03
-4.00108763876388E+06,3.15412785465798E-03
-4.00107563756376E+06,3.15872271789814E-03
-4.00106363636364E+06,3.16331831818059E-03
-4.00105163516352E+06,3.16791464500645E-03
-4.0010396339634E+06,3.17251168786858E-03
-4.00102763276328E+06,3.17710943625088E-03
-4.00101563156316E+06,3.18170787962944E-03
-4.00100363036304E+06,3.18630700747181E-03
-4.00099162916292E+06,3.19090680923726E-03
-4.0009796279628E+06,3.19550727437679E-03
-4.00096762676268E+06,3.20010839233316E-03
-4.00095562556256E+06,3.20471015254093E-03
-4.00094362436244E+06,3.20931254442651E-03
-4.00093162316232E+06,3.21391555740818E-03
-4.0009196219622E+06,3.21851918089628E-03
-4.00090762076208E+06,3.22312340429259E-03
-4.00089561956196E+06,3.22772821699139E-03
-4.00088361836184E+06,3.23233360837879E-03
-4.00087161716172E+06,3.23693956783293E-03
-4.0008596159616E+06,3.24154608472406E-03
-4.00084761476148E+06,3.24615314841452E-03
-4.00083561356136E+06,3.25076074825884E-03
-4.00082361236124E+06,3.25536887360368E-03
-4.00081161116112E+06,3.25997751378815E-03
-4.000799609961E+06,3.26458665814305E-03
-4.00078760876088E+06,3.26919629599203E-03
-4.00077560756076E+06,3.27380641665086E-03
-4.00076360636064E+06,3.27841700942771E-03
-4.00075160516052E+06,3.28302806362311E-03
-4.0007396039604E+06,3.28763956853004E-03
-4.00072760276028E+06,3.29225151343397E-03
-4.00071560156016E+06,3.29686388761283E-03
-4.00070360036004E+06,3.30147668033712E-03
-4.00069159915992E+06,3.3060898808701E-03
-4.0006795979598E+06,3.31070347846708E-03
-4.00066759675968E+06,3.31531746237657E-03
-4.00065559555956E+06,3.31993182183957E-03
-4.00064359435944E+06,3.32454654608982E-03
-4.00063159315932E+06,3.32916162435379E-03
-4.0006195919592E+06,3.33377704585076E-03
-4.00060759075908E+06,3.33839279979282E-03
-4.00059558955896E+06,3.34300887538493E-03
-4.00058358835884E+06,3.34762526182494E-03
-4.00057158715872E+06,3.35224194830383E-03
-4.0005595859586E+06,3.356858924005E-03
-4.00054758475848E+06,3.36147617810538E-03
-4.00053558355836E+06,3.36609369977479E-03
-4.00052358235824E+06,3.3707114781761E-03
-4.00051158115812E+06,3.37532950246533E-03
-4.000499579958E+06,3.37994776179161E-03
-4.00048757875788E+06,3.38456624529729E-03
-4.00047557755776E+06,3.38918494211792E-03
-4.00046357635764E+06,3.39380384138232E-03
-4.00045157515752E+06,3.39842293221279E-03
-4.0004395739574E+06,3.40304220372441E-03
-4.00042757275728E+06,3.40766164502618E-03
-4.00041557155716E+06,3.41228124522032E-03
-4.00040357035704E+06,3.4169009934025E-03
-4.00039156915692E+06,3.42152087866185E-03
-4.0003795679568E+06,3.42614089008103E-03
-4.00036756675668E+06,3.43076101673626E-03
-4.00035556555656E+06,3.43538124769732E-03
-4.00034356435644E+06,3.44000157202782E-03
-4.00033156315632E+06,3.44462197878449E-03
-4.0003195619562E+06,3.44924245701829E-03
-4.00030756075608E+06,3.45386299577374E-03
-4.00029555955596E+06,3.45848358408913E-03
-4.00028355835584E+06,3.46310421099656E-03
-4.00027155715572E+06,3.46772486552198E-03
-4.0002595559556E+06,3.47234553668523E-03
-4.00024755475548E+06,3.47696621350006E-03
-4.00023555355536E+06,3.48158688497417E-03
-4.00022355235524E+06,3.48620754010946E-03
-4.00021155115512E+06,3.49082816790131E-03
-4.000199549955E+06,3.49544875733969E-03
-4.00018754875488E+06,3.50006929740853E-03
-4.00017554755476E+06,3.50468977708588E-03
-4.00016354635464E+06,3.50931018534399E-03
-4.00015154515452E+06,3.51393051114931E-03
-4.0001395439544E+06,3.51855074346255E-03
-4.00012754275428E+06,3.52317087123872E-03
-4.00011554155416E+06,3.52779088342716E-03
-4.00010354035404E+06,3.53241076897175E-03
-4.00009153915392E+06,3.53703051681026E-03
-4.0000795379538E+06,3.54165011587541E-03
-4.00006753675368E+06,3.54626955509424E-03
-4.00005553555356E+06,3.5508888233883E-03
-4.00004353435344E+06,3.55550790967371E-03
-4.00003153315332E+06,3.56012680286117E-03
-4.0000195319532E+06,3.56474549185602E-03
-4.00000753075308E+06,3.56936396555827E-03
-3.99999552955296E+06,3.57398221286262E-03
-3.99998352835284E+06,3.57860022265872E-03
-3.99997152715272E+06,3.58321798383046E-03
-3.9999595259526E+06,3.58783548525706E-03
-3.99994752475248E+06,3.59245271581246E-03
-3.99993552355236E+06,3.59706966436547E-03
-3.99992352235224E+06,3.60168631977985E-03
-3.99991152115212E+06,3.60630267091432E-03
-3.999899519952E+06,3.61091870662261E-03
-3.99988751875188E+06,3.61553441575352E-03
-3.99987551755176E+06,3.6201497871511E-03
-3.99986351635164E+06,3.62476480965398E-03
-3.99985151515152E+06,3.62937947209651E-03
-3.9998395139514E+06,3.63399376330805E-03
-3.99982751275128E+06,3.6386076721132E-03
-3.99981551155116E+06,3.64322118733184E-03
-3.99980351035104E+06,3.64783429777918E-03
-3.99979150915092E+06,3.65244699226576E-03
-3.9997795079508E+06,3.65705925959753E-03
-3.99976750675068E+06,3.66167108857587E-03
-3.99975550555056E+06,3.6662824679978E-03
-3.99974350435044E+06,3.67089338665533E-03
-3.99973150315032E+06,3.67550383333654E-03
-3.9997195019502E+06,3.68011379682491E-03
-3.99970750075008E+06,3.68472326589956E-03
-3.99969549954996E+06,3.68933222933527E-03
-3.99968349834984E+06,3.6939406759025E-03
-3.99967149714972E+06,3.69854859436749E-03
-3.9996594959496E+06,3.70315597349223E-03
-3.99964749474948E+06,3.70776280203452E-03
-3.99963549354936E+06,3.71236906874822E-03
-3.99962349234924E+06,3.71697476238254E-03
-3.99961149114912E+06,3.72157987168316E-03
-3.999599489949E+06,3.72618438539154E-03
-3.99958748874888E+06,3.73078829224517E-03
-3.99957548754876E+06,3.73539158097758E-03
-3.99956348634864E+06,3.73999424031839E-03
-3.99955148514852E+06,3.74459625899336E-03
-3.9995394839484E+06,3.7491976257244E-03
-3.99952748274828E+06,3.75379832922963E-03
-3.99951548154816E+06,3.75839835822361E-03
-3.99950348034804E+06,3.76299770141663E-03
-3.99949147914792E+06,3.76759634751584E-03
-3.9994794779478E+06,3.77219428522459E-03
-3.99946747674768E+06,3.77679150324261E-03
-3.99945547554756E+06,3.78138799026608E-03
-3.99944347434744E+06,3.78598373498767E-03
-3.99943147314732E+06,3.79057872609655E-03
-3.9994194719472E+06,3.79517295227847E-03
-3.99940747074708E+06,3.79976640221594E-03
-3.99939546954696E+06,3.80435906458757E-03
-3.99938346834684E+06,3.80895092806919E-03
-3.99937146714672E+06,3.81354198133316E-03
-3.9993594659466E+06,3.81813221304861E-03
-3.99934746474648E+06,3.82272161188145E-03
-3.99933546354636E+06,3.82731016649443E-03
-3.99932346234624E+06,3.83189786554715E-03
-3.99931146114612E+06,3.83648469769617E-03
-3.999299459946E+06,3.84107065159496E-03
-3.99928745874588E+06,3.84565571589418E-03
-3.99927545754576E+06,3.85023987924097E-03
-3.99926345634564E+06,3.8548231302801E-03
-3.99925145514552E+06,3.85940545765326E-03
-3.9992394539454E+06,3.86398684999927E-03
-3.99922745274528E+06,3.86856729595418E-03
-3.99921545154516E+06,3.87314678415123E-03
-3.99920345034504E+06,3.87772530322095E-03
-3.99919144914492E+06,3.88230284179118E-03
-3.9991794479448E+06,3.8868793884871E-03
-3.99916744674468E+06,3.89145493193145E-03
-3.99915544554456E+06,3.89602946074388E-03
-3.99914344434444E+06,3.90060296354204E-03
-3.99913144314432E+06,3.90517542894089E-03
-3.9991194419442E+06,3.90974684555296E-03
-3.99910744074408E+06,3.91431720198835E-03
-3.99909543954396E+06,3.9188864868548E-03
-3.99908343834384E+06,3.92345468875771E-03
-3.99907143714372E+06,3.92802179630018E-03
-3.9990594359436E+06,3.93258779808308E-03
-3.99904743474348E+06,3.93715268270522E-03
-3.99903543354336E+06,3.94171643876271E-03
-3.99902343234324E+06,3.94627905485006E-03
-3.99901143114312E+06,3.95084051955952E-03
-3.998999429943E+06,3.95540082148127E-03
-3.99898742874288E+06,3.9599599492035E-03
-3.99897542754276E+06,3.96451789131239E-03
-3.99896342634264E+06,3.96907463639222E-03
-3.99895142514252E+06,3.97363017302537E-03
-3.9989394239424E+06,3.97818448979235E-03
-3.99892742274228E+06,3.98273757527206E-03
-3.99891542154216E+06,3.98728941804107E-03
-3.99890342034204E+06,3.99184000667478E-03
-3.99889141914192E+06,3.99638932974669E-03
-3.9988794179418E+06,4.00093737582867E-03
-3.99886741674168E+06,4.00548413349097E-03
-3.99885541554156E+06,4.01002959130226E-03
-3.99884341434144E+06,4.01457373782969E-03
-3.99883141314132E+06,4.01911656163893E-03
-3.9988194119412E+06,4.02365805129436E-03
-3.99880741074108E+06,4.02819819535842E-03
-3.99879540954096E+06,4.03273698239271E-03
-3.99878340834084E+06,4.03727440095734E-03
-3.99877140714072E+06,4.04181043961111E-03
-3.9987594059406E+06,4.04634508691158E-03
-3.99874740474048E+06,4.05087833141512E-03
-3.99873540354036E+06,4.05541016167691E-03
-3.99872340234024E+06,4.059940566251E-03
-3.99871140114012E+06,4.06446953369037E-03
-3.99869939994E+06,4.06899705254712E-03
-3.99868739873988E+06,4.07352311137182E-03
-3.99867539753976E+06,4.07804769871461E-03
-3.99866339633964E+06,4.08257080312451E-03
-3.99865139513952E+06,4.08709241314967E-03
-3.9986393939394E+06,4.09161251733741E-03
-3.99862739273928E+06,4.09613110423421E-03
-3.99861539153916E+06,4.10064816238582E-03
-3.99860339033904E+06,4.10516368033727E-03
-3.99859138913892E+06,4.10967764663288E-03
-3.9985793879388E+06,4.11419004981653E-03
-3.99856738673868E+06,4.11870087843097E-03
-3.99855538553856E+06,4.12321012101891E-03
-3.99854338433844E+06,4.12771776612237E-03
-3.99853138313832E+06,4.1322238022829E-03
-3.9985193819382E+06,4.1367282180416E-03
-3.99850738073808E+06,4.14123100193919E-03
-3.99849537953796E+06,4.14573214251602E-03
-3.99848337833784E+06,4.15023162831213E-03
-3.99847137713772E+06,4.15472944786729E-03
-3.9984593759376E+06,4.1592255897212E-03
-3.99844737473748E+06,4.16372004241288E-03
-3.99843537353736E+06,4.16821279448166E-03
-3.99842337233724E+06,4.17270383446665E-03
-3.99841137113712E+06,4.17719315090685E-03
-3.998399369937E+06,4.18168073234124E-03
-3.99838736873688E+06,4.18616656730882E-03
-3.99837536753676E+06,4.19065064434863E-03
-3.99836336633664E+06,4.19513295199983E-03
-3.99835136513652E+06,4.19961347880167E-03
-3.9983393639364E+06,4.20409221329378E-03
-3.99832736273628E+06,4.2085691440155E-03
-3.99831536153616E+06,4.21304425950691E-03
-3.99830336033604E+06,4.21751754830825E-03
-3.99829135913592E+06,4.22198899896006E-03
-3.9982793579358E+06,4.22645860000331E-03
-3.99826735673568E+06,4.23092633997935E-03
-3.99825535553556E+06,4.23539220743E-03
-3.99824335433544E+06,4.2398561908976E-03
-3.99823135313532E+06,4.24431827892521E-03
-3.9982193519352E+06,4.24877846005592E-03
-3.99820735073508E+06,4.253236722834E-03
-3.99819534953496E+06,4.2576930558042E-03
-3.99818334833484E+06,4.26214744751199E-03
-3.99817134713472E+06,4.26659988650357E-03
-3.9981593459346E+06,4.27105036132594E-03
-3.99814734473448E+06,4.27549886052694E-03
-3.99813534353436E+06,4.27994537265527E-03
-3.99812334233424E+06,4.28438988626055E-03
-3.99811134113412E+06,4.28883238989353E-03
-3.998099339934E+06,4.29327287210542E-03
-3.99808733873388E+06,4.29771132144901E-03
-3.99807533753376E+06,4.30214772647798E-03
-3.99806333633364E+06,4.30658207574712E-03
-3.99805133513352E+06,4.31101435781242E-03
-3.9980393339334E+06,4.31544456123102E-03
-3.99802733273328E+06,4.31987267456133E-03
-3.99801533153316E+06,4.32429868636304E-03
-3.99800333033304E+06,4.32872258519717E-03
-3.99799132913292E+06,4.33314435962627E-03
-3.9979793279328E+06,4.33756399821377E-03
-3.99796732673268E+06,4.3419814895251E-03
-3.99795532553256E+06,4.34639682212696E-03
-3.99794332433244E+06,4.35080998458761E-03
-3.99793132313232E+06,4.35522096547689E-03
-3.9979193219322E+06,4.35962975336623E-03
-3.99790732073208E+06,4.36403633682871E-03
-3.99789531953196E+06,4.36844070443914E-03
-3.99788331833184E+06,4.37284284477402E-03
-3.99787131713172E+06,4.37724274641184E-03
-3.9978593159316E+06,4.38164039793237E-03
-3.99784731473148E+06,4.38603578791776E-03
-3.99783531353136E+06,4.3904289049519E-03
-3.99782331233124E+06,4.3948197376206E-03
-3.99781131113112E+06,4.39920827451168E-03
-3.997799309931E+06,4.40359450421496E-03
-3.99778730873088E+06,4.40797841532234E-03
-3.99777530753076E+06,4.41235999642783E-03
-3.99776330633064E+06,4.41673923612774E-03
-3.99775130513052E+06,4.42111612302008E-03
-3.9977393039304E+06,4.4254906457056E-03
-3.99772730273028E+06,4.42986279278714E-03
-3.99771530153016E+06,4.43423255286985E-03
-3.99770330033004E+06,4.43859991456125E-03
-3.99769129912992E+06,4.44296486647125E-03
-3.9976792979298E+06,4.4473273972122E-03
-3.99766729672968E+06,4.45168749539891E-03
-3.99765529552956E+06,4.45604514964873E-03
-3.99764329432944E+06,4.46040034858173E-03
-3.99763129312932E+06,4.46475308082009E-03
-3.9976192919292E+06,4.46910333498912E-03
-3.99760729072908E+06,4.47345109971665E-03
-3.99759528952896E+06,4.47779636363323E-03
-3.99758328832884E+06,4.48213911537221E-03
-3.99757128712872E+06,4.48647934356971E-03
-3.9975592859286E+06,4.4908170368647E-03
-3.99754728472848E+06,4.49515218389908E-03
-3.99753528352836E+06,4.49948477331764E-03
-3.99752328232824E+06,4.50381479376833E-03
-3.99751128112812E+06,4.50814223390161E-03
-3.997499279928E+06,4.51246708237149E-03
-3.99748727872788E+06,4.51678932783492E-03
-3.99747527752776E+06,4.52110895895198E-03
-3.99746327632764E+06,4.52542596438594E-03
-3.99745127512752E+06,4.52974033280327E-03
-3.9974392739274E+06,4.53405205287372E-03
-3.99742727272728E+06,4.53836111327034E-03
-3.99741527152716E+06,4.54266750266951E-03
-3.99740327032704E+06,4.5469712097512E-03
-3.99739126912692E+06,4.55127222319825E-03
-3.9973792679268E+06,4.55557053169751E-03
-3.99736726672668E+06,4.55986612393916E-03
-3.99735526552656E+06,4.56415898861693E-03
-3.99734326432644E+06,4.56844911442813E-03
-3.99733126312632E+06,4.57273649007374E-03
-3.9973192619262E+06,4.57702110425836E-03
-3.99730726072608E+06,4.58130294569035E-03
-3.99729525952596E+06,4.58558200308196E-03
-3.99728325832584E+06,4.58985826514876E-03
-3.99727125712572E+06,4.59413172061066E-03
-3.9972592559256E+06,4.59840235819126E-03
-3.99724725472548E+06,4.6026701666181E-03
-3.99723525352536E+06,4.60693513462267E-03
-3.99722325232524E+06,4.61119725094047E-03
-3.99721125112512E+06,4.61545650431106E-03
-3.997199249925E+06,4.61971288347804E-03
-3.99718724872488E+06,4.62396637718919E-03
-3.99717524752476E+06,4.62821697419659E-03
-3.99716324632464E+06,4.63246466325603E-03
-3.99715124512452E+06,4.63670943312807E-03
-3.9971392439244E+06,4.64095127257738E-03
-3.99712724272428E+06,4.64519017037297E-03
-3.99711524152416E+06,4.6494261152882E-03
-3.99710324032404E+06,4.65365909610087E-03
-3.99709123912392E+06,4.65788910159323E-03
-3.9970792379238E+06,4.66211612055203E-03
-3.99706723672368E+06,4.66634014176853E-03
-3.99705523552356E+06,4.67056115403877E-03
-3.99704323432344E+06,4.6747791461629E-03
-3.99703123312332E+06,4.67899410694621E-03
-3.9970192319232E+06,4.68320602519855E-03
-3.99700723072308E+06,4.68741488973451E-03
-3.99699522952296E+06,4.69162068937345E-03
-3.99698322832284E+06,4.69582341293956E-03
-3.99697122712272E+06,4.7000230492619E-03
-3.9969592259226E+06,4.70421958717443E-03
-3.99694722472248E+06,4.70841301551607E-03
-3.99693522352236E+06,4.71260332313087E-03
-3.99692322232224E+06,4.71679049886745E-03
-3.99691122112212E+06,4.72097453157996E-03
-3.996899219922E+06,4.72515541012752E-03
-3.99688721872188E+06,4.72933312337439E-03
-3.99687521752176E+06,4.73350766019002E-03
-3.99686321632164E+06,4.73767900944911E-03
-3.99685121512152E+06,4.74184716003163E-03
-3.9968392139214E+06,4.74601210082285E-03
-3.99682721272128E+06,4.75017382071358E-03
-3.99681521152116E+06,4.75433230859953E-03
-3.99680321032104E+06,4.75848755338234E-03
-3.99679120912092E+06,4.76263954396896E-03
-3.9967792079208E+06,4.76678826927186E-03
-3.99676720672068E+06,4.77093371820909E-03
-3.99675520552056E+06,4.77507587970427E-03
-3.99674320432044E+06,4.77921474268669E-03
-3.99673120312032E+06,4.78335029609132E-03
-3.9967192019202E+06,4.78748252885883E-03
-3.99670720072008E+06,4.79161142993584E-03
-3.99669519951996E+06,4.7957369882743E-03
-3.99668319831984E+06,4.79985919283245E-03
-3.99667119711972E+06,4.80397803257429E-03
-3.9966591959196E+06,4.80809349646975E-03
-3.99664719471948E+06,4.81220557349471E-03
-3.99663519351936E+06,4.81631425263106E-03
-3.99662319231924E+06,4.82041952286675E-03
-3.99661119111912E+06,4.82452137319581E-03
-3.996599189919E+06,4.82861979261842E-03
-3.99658718871888E+06,4.83271477014107E-03
-3.99657518751876E+06,4.83680629477599E-03
-3.99656318631864E+06,4.84089435554214E-03
-3.99655118511852E+06,4.84497894146462E-03
-3.9965391839184E+06,4.84906004157487E-03
-3.99652718271828E+06,4.85313764491068E-03
-3.99651518151816E+06,4.85721174051628E-03
-3.99650318031804E+06,4.86128231744233E-03
-3.99649117911792E+06,4.86534936474602E-03
-3.9964791779178E+06,4.86941287149104E-03
-3.99646717671768E+06,4.87347282674785E-03
-3.99645517551756E+06,4.87752921959301E-03
-3.99644317431744E+06,4.88158203911026E-03
-3.99643117311732E+06,4.88563127438984E-03
-3.9964191719172E+06,4.88967691452875E-03
-3.99640717071708E+06,4.89371894863077E-03
-3.99639516951696E+06,4.89775736580649E-03
-3.99638316831684E+06,4.90179215517335E-03
-3.99637116711672E+06,4.90582330585572E-03
-3.9963591659166E+06,4.90985080698503E-03
-3.99634716471648E+06,4.91387464769925E-03
-3.99633516351636E+06,4.91789481714383E-03
-3.99632316231624E+06,4.92191130447111E-03
-3.99631116111612E+06,4.92592409884057E-03
-3.996299159916E+06,4.92993318941877E-03
-3.99628715871588E+06,4.93393856537952E-03
-3.99627515751576E+06,4.9379402159038E-03
-3.99626315631564E+06,4.94193813017987E-03
-3.99625115511552E+06,4.9459322974033E-03
-3.9962391539154E+06,4.94992270677713E-03
-3.99622715271528E+06,4.95390934751136E-03
-3.99621515151516E+06,4.95789220882384E-03
-3.99620315031504E+06,4.96187127993974E-03
-3.99619114911492E+06,4.96584655009172E-03
-3.9961791479148E+06,4.96981800852001E-03
-3.99616714671468E+06,4.97378564447241E-03
-3.99615514551456E+06,4.97774944720431E-03
-3.99614314431444E+06,4.98170940597882E-03
-3.99613114311432E+06,4.98566551006669E-03
-3.9961191419142E+06,4.98961774874663E-03
-3.99610714071408E+06,4.99356611130461E-03
-3.99609513951396E+06,4.99751058703492E-03
-3.99608313831384E+06,5.00145116523954E-03
-3.99607113711372E+06,5.00538783522837E-03
-3.9960591359136E+06,5.00932058631923E-03
-3.99604713471348E+06,5.01324940783793E-03
-3.99603513351336E+06,5.0171742891183E-03
-3.99602313231324E+06,5.02109521950223E-03
-3.99601113111312E+06,5.02501218833971E-03
-3.995999129913E+06,5.02892518498901E-03
-3.99598712871288E+06,5.03283419881615E-03
-3.99597512751276E+06,5.0367392191958E-03
-3.99596312631264E+06,5.04064023551074E-03
-3.99595112511252E+06,5.04453723715206E-03
-3.9959391239124E+06,5.04843021351917E-03
-3.99592712271228E+06,5.05231915401988E-03
-3.99591512151216E+06,5.05620404807038E-03
-3.99590312031204E+06,5.06008488509536E-03
-3.99589111911192E+06,5.06396165452812E-03
-3.9958791179118E+06,5.06783434581006E-03
-3.99586711671168E+06,5.0717029483916E-03
-3.99585511551156E+06,5.07556745173163E-03
-3.99584311431144E+06,5.07942784529769E-03
-3.99583111311132E+06,5.083284118566E-03
-3.9958191119112E+06,5.08713626102153E-03
-3.99580711071108E+06,5.09098426215801E-03
-3.99579510951096E+06,5.09482811147798E-03
-3.99578310831084E+06,5.09866779849282E-03
-3.99577110711072E+06,5.10250331272298E-03
-3.9957591059106E+06,5.10633464369735E-03
-3.99574710471048E+06,5.11016178095426E-03
-3.99573510351036E+06,5.11398471404088E-03
-3.99572310231024E+06,5.11780343251344E-03
-3.99571110111012E+06,5.12161792593724E-03
-3.99569909991E+06,5.12542818388672E-03
-3.99568709870988E+06,5.12923419594546E-03
-3.99567509750976E+06,5.13303595170625E-03
-3.99566309630964E+06,5.13683344077113E-03
-3.99565109510951E+06,5.14062665275156E-03
-3.9956390939094E+06,5.14441557726786E-03
-3.99562709270927E+06,5.14820020395016E-03
-3.99561509150915E+06,5.15198052243785E-03
-3.99560309030904E+06,5.15575652237974E-03
-3.99559108910892E+06,5.15952819343411E-03
-3.9955790879088E+06,5.16329552526875E-03
-3.99556708670868E+06,5.16705850756101E-03
-3.99555508550856E+06,5.17081712999783E-03
-3.99554308430844E+06,5.17457138227577E-03
-3.99553108310831E+06,5.1783212541012E-03
-3.9955190819082E+06,5.18206673518977E-03
-3.99550708070807E+06,5.18580781526729E-03
-3.99549507950795E+06,5.18954448406922E-03
-3.99548307830783E+06,5.19327673134084E-03
-3.99547107710771E+06,5.19700454683728E-03
-3.9954590759076E+06,5.20072792032358E-03
-3.99544707470748E+06,5.20444684157471E-03
-3.99543507350736E+06,5.2081613003756E-03
-3.99542307230723E+06,5.21187128652135E-03
-3.99541107110711E+06,5.21557678981668E-03
-3.99539906990699E+06,5.21927780007683E-03
-3.99538706870687E+06,5.22297430712702E-03
-3.99537506750675E+06,5.22666630080263E-03
-3.99536306630663E+06,5.23035377094924E-03
-3.99535106510651E+06,5.23403670742269E-03
-3.9953390639064E+06,5.23771510008908E-03
-3.99532706270627E+06,5.24138893882485E-03
-3.99531506150615E+06,5.24505821351677E-03
-3.99530306030603E+06,5.24872291406216E-03
-3.99529105910591E+06,5.25238303036834E-03
-3.99527905790579E+06,5.25603855235353E-03
-3.99526705670567E+06,5.25968946994632E-03
-3.99525505550555E+06,5.26333577308583E-03
-3.99524305430543E+06,5.26697745172177E-03
-3.99523105310531E+06,5.27061449581448E-03
-3.99521905190519E+06,5.27424689533495E-03
-3.99520705070507E+06,5.27787464026487E-03
-3.99519504950495E+06,5.28149772059666E-03
-3.99518304830483E+06,5.28511612633365E-03
-3.99517104710471E+06,5.28872984748955E-03
-3.99515904590459E+06,5.29233887408938E-03
-3.99514704470447E+06,5.29594319616886E-03
-3.99513504350435E+06,5.29954280377463E-03
-3.99512304230423E+06,5.30313768696433E-03
-3.99511104110411E+06,5.30672783580657E-03
-3.99509903990399E+06,5.31031324038098E-03
-3.99508703870387E+06,5.31389389077829E-03
-3.99507503750375E+06,5.31746977710033E-03
-3.99506303630363E+06,5.32104088946021E-03
-3.99505103510351E+06,5.32460721798182E-03
-3.99503903390339E+06,5.32816875280065E-03
-3.99502703270327E+06,5.33172548406337E-03
-3.99501503150315E+06,5.33527740192789E-03
-3.99500303030303E+06,5.33882449656348E-03
-3.99499102910291E+06,5.34236675815078E-03
-3.99497902790279E+06,5.34590417688182E-03
-3.99496702670267E+06,5.34943674296009E-03
-3.99495502550255E+06,5.35296444660055E-03
-3.99494302430243E+06,5.35648727802983E-03
-3.99493102310231E+06,5.36000522748567E-03
-3.99491902190219E+06,5.36351828521785E-03
-3.99490702070207E+06,5.36702644148763E-03
-3.99489501950195E+06,5.37052968656791E-03
-3.99488301830183E+06,5.37402801074332E-03
-3.99487101710171E+06,5.37752140431022E-03
-3.99485901590159E+06,5.38100985757674E-03
-3.99484701470147E+06,5.38449336086283E-03
-3.99483501350135E+06,5.3879719045004E-03
-3.99482301230123E+06,5.39144547883288E-03
-3.99481101110111E+06,5.39491407421599E-03
-3.99479900990099E+06,5.39837768101729E-03
-3.99478700870087E+06,5.40183628961632E-03
-3.99477500750075E+06,5.40528989040467E-03
-3.99476300630063E+06,5.40873847378598E-03
-3.99475100510051E+06,5.412182030176E-03
-3.99473900390039E+06,5.41562055000261E-03
-3.99472700270027E+06,5.41905402370588E-03
-3.99471500150015E+06,5.42248244173821E-03
-3.99470300030003E+06,5.42590579456387E-03
-3.99469099909991E+06,5.42932407265978E-03
-3.99467899789979E+06,5.43273726651507E-03
-3.99466699669967E+06,5.43614536663122E-03
-3.99465499549955E+06,5.43954836352211E-03
-3.99464299429943E+06,5.44294624771403E-03
-3.99463099309931E+06,5.44633900974574E-03
-3.99461899189919E+06,5.44972664016851E-03
-3.99460699069907E+06,5.45310912954613E-03
-3.99459498949895E+06,5.4564864684551E-03
-3.99458298829883E+06,5.45985864748413E-03
-3.99457098709871E+06,5.46322565723497E-03
-3.99455898589859E+06,5.46658748832191E-03
-3.99454698469847E+06,5.46994413137196E-03
-3.99453498349835E+06,5.47329557702488E-03
-3.99452298229823E+06,5.47664181593319E-03
-3.99451098109811E+06,5.47998283876227E-03
-3.99449897989799E+06,5.48331863619032E-03
-3.99448697869787E+06,5.48664919890845E-03
-3.99447497749775E+06,5.48997451762083E-03
-3.99446297629763E+06,5.49329458304417E-03
-3.99445097509751E+06,5.49660938590861E-03
-3.99443897389739E+06,5.49991891695715E-03
-3.99442697269727E+06,5.50322316694588E-03
-3.99441497149715E+06,5.506522126644E-03
-3.99440297029703E+06,5.50981578683381E-03
-3.99439096909691E+06,5.51310413831083E-03
-3.99437896789679E+06,5.51638717188374E-03
-3.99436696669667E+06,5.5196648783745E-03
-3.99435496549655E+06,5.52293724861844E-03
-3.99434296429643E+06,5.52620427346384E-03
-3.99433096309631E+06,5.52946594377271E-03
-3.99431896189619E+06,5.5327222504203E-03
-3.99430696069607E+06,5.53597318429528E-03
-3.99429495949595E+06,5.53921873629978E-03
-3.99428295829583E+06,5.54245889734939E-03
-3.99427095709571E+06,5.54569365837325E-03
-3.99425895589559E+06,5.54892301031403E-03
-3.99424695469547E+06,5.55214694412812E-03
-3.99423495349535E+06,5.55536545078516E-03
-3.99422295229523E+06,5.55857852126881E-03
-3.99421095109511E+06,5.56178614657632E-03
-3.99419894989499E+06,5.56498831771864E-03
-3.99418694869487E+06,5.56818502572048E-03
-3.99417494749475E+06,5.57137626162037E-03
-3.99416294629463E+06,5.57456201647064E-03
-3.99415094509451E+06,5.57774228133748E-03
-3.99413894389439E+06,5.58091704730101E-03
-3.99412694269427E+06,5.58408630545536E-03
-3.99411494149415E+06,5.58725004690828E-03
-3.99410294029403E+06,5.59040826278187E-03
-3.99409093909391E+06,5.59356094421216E-03
-3.99407893789379E+06,5.59670808234922E-03
-3.99406693669367E+06,5.59984966835723E-03
-3.99405493549355E+06,5.60298569341451E-03
-3.99404293429343E+06,5.60611614871353E-03
-3.99403093309331E+06,5.60924102546096E-03
-3.99401893189319E+06,5.61236031487772E-03
-3.99400693069307E+06,5.6154740081991E-03
-3.99399492949295E+06,5.61858209667433E-03
-3.99398292829283E+06,5.62168457156734E-03
-3.99397092709271E+06,5.6247814241563E-03
-3.99395892589259E+06,5.62787264573378E-03
-3.99394692469247E+06,5.63095822760679E-03
-3.99393492349235E+06,5.6340381610968E-03
-3.99392292229223E+06,5.63711243753977E-03
-3.99391092109211E+06,5.6401810482862E-03
-3.99389891989199E+06,5.64324398470117E-03
-3.99388691869187E+06,5.64630123816444E-03
-3.99387491749175E+06,5.64935280007008E-03
-3.99386291629163E+06,5.65239866182716E-03
-3.99385091509151E+06,5.65543881485933E-03
-3.99383891389139E+06,5.65847325060497E-03
-3.99382691269127E+06,5.66150196051722E-03
-3.99381491149115E+06,5.66452493606403E-03
-3.99380291029103E+06,5.66754216872815E-03
-3.99379090909091E+06,5.6705536500072E-03
-3.99377890789079E+06,5.67355937141381E-03
-3.99376690669067E+06,5.67655932447519E-03
-3.99375490549055E+06,5.67955350073386E-03
-3.99374290429043E+06,5.68254189174718E-03
-3.99373090309031E+06,5.68552448908756E-03
-3.99371890189019E+06,5.68850128434246E-03
-3.99370690069007E+06,5.69147226911442E-03
-3.99369489948995E+06,5.6944374350211E-03
-3.99368289828983E+06,5.6973967736953E-03
-3.99367089708971E+06,5.70035027678502E-03
-3.99365889588959E+06,5.70329793595357E-03
-3.99364689468947E+06,5.70623974287916E-03
-3.99363489348935E+06,5.70917568925564E-03
-3.99362289228923E+06,5.71210576679203E-03
-3.99361089108911E+06,5.71502996721271E-03
-3.99359888988899E+06,5.71794828225742E-03
-3.99358688868887E+06,5.72086070368131E-03
-3.99357488748875E+06,5.72376722325497E-03
-3.99356288628863E+06,5.72666783276443E-03
-3.99355088508851E+06,5.72956252401125E-03
-3.99353888388839E+06,5.7324512888126E-03
-3.99352688268827E+06,5.73533411900091E-03
-3.99351488148815E+06,5.73821100642452E-03
-3.99350288028803E+06,5.74108194294726E-03
-3.99349087908791E+06,5.74394692044866E-03
-3.99347887788779E+06,5.74680593082389E-03
-3.99346687668767E+06,5.74965896598386E-03
-3.99345487548755E+06,5.75250601785522E-03
-3.99344287428743E+06,5.75534707838041E-03
-3.99343087308731E+06,5.75818213951765E-03
-3.99341887188719E+06,5.76101119324115E-03
-3.99340687068707E+06,5.76383423154063E-03
-3.99339486948695E+06,5.76665124642204E-03
-3.99338286828683E+06,5.76946222990717E-03
-3.99337086708671E+06,5.77226717403377E-03
-3.99335886588659E+06,5.77506607085556E-03
-3.99334686468647E+06,5.77785891244231E-03
-3.99333486348635E+06,5.78064569087982E-03
-3.99332286228623E+06,5.78342639827E-03
-3.99331086108611E+06,5.78620102673096E-03
-3.99329885988599E+06,5.78896956839663E-03
-3.99328685868587E+06,5.79173201541747E-03
-3.99327485748575E+06,5.79448835995999E-03
-3.99326285628563E+06,5.79723859420696E-03
-3.99325085508551E+06,5.79998271035742E-03
-3.99323885388539E+06,5.80272070062668E-03
-3.99322685268527E+06,5.80545255724641E-03
-3.99321485148515E+06,5.8081782724646E-03
-3.99320285028503E+06,5.81089783854564E-03
-3.99319084908491E+06,5.81361124777044E-03
-3.99317884788479E+06,5.81631849243602E-03
-3.99316684668467E+06,5.81901956485622E-03
-3.99315484548455E+06,5.82171445736124E-03
-3.99314284428443E+06,5.82440316229783E-03
-3.99313084308431E+06,5.8270856720293E-03
-3.99311884188419E+06,5.82976197893556E-03
-3.99310684068407E+06,5.83243207541313E-03
-3.99309483948395E+06,5.83509595387516E-03
-3.99308283828383E+06,5.8377536067515E-03
-3.99307083708371E+06,5.84040502648881E-03
-3.99305883588359E+06,5.84305020555016E-03
-3.99304683468347E+06,5.84568913641572E-03
-3.99303483348335E+06,5.84832181158232E-03
-3.99302283228323E+06,5.85094822356363E-03
-3.99301083108311E+06,5.85356836489017E-03
-3.99299882988299E+06,5.85618222810933E-03
-3.99298682868287E+06,5.85878980578543E-03
-3.99297482748275E+06,5.86139109049969E-03
-3.99296282628263E+06,5.86398607485033E-03
-3.99295082508251E+06,5.86657475145265E-03
-3.99293882388239E+06,5.86915711293867E-03
-3.99292682268227E+06,5.87173315195776E-03
-3.99291482148215E+06,5.87430286117628E-03
-3.99290282028203E+06,5.87686623327768E-03
-3.99289081908191E+06,5.87942326096256E-03
-3.99287881788179E+06,5.88197393694866E-03
-3.99286681668167E+06,5.88451825397095E-03
-3.99285481548155E+06,5.88705620478157E-03
-3.99284281428143E+06,5.88958778215005E-03
-3.99283081308131E+06,5.89211297886288E-03
-3.99281881188119E+06,5.89463178772413E-03
-3.99280681068107E+06,5.89714420155514E-03
-3.99279480948095E+06,5.89965021319456E-03
-3.99278280828083E+06,5.90214981549848E-03
-3.99277080708071E+06,5.90464300134036E-03
-3.99275880588059E+06,5.9071297636111E-03
-3.99274680468047E+06,5.90961009521911E-03
-3.99273480348035E+06,5.91208398909024E-03
-3.99272280228023E+06,5.91455143816799E-03
-3.99271080108011E+06,5.91701243541312E-03
-3.99269879987999E+06,5.91946697380424E-03
-3.99268679867987E+06,5.92191504633748E-03
-3.99267479747975E+06,5.9243566460266E-03
-3.99266279627963E+06,5.926791765903E-03
-3.99265079507951E+06,5.92922039901577E-03
-3.99263879387939E+06,5.93164253843173E-03
-3.99262679267927E+06,5.93405817723542E-03
-3.99261479147915E+06,5.93646730852914E-03
-3.99260279027903E+06,5.93886992543308E-03
-3.99259078907891E+06,5.94126602108497E-03
-3.99257878787879E+06,5.94365558864065E-03
-3.99256678667867E+06,5.94603862127376E-03
-3.99255478547855E+06,5.94841511217581E-03
-3.99254278427843E+06,5.95078505455625E-03
-3.99253078307831E+06,5.95314844164248E-03
-3.99251878187819E+06,5.95550526667984E-03
-3.99250678067807E+06,5.95785552293172E-03
-3.99249477947795E+06,5.9601992036795E-03
-3.99248277827783E+06,5.96253630222272E-03
-3.99247077707771E+06,5.96486681187872E-03
-3.99245877587759E+06,5.96719072598321E-03
-3.99244677467747E+06,5.96950803788995E-03
-3.99243477347735E+06,5.97181874097086E-03
-3.99242277227723E+06,5.97412282861601E-03
-3.99241077107711E+06,5.97642029423372E-03
-3.99239876987699E+06,5.9787111312505E-03
-3.99238676867687E+06,5.98099533311114E-03
-3.99237476747675E+06,5.98327289327879E-03
-3.99236276627663E+06,5.98554380523466E-03
-3.99235076507651E+06,5.98780806247854E-03
-3.99233876387639E+06,5.99006565852848E-03
-3.99232676267627E+06,5.99231658692094E-03
-3.99231476147615E+06,5.99456084121077E-03
-3.99230276027603E+06,5.99679841497126E-03
-3.99229075907591E+06,5.99902930179414E-03
-3.99227875787579E+06,6.00125349528965E-03
-3.99226675667567E+06,6.00347098908651E-03
-3.99225475547555E+06,6.00568177683206E-03
-3.99224275427543E+06,6.00788585219196E-03
-3.99223075307531E+06,6.01008320885068E-03
-3.99221875187519E+06,6.01227384051123E-03
-3.99220675067507E+06,6.01445774089523E-03
-3.99219474947495E+06,6.01663490374298E-03
-3.99218274827483E+06,6.01880532281341E-03
-3.99217074707471E+06,6.02096899188421E-03
-3.99215874587459E+06,6.02312590475174E-03
-3.99214674467447E+06,6.02527605523114E-03
-3.99213474347435E+06,6.02741943715641E-03
-3.99212274227423E+06,6.02955604438008E-03
-3.99211074107411E+06,6.03168587077375E-03
-3.99209873987399E+06,6.0338089102278E-03
-3.99208673867387E+06,6.03592515665145E-03
-3.99207473747375E+06,6.03803460397284E-03
-3.99206273627363E+06,6.04013724613901E-03
-3.99205073507351E+06,6.04223307711592E-03
-3.99203873387339E+06,6.04432209088854E-03
-3.99202673267327E+06,6.04640428146077E-03
-3.99201473147315E+06,6.04847964285563E-03
-3.99200273027303E+06,6.05054816911492E-03
-3.99199072907291E+06,6.05260985429973E-03
-3.99197872787279E+06,6.05466469249018E-03
-3.99196672667267E+06,6.05671267778543E-03
-3.99195472547255E+06,6.05875380430382E-03
-3.99194272427243E+06,6.06078806618279E-03
-3.99193072307231E+06,6.06281545757898E-03
-3.99191872187219E+06,6.06483597266821E-03
-3.99190672067207E+06,6.06684960564558E-03
-3.99189471947195E+06,6.0688563507252E-03
-3.99188271827183E+06,6.07085620214068E-03
-3.99187071707171E+06,6.07284915414483E-03
-3.99185871587159E+06,6.07483520100973E-03
-3.99184671467147E+06,6.07681433702684E-03
-3.99183471347135E+06,6.07878655650691E-03
-3.99182271227123E+06,6.08075185378011E-03
-3.99181071107111E+06,6.08271022319595E-03
-3.99179870987099E+06,6.0846616591234E-03
-3.99178670867087E+06,6.08660615595091E-03
-3.99177470747075E+06,6.08854370808615E-03
-3.99176270627063E+06,6.09047430995653E-03
-3.99175070507051E+06,6.09239795600886E-03
-3.99173870387039E+06,6.09431464070946E-03
-3.99172670267027E+06,6.09622435854421E-03
-3.99171470147015E+06,6.09812710401856E-03
-3.99170270027003E+06,6.10002287165752E-03
-3.99169069906991E+06,6.10191165600572E-03
-3.99167869786979E+06,6.10379345162741E-03
-3.99166669666967E+06,6.10566825310657E-03
-3.99165469546955E+06,6.10753605504662E-03
-3.99164269426943E+06,6.1093968520709E-03
-3.99163069306931E+06,6.11125063882237E-03
-3.99161869186919E+06,6.11309740996374E-03
-3.99160669066907E+06,6.11493716017746E-03
-3.99159468946895E+06,6.11676988416574E-03
-3.99158268826883E+06,6.11859557665062E-03
-3.99157068706871E+06,6.12041423237392E-03
-3.99155868586859E+06,6.1222258460973E-03
-3.99154668466847E+06,6.12403041260235E-03
-3.99153468346835E+06,6.12582792669032E-03
-3.99152268226823E+06,6.12761838318257E-03
-3.99151068106811E+06,6.1294017769203E-03
-3.99149867986799E+06,6.13117810276464E-03
-3.99148667866787E+06,6.13294735559668E-03
-3.99147467746775E+06,6.13470953031748E-03
-3.99146267626763E+06,6.13646462184809E-03
-3.99145067506751E+06,6.13821262512959E-03
-3.99143867386739E+06,6.13995353512314E-03
-3.99142667266727E+06,6.14168734680977E-03
-3.99141467146715E+06,6.14341405519076E-03
-3.99140267026703E+06,6.14513365528743E-03
-3.99139066906691E+06,6.14684614214122E-03
-3.99137866786679E+06,6.14855151081367E-03
-3.99136666666667E+06,6.15024975638649E-03
-3.99135466546655E+06,6.15194087396156E-03
-3.99134266426643E+06,6.15362485866093E-03
-3.99133066306631E+06,6.15530170562688E-03
-3.99131866186619E+06,6.15697141002195E-03
-3.99130666066607E+06,6.15863396702876E-03
-3.99129465946595E+06,6.16028937185036E-03
-3.99128265826583E+06,6.16193761971003E-03
-3.99127065706571E+06,6.16357870585134E-03
-3.99125865586559E+06,6.1652126255382E-03
-3.99124665466547E+06,6.16683937405482E-03
-3.99123465346535E+06,6.16845894670579E-03
-3.99122265226523E+06,6.17007133881607E-03
-3.99121065106511E+06,6.17167654573101E-03
-3.99119864986499E+06,6.17327456281641E-03
-3.99118664866487E+06,6.17486538545834E-03
-3.99117464746475E+06,6.17644900906348E-03
-3.99116264626463E+06,6.17802542905893E-03
-3.99115064506451E+06,6.17959464089224E-03
-3.99113864386439E+06,6.18115664003149E-03
-3.99112664266427E+06,6.18271142196526E-03
-3.99111464146415E+06,6.18425898220265E-03
-3.99110264026403E+06,6.18579931627334E-03
-3.99109063906391E+06,6.18733241972755E-03
-3.99107863786379E+06,6.18885828813616E-03
-3.99106663666367E+06,6.19037691709046E-03
-3.99105463546355E+06,6.19188830220256E-03
-3.99104263426343E+06,6.19339243910511E-03
-3.99103063306331E+06,6.19488932345146E-03
-3.99101863186319E+06,6.19637895091558E-03
-3.99100663066307E+06,6.19786131719218E-03
-3.99099462946295E+06,6.19933641799662E-03
-3.99098262826283E+06,6.20080424906501E-03
-3.99097062706271E+06,6.2022648061542E-03
-3.99095862586259E+06,6.20371808504183E-03
-3.99094662466247E+06,6.20516408152616E-03
-3.99093462346235E+06,6.20660279142639E-03
-3.99092262226223E+06,6.20803421058247E-03
-3.99091062106211E+06,6.20945833485516E-03
-3.99089861986199E+06,6.21087516012608E-03
-3.99088661866187E+06,6.21228468229768E-03
-3.99087461746175E+06,6.21368689729326E-03
-3.99086261626163E+06,6.21508180105704E-03
-3.99085061506151E+06,6.21646938955416E-03
-3.99083861386139E+06,6.21784965877053E-03
-3.99082661266127E+06,6.21922260471314E-03
-3.99081461146115E+06,6.22058822340988E-03
-3.99080261026103E+06,6.22194651090958E-03
-3.99079060906091E+06,6.22329746328208E-03
-3.99077860786079E+06,6.22464107661816E-03
-3.99076660666067E+06,6.22597734702966E-03
-3.99075460546055E+06,6.2273062706494E-03
-3.99074260426043E+06,6.22862784363125E-03
-3.99073060306031E+06,6.22994206215019E-03
-3.99071860186019E+06,6.2312489224021E-03
-3.99070660066007E+06,6.2325484206041E-03
-3.99069459945995E+06,6.23384055299435E-03
-3.99068259825983E+06,6.23512531583211E-03
-3.99067059705971E+06,6.23640270539779E-03
-3.99065859585959E+06,6.23767271799291E-03
-3.99064659465947E+06,6.23893534994017E-03
-3.99063459345935E+06,6.24019059758341E-03
-3.99062259225923E+06,6.24143845728766E-03
-3.99061059105911E+06,6.24267892543921E-03
-3.99059858985899E+06,6.2439119984454E-03
-3.99058658865887E+06,6.24513767273494E-03
-3.99057458745875E+06,6.24635594475772E-03
-3.99056258625863E+06,6.24756681098489E-03
-3.99055058505851E+06,6.24877026790888E-03
-3.99053858385839E+06,6.24996631204337E-03
-3.99052658265827E+06,6.25115493992336E-03
-3.99051458145815E+06,6.25233614810512E-03
-3.99050258025803E+06,6.25350993316627E-03
-3.99049057905791E+06,6.25467629170579E-03
-3.99047857785779E+06,6.25583522034389E-03
-3.99046657665767E+06,6.25698671572225E-03
-3.99045457545755E+06,6.25813077450389E-03
-3.99044257425743E+06,6.25926739337321E-03
-3.99043057305731E+06,6.26039656903601E-03
-3.99041857185719E+06,6.26151829821949E-03
-3.99040657065707E+06,6.26263257767229E-03
-3.99039456945695E+06,6.26373940416448E-03
-3.99038256825683E+06,6.26483877448756E-03
-3.99037056705671E+06,6.26593068545456E-03
-3.99035856585659E+06,6.26701513389984E-03
-3.99034656465647E+06,6.26809211667938E-03
-3.99033456345635E+06,6.2691616306706E-03
-3.99032256225623E+06,6.27022367277245E-03
-3.99031056105611E+06,6.27127823990538E-03
-3.99029855985599E+06,6.2723253290114E-03
-3.99028655865587E+06,6.27336493705404E-03
-3.99027455745575E+06,6.27439706101841E-03
-3.99026255625563E+06,6.27542169791121E-03
-3.99025055505551E+06,6.27643884476061E-03
-3.99023855385539E+06,6.27744849861648E-03
-3.99022655265527E+06,6.27845065655028E-03
-3.99021455145515E+06,6.27944531565506E-03
-3.99020255025503E+06,6.28043247304551E-03
-3.99019054905491E+06,6.28141212585795E-03
-3.99017854785479E+06,6.28238427125035E-03
-3.99016654665467E+06,6.28334890640234E-03
-3.99015454545455E+06,6.28430602851522E-03
-3.99014254425443E+06,6.28525563481202E-03
-3.99013054305431E+06,6.28619772253734E-03
-3.99011854185419E+06,6.2871322889576E-03
-3.99010654065407E+06,6.28805933136087E-03
-3.99009453945395E+06,6.288978847057E-03
-3.99008253825383E+06,6.28989083337752E-03
-3.99007053705371E+06,6.29079528767574E-03
-3.99005853585359E+06,6.29169220732671E-03
-3.99004653465347E+06,6.29258158972724E-03
-3.99003453345335E+06,6.29346343229594E-03
-3.99002253225323E+06,6.29433773247321E-03
-3.99001053105311E+06,6.29520448772116E-03
-3.98999852985299E+06,6.29606369552381E-03
-3.98998652865287E+06,6.29691535338696E-03
-3.98997452745275E+06,6.29775945883823E-03
-3.98996252625263E+06,6.29859600942708E-03
-3.98995052505251E+06,6.2994250027248E-03
-3.98993852385239E+06,6.30024643632456E-03
-3.98992652265227E+06,6.30106030784137E-03
-3.98991452145215E+06,6.30186661491212E-03
-3.98990252025203E+06,6.30266535519562E-03
-3.98989051905191E+06,6.30345652637248E-03
-3.98987851785179E+06,6.30424012614527E-03
-3.98986651665167E+06,6.30501615223848E-03
-3.98985451545155E+06,6.30578460239849E-03
-3.98984251425143E+06,6.30654547439363E-03
-3.98983051305131E+06,6.30729876601413E-03
-3.98981851185119E+06,6.3080444750722E-03
-3.98980651065107E+06,6.30878259940199E-03
-3.98979450945095E+06,6.30951313685962E-03
-3.98978250825083E+06,6.31023608532312E-03
-3.98977050705071E+06,6.31095144269256E-03
-3.98975850585059E+06,6.31165920689E-03
-3.98974650465047E+06,6.31235937585945E-03
-3.98973450345035E+06,6.31305194756696E-03
-3.98972250225023E+06,6.31373692000057E-03
-3.98971050105011E+06,6.31441429117033E-03
-3.98969849984999E+06,6.31508405910833E-03
-3.98968649864987E+06,6.31574622186868E-03
-3.98967449744975E+06,6.31640077752758E-03
-3.98966249624963E+06,6.31704772418318E-03
-3.98965049504951E+06,6.31768705995576E-03
-3.98963849384939E+06,6.31831878298764E-03
-3.98962649264927E+06,6.31894289144321E-03
-3.98961449144915E+06,6.31955938350896E-03
-3.98960249024903E+06,6.32016825739342E-03
-3.98959048904891E+06,6.32076951132725E-03
-3.98957848784879E+06,6.32136314356318E-03
-3.98956648664867E+06,6.32194915237606E-03
-3.98955448544855E+06,6.32252753606286E-03
-3.98954248424843E+06,6.32309829294263E-03
-3.98953048304831E+06,6.32366142135658E-03
-3.98951848184819E+06,6.32421691966804E-03
-3.98950648064807E+06,6.32476478626248E-03
-3.98949447944795E+06,6.32530501954751E-03
-3.98948247824783E+06,6.32583761795289E-03
-3.98947047704771E+06,6.32636257993053E-03
-3.98945847584759E+06,6.32687990395452E-03
-3.98944647464747E+06,6.3273895885211E-03
-3.98943447344735E+06,6.3278916321487E-03
-3.98942247224723E+06,6.3283860333779E-03
-3.98941047104711E+06,6.32887279077149E-03
-3.98939846984699E+06,6.32935190291445E-03
-3.98938646864687E+06,6.32982336841394E-03
-3.98937446744675E+06,6.33028718589935E-03
-3.98936246624663E+06,6.33074335402224E-03
-3.98935046504651E+06,6.33119187145642E-03
-3.98933846384639E+06,6.33163273689789E-03
-3.98932646264627E+06,6.3320659490649E-03
-3.98931446144615E+06,6.33249150669787E-03
-3.98930246024603E+06,6.33290940855951E-03
-3.98929045904591E+06,6.33331965343476E-03
-3.98927845784579E+06,6.33372224013077E-03
-3.98926645664567E+06,6.33411716747698E-03
-3.98925445544555E+06,6.33450443432504E-03
-3.98924245424543E+06,6.33488403954888E-03
-3.98923045304531E+06,6.33525598204469E-03
-3.98921845184519E+06,6.3356202607309E-03
-3.98920645064507E+06,6.33597687454826E-03
-3.98919444944495E+06,6.33632582245972E-03
-3.98918244824483E+06,6.33666710345056E-03
-3.98917044704471E+06,6.33700071652833E-03
-3.98915844584459E+06,6.33732666072286E-03
-3.98914644464447E+06,6.33764493508626E-03
-3.98913444344435E+06,6.33795553869295E-03
-3.98912244224423E+06,6.33825847063964E-03
-3.98911044104411E+06,6.33855373004532E-03
-3.98909843984399E+06,6.33884131605131E-03
-3.98908643864387E+06,6.33912122782124E-03
-3.98907443744375E+06,6.339393464541E-03
-3.98906243624363E+06,6.33965802541883E-03
-3.98905043504351E+06,6.33991490968529E-03
-3.98903843384339E+06,6.34016411659325E-03
-3.98902643264327E+06,6.3404056454179E-03
-3.98901443144315E+06,6.34063949545674E-03
-3.98900243024303E+06,6.34086566602963E-03
-3.98899042904291E+06,6.34108415647873E-03
-3.98897842784279E+06,6.34129496616855E-03
-3.98896642664267E+06,6.34149809448592E-03
-3.98895442544255E+06,6.34169354084001E-03
-3.98894242424243E+06,6.34188130466234E-03
-3.98893042304231E+06,6.34206138540675E-03
-3.98891842184219E+06,6.34223378254946E-03
-3.98890642064207E+06,6.342398495589E-03
-3.98889441944195E+06,6.34255552404626E-03
-3.98888241824183E+06,6.34270486746448E-03
-3.98887041704171E+06,6.34284652540926E-03
-3.98885841584159E+06,6.34298049746855E-03
-3.98884641464147E+06,6.34310678325262E-03
-3.98883441344135E+06,6.34322538239415E-03
-3.98882241224123E+06,6.34333629454814E-03
-3.98881041104111E+06,6.34343951939197E-03
-3.98879840984099E+06,6.34353505662536E-03
-3.98878640864087E+06,6.34362290597041E-03
-3.98877440744075E+06,6.34370306717158E-03
-3.98876240624063E+06,6.34377553999567E-03
-3.98875040504051E+06,6.34384032423188E-03
-3.98873840384039E+06,6.34389741969175E-03
-3.98872640264027E+06,6.34394682620918E-03
-3.98871440144015E+06,6.34398854364047E-03
-3.98870240024003E+06,6.34402257186425E-03
-3.98869039903991E+06,6.34404891078154E-03
-3.98867839783979E+06,6.34406756031572E-03
-3.98866639663967E+06,6.34407852041254E-03
-3.98865439543955E+06,6.34408179104012E-03
-3.98864239423943E+06,6.34407737218894E-03
-3.98863039303931E+06,6.34406526387185E-03
-3.98861839183919E+06,6.34404546612408E-03
-3.98860639063907E+06,6.34401797900323E-03
-3.98859438943895E+06,6.34398280258924E-03
-3.98858238823883E+06,6.34393993698445E-03
-3.98857038703871E+06,6.34388938231355E-03
-3.98855838583859E+06,6.34383113872361E-03
-3.98854638463847E+06,6.34376520638404E-03
-3.98853438343835E+06,6.34369158548664E-03
-3.98852238223823E+06,6.34361027624557E-03
-3.98851038103811E+06,6.34352127889736E-03
-3.98849837983799E+06,6.34342459370087E-03
-3.98848637863787E+06,6.34332022093737E-03
-3.98847437743775E+06,6.34320816091047E-03
-3.98846237623763E+06,6.34308841394612E-03
-3.98845037503751E+06,6.34296098039266E-03
-3.98843837383739E+06,6.34282586062077E-03
-3.98842637263727E+06,6.34268305502349E-03
-3.98841437143715E+06,6.34253256401621E-03
-3.98840237023703E+06,6.34237438803668E-03
-3.98839036903691E+06,6.34220852754498E-03
-3.98837836783679E+06,6.34203498302359E-03
-3.98836636663667E+06,6.34185375497729E-03
-3.98835436543655E+06,6.3416648439332E-03
-3.98834236423643E+06,6.34146825044083E-03
-3.98833036303631E+06,6.34126397507198E-03
-3.98831836183619E+06,6.34105201842083E-03
-3.98830636063607E+06,6.34083238110387E-03
-3.98829435943595E+06,6.34060506375993E-03
-3.98828235823583E+06,6.34037006705018E-03
-3.98827035703571E+06,6.3401273916581E-03
-3.98825835583559E+06,6.33987703828953E-03
-3.98824635463547E+06,6.3396190076726E-03
-3.98823435343535E+06,6.33935330055779E-03
-3.98822235223523E+06,6.33907991771786E-03
-3.98821035103511E+06,6.33879885994792E-03
-3.98819834983499E+06,6.33851012806538E-03
-3.98818634863487E+06,6.33821372290995E-03
-3.98817434743475E+06,6.33790964534366E-03
-3.98816234623463E+06,6.33759789625082E-03
-3.98815034503451E+06,6.33727847653806E-03
-3.98813834383439E+06,6.33695138713432E-03
-3.98812634263427E+06,6.33661662899079E-03
-3.98811434143415E+06,6.33627420308096E-03
-3.98810234023403E+06,6.33592411040063E-03
-3.98809033903391E+06,6.33556635196785E-03
-3.98807833783379E+06,6.33520092882296E-03
-3.98806633663367E+06,6.33482784202857E-03
-3.98805433543355E+06,6.33444709266955E-03
-3.98804233423343E+06,6.33405868185305E-03
-3.98803033303331E+06,6.33366261070845E-03
-3.98801833183319E+06,6.33325888038744E-03
-3.98800633063307E+06,6.33284749206391E-03
-3.98799432943295E+06,6.332428446934E-03
-3.98798232823283E+06,6.33200174621611E-03
-3.98797032703271E+06,6.33156739115087E-03
-3.98795832583259E+06,6.33112538300114E-03
-3.98794632463247E+06,6.33067572305201E-03
-3.98793432343235E+06,6.33021841261079E-03
-3.98792232223223E+06,6.32975345300698E-03
-3.98791032103211E+06,6.32928084559235E-03
-3.98789831983199E+06,6.32880059174083E-03
-3.98788631863187E+06,6.32831269284857E-03
-3.98787431743175E+06,6.3278171503339E-03
-3.98786231623163E+06,6.32731396563736E-03
-3.98785031503151E+06,6.32680314022165E-03
-3.98783831383139E+06,6.32628467557168E-03
-3.98782631263127E+06,6.32575857319449E-03
-3.98781431143115E+06,6.32522483461933E-03
-3.98780231023103E+06,6.32468346139757E-03
-3.98779030903091E+06,6.32413445510279E-03
-3.98777830783079E+06,6.32357781733067E-03
-3.98776630663067E+06,6.32301354969906E-03
-3.98775430543055E+06,6.32244165384791E-03
-3.98774230423043E+06,6.32186213143935E-03
-3.98773030303031E+06,6.32127498415759E-03
-3.98771830183019E+06,6.32068021370899E-03
-3.98770630063007E+06,6.32007782182199E-03
-3.98769429942995E+06,6.31946781024716E-03
-3.98768229822983E+06,6.31885018075713E-03
-3.98767029702971E+06,6.31822493514669E-03
-3.98765829582959E+06,6.31759207523264E-03
-3.98764629462947E+06,6.3169516028539E-03
-3.98763429342935E+06,6.31630351987142E-03
-3.98762229222923E+06,6.31564782816825E-03
-3.98761029102911E+06,6.31498452964947E-03
-3.98759828982899E+06,6.31431362624221E-03
-3.98758628862887E+06,6.31363511989566E-03
-3.98757428742875E+06,6.312949012581E-03
-3.98756228622863E+06,6.31225530629146E-03
-3.98755028502851E+06,6.31155400304231E-03
-3.98753828382839E+06,6.31084510487079E-03
-3.98752628262827E+06,6.31012861383615E-03
-3.98751428142815E+06,6.30940453201964E-03
-3.98750228022803E+06,6.30867286152448E-03
-3.98749027902791E+06,6.30793360447588E-03
-3.98747827782779E+06,6.30718676302101E-03
-3.98746627662767E+06,6.30643233932901E-03
-3.98745427542755E+06,6.30567033559092E-03
-3.98744227422743E+06,6.30490075401983E-03
-3.98743027302731E+06,6.30412359685068E-03
-3.98741827182719E+06,6.30333886634034E-03
-3.98740627062707E+06,6.30254656476761E-03
-3.98739426942695E+06,6.3017466944332E-03
-3.98738226822683E+06,6.30093925765973E-03
-3.98737026702671E+06,6.30012425679167E-03
-3.98735826582659E+06,6.29930169419541E-03
-3.98734626462647E+06,6.2984715722592E-03
-3.98733426342635E+06,6.29763389339311E-03
-3.98732226222623E+06,6.29678866002917E-03
-3.98731026102611E+06,6.29593587462115E-03
-3.98729825982599E+06,6.29507553964468E-03
-3.98728625862587E+06,6.29420765759722E-03
-3.98727425742575E+06,6.29333223099806E-03
-3.98726225622563E+06,6.29244926238827E-03
-3.98725025502551E+06,6.29155875433072E-03
-3.98723825382539E+06,6.29066070941008E-03
-3.98722625262527E+06,6.28975513023276E-03
-3.98721425142515E+06,6.28884201942694E-03
-3.98720225022503E+06,6.28792137964264E-03
-3.98719024902491E+06,6.28699321355151E-03
-3.98717824782479E+06,6.28605752384698E-03
-3.98716624662467E+06,6.2851143132442E-03
-3.98715424542455E+06,6.28416358448003E-03
-3.98714224422443E+06,6.28320534031304E-03
-3.98713024302431E+06,6.28223958352348E-03
-3.98711824182419E+06,6.28126631691329E-03
-3.98710624062407E+06,6.28028554330607E-03
-3.98709423942395E+06,6.27929726554704E-03
-3.98708223822383E+06,6.27830148650318E-03
-3.98707023702371E+06,6.27729820906301E-03
-3.98705823582359E+06,6.2762874361367E-03
-3.98704623462347E+06,6.27526917065602E-03
-3.98703423342335E+06,6.27424341557436E-03
-3.98702223222323E+06,6.2732101738667E-03
-3.98701023102311E+06,6.27216944852959E-03
-3.98699822982299E+06,6.27112124258115E-03
-3.98698622862287E+06,6.27006555906106E-03
-3.98697422742275E+06,6.2690024010305E-03
-3.98696222622263E+06,6.2679317715723E-03
-3.98695022502251E+06,6.2668536737907E-03
-3.98693822382239E+06,6.26576811081148E-03
-3.98692622262227E+06,6.2646750857819E-03
-3.98691422142215E+06,6.26357460187073E-03
-3.98690222022203E+06,6.26246666226821E-03
-3.98689021902191E+06,6.26135127018601E-03
-3.98687821782179E+06,6.26022842885728E-03
-3.98686621662167E+06,6.25909814153653E-03
-3.98685421542155E+06,6.25796041149986E-03
-3.98684221422143E+06,6.2568152420446E-03
-3.98683021302131E+06,6.25566263648955E-03
-3.98681821182119E+06,6.25450259817489E-03
-3.98680621062107E+06,6.25333513046216E-03
-3.98679420942095E+06,6.25216023673427E-03
-3.98678220822083E+06,6.25097792039546E-03
-3.98677020702071E+06,6.24978818487131E-03
-3.98675820582059E+06,6.2485910336087E-03
-3.98674620462047E+06,6.24738647007578E-03
-3.98673420342035E+06,6.24617449776214E-03
-3.98672220222023E+06,6.24495512017849E-03
-3.98671020102011E+06,6.24372834085685E-03
-3.98669819981999E+06,6.24249416335049E-03
-3.98668619861987E+06,6.24125259123393E-03
-3.98667419741975E+06,6.24000362810289E-03
-3.98666219621963E+06,6.23874727757431E-03
-3.98665019501951E+06,6.23748354328632E-03
-3.98663819381939E+06,6.23621242889823E-03
-3.98662619261927E+06,6.23493393809046E-03
-3.98661419141915E+06,6.23364807456473E-03
-3.98660219021903E+06,6.23235484204377E-03
-3.98659018901891E+06,6.23105424427144E-03
-3.98657818781879E+06,6.22974628501275E-03
-3.98656618661867E+06,6.22843096805377E-03
-3.98655418541855E+06,6.22710829720166E-03
-3.98654218421843E+06,6.22577827628466E-03
-3.98653018301831E+06,6.22444090915202E-03
-3.98651818181819E+06,6.22309619967405E-03
-3.98650618061807E+06,6.22174415174203E-03
-3.98649417941795E+06,6.22038476926839E-03
-3.98648217821783E+06,6.21901805618638E-03
-3.98647017701771E+06,6.2176440164503E-03
-3.98645817581759E+06,6.2162626540354E-03
-3.98644617461747E+06,6.21487397293785E-03
-3.98643417341735E+06,6.21347797717477E-03
-3.98642217221723E+06,6.21207467078418E-03
-3.98641017101711E+06,6.21066405782501E-03
-3.98639816981699E+06,6.20924614237706E-03
-3.98638616861687E+06,6.20782092854091E-03
-3.98637416741675E+06,6.20638842043821E-03
-3.98636216621663E+06,6.20494862221123E-03
-3.98635016501651E+06,6.20350153802313E-03
-3.98633816381639E+06,6.20204717205787E-03
-3.98632616261627E+06,6.20058552852018E-03
-3.98631416141615E+06,6.19911661163557E-03
-3.98630216021603E+06,6.19764042565031E-03
-3.98629015901591E+06,6.19615697483137E-03
-3.98627815781579E+06,6.19466626346642E-03
-3.98626615661567E+06,6.19316829586396E-03
-3.98625415541555E+06,6.19166307635305E-03
-3.98624215421543E+06,6.19015060928343E-03
-3.98623015301531E+06,6.18863089902553E-03
-3.98621815181519E+06,6.18710394997038E-03
-3.98620615061507E+06,6.18556976652963E-03
-3.98619414941495E+06,6.18402835313557E-03
-3.98618214821483E+06,6.18247971424102E-03
-3.98617014701471E+06,6.18092385431938E-03
-3.98615814581459E+06,6.17936077786457E-03
-3.98614614461447E+06,6.17779048939117E-03
-3.98613414341435E+06,6.17621299343413E-03
-3.98612214221423E+06,6.17462829454894E-03
-3.9861101410141E+06,6.17303639731156E-03
-3.98609813981399E+06,6.17143730631843E-03
-3.98608613861387E+06,6.16983102618641E-03
-3.98607413741375E+06,6.1682175615528E-03
-3.98606213621363E+06,6.1665969170753E-03
-3.98605013501351E+06,6.164969097432E-03
-3.98603813381338E+06,6.16333410732129E-03
-3.98602613261326E+06,6.1616919514621E-03
-3.98601413141314E+06,6.16004263459352E-03
-3.98600213021303E+06,6.158386161475E-03
-3.9859901290129E+06,6.15672253688628E-03
-3.98597812781279E+06,6.15505176562742E-03
-3.98596612661267E+06,6.15337385251869E-03
-3.98595412541255E+06,6.15168880240062E-03
-3.98594212421243E+06,6.14999662013397E-03
-3.98593012301231E+06,6.14829731059969E-03
-3.98591812181218E+06,6.14659087869886E-03
-3.98590612061206E+06,6.14487732935291E-03
-3.98589411941194E+06,6.14315666750322E-03
-3.98588211821182E+06,6.14142889811138E-03
-3.9858701170117E+06,6.13969402615907E-03
-3.98585811581158E+06,6.13795205664805E-03
-3.98584611461147E+06,6.13620299460018E-03
-3.98583411341135E+06,6.13444684505733E-03
-3.98582211221123E+06,6.13268361308145E-03
-3.9858101110111E+06,6.13091330375437E-03
-3.98579810981098E+06,6.12913592217818E-03
-3.98578610861086E+06,6.12735147347469E-03
-3.98577410741074E+06,6.12555996278573E-03
-3.98576210621062E+06,6.12376139527311E-03
-3.9857501050105E+06,6.12195577611848E-03
-3.98573810381038E+06,6.12014311052344E-03
-3.98572610261026E+06,6.11832340370943E-03
-3.98571410141014E+06,6.11649666091776E-03
-3.98570210021002E+06,6.11466288740954E-03
-3.9856900990099E+06,6.11282208846566E-03
-3.98567809780978E+06,6.11097426938697E-03
-3.98566609660966E+06,6.10911943549391E-03
-3.98565409540954E+06,6.10725759212674E-03
-3.98564209420942E+06,6.1053887446454E-03
-3.9856300930093E+06,6.1035128984296E-03
-3.98561809180918E+06,6.10163005887871E-03
-3.98560609060906E+06,6.09974023141174E-03
-3.98559408940894E+06,6.09784342146739E-03
-3.98558208820882E+06,6.09593963450395E-03
-3.9855700870087E+06,6.09402887599925E-03
-3.98555808580858E+06,6.09211115145093E-03
-3.98554608460846E+06,6.09018646637596E-03
-3.98553408340834E+06,6.08825482631092E-03
-3.98552208220822E+06,6.08631623681191E-03
-3.9855100810081E+06,6.08437070345452E-03
-3.98549807980798E+06,6.08241823183383E-03
-3.98548607860786E+06,6.08045882756436E-03
-3.98547407740774E+06,6.07849249628005E-03
-3.98546207620762E+06,6.07651924363428E-03
-3.9854500750075E+06,6.07453907529972E-03
-3.98543807380738E+06,6.07255199696862E-03
-3.98542607260726E+06,6.07055801435238E-03
-3.98541407140714E+06,6.06855713318177E-03
-3.98540207020702E+06,6.06654935920686E-03
-3.9853900690069E+06,6.06453469819701E-03
-3.98537806780678E+06,6.06251315594083E-03
-3.98536606660666E+06,6.06048473824615E-03
-3.98535406540654E+06,6.05844945094003E-03
-3.98534206420642E+06,6.05640729986862E-03
-3.9853300630063E+06,6.05435829089748E-03
-3.98531806180618E+06,6.05230242991107E-03
-3.98530606060606E+06,6.05023972281305E-03
-3.98529405940594E+06,6.04817017552619E-03
-3.98528205820582E+06,6.0460937939923E-03
-3.9852700570057E+06,6.04401058417228E-03
-3.98525805580558E+06,6.04192055204603E-03
-3.98524605460546E+06,6.03982370361245E-03
-3.98523405340534E+06,6.03772004488946E-03
-3.98522205220522E+06,6.0356095819138E-03
-3.9852100510051E+06,6.03349232074144E-03
-3.98519804980498E+06,6.03136826744698E-03
-3.98518604860486E+06,6.02923742812401E-03
-3.98517404740474E+06,6.02709980888499E-03
-3.98516204620462E+06,6.02495541586119E-03
-3.9851500450045E+06,6.02280425520272E-03
-3.98513804380438E+06,6.02064633307848E-03
-3.98512604260426E+06,6.01848165567614E-03
-3.98511404140414E+06,6.01631022920211E-03
-3.98510204020402E+06,6.01413205988145E-03
-3.9850900390039E+06,6.01194715395814E-03
-3.98507803780378E+06,6.00975551769462E-03
-3.98506603660366E+06,6.00755715737204E-03
-3.98505403540354E+06,6.00535207929017E-03
-3.98504203420342E+06,6.00314028976739E-03
-3.9850300330033E+06,6.00092179514067E-03
-3.98501803180318E+06,5.9986966017655E-03
-3.98500603060306E+06,5.99646471601593E-03
-3.98499402940294E+06,5.99422614428449E-03
-3.98498202820282E+06,5.99198089298211E-03
-3.9849700270027E+06,5.98972896853843E-03
-3.98495802580258E+06,5.98747037740126E-03
-3.98494602460246E+06,5.98520512603691E-03
-3.98493402340234E+06,5.98293322093005E-03
-3.98492202220222E+06,5.98065466858371E-03
-3.9849100210021E+06,5.97836947551925E-03
-3.98489801980198E+06,5.97607764827635E-03
-3.98488601860186E+06,5.97377919341294E-03
-3.98487401740174E+06,5.97147411750514E-03
-3.98486201620162E+06,5.96916242714753E-03
-3.9848500150015E+06,5.96684412895267E-03
-3.98483801380138E+06,5.96451922955135E-03
-3.98482601260126E+06,5.96218773559252E-03
-3.98481401140114E+06,5.95984965374327E-03
-3.98480201020102E+06,5.95750499068878E-03
-3.9847900090009E+06,5.95515375313229E-03
-3.98477800780078E+06,5.9527959477951E-03
-3.98476600660066E+06,5.95043158141655E-03
-3.98475400540054E+06,5.94806066075386E-03
-3.98474200420042E+06,5.9456831925825E-03
-3.9847300030003E+06,5.94329918369562E-03
-3.98471800180018E+06,5.94090864090437E-03
-3.98470600060006E+06,5.93851157103779E-03
-3.98469399939994E+06,5.9361079809428E-03
-3.98468199819982E+06,5.93369787748414E-03
-3.9846699969997E+06,5.93128126754437E-03
-3.98465799579958E+06,5.92885815802384E-03
-3.98464599459946E+06,5.92642855584067E-03
-3.98463399339934E+06,5.92399246793059E-03
-3.98462199219922E+06,5.92154990124734E-03
-3.9846099909991E+06,5.91910086276207E-03
-3.98459798979898E+06,5.91664535946363E-03
-3.98458598859886E+06,5.91418339835855E-03
-3.98457398739874E+06,5.91171498647093E-03
-3.98456198619862E+06,5.90924013084243E-03
-3.9845499849985E+06,5.90675883853229E-03
-3.98453798379838E+06,5.90427111661725E-03
-3.98452598259826E+06,5.90177697219152E-03
-3.98451398139814E+06,5.89927641236671E-03
-3.98450198019802E+06,5.89676944427214E-03
-3.9844899789979E+06,5.89425607505426E-03
-3.98447797779778E+06,5.89173631187697E-03
-3.98446597659766E+06,5.88921016192154E-03
-3.98445397539754E+06,5.88667763238659E-03
-3.98444197419742E+06,5.88413873048799E-03
-3.9844299729973E+06,5.88159346345891E-03
-3.98441797179718E+06,5.87904183854977E-03
-3.98440597059706E+06,5.87648386302808E-03
-3.98439396939694E+06,5.87391954417885E-03
-3.98438196819682E+06,5.87134888930395E-03
-3.9843699669967E+06,5.86877190572248E-03
-3.98435796579658E+06,5.86618860077065E-03
-3.98434596459646E+06,5.86359898180171E-03
-3.98433396339634E+06,5.861003056186E-03
-3.98432196219622E+06,5.85840083131086E-03
-3.9843099609961E+06,5.85579231458061E-03
-3.98429795979598E+06,5.85317751341654E-03
-3.98428595859586E+06,5.85055643525677E-03
-3.98427395739574E+06,5.84792908755663E-03
-3.98426195619562E+06,5.84529547778803E-03
-3.9842499549955E+06,5.8426556134398E-03
-3.98423795379538E+06,5.84000950201762E-03
-3.98422595259526E+06,5.83735715104393E-03
-3.98421395139514E+06,5.83469856805796E-03
-3.98420195019502E+06,5.83203376061565E-03
-3.9841899489949E+06,5.82936273628964E-03
-3.98417794779478E+06,5.82668550266926E-03
-3.98416594659466E+06,5.82400206736037E-03
-3.98415394539454E+06,5.82131243798575E-03
-3.98414194419442E+06,5.81861662218447E-03
-3.9841299429943E+06,5.81591462761225E-03
-3.98411794179418E+06,5.81320646194134E-03
-3.98410594059406E+06,5.81049213286048E-03
-3.98409393939394E+06,5.80777164807489E-03
-3.98408193819382E+06,5.80504501530623E-03
-3.9840699369937E+06,5.80231224229254E-03
-3.98405793579358E+06,5.79957333678828E-03
-3.98404593459346E+06,5.79682830656413E-03
-3.98403393339334E+06,5.7940771594074E-03
-3.98402193219322E+06,5.7913199031214E-03
-3.9840099309931E+06,5.78855654552577E-03
-3.98399792979298E+06,5.78578709445642E-03
-3.98398592859286E+06,5.78301155776543E-03
-3.98397392739274E+06,5.78022994332106E-03
-3.98396192619262E+06,5.7774422590077E-03
-3.9839499249925E+06,5.77464851272587E-03
-3.98393792379238E+06,5.77184871239205E-03
-3.98392592259226E+06,5.76904286593908E-03
-3.98391392139214E+06,5.76623098131551E-03
-3.98390192019202E+06,5.76341306648599E-03
-3.9838899189919E+06,5.76058912943111E-03
-3.98387791779178E+06,5.75775917814741E-03
-3.98386591659166E+06,5.7549232206473E-03
-3.98385391539154E+06,5.75208126495908E-03
-3.98384191419142E+06,5.74923331912686E-03
-3.9838299129913E+06,5.74637939121058E-03
-3.98381791179118E+06,5.74351948928583E-03
-3.98380591059106E+06,5.74065362144427E-03
-3.98379390939094E+06,5.73778179579295E-03
-3.98378190819082E+06,5.7349040204547E-03
-3.9837699069907E+06,5.732020303568E-03
-3.98375790579058E+06,5.72913065328697E-03
-3.98374590459046E+06,5.72623507778128E-03
-3.98373390339034E+06,5.72333358523619E-03
-3.98372190219022E+06,5.72042618385247E-03
-3.9837099009901E+06,5.71751288184637E-03
-3.98369789978998E+06,5.71459368744952E-03
-3.98368589858986E+06,5.71166860890928E-03
-3.98367389738974E+06,5.70873765448811E-03
-3.98366189618962E+06,5.70580083246393E-03
-3.9836498949895E+06,5.70285815112998E-03
-3.98363789378938E+06,5.69990961879483E-03
-3.98362589258926E+06,5.69695524378231E-03
-3.98361389138914E+06,5.6939950344315E-03
-3.98360189018902E+06,5.69102899909667E-03
-3.9835898889889E+06,5.68805714614728E-03
-3.98357788778878E+06,5.68507948396782E-03
-3.98356588658866E+06,5.68209602095823E-03
-3.98355388538854E+06,5.67910676553319E-03
-3.98354188418842E+06,5.67611172612255E-03
-3.9835298829883E+06,5.67311091117115E-03
-3.98351788178818E+06,5.67010432913885E-03
-3.98350588058806E+06,5.66709198850043E-03
-3.98349387938794E+06,5.66407389774561E-03
-3.98348187818782E+06,5.66105006537899E-03
-3.9834698769877E+06,5.6580204999199E-03
-3.98345787578758E+06,5.65498520990285E-03
-3.98344587458746E+06,5.6519442038768E-03
-3.98343387338734E+06,5.64889749040556E-03
-3.98342187218722E+06,5.64584507806767E-03
-3.9834098709871E+06,5.64278697545637E-03
-3.98339786978698E+06,5.63972319117956E-03
-3.98338586858686E+06,5.63665373385976E-03
-3.98337386738674E+06,5.63357861213408E-03
-3.98336186618662E+06,5.63049783465418E-03
-3.9833498649865E+06,5.62741141008616E-03
-3.98333786378638E+06,5.62431934711093E-03
-3.98332586258626E+06,5.62122165442355E-03
-3.98331386138614E+06,5.61811834073357E-03
-3.98330186018602E+06,5.61500941476499E-03
-3.9832898589859E+06,5.61189488525614E-03
-3.98327785778578E+06,5.60877476095967E-03
-3.98326585658566E+06,5.60564905064256E-03
-3.98325385538554E+06,5.60251776308601E-03
-3.98324185418542E+06,5.59938090708548E-03
-3.9832298529853E+06,5.59623849145048E-03
-3.98321785178518E+06,5.59309052500506E-03
-3.98320585058506E+06,5.58993701658702E-03
-3.98319384938494E+06,5.58677797504839E-03
-3.98318184818482E+06,5.58361340925524E-03
-3.9831698469847E+06,5.58044332808769E-03
-3.98315784578458E+06,5.57726774043983E-03
-3.98314584458446E+06,5.57408665521972E-03
-3.98313384338434E+06,5.57090008134934E-03
-3.98312184218422E+06,5.56770802776456E-03
-3.9831098409841E+06,5.56451050341498E-03
-3.98309783978398E+06,5.56130751726441E-03
-3.98308583858386E+06,5.55809907829006E-03
-3.98307383738374E+06,5.55488519548302E-03
-3.98306183618362E+06,5.55166587784809E-03
-3.9830498349835E+06,5.54844113440379E-03
-3.98303783378338E+06,5.54521097418225E-03
-3.98302583258326E+06,5.54197540622925E-03
-3.98301383138314E+06,5.53873443960414E-03
-3.98300183018302E+06,5.5354880833798E-03
-3.9829898289829E+06,5.53223634664252E-03
-3.98297782778278E+06,5.52897923849245E-03
-3.98296582658266E+06,5.5257167680428E-03
-3.98295382538254E+06,5.5224489444203E-03
-3.98294182418242E+06,5.51917577676508E-03
-3.9829298229823E+06,5.5158972742306E-03
-3.98291782178218E+06,5.51261344598362E-03
-3.98290582058206E+06,5.50932430120418E-03
-3.98289381938194E+06,5.50602984908556E-03
-3.98288181818182E+06,5.50273009883409E-03
-3.9828698169817E+06,5.49942505966968E-03
-3.98285781578158E+06,5.49611474082497E-03
-3.98284581458146E+06,5.49279915154582E-03
-3.98283381338134E+06,5.48947830109118E-03
-3.98282181218122E+06,5.48615219873299E-03
-3.9828098109811E+06,5.4828208537562E-03
-3.98279780978098E+06,5.4794842754587E-03
-3.98278580858086E+06,5.47614247315134E-03
-3.98277380738074E+06,5.4727954561578E-03
-3.98276180618062E+06,5.46944323381453E-03
-3.9827498049805E+06,5.46608581547115E-03
-3.98273780378038E+06,5.46272321048968E-03
-3.98272580258026E+06,5.45935542824501E-03
-3.98271380138014E+06,5.45598247812476E-03
-3.98270180018002E+06,5.45260436952919E-03
-3.9826897989799E+06,5.44922111187121E-03
-3.98267779777978E+06,5.44583271457634E-03
-3.98266579657966E+06,5.44243918708265E-03
-3.98265379537954E+06,5.43904053884075E-03
-3.98264179417942E+06,5.43563677931362E-03
-3.9826297929793E+06,5.43222791797706E-03
-3.98261779177918E+06,5.42881396431894E-03
-3.98260579057906E+06,5.42539492783962E-03
-3.98259378937894E+06,5.42197081805182E-03
-3.98258178817882E+06,5.41854164448056E-03
-3.9825697869787E+06,5.41510741666317E-03
-3.98255778577858E+06,5.41166814414919E-03
-3.98254578457846E+06,5.40822383650037E-03
-3.98253378337834E+06,5.40477450329065E-03
-3.98252178217822E+06,5.40132015410596E-03
-3.9825097809781E+06,5.39786079854472E-03
-3.98249777977798E+06,5.39439644621701E-03
-3.98248577857786E+06,5.39092710674509E-03
-3.98247377737774E+06,5.38745278976318E-03
-3.98246177617762E+06,5.38397350491748E-03
-3.9824497749775E+06,5.38048926186607E-03
-3.98243777377738E+06,5.37700007027894E-03
-3.98242577257726E+06,5.3735059398379E-03
-3.98241377137714E+06,5.3700068802366E-03
-3.98240177017702E+06,5.36650290118029E-03
-3.9823897689769E+06,5.36299401238636E-03
-3.98237776777678E+06,5.35948022358352E-03
-3.98236576657666E+06,5.35596154451224E-03
-3.98235376537654E+06,5.35243798492463E-03
-3.98234176417642E+06,5.34890955458438E-03
-3.9823297629763E+06,5.34537626326673E-03
-3.98231776177618E+06,5.34183812075844E-03
-3.98230576057606E+06,5.33829513685773E-03
-3.98229375937594E+06,5.33474732137413E-03
-3.98228175817582E+06,5.33119468412899E-03
-3.9822697569757E+06,5.32763723495459E-03
-3.98225775577558E+06,5.32407498369469E-03
-3.98224575457546E+06,5.32050794020434E-03
-3.98223375337534E+06,5.31693611434984E-03
-3.98222175217522E+06,5.3133595160087E-03
-3.9822097509751E+06,5.30977815506962E-03
-3.98219774977498E+06,5.30619204143242E-03
-3.98218574857486E+06,5.30260118500806E-03
-3.98217374737474E+06,5.29900559571838E-03
-3.98216174617462E+06,5.29540528349669E-03
-3.9821497449745E+06,5.2918002582869E-03
-3.98213774377438E+06,5.28819053004396E-03
-3.98212574257426E+06,5.28457610873377E-03
-3.98211374137414E+06,5.28095700433311E-03
-3.98210174017402E+06,5.27733322682959E-03
-3.9820897389739E+06,5.27370478622163E-03
-3.98207773777378E+06,5.27007169251841E-03
-3.98206573657366E+06,5.26643395573984E-03
-3.98205373537354E+06,5.26279158591638E-03
-3.98204173417342E+06,5.25914459308957E-03
-3.9820297329733E+06,5.25549298731115E-03
-3.98201773177318E+06,5.25183677864356E-03
-3.98200573057306E+06,5.24817597715978E-03
-3.98199372937294E+06,5.24451059294331E-03
-3.98198172817282E+06,5.2408406360881E-03
-3.9819697269727E+06,5.23716611669853E-03
-3.98195772577258E+06,5.23348704488937E-03
-3.98194572457246E+06,5.22980343078573E-03
-3.98193372337234E+06,5.22611528452291E-03
-3.98192172217222E+06,5.22242261624688E-03
-3.9819097209721E+06,5.21872543611345E-03
-3.98189771977198E+06,5.21502375428874E-03
-3.98188571857186E+06,5.21131758094906E-03
-3.98187371737174E+06,5.20760692628083E-03
-3.98186171617162E+06,5.20389180048053E-03
-3.9818497149715E+06,5.20017221375472E-03
-3.98183771377138E+06,5.19644817631994E-03
-3.98182571257126E+06,5.19271969840258E-03
-3.98181371137114E+06,5.18898679023935E-03
-3.98180171017102E+06,5.18524946207647E-03
-3.9817897089709E+06,5.18150772417012E-03
-3.98177770777078E+06,5.1777615867863E-03
-3.98176570657066E+06,5.17401106020081E-03
-3.98175370537054E+06,5.17025615469915E-03
-3.98174170417042E+06,5.16649688057655E-03
-3.9817297029703E+06,5.16273324813789E-03
-3.98171770177018E+06,5.15896526769765E-03
-3.98170570057006E+06,5.15519294957979E-03
-3.98169369936994E+06,5.15141630411822E-03
-3.98168169816982E+06,5.14763534165593E-03
-3.9816696969697E+06,5.14385007254551E-03
-3.98165769576958E+06,5.14006050714899E-03
-3.98164569456946E+06,5.13626665583779E-03
-3.98163369336934E+06,5.13246852899268E-03
-3.98162169216922E+06,5.12866613700374E-03
-3.9816096909691E+06,5.1248594902703E-03
-3.98159768976898E+06,5.12104859920098E-03
-3.98158568856886E+06,5.11723347421338E-03
-3.98157368736874E+06,5.11341412573474E-03
-3.98156168616862E+06,5.10959056420097E-03
-3.9815496849685E+06,5.10576280005721E-03
-3.98153768376838E+06,5.10193084375761E-03
-3.98152568256826E+06,5.09809470576535E-03
-3.98151368136814E+06,5.09425439655255E-03
-3.98150168016802E+06,5.09040992660027E-03
-3.9814896789679E+06,5.08656130639845E-03
-3.98147767776778E+06,5.08270854644585E-03
-3.98146567656766E+06,5.07885165724991E-03
-3.98145367536754E+06,5.07499064932727E-03
-3.98144167416742E+06,5.07112553320286E-03
-3.9814296729673E+06,5.06725631941043E-03
-3.98141767176718E+06,5.06338301849238E-03
-3.98140567056706E+06,5.05950564099972E-03
-3.98139366936694E+06,5.05562419749205E-03
-3.98138166816682E+06,5.05173869853745E-03
-3.9813696669667E+06,5.04784915471254E-03
-3.98135766576658E+06,5.0439555766022E-03
-3.98134566456646E+06,5.0400579748002E-03
-3.98133366336634E+06,5.03615635990821E-03
-3.98132166216622E+06,5.0322507425364E-03
-3.9813096609661E+06,5.02834113330321E-03
-3.98129765976598E+06,5.02442754283535E-03
-3.98128565856586E+06,5.02050998176773E-03
-3.98127365736574E+06,5.01658846074345E-03
-3.98126165616562E+06,5.01266299041373E-03
-3.9812496549655E+06,5.00873358143788E-03
-3.98123765376538E+06,5.00480024448312E-03
-3.98122565256526E+06,5.00086299022515E-03
-3.98121365136514E+06,4.99692182934717E-03
-3.98120165016502E+06,4.99297677254047E-03
-3.9811896489649E+06,4.98902783050425E-03
-3.98117764776478E+06,4.98507501394554E-03
-3.98116564656466E+06,4.98111833357922E-03
-3.98115364536454E+06,4.97715780012791E-03
-3.98114164416442E+06,4.97319342432199E-03
-3.9811296429643E+06,4.96922521689952E-03
-3.98111764176418E+06,4.96525318860608E-03
-3.98110564056406E+06,4.96127735019531E-03
-3.98109363936394E+06,4.95729771242797E-03
-3.98108163816382E+06,4.95331428607252E-03
-3.9810696369637E+06,4.9493270819049E-03
-3.98105763576358E+06,4.94533611070852E-03
-3.98104563456346E+06,4.9413413832742E-03
-3.98103363336334E+06,4.93734291040012E-03
-3.98102163216322E+06,4.93334070289183E-03
-3.9810096309631E+06,4.92933477156215E-03
-3.98099762976298E+06,4.925325127231E-03
-3.98098562856286E+06,4.92131178072601E-03
-3.98097362736274E+06,4.91729474288147E-03
-3.98096162616262E+06,4.91327402453901E-03
-3.9809496249625E+06,4.90924963654733E-03
-3.98093762376238E+06,4.90522158976219E-03
-3.98092562256226E+06,4.90118989504635E-03
-3.98091362136214E+06,4.89715456326957E-03
-3.98090162016202E+06,4.89311560530853E-03
-3.9808896189619E+06,4.88907303204664E-03
-3.98087761776178E+06,4.88502685437465E-03
-3.98086561656166E+06,4.88097708318965E-03
-3.98085361536154E+06,4.87692372939564E-03
-3.98084161416142E+06,4.87286680390337E-03
-3.9808296129613E+06,4.86880631763028E-03
-3.98081761176118E+06,4.86474228150046E-03
-3.98080561056106E+06,4.86067470644462E-03
-3.98079360936094E+06,4.85660360340002E-03
-3.98078160816082E+06,4.85252898331046E-03
-3.9807696069607E+06,4.84845085712609E-03
-3.98075760576058E+06,4.84436923580395E-03
-3.98074560456046E+06,4.84028413030703E-03
-3.98073360336034E+06,4.83619555160487E-03
-3.98072160216022E+06,4.83210351067329E-03
-3.9807096009601E+06,4.82800801849444E-03
-3.98069759975998E+06,4.8239090860567E-03
-3.98068559855986E+06,4.81980672435465E-03
-3.98067359735974E+06,4.81570094438903E-03
-3.98066159615962E+06,4.81159175716674E-03
-3.9806495949595E+06,4.80747917370057E-03
-3.98063759375938E+06,4.80336320500983E-03
-3.98062559255926E+06,4.79924386211939E-03
-3.98061359135914E+06,4.79512115606021E-03
-3.98060159015902E+06,4.79099509786917E-03
-3.9805895889589E+06,4.78686569858906E-03
-3.98057758775878E+06,4.78273296926848E-03
-3.98056558655866E+06,4.77859692096184E-03
-3.98055358535854E+06,4.77445756472932E-03
-3.98054158415842E+06,4.7703149116368E-03
-3.9805295829583E+06,4.76616897275569E-03
-3.98051758175818E+06,4.76201975916351E-03
-3.98050558055806E+06,4.7578672819429E-03
-3.98049357935794E+06,4.7537115521822E-03
-3.98048157815782E+06,4.7495525809753E-03
-3.9804695769577E+06,4.74539037942152E-03
-3.98045757575758E+06,4.74122495862563E-03
-3.98044557455746E+06,4.73705632969781E-03
-3.98043357335734E+06,4.73288450375357E-03
-3.98042157215722E+06,4.72870949191356E-03
-3.9804095709571E+06,4.7245313053042E-03
-3.98039756975698E+06,4.72034995505667E-03
-3.98038556855686E+06,4.71616545230745E-03
-3.98037356735674E+06,4.71197780819821E-03
-3.98036156615662E+06,4.7077870338757E-03
-3.9803495649565E+06,4.70359314049176E-03
-3.98033756375638E+06,4.69939613920322E-03
-3.98032556255626E+06,4.69519604117193E-03
-3.98031356135614E+06,4.69099285756463E-03
-3.98030156015602E+06,4.68678659955286E-03
-3.9802895589559E+06,4.68257727831346E-03
-3.98027755775578E+06,4.67836490502763E-03
-3.98026555655566E+06,4.67414949088148E-03
-3.98025355535554E+06,4.66993104706589E-03
-3.98024155415542E+06,4.6657095847764E-03
-3.9802295529553E+06,4.66148511521325E-03
-3.98021755175518E+06,4.65725764958125E-03
-3.98020555055506E+06,4.6530271990898E-03
-3.98019354935494E+06,4.64879377495283E-03
-3.98018154815482E+06,4.6445573883886E-03
-3.9801695469547E+06,4.64031805062032E-03
-3.98015754575458E+06,4.63607577287508E-03
-3.98014554455446E+06,4.63183056638455E-03
-3.98013354335434E+06,4.62758244238468E-03
-3.98012154215422E+06,4.62333141211574E-03
-3.9801095409541E+06,4.61907748682223E-03
-3.98009753975398E+06,4.61482067775284E-03
-3.98008553855386E+06,4.61056099616044E-03
-3.98007353735374E+06,4.60629845330202E-03
-3.98006153615362E+06,4.60203306043847E-03
-3.9800495349535E+06,4.59776482883522E-03
-3.98003753375338E+06,4.59349376976122E-03
-3.98002553255326E+06,4.5892198944895E-03
-3.98001353135314E+06,4.58494321429705E-03
-3.98000153015302E+06,4.58066374046469E-03
-3.9799895289529E+06,4.57638148427711E-03
-3.97997752775278E+06,4.57209645702278E-03
-3.97996552655266E+06,4.5678086699939E-03
-3.97995352535254E+06,4.56351813448623E-03
-3.97994152415242E+06,4.5592248617997E-03
-3.9799295229523E+06,4.55492886323736E-03
-3.97991752175218E+06,4.55063015010602E-03
-3.97990552055206E+06,4.54632873371601E-03
-3.97989351935194E+06,4.54202462538119E-03
-3.97988151815182E+06,4.53771783641887E-03
-3.9798695169517E+06,4.53340837814978E-03
-3.97985751575158E+06,4.52909626189804E-03
-3.97984551455146E+06,4.52478149899109E-03
-3.97983351335134E+06,4.5204641007595E-03
-3.97982151215122E+06,4.51614407853762E-03
-3.9798095109511E+06,4.5118214436625E-03
-3.97979750975098E+06,4.50749620747451E-03
-3.97978550855086E+06,4.50316838131718E-03
-3.97977350735074E+06,4.49883797653713E-03
-3.97976150615062E+06,4.494505004484E-03
-3.9797495049505E+06,4.49016947651048E-03
-3.97973750375038E+06,4.48583140397219E-03
-3.97972550255026E+06,4.48149079822769E-03
-3.97971350135014E+06,4.47714767063826E-03
-3.97970150015002E+06,4.47280203256853E-03
-3.9796894989499E+06,4.46845389538541E-03
-3.97967749774978E+06,4.46410327045877E-03
-3.97966549654966E+06,4.45975016916116E-03
-3.97965349534954E+06,4.45539460286783E-03
-3.97964149414942E+06,4.45103658295668E-03
-3.9796294929493E+06,4.44667612080819E-03
-3.97961749174918E+06,4.44231322780538E-03
-3.97960549054906E+06,4.4379479153338E-03
-3.97959348934894E+06,4.43358019478132E-03
-3.97958148814882E+06,4.42921007753872E-03
-3.9795694869487E+06,4.42483757499867E-03
-3.97955748574858E+06,4.42046269855636E-03
-3.97954548454846E+06,4.41608545960929E-03
-3.97953348334834E+06,4.41170586955722E-03
-3.97952148214822E+06,4.40732393980213E-03
-3.9795094809481E+06,4.40293968174821E-03
-3.97949747974798E+06,4.39855310680176E-03
-3.97948547854786E+06,4.39416422637103E-03
-3.97947347734774E+06,4.38977305186682E-03
-3.97946147614762E+06,4.38537959470147E-03
-3.9794494749475E+06,4.38098386628944E-03
-3.97943747374738E+06,4.37658587804713E-03
-3.97942547254726E+06,4.37218564139285E-03
-3.97941347134714E+06,4.36778316774676E-03
-3.97940147014702E+06,4.36337846853082E-03
-3.9793894689469E+06,4.35897155516876E-03
-3.97937746774678E+06,4.35456243908606E-03
-3.97936546654666E+06,4.3501511317097E-03
-3.97935346534654E+06,4.34573764446883E-03
-3.97934146414642E+06,4.34132198879369E-03
-3.9793294629463E+06,4.33690417611625E-03
-3.97931746174618E+06,4.33248421787003E-03
-3.97930546054606E+06,4.32806212548999E-03
-3.97929345934594E+06,4.32363791041258E-03
-3.97928145814582E+06,4.31921158407561E-03
-3.9792694569457E+06,4.31478315791827E-03
-3.97925745574558E+06,4.31035264338107E-03
-3.97924545454546E+06,4.30592005190561E-03
-3.97923345334534E+06,4.30148539493527E-03
-3.97922145214522E+06,4.29704868391407E-03
-3.9792094509451E+06,4.2926099302874E-03
-3.97919744974498E+06,4.28816914550172E-03
-3.97918544854486E+06,4.2837263410046E-03
-3.97917344734474E+06,4.27928152824461E-03
-3.97916144614462E+06,4.27483471867133E-03
-3.9791494449445E+06,4.27038592373528E-03
-3.97913744374438E+06,4.26593515488788E-03
-3.97912544254426E+06,4.26148242358126E-03
-3.97911344134414E+06,4.25702774126888E-03
-3.97910144014402E+06,4.25257111940448E-03
-3.9790894389439E+06,4.24811256944269E-03
-3.97907743774378E+06,4.24365210283888E-03
-3.97906543654366E+06,4.23918973104905E-03
-3.97905343534354E+06,4.23472546552983E-03
-3.97904143414342E+06,4.23025931773843E-03
-3.9790294329433E+06,4.2257912991326E-03
-3.97901743174318E+06,4.22132142117041E-03
-3.97900543054306E+06,4.21684969531091E-03
-3.97899342934294E+06,4.21237613301303E-03
-3.97898142814282E+06,4.20790074573628E-03
-3.9789694269427E+06,4.20342354494047E-03
-3.97895742574258E+06,4.19894454208572E-03
-3.97894542454246E+06,4.1944637486324E-03
-3.97893342334234E+06,4.18998117604108E-03
-3.97892142214222E+06,4.1854968357725E-03
-3.9789094209421E+06,4.18101073928756E-03
-3.97889741974198E+06,4.1765228980472E-03
-3.97888541854186E+06,4.17203332351226E-03
-3.97887341734174E+06,4.16754202714412E-03
-3.97886141614162E+06,4.16304902040357E-03
-3.9788494149415E+06,4.15855431475152E-03
-3.97883741374138E+06,4.15405792164875E-03
-3.97882541254126E+06,4.14955985255591E-03
-3.97881341134114E+06,4.14506011893342E-03
-3.97880141014102E+06,4.14055873224148E-03
-3.9787894089409E+06,4.13605570394E-03
-3.97877740774078E+06,4.13155104548841E-03
-3.97876540654066E+06,4.12704476834627E-03
-3.97875340534054E+06,4.12253688397225E-03
-3.97874140414042E+06,4.11802740382474E-03
-3.9787294029403E+06,4.11351633936164E-03
-3.97871740174018E+06,4.10900370204033E-03
-3.97870540054006E+06,4.10448950331762E-03
-3.97869339933994E+06,4.09997375464972E-03
-3.97868139813982E+06,4.09545646749221E-03
-3.9786693969397E+06,4.09093765329995E-03
-3.97865739573958E+06,4.08641732352691E-03
-3.97864539453946E+06,4.08189548962683E-03
-3.97863339333934E+06,4.07737216305211E-03
-3.97862139213922E+06,4.07284735525446E-03
-3.9786093909391E+06,4.06832107768473E-03
-3.97859738973898E+06,4.0637933417928E-03
-3.97858538853886E+06,4.05926415902762E-03
-3.97857338733874E+06,4.0547335408371E-03
-3.97856138613862E+06,4.05020149866811E-03
-3.9785493849385E+06,4.04566804396643E-03
-3.97853738373838E+06,4.04113318817651E-03
-3.97852538253826E+06,4.03659694274219E-03
-3.97851338133814E+06,4.03205931910554E-03
-3.97850138013802E+06,4.02752032870755E-03
-3.9784893789379E+06,4.02297998298794E-03
-3.97847737773778E+06,4.01843829338508E-03
-3.97846537653766E+06,4.01389527133595E-03
-3.97845337533754E+06,4.00935092827614E-03
-3.97844137413742E+06,4.00480527563977E-03
-3.9784293729373E+06,4.00025832485947E-03
-3.97841737173718E+06,3.99571008736615E-03
-3.97840537053706E+06,3.99116057458966E-03
-3.97839336933694E+06,3.98660979795774E-03
-3.97838136813682E+06,3.98205776889661E-03
-3.9783693669367E+06,3.97750449883082E-03
-3.97835736573658E+06,3.97294999918315E-03
-3.97834536453646E+06,3.96839428137465E-03
-3.97833336333634E+06,3.9638373568245E-03
-3.97832136213622E+06,3.95927923695006E-03
-3.9783093609361E+06,3.95471993316658E-03
-3.97829735973598E+06,3.95015945688794E-03
-3.97828535853586E+06,3.94559781952548E-03
-3.97827335733574E+06,3.94103503248871E-03
-3.97826135613562E+06,3.93647110718508E-03
-3.9782493549355E+06,3.93190605501994E-03
-3.97823735373538E+06,3.92733988739649E-03
-3.97822535253526E+06,3.92277261571578E-03
-3.97821335133514E+06,3.9182042513766E-03
-3.97820135013502E+06,3.91363480577552E-03
-3.9781893489349E+06,3.90906429030661E-03
-3.97817734773478E+06,3.90449271636213E-03
-3.97816534653466E+06,3.89992009533145E-03
-3.97815334533454E+06,3.89534643860168E-03
-3.97814134413442E+06,3.89077175755747E-03
-3.9781293429343E+06,3.886196063581E-03
-3.97811734173418E+06,3.88161936805187E-03
-3.97810534053406E+06,3.87704168234713E-03
-3.97809333933394E+06,3.8724630178412E-03
-3.97808133813382E+06,3.86788338590585E-03
-3.9780693369337E+06,3.86330279790997E-03
-3.97805733573358E+06,3.85872126522025E-03
-3.97804533453346E+06,3.85413879920007E-03
-3.97803333333334E+06,3.84955541121016E-03
-3.97802133213322E+06,3.8449711126084E-03
-3.9780093309331E+06,3.84038591474979E-03
-3.97799732973298E+06,3.83579982898638E-03
-3.97798532853286E+06,3.83121286666723E-03
-3.97797332733274E+06,3.82662503913842E-03
-3.97796132613262E+06,3.82203635774296E-03
-3.9779493249325E+06,3.81744683382058E-03
-3.97793732373238E+06,3.81285647870841E-03
-3.97792532253226E+06,3.8082653037399E-03
-3.97791332133214E+06,3.80367332024543E-03
-3.97790132013202E+06,3.79908053955217E-03
-3.9778893189319E+06,3.79448697298396E-03
-3.97787731773178E+06,3.78989263186133E-03
-3.97786531653166E+06,3.78529752750145E-03
-3.97785331533154E+06,3.78070167121806E-03
-3.97784131413142E+06,3.77610507432128E-03
-3.9778293129313E+06,3.7715077481183E-03
-3.97781731173118E+06,3.76690970391221E-03
-3.97780531053106E+06,3.76231095300275E-03
-3.97779330933094E+06,3.75771150668604E-03
-3.97778130813082E+06,3.75311137625454E-03
-3.9777693069307E+06,3.74851057299707E-03
-3.97775730573058E+06,3.74390910819869E-03
-3.97774530453046E+06,3.73930699314071E-03
-3.97773330333034E+06,3.73470423910064E-03
-3.97772130213022E+06,3.73010085735198E-03
-3.9777093009301E+06,3.72549685916489E-03
-3.97769729972998E+06,3.72089225580506E-03
-3.97768529852986E+06,3.71628705853442E-03
-3.97767329732974E+06,3.7116812786109E-03
-3.97766129612962E+06,3.7070749272884E-03
-3.9776492949295E+06,3.70246801581673E-03
-3.97763729372938E+06,3.69786055544161E-03
-3.97762529252926E+06,3.69325255740462E-03
-3.97761329132914E+06,3.68864403294311E-03
-3.97760129012902E+06,3.68403499329007E-03
-3.9775892889289E+06,3.67942544967473E-03
-3.97757728772878E+06,3.6748154133215E-03
-3.97756528652866E+06,3.6702048954506E-03
-3.97755328532854E+06,3.66559390727789E-03
-3.97754128412842E+06,3.66098246001482E-03
-3.9775292829283E+06,3.65637056486834E-03
-3.97751728172818E+06,3.65175823304095E-03
-3.97750528052806E+06,3.64714547573058E-03
-3.97749327932794E+06,3.6425323041306E-03
-3.97748127812782E+06,3.63791872942959E-03
-3.9774692769277E+06,3.63330476281201E-03
-3.97745727572758E+06,3.62869041545709E-03
-3.97744527452746E+06,3.62407569853954E-03
-3.97743327332734E+06,3.61946062322927E-03
-3.97742127212722E+06,3.61484520069139E-03
-3.9774092709271E+06,3.61022944208619E-03
-3.97739726972698E+06,3.60561335856906E-03
-3.97738526852686E+06,3.60099696129048E-03
-3.97737326732674E+06,3.59638026139579E-03
-3.97736126612662E+06,3.59176327002587E-03
-3.9773492649265E+06,3.58714599831605E-03
-3.97733726372638E+06,3.58252845739673E-03
-3.97732526252626E+06,3.57791065839323E-03
-3.97731326132614E+06,3.57329261242572E-03
-3.97730126012602E+06,3.56867433060919E-03
-3.9772892589259E+06,3.56405582405338E-03
-3.97727725772578E+06,3.5594371038628E-03
-3.97726525652566E+06,3.55481818113665E-03
-3.97725325532554E+06,3.55019906696861E-03
-3.97724125412542E+06,3.54557977244754E-03
-3.9772292529253E+06,3.54096030865632E-03
-3.97721725172518E+06,3.53634068667259E-03
-3.97720525052506E+06,3.53172091756849E-03
-3.97719324932494E+06,3.52710101241064E-03
-3.97718124812482E+06,3.52248098226009E-03
-3.9771692469247E+06,3.5178608381723E-03
-3.97715724572458E+06,3.51324059119708E-03
-3.97714524452446E+06,3.50862025237858E-03
-3.97713324332434E+06,3.50399983275505E-03
-3.97712124212422E+06,3.49937934335953E-03
-3.9771092409241E+06,3.49475879521874E-03
-3.97709723972398E+06,3.49013819935374E-03
-3.97708523852386E+06,3.48551756677974E-03
-3.97707323732374E+06,3.48089690850605E-03
-3.97706123612362E+06,3.47627623553605E-03
-3.9770492349235E+06,3.47165555886713E-03
-3.97703723372338E+06,3.46703488949068E-03
-3.97702523252326E+06,3.46241423839205E-03
-3.97701323132314E+06,3.45779361655031E-03
-3.97700123012302E+06,3.45317303493896E-03
-3.9769892289229E+06,3.44855250452478E-03
-3.97697722772278E+06,3.44393203626857E-03
-3.97696522652266E+06,3.43931164112487E-03
-3.97695322532254E+06,3.43469133004195E-03
-3.97694122412242E+06,3.4300711139618E-03
-3.9769292229223E+06,3.42545100382002E-03
-3.97691722172218E+06,3.42083101054589E-03
-3.97690522052206E+06,3.41621114506203E-03
-3.97689321932194E+06,3.4115914182852E-03
-3.97688121812182E+06,3.4069718411251E-03
-3.9768692169217E+06,3.40235242448508E-03
-3.97685721572158E+06,3.39773317926195E-03
-3.97684521452146E+06,3.3931141163459E-03
-3.97683321332134E+06,3.38849524662049E-03
-3.97682121212122E+06,3.3838765809626E-03
-3.9768092109211E+06,3.37925813024242E-03
-3.97679720972098E+06,3.37463990532338E-03
-3.97678520852086E+06,3.37002191706194E-03
-3.97677320732074E+06,3.36540417630829E-03
-3.97676120612062E+06,3.36078669390524E-03
-3.9767492049205E+06,3.35616948068885E-03
-3.97673720372038E+06,3.3515525474883E-03
-3.97672520252026E+06,3.34693590512577E-03
-3.97671320132014E+06,3.34231956441646E-03
-3.97670120012002E+06,3.33770353616852E-03
-3.9766891989199E+06,3.33308783118305E-03
-3.97667719771978E+06,3.32847246025401E-03
-3.97666519651966E+06,3.32385743416807E-03
-3.97665319531954E+06,3.31924276370523E-03
-3.97664119411942E+06,3.31462845963777E-03
-3.9766291929193E+06,3.31001453273086E-03
-3.97661719171918E+06,3.3054009937424E-03
-3.97660519051906E+06,3.30078785342298E-03
-3.97659318931894E+06,3.29617512251582E-03
-3.97658118811882E+06,3.29156281175673E-03
-3.9765691869187E+06,3.28695093187412E-03
-3.97655718571858E+06,3.2823394935889E-03
-3.97654518451846E+06,3.27772850761435E-03
-3.97653318331834E+06,3.27311798465669E-03
-3.97652118211822E+06,3.26850793541408E-03
-3.9765091809181E+06,3.26389837057722E-03
-3.97649717971798E+06,3.25928930082918E-03
-3.97648517851786E+06,3.25468073684537E-03
-3.97647317731774E+06,3.25007268929344E-03
-3.97646117611762E+06,3.24546516883334E-03
-3.9764491749175E+06,3.24085818611721E-03
-3.97643717371737E+06,3.2362517517892E-03
-3.97642517251725E+06,3.23164587648613E-03
-3.97641317131713E+06,3.2270405708364E-03
-3.97640117011702E+06,3.2224358454607E-03
-3.9763891689169E+06,3.21783171097169E-03
-3.97637716771678E+06,3.21322817797411E-03
-3.97636516651666E+06,3.20862525706461E-03
-3.97635316531654E+06,3.20402295883182E-03
-3.97634116411642E+06,3.19942129385624E-03
-3.9763291629163E+06,3.19482027271026E-03
-3.97631716171617E+06,3.19021990595791E-03
-3.97630516051605E+06,3.18562020415557E-03
-3.97629315931593E+06,3.18102117785081E-03
-3.97628115811581E+06,3.17642283758314E-03
-3.9762691569157E+06,3.17182519388376E-03
-3.97625715571557E+06,3.16722825727552E-03
-3.97624515451546E+06,3.16263203827289E-03
-3.97623315331534E+06,3.15803654738194E-03
-3.97622115211522E+06,3.1534417951003E-03
-3.9762091509151E+06,3.1488477919171E-03
-3.97619714971497E+06,3.14425454831282E-03
-3.97618514851485E+06,3.13966207475987E-03
-3.97617314731473E+06,3.1350703817216E-03
-3.97616114611461E+06,3.13047947965288E-03
-3.9761491449145E+06,3.12588937899996E-03
-3.97613714371437E+06,3.1213000902004E-03
-3.97612514251425E+06,3.11671162368303E-03
-3.97611314131413E+06,3.11212398986794E-03
-3.97610114011401E+06,3.10753719916643E-03
-3.9760891389139E+06,3.10295126198099E-03
-3.97607713771377E+06,3.09836618870507E-03
-3.97606513651365E+06,3.09378198972377E-03
-3.97605313531353E+06,3.08919867541274E-03
-3.97604113411341E+06,3.08461625613884E-03
-3.97602913291329E+06,3.08003474225997E-03
-3.97601713171317E+06,3.07545414412497E-03
-3.97600513051305E+06,3.07087447207367E-03
-3.97599312931293E+06,3.06629573643678E-03
-3.97598112811281E+06,3.06171794753591E-03
-3.97596912691269E+06,3.05714111568331E-03
-3.97595712571257E+06,3.0525652511826E-03
-3.97594512451245E+06,3.04799036432764E-03
-3.97593312331233E+06,3.04341646540321E-03
-3.97592112211221E+06,3.03884356468481E-03
-3.97590912091209E+06,3.0342716724386E-03
-3.97589711971197E+06,3.02970079892141E-03
-3.97588511851185E+06,3.02513095438068E-03
-3.97587311731173E+06,3.02056214905441E-03
-3.97586111611161E+06,3.01599439317117E-03
-3.97584911491149E+06,3.01142769694986E-03
-3.97583711371137E+06,3.00686207060039E-03
-3.97582511251125E+06,3.00229752432259E-03
-3.97581311131113E+06,2.99773406830689E-03
-3.97580111011101E+06,2.99317171273409E-03
-3.97578910891089E+06,2.98861046777535E-03
-3.97577710771077E+06,2.98405034359215E-03
-3.97576510651065E+06,2.97949135033626E-03
-3.97575310531053E+06,2.9749334981497E-03
-3.97574110411041E+06,2.97037679716469E-03
-3.97572910291029E+06,2.96582125750351E-03
-3.97571710171017E+06,2.96126688927908E-03
-3.97570510051005E+06,2.95671370259393E-03
-3.97569309930993E+06,2.95216170754088E-03
-3.97568109810981E+06,2.94761091420278E-03
-3.97566909690969E+06,2.94306133265253E-03
-3.97565709570957E+06,2.93851297295301E-03
-3.97564509450945E+06,2.93396584515707E-03
-3.97563309330933E+06,2.9294199593075E-03
-3.97562109210921E+06,2.92487532543698E-03
-3.97560909090909E+06,2.92033195356789E-03
-3.97559708970897E+06,2.91578985371296E-03
-3.97558508850885E+06,2.91124903587423E-03
-3.97557308730873E+06,2.90670951004365E-03
-3.97556108610861E+06,2.90217128620293E-03
-3.97554908490849E+06,2.8976343743235E-03
-3.97553708370837E+06,2.89309878436646E-03
-3.97552508250825E+06,2.88856452628255E-03
-3.97551308130813E+06,2.88403161001213E-03
-3.97550108010801E+06,2.87950004548498E-03
-3.97548907890789E+06,2.87496984262094E-03
-3.97547707770777E+06,2.87044101132887E-03
-3.97546507650765E+06,2.86591356150727E-03
-3.97545307530753E+06,2.86138750304413E-03
-3.97544107410741E+06,2.85686284581684E-03
-3.97542907290729E+06,2.8523395996922E-03
-3.97541707170717E+06,2.84781777452638E-03
-3.97540507050705E+06,2.84329738016488E-03
-3.97539306930693E+06,2.83877842644251E-03
-3.97538106810681E+06,2.83426092318319E-03
-3.97536906690669E+06,2.82974488020057E-03
-3.97535706570657E+06,2.82523030729703E-03
-3.97534506450645E+06,2.82071721426429E-03
-3.97533306330633E+06,2.81620561088321E-03
-3.97532106210621E+06,2.81169550692381E-03
-3.97530906090609E+06,2.80718691214515E-03
-3.97529705970597E+06,2.80267983629538E-03
-3.97528505850585E+06,2.79817428911168E-03
-3.97527305730573E+06,2.79367028032023E-03
-3.97526105610561E+06,2.78916781963598E-03
-3.97524905490549E+06,2.78466691676338E-03
-3.97523705370537E+06,2.78016758139525E-03
-3.97522505250525E+06,2.77566982321344E-03
-3.97521305130513E+06,2.7711736518887E-03
-3.97520105010501E+06,2.76667907708054E-03
-3.97518904890489E+06,2.76218610843732E-03
-3.97517704770477E+06,2.7576947555961E-03
-3.97516504650465E+06,2.75320502818272E-03
-3.97515304530453E+06,2.74871693581168E-03
-3.97514104410441E+06,2.74423048808601E-03
-3.97512904290429E+06,2.73974569459788E-03
-3.97511704170417E+06,2.73526256492755E-03
-3.97510504050405E+06,2.73078110864406E-03
-3.97509303930393E+06,2.72630133530497E-03
-3.97508103810381E+06,2.72182325445638E-03
-3.97506903690369E+06,2.71734687563288E-03
-3.97505703570357E+06,2.71287220835753E-03
-3.97504503450345E+06,2.70839926214182E-03
-3.97503303330333E+06,2.70392804648546E-03
-3.97502103210321E+06,2.69945857087708E-03
-3.97500903090309E+06,2.69499084479312E-03
-3.97499702970297E+06,2.69052487769853E-03
-3.97498502850285E+06,2.68606067904654E-03
-3.97497302730273E+06,2.68159825827862E-03
-3.97496102610261E+06,2.67713762482451E-03
-3.97494902490249E+06,2.67267878810214E-03
-3.97493702370237E+06,2.6682217575176E-03
-3.97492502250225E+06,2.66376654246514E-03
-3.97491302130213E+06,2.65931315232713E-03
-3.97490102010201E+06,2.65486159647384E-03
-3.97488901890189E+06,2.65041188426415E-03
-3.97487701770177E+06,2.64596402504442E-03
-3.97486501650165E+06,2.6415180281492E-03
-3.97485301530153E+06,2.63707390290103E-03
-3.97484101410141E+06,2.63263165861038E-03
-3.97482901290129E+06,2.62819130457564E-03
-3.97481701170117E+06,2.6237528500831E-03
-3.97480501050105E+06,2.61931630440691E-03
-3.97479300930093E+06,2.61488167680889E-03
-3.97478100810081E+06,2.61044897653916E-03
-3.97476900690069E+06,2.60601821283514E-03
-3.97475700570057E+06,2.60158939492215E-03
-3.97474500450045E+06,2.59716253201323E-03
-3.97473300330033E+06,2.59273763330913E-03
-3.97472100210021E+06,2.58831470799828E-03
-3.97470900090009E+06,2.58389376525671E-03
-3.97469699969997E+06,2.57947481424811E-03
-3.97468499849985E+06,2.57505786412373E-03
-3.97467299729973E+06,2.57064292402222E-03
-3.97466099609961E+06,2.56623000307027E-03
-3.97464899489949E+06,2.56181911038156E-03
-3.97463699369937E+06,2.55741025505742E-03
-3.97462499249925E+06,2.55300344618664E-03
-3.97461299129913E+06,2.54859869284542E-03
-3.97460099009901E+06,2.54419600409736E-03
-3.97458898889889E+06,2.53979538899344E-03
-3.97457698769877E+06,2.53539685657196E-03
-3.97456498649865E+06,2.53100041585857E-03
-3.97455298529853E+06,2.52660607586601E-03
-3.97454098409841E+06,2.5222138455948E-03
-3.97452898289829E+06,2.51782373403219E-03
-3.97451698169817E+06,2.51343575015282E-03
-3.97450498049805E+06,2.50904990291849E-03
-3.97449297929793E+06,2.50466620127817E-03
-3.97448097809781E+06,2.50028465416796E-03
-3.97446897689769E+06,2.49590527051106E-03
-3.97445697569757E+06,2.49152805921776E-03
-3.97444497449745E+06,2.48715302918539E-03
-3.97443297329733E+06,2.48278018929813E-03
-3.97442097209721E+06,2.47840954842769E-03
-3.97440897089709E+06,2.47404111543221E-03
-3.97439696969697E+06,2.46967489915699E-03
-3.97438496849685E+06,2.46531090843423E-03
-3.97437296729673E+06,2.46094915208301E-03
-3.97436096609661E+06,2.45658963890932E-03
-3.97434896489649E+06,2.45223237770595E-03
-3.97433696369637E+06,2.44787737725255E-03
-3.97432496249625E+06,2.44352464631536E-03
-3.97431296129613E+06,2.43917419364792E-03
-3.97430096009601E+06,2.43482602799E-03
-3.97428895889589E+06,2.43048015806825E-03
-3.97427695769577E+06,2.42613659259602E-03
-3.97426495649565E+06,2.42179534027332E-03
-3.97425295529553E+06,2.41745640978679E-03
-3.97424095409541E+06,2.41311980980973E-03
-3.97422895289529E+06,2.40878554900198E-03
-3.97421695169517E+06,2.40445363600999E-03
-3.97420495049505E+06,2.40012407946655E-03
-3.97419294929493E+06,2.39579688799149E-03
-3.97418094809481E+06,2.39147207019062E-03
-3.97416894689469E+06,2.38714963465641E-03
-3.97415694569457E+06,2.38282958996773E-03
-3.97414494449445E+06,2.3785119446899E-03
-3.97413294329433E+06,2.37419670737463E-03
-3.97412094209421E+06,2.36988388656E-03
-3.97410894089409E+06,2.36557349077042E-03
-3.97409693969397E+06,2.36126552851664E-03
-3.97408493849385E+06,2.35696000829554E-03
-3.97407293729373E+06,2.35265693859076E-03
-3.97406093609361E+06,2.34835632787169E-03
-3.97404893489349E+06,2.34405818459413E-03
-3.97403693369337E+06,2.33976251720005E-03
-3.97402493249325E+06,2.33546933411763E-03
-3.97401293129313E+06,2.33117864376118E-03
-3.97400093009301E+06,2.32689045453115E-03
-3.97398892889289E+06,2.32260477481409E-03
-3.97397692769277E+06,2.31832161298263E-03
-3.97396492649265E+06,2.31404097739531E-03
-3.97395292529253E+06,2.30976287639719E-03
-3.97394092409241E+06,2.30548731831883E-03
-3.97392892289229E+06,2.30121431147696E-03
-3.97391692169217E+06,2.29694386417429E-03
-3.97390492049205E+06,2.29267598469944E-03
-3.97389291929193E+06,2.28841068132696E-03
-3.97388091809181E+06,2.28414796231732E-03
-3.97386891689169E+06,2.27988783591683E-03
-3.97385691569157E+06,2.27563031035749E-03
-3.97384491449145E+06,2.27137539385764E-03
-3.97383291329133E+06,2.26712309462091E-03
-3.97382091209121E+06,2.26287342083688E-03
-3.97380891089109E+06,2.25862638068091E-03
-3.97379690969097E+06,2.25438198231406E-03
-3.97378490849085E+06,2.25014023388313E-03
-3.97377290729073E+06,2.24590114352061E-03
-3.97376090609061E+06,2.24166471934463E-03
-3.97374890489049E+06,2.23743096945901E-03
-3.97373690369037E+06,2.23319990195299E-03
-3.97372490249025E+06,2.22897152490193E-03
-3.97371290129013E+06,2.22474584636627E-03
-3.97370090009001E+06,2.22052287439217E-03
-3.97368889888989E+06,2.21630261701132E-03
-3.97367689768977E+06,2.21208508224094E-03
-3.97366489648965E+06,2.20787027808372E-03
-3.97365289528953E+06,2.20365821252784E-03
-3.97364089408941E+06,2.19944889354692E-03
-3.97362889288929E+06,2.1952423291E-03
-3.97361689168917E+06,2.19103852713137E-03
-3.97360489048905E+06,2.1868374955712E-03
-3.97359288928893E+06,2.18263924233452E-03
-3.97358088808881E+06,2.17844377532186E-03
-3.97356888688869E+06,2.17425110241909E-03
-3.97355688568857E+06,2.17006123149737E-03
-3.97354488448845E+06,2.16587417041312E-03
-3.97353288328833E+06,2.16168992700804E-03
-3.97352088208821E+06,2.15750850910904E-03
-3.97350888088809E+06,2.15332992452828E-03
-3.97349687968797E+06,2.14915418106291E-03
-3.97348487848785E+06,2.14498128649578E-03
-3.97347287728773E+06,2.14081124859436E-03
-3.97346087608761E+06,2.13664407511145E-03
-3.97344887488749E+06,2.13247977378495E-03
-3.97343687368737E+06,2.12831835233784E-03
-3.97342487248725E+06,2.12415981847818E-03
-3.97341287128713E+06,2.12000417989908E-03
-3.97340087008701E+06,2.11585144427866E-03
-3.97338886888689E+06,2.11170161927992E-03
-3.97337686768677E+06,2.1075547125513E-03
-3.97336486648665E+06,2.10341073172575E-03
-3.97335286528653E+06,2.0992696844213E-03
-3.97334086408641E+06,2.09513157824094E-03
-3.97332886288629E+06,2.09099642077255E-03
-3.97331686168617E+06,2.0868642195889E-03
-3.97330486048605E+06,2.08273498224763E-03
-3.97329285928593E+06,2.07860871629124E-03
-3.97328085808581E+06,2.07448542924703E-03
-3.97326885688569E+06,2.07036512862699E-03
-3.97325685568557E+06,2.06624782192834E-03
-3.97324485448545E+06,2.06213351663263E-03
-3.97323285328533E+06,2.05802222020628E-03
-3.97322085208521E+06,2.05391394010048E-03
-3.97320885088509E+06,2.04980868375112E-03
-3.97319684968497E+06,2.04570645857877E-03
-3.97318484848485E+06,2.04160727198869E-03
-3.97317284728473E+06,2.03751113137079E-03
-3.97316084608461E+06,2.03341804409963E-03
-3.97314884488449E+06,2.02932801753422E-03
-3.97313684368437E+06,2.02524105901863E-03
-3.97312484248425E+06,2.02115717588106E-03
-3.97311284128413E+06,2.01707637543442E-03
-3.97310084008401E+06,2.01299866497616E-03
-3.97308883888389E+06,2.00892405178826E-03
-3.97307683768377E+06,2.00485254313722E-03
-3.97306483648365E+06,2.000784146274E-03
-3.97305283528353E+06,1.99671886843405E-03
-3.97304083408341E+06,1.99265671683727E-03
-3.97302883288329E+06,1.98859769868783E-03
-3.97301683168317E+06,1.9845418211748E-03
-3.97300483048305E+06,1.98048909147116E-03
-3.97299282928293E+06,1.97643951673443E-03
-3.97298082808281E+06,1.97239310410651E-03
-3.97296882688269E+06,1.96834986071363E-03
-3.97295682568257E+06,1.96430979366635E-03
-3.97294482448245E+06,1.96027291005953E-03
-3.97293282328233E+06,1.95623921697233E-03
-3.97292082208221E+06,1.95220872146804E-03
-3.97290882088209E+06,1.94818143059466E-03
-3.97289681968197E+06,1.94415735138395E-03
-3.97288481848185E+06,1.94013649085208E-03
-3.97287281728173E+06,1.9361188559994E-03
-3.97286081608161E+06,1.93210445381046E-03
-3.97284881488149E+06,1.92809329125398E-03
-3.97283681368137E+06,1.92408537528281E-03
-3.97282481248125E+06,1.92008071283399E-03
-3.97281281128113E+06,1.91607931082862E-03
-3.97280081008101E+06,1.9120811761718E-03
-3.97278880888089E+06,1.90808631575314E-03
-3.97277680768077E+06,1.90409473644588E-03
-3.97276480648065E+06,1.90010644510748E-03
-3.97275280528053E+06,1.8961214485794E-03
-3.97274080408041E+06,1.89213975368715E-03
-3.97272880288029E+06,1.88816136724023E-03
-3.97271680168017E+06,1.88418629603215E-03
-3.97270480048005E+06,1.88021454684037E-03
-3.97269279927993E+06,1.87624612642631E-03
-3.97268079807981E+06,1.87228104153518E-03
-3.97266879687969E+06,1.86831929889659E-03
-3.97265679567957E+06,1.86436090522357E-03
-3.97264479447945E+06,1.86040586721321E-03
-3.97263279327933E+06,1.85645419154649E-03
-3.97262079207921E+06,1.85250588488822E-03
-3.97260879087909E+06,1.8485609538871E-03
-3.97259678967897E+06,1.84461940517561E-03
-3.97258478847885E+06,1.84068124537008E-03
-3.97257278727873E+06,1.83674648107064E-03
-3.97256078607861E+06,1.83281511886103E-03
-3.97254878487849E+06,1.82888716530923E-03
-3.97253678367837E+06,1.82496262696651E-03
-3.97252478247825E+06,1.82104151036805E-03
-3.97251278127813E+06,1.81712382203274E-03
-3.97250078007801E+06,1.81320956846316E-03
-3.97248877887789E+06,1.80929875614563E-03
-3.97247677767777E+06,1.80539139155011E-03
-3.97246477647765E+06,1.80148748113025E-03
-3.97245277527753E+06,1.79758703132317E-03
-3.97244077407741E+06,1.79369004855011E-03
-3.97242877287729E+06,1.78979653921547E-03
-3.97241677167717E+06,1.7859065097074E-03
-3.97240477047705E+06,1.78201996639764E-03
-3.97239276927693E+06,1.77813691564153E-03
-3.97238076807681E+06,1.77425736377795E-03
-3.97236876687669E+06,1.77038131712934E-03
-3.97235676567657E+06,1.76650878200168E-03
-3.97234476447645E+06,1.76263976468446E-03
-3.97233276327633E+06,1.75877427145055E-03
-3.97232076207621E+06,1.75491230855675E-03
-3.97230876087609E+06,1.7510538822429E-03
-3.97229675967597E+06,1.74719899873243E-03
-3.97228475847585E+06,1.74334766423226E-03
-3.97227275727573E+06,1.73949988493274E-03
-3.97226075607561E+06,1.73565566700763E-03
-3.97224875487549E+06,1.73181501661412E-03
-3.97223675367537E+06,1.7279779398928E-03
-3.97222475247525E+06,1.72414444296764E-03
-3.97221275127513E+06,1.72031453194585E-03
-3.97220075007501E+06,1.71648821291843E-03
-3.97218874887489E+06,1.71266549195928E-03
-3.97217674767477E+06,1.70884637512581E-03
-3.97216474647465E+06,1.70503086845873E-03
-3.97215274527453E+06,1.70121897798205E-03
-3.97214074407441E+06,1.69741070970312E-03
-3.97212874287429E+06,1.69360606961252E-03
-3.97211674167417E+06,1.68980506368415E-03
-3.97210474047405E+06,1.68600769787515E-03
-3.97209273927393E+06,1.68221397812574E-03
-3.97208073807381E+06,1.67842391035985E-03
-3.97206873687369E+06,1.67463750048417E-03
-3.97205673567357E+06,1.67085475438876E-03
-3.97204473447345E+06,1.66707567794688E-03
-3.97203273327333E+06,1.66330027701496E-03
-3.97202073207321E+06,1.65952855743262E-03
-3.97200873087309E+06,1.65576052502264E-03
-3.97199672967297E+06,1.65199618559094E-03
-3.97198472847285E+06,1.64823554492646E-03
-3.97197272727273E+06,1.64447860880168E-03
-3.97196072607261E+06,1.64072538297176E-03
-3.97194872487249E+06,1.63697587317513E-03
-3.97193672367237E+06,1.63323008513331E-03
-3.97192472247225E+06,1.62948802455087E-03
-3.97191272127213E+06,1.6257496971155E-03
-3.97190072007201E+06,1.62201510849791E-03
-3.97188871887189E+06,1.61828426435189E-03
-3.97187671767177E+06,1.61455717031424E-03
-3.97186471647165E+06,1.61083383200466E-03
-3.97185271527153E+06,1.60711425502629E-03
-3.97184071407141E+06,1.60339844496486E-03
-3.97182871287129E+06,1.59968640738921E-03
-3.97181671167117E+06,1.5959781478512E-03
-3.97180471047105E+06,1.59227367188563E-03
-3.97179270927093E+06,1.58857298501028E-03
-3.97178070807081E+06,1.58487609272588E-03
-3.97176870687069E+06,1.58118300051611E-03
-3.97175670567057E+06,1.57749371384756E-03
-3.97174470447045E+06,1.57380823816962E-03
-3.97173270327033E+06,1.57012657891503E-03
-3.97172070207021E+06,1.56644874149896E-03
-3.97170870087009E+06,1.56277473131967E-03
-3.97169669966997E+06,1.55910455375825E-03
-3.97168469846985E+06,1.55543821417871E-03
-3.97167269726973E+06,1.55177571792788E-03
-3.97166069606961E+06,1.54811707033548E-03
-3.97164869486949E+06,1.54446227671405E-03
-3.97163669366937E+06,1.54081134235896E-03
-3.97162469246925E+06,1.5371642725483E-03
-3.97161269126913E+06,1.53352107254335E-03
-3.97160069006901E+06,1.5298817475878E-03
-3.97158868886889E+06,1.52624630290828E-03
-3.97157668766877E+06,1.5226147437142E-03
-3.97156468646865E+06,1.51898707519775E-03
-3.97155268526853E+06,1.51536330253388E-03
-3.97154068406841E+06,1.51174343088033E-03
-3.97152868286829E+06,1.50812746537756E-03
-3.97151668166817E+06,1.50451541114866E-03
-3.97150468046805E+06,1.50090727329984E-03
-3.97149267926793E+06,1.49730305691966E-03
-3.97148067806781E+06,1.4937027670795E-03
-3.97146867686769E+06,1.49010640883348E-03
-3.97145667566757E+06,1.4865139872184E-03
-3.97144467446745E+06,1.48292550725375E-03
-3.97143267326733E+06,1.47934097394173E-03
-3.97142067206721E+06,1.47576039226719E-03
-3.97140867086709E+06,1.47218376719765E-03
-3.97139666966697E+06,1.46861110368319E-03
-3.97138466846685E+06,1.4650424066569E-03
-3.97137266726673E+06,1.46147768103414E-03
-3.97136066606661E+06,1.45791693171304E-03
-3.97134866486649E+06,1.45436016357435E-03
-3.97133666366637E+06,1.45080738148143E-03
-3.97132466246625E+06,1.4472585902803E-03
-3.97131266126613E+06,1.44371379479953E-03
-3.97130066006601E+06,1.44017299985032E-03
-3.97128865886589E+06,1.43663621022648E-03
-3.97127665766577E+06,1.43310343070423E-03
-3.97126465646565E+06,1.42957466604279E-03
-3.97125265526553E+06,1.42604992098356E-03
-3.97124065406541E+06,1.42252920025063E-03
-3.97122865286529E+06,1.41901250855063E-03
-3.97121665166517E+06,1.41549985057277E-03
-3.97120465046505E+06,1.41199123098878E-03
-3.97119264926493E+06,1.40848665445293E-03
-3.97118064806481E+06,1.40498612560204E-03
-3.97116864686469E+06,1.40148964905543E-03
-3.97115664566457E+06,1.39799722941482E-03
-3.97114464446445E+06,1.39450887126483E-03
-3.97113264326433E+06,1.3910245791722E-03
-3.97112064206421E+06,1.38754435768628E-03
-3.97110864086409E+06,1.38406821133894E-03
-3.97109663966397E+06,1.3805961446445E-03
-3.97108463846385E+06,1.3771281620998E-03
-3.97107263726373E+06,1.37366426818413E-03
-3.97106063606361E+06,1.37020446735925E-03
-3.97104863486349E+06,1.36674876406926E-03
-3.97103663366337E+06,1.36329716274111E-03
-3.97102463246325E+06,1.35984966778381E-03
-3.97101263126313E+06,1.35640628358894E-03
-3.97100063006301E+06,1.35296701453052E-03
-3.97098862886289E+06,1.34953186496501E-03
-3.97097662766277E+06,1.34610083923131E-03
-3.97096462646265E+06,1.34267394165073E-03
-3.97095262526253E+06,1.339251176527E-03
-3.97094062406241E+06,1.33583254814627E-03
-3.97092862286229E+06,1.33241806077711E-03
-3.97091662166217E+06,1.32900771867034E-03
-3.97090462046205E+06,1.32560152605959E-03
-3.97089261926193E+06,1.32219948716049E-03
-3.97088061806181E+06,1.3188016061712E-03
-3.97086861686169E+06,1.31540788727224E-03
-3.97085661566157E+06,1.31201833462654E-03
-3.97084461446145E+06,1.30863295237939E-03
-3.97083261326133E+06,1.30525174465845E-03
-3.97082061206121E+06,1.30187471557377E-03
-3.97080861086109E+06,1.29850186921761E-03
-3.97079660966097E+06,1.295133209665E-03
-3.97078460846085E+06,1.29176874097291E-03
-3.97077260726073E+06,1.28840846718083E-03
-3.97076060606061E+06,1.28505239231055E-03
-3.97074860486049E+06,1.28170052036625E-03
-3.97073660366037E+06,1.27835285533442E-03
-3.97072460246025E+06,1.2750094011839E-03
-3.97071260126013E+06,1.27167016186587E-03
-3.97070060006001E+06,1.26833514131381E-03
-3.97068859885989E+06,1.26500434344343E-03
-3.97067659765977E+06,1.26167777215314E-03
-3.97066459645965E+06,1.25835543132327E-03
-3.97065259525953E+06,1.2550373248166E-03
-3.97064059405941E+06,1.25172345647824E-03
-3.97062859285929E+06,1.2484138301356E-03
-3.97061659165917E+06,1.24510844959837E-03
-3.97060459045905E+06,1.24180731865859E-03
-3.97059258925893E+06,1.23851044109058E-03
-3.97058058805881E+06,1.23521782065094E-03
-3.97056858685869E+06,1.23192946107847E-03
-3.97055658565857E+06,1.22864536609462E-03
-3.97054458445845E+06,1.22536553940277E-03
-3.97053258325833E+06,1.22208998468869E-03
-3.97052058205821E+06,1.21881870562047E-03
-3.97050858085809E+06,1.21555170584845E-03
-3.97049657965797E+06,1.21228898900526E-03
-3.97048457845785E+06,1.20903055870582E-03
-3.97047257725773E+06,1.20577641854732E-03
-3.97046057605761E+06,1.20252657210922E-03
-3.97044857485749E+06,1.19928102295313E-03
-3.97043657365737E+06,1.19603977462332E-03
-3.97042457245725E+06,1.19280283064593E-03
-3.97041257125713E+06,1.18957019452951E-03
-3.97040057005701E+06,1.18634186976487E-03
-3.97038856885689E+06,1.18311785982507E-03
-3.97037656765677E+06,1.17989816816546E-03
-3.97036456645665E+06,1.17668279822364E-03
-3.97035256525653E+06,1.17347175341946E-03
-3.97034056405641E+06,1.17026503715491E-03
-3.97032856285629E+06,1.16706265281462E-03
-3.97031656165617E+06,1.16386460376508E-03
-3.97030456045605E+06,1.16067089335519E-03
-3.97029255925593E+06,1.15748152491609E-03
-3.97028055805581E+06,1.15429650176116E-03
-3.97026855685569E+06,1.15111582718604E-03
-3.97025655565557E+06,1.14793950446865E-03
-3.97024455445545E+06,1.14476753686911E-03
-3.97023255325533E+06,1.14159992762984E-03
-3.97022055205521E+06,1.13843667997535E-03
-3.97020855085509E+06,1.13527779711279E-03
-3.97019654965497E+06,1.13212328223118E-03
-3.97018454845485E+06,1.12897313850192E-03
-3.97017254725473E+06,1.12582736907864E-03
-3.97016054605461E+06,1.12268597709725E-03
-3.97014854485449E+06,1.11954896567588E-03
-3.97013654365437E+06,1.11641633791492E-03
-3.97012454245425E+06,1.113288096897E-03
-3.97011254125413E+06,1.11016424568702E-03
-3.97010054005401E+06,1.10704478733199E-03
-3.97008853885389E+06,1.10392972486153E-03
-3.97007653765377E+06,1.10081906128716E-03
-3.97006453645365E+06,1.09771279960275E-03
-3.97005253525353E+06,1.09461094278444E-03
-3.97004053405341E+06,1.09151349379062E-03
-3.97002853285329E+06,1.08842045556192E-03
-3.97001653165317E+06,1.08533183102123E-03
-3.97000453045305E+06,1.08224762307369E-03
-3.96999252925293E+06,1.07916783460671E-03
-3.96998052805281E+06,1.0760924684898E-03
-3.96996852685269E+06,1.07302152757512E-03
-3.96995652565257E+06,1.06995501469671E-03
-3.96994452445245E+06,1.066892932671E-03
-3.96993252325233E+06,1.06383528429667E-03
-3.96992052205221E+06,1.06078207235466E-03
-3.96990852085209E+06,1.05773329960818E-03
-3.96989651965197E+06,1.0546889688027E-03
-3.96988451845185E+06,1.05164908266596E-03
-3.96987251725173E+06,1.04861364390785E-03
-3.96986051605161E+06,1.04558265522086E-03
-3.96984851485149E+06,1.04255611927943E-03
-3.96983651365137E+06,1.03953403874037E-03
-3.96982451245125E+06,1.03651641624278E-03
-3.96981251125113E+06,1.03350325440801E-03
-3.96980051005101E+06,1.03049455583972E-03
-3.96978850885089E+06,1.02749032312383E-03
-3.96977650765077E+06,1.02449055882855E-03
-3.96976450645065E+06,1.02149526550438E-03
-3.96975250525053E+06,1.01850444568397E-03
-3.96974050405041E+06,1.01551810188264E-03
-3.96972850285029E+06,1.01253623659763E-03
-3.96971650165017E+06,1.0095588523086E-03
-3.96970450045005E+06,1.00658595147751E-03
-3.96969249924993E+06,1.00361753654862E-03
-3.96968049804981E+06,1.00065360994849E-03
-3.96966849684969E+06,9.9769417408599E-04
-3.96965649564957E+06,9.94739231352292E-04
-3.96964449444945E+06,9.9178878412089E-04
-3.96963249324933E+06,9.88842834747471E-04
-3.96962049204921E+06,9.85901385570388E-04
-3.96960849084909E+06,9.82964438909973E-04
-3.96959648964897E+06,9.80031997068996E-04
-3.96958448844885E+06,9.77104062332556E-04
-3.96957248724873E+06,9.74180636968084E-04
-3.96956048604861E+06,9.71261723225346E-04
-3.96954848484849E+06,9.68347323336448E-04
-3.96953648364837E+06,9.65437439515839E-04
-3.96952448244825E+06,9.62532073960313E-04
-3.96951248124813E+06,9.59631228848904E-04
-3.96950048004801E+06,9.56734906343336E-04
-3.96948847884789E+06,9.53843108587357E-04
-3.96947647764777E+06,9.50955837707185E-04
-3.96946447644765E+06,9.48073095811409E-04
-3.96945247524753E+06,9.45194884990986E-04
-3.96944047404741E+06,9.4232120731925E-04
-3.96942847284729E+06,9.39452064851913E-04
-3.96941647164717E+06,9.36587459627071E-04
-3.96940447044705E+06,9.33727393665097E-04
-3.96939246924693E+06,9.30871868969089E-04
-3.96938046804681E+06,9.28020887524212E-04
-3.96936846684669E+06,9.25174451298142E-04
-3.96935646564657E+06,9.22332562240963E-04
-3.96934446444645E+06,9.19495222285169E-04
-3.96933246324633E+06,9.16662433345673E-04
-3.96932046204621E+06,9.13834197319808E-04
-3.96930846084609E+06,9.11010516087335E-04
-3.96929645964597E+06,9.08191391510444E-04
-3.96928445844585E+06,9.05376825433657E-04
-3.96927245724573E+06,9.02566819684262E-04
-3.96926045604561E+06,8.9976137607167E-04
-3.96924845484549E+06,8.96960496387852E-04
-3.96923645364537E+06,8.94164182407241E-04
-3.96922445244525E+06,8.91372435886729E-04
-3.96921245124513E+06,8.88585258565682E-04
-3.96920045004501E+06,8.85802652165941E-04
-3.96918844884489E+06,8.83024618391825E-04
-3.96917644764477E+06,8.80251158930143E-04
-3.96916444644465E+06,8.7748227545009E-04
-3.96915244524453E+06,8.74717969603681E-04
-3.96914044404441E+06,8.71958243025113E-04
-3.96912844284429E+06,8.69203097331203E-04
-3.96911644164417E+06,8.66452534121285E-04
-3.96910444044405E+06,8.63706554977217E-04
-3.96909243924393E+06,8.60965161463388E-04
-3.96908043804381E+06,8.58228355126718E-04
-3.96906843684369E+06,8.55496137496678E-04
-3.96905643564357E+06,8.52768510085281E-04
-3.96904443444345E+06,8.50045474386996E-04
-3.96903243324333E+06,8.47327031879169E-04
-3.96902043204321E+06,8.44613184021399E-04
-3.96900843084309E+06,8.41903932255967E-04
-3.96899642964297E+06,8.39199278007738E-04
-3.96898442844285E+06,8.36499222684166E-04
-3.96897242724273E+06,8.33803767675302E-04
-3.96896042604261E+06,8.31112914353804E-04
-3.96894842484249E+06,8.28426664074938E-04
-3.96893642364237E+06,8.25745018176489E-04
-3.96892442244225E+06,8.23067977979176E-04
-3.96891242124213E+06,8.20395544786042E-04
-3.96890042004201E+06,8.17727719882875E-04
-3.96888841884189E+06,8.15064504538111E-04
-3.96887641764177E+06,8.12405900002842E-04
-3.96886441644165E+06,8.09751907510824E-04
-3.96885241524153E+06,8.07102528278484E-04
-3.96884041404141E+06,8.0445776350493E-04
-3.96882841284129E+06,8.01817614371956E-04
-3.96881641164117E+06,7.9918208204395E-04
-3.96880441044105E+06,7.96551167668308E-04
-3.96879240924093E+06,7.93924872374833E-04
-3.96878040804081E+06,7.91303197276149E-04
-3.96876840684069E+06,7.88686143467607E-04
-3.96875640564057E+06,7.86073712027293E-04
-3.96874440444045E+06,7.8346590401604E-04
-3.96873240324033E+06,7.80862720477432E-04
-3.96872040204021E+06,7.78264162437816E-04
-3.96870840084009E+06,7.75670230906308E-04
-3.96869639963997E+06,7.730809268747E-04
-3.96868439843985E+06,7.70496251317876E-04
-3.96867239723973E+06,7.67916205193212E-04
-3.96866039603961E+06,7.65340789440993E-04
-3.96864839483949E+06,7.62770004984312E-04
-3.96863639363937E+06,7.60203852729089E-04
-3.96862439243925E+06,7.57642333564076E-04
-3.96861239123913E+06,7.55085448360863E-04
-3.96860039003901E+06,7.52533197973892E-04
-3.96858838883889E+06,7.49985583240466E-04
-3.96857638763877E+06,7.47442604980654E-04
-3.96856438643865E+06,7.44904263997702E-04
-3.96855238523853E+06,7.42370561077446E-04
-3.96854038403841E+06,7.3984149698872E-04
-3.96852838283829E+06,7.37317072483262E-04
-3.96851638163817E+06,7.34797288295727E-04
-3.96850438043805E+06,7.32282145143696E-04
-3.96849237923793E+06,7.29771643727687E-04
-3.96848037803781E+06,7.27265784731163E-04
-3.96846837683769E+06,7.24764568820445E-04
-3.96845637563757E+06,7.22267996645111E-04
-3.96844437443745E+06,7.19776068837423E-04
-3.96843237323733E+06,7.17288786012729E-04
-3.96842037203721E+06,7.14806148769367E-04
-3.96840837083709E+06,7.12328157688686E-04
-3.96839636963697E+06,7.0985481333505E-04
-3.96838436843685E+06,7.07386116255851E-04
-3.96837236723673E+06,7.04922066981516E-04
-3.96836036603661E+06,7.02462666025523E-04
-3.96834836483649E+06,7.00007913884311E-04
-3.96833636363637E+06,6.97557811037675E-04
-3.96832436243625E+06,6.95112357948205E-04
-3.96831236123613E+06,6.92671555061674E-04
-3.96830036003601E+06,6.90235402806959E-04
-3.96828835883589E+06,6.8780390159605E-04
-3.96827635763577E+06,6.85377051824058E-04
-3.96826435643565E+06,6.82954853869231E-04
-3.96825235523553E+06,6.80537308092961E-04
-3.96824035403541E+06,6.78124414839799E-04
-3.96822835283529E+06,6.75716174437368E-04
-3.96821635163517E+06,6.73312587196753E-04
-3.96820435043505E+06,6.70913653411947E-04
-3.96819234923493E+06,6.68519373360242E-04
-3.96818034803481E+06,6.6612974730214E-04
-3.96816834683469E+06,6.63744775481373E-04
-3.96815634563457E+06,6.61364458124905E-04
-3.96814434443445E+06,6.58988795442952E-04
-3.96813234323433E+06,6.56617787628989E-04
-3.96812034203421E+06,6.54251434859765E-04
-3.96810834083409E+06,6.51889737295221E-04
-3.96809633963397E+06,6.49532695078867E-04
-3.96808433843385E+06,6.47180308337249E-04
-3.96807233723373E+06,6.44832577180324E-04
-3.96806033603361E+06,6.42489501701381E-04
-3.96804833483349E+06,6.40151081977054E-04
-3.96803633363337E+06,6.37817318067335E-04
-3.96802433243325E+06,6.35488210015584E-04
-3.96801233123313E+06,6.33163757848544E-04
-3.96800033003301E+06,6.30843961576262E-04
-3.96798832883289E+06,6.2852882119246E-04
-3.96797632763277E+06,6.26218336674012E-04
-3.96796432643265E+06,6.23912507981313E-04
-3.96795232523253E+06,6.21611335058203E-04
-3.96794032403241E+06,6.19314817831979E-04
-3.96792832283229E+06,6.1702295621341E-04
-3.96791632163217E+06,6.14735750096747E-04
-3.96790432043205E+06,6.12453199359737E-04
-3.96789231923193E+06,6.10175303863639E-04
-3.96788031803181E+06,6.07902063453145E-04
-3.96786831683169E+06,6.05633477956746E-04
-3.96785631563157E+06,6.03369547186219E-04
-3.96784431443145E+06,6.01110270936991E-04
-3.96783231323133E+06,5.98855648988066E-04
-3.96782031203121E+06,5.96605681102035E-04
-3.96780831083109E+06,5.94360367025093E-04
-3.96779630963097E+06,5.92119706487052E-04
-3.96778430843085E+06,5.8988369920135E-04
-3.96777230723073E+06,5.87652344865074E-04
-3.96776030603061E+06,5.85425643158879E-04
-3.96774830483049E+06,5.83203593747349E-04
-3.96773630363037E+06,5.80986196278494E-04
-3.96772430243025E+06,5.78773450384112E-04
-3.96771230123013E+06,5.76565355679712E-04
-3.96770030003001E+06,5.74361911764529E-04
-3.96768829882989E+06,5.7216311822154E-04
-3.96767629762977E+06,5.69968974617478E-04
-3.96766429642965E+06,5.67779480502844E-04
-3.96765229522953E+06,5.65594635411923E-04
-3.96764029402941E+06,5.63414438862715E-04
-3.96762829282929E+06,5.61238890357283E-04
-3.96761629162917E+06,5.59067989381267E-04
-3.96760429042905E+06,5.5690173540423E-04
-3.96759228922893E+06,5.54740127879592E-04
-3.96758028802881E+06,5.52583166244645E-04
-3.96756828682869E+06,5.50430849920566E-04
-3.96755628562857E+06,5.48283178312432E-04
-3.96754428442845E+06,5.46140150809234E-04
-3.96753228322833E+06,5.44001766783813E-04
-3.96752028202821E+06,5.418680255932E-04
-3.96750828082809E+06,5.3973892657814E-04
-3.96749627962797E+06,5.37614469063436E-04
-3.96748427842785E+06,5.3549465235788E-04
-3.96747227722773E+06,5.3337947575427E-04
-3.96746027602761E+06,5.31268938529425E-04
-3.96744827482749E+06,5.291630399442E-04
-3.96743627362737E+06,5.27061779243502E-04
-3.96742427242725E+06,5.24965155656303E-04
-3.96741227122713E+06,5.22873168395578E-04
-3.96740027002701E+06,5.20785816658643E-04
-3.96738826882689E+06,5.18703099626685E-04
-3.96737626762677E+06,5.16625016465098E-04
-3.96736426642665E+06,5.14551566323427E-04
-3.96735226522653E+06,5.12482748335371E-04
-3.96734026402641E+06,5.10418561618812E-04
-3.96732826282629E+06,5.08359005275819E-04
-3.96731626162617E+06,5.06304078392674E-04
-3.96730426042605E+06,5.04253780039881E-04
-3.96729225922593E+06,5.02208109272107E-04
-3.96728025802581E+06,5.00167065128511E-04
-3.96726825682569E+06,4.98130646632292E-04
-3.96725625562557E+06,4.96098852791012E-04
-3.96724425442545E+06,4.94071682596543E-04
-3.96723225322533E+06,4.92049135025077E-04
-3.96722025202521E+06,4.90031209037144E-04
-3.96720825082509E+06,4.88017903577632E-04
-3.96719624962497E+06,4.86009217575797E-04
-3.96718424842485E+06,4.84005149945283E-04
-3.96717224722473E+06,4.82005699584066E-04
-3.96716024602461E+06,4.8001086537477E-04
-3.96714824482449E+06,4.7802064618423E-04
-3.96713624362437E+06,4.7603504086381E-04
-3.96712424242425E+06,4.74054048249348E-04
-3.96711224122413E+06,4.72077667161169E-04
-3.96710024002401E+06,4.70105896404108E-04
-3.96708823882389E+06,4.68138734767519E-04
-3.96707623762377E+06,4.66176181025298E-04
-3.96706423642365E+06,4.64218233935822E-04
-3.96705223522353E+06,4.62264892242271E-04
-3.96704023402341E+06,4.60316154672189E-04
-3.96702823282329E+06,4.58372019937805E-04
-3.96701623162317E+06,4.56432486735975E-04
-3.96700423042305E+06,4.54497553748198E-04
-3.96699222922293E+06,4.52567219640638E-04
-3.96698022802281E+06,4.50641483064133E-04
-3.96696822682269E+06,4.48720342654222E-04
-3.96695622562257E+06,4.46803797031157E-04
-3.96694422442245E+06,4.44891844799923E-04
-3.96693222322233E+06,4.4298448455018E-04
-3.9669202220222E+06,4.41081714856581E-04
-3.96690822082209E+06,4.39183534278337E-04
-3.96689621962197E+06,4.37289941359543E-04
-3.96688421842185E+06,4.35400934629113E-04
-3.96687221722173E+06,4.335165126008E-04
-3.96686021602161E+06,4.31636673773215E-04
-3.96684821482149E+06,4.29761416629849E-04
-3.96683621362137E+06,4.27890739639083E-04
-3.96682421242124E+06,4.2602464125414E-04
-3.96681221122112E+06,4.24163119913392E-04
-3.966800210021E+06,4.22306174039942E-04
-3.96678820882089E+06,4.20453802041933E-04
-3.96677620762077E+06,4.18606002312498E-04
-3.96676420642065E+06,4.1676277322977E-04
-3.96675220522053E+06,4.14924113156907E-04
-3.9667402040204E+06,4.13090020442111E-04
-3.96672820282029E+06,4.11260493418645E-04
-3.96671620162017E+06,4.09435530404849E-04
-3.96670420042004E+06,4.07615129704093E-04
-3.96669219921992E+06,4.05799289605076E-04
-3.9666801980198E+06,4.03988008381421E-04
-3.96666819681968E+06,4.02181284291978E-04
-3.96665619561956E+06,4.0037911558077E-04
-3.96664419441945E+06,3.98581500477014E-04
-3.96663219321933E+06,3.9678843719514E-04
-3.9666201920192E+06,3.94999923934809E-04
-3.96660819081909E+06,3.93215958880933E-04
-3.96659618961897E+06,3.91436540203695E-04
-3.96658418841884E+06,3.896616660585E-04
-3.96657218721872E+06,3.87891334586265E-04
-3.9665601860186E+06,3.86125543913032E-04
-3.96654818481848E+06,3.84364292150259E-04
-3.96653618361836E+06,3.82607577394771E-04
-3.96652418241824E+06,3.80855397728781E-04
-3.96651218121812E+06,3.79107751219908E-04
-3.966500180018E+06,3.77364635921199E-04
-3.96648817881788E+06,3.75626049871146E-04
-3.96647617761777E+06,3.73891991093706E-04
-3.96646417641764E+06,3.72162457598257E-04
-3.96645217521752E+06,3.70437447379885E-04
-3.9664401740174E+06,3.68716958418997E-04
-3.96642817281728E+06,3.67000988681615E-04
-3.96641617161716E+06,3.65289536119327E-04
-3.96640417041704E+06,3.63582598669307E-04
-3.96639216921692E+06,3.61880174254334E-04
-3.9663801680168E+06,3.60182260782816E-04
-3.96636816681668E+06,3.58488856148805E-04
-3.96635616561656E+06,3.56799958231955E-04
-3.96634416441644E+06,3.55115564897804E-04
-3.96633216321632E+06,3.53435673997404E-04
-3.9663201620162E+06,3.51760283367595E-04
-3.96630816081608E+06,3.5008939083097E-04
-3.96629615961596E+06,3.4842299419589E-04
-3.96628415841584E+06,3.46761091256506E-04
-3.96627215721572E+06,3.45103679792779E-04
-3.9662601560156E+06,3.43450757570503E-04
-3.96624815481548E+06,3.41802322341321E-04
-3.96623615361536E+06,3.40158371842688E-04
-3.96622415241524E+06,3.38518903798143E-04
-3.96621215121512E+06,3.36883915916946E-04
-3.966200150015E+06,3.3525340589436E-04
-3.96618814881488E+06,3.33627371411601E-04
-3.96617614761476E+06,3.32005810135864E-04
-3.96616414641464E+06,3.30388719720344E-04
-3.96615214521452E+06,3.28776097804254E-04
-3.9661401440144E+06,3.27167942012847E-04
-3.96612814281428E+06,3.25564249957441E-04
-3.96611614161416E+06,3.23965019235374E-04
-3.96610414041404E+06,3.22370247430274E-04
-3.96609213921392E+06,3.20779932111709E-04
-3.9660801380138E+06,3.19194070835459E-04
-3.96606813681368E+06,3.17612661143471E-04
-3.96605613561356E+06,3.16035700563882E-04
-3.96604413441344E+06,3.14463186611043E-04
-3.96603213321332E+06,3.12895116785538E-04
-3.9660201320132E+06,3.11331488574205E-04
-3.96600813081308E+06,3.09772299450161E-04
-3.96599612961296E+06,3.08217546872761E-04
-3.96598412841284E+06,3.06667228287861E-04
-3.96597212721272E+06,3.05121341127479E-04
-3.9659601260126E+06,3.03579882810057E-04
-3.96594812481248E+06,3.02042850740424E-04
-3.96593612361236E+06,3.00510242309817E-04
-3.96592412241224E+06,2.98982054895903E-04
-3.96591212121212E+06,2.97458285862801E-04
-3.965900120012E+06,2.95938932561106E-04
-3.96588811881188E+06,2.9442399232785E-04
-3.96587611761176E+06,2.92913462486758E-04
-3.96586411641164E+06,2.91407340347923E-04
-3.96585211521152E+06,2.89905623208059E-04
-3.9658401140114E+06,2.88408308350464E-04
-3.96582811281128E+06,2.86915393045047E-04
-3.96581611161116E+06,2.85426874548345E-04
-3.96580411041104E+06,2.83942750103548E-04
-3.96579210921092E+06,2.82463016940523E-04
-3.9657801080108E+06,2.80987672275834E-04
-3.96576810681068E+06,2.7951671331271E-04
-3.96575610561056E+06,2.78050137241291E-04
-3.96574410441044E+06,2.76587941238316E-04
-3.96573210321032E+06,2.75130122467365E-04
-3.9657201020102E+06,2.73676678078834E-04
-3.96570810081008E+06,2.72227605209951E-04
-3.96569609960996E+06,2.707829009848E-04
-3.96568409840984E+06,2.69342562514348E-04
-3.96567209720972E+06,2.67906586896461E-04
-3.9656600960096E+06,2.66474971215935E-04
-3.96564809480948E+06,2.65047712544458E-04
-3.96563609360936E+06,2.63624807940855E-04
-3.96562409240924E+06,2.6220625445078E-04
-3.96561209120912E+06,2.60792049106962E-04
-3.965600090009E+06,2.59382188929171E-04
-3.96558808880888E+06,2.57976670924243E-04
-3.96557608760876E+06,2.56575492086098E-04
-3.96556408640864E+06,2.55178649395772E-04
-3.96555208520852E+06,2.53786139821433E-04
-3.9655400840084E+06,2.52397960318408E-04
-3.96552808280828E+06,2.51014107829151E-04
-3.96551608160816E+06,2.49634579283482E-04
-3.96550408040804E+06,2.48259371598291E-04
-3.96549207920792E+06,2.4688848167777E-04
-3.9654800780078E+06,2.45521906413389E-04
-3.96546807680768E+06,2.44159642683917E-04
-3.96545607560756E+06,2.42801687355446E-04
-3.96544407440744E+06,2.41448037281415E-04
-3.96543207320732E+06,2.40098689302634E-04
-3.9654200720072E+06,2.38753640247253E-04
-3.96540807080708E+06,2.37412886930998E-04
-3.96539606960696E+06,2.36076426156881E-04
-3.96538406840684E+06,2.34744254715433E-04
-3.96537206720672E+06,2.33416369384672E-04
-3.9653600660066E+06,2.32092766930134E-04
-3.96534806480648E+06,2.30773444104889E-04
-3.96533606360636E+06,2.29458397649572E-04
-3.96532406240624E+06,2.28147624292403E-04
-3.96531206120612E+06,2.26841120749212E-04
-3.965300060006E+06,2.25538883723414E-04
-3.96528805880588E+06,2.24240909906235E-04
-3.96527605760576E+06,2.22947195976431E-04
-3.96526405640564E+06,2.21657738600516E-04
-3.96525205520552E+06,2.20372534432737E-04
-3.9652400540054E+06,2.19091580115096E-04
-3.96522805280528E+06,2.17814872277377E-04
-3.96521605160516E+06,2.16542407537168E-04
-3.96520405040504E+06,2.15274182499886E-04
-3.96519204920492E+06,2.14010193758803E-04
-3.9651800480048E+06,2.12750437895021E-04
-3.96516804680468E+06,2.11494911477692E-04
-3.96515604560456E+06,2.10243611063749E-04
-3.96514404440444E+06,2.08996533198126E-04
-3.96513204320432E+06,2.07753674413735E-04
-3.9651200420042E+06,2.0651503123149E-04
-3.96510804080408E+06,2.05280600160331E-04
-3.96509603960396E+06,2.04050377697253E-04
-3.96508403840384E+06,2.02824360327323E-04
-3.96507203720372E+06,2.01602544523714E-04
-3.9650600360036E+06,2.00384926747674E-04
-3.96504803480348E+06,1.99171503448748E-04
-3.96503603360336E+06,1.97962271064514E-04
-3.96502403240324E+06,1.96757226020798E-04
-3.96501203120312E+06,1.95556364731654E-04
-3.965000030003E+06,1.94359683599388E-04
-3.96498802880288E+06,1.93167179014582E-04
-3.96497602760276E+06,1.9197884735612E-04
-3.96496402640264E+06,1.90794684991213E-04
-3.96495202520252E+06,1.8961468827538E-04
-3.9649400240024E+06,1.88438853552655E-04
-3.96492802280228E+06,1.87267177155338E-04
-3.96491602160216E+06,1.86099655404202E-04
-3.96490402040204E+06,1.84936284608475E-04
-3.96489201920192E+06,1.83777061065865E-04
-3.9648800180018E+06,1.82621981062583E-04
-3.96486801680168E+06,1.81471040873373E-04
-3.96485601560156E+06,1.80324236761532E-04
-3.96484401440144E+06,1.79181564978941E-04
-3.96483201320132E+06,1.78043021766042E-04
-3.9648200120012E+06,1.76908603352044E-04
-3.96480801080108E+06,1.7577830595468E-04
-3.96479600960096E+06,1.74652125780413E-04
-3.96478400840084E+06,1.73530059024415E-04
-3.96477200720072E+06,1.72412101870593E-04
-3.9647600060006E+06,1.71298250491616E-04
-3.96474800480048E+06,1.7018850104894E-04
-3.96473600360036E+06,1.69082849692834E-04
-3.96472400240024E+06,1.67981292562407E-04
-3.96471200120012E+06,1.66883825785588E-04
-3.9647E+06,1.65790445479328E-04
-3.96468799879988E+06,1.64701147749364E-04
-3.96467599759976E+06,1.6361592869042E-04
-3.96466399639964E+06,1.62534784386188E-04
-3.96465199519952E+06,1.61457710909355E-04
-3.9646399939994E+06,1.60384704321631E-04
-3.96462799279928E+06,1.5931576067377E-04
-3.96461599159916E+06,1.58250876005602E-04
-3.96460399039904E+06,1.57190046346056E-04
-3.96459198919892E+06,1.56133267713145E-04
-3.9645799879988E+06,1.55080536114159E-04
-3.96456798679868E+06,1.54031847545442E-04
-3.96455598559856E+06,1.52987197992583E-04
-3.96454398439844E+06,1.51946583430404E-04
-3.96453198319832E+06,1.50909999822984E-04
-3.9645199819982E+06,1.49877443123684E-04
-3.96450798079808E+06,1.48848909275179E-04
-3.96449597959796E+06,1.47824394209477E-04
-3.96448397839784E+06,1.46803893847913E-04
-3.96447197719772E+06,1.45787404101328E-04
-3.9644599759976E+06,1.44774920869864E-04
-3.96444797479748E+06,1.43766440043141E-04
-3.96443597359736E+06,1.42761957500253E-04
-3.96442397239724E+06,1.41761469109788E-04
-3.96441197119712E+06,1.40764970729857E-04
-3.964399969997E+06,1.39772458208122E-04
-3.96438796879688E+06,1.38783927381821E-04
-3.96437596759676E+06,1.37799374077794E-04
-3.96436396639664E+06,1.36818794112475E-04
-3.96435196519652E+06,1.35842183292067E-04
-3.9643399639964E+06,1.34869537412345E-04
-3.96432796279628E+06,1.33900852258829E-04
-3.96431596159616E+06,1.32936123606779E-04
-3.96430396039604E+06,1.31975347221219E-04
-3.96429195919592E+06,1.31018518856964E-04
-3.9642799579958E+06,1.30065634258648E-04
-3.96426795679568E+06,1.29116689160749E-04
-3.96425595559556E+06,1.28171679287619E-04
-3.96424395439544E+06,1.27230600353471E-04
-3.96423195319532E+06,1.26293448062557E-04
-3.9642199519952E+06,1.25360218108969E-04
-3.96420795079508E+06,1.24430906176819E-04
-3.96419594959496E+06,1.23505507940228E-04
-3.96418394839484E+06,1.22584019063348E-04
-3.96417194719472E+06,1.21666435200398E-04
-3.9641599459946E+06,1.20752751995684E-04
-3.96414794479448E+06,1.19842965083628E-04
-3.96413594359436E+06,1.18937070088799E-04
-3.96412394239424E+06,1.18035062625901E-04
-3.96411194119412E+06,1.17136938299941E-04
-3.964099939994E+06,1.16242692706048E-04
-3.96408793879388E+06,1.1535232142964E-04
-3.96407593759376E+06,1.14465820046415E-04
-3.96406393639364E+06,1.13583184122381E-04
-3.96405193519352E+06,1.1270440921388E-04
-3.9640399339934E+06,1.11829490867619E-04
-3.96402793279328E+06,1.10958424620694E-04
-3.96401593159316E+06,1.10091206000589E-04
-3.96400393039304E+06,1.09227830525332E-04
-3.96399192919292E+06,1.08368293703324E-04
-3.9639799279928E+06,1.07512591033503E-04
-3.96396792679268E+06,1.06660718005333E-04
-3.96395592559256E+06,1.05812670098836E-04
-3.96394392439244E+06,1.04968442784619E-04
-3.96393192319232E+06,1.041280315239E-04
-3.9639199219922E+06,1.03291431768536E-04
-3.96390792079208E+06,1.02458638961051E-04
-3.96389591959196E+06,1.01629648534635E-04
-3.96388391839184E+06,1.00804455913294E-04
-3.96387191719172E+06,9.99830565116903E-05
-3.9638599159916E+06,9.91654457352952E-05
-3.96384791479148E+06,9.83516189803878E-05
-3.96383591359136E+06,9.75415716340811E-05
-3.96382391239124E+06,9.67352990743502E-05
-3.96381191119112E+06,9.59327966700606E-05
-3.963799909991E+06,9.51340597809954E-05
-3.96378790879088E+06,9.43390837578842E-05
-3.96377590759076E+06,9.35478639423999E-05
-3.96376390639064E+06,9.27603956673089E-05
-3.96375190519052E+06,9.19766742563161E-05
-3.9637399039904E+06,9.1196695024215E-05
-3.96372790279028E+06,9.04204532768854E-05
-3.96371590159016E+06,8.96479443113211E-05
-3.96370390039004E+06,8.88791634156586E-05
-3.96369189918992E+06,8.81141058692045E-05
-3.9636798979898E+06,8.73527669424642E-05
-3.96366789678968E+06,8.659514189717E-05
-3.96365589558956E+06,8.584122598628E-05
-3.96364389438944E+06,8.50910144541226E-05
-3.96363189318932E+06,8.43445025362505E-05
-3.9636198919892E+06,8.36016854595851E-05
-3.96360789078908E+06,8.28625584424157E-05
-3.96359588958896E+06,8.21271166944277E-05
-3.96358388838884E+06,8.13953554167312E-05
-3.96357188718872E+06,8.0667269801889E-05
-3.9635598859886E+06,7.99428550339451E-05
-3.96354788478848E+06,7.9222106288425E-05
-3.96353588358836E+06,7.85050187324759E-05
-3.96352388238824E+06,7.77915875247273E-05
-3.96351188118812E+06,7.70818078154315E-05
-3.963499879988E+06,7.6375674746464E-05
-3.96348787878788E+06,7.56731834513516E-05
-3.96347587758776E+06,7.49743290553013E-05
-3.96346387638764E+06,7.42791066752283E-05
-3.96345187518752E+06,7.35875114197852E-05
-3.9634398739874E+06,7.28995383893901E-05
-3.96342787278728E+06,7.22151826762277E-05
-3.96341587158716E+06,7.15344393643859E-05
-3.96340387038704E+06,7.08573035297238E-05
-3.96339186918692E+06,7.01837702400065E-05
-3.9633798679868E+06,6.95138345549077E-05
-3.96336786678668E+06,6.88474915260377E-05
-3.96335586558656E+06,6.81847361969727E-05
-3.96334386438644E+06,6.75255636032829E-05
-3.96333186318632E+06,6.68699687725612E-05
-3.9633198619862E+06,6.62179467244524E-05
-3.96330786078608E+06,6.55694924706558E-05
-3.96329585958596E+06,6.49246010150554E-05
-3.96328385838584E+06,6.42832673535975E-05
-3.96327185718572E+06,6.36454864744195E-05
-3.9632598559856E+06,6.30112533578541E-05
-3.96324785478548E+06,6.2380562976458E-05
-3.96323585358536E+06,6.17534102950402E-05
-3.96322385238524E+06,6.11297902706916E-05
-3.96321185118512E+06,6.05096978528131E-05
-3.963199849985E+06,5.98931279831444E-05
-3.96318784878488E+06,5.92800755957695E-05
-3.96317584758476E+06,5.86705356172409E-05
-3.96316384638464E+06,5.80645029664647E-05
-3.96315184518452E+06,5.74619725548256E-05
-3.9631398439844E+06,5.68629392861916E-05
-3.96312784278428E+06,5.62673980569429E-05
-3.96311584158416E+06,5.56753437560009E-05
-3.96310384038404E+06,5.50867712648575E-05
-3.96309183918392E+06,5.45016754576028E-05
-3.9630798379838E+06,5.3920051200933E-05
-3.96306783678368E+06,5.33418933542688E-05
-3.96305583558356E+06,5.27671967696491E-05
-3.96304383438344E+06,5.21959562918501E-05
-3.96303183318332E+06,5.16281667583923E-05
-3.9630198319832E+06,5.10638229995689E-05
-3.96300783078308E+06,5.0502919838475E-05
-3.96299582958296E+06,4.9945452091037E-05
-3.96298382838284E+06,4.93914145660409E-05
-3.96297182718272E+06,4.88408020651621E-05
-3.9629598259826E+06,4.82936093829941E-05
-3.96294782478248E+06,4.77498313070567E-05
-3.96293582358236E+06,4.72094626179092E-05
-3.96292382238224E+06,4.6672498089053E-05
-3.96291182118212E+06,4.6138932487045E-05
-3.962899819982E+06,4.56087605715063E-05
-3.96288781878188E+06,4.50819770951505E-05
-3.96287581758176E+06,4.45585768038129E-05
-3.96286381638164E+06,4.40385544364802E-05
-3.96285181518152E+06,4.35219047253195E-05
-3.9628398139814E+06,4.30086223956873E-05
-3.96282781278128E+06,4.24987021662384E-05
-3.96281581158116E+06,4.19921387488357E-05
-3.96280381038104E+06,4.14889268486592E-05
-3.96279180918092E+06,4.09890611642148E-05
-3.9627798079808E+06,4.04925363873643E-05
-3.96276780678068E+06,3.99993472033536E-05
-3.96275580558056E+06,3.95094882908431E-05
-3.96274380438044E+06,3.90229543219361E-05
-3.96273180318032E+06,3.85397399622082E-05
-3.9627198019802E+06,3.80598398707184E-05
-3.96270780078008E+06,3.75832487001123E-05
-3.96269579957996E+06,3.71099610965397E-05
-3.96268379837984E+06,3.66399716997588E-05
-3.96267179717972E+06,3.61732751431466E-05
-3.9626597959796E+06,3.57098660537279E-05
-3.96264779477948E+06,3.52497390522052E-05
-3.96263579357936E+06,3.47928887529877E-05
-3.96262379237924E+06,3.43393097642206E-05
-3.96261179117912E+06,3.38889966878145E-05
-3.962599789979E+06,3.34419441194574E-05
-3.96258778877888E+06,3.29981466487135E-05
-3.96257578757876E+06,3.25575988589481E-05
-3.96256378637864E+06,3.21202953274269E-05
-3.96255178517852E+06,3.16862306253273E-05
-3.9625397839784E+06,3.12553993177688E-05
-3.96252778277828E+06,3.08277959638413E-05
-3.96251578157816E+06,3.04034151166351E-05
-3.96250378037804E+06,2.99822513232704E-05
-3.96249177917792E+06,2.9564299124926E-05
-3.9624797779778E+06,2.91495530568533E-05
-3.96246777677768E+06,2.87380076484699E-05
-3.96245577557756E+06,2.8329657423292E-05
-3.96244377437744E+06,2.7924496899029E-05
-3.96243177317732E+06,2.75225205875957E-05
-3.9624197719772E+06,2.71237229951431E-05
-3.96240777077708E+06,2.67280986220868E-05
-3.96239576957696E+06,2.63356419631366E-05
-3.96238376837684E+06,2.59463475073265E-05
-3.96237176717672E+06,2.55602097380284E-05
-3.9623597659766E+06,2.51772231330419E-05
-3.96234776477648E+06,2.47973821645337E-05
-3.96233576357636E+06,2.44206812991272E-05
-3.96232376237624E+06,2.40471149979166E-05
-3.96231176117612E+06,2.36766777164966E-05
-3.962299759976E+06,2.33093639049921E-05
-3.96228775877588E+06,2.2945168008087E-05
-3.96227575757576E+06,2.25840844650545E-05
-3.96226375637564E+06,2.22261077097857E-05
-3.96225175517552E+06,2.18712321708061E-05
-3.9622397539754E+06,2.15194522713595E-05
-3.96222775277528E+06,2.11707624293554E-05
-3.96221575157516E+06,2.08251570574529E-05
-3.96220375037504E+06,2.04826305630772E-05
-3.96219174917492E+06,2.01431773484485E-05
-3.9621797479748E+06,1.98067918106118E-05
-3.96216774677468E+06,1.94734683414662E-05
-3.96215574557456E+06,1.91432013277945E-05
-3.96214374437444E+06,1.88159851512927E-05
-3.96213174317432E+06,1.84918141885866E-05
-3.9621197419742E+06,1.81706828113123E-05
-3.96210774077408E+06,1.78525853860692E-05
-3.96209573957396E+06,1.75375162745009E-05
-3.96208373837384E+06,1.72254698333114E-05
-3.96207173717372E+06,1.69164404142948E-05
-3.9620597359736E+06,1.6610422364365E-05
-3.96204773477348E+06,1.63074100255846E-05
-3.96203573357336E+06,1.60073977351951E-05
-3.96202373237324E+06,1.57103798256461E-05
-3.96201173117312E+06,1.54163506246134E-05
-3.961999729973E+06,1.51253044550739E-05
-3.96198772877288E+06,1.48372356352668E-05
-3.96197572757276E+06,1.45521384787691E-05
-3.96196372637264E+06,1.4270007294513E-05
-3.96195172517252E+06,1.39908363868162E-05
-3.9619397239724E+06,1.37146200554105E-05
-3.96192772277228E+06,1.34413525954719E-05
-3.96191572157216E+06,1.31710282976502E-05
-3.96190372037204E+06,1.29036414480875E-05
-3.96189171917192E+06,1.26391863284896E-05
-3.9618797179718E+06,1.23776572160931E-05
-3.96186771677168E+06,1.21190483837367E-05
-3.96185571557156E+06,1.18633540998797E-05
-3.96184371437144E+06,1.16105686286322E-05
-3.96183171317132E+06,1.13606862297839E-05
-3.9618197119712E+06,1.11137011588341E-05
-3.96180771077108E+06,1.08696076670207E-05
-3.96179570957096E+06,1.06284000013503E-05
-3.96178370837084E+06,1.03900724046177E-05
-3.96177170717072E+06,1.01546191154729E-05
-3.9617597059706E+06,9.92203436839469E-06
-3.96174770477048E+06,9.69231239375735E-06
-3.96173570357036E+06,9.46544741785083E-06
-3.96172370237024E+06,9.24143366291011E-06
-3.96171170117012E+06,9.02026534714471E-06
-3.96169969997E+06,8.80193668476809E-06
-3.96168769876988E+06,8.58644188602711E-06
-3.96167569756976E+06,8.37377515723149E-06
-3.96166369636964E+06,8.16393070077515E-06
-3.96165169516952E+06,7.95690271519792E-06
-3.9616396939694E+06,7.75268539516643E-06
-3.96162769276928E+06,7.55127293153598E-06
-3.96161569156916E+06,7.35265951137179E-06
-3.96160369036904E+06,7.15683931797847E-06
-3.96159168916892E+06,6.96380653092933E-06
-3.9615796879688E+06,6.77355532609588E-06
-3.96156768676868E+06,6.58607987567712E-06
-3.96155568556856E+06,6.401374348229E-06
-3.96154368436844E+06,6.21943290868683E-06
-3.96153168316832E+06,6.04024971842256E-06
-3.9615196819682E+06,5.86381893523212E-06
-3.96150768076808E+06,5.69013471339289E-06
-3.96149567956796E+06,5.51919120368607E-06
-3.96148367836784E+06,5.35098255342593E-06
-3.96147167716772E+06,5.18550290648924E-06
-3.9614596759676E+06,5.02274640334457E-06
-3.96144767476748E+06,4.8627071810816E-06
-3.96143567356736E+06,4.70537937343449E-06
-3.96142367236724E+06,4.5507571108353E-06
-3.96141167116712E+06,4.39883452040694E-06
-3.961399669967E+06,4.24960572601682E-06
-3.96138766876688E+06,4.10306484830004E-06
-3.96137566756676E+06,3.95920600468866E-06
-3.96136366636664E+06,3.81802330944103E-06
-3.96135166516652E+06,3.67951087367099E-06
-3.9613396639664E+06,3.5436628053772E-06
-3.96132766276628E+06,3.41047320947239E-06
-3.96131566156616E+06,3.27993618780745E-06
-3.96130366036604E+06,3.1520458392211E-06
-3.96129165916592E+06,3.02679625953853E-06
-3.9612796579658E+06,2.90418154162104E-06
-3.96126765676568E+06,2.78419577539013E-06
-3.96125565556556E+06,2.66683304785673E-06
-3.96124365436544E+06,2.55208744315037E-06
-3.96123165316532E+06,2.43995304254837E-06
-3.9612196519652E+06,2.33042392450509E-06
-3.96120765076508E+06,2.22349416468091E-06
-3.96119564956496E+06,2.11915783596763E-06
-3.96118364836484E+06,2.01740900853356E-06
-3.96117164716472E+06,1.91824174982842E-06
-3.9611596459646E+06,1.82165012462874E-06
-3.96114764476448E+06,1.72762819506292E-06
-3.96113564356436E+06,1.63617002064028E-06
-3.96112364236424E+06,1.54726965828023E-06
-3.96111164116412E+06,1.46092116234134E-06
-3.961099639964E+06,1.3771185846503E-06
-3.96108763876388E+06,1.29585597453121E-06
-3.96107563756376E+06,1.21712737883145E-06
-3.96106363636364E+06,1.14092684196293E-06
-3.96105163516352E+06,1.06724840591277E-06
-3.9610396339634E+06,9.96086110284648E-07
-3.96102763276328E+06,9.27433992324693E-07
-3.96101563156316E+06,8.6128608695051E-07
-3.96100363036304E+06,7.97636426780173E-07
-3.96099162916292E+06,7.36479042161126E-07
-3.9609796279628E+06,6.77807961199271E-07
-3.96096762676268E+06,6.21617209785699E-07
-3.96095562556256E+06,5.67900811634298E-07
-3.96094362436244E+06,5.16652788297571E-07
-3.96093162316232E+06,4.67867159204388E-07
-3.9609196219622E+06,4.21537941686658E-07
-3.96090762076208E+06,3.77659151008217E-07
-3.96089561956196E+06,3.36224800393722E-07
-3.96088361836184E+06,2.97228901057459E-07
-3.96087161716172E+06,2.60665462232283E-07
-3.9608596159616E+06,2.26528491198393E-07
-3.96084761476148E+06,1.9481199331099E-07
-3.96083561356136E+06,1.65509972033929E-07
-3.96082361236124E+06,1.38616428961113E-07
-3.96081161116112E+06,1.14125363850309E-07
-3.960799609961E+06,9.20307746506362E-08
-3.96078760876088E+06,7.23266575313273E-08
-3.96077560756076E+06,5.50070069104481E-08
-3.96076360636064E+06,4.00658154836631E-08
-3.96075160516052E+06,2.74970742529226E-08
-3.9607396039604E+06,1.72947725551685E-08
-3.96072760276028E+06,9.45289809076027E-09
-3.96071560156016E+06,3.96543695327103E-09
-3.96070360036004E+06,8.26373656314629E-10
-3.96069159915992E+06,2.96911634953034E-11
-3.9606795979598E+06,1.56937091668221E-09
-3.96066759675968E+06,5.43939286461559E-09
-3.96065559555956E+06,1.16337354915075E-08
-3.96064359435944E+06,2.01463758456085E-08
-3.96063159315932E+06,3.09712895677903E-08
-3.9606195919592E+06,4.41024509200547E-08
-3.96060759075908E+06,5.95338328147643E-08
-3.96059558955896E+06,7.72594068405989E-08
-3.96058358835884E+06,9.72731432947342E-08
-3.96057158715872E+06,1.1956901120892E-07
-3.9605595859586E+06,1.441409783786E-07
-3.96054758475848E+06,1.70983011391279E-07
-3.96053558355836E+06,2.00089075655E-07
-3.96052358235824E+06,2.31453135426732E-07
-3.96051158115812E+06,2.65069153840829E-07
-3.960499579958E+06,3.00931092938723E-07
-3.96048757875788E+06,3.39032913691799E-07
-3.96047557755776E+06,3.79368576037914E-07
-3.96046357635764E+06,4.21932038904435E-07
-3.96045157515752E+06,4.66717260237694E-07
-3.9604395739574E+06,5.13718197031487E-07
-3.96042757275728E+06,5.62928805355175E-07
-3.96041557155716E+06,6.143430403821E-07
-3.96040357035704E+06,6.67954856417626E-07
-3.96039156915692E+06,7.23758206927614E-07
-3.9603795679568E+06,7.81747044568641E-07
-3.96036756675668E+06,8.41915321207377E-07
-3.96035556555656E+06,9.04256987961972E-07
-3.96034356435644E+06,9.68765995221562E-07
-3.96033156315632E+06,1.0354362926764E-06
-3.9603195619562E+06,1.10426182934604E-06
-3.96030756075608E+06,1.17523655360742E-06
-3.96029555955596E+06,1.24835441322304E-06
-3.96028355835584E+06,1.32360935536872E-06
-3.96027155715572E+06,1.40099532666203E-06
-3.9602595559556E+06,1.48050627319304E-06
-3.96024755475548E+06,1.56213614054025E-06
-3.96023555355536E+06,1.64587887381671E-06
-3.96022355235524E+06,1.73172841768607E-06
-3.96021155115512E+06,1.81967871639328E-06
-3.960199549955E+06,1.90972371379273E-06
-3.96018754875488E+06,2.00185735337584E-06
-3.96017554755476E+06,2.09607357829933E-06
-3.96016354635464E+06,2.19236633141262E-06
-3.96015154515452E+06,2.29072955528618E-06
-3.9601395439544E+06,2.3911571922427E-06
-3.96012754275428E+06,2.49364318436974E-06
-3.96011554155416E+06,2.59818147357053E-06
-3.96010354035404E+06,2.70476600157635E-06
-3.96009153915392E+06,2.81339070997805E-06
-3.9600795379538E+06,2.92404954025393E-06
-3.96006753675368E+06,3.03673643379703E-06
-3.96005553555356E+06,3.15144533194335E-06
-3.96004353435344E+06,3.26817017599886E-06
-3.96003153315332E+06,3.38690490727241E-06
-3.9600195319532E+06,3.50764346708417E-06
-3.96000753075308E+06,3.63037979682144E-06
-3.95999552955296E+06,3.75510783794743E-06
-3.95998352835284E+06,3.88182153203353E-06
-3.95997152715272E+06,4.01051482078677E-06
-3.9599595259526E+06,4.14118164607747E-06
-3.95994752475248E+06,4.27381594996627E-06
-3.95993552355236E+06,4.40841167473217E-06
-3.95992352235224E+06,4.54496276289929E-06
-3.95991152115212E+06,4.68346315727033E-06
-3.959899519952E+06,4.82390680093183E-06
-3.95988751875188E+06,4.96628763731402E-06
-3.95987551755176E+06,5.11059961019666E-06
-3.95986351635164E+06,5.25683666374183E-06
-3.95985151515152E+06,5.40499274252075E-06
-3.9598395139514E+06,5.55506179154171E-06
-3.95982751275128E+06,5.70703775627653E-06
-3.95981551155116E+06,5.86091458268858E-06
-3.95980351035104E+06,6.01668621725909E-06
-3.95979150915092E+06,6.17434660702128E-06
-3.9597795079508E+06,6.33388969956235E-06
-3.95976750675068E+06,6.49530944308755E-06
-3.95975550555056E+06,6.65859978642279E-06
-3.95974350435044E+06,6.82375467904799E-06
-3.95973150315032E+06,6.99076807112357E-06
-3.9597195019502E+06,7.15963391351821E-06
-3.95970750075008E+06,7.33034615783503E-06
-3.95969549954996E+06,7.50289875643935E-06
-3.95968349834984E+06,7.67728566248478E-06
-3.95967149714972E+06,7.85350082994783E-06
-3.9596594959496E+06,8.03153821362666E-06
-3.95964749474948E+06,8.21139176920958E-06
-3.95963549354936E+06,8.39305545327385E-06
-3.95962349234924E+06,8.57652322332021E-06
-3.95961149114912E+06,8.76178903779864E-06
-3.959599489949E+06,8.94884685613617E-06
-3.95958748874888E+06,9.13769063876252E-06
-3.95957548754876E+06,9.32831434713785E-06
-3.95956348634864E+06,9.52071194378594E-06
-3.95955148514852E+06,9.71487739229176E-06
-3.9595394839484E+06,9.91080465737223E-06
-3.95952748274828E+06,1.01084877048736E-05
-3.95951548154816E+06,1.03079205018047E-05
-3.95950348034804E+06,1.05090970163643E-05
-3.95949147914792E+06,1.07120112179668E-05
-3.9594794779478E+06,1.09166570772698E-05
-3.95946747674768E+06,1.1123028566199E-05
-3.95945547554756E+06,1.13311196579763E-05
-3.95944347434744E+06,1.1540924327153E-05
-3.95943147314732E+06,1.17524365496048E-05
-3.9594194719472E+06,1.19656503026055E-05
-3.95940747074708E+06,1.21805595648223E-05
-3.95939546954696E+06,1.2397158316349E-05
-3.95938346834684E+06,1.26154405387334E-05
-3.95937146714672E+06,1.28354002150022E-05
-3.9593594659466E+06,1.30570313296886E-05
-3.95934746474648E+06,1.32803278688572E-05
-3.95933546354636E+06,1.35052838201312E-05
-3.95932346234624E+06,1.37318931727266E-05
-3.95931146114612E+06,1.39601499174436E-05
-3.959299459946E+06,1.41900480467446E-05
-3.95928745874588E+06,1.44215815547465E-05
-3.95927545754576E+06,1.46547444372538E-05
-3.95926345634564E+06,1.48895306917861E-05
-3.95925145514552E+06,1.51259343176026E-05
-3.9592394539454E+06,1.53639493157296E-05
-3.95922745274528E+06,1.56035696889848E-05
-3.95921545154516E+06,1.58447894420044E-05
-3.95920345034504E+06,1.60876025812775E-05
-3.95919144914492E+06,1.63320031151349E-05
-3.9591794479448E+06,1.65779850538305E-05
-3.95916744674468E+06,1.68255424095306E-05
-3.95915544554456E+06,1.70746691963476E-05
-3.95914344434444E+06,1.73253594303669E-05
-3.95913144314432E+06,1.75776071296715E-05
-3.9591194419442E+06,1.78314063143688E-05
-3.95910744074408E+06,1.80867510066151E-05
-3.95909543954396E+06,1.83436352306517E-05
-3.95908343834384E+06,1.860205301279E-05
-3.95907143714372E+06,1.88619983814979E-05
-3.9590594359436E+06,1.91234653673837E-05
-3.95904743474348E+06,1.93864480032336E-05
-3.95903543354336E+06,1.96509403240349E-05
-3.95902343234324E+06,1.99169363670032E-05
-3.95901143114312E+06,2.01844301716064E-05
-3.958999429943E+06,2.04534157795909E-05
-3.95898742874288E+06,2.07238872350064E-05
-3.95897542754276E+06,2.09958385842312E-05
-3.95896342634264E+06,2.12692638760083E-05
-3.95895142514252E+06,2.15441571614278E-05
-3.9589394239424E+06,2.18205124940154E-05
-3.95892742274228E+06,2.20983239297163E-05
-3.95891542154216E+06,2.23775855269291E-05
-3.95890342034204E+06,2.26582913465329E-05
-3.95889141914192E+06,2.29404354519101E-05
-3.9588794179418E+06,2.32240119089733E-05
-3.95886741674168E+06,2.35090147861892E-05
-3.95885541554156E+06,2.3795438154615E-05
-3.95884341434144E+06,2.40832760878782E-05
-3.95883141314132E+06,2.43725226622693E-05
-3.9588194119412E+06,2.4663171956721E-05
-3.95880741074108E+06,2.4955218052845E-05
-3.95879540954096E+06,2.52486550349558E-05
-3.95878340834084E+06,2.55434769900965E-05
-3.95877140714072E+06,2.58396780080626E-05
-3.9587594059406E+06,2.6137252181427E-05
-3.95874740474048E+06,2.64361936055648E-05
-3.95873540354036E+06,2.67364963786893E-05
-3.95872340234024E+06,2.70381546018296E-05
-3.95871140114012E+06,2.73411623789258E-05
-3.95869939994E+06,2.76455138168061E-05
-3.95868739873988E+06,2.79512030252238E-05
-3.95867539753976E+06,2.82582241168804E-05
-3.95866339633964E+06,2.85665712074514E-05
-3.95865139513952E+06,2.88762384156097E-05
-3.9586393939394E+06,2.91872198630503E-05
-3.95862739273928E+06,2.94995096745142E-05
-3.95861539153916E+06,2.98131019778256E-05
-3.95860339033904E+06,3.0127990903866E-05
-3.95859138913892E+06,3.04441705866733E-05
-3.9585793879388E+06,3.07616351634154E-05
-3.95856738673868E+06,3.10803787744277E-05
-3.95855538553856E+06,3.14003955632368E-05
-3.95854338433844E+06,3.17216796765842E-05
-3.95853138313832E+06,3.20442252644508E-05
-3.9585193819382E+06,3.23680264800806E-05
-3.95850738073808E+06,3.26930774800044E-05
-3.95849537953796E+06,3.30193724240772E-05
-3.95848337833784E+06,3.33469054754499E-05
-3.95847137713772E+06,3.36756708006708E-05
-3.9584593759376E+06,3.40056625696572E-05
-3.95844737473748E+06,3.43368749557331E-05
-3.95843537353736E+06,3.46693021356521E-05
-3.95842337233724E+06,3.50029382896211E-05
-3.95841137113712E+06,3.53377776013242E-05
-3.958399369937E+06,3.56738142579465E-05
-3.95838736873688E+06,3.60110424502099E-05
-3.95837536753676E+06,3.63494563723454E-05
-3.95836336633664E+06,3.66890502221939E-05
-3.95835136513652E+06,3.70298182011784E-05
-3.9583393639364E+06,3.737175451434E-05
-3.95832736273628E+06,3.7714853370361E-05
-3.95831536153616E+06,3.80591089815887E-05
-3.95830336033604E+06,3.84045155640588E-05
-3.95829135913592E+06,3.87510673375176E-05
-3.9582793579358E+06,3.90987585254472E-05
-3.95826735673568E+06,3.94475833550998E-05
-3.95825535553556E+06,3.97975360574691E-05
-3.95824335433544E+06,4.01486108673923E-05
-3.95823135313532E+06,4.05008020235213E-05
-3.9582193519352E+06,4.08541037683574E-05
-3.95820735073508E+06,4.12085103482755E-05
-3.95819534953496E+06,4.15640160135464E-05
-3.95818334833484E+06,4.19206150183603E-05
-3.95817134713472E+06,4.22783016208488E-05
-3.9581593459346E+06,4.26370700831088E-05
-3.95814734473448E+06,4.29969146712384E-05
-3.95813534353436E+06,4.33578296553044E-05
-3.95812334233424E+06,4.37198093094485E-05
-3.95811134113412E+06,4.40828479118543E-05
-3.958099339934E+06,4.44469397447835E-05
-3.95808733873388E+06,4.48120790945995E-05
-3.95807533753376E+06,4.51782602517886E-05
-3.95806333633364E+06,4.5545477510984E-05
-3.95805133513352E+06,4.59137251709868E-05
-3.9580393339334E+06,4.62829975347899E-05
-3.95802733273328E+06,4.66532889096136E-05
-3.95801533153316E+06,4.70245936068713E-05
-3.95800333033304E+06,4.73969059422778E-05
-3.95799132913292E+06,4.77702202358138E-05
-3.9579793279328E+06,4.8144530811763E-05
-3.95796732673268E+06,4.85198319987345E-05
-3.95795532553256E+06,4.88961181296838E-05
-3.95794332433244E+06,4.92733835419367E-05
-3.95793132313232E+06,4.96516225772096E-05
-3.9579193219322E+06,5.00308295816479E-05
-3.95790732073208E+06,5.04109989057878E-05
-3.95789531953196E+06,5.07921249046676E-05
-3.95788331833184E+06,5.11742019377902E-05
-3.95787131713172E+06,5.15572243691601E-05
-3.9578593159316E+06,5.19411865673044E-05
-3.95784731473148E+06,5.23260829052962E-05
-3.95783531353136E+06,5.27119077607744E-05
-3.95782331233124E+06,5.30986555159676E-05
-3.95781131113112E+06,5.34863205577136E-05
-3.957799309931E+06,5.3874897277498E-05
-3.95778730873088E+06,5.42643800714145E-05
-3.95777530753076E+06,5.4654763340277E-05
-3.95776330633064E+06,5.50460414895809E-05
-3.95775130513052E+06,5.54382089295404E-05
-3.9577393039304E+06,5.58312600751084E-05
-3.95772730273028E+06,5.62251893459998E-05
-3.95771530153016E+06,5.66199911667107E-05
-3.95770330033004E+06,5.70156599665424E-05
-3.95769129912992E+06,5.74121901796197E-05
-3.9576792979298E+06,5.78095762449304E-05
-3.95766729672968E+06,5.82078126062824E-05
-3.95765529552956E+06,5.86068937124195E-05
-3.95764329432944E+06,5.90068140169787E-05
-3.95763129312932E+06,5.9407567978529E-05
-3.9576192919292E+06,5.98091500605902E-05
-3.95760729072908E+06,6.02115547316559E-05
-3.95759528952896E+06,6.06147764652126E-05
-3.95758328832884E+06,6.10188097397623E-05
-3.95757128712872E+06,6.14236490388419E-05
-3.9575592859286E+06,6.18292888510611E-05
-3.95754728472848E+06,6.2235723670059E-05
-3.95753528352836E+06,6.26429479946206E-05
-3.95752328232824E+06,6.30509563286326E-05
-3.95751128112812E+06,6.34597431811223E-05
-3.957499279928E+06,6.38693030662758E-05
-3.95748727872788E+06,6.42796305034607E-05
-3.95747527752776E+06,6.46907200172445E-05
-3.95746327632764E+06,6.51025661374172E-05
-3.95745127512752E+06,6.55151633990259E-05
-3.9574392739274E+06,6.59285063423326E-05
-3.95742727272728E+06,6.63425895129296E-05
-3.95741527152716E+06,6.67574074616967E-05
-3.95740327032704E+06,6.7172954744836E-05
-3.95739126912692E+06,6.75892259238943E-05
-3.9573792679268E+06,6.8006215565781E-05
-3.95736726672668E+06,6.842391824279E-05
-3.95735526552656E+06,6.88423285326186E-05
-3.95734326432644E+06,6.92614410183884E-05
-3.95733126312632E+06,6.96812502886812E-05
-3.9573192619262E+06,7.01017509374939E-05
-3.95730726072608E+06,7.05229375643556E-05
-3.95729525952596E+06,7.09448047742836E-05
-3.95728325832584E+06,7.13673471778178E-05
-3.95727125712572E+06,7.17905593910428E-05
-3.9572592559256E+06,7.22144360356046E-05
-3.95724725472548E+06,7.26389717387334E-05
-3.95723525352536E+06,7.30641611332609E-05
-3.95722325232524E+06,7.34899988576414E-05
-3.95721125112511E+06,7.39164795559871E-05
-3.957199249925E+06,7.4343597878022E-05
-3.95718724872488E+06,7.47713484791995E-05
-3.95717524752476E+06,7.51997260206576E-05
-3.95716324632464E+06,7.56287251692528E-05
-3.95715124512452E+06,7.60583405975812E-05
-3.9571392439244E+06,7.64885669839961E-05
-3.95712724272428E+06,7.69193990126289E-05
-3.95711524152416E+06,7.73508313734068E-05
-3.95710324032404E+06,7.77828587620735E-05
-3.95709123912391E+06,7.82154758802235E-05
-3.9570792379238E+06,7.86486774352557E-05
-3.95706723672367E+06,7.90824581404911E-05
-3.95705523552355E+06,7.95168127151271E-05
-3.95704323432343E+06,7.99517358842709E-05
-3.95703123312332E+06,8.03872223789602E-05
-3.9570192319232E+06,8.08232669361804E-05
-3.95700723072308E+06,8.12598642988852E-05
-3.95699522952296E+06,8.1697009216014E-05
-3.95698322832283E+06,8.2134696442528E-05
-3.95697122712271E+06,8.25729207393607E-05
-3.9569592259226E+06,8.30116768735396E-05
-3.95694722472247E+06,8.34509596181346E-05
-3.95693522352235E+06,8.3890763752296E-05
-3.95692322232223E+06,8.4331084061271E-05
-3.95691122112211E+06,8.47719153364235E-05
-3.956899219922E+06,8.52132523752513E-05
-3.95688721872187E+06,8.56550899814059E-05
-3.95687521752176E+06,8.60974229647091E-05
-3.95686321632163E+06,8.65402461411902E-05
-3.95685121512151E+06,8.69835543330335E-05
-3.95683921392139E+06,8.74273423687018E-05
-3.95682721272127E+06,8.78716050828834E-05
-3.95681521152115E+06,8.83163373165298E-05
-3.95680321032103E+06,8.87615339168712E-05
-3.95679120912091E+06,8.9207189737437E-05
-3.9567792079208E+06,8.96532996380715E-05
-3.95676720672067E+06,9.00998584849532E-05
-3.95675520552055E+06,9.0546861150612E-05
-3.95674320432043E+06,9.0994302513965E-05
-3.95673120312031E+06,9.14421774602633E-05
-3.95671920192019E+06,9.18904808812162E-05
-3.95670720072007E+06,9.23392076749367E-05
-3.95669519951995E+06,9.27883527459791E-05
-3.95668319831983E+06,9.32379110053543E-05
-3.95667119711971E+06,9.36878773705489E-05
-3.95665919591959E+06,9.41382467655417E-05
-3.95664719471947E+06,9.45890141208217E-05
-3.95663519351935E+06,9.50401743734049E-05
-3.95662319231923E+06,9.54917224668701E-05
-3.95661119111911E+06,9.59436533513043E-05
-3.95659918991899E+06,9.63959619834274E-05
-3.95658718871887E+06,9.68486433265369E-05
-3.95657518751875E+06,9.73016923505448E-05
-3.95656318631863E+06,9.77551040319928E-05
-3.95655118511851E+06,9.82088733540705E-05
-3.95653918391839E+06,9.86629953066317E-05
-3.95652718271827E+06,9.91174648862121E-05
-3.95651518151815E+06,9.95722770960625E-05
-3.95650318031803E+06,1.00027426946097E-04
-3.95649117911791E+06,1.00482909453013E-04
-3.95647917791779E+06,1.00938719640242E-04
-3.95646717671767E+06,1.01394852537976E-04
-3.95645517551755E+06,1.01851303183193E-04
-3.95644317431743E+06,1.02308066619669E-04
-3.95643117311731E+06,1.02765137897994E-04
-3.95641917191719E+06,1.0322251207559E-04
-3.95640717071707E+06,1.03680184216728E-04
-3.95639516951695E+06,1.0413814939256E-04
-3.95638316831683E+06,1.04596402681065E-04
-3.95637116711671E+06,1.05054939167175E-04
-3.95635916591659E+06,1.05513753942717E-04
-3.95634716471647E+06,1.05972842106444E-04
-3.95633516351635E+06,1.0643219876406E-04
-3.95632316231623E+06,1.06891819028228E-04
-3.95631116111611E+06,1.07351698018589E-04
-3.95629915991599E+06,1.07811830861779E-04
-3.95628715871587E+06,1.08272212691444E-04
-3.95627515751575E+06,1.08732838648272E-04
-3.95626315631563E+06,1.0919370387994E-04
-3.95625115511551E+06,1.09654803541238E-04
-3.95623915391539E+06,1.10116132794009E-04
-3.95622715271527E+06,1.10577686807186E-04
-3.95621515151515E+06,1.11039460756806E-04
-3.95620315031503E+06,1.11501449826028E-04
-3.95619114911491E+06,1.11963649205147E-04
-3.95617914791479E+06,1.12426054091605E-04
-3.95616714671467E+06,1.12888659690017E-04
-3.95615514551455E+06,1.13351461212195E-04
-3.95614314431443E+06,1.13814453877095E-04
-3.95613114311431E+06,1.1427763291094E-04
-3.95611914191419E+06,1.14740993547165E-04
-3.95610714071407E+06,1.15204531026446E-04
-3.95609513951395E+06,1.15668240596719E-04
-3.95608313831383E+06,1.16132117513194E-04
-3.95607113711371E+06,1.1659615703837E-04
-3.95605913591359E+06,1.17060354442049E-04
-3.95604713471347E+06,1.17524705001372E-04
-3.95603513351335E+06,1.17989204000756E-04
-3.95602313231323E+06,1.18453846732026E-04
-3.95601113111311E+06,1.18918628494349E-04
-3.95599912991299E+06,1.19383544594271E-04
-3.95598712871287E+06,1.19848590345731E-04
-3.95597512751275E+06,1.20313761070077E-04
-3.95596312631263E+06,1.20779052096077E-04
-3.95595112511251E+06,1.2124445875994E-04
-3.95593912391239E+06,1.21709976405321E-04
-3.95592712271227E+06,1.22175600383365E-04
-3.95591512151215E+06,1.22641326052639E-04
-3.95590312031203E+06,1.2310714877926E-04
-3.95589111911191E+06,1.23573063936838E-04
-3.95587911791179E+06,1.24039066906504E-04
-3.95586711671167E+06,1.24505153076927E-04
-3.95585511551155E+06,1.2497131784433E-04
-3.95584311431143E+06,1.25437556612499E-04
-3.95583111311131E+06,1.25903864792802E-04
-3.95581911191119E+06,1.26370237804201E-04
-3.95580711071107E+06,1.26836671073284E-04
-3.95579510951095E+06,1.27303160034206E-04
-3.95578310831083E+06,1.27769700128812E-04
-3.95577110711071E+06,1.2823628680658E-04
-3.95575910591059E+06,1.28702915524651E-04
-3.95574710471047E+06,1.29169581747842E-04
-3.95573510351035E+06,1.29636280948663E-04
-3.95572310231023E+06,1.30103008607327E-04
-3.95571110111011E+06,1.30569760211765E-04
-3.95569909990999E+06,1.3103653125764E-04
-3.95568709870987E+06,1.31503317248378E-04
-3.95567509750975E+06,1.3197011369511E-04
-3.95566309630963E+06,1.32436916116793E-04
-3.95565109510951E+06,1.32903720040149E-04
-3.95563909390939E+06,1.33370520999702E-04
-3.95562709270927E+06,1.33837314537785E-04
-3.95561509150915E+06,1.34304096204557E-04
-3.95560309030903E+06,1.34770861558014E-04
-3.95559108910891E+06,1.35237606164005E-04
-3.95557908790879E+06,1.35704325596258E-04
-3.95556708670867E+06,1.36171015436327E-04
-3.95555508550855E+06,1.36637671273708E-04
-3.95554308430843E+06,1.37104288705784E-04
-3.95553108310831E+06,1.3757086333785E-04
-3.95551908190819E+06,1.38037390783132E-04
-3.95550708070807E+06,1.38503866662797E-04
-3.95549507950795E+06,1.38970286605966E-04
-3.95548307830783E+06,1.39436646249724E-04
-3.95547107710771E+06,1.39902941239137E-04
-3.95545907590759E+06,1.4036916722728E-04
-3.95544707470747E+06,1.40835319875178E-04
-3.95543507350735E+06,1.41301394851925E-04
-3.95542307230723E+06,1.41767387834627E-04
-3.95541107110711E+06,1.4223329450843E-04
-3.95539906990699E+06,1.42699110566535E-04
-3.95538706870687E+06,1.43164831710205E-04
-3.95537506750675E+06,1.43630453648783E-04
-3.95536306630663E+06,1.44095972099701E-04
-3.95535106510651E+06,1.44561382788493E-04
-3.95533906390639E+06,1.45026681448822E-04
-3.95532706270627E+06,1.45491863822427E-04
-3.95531506150615E+06,1.45956925659235E-04
-3.95530306030603E+06,1.46421862717306E-04
-3.95529105910591E+06,1.46886670762858E-04
-3.95527905790579E+06,1.47351345570287E-04
-3.95526705670567E+06,1.47815882922168E-04
-3.95525505550555E+06,1.48280278609276E-04
-3.95524305430543E+06,1.48744528430592E-04
-3.95523105310531E+06,1.49208628193316E-04
-3.95521905190519E+06,1.49672573712896E-04
-3.95520705070507E+06,1.50136360812971E-04
-3.95519504950495E+06,1.50599985325484E-04
-3.95518304830483E+06,1.51063443090627E-04
-3.95517104710471E+06,1.51526729956866E-04
-3.95515904590459E+06,1.51989841780956E-04
-3.95514704470447E+06,1.5245277442795E-04
-3.95513504350435E+06,1.5291552377121E-04
-3.95512304230423E+06,1.53378085692419E-04
-3.95511104110411E+06,1.53840456081609E-04
-3.95509903990399E+06,1.543026308371E-04
-3.95508703870387E+06,1.54764605865622E-04
-3.95507503750375E+06,1.55226377082248E-04
-3.95506303630363E+06,1.55687940410428E-04
-3.95505103510351E+06,1.56149291781997E-04
-3.95503903390339E+06,1.56610427137186E-04
-3.95502703270327E+06,1.57071342424635E-04
-3.95501503150315E+06,1.575320336014E-04
-3.95500303030303E+06,1.57992496632966E-04
-3.95499102910291E+06,1.58452727493256E-04
-3.95497902790279E+06,1.58912722164661E-04
-3.95496702670267E+06,1.59372476637977E-04
-3.95495502550255E+06,1.59831986912523E-04
-3.95494302430243E+06,1.60291248996083E-04
-3.95493102310231E+06,1.60750258904929E-04
-3.95491902190219E+06,1.61209012663833E-04
-3.95490702070207E+06,1.61667506306078E-04
-3.95489501950195E+06,1.62125735873471E-04
-3.95488301830183E+06,1.62583697416345E-04
-3.95487101710171E+06,1.63041386993594E-04
-3.95485901590159E+06,1.63498800672609E-04
-3.95484701470147E+06,1.63955934529394E-04
-3.95483501350135E+06,1.64412784648507E-04
-3.95482301230123E+06,1.64869347123084E-04
-3.95481101110111E+06,1.65325618054852E-04
-3.95479900990099E+06,1.65781593554138E-04
-3.95478700870087E+06,1.66237269739876E-04
-3.95477500750075E+06,1.66692642739619E-04
-3.95476300630063E+06,1.6714770868955E-04
-3.95475100510051E+06,1.67602463734504E-04
-3.95473900390039E+06,1.68056904027912E-04
-3.95472700270027E+06,1.68511025731915E-04
-3.95471500150015E+06,1.68964825017297E-04
-3.95470300030003E+06,1.69418298063523E-04
-3.95469099909991E+06,1.69871441058736E-04
-3.95467899789979E+06,1.70324250199777E-04
-3.95466699669967E+06,1.70776721692185E-04
-3.95465499549955E+06,1.71228851750212E-04
-3.95464299429943E+06,1.71680636596829E-04
-3.95463099309931E+06,1.72132072463756E-04
-3.95461899189919E+06,1.72583155591394E-04
-3.95460699069907E+06,1.73033882228946E-04
-3.95459498949895E+06,1.73484248634353E-04
-3.95458298829883E+06,1.73934251074319E-04
-3.95457098709871E+06,1.7438388582432E-04
-3.95455898589859E+06,1.74833149168614E-04
-3.95454698469847E+06,1.7528203740025E-04
-3.95453498349835E+06,1.75730546821074E-04
-3.95452298229823E+06,1.76178673741738E-04
-3.95451098109811E+06,1.76626414481728E-04
-3.95449897989799E+06,1.77073765369302E-04
-3.95448697869787E+06,1.77520722741599E-04
-3.95447497749775E+06,1.77967282944583E-04
-3.95446297629763E+06,1.78413442333066E-04
-3.95445097509751E+06,1.78859197270715E-04
-3.95443897389739E+06,1.79304544130063E-04
-3.95442697269727E+06,1.79749479292514E-04
-3.95441497149715E+06,1.80193999148352E-04
-3.95440297029703E+06,1.80638100096769E-04
-3.95439096909691E+06,1.81081778545798E-04
-3.95437896789679E+06,1.8152503091243E-04
-3.95436696669667E+06,1.81967853622551E-04
-3.95435496549655E+06,1.82410243110963E-04
-3.95434296429643E+06,1.82852195821399E-04
-3.95433096309631E+06,1.83293708206524E-04
-3.95431896189619E+06,1.83734776727947E-04
-3.95430696069607E+06,1.84175397856224E-04
-3.95429495949595E+06,1.84615568070871E-04
-3.95428295829583E+06,1.85055283860384E-04
-3.95427095709571E+06,1.8549454172218E-04
-3.95425895589559E+06,1.85933338162706E-04
-3.95424695469547E+06,1.86371669697379E-04
-3.95423495349535E+06,1.8680953285061E-04
-3.95422295229523E+06,1.87246924155808E-04
-3.95421095109511E+06,1.87683840155392E-04
-3.95419894989499E+06,1.88120277400796E-04
-3.95418694869487E+06,1.88556232452474E-04
-3.95417494749475E+06,1.88991701879911E-04
-3.95416294629463E+06,1.89426682261641E-04
-3.95415094509451E+06,1.89861170185192E-04
-3.95413894389439E+06,1.90295162247192E-04
-3.95412694269427E+06,1.90728655053307E-04
-3.95411494149415E+06,1.91161645218265E-04
-3.95410294029403E+06,1.91594129365863E-04
-3.95409093909391E+06,1.92026104128976E-04
-3.95407893789379E+06,1.92457566149557E-04
-3.95406693669367E+06,1.9288851207865E-04
-3.95405493549355E+06,1.93318938576394E-04
-3.95404293429343E+06,1.93748842312046E-04
-3.95403093309331E+06,1.94178219963918E-04
-3.95401893189319E+06,1.94607068219489E-04
-3.95400693069307E+06,1.95035383775338E-04
-3.95399492949295E+06,1.95463163337174E-04
-3.95398292829283E+06,1.95890403619835E-04
-3.95397092709271E+06,1.96317101347297E-04
-3.95395892589259E+06,1.96743253252682E-04
-3.95394692469247E+06,1.9716885607826E-04
-3.95393492349235E+06,1.97593906575477E-04
-3.95392292229223E+06,1.98018401504886E-04
-3.95391092109211E+06,1.9844233763626E-04
-3.95389891989199E+06,1.98865711748529E-04
-3.95388691869187E+06,1.99288520629801E-04
-3.95387491749175E+06,1.99710761077367E-04
-3.95386291629163E+06,2.00132429897711E-04
-3.95385091509151E+06,2.00553523906509E-04
-3.95383891389139E+06,2.00974039928641E-04
-3.95382691269127E+06,2.01393974798192E-04
-3.95381491149115E+06,2.01813325358473E-04
-3.95380291029103E+06,2.02232088461967E-04
-3.95379090909091E+06,2.02650260970425E-04
-3.95377890789079E+06,2.03067839754809E-04
-3.95376690669067E+06,2.03484821695316E-04
-3.95375490549055E+06,2.03901203681377E-04
-3.95374290429043E+06,2.04316982611669E-04
-3.95373090309031E+06,2.04732155394113E-04
-3.95371890189019E+06,2.05146718945886E-04
-3.95370690069007E+06,2.0556067019342E-04
-3.95369489948995E+06,2.05974006072426E-04
-3.95368289828983E+06,2.06386723527833E-04
-3.95367089708971E+06,2.0679881951389E-04
-3.95365889588959E+06,2.07210290994108E-04
-3.95364689468947E+06,2.07621134941276E-04
-3.95363489348935E+06,2.0803134833747E-04
-3.95362289228923E+06,2.08440928174056E-04
-3.95361089108911E+06,2.08849871451694E-04
-3.95359888988899E+06,2.09258175180343E-04
-3.95358688868887E+06,2.09665836379264E-04
-3.95357488748875E+06,2.10072852077043E-04
-3.95356288628863E+06,2.10479219311529E-04
-3.95355088508851E+06,2.10884935129936E-04
-3.95353888388839E+06,2.11289996588778E-04
-3.95352688268827E+06,2.11694400753898E-04
-3.95351488148815E+06,2.12098144700465E-04
-3.95350288028803E+06,2.12501225512979E-04
-3.95349087908791E+06,2.12903640285277E-04
-3.95347887788779E+06,2.13305386120537E-04
-3.95346687668767E+06,2.13706460131295E-04
-3.95345487548755E+06,2.14106859439387E-04
-3.95344287428743E+06,2.14506581176048E-04
-3.95343087308731E+06,2.14905622481854E-04
-3.95341887188719E+06,2.15303980506735E-04
-3.95340687068707E+06,2.15701652409989E-04
-3.95339486948695E+06,2.16098635360273E-04
-3.95338286828683E+06,2.16494926535618E-04
-3.95337086708671E+06,2.16890523123426E-04
-3.95335886588659E+06,2.17285422320474E-04
-3.95334686468647E+06,2.17679621332935E-04
-3.95333486348635E+06,2.18073117376316E-04
-3.95332286228623E+06,2.18465907675558E-04
-3.95331086108611E+06,2.18857989464974E-04
-3.95329885988599E+06,2.1924935998827E-04
-3.95328685868587E+06,2.19640016498545E-04
-3.95327485748575E+06,2.20029956258297E-04
-3.95326285628563E+06,2.20419176539426E-04
-3.95325085508551E+06,2.20807674623233E-04
-3.95323885388539E+06,2.21195447800428E-04
-3.95322685268527E+06,2.21582493371144E-04
-3.95321485148515E+06,2.21968808644881E-04
-3.95320285028503E+06,2.223543909406E-04
-3.95319084908491E+06,2.22739237586664E-04
-3.95317884788479E+06,2.23123345920855E-04
-3.95316684668467E+06,2.23506713290378E-04
-3.95315484548455E+06,2.23889337051863E-04
-3.95314284428443E+06,2.24271214571368E-04
-3.95313084308431E+06,2.2465234322438E-04
-3.95311884188419E+06,2.25032720395819E-04
-3.95310684068407E+06,2.25412343480054E-04
-3.95309483948395E+06,2.25791209880845E-04
-3.95308283828383E+06,2.26169317011437E-04
-3.95307083708371E+06,2.26546662294501E-04
-3.95305883588359E+06,2.26923243162149E-04
-3.95304683468347E+06,2.27299057055941E-04
-3.95303483348335E+06,2.2767410142688E-04
-3.95302283228323E+06,2.28048373735423E-04
-3.95301083108311E+06,2.28421871451474E-04
-3.95299882988299E+06,2.28794592054405E-04
-3.95298682868287E+06,2.29166533033E-04
-3.95297482748275E+06,2.29537691885541E-04
-3.95296282628263E+06,2.29908066119754E-04
-3.95295082508251E+06,2.30277653252825E-04
-3.95293882388239E+06,2.306464508114E-04
-3.95292682268227E+06,2.31014456331588E-04
-3.95291482148215E+06,2.3138166735896E-04
-3.95290282028203E+06,2.31748081448557E-04
-3.95289081908191E+06,2.32113696164881E-04
-3.95287881788179E+06,2.32478509081919E-04
-3.95286681668167E+06,2.32842517783086E-04
-3.95285481548155E+06,2.33205719861308E-04
-3.95284281428143E+06,2.33568112918967E-04
-3.95283081308131E+06,2.33929694567922E-04
-3.95281881188119E+06,2.34290462429502E-04
-3.95280681068107E+06,2.34650414134513E-04
-3.95279480948095E+06,2.35009547323235E-04
-3.95278280828083E+06,2.35367859645426E-04
-3.95277080708071E+06,2.3572534876032E-04
-3.95275880588059E+06,2.36082012336645E-04
-3.95274680468047E+06,2.36437848052564E-04
-3.95273480348035E+06,2.36792853595765E-04
-3.95272280228023E+06,2.37147026663399E-04
-3.95271080108011E+06,2.37500364962099E-04
-3.95269879987999E+06,2.3785286620798E-04
-3.95268679867987E+06,2.3820452812664E-04
-3.95267479747975E+06,2.38555348453157E-04
-3.95266279627963E+06,2.38905324932093E-04
-3.95265079507951E+06,2.39254455317495E-04
-3.95263879387939E+06,2.39602737372904E-04
-3.95262679267927E+06,2.39950168871307E-04
-3.95261479147915E+06,2.40296747595213E-04
-3.95260279027903E+06,2.40642471336604E-04
-3.95259078907891E+06,2.40987337896944E-04
-3.95257878787879E+06,2.41331345087184E-04
-3.95256678667867E+06,2.41674490727756E-04
-3.95255478547855E+06,2.42016772648579E-04
-3.95254278427843E+06,2.42358188689054E-04
-3.95253078307831E+06,2.42698736698082E-04
-3.95251878187819E+06,2.43038414534005E-04
-3.95250678067807E+06,2.4337722006469E-04
-3.95249477947795E+06,2.43715151167474E-04
-3.95248277827783E+06,2.44052205729176E-04
-3.95247077707771E+06,2.44388381646099E-04
-3.95245877587759E+06,2.44723676824026E-04
-3.95244677467747E+06,2.45058089178223E-04
-3.95243477347735E+06,2.45391616633438E-04
-3.95242277227723E+06,2.45724257123896E-04
-3.95241077107711E+06,2.46056008593319E-04
-3.95239876987699E+06,2.46386868994865E-04
-3.95238676867687E+06,2.46716836291213E-04
-3.95237476747675E+06,2.47045908454504E-04
-3.95236276627663E+06,2.47374083466357E-04
-3.95235076507651E+06,2.47701359317867E-04
-3.95233876387639E+06,2.48027734009602E-04
-3.95232676267627E+06,2.48353205551607E-04
-3.95231476147615E+06,2.48677771963396E-04
-3.95230276027603E+06,2.49001431273959E-04
-3.95229075907591E+06,2.49324181521765E-04
-3.95227875787579E+06,2.49646020754719E-04
-3.95226675667567E+06,2.49966947030228E-04
-3.95225475547555E+06,2.50286958415157E-04
-3.95224275427543E+06,2.50606052985833E-04
-3.95223075307531E+06,2.5092422882805E-04
-3.95221875187519E+06,2.51241484037063E-04
-3.95220675067507E+06,2.51557816717591E-04
-3.95219474947495E+06,2.51873224983809E-04
-3.95218274827483E+06,2.52187706959354E-04
-3.95217074707471E+06,2.52501260777328E-04
-3.95215874587459E+06,2.52813884580256E-04
-3.95214674467447E+06,2.53125576520148E-04
-3.95213474347435E+06,2.53436334758457E-04
-3.95212274227423E+06,2.53746157466083E-04
-3.95211074107411E+06,2.54055042823376E-04
-3.95209873987399E+06,2.5436298902013E-04
-3.95208673867387E+06,2.54669994255585E-04
-3.95207473747375E+06,2.54976056738421E-04
-3.95206273627363E+06,2.5528117468677E-04
-3.95205073507351E+06,2.55585346328166E-04
-3.95203873387339E+06,2.55888569899617E-04
-3.95202673267327E+06,2.56190843647549E-04
-3.95201473147315E+06,2.56492165827821E-04
-3.95200273027303E+06,2.56792534705719E-04
-3.95199072907291E+06,2.57091948555959E-04
-3.95197872787279E+06,2.57390405662677E-04
-3.95196672667267E+06,2.57687904319434E-04
-3.95195472547255E+06,2.57984442829209E-04
-3.95194272427243E+06,2.58280019504408E-04
-3.95193072307231E+06,2.58574632666819E-04
-3.95191872187219E+06,2.58868280647674E-04
-3.95190672067207E+06,2.59160961787603E-04
-3.95189471947195E+06,2.59452674436642E-04
-3.95188271827183E+06,2.59743416954231E-04
-3.95187071707171E+06,2.60033187709209E-04
-3.95185871587159E+06,2.60321985079815E-04
-3.95184671467147E+06,2.60609807453679E-04
-3.95183471347135E+06,2.60896653227826E-04
-3.95182271227123E+06,2.61182520808681E-04
-3.95181071107111E+06,2.61467408612018E-04
-3.95179870987099E+06,2.61751315063031E-04
-3.95178670867087E+06,2.62034238596279E-04
-3.95177470747075E+06,2.623161776557E-04
-3.95176270627063E+06,2.62597130694603E-04
-3.95175070507051E+06,2.62877096175668E-04
-3.95173870387039E+06,2.6315607257094E-04
-3.95172670267027E+06,2.63434058361828E-04
-3.95171470147015E+06,2.63711052039101E-04
-3.95170270027003E+06,2.63987052102895E-04
-3.95169069906991E+06,2.64262057062664E-04
-3.95167869786979E+06,2.64536065437246E-04
-3.95166669666967E+06,2.64809075754812E-04
-3.95165469546955E+06,2.65081086552877E-04
-3.95164269426943E+06,2.65352096378291E-04
-3.95163069306931E+06,2.6562210378724E-04
-3.95161869186919E+06,2.65891107345241E-04
-3.95160669066907E+06,2.66159105627135E-04
-3.95159468946895E+06,2.66426097217101E-04
-3.95158268826883E+06,2.66692080708601E-04
-3.95157068706871E+06,2.66957054704445E-04
-3.95155868586859E+06,2.67221017816744E-04
-3.95154668466847E+06,2.67483968666915E-04
-3.95153468346835E+06,2.67745905885677E-04
-3.95152268226823E+06,2.68006828113048E-04
-3.95151068106811E+06,2.68266733998341E-04
-3.95149867986799E+06,2.68525622200159E-04
-3.95148667866787E+06,2.68783491386389E-04
-3.95147467746775E+06,2.69040340234211E-04
-3.95146267626763E+06,2.69296167430052E-04
-3.95145067506751E+06,2.69550971669641E-04
-3.95143867386739E+06,2.69804751657965E-04
-3.95142667266727E+06,2.70057506109274E-04
-3.95141467146715E+06,2.70309233747078E-04
-3.95140267026703E+06,2.70559933304142E-04
-3.95139066906691E+06,2.70809603522478E-04
-3.95137866786679E+06,2.71058243153346E-04
-3.95136666666667E+06,2.71305850957244E-04
-3.95135466546655E+06,2.71552425703916E-04
-3.95134266426643E+06,2.71797966172308E-04
-3.95133066306631E+06,2.7204247115062E-04
-3.95131866186619E+06,2.72285939436263E-04
-3.95130666066607E+06,2.72528369835864E-04
-3.95129465946595E+06,2.72769761165261E-04
-3.95128265826583E+06,2.73010112249498E-04
-3.95127065706571E+06,2.73249421922818E-04
-3.95125865586559E+06,2.73487689028662E-04
-3.95124665466547E+06,2.73724912419658E-04
-3.95123465346535E+06,2.73961090957632E-04
-3.95122265226523E+06,2.74196223513559E-04
-3.95121065106511E+06,2.74430308967617E-04
-3.95119864986499E+06,2.74663346209144E-04
-3.95118664866487E+06,2.74895334136641E-04
-3.95117464746475E+06,2.75126271657769E-04
-3.95116264626463E+06,2.75356157689339E-04
-3.95115064506451E+06,2.7558499115731E-04
-3.95113864386439E+06,2.75812770996783E-04
-3.95112664266427E+06,2.76039496152004E-04
-3.95111464146415E+06,2.76265165576322E-04
-3.95110264026403E+06,2.76489778232235E-04
-3.95109063906391E+06,2.76713333091355E-04
-3.95107863786379E+06,2.76935829134404E-04
-3.95106663666367E+06,2.77157265351212E-04
-3.95105463546355E+06,2.77377640740708E-04
-3.95104263426343E+06,2.77596954310919E-04
-3.95103063306331E+06,2.7781520507896E-04
-3.95101863186319E+06,2.78032392071029E-04
-3.95100663066307E+06,2.78248514322401E-04
-3.95099462946295E+06,2.7846357087743E-04
-3.95098262826283E+06,2.78677560789511E-04
-3.95097062706271E+06,2.78890483121122E-04
-3.95095862586259E+06,2.79102336943784E-04
-3.95094662466247E+06,2.79313121338065E-04
-3.95093462346235E+06,2.79522835393574E-04
-3.95092262226223E+06,2.7973147820895E-04
-3.95091062106211E+06,2.79939048891862E-04
-3.95089861986199E+06,2.80145546558998E-04
-3.95088661866187E+06,2.80350970336068E-04
-3.95087461746175E+06,2.80555319357767E-04
-3.95086261626163E+06,2.80758592767813E-04
-3.95085061506151E+06,2.80960789718912E-04
-3.95083861386139E+06,2.81161909372755E-04
-3.95082661266127E+06,2.81361950900017E-04
-3.95081461146115E+06,2.81560913480344E-04
-3.95080261026103E+06,2.81758796302352E-04
-3.95079060906091E+06,2.81955598563616E-04
-3.95077860786079E+06,2.82151319470665E-04
-3.95076660666067E+06,2.82345958238982E-04
-3.95075460546055E+06,2.82539514092968E-04
-3.95074260426043E+06,2.82731986265978E-04
-3.95073060306031E+06,2.82923374000287E-04
-3.95071860186019E+06,2.83113676547086E-04
-3.95070660066007E+06,2.8330289316648E-04
-3.95069459945995E+06,2.83491023127477E-04
-3.95068259825983E+06,2.83678065707983E-04
-3.95067059705971E+06,2.83864020194792E-04
-3.95065859585959E+06,2.84048885883583E-04
-3.95064659465947E+06,2.84232662078916E-04
-3.95063459345935E+06,2.84415348094198E-04
-3.95062259225923E+06,2.84596943251717E-04
-3.95061059105911E+06,2.84777446882607E-04
-3.95059858985899E+06,2.84956858326849E-04
-3.95058658865887E+06,2.8513517693326E-04
-3.95057458745875E+06,2.8531240205949E-04
-3.95056258625863E+06,2.85488533072008E-04
-3.95055058505851E+06,2.85663569346102E-04
-3.95053858385839E+06,2.85837510265864E-04
-3.95052658265827E+06,2.86010355224196E-04
-3.95051458145815E+06,2.86182103622769E-04
-3.95050258025803E+06,2.86352754872059E-04
-3.95049057905791E+06,2.86522308391312E-04
-3.95047857785779E+06,2.86690763608543E-04
-3.95046657665767E+06,2.86858119960524E-04
-3.95045457545755E+06,2.87024376892784E-04
-3.95044257425743E+06,2.87189533859593E-04
-3.95043057305731E+06,2.8735359032396E-04
-3.95041857185719E+06,2.87516545757627E-04
-3.95040657065707E+06,2.87678399641036E-04
-3.95039456945695E+06,2.87839151463363E-04
-3.95038256825683E+06,2.8799880072248E-04
-3.95037056705671E+06,2.88157346924953E-04
-3.95035856585659E+06,2.88314789586037E-04
-3.95034656465647E+06,2.88471128229666E-04
-3.95033456345635E+06,2.88626362388443E-04
-3.95032256225623E+06,2.88780491603635E-04
-3.95031056105611E+06,2.88933515425161E-04
-3.95029855985599E+06,2.89085433411591E-04
-3.95028655865587E+06,2.89236245130116E-04
-3.95027455745575E+06,2.89385950156571E-04
-3.95026255625563E+06,2.89534548075404E-04
-3.95025055505551E+06,2.89682038479676E-04
-3.95023855385539E+06,2.89828420971049E-04
-3.95022655265527E+06,2.89973695159777E-04
-3.95021455145515E+06,2.90117860664701E-04
-3.95020255025503E+06,2.90260917113237E-04
-3.95019054905491E+06,2.90402864141367E-04
-3.95017854785479E+06,2.90543701393638E-04
-3.95016654665467E+06,2.9068342852313E-04
-3.95015454545455E+06,2.90822045191478E-04
-3.95014254425443E+06,2.90959551068845E-04
-3.95013054305431E+06,2.91095945833915E-04
-3.95011854185419E+06,2.91231229173886E-04
-3.95010654065407E+06,2.91365400784458E-04
-3.95009453945395E+06,2.91498460369829E-04
-3.95008253825383E+06,2.91630407642681E-04
-3.95007053705371E+06,2.91761242324173E-04
-3.95005853585359E+06,2.91890964143938E-04
-3.95004653465347E+06,2.92019572840048E-04
-3.95003453345335E+06,2.92147068159044E-04
-3.95002253225323E+06,2.92273449855896E-04
-3.95001053105311E+06,2.92398717694009E-04
-3.94999852985299E+06,2.92522871445206E-04
-3.94998652865287E+06,2.92645910889721E-04
-3.94997452745275E+06,2.9276783581619E-04
-3.94996252625263E+06,2.92888646021642E-04
-3.94995052505251E+06,2.93008341311491E-04
-3.94993852385239E+06,2.93126921499511E-04
-3.94992652265227E+06,2.93244386407855E-04
-3.94991452145215E+06,2.93360735867022E-04
-3.94990252025203E+06,2.93475969715857E-04
-3.94989051905191E+06,2.93590087801537E-04
-3.94987851785179E+06,2.93703089979565E-04
-3.94986651665167E+06,2.93814976113757E-04
-3.94985451545155E+06,2.93925746076235E-04
-3.94984251425143E+06,2.94035399747415E-04
-3.94983051305131E+06,2.94143937016001E-04
-3.94981851185119E+06,2.9425135777896E-04
-3.94980651065107E+06,2.94357661941536E-04
-3.94979450945095E+06,2.94462849417225E-04
-3.94978250825083E+06,2.94566920127765E-04
-3.94977050705071E+06,2.9466987400313E-04
-3.94975850585059E+06,2.94771710981518E-04
-3.94974650465047E+06,2.94872431009341E-04
-3.94973450345035E+06,2.94972034041215E-04
-3.94972250225023E+06,2.9507052003995E-04
-3.94971050105011E+06,2.95167888976542E-04
-3.94969849984999E+06,2.9526414083015E-04
-3.94968649864987E+06,2.95359275588106E-04
-3.94967449744975E+06,2.95453293245891E-04
-3.94966249624963E+06,2.95546193807128E-04
-3.94965049504951E+06,2.9563797728357E-04
-3.94963849384939E+06,2.95728643695093E-04
-3.94962649264927E+06,2.95818193069682E-04
-3.94961449144915E+06,2.95906625443421E-04
-3.94960249024903E+06,2.95993940860485E-04
-3.94959048904891E+06,2.96080139373129E-04
-3.94957848784879E+06,2.96165221041668E-04
-3.94956648664867E+06,2.96249185934481E-04
-3.94955448544855E+06,2.96332034127993E-04
-3.94954248424843E+06,2.96413765706664E-04
-3.94953048304831E+06,2.96494380762977E-04
-3.94951848184819E+06,2.9657387939743E-04
-3.94950648064807E+06,2.96652261718526E-04
-3.94949447944795E+06,2.96729527842757E-04
-3.94948247824783E+06,2.96805677894601E-04
-3.94947047704771E+06,2.96880712006498E-04
-3.94945847584759E+06,2.96954630318853E-04
-3.94944647464747E+06,2.9702743298002E-04
-3.94943447344735E+06,2.97099120146289E-04
-3.94942247224723E+06,2.97169691981874E-04
-3.94941047104711E+06,2.97239148658906E-04
-3.94939846984699E+06,2.9730749035742E-04
-3.94938646864687E+06,2.97374717265341E-04
-3.94937446744675E+06,2.97440829578479E-04
-3.94936246624663E+06,2.97505827500513E-04
-3.94935046504651E+06,2.97569711242975E-04
-3.94933846384639E+06,2.97632481025252E-04
-3.94932646264627E+06,2.97694137074564E-04
-3.94931446144615E+06,2.97754679625954E-04
-3.94930246024603E+06,2.97814108922282E-04
-3.94929045904591E+06,2.97872425214207E-04
-3.94927845784579E+06,2.97929628760177E-04
-3.94926645664567E+06,2.97985719826423E-04
-3.94925445544555E+06,2.98040698686939E-04
-3.94924245424543E+06,2.98094565623478E-04
-3.94923045304531E+06,2.98147320925532E-04
-3.94921845184519E+06,2.98198964890329E-04
-3.94920645064507E+06,2.98249497822818E-04
-3.94919444944495E+06,2.98298920035655E-04
-3.94918244824483E+06,2.98347231849194E-04
-3.94917044704471E+06,2.98394433591475E-04
-3.94915844584459E+06,2.9844052559821E-04
-3.94914644464447E+06,2.98485508212773E-04
-3.94913444344435E+06,2.98529381786189E-04
-3.94912244224423E+06,2.98572146677122E-04
-3.94911044104411E+06,2.98613803251857E-04
-3.94909843984399E+06,2.98654351884297E-04
-3.94908643864387E+06,2.98693792955947E-04
-3.94907443744375E+06,2.98732126855901E-04
-3.94906243624363E+06,2.98769353980832E-04
-3.94905043504351E+06,2.98805474734977E-04
-3.94903843384339E+06,2.98840489530129E-04
-3.94902643264327E+06,2.98874398785621E-04
-3.94901443144315E+06,2.98907202928318E-04
-3.94900243024303E+06,2.98938902392597E-04
-3.94899042904291E+06,2.98969497620346E-04
-3.94897842784279E+06,2.98998989060941E-04
-3.94896642664267E+06,2.99027377171242E-04
-3.94895442544255E+06,2.99054662415576E-04
-3.94894242424243E+06,2.99080845265724E-04
-3.94893042304231E+06,2.99105926200914E-04
-3.94891842184219E+06,2.99129905707802E-04
-3.94890642064207E+06,2.99152784280463E-04
-3.94889441944195E+06,2.99174562420381E-04
-3.94888241824183E+06,2.99195240636428E-04
-3.94887041704171E+06,2.99214819444863E-04
-3.94885841584159E+06,2.9923329936931E-04
-3.94884641464147E+06,2.99250680940749E-04
-3.94883441344135E+06,2.99266964697506E-04
-3.94882241224123E+06,2.99282151185236E-04
-3.94881041104111E+06,2.99296240956911E-04
-3.94879840984099E+06,2.9930923457281E-04
-3.94878640864087E+06,2.99321132600504E-04
-3.94877440744075E+06,2.99331935614843E-04
-3.94876240624063E+06,2.99341644197947E-04
-3.94875040504051E+06,2.99350258939186E-04
-3.94873840384039E+06,2.99357780435176E-04
-3.94872640264027E+06,2.99364209289757E-04
-3.94871440144015E+06,2.9936954611399E-04
-3.94870240024003E+06,2.99373791526133E-04
-3.94869039903991E+06,2.99376946151639E-04
-3.94867839783979E+06,2.99379010623134E-04
-3.94866639663967E+06,2.9937998558041E-04
-3.94865439543955E+06,2.9937987167041E-04
-3.94864239423943E+06,2.99378669547214E-04
-3.94863039303931E+06,2.99376379872026E-04
-3.94861839183919E+06,2.99373003313163E-04
-3.94860639063907E+06,2.9936854054604E-04
-3.94859438943895E+06,2.99362992253157E-04
-3.94858238823883E+06,2.99356359124087E-04
-3.94857038703871E+06,2.9934864185546E-04
-3.94855838583859E+06,2.99339841150955E-04
-3.94854638463847E+06,2.99329957721279E-04
-3.94853438343835E+06,2.99318992284163E-04
-3.94852238223823E+06,2.99306945564339E-04
-3.94851038103811E+06,2.99293818293536E-04
-3.94849837983799E+06,2.99279611210458E-04
-3.94848637863787E+06,2.99264325060777E-04
-3.94847437743775E+06,2.99247960597118E-04
-3.94846237623763E+06,2.99230518579042E-04
-3.94845037503751E+06,2.99211999773038E-04
-3.94843837383739E+06,2.99192404952505E-04
-3.94842637263727E+06,2.99171734897741E-04
-3.94841437143715E+06,2.9914999039593E-04
-3.94840237023703E+06,2.99127172241126E-04
-3.94839036903691E+06,2.9910328123424E-04
-3.94837836783679E+06,2.99078318183028E-04
-3.94836636663667E+06,2.99052283902077E-04
-3.94835436543655E+06,2.99025179212788E-04
-3.94834236423643E+06,2.98997004943367E-04
-3.94833036303631E+06,2.9896776192881E-04
-3.94831836183619E+06,2.98937451010886E-04
-3.94830636063607E+06,2.98906073038126E-04
-3.94829435943595E+06,2.98873628865814E-04
-3.94828235823583E+06,2.98840119355961E-04
-3.94827035703571E+06,2.98805545377302E-04
-3.94825835583559E+06,2.98769907805278E-04
-3.94824635463547E+06,2.98733207522022E-04
-3.94823435343535E+06,2.98695445416346E-04
-3.94822235223523E+06,2.98656622383725E-04
-3.94821035103511E+06,2.98616739326288E-04
-3.94819834983499E+06,2.98575797152798E-04
-3.94818634863487E+06,2.9853379677864E-04
-3.94817434743475E+06,2.98490739125812E-04
-3.94816234623463E+06,2.98446625122902E-04
-3.94815034503451E+06,2.98401455705081E-04
-3.94813834383439E+06,2.98355231814084E-04
-3.94812634263427E+06,2.98307954398201E-04
-3.94811434143415E+06,2.98259624412259E-04
-3.94810234023403E+06,2.98210242817609E-04
-3.94809033903391E+06,2.98159810582111E-04
-3.94807833783379E+06,2.9810832868012E-04
-3.94806633663367E+06,2.98055798092476E-04
-3.94805433543355E+06,2.98002219806484E-04
-3.94804233423343E+06,2.97947594815899E-04
-3.94803033303331E+06,2.97891924120918E-04
-3.94801833183319E+06,2.9783520872816E-04
-3.94800633063307E+06,2.97777449650656E-04
-3.94799432943295E+06,2.9771864790783E-04
-3.94798232823283E+06,2.97658804525488E-04
-3.94797032703271E+06,2.97597920535804E-04
-3.94795832583259E+06,2.97535996977298E-04
-3.94794632463247E+06,2.97473034894839E-04
-3.94793432343235E+06,2.9740903533961E-04
-3.94792232223223E+06,2.97343999369106E-04
-3.94791032103211E+06,2.97277928047114E-04
-3.94789831983199E+06,2.97210822443703E-04
-3.94788631863187E+06,2.97142683635207E-04
-3.94787431743175E+06,2.97073512704209E-04
-3.94786231623163E+06,2.97003310739529E-04
-3.94785031503151E+06,2.96932078836208E-04
-3.94783831383139E+06,2.9685981809549E-04
-3.94782631263127E+06,2.9678652962482E-04
-3.94781431143115E+06,2.96712214537814E-04
-3.94780231023103E+06,2.96636873954249E-04
-3.94779030903091E+06,2.96560509000053E-04
-3.94777830783079E+06,2.96483120807286E-04
-3.94776630663067E+06,2.96404710514127E-04
-3.94775430543055E+06,2.96325279264857E-04
-3.94774230423043E+06,2.96244828209848E-04
-3.94773030303031E+06,2.96163358505543E-04
-3.94771830183019E+06,2.96080871314443E-04
-3.94770630063007E+06,2.95997367805102E-04
-3.94769429942995E+06,2.95912849152094E-04
-3.94768229822983E+06,2.9582731653601E-04
-3.94767029702971E+06,2.95740771143442E-04
-3.94765829582959E+06,2.95653214166963E-04
-3.94764629462947E+06,2.95564646805119E-04
-3.94763429342935E+06,2.95475070262409E-04
-3.94762229222923E+06,2.95384485749272E-04
-3.9476102910291E+06,2.95292894482068E-04
-3.94759828982898E+06,2.95200297683076E-04
-3.94758628862887E+06,2.9510669658046E-04
-3.94757428742875E+06,2.95012092408267E-04
-3.94756228622863E+06,2.94916486406408E-04
-3.9475502850285E+06,2.94819879820642E-04
-3.94753828382839E+06,2.94722273902563E-04
-3.94752628262827E+06,2.94623669909584E-04
-3.94751428142815E+06,2.94524069104922E-04
-3.94750228022803E+06,2.94423472757581E-04
-3.9474902790279E+06,2.94321882142335E-04
-3.94747827782778E+06,2.94219298539729E-04
-3.94746627662766E+06,2.94115723236038E-04
-3.94745427542754E+06,2.94011157523269E-04
-3.94744227422742E+06,2.9390560269914E-04
-3.9474302730273E+06,2.93799060067068E-04
-3.94741827182719E+06,2.93691530936151E-04
-3.94740627062707E+06,2.93583016621151E-04
-3.94739426942695E+06,2.93473518442485E-04
-3.94738226822683E+06,2.93363037726203E-04
-3.9473702670267E+06,2.93251575803972E-04
-3.94735826582658E+06,2.93139134013077E-04
-3.94734626462646E+06,2.93025713696379E-04
-3.94733426342634E+06,2.92911316202317E-04
-3.94732226222622E+06,2.9279594288489E-04
-3.9473102610261E+06,2.92679595103639E-04
-3.94729825982598E+06,2.92562274223633E-04
-3.94728625862586E+06,2.92443981615454E-04
-3.94727425742575E+06,2.92324718655179E-04
-3.94726225622563E+06,2.92204486724368E-04
-3.9472502550255E+06,2.92083287210041E-04
-3.94723825382538E+06,2.91961121504682E-04
-3.94722625262526E+06,2.91837991006196E-04
-3.94721425142514E+06,2.91713897117911E-04
-3.94720225022502E+06,2.9158884124856E-04
-3.9471902490249E+06,2.91462824812261E-04
-3.94717824782478E+06,2.91335849228507E-04
-3.94716624662466E+06,2.91207915922145E-04
-3.94715424542454E+06,2.91079026323364E-04
-3.94714224422442E+06,2.90949181867673E-04
-3.9471302430243E+06,2.90818383995906E-04
-3.94711824182418E+06,2.90686634154174E-04
-3.94710624062406E+06,2.90553933793873E-04
-3.94709423942394E+06,2.9042028437166E-04
-3.94708223822382E+06,2.90285687349439E-04
-3.9470702370237E+06,2.90150144194344E-04
-3.94705823582358E+06,2.90013656378726E-04
-3.94704623462346E+06,2.89876225380132E-04
-3.94703423342334E+06,2.89737852681296E-04
-3.94702223222322E+06,2.89598539770116E-04
-3.9470102310231E+06,2.89458288139639E-04
-3.94699822982298E+06,2.89317099288064E-04
-3.94698622862286E+06,2.89174974718691E-04
-3.94697422742274E+06,2.89031915939933E-04
-3.94696222622262E+06,2.8888792446529E-04
-3.9469502250225E+06,2.88743001813334E-04
-3.94693822382238E+06,2.88597149507692E-04
-3.94692622262226E+06,2.88450369077035E-04
-3.94691422142214E+06,2.88302662055057E-04
-3.94690222022202E+06,2.88154029980453E-04
-3.9468902190219E+06,2.88004474396931E-04
-3.94687821782178E+06,2.87853996853156E-04
-3.94686621662166E+06,2.87702598902762E-04
-3.94685421542154E+06,2.87550282104324E-04
-3.94684221422142E+06,2.87397048021349E-04
-3.9468302130213E+06,2.87242898222256E-04
-3.94681821182118E+06,2.87087834280359E-04
-3.94680621062106E+06,2.86931857773855E-04
-3.94679420942094E+06,2.86774970285803E-04
-3.94678220822082E+06,2.86617173404107E-04
-3.9467702070207E+06,2.86458468721518E-04
-3.94675820582058E+06,2.86298857835589E-04
-3.94674620462046E+06,2.86138342348677E-04
-3.94673420342034E+06,2.85976923867923E-04
-3.94672220222022E+06,2.85814604005236E-04
-3.9467102010201E+06,2.85651384377277E-04
-3.94669819981998E+06,2.85487266605443E-04
-3.94668619861986E+06,2.8532225231585E-04
-3.94667419741974E+06,2.85156343139317E-04
-3.94666219621962E+06,2.84989540711344E-04
-3.9466501950195E+06,2.84821846672121E-04
-3.94663819381938E+06,2.84653262666472E-04
-3.94662619261926E+06,2.84483790343868E-04
-3.94661419141914E+06,2.84313431358402E-04
-3.94660219021902E+06,2.84142187368772E-04
-3.9465901890189E+06,2.83970060038265E-04
-3.94657818781878E+06,2.83797051034742E-04
-3.94656618661866E+06,2.83623162030623E-04
-3.94655418541854E+06,2.83448394702867E-04
-3.94654218421842E+06,2.83272750732951E-04
-3.9465301830183E+06,2.8309623180688E-04
-3.94651818181818E+06,2.82918839615132E-04
-3.94650618061806E+06,2.82740575852666E-04
-3.94649417941794E+06,2.82561442218903E-04
-3.94648217821782E+06,2.82381440417703E-04
-3.9464701770177E+06,2.82200572157356E-04
-3.94645817581758E+06,2.8201883915056E-04
-3.94644617461746E+06,2.81836243114409E-04
-3.94643417341734E+06,2.81652785770365E-04
-3.94642217221722E+06,2.81468468844274E-04
-3.9464101710171E+06,2.81283294066306E-04
-3.94639816981698E+06,2.81097263170964E-04
-3.94638616861686E+06,2.80910377897066E-04
-3.94637416741674E+06,2.80722639987723E-04
-3.94636216621662E+06,2.80534051190326E-04
-3.9463501650165E+06,2.80344613256529E-04
-3.94633816381638E+06,2.80154327942232E-04
-3.94632616261626E+06,2.79963197007564E-04
-3.94631416141614E+06,2.7977122221686E-04
-3.94630216021602E+06,2.79578405338676E-04
-3.9462901590159E+06,2.79384748145723E-04
-3.94627815781578E+06,2.79190252414885E-04
-3.94626615661566E+06,2.78994919927194E-04
-3.94625415541554E+06,2.78798752467811E-04
-3.94624215421542E+06,2.78601751826013E-04
-3.9462301530153E+06,2.78403919795174E-04
-3.94621815181518E+06,2.78205258172748E-04
-3.94620615061506E+06,2.78005768760258E-04
-3.94619414941494E+06,2.77805453363262E-04
-3.94618214821482E+06,2.77604313791377E-04
-3.9461701470147E+06,2.7740235185821E-04
-3.94615814581458E+06,2.77199569381375E-04
-3.94614614461446E+06,2.76995968182467E-04
-3.94613414341434E+06,2.76791550087049E-04
-3.94612214221422E+06,2.7658631692463E-04
-3.9461101410141E+06,2.76380270528652E-04
-3.94609813981398E+06,2.76173412736475E-04
-3.94608613861386E+06,2.75965745389354E-04
-3.94607413741374E+06,2.75757270332422E-04
-3.94606213621362E+06,2.75547989414701E-04
-3.9460501350135E+06,2.75337904489037E-04
-3.94603813381338E+06,2.75127017412118E-04
-3.94602613261326E+06,2.74915330044447E-04
-3.94601413141314E+06,2.74702844250329E-04
-3.94600213021302E+06,2.74489561897848E-04
-3.9459901290129E+06,2.74275484858856E-04
-3.94597812781278E+06,2.74060615008956E-04
-3.94596612661266E+06,2.73844954227472E-04
-3.94595412541254E+06,2.73628504397472E-04
-3.94594212421242E+06,2.73411267405698E-04
-3.9459301230123E+06,2.73193245142583E-04
-3.94591812181218E+06,2.72974439502225E-04
-3.94590612061206E+06,2.72754852382374E-04
-3.94589411941194E+06,2.7253448568441E-04
-3.94588211821182E+06,2.72313341313332E-04
-3.9458701170117E+06,2.72091421177735E-04
-3.94585811581158E+06,2.71868727189801E-04
-3.94584611461146E+06,2.71645261265265E-04
-3.94583411341134E+06,2.71421025323441E-04
-3.94582211221122E+06,2.71196021287148E-04
-3.9458101110111E+06,2.7097025108273E-04
-3.94579810981098E+06,2.70743716640029E-04
-3.94578610861086E+06,2.70516419892372E-04
-3.94577410741074E+06,2.70288362776549E-04
-3.94576210621062E+06,2.70059547232801E-04
-3.9457501050105E+06,2.69829975204801E-04
-3.94573810381038E+06,2.69599648639638E-04
-3.94572610261026E+06,2.69368569487789E-04
-3.94571410141014E+06,2.69136739703142E-04
-3.94570210021002E+06,2.68904161242924E-04
-3.9456900990099E+06,2.68670836067717E-04
-3.94567809780978E+06,2.68436766141438E-04
-3.94566609660966E+06,2.68201953431316E-04
-3.94565409540954E+06,2.67966399907882E-04
-3.94564209420942E+06,2.67730107544945E-04
-3.9456300930093E+06,2.67493078319582E-04
-3.94561809180918E+06,2.67255314212116E-04
-3.94560609060906E+06,2.67016817206094E-04
-3.94559408940894E+06,2.66777589288303E-04
-3.94558208820882E+06,2.66537632448704E-04
-3.9455700870087E+06,2.66296948680443E-04
-3.94555808580858E+06,2.66055539979836E-04
-3.94554608460846E+06,2.65813408346342E-04
-3.94553408340834E+06,2.65570555782553E-04
-3.94552208220822E+06,2.65326984294175E-04
-3.9455100810081E+06,2.65082695890012E-04
-3.94549807980798E+06,2.64837692581935E-04
-3.94548607860786E+06,2.64591976384914E-04
-3.94547407740774E+06,2.6434554931693E-04
-3.94546207620762E+06,2.6409841339901E-04
-3.9454500750075E+06,2.6385057065519E-04
-3.94543807380738E+06,2.63602023112504E-04
-3.94542607260726E+06,2.63352772800968E-04
-3.94541407140714E+06,2.63102821753557E-04
-3.94540207020702E+06,2.62852172006195E-04
-3.9453900690069E+06,2.62600825597735E-04
-3.94537806780678E+06,2.62348784569932E-04
-3.94536606660666E+06,2.62096050967468E-04
-3.94535406540654E+06,2.61842626837873E-04
-3.94534206420642E+06,2.61588514231549E-04
-3.9453300630063E+06,2.61333715201745E-04
-3.94531806180618E+06,2.61078231804539E-04
-3.94530606060606E+06,2.60822066098819E-04
-3.94529405940594E+06,2.60565220146269E-04
-3.94528205820582E+06,2.60307696011352E-04
-3.9452700570057E+06,2.60049495761293E-04
-3.94525805580558E+06,2.5979062146605E-04
-3.94524605460546E+06,2.59531075198342E-04
-3.94523405340534E+06,2.59270859033565E-04
-3.94522205220522E+06,2.59009975049823E-04
-3.9452100510051E+06,2.58748425327898E-04
-3.94519804980498E+06,2.5848621195123E-04
-3.94518604860486E+06,2.58223337005905E-04
-3.94517404740474E+06,2.57959802580638E-04
-3.94516204620462E+06,2.5769561076675E-04
-3.9451500450045E+06,2.57430763658162E-04
-3.94513804380438E+06,2.57165263351355E-04
-3.94512604260426E+06,2.56899111945408E-04
-3.94511404140414E+06,2.56632311541906E-04
-3.94510204020402E+06,2.56364864244978E-04
-3.9450900390039E+06,2.56096772161257E-04
-3.94507803780378E+06,2.55828037399872E-04
-3.94506603660366E+06,2.55558662072429E-04
-3.94505403540354E+06,2.55288648292993E-04
-3.94504203420342E+06,2.55017998178071E-04
-3.9450300330033E+06,2.54746713846587E-04
-3.94501803180318E+06,2.54474797419905E-04
-3.94500603060306E+06,2.54202251021752E-04
-3.94499402940294E+06,2.5392907677824E-04
-3.94498202820282E+06,2.5365527681784E-04
-3.9449700270027E+06,2.53380853271367E-04
-3.94495802580258E+06,2.5310580827196E-04
-3.94494602460246E+06,2.52830143955067E-04
-3.94493402340234E+06,2.52553862458432E-04
-3.94492202220222E+06,2.52276965922069E-04
-3.9449100210021E+06,2.51999456488244E-04
-3.94489801980198E+06,2.51721336301495E-04
-3.94488601860186E+06,2.51442607508557E-04
-3.94487401740174E+06,2.51163272258379E-04
-3.94486201620162E+06,2.50883332702106E-04
-3.9448500150015E+06,2.50602790993058E-04
-3.94483801380138E+06,2.50321649286711E-04
-3.94482601260126E+06,2.50039909740685E-04
-3.94481401140114E+06,2.49757574514725E-04
-3.94480201020102E+06,2.49474645770685E-04
-3.9447900090009E+06,2.49191125672497E-04
-3.94477800780078E+06,2.48907016386205E-04
-3.94476600660066E+06,2.48622320079876E-04
-3.94475400540054E+06,2.48337038923631E-04
-3.94474200420042E+06,2.48051175089614E-04
-3.9447300030003E+06,2.4776473075198E-04
-3.94471800180018E+06,2.47477708086875E-04
-3.94470600060006E+06,2.47190109272419E-04
-3.94469399939994E+06,2.46901936488691E-04
-3.94468199819982E+06,2.46613191917714E-04
-3.9446699969997E+06,2.46323877743422E-04
-3.94465799579958E+06,2.46033996151693E-04
-3.94464599459946E+06,2.45743549330261E-04
-3.94463399339934E+06,2.45452539468751E-04
-3.94462199219922E+06,2.45160968758642E-04
-3.9446099909991E+06,2.44868839393257E-04
-3.94459798979898E+06,2.44576153567745E-04
-3.94458598859886E+06,2.44282913479064E-04
-3.94457398739874E+06,2.43989121325963E-04
-3.94456198619862E+06,2.43694779308956E-04
-3.9445499849985E+06,2.4339988963035E-04
-3.94453798379838E+06,2.43104454494161E-04
-3.94452598259826E+06,2.42808476106143E-04
-3.94451398139814E+06,2.42511956673757E-04
-3.94450198019802E+06,2.4221489840616E-04
-3.9444899789979E+06,2.41917303514181E-04
-3.94447797779778E+06,2.41619174210314E-04
-3.94446597659766E+06,2.41320512708692E-04
-3.94445397539754E+06,2.41021321225078E-04
-3.94444197419742E+06,2.40721601976829E-04
-3.9444299729973E+06,2.40421357182936E-04
-3.94441797179718E+06,2.40120589063929E-04
-3.94440597059706E+06,2.3981929984191E-04
-3.94439396939694E+06,2.39517491740527E-04
-3.94438196819682E+06,2.39215166984955E-04
-3.9443699669967E+06,2.38912327801879E-04
-3.94435796579658E+06,2.3860897641948E-04
-3.94434596459646E+06,2.38305115067417E-04
-3.94433396339634E+06,2.3800074597681E-04
-3.94432196219622E+06,2.37695871380213E-04
-3.9443099609961E+06,2.37390493511646E-04
-3.94429795979598E+06,2.37084614606504E-04
-3.94428595859586E+06,2.36778236901589E-04
-3.94427395739574E+06,2.36471362635085E-04
-3.94426195619562E+06,2.36163994046539E-04
-3.9442499549955E+06,2.35856133376842E-04
-3.94423795379538E+06,2.35547782868219E-04
-3.94422595259526E+06,2.35238944764207E-04
-3.94421395139514E+06,2.3492962130964E-04
-3.94420195019502E+06,2.34619814750624E-04
-3.9441899489949E+06,2.34309527334563E-04
-3.94417794779478E+06,2.33998761310076E-04
-3.94416594659466E+06,2.33687518927023E-04
-3.94415394539454E+06,2.33375802436484E-04
-3.94414194419442E+06,2.33063614090736E-04
-3.9441299429943E+06,2.32750956143239E-04
-3.94411794179418E+06,2.32437830848622E-04
-3.94410594059406E+06,2.32124240462663E-04
-3.94409393939394E+06,2.31810187242261E-04
-3.94408193819382E+06,2.31495673445473E-04
-3.9440699369937E+06,2.3118070133142E-04
-3.94405793579358E+06,2.30865273160318E-04
-3.94404593459346E+06,2.30549391193457E-04
-3.94403393339334E+06,2.30233057693176E-04
-3.94402193219322E+06,2.29916274922853E-04
-3.9440099309931E+06,2.29599045146887E-04
-3.94399792979298E+06,2.29281370630679E-04
-3.94398592859286E+06,2.28963253640622E-04
-3.94397392739274E+06,2.28644696444065E-04
-3.94396192619262E+06,2.28325701309352E-04
-3.9439499249925E+06,2.28006270505729E-04
-3.94393792379238E+06,2.27686406303378E-04
-3.94392592259226E+06,2.27366110973389E-04
-3.94391392139214E+06,2.27045386787743E-04
-3.94390192019202E+06,2.26724236019295E-04
-3.9438899189919E+06,2.2640266094176E-04
-3.94387791779178E+06,2.26080663829696E-04
-3.94386591659166E+06,2.25758246958488E-04
-3.94385391539154E+06,2.25435412604319E-04
-3.94384191419142E+06,2.25112163044203E-04
-3.9438299129913E+06,2.24788500555899E-04
-3.94381791179118E+06,2.24464427417935E-04
-3.94380591059106E+06,2.24139945909592E-04
-3.94379390939094E+06,2.23815058310876E-04
-3.94378190819082E+06,2.23489766902512E-04
-3.9437699069907E+06,2.2316407396592E-04
-3.94375790579058E+06,2.22837981783206E-04
-3.94374590459046E+06,2.22511492637139E-04
-3.94373390339034E+06,2.22184608811127E-04
-3.94372190219022E+06,2.21857332589253E-04
-3.9437099009901E+06,2.21529666256179E-04
-3.94369789978998E+06,2.2120161209718E-04
-3.94368589858986E+06,2.20873172398123E-04
-3.94367389738974E+06,2.20544349445442E-04
-3.94366189618962E+06,2.20215145526126E-04
-3.9436498949895E+06,2.19885562927707E-04
-3.94363789378938E+06,2.19555603938236E-04
-3.94362589258926E+06,2.19225270846261E-04
-3.94361389138914E+06,2.18894565940859E-04
-3.94360189018902E+06,2.18563491511545E-04
-3.9435898889889E+06,2.18232049848308E-04
-3.94357788778878E+06,2.17900243241578E-04
-3.94356588658866E+06,2.17568073982216E-04
-3.94355388538854E+06,2.17235544361495E-04
-3.94354188418842E+06,2.16902656671085E-04
-3.9435298829883E+06,2.16569413203037E-04
-3.94351788178818E+06,2.16235816249766E-04
-3.94350588058806E+06,2.15901868104027E-04
-3.94349387938794E+06,2.15567571058943E-04
-3.94348187818782E+06,2.15232927407922E-04
-3.9434698769877E+06,2.14897939444683E-04
-3.94345787578758E+06,2.14562609463235E-04
-3.94344587458746E+06,2.14226939757855E-04
-3.94343387338734E+06,2.13890932623078E-04
-3.94342187218722E+06,2.1355459035368E-04
-3.9434098709871E+06,2.13217915244658E-04
-3.94339786978698E+06,2.12880909591221E-04
-3.94338586858686E+06,2.12543575688757E-04
-3.94337386738674E+06,2.12205915832869E-04
-3.94336186618662E+06,2.11867932319285E-04
-3.9433498649865E+06,2.11529627443894E-04
-3.94333786378638E+06,2.11191003502712E-04
-3.94332586258626E+06,2.10852062791873E-04
-3.94331386138614E+06,2.10512807607612E-04
-3.94330186018602E+06,2.10173240246246E-04
-3.9432898589859E+06,2.09833363004162E-04
-3.94327785778578E+06,2.09493178177803E-04
-3.94326585658566E+06,2.09152688063632E-04
-3.94325385538554E+06,2.0881189495818E-04
-3.94324185418542E+06,2.08470801157942E-04
-3.9432298529853E+06,2.08129408959418E-04
-3.94321785178518E+06,2.07787720659088E-04
-3.94320585058506E+06,2.07445738553389E-04
-3.94319384938494E+06,2.07103464938707E-04
-3.94318184818482E+06,2.06760902111358E-04
-3.9431698469847E+06,2.06418052367572E-04
-3.94315784578458E+06,2.06074918003467E-04
-3.94314584458446E+06,2.05731501315085E-04
-3.94313384338434E+06,2.05387804598297E-04
-3.94312184218422E+06,2.05043830148842E-04
-3.9431098409841E+06,2.046995802623E-04
-3.94309783978398E+06,2.04355057234069E-04
-3.94308583858386E+06,2.04010263359363E-04
-3.94307383738374E+06,2.03665200933183E-04
-3.94306183618362E+06,2.03319872250313E-04
-3.9430498349835E+06,2.02974279605296E-04
-3.94303783378338E+06,2.02628425292425E-04
-3.94302583258326E+06,2.02282311605712E-04
-3.94301383138314E+06,2.01935940838928E-04
-3.94300183018302E+06,2.01589315285504E-04
-3.9429898289829E+06,2.01242437238574E-04
-3.94297782778278E+06,2.00895308990943E-04
-3.94296582658266E+06,2.00547932835076E-04
-3.94295382538254E+06,2.00200311063076E-04
-3.94294182418242E+06,1.99852445966678E-04
-3.9429298229823E+06,1.99504339837226E-04
-3.94291782178218E+06,1.99155994965651E-04
-3.94290582058206E+06,1.98807413642504E-04
-3.94289381938194E+06,1.98458598157866E-04
-3.94288181818182E+06,1.98109550801381E-04
-3.9428698169817E+06,1.97760273862234E-04
-3.94285781578158E+06,1.97410769629131E-04
-3.94284581458146E+06,1.97061040390286E-04
-3.94283381338134E+06,1.96711088433408E-04
-3.94282181218122E+06,1.96360916045681E-04
-3.9428098109811E+06,1.96010525513757E-04
-3.94279780978098E+06,1.9565991912372E-04
-3.94278580858086E+06,1.95309099161129E-04
-3.94277380738074E+06,1.94958067910923E-04
-3.94276180618062E+06,1.94606827657459E-04
-3.9427498049805E+06,1.94255380684481E-04
-3.94273780378038E+06,1.93903729275112E-04
-3.94272580258026E+06,1.93551875711834E-04
-3.94271380138014E+06,1.93199822276473E-04
-3.94270180018002E+06,1.9284757125019E-04
-3.9426897989799E+06,1.92495124913458E-04
-3.94267779777978E+06,1.92142485546041E-04
-3.94266579657966E+06,1.91789655427031E-04
-3.94265379537954E+06,1.91436636834752E-04
-3.94264179417942E+06,1.91083432046799E-04
-3.9426297929793E+06,1.90730043340011E-04
-3.94261779177918E+06,1.90376472990457E-04
-3.94260579057906E+06,1.90022723273419E-04
-3.94259378937894E+06,1.89668796463381E-04
-3.94258178817882E+06,1.89314694834012E-04
-3.9425697869787E+06,1.88960420658151E-04
-3.94255778577858E+06,1.88605976207784E-04
-3.94254578457846E+06,1.88251363754077E-04
-3.94253378337834E+06,1.87896585567283E-04
-3.94252178217822E+06,1.87541643916786E-04
-3.9425097809781E+06,1.87186541071065E-04
-3.94249777977798E+06,1.86831279297688E-04
-3.94248577857786E+06,1.86475860863291E-04
-3.94247377737774E+06,1.86120288033569E-04
-3.94246177617762E+06,1.85764563073257E-04
-3.9424497749775E+06,1.85408688246105E-04
-3.94243777377738E+06,1.8505266581492E-04
-3.94242577257726E+06,1.84696498041466E-04
-3.94241377137714E+06,1.84340187186504E-04
-3.94240177017702E+06,1.83983735509771E-04
-3.9423897689769E+06,1.83627145269958E-04
-3.94237776777678E+06,1.83270418724699E-04
-3.94236576657666E+06,1.82913558130558E-04
-3.94235376537654E+06,1.82556565743015E-04
-3.94234176417642E+06,1.82199443816448E-04
-3.9423297629763E+06,1.8184219460411E-04
-3.94231776177618E+06,1.81484820358169E-04
-3.94230576057606E+06,1.81127323329609E-04
-3.94229375937594E+06,1.80769705768271E-04
-3.94228175817582E+06,1.80411969922832E-04
-3.9422697569757E+06,1.8005411804078E-04
-3.94225775577558E+06,1.7969615236841E-04
-3.94224575457546E+06,1.79338075150806E-04
-3.94223375337534E+06,1.78979888631826E-04
-3.94222175217522E+06,1.7862159505409E-04
-3.9422097509751E+06,1.7826319665895E-04
-3.94219774977498E+06,1.77904695686538E-04
-3.94218574857486E+06,1.7754609437566E-04
-3.94217374737474E+06,1.77187394963844E-04
-3.94216174617462E+06,1.76828599687311E-04
-3.9421497449745E+06,1.7646971078096E-04
-3.94213774377438E+06,1.76110730478355E-04
-3.94212574257426E+06,1.75751661011713E-04
-3.94211374137414E+06,1.75392504611888E-04
-3.94210174017402E+06,1.75033263508357E-04
-3.9420897389739E+06,1.74673939929195E-04
-3.94207773777378E+06,1.74314536101117E-04
-3.94206573657366E+06,1.73955054249377E-04
-3.94205373537354E+06,1.73595496597815E-04
-3.94204173417342E+06,1.73235865368825E-04
-3.9420297329733E+06,1.72876162783348E-04
-3.94201773177318E+06,1.7251639106085E-04
-3.94200573057306E+06,1.72156552419316E-04
-3.94199372937294E+06,1.71796649075232E-04
-3.94198172817282E+06,1.71436683243561E-04
-3.9419697269727E+06,1.71076657137781E-04
-3.94195772577258E+06,1.70716572969793E-04
-3.94194572457246E+06,1.7035643294996E-04
-3.94193372337234E+06,1.6999623928708E-04
-3.94192172217222E+06,1.69635994188375E-04
-3.9419097209721E+06,1.69275699859476E-04
-3.94189771977198E+06,1.68915358504408E-04
-3.94188571857186E+06,1.68554972325582E-04
-3.94187371737174E+06,1.68194543523776E-04
-3.94186171617162E+06,1.6783407429811E-04
-3.9418497149715E+06,1.67473566846093E-04
-3.94183771377138E+06,1.67113023363517E-04
-3.94182571257126E+06,1.66752446044508E-04
-3.94181371137114E+06,1.66391837081497E-04
-3.94180171017102E+06,1.66031198665202E-04
-3.9417897089709E+06,1.65670532984622E-04
-3.94177770777078E+06,1.65309842227019E-04
-3.94176570657066E+06,1.64949128577908E-04
-3.94175370537054E+06,1.64588394221042E-04
-3.94174170417042E+06,1.64227641338387E-04
-3.9417297029703E+06,1.63866872110162E-04
-3.94171770177018E+06,1.63506088714746E-04
-3.94170570057006E+06,1.63145293328718E-04
-3.94169369936994E+06,1.62784488126832E-04
-3.94168169816982E+06,1.62423675282003E-04
-3.9416696969697E+06,1.62062856965295E-04
-3.94165769576958E+06,1.61702035345908E-04
-3.94164569456946E+06,1.61341212591165E-04
-3.94163369336934E+06,1.60980390866499E-04
-3.94162169216922E+06,1.60619572335428E-04
-3.9416096909691E+06,1.60258759159596E-04
-3.94159768976898E+06,1.59897953498677E-04
-3.94158568856886E+06,1.59537157510422E-04
-3.94157368736874E+06,1.59176373350624E-04
-3.94156168616862E+06,1.58815603173115E-04
-3.9415496849685E+06,1.58454849129747E-04
-3.94153768376838E+06,1.58094113370382E-04
-3.94152568256826E+06,1.57733398042878E-04
-3.94151368136814E+06,1.57372705293066E-04
-3.94150168016802E+06,1.57012037264788E-04
-3.9414896789679E+06,1.56651396099806E-04
-3.94147767776778E+06,1.56290783937842E-04
-3.94146567656766E+06,1.55930202916554E-04
-3.94145367536754E+06,1.5556965517152E-04
-3.94144167416742E+06,1.55209142836232E-04
-3.9414296729673E+06,1.54848668042076E-04
-3.94141767176718E+06,1.54488232918325E-04
-3.94140567056706E+06,1.54127839592126E-04
-3.94139366936694E+06,1.53767490188473E-04
-3.94138166816682E+06,1.53407186830251E-04
-3.9413696669667E+06,1.53046931638137E-04
-3.94135766576658E+06,1.5268672673065E-04
-3.94134566456646E+06,1.5232657422412E-04
-3.94133366336634E+06,1.51966476232676E-04
-3.94132166216622E+06,1.51606434868238E-04
-3.9413096609661E+06,1.512464522405E-04
-3.94129765976598E+06,1.50886530456921E-04
-3.94128565856586E+06,1.50526671622711E-04
-3.94127365736574E+06,1.50166877840807E-04
-3.94126165616562E+06,1.49807151211917E-04
-3.9412496549655E+06,1.49447493834422E-04
-3.94123765376538E+06,1.49087907804421E-04
-3.94122565256526E+06,1.48728395215707E-04
-3.94121365136514E+06,1.48368958159752E-04
-3.94120165016502E+06,1.48009598725698E-04
-3.9411896489649E+06,1.47650319000345E-04
-3.94117764776478E+06,1.47291121068134E-04
-3.94116564656466E+06,1.46932007011145E-04
-3.94115364536454E+06,1.46572978909062E-04
-3.94114164416442E+06,1.46214038839222E-04
-3.9411296429643E+06,1.45855188876519E-04
-3.94111764176418E+06,1.45496431093448E-04
-3.94110564056406E+06,1.45137767560078E-04
-3.94109363936394E+06,1.44779200344042E-04
-3.94108163816382E+06,1.44420731510525E-04
-3.9410696369637E+06,1.44062363122253E-04
-3.94105763576358E+06,1.43704097239481E-04
-3.94104563456346E+06,1.43345935919968E-04
-3.94103363336334E+06,1.42987881219018E-04
-3.94102163216322E+06,1.42629935189392E-04
-3.9410096309631E+06,1.42272099881345E-04
-3.94099762976298E+06,1.41914377342605E-04
-3.94098562856286E+06,1.41556769618361E-04
-3.94097362736274E+06,1.4119927875125E-04
-3.94096162616262E+06,1.40841906781348E-04
-3.9409496249625E+06,1.40484655746158E-04
-3.94093762376238E+06,1.40127527680596E-04
-3.94092562256226E+06,1.39770524616971E-04
-3.94091362136214E+06,1.39413648585026E-04
-3.94090162016202E+06,1.39056901611842E-04
-3.9408896189619E+06,1.38700285721888E-04
-3.94087761776178E+06,1.38343802936991E-04
-3.94086561656166E+06,1.37987455276325E-04
-3.94085361536154E+06,1.37631244756405E-04
-3.94084161416142E+06,1.3727517339107E-04
-3.9408296129613E+06,1.36919243191474E-04
-3.94081761176118E+06,1.36563456166078E-04
-3.94080561056106E+06,1.3620781432062E-04
-3.94079360936094E+06,1.35852319658165E-04
-3.94078160816082E+06,1.35496974179005E-04
-3.9407696069607E+06,1.3514177988071E-04
-3.94075760576058E+06,1.34786738758098E-04
-3.94074560456046E+06,1.34431852803228E-04
-3.94073360336034E+06,1.34077124005385E-04
-3.94072160216022E+06,1.33722554351075E-04
-3.9407096009601E+06,1.33368145824008E-04
-3.94069759975998E+06,1.33013900405093E-04
-3.94068559855986E+06,1.32659820072409E-04
-3.94067359735974E+06,1.32305906801253E-04
-3.94066159615962E+06,1.31952162564045E-04
-3.9406495949595E+06,1.3159858933037E-04
-3.94063759375938E+06,1.31245189066961E-04
-3.94062559255926E+06,1.3089196373768E-04
-3.94061359135914E+06,1.30538915303514E-04
-3.94060159015902E+06,1.3018604572256E-04
-3.9405895889589E+06,1.29833356950018E-04
-3.94057758775878E+06,1.29480850938164E-04
-3.94056558655866E+06,1.29128529636396E-04
-3.94055358535854E+06,1.28776394991142E-04
-3.94054158415842E+06,1.28424448945905E-04
-3.9405295829583E+06,1.28072693441234E-04
-3.94051758175818E+06,1.27721130414722E-04
-3.94050558055806E+06,1.27369761800987E-04
-3.94049357935794E+06,1.27018589531668E-04
-3.94048157815782E+06,1.26667615535415E-04
-3.9404695769577E+06,1.26316841737872E-04
-3.94045757575758E+06,1.25966270061662E-04
-3.94044557455746E+06,1.25615902426426E-04
-3.94043357335734E+06,1.25265740748732E-04
-3.94042157215722E+06,1.24915786942121E-04
-3.9404095709571E+06,1.24566042917082E-04
-3.94039756975698E+06,1.24216510581042E-04
-3.94038556855686E+06,1.23867191838357E-04
-3.94037356735674E+06,1.23518088590301E-04
-3.94036156615662E+06,1.23169202735058E-04
-3.9403495649565E+06,1.2282053616771E-04
-3.94033756375638E+06,1.22472090780213E-04
-3.94032556255626E+06,1.22123868461446E-04
-3.94031356135614E+06,1.21775871097113E-04
-3.94030156015602E+06,1.21428100569796E-04
-3.9402895589559E+06,1.21080558758921E-04
-3.94027755775578E+06,1.2073324754076E-04
-3.94026555655566E+06,1.20386168788412E-04
-3.94025355535554E+06,1.20039324371797E-04
-3.94024155415542E+06,1.1969271615765E-04
-3.9402295529553E+06,1.19346346009503E-04
-3.94021755175518E+06,1.19000215787669E-04
-3.94020555055506E+06,1.18654327349286E-04
-3.94019354935494E+06,1.18308682548222E-04
-3.94018154815482E+06,1.17963283235125E-04
-3.9401695469547E+06,1.17618131257393E-04
-3.94015754575458E+06,1.17273228459174E-04
-3.94014554455446E+06,1.16928576681349E-04
-3.94013354335434E+06,1.16584177761527E-04
-3.94012154215422E+06,1.16240033534032E-04
-3.9401095409541E+06,1.15896145829883E-04
-3.94009753975398E+06,1.15552516476839E-04
-3.94008553855386E+06,1.15209147299306E-04
-3.94007353735374E+06,1.14866040118387E-04
-3.94006153615362E+06,1.14523196751851E-04
-3.9400495349535E+06,1.14180619014134E-04
-3.94003753375338E+06,1.13838308716321E-04
-3.94002553255326E+06,1.13496267666142E-04
-3.94001353135314E+06,1.13154497667963E-04
-3.94000153015302E+06,1.12813000522773E-04
-3.9399895289529E+06,1.12471778028166E-04
-3.93997752775278E+06,1.12130831978384E-04
-3.93996552655266E+06,1.11790164164228E-04
-3.93995352535254E+06,1.114497763731E-04
-3.93994152415242E+06,1.11109670388985E-04
-3.9399295229523E+06,1.10769847992441E-04
-3.93991752175218E+06,1.10430310960588E-04
-3.93990552055206E+06,1.10091061067101E-04
-3.93989351935194E+06,1.09752100082201E-04
-3.93988151815182E+06,1.09413429772648E-04
-3.9398695169517E+06,1.09075051901714E-04
-3.93985751575158E+06,1.08736968229232E-04
-3.93984551455146E+06,1.0839918051151E-04
-3.93983351335134E+06,1.08061690501367E-04
-3.93982151215122E+06,1.07724499948119E-04
-3.9398095109511E+06,1.07387610597567E-04
-3.93979750975098E+06,1.07051024191989E-04
-3.93978550855086E+06,1.06714742470133E-04
-3.93977350735074E+06,1.06378767167206E-04
-3.93976150615062E+06,1.06043100014868E-04
-3.9397495049505E+06,1.05707742741208E-04
-3.93973750375038E+06,1.0537269707079E-04
-3.93972550255026E+06,1.05037964724568E-04
-3.93971350135014E+06,1.04703547419923E-04
-3.93970150015002E+06,1.04369446870652E-04
-3.9396894989499E+06,1.04035664786949E-04
-3.93967749774978E+06,1.03702202875405E-04
-3.93966549654966E+06,1.03369062838997E-04
-3.93965349534954E+06,1.03036246377078E-04
-3.93964149414942E+06,1.0270375518536E-04
-3.9396294929493E+06,1.02371590955952E-04
-3.93961749174918E+06,1.02039755377281E-04
-3.93960549054906E+06,1.01708250134131E-04
-3.93959348934894E+06,1.01377076907624E-04
-3.93958148814882E+06,1.01046237375211E-04
-3.9395694869487E+06,1.00715733210666E-04
-3.93955748574858E+06,1.00385566084075E-04
-3.93954548454846E+06,1.00055737661832E-04
-3.93953348334834E+06,9.97262496066281E-05
-3.93952148214822E+06,9.93971035774316E-05
-3.9395094809481E+06,9.90683012295329E-05
-3.93949747974798E+06,9.87398442144584E-05
-3.93948547854786E+06,9.84117341800148E-05
-3.93947347734774E+06,9.80839727702682E-05
-3.93946147614762E+06,9.77565616255366E-05
-3.9394494749475E+06,9.74295023823827E-05
-3.93943747374738E+06,9.71027966736058E-05
-3.93942547254726E+06,9.67764461282343E-05
-3.93941347134714E+06,9.64504523715189E-05
-3.93940147014702E+06,9.61248170249112E-05
-3.9393894689469E+06,9.57995417061086E-05
-3.93937746774678E+06,9.54746280289689E-05
-3.93936546654666E+06,9.51500776035556E-05
-3.93935346534654E+06,9.48258920361162E-05
-3.93934146414642E+06,9.45020729290762E-05
-3.9393294629463E+06,9.41786218810305E-05
-3.93931746174618E+06,9.3855540486738E-05
-3.93930546054606E+06,9.35328303371118E-05
-3.93929345934594E+06,9.32104930192149E-05
-3.93928145814582E+06,9.2888530116238E-05
-3.9392694569457E+06,9.25669432075444E-05
-3.93925745574558E+06,9.22457338685862E-05
-3.93924545454546E+06,9.19249036709482E-05
-3.93923345334534E+06,9.16044541823287E-05
-3.93922145214522E+06,9.12843869665314E-05
-3.9392094509451E+06,9.09647035834591E-05
-3.93919744974498E+06,9.06454055891072E-05
-3.93918544854486E+06,9.03264945355555E-05
-3.93917344734474E+06,9.00079719709504E-05
-3.93916144614462E+06,8.96898394395463E-05
-3.9391494449445E+06,8.93720984816257E-05
-3.93913744374438E+06,8.90547506335407E-05
-3.93912544254426E+06,8.87377974276953E-05
-3.93911344134414E+06,8.84212403925369E-05
-3.93910144014402E+06,8.81050810525517E-05
-3.9390894389439E+06,8.77893209282558E-05
-3.93907743774378E+06,8.74739615361909E-05
-3.93906543654366E+06,8.71590043889156E-05
-3.93905343534354E+06,8.68444509950004E-05
-3.93904143414342E+06,8.6530302859008E-05
-3.9390294329433E+06,8.62165614815358E-05
-3.93901743174318E+06,8.59032283591372E-05
-3.93900543054306E+06,8.55903049843623E-05
-3.93899342934294E+06,8.52777928457404E-05
-3.93898142814282E+06,8.49656934277737E-05
-3.9389694269427E+06,8.46540082109302E-05
-3.93895742574258E+06,8.43427386716384E-05
-3.93894542454246E+06,8.40318862822797E-05
-3.93893342334234E+06,8.37214525111719E-05
-3.93892142214222E+06,8.34114388226091E-05
-3.9389094209421E+06,8.31018466767854E-05
-3.93889741974198E+06,8.27926775298346E-05
-3.93888541854186E+06,8.24839328338146E-05
-3.93887341734174E+06,8.21756140366988E-05
-3.93886141614162E+06,8.18677225823723E-05
-3.9388494149415E+06,8.1560259910624E-05
-3.93883741374138E+06,8.12532274571421E-05
-3.93882541254126E+06,8.09466266535069E-05
-3.93881341134114E+06,8.06404589271742E-05
-3.93880141014102E+06,8.0334725701516E-05
-3.9387894089409E+06,8.00294283957435E-05
-3.93877740774078E+06,7.97245684249491E-05
-3.93876540654066E+06,7.94201472000889E-05
-3.93875340534054E+06,7.91161661279762E-05
-3.93874140414042E+06,7.88126266112767E-05
-3.9387294029403E+06,7.85095300485017E-05
-3.93871740174018E+06,7.82068778340037E-05
-3.93870540054006E+06,7.79046713579695E-05
-3.93869339933994E+06,7.76029120064039E-05
-3.93868139813982E+06,7.73016011611703E-05
-3.9386693969397E+06,7.70007401999154E-05
-3.93865739573958E+06,7.670033049611E-05
-3.93864539453946E+06,7.64003734190326E-05
-3.93863339333934E+06,7.61008703337628E-05
-3.93862139213922E+06,7.58018226011772E-05
-3.9386093909391E+06,7.55032315779427E-05
-3.93859738973898E+06,7.52050986165126E-05
-3.93858538853886E+06,7.49074250651198E-05
-3.93857338733874E+06,7.46102122677615E-05
-3.93856138613862E+06,7.43134615642381E-05
-3.9385493849385E+06,7.40171742900812E-05
-3.93853738373838E+06,7.37213517765925E-05
-3.93852538253826E+06,7.34259953508283E-05
-3.93851338133814E+06,7.31311063355938E-05
-3.93850138013802E+06,7.28366860494386E-05
-3.9384893789379E+06,7.25427358066504E-05
-3.93847737773778E+06,7.2249256917252E-05
-3.93846537653766E+06,7.19562506869826E-05
-3.93845337533754E+06,7.16637184173405E-05
-3.93844137413742E+06,7.1371661405508E-05
-3.9384293729373E+06,7.10800809443938E-05
-3.93841737173718E+06,7.07889783226149E-05
-3.93840537053706E+06,7.04983548244938E-05
-3.93839336933694E+06,7.02082117300518E-05
-3.93838136813682E+06,6.99185503150057E-05
-3.9383693669367E+06,6.96293718507617E-05
-3.93835736573658E+06,6.93406776044124E-05
-3.93834536453646E+06,6.90524688387191E-05
-3.93833336333634E+06,6.87647468121533E-05
-3.93832136213622E+06,6.8477512778824E-05
-3.9383093609361E+06,6.8190767988519E-05
-3.93829735973598E+06,6.79045136866877E-05
-3.93828535853586E+06,6.76187511144382E-05
-3.93827335733574E+06,6.73334815085311E-05
-3.93826135613562E+06,6.7048706101377E-05
-3.9382493549355E+06,6.67644261210299E-05
-3.93823735373538E+06,6.64806427911851E-05
-3.93822535253526E+06,6.61973573311617E-05
-3.93821335133514E+06,6.59145709559441E-05
-3.93820135013502E+06,6.56322848761102E-05
-3.9381893489349E+06,6.53505002978725E-05
-3.93817734773478E+06,6.50692184230615E-05
-3.93816534653466E+06,6.47884404491232E-05
-3.93815334533454E+06,6.45081675691128E-05
-3.93814134413442E+06,6.42284009716929E-05
-3.9381293429343E+06,6.39491418411276E-05
-3.93811734173418E+06,6.36703913572789E-05
-3.93810534053406E+06,6.33921506955928E-05
-3.93809333933394E+06,6.31144210271372E-05
-3.93808133813382E+06,6.28372035185339E-05
-3.9380693369337E+06,6.25604993319977E-05
-3.93805733573358E+06,6.22843096253214E-05
-3.93804533453346E+06,6.20086355518728E-05
-3.93803333333334E+06,6.17334782605896E-05
-3.93802133213322E+06,6.14588388959768E-05
-3.9380093309331E+06,6.11847185981019E-05
-3.93799732973297E+06,6.09111185025816E-05
-3.93798532853286E+06,6.06380397406194E-05
-3.93797332733274E+06,6.03654834389394E-05
-3.93796132613262E+06,6.00934507198239E-05
-3.9379493249325E+06,5.98219427011007E-05
-3.93793732373238E+06,5.95509604961375E-05
-3.93792532253226E+06,5.92805052138406E-05
-3.93791332133214E+06,5.90105779586497E-05
-3.93790132013202E+06,5.87411798305347E-05
-3.9378893189319E+06,5.84723119249933E-05
-3.93787731773177E+06,5.82039753330359E-05
-3.93786531653165E+06,5.79361711412244E-05
-3.93785331533153E+06,5.76689004316067E-05
-3.93784131413141E+06,5.7402164281754E-05
-3.9378293129313E+06,5.71359637647487E-05
-3.93781731173118E+06,5.68702999491792E-05
-3.93780531053106E+06,5.66051738991387E-05
-3.93779330933094E+06,5.63405866742199E-05
-3.93778130813082E+06,5.6076539329514E-05
-3.9377693069307E+06,5.58130329156056E-05
-3.93775730573057E+06,5.55500684785612E-05
-3.93774530453045E+06,5.5287647059965E-05
-3.93773330333033E+06,5.50257696968567E-05
-3.93772130213021E+06,5.47644374217675E-05
-3.9377093009301E+06,5.45036512627083E-05
-3.93769729972997E+06,5.42434122431659E-05
-3.93768529852985E+06,5.39837213821003E-05
-3.93767329732974E+06,5.37245796939423E-05
-3.93766129612962E+06,5.346598818859E-05
-3.9376492949295E+06,5.3207947871406E-05
-3.93763729372937E+06,5.29504597432056E-05
-3.93762529252925E+06,5.26935248002926E-05
-3.93761329132913E+06,5.24371440343979E-05
-3.93760129012901E+06,5.21813184327157E-05
-3.9375892889289E+06,5.19260489778919E-05
-3.93757728772877E+06,5.16713366480205E-05
-3.93756528652865E+06,5.1417182416642E-05
-3.93755328532853E+06,5.11635872527398E-05
-3.93754128412841E+06,5.09105521207387E-05
-3.93752928292829E+06,5.06580779804917E-05
-3.93751728172817E+06,5.04061657873175E-05
-3.93750528052805E+06,5.01548164919385E-05
-3.93749327932793E+06,4.99040310405186E-05
-3.93748127812781E+06,4.965381037465E-05
-3.93746927692769E+06,4.94041554313514E-05
-3.93745727572757E+06,4.91550671430661E-05
-3.93744527452745E+06,4.89065464376587E-05
-3.93743327332733E+06,4.86585942384135E-05
-3.93742127212721E+06,4.84112114640328E-05
-3.93740927092709E+06,4.81643990286237E-05
-3.93739726972697E+06,4.79181578417361E-05
-3.93738526852685E+06,4.76724888083013E-05
-3.93737326732673E+06,4.74273928286698E-05
-3.93736126612661E+06,4.71828707985984E-05
-3.93734926492649E+06,4.69389236092494E-05
-3.93733726372637E+06,4.66955521471872E-05
-3.93732526252625E+06,4.64527572943781E-05
-3.93731326132613E+06,4.62105399281864E-05
-3.93730126012601E+06,4.59689009213745E-05
-3.93728925892589E+06,4.57278411420898E-05
-3.93727725772577E+06,4.54873614539021E-05
-3.93726525652565E+06,4.52474627157439E-05
-3.93725325532553E+06,4.50081457819478E-05
-3.93724125412541E+06,4.47694115022339E-05
-3.93722925292529E+06,4.45312607217092E-05
-3.93721725172517E+06,4.42936942808651E-05
-3.93720525052505E+06,4.40567130155766E-05
-3.93719324932493E+06,4.38203177570999E-05
-3.93718124812481E+06,4.35845093320715E-05
-3.93716924692469E+06,4.3349288562497E-05
-3.93715724572457E+06,4.31146562657864E-05
-3.93714524452445E+06,4.28806132546977E-05
-3.93713324332433E+06,4.26471603373723E-05
-3.93712124212421E+06,4.24142983173237E-05
-3.93710924092409E+06,4.21820279934373E-05
-3.93709723972397E+06,4.19503501599676E-05
-3.93708523852385E+06,4.17192656065383E-05
-3.93707323732373E+06,4.14887751181399E-05
-3.93706123612361E+06,4.12588794751204E-05
-3.93704923492349E+06,4.10295794532188E-05
-3.93703723372337E+06,4.08008758235115E-05
-3.93702523252325E+06,4.05727693524458E-05
-3.93701323132313E+06,4.03452608018303E-05
-3.93700123012301E+06,4.01183509288338E-05
-3.93698922892289E+06,3.98920404859846E-05
-3.93697722772277E+06,3.96663302211683E-05
-3.93696522652265E+06,3.94412208776285E-05
-3.93695322532253E+06,3.92167131939639E-05
-3.93694122412241E+06,3.89928079041205E-05
-3.93692922292229E+06,3.87695057374239E-05
-3.93691722172217E+06,3.85468074185274E-05
-3.93690522052205E+06,3.83247136674453E-05
-3.93689321932193E+06,3.81032251995436E-05
-3.93688121812181E+06,3.7882342725539E-05
-3.93686921692169E+06,3.76620669514987E-05
-3.93685721572157E+06,3.74423985788387E-05
-3.93684521452145E+06,3.72233383043244E-05
-3.93683321332133E+06,3.70048868200684E-05
-3.93682121212121E+06,3.67870448135231E-05
-3.93680921092109E+06,3.65698129675123E-05
-3.93679720972097E+06,3.63531919601809E-05
-3.93678520852085E+06,3.61371824650279E-05
-3.93677320732073E+06,3.59217851508976E-05
-3.93676120612061E+06,3.57070006819786E-05
-3.93674920492049E+06,3.54928297178042E-05
-3.93673720372037E+06,3.5279272913251E-05
-3.93672520252025E+06,3.50663309185394E-05
-3.93671320132013E+06,3.48540043792323E-05
-3.93670120012001E+06,3.4642293936228E-05
-3.93668919891989E+06,3.44312002257908E-05
-3.93667719771977E+06,3.42207238795034E-05
-3.93666519651965E+06,3.40108655242979E-05
-3.93665319531953E+06,3.38016257824488E-05
-3.93664119411941E+06,3.35930052715714E-05
-3.93662919291929E+06,3.33850046046232E-05
-3.93661719171917E+06,3.31776243899021E-05
-3.93660519051905E+06,3.2970865231048E-05
-3.93659318931893E+06,3.27647277270335E-05
-3.93658118811881E+06,3.25592124721962E-05
-3.93656918691869E+06,3.23543200561913E-05
-3.93655718571857E+06,3.21500510640227E-05
-3.93654518451845E+06,3.19464060760357E-05
-3.93653318331833E+06,3.17433856679171E-05
-3.93652118211821E+06,3.15409904106947E-05
-3.93650918091809E+06,3.13392208707386E-05
-3.93649717971797E+06,3.11380776097601E-05
-3.93648517851785E+06,3.0937561184813E-05
-3.93647317731773E+06,3.07376721482851E-05
-3.93646117611761E+06,3.05384110479306E-05
-3.93644917491749E+06,3.03397784268229E-05
-3.93643717371737E+06,3.01417748233867E-05
-3.93642517251725E+06,2.99444007713898E-05
-3.93641317131713E+06,2.97476567999447E-05
-3.93640117011701E+06,2.95515434335075E-05
-3.93638916891689E+06,2.935606119188E-05
-3.93637716771677E+06,2.91612105902087E-05
-3.93636516651665E+06,2.89669921389865E-05
-3.93635316531653E+06,2.87734063440449E-05
-3.93634116411641E+06,2.85804537065851E-05
-3.93632916291629E+06,2.83881347231333E-05
-3.93631716171617E+06,2.81964498855719E-05
-3.93630516051605E+06,2.80053996811315E-05
-3.93629315931593E+06,2.78149845923933E-05
-3.93628115811581E+06,2.7625205097288E-05
-3.93626915691569E+06,2.74360616690982E-05
-3.93625715571557E+06,2.72475547764577E-05
-3.93624515451545E+06,2.70596848833538E-05
-3.93623315331533E+06,2.68724524491196E-05
-3.93622115211521E+06,2.66858579284649E-05
-3.93620915091509E+06,2.64999017714326E-05
-3.93619714971497E+06,2.63145844234297E-05
-3.93618514851485E+06,2.61299063252202E-05
-3.93617314731473E+06,2.59458679129266E-05
-3.93616114611461E+06,2.57624696180305E-05
-3.93614914491449E+06,2.55797118673743E-05
-3.93613714371437E+06,2.53975950831613E-05
-3.93612514251425E+06,2.52161196829509E-05
-3.93611314131413E+06,2.50352860796868E-05
-3.93610114011401E+06,2.48550946816571E-05
-3.93608913891389E+06,2.46755458925226E-05
-3.93607713771377E+06,2.44966401113118E-05
-3.93606513651365E+06,2.43183777324214E-05
-3.93605313531353E+06,2.41407591456185E-05
-3.93604113411341E+06,2.39637847360407E-05
-3.93602913291329E+06,2.37874548841992E-05
-3.93601713171317E+06,2.36117699659781E-05
-3.93600513051305E+06,2.34367303526308E-05
-3.93599312931293E+06,2.32623364108075E-05
-3.93598112811281E+06,2.30885885025166E-05
-3.93596912691269E+06,2.29154869851527E-05
-3.93595712571257E+06,2.27430322114919E-05
-3.93594512451245E+06,2.2571224529693E-05
-3.93593312331233E+06,2.24000642832996E-05
-3.93592112211221E+06,2.22295518112407E-05
-3.93590912091209E+06,2.20596874478334E-05
-3.93589711971197E+06,2.18904715227843E-05
-3.93588511851185E+06,2.1721904361184E-05
-3.93587311731173E+06,2.15539862835357E-05
-3.93586111611161E+06,2.13867176057178E-05
-3.93584911491149E+06,2.1220098639011E-05
-3.93583711371137E+06,2.10541296900947E-05
-3.93582511251125E+06,2.08888110610476E-05
-3.93581311131113E+06,2.07241430493509E-05
-3.93580111011101E+06,2.0560125947889E-05
-3.93578910891089E+06,2.03967600449522E-05
-3.93577710771077E+06,2.02340456242384E-05
-3.93576510651065E+06,2.00719829648488E-05
-3.93575310531053E+06,1.99105723413149E-05
-3.93574110411041E+06,1.97498140235633E-05
-3.93572910291029E+06,1.95897082769421E-05
-3.93571710171017E+06,1.94302553622178E-05
-3.93570510051005E+06,1.92714555355764E-05
-3.93569309930993E+06,1.9113309048626E-05
-3.93568109810981E+06,1.89558161483993E-05
-3.93566909690969E+06,1.87989770773552E-05
-3.93565709570957E+06,1.86427920733751E-05
-3.93564509450945E+06,1.84872613697901E-05
-3.93563309330933E+06,1.83323851953458E-05
-3.93562109210921E+06,1.81781637742299E-05
-3.93560909090909E+06,1.80245973260677E-05
-3.93559708970897E+06,1.78716860659251E-05
-3.93558508850885E+06,1.77194302043104E-05
-3.93557308730873E+06,1.75678299471776E-05
-3.93556108610861E+06,1.74168854959276E-05
-3.93554908490849E+06,1.72665970474121E-05
-3.93553708370837E+06,1.71169647939349E-05
-3.93552508250825E+06,1.69679889232497E-05
-3.93551308130813E+06,1.68196696185846E-05
-3.93550108010801E+06,1.66720070586114E-05
-3.93548907890789E+06,1.65250014174702E-05
-3.93547707770777E+06,1.63786528647669E-05
-3.93546507650765E+06,1.62329615655757E-05
-3.93545307530753E+06,1.60879276804417E-05
-3.93544107410741E+06,1.59435513653838E-05
-3.93542907290729E+06,1.57998327718977E-05
-3.93541707170717E+06,1.56567720469523E-05
-3.93540507050705E+06,1.55143693330159E-05
-3.93539306930693E+06,1.53726247680245E-05
-3.93538106810681E+06,1.52315384854082E-05
-3.93536906690669E+06,1.5091110614087E-05
-3.93535706570657E+06,1.49513412784755E-05
-3.93534506450645E+06,1.48122305984841E-05
-3.93533306330633E+06,1.46737786895234E-05
-3.93532106210621E+06,1.45359856625063E-05
-3.93530906090609E+06,1.43988516238516E-05
-3.93529705970597E+06,1.42623766754812E-05
-3.93528505850585E+06,1.41265609148451E-05
-3.93527305730573E+06,1.39914044348919E-05
-3.93526105610561E+06,1.38569073240941E-05
-3.93524905490549E+06,1.3723069666445E-05
-3.93523705370537E+06,1.35898915414624E-05
-3.93522505250525E+06,1.34573730241918E-05
-3.93521305130513E+06,1.332551418521E-05
-3.93520105010501E+06,1.31943150906272E-05
-3.93518904890489E+06,1.30637758020869E-05
-3.93517704770477E+06,1.29338963767879E-05
-3.93516504650465E+06,1.28046768674585E-05
-3.93515304530453E+06,1.26761173223793E-05
-3.93514104410441E+06,1.25482177853821E-05
-3.93512904290429E+06,1.24209782958528E-05
-3.93511704170417E+06,1.22943988887357E-05
-3.93510504050405E+06,1.21684795945358E-05
-3.93509303930393E+06,1.20432204393236E-05
-3.93508103810381E+06,1.19186214447375E-05
-3.93506903690369E+06,1.17946826279884E-05
-3.93505703570357E+06,1.16714040018574E-05
-3.93504503450345E+06,1.15487855747197E-05
-3.93503303330333E+06,1.14268273505186E-05
-3.93502103210321E+06,1.1305529328789E-05
-3.93500903090309E+06,1.11848915046556E-05
-3.93499702970297E+06,1.10649138688376E-05
-3.93498502850285E+06,1.09455964076513E-05
-3.93497302730273E+06,1.08269391030149E-05
-3.93496102610261E+06,1.07089419324515E-05
-3.93494902490249E+06,1.05916048690892E-05
-3.93493702370237E+06,1.04749278816821E-05
-3.93492502250225E+06,1.0358910934588E-05
-3.93491302130213E+06,1.02435539877896E-05
-3.93490102010201E+06,1.01288569968944E-05
-3.93488901890189E+06,1.00148199131384E-05
-3.93487701770177E+06,9.90144268339041E-06
-3.93486501650165E+06,9.78872525015543E-06
-3.93485301530153E+06,9.67666755157948E-06
-3.93484101410141E+06,9.56526952145291E-06
-3.93482901290129E+06,9.45453108921083E-06
-3.93481701170117E+06,9.34445217995386E-06
-3.93480501050105E+06,9.23503271442671E-06
-3.93479300930093E+06,9.12627260903974E-06
-3.93478100810081E+06,9.01817177586843E-06
-3.93476900690069E+06,8.91073012265777E-06
-3.93475700570057E+06,8.80394755282676E-06
-3.93474500450045E+06,8.69782396547208E-06
-3.93473300330033E+06,8.59235925537302E-06
-3.93472100210021E+06,8.48755331299518E-06
-3.93470900090009E+06,8.38340602449135E-06
-3.93469699969997E+06,8.27991727172145E-06
-3.93468499849985E+06,8.17708693223318E-06
-3.93467299729973E+06,8.07491487928211E-06
-3.93466099609961E+06,7.97340098183258E-06
-3.93464899489949E+06,7.87254510456161E-06
-3.93463699369937E+06,7.77234710786394E-06
-3.93462499249925E+06,7.67280684785596E-06
-3.93461299129913E+06,7.57392417638079E-06
-3.93460099009901E+06,7.47569894101231E-06
-3.93458898889889E+06,7.37813098505647E-06
-3.93457698769877E+06,7.28122014757058E-06
-3.93456498649865E+06,7.18496626334545E-06
-3.93455298529853E+06,7.08936916292508E-06
-3.93454098409841E+06,6.9944286726078E-06
-3.93452898289829E+06,6.90014461445052E-06
-3.93451698169817E+06,6.80651680627397E-06
-3.93450498049805E+06,6.71354506166692E-06
-3.93449297929793E+06,6.62122918999145E-06
-3.93448097809781E+06,6.5295689963837E-06
-3.93446897689769E+06,6.43856428177342E-06
-3.93445697569757E+06,6.34821484286693E-06
-3.93444497449745E+06,6.25852047216673E-06
-3.93443297329733E+06,6.16948095797237E-06
-3.93442097209721E+06,6.08109608438581E-06
-3.93440897089709E+06,5.99336563131588E-06
-3.93439696969697E+06,5.90628937448371E-06
-3.93438496849685E+06,5.81986708542727E-06
-3.93437296729673E+06,5.73409853150681E-06
-3.93436096609661E+06,5.6489834759062E-06
-3.93434896489649E+06,5.56452167765141E-06
-3.93433696369637E+06,5.48071289159564E-06
-3.93432496249625E+06,5.39755686843788E-06
-3.93431296129613E+06,5.31505335472435E-06
-3.93430096009601E+06,5.23320209285405E-06
-3.93428895889589E+06,5.15200282108351E-06
-3.93427695769577E+06,5.07145527353241E-06
-3.93426495649565E+06,4.99155918018839E-06
-3.93425295529553E+06,4.91231426691266E-06
-3.93424095409541E+06,4.83372025544183E-06
-3.93422895289529E+06,4.75577686340581E-06
-3.93421695169517E+06,4.67848380431435E-06
-3.93420495049505E+06,4.60184078757503E-06
-3.93419294929493E+06,4.52584751849514E-06
-3.93418094809481E+06,4.45050369828747E-06
-3.93416894689469E+06,4.37580902407528E-06
-3.93415694569457E+06,4.30176318889811E-06
-3.93414494449445E+06,4.22836588171692E-06
-3.93413294329433E+06,4.15561678741965E-06
-3.93412094209421E+06,4.0835155868241E-06
-3.93410894089409E+06,4.01206195669428E-06
-3.93409693969397E+06,3.94125556972935E-06
-3.93408493849385E+06,3.87109609458048E-06
-3.93407293729373E+06,3.80158319585329E-06
-3.93406093609361E+06,3.73271653411386E-06
-3.93404893489349E+06,3.66449576589392E-06
-3.93403693369337E+06,3.59692054369691E-06
-3.93402493249325E+06,3.52999051600325E-06
-3.93401293129313E+06,3.46370532727382E-06
-3.93400093009301E+06,3.39806461796561E-06
-3.93398892889289E+06,3.33306802452231E-06
-3.93397692769277E+06,3.26871517939006E-06
-3.93396492649265E+06,3.205005711021E-06
-3.93395292529253E+06,3.14193924387866E-06
-3.93394092409241E+06,3.07951539844419E-06
-3.93392892289229E+06,3.01773379122182E-06
-3.93391692169217E+06,2.95659403474492E-06
-3.93390492049205E+06,2.89609573758194E-06
-3.93389291929193E+06,2.8362385043398E-06
-3.93388091809181E+06,2.77702193567915E-06
-3.93386891689169E+06,2.71844562830656E-06
-3.93385691569157E+06,2.66050917498946E-06
-3.93384491449145E+06,2.60321216456014E-06
-3.93383291329133E+06,2.54655418192143E-06
-3.93382091209121E+06,2.49053480805303E-06
-3.93380891089109E+06,2.43515362001728E-06
-3.93379690969097E+06,2.38041019096551E-06
-3.93378490849085E+06,2.32630409014381E-06
-3.93377290729073E+06,2.27283488289742E-06
-3.93376090609061E+06,2.2200021306848E-06
-3.93374890489049E+06,2.16780539107166E-06
-3.93373690369037E+06,2.11624421774513E-06
-3.93372490249025E+06,2.06531816051818E-06
-3.93371290129013E+06,2.01502676533553E-06
-3.93370090009001E+06,1.9653695742802E-06
-3.93368889888989E+06,1.91634612557946E-06
-3.93367689768977E+06,1.8679559536113E-06
-3.93366489648965E+06,1.82019858891063E-06
-3.93365289528953E+06,1.77307355817392E-06
-3.93364089408941E+06,1.72658038427259E-06
-3.93362889288929E+06,1.68071858624863E-06
-3.93361689168917E+06,1.63548767932812E-06
-3.93360489048905E+06,1.59088717492598E-06
-3.93359288928893E+06,1.54691658065214E-06
-3.93358088808881E+06,1.50357540031827E-06
-3.93356888688869E+06,1.46086313394393E-06
-3.93355688568857E+06,1.41877927776332E-06
-3.93354488448845E+06,1.37732332422994E-06
-3.93353288328833E+06,1.33649476202974E-06
-3.93352088208821E+06,1.29629307607777E-06
-3.93350888088809E+06,1.25671774753142E-06
-3.93349687968797E+06,1.21776825379516E-06
-3.93348487848785E+06,1.17944406852733E-06
-3.93347287728773E+06,1.14174466164659E-06
-3.93346087608761E+06,1.10466949933864E-06
-3.93344887488749E+06,1.0682180440628E-06
-3.93343687368737E+06,1.03238975455883E-06
-3.93342487248725E+06,9.97184085852051E-07
-3.93341287128713E+06,9.62600489265693E-07
-3.93340087008701E+06,9.28638412419247E-07
-3.93338886888689E+06,8.95297299240874E-07
-3.93337686768677E+06,8.62576589972619E-07
-3.93336486648665E+06,8.30475721177362E-07
-3.93335286528653E+06,7.98994125745454E-07
-3.93334086408641E+06,7.68131232901707E-07
-3.93332886288629E+06,7.37886468212064E-07
-3.93331686168617E+06,7.08259253590621E-07
-3.93330486048605E+06,6.79249007305232E-07
-3.93329285928593E+06,6.50855143989043E-07
-3.93328085808581E+06,6.2307707464049E-07
-3.93326885688569E+06,5.95914206634913E-07
-3.93325685568557E+06,5.69365943730239E-07
-3.93324485448545E+06,5.4343168607401E-07
-3.93323285328533E+06,5.18110830210413E-07
-3.93322085208521E+06,4.93402769087189E-07
-3.93320885088509E+06,4.69306892062708E-07
-3.93319684968497E+06,4.45822584913052E-07
-3.93318484848485E+06,4.22949229838094E-07
-3.93317284728473E+06,4.00686205472224E-07
-3.93316084608461E+06,3.79032886885995E-07
-3.93314884488449E+06,3.5798864559693E-07
-3.93313684368437E+06,3.3755284957564E-07
-3.93312484248425E+06,3.17724863253081E-07
-3.93311284128413E+06,2.98504047527614E-07
-3.93310084008401E+06,2.79889759772291E-07
-3.93308883888389E+06,2.61881353841956E-07
-3.93307683768377E+06,2.44478180079899E-07
-3.93306483648365E+06,2.27679585327674E-07
-3.93305283528353E+06,2.11484912928391E-07
-3.93304083408341E+06,1.95893502736634E-07
-3.93302883288329E+06,1.80904691125095E-07
-3.93301683168317E+06,1.66517810991909E-07
-3.93300483048305E+06,1.52732191767916E-07
-3.93299282928293E+06,1.3954715942403E-07
-3.93298082808281E+06,1.2696203647862E-07
-3.93296882688269E+06,1.14976142004824E-07
-3.93295682568257E+06,1.03588791637572E-07
-3.93294482448245E+06,9.27992975826778E-08
-3.93293282328233E+06,8.26069686216675E-08
-3.93292082208221E+06,7.30111101209542E-08
-3.93290882088209E+06,6.4011024038895E-08
-3.93289681968197E+06,5.56060089332132E-08
-3.93288481848185E+06,4.77953599685355E-08
-3.93287281728173E+06,4.05783689238532E-08
-3.93286081608161E+06,3.39543242000862E-08
-3.93284881488149E+06,2.79225108275829E-08
-3.93283681368137E+06,2.24822104735107E-08
-3.93282481248125E+06,1.76327014502204E-08
-3.93281281128113E+06,1.33732587215787E-08
-3.93280081008101E+06,9.7031539114468E-09
-3.93278880888089E+06,6.62165531105963E-09
-3.93277680768077E+06,4.12802788667137E-09
-3.93276480648065E+06,2.2215332872095E-09
-3.93275280528053E+06,9.01429851931124E-10
-3.93274080408041E+06,1.6697261811558E-10
-3.93272880288029E+06,1.74133287557575E-11
-3.93271680168017E+06,4.52000440304565E-10
-3.93270480048005E+06,1.46997913031094E-09
-3.93269279927993E+06,3.0705913052687E-09
-3.93268079807981E+06,5.253075608331E-09
-3.93266879687969E+06,8.01666742709581E-09
-3.93265679567957E+06,1.13605989013817E-08
-3.93264479447945E+06,1.5284098931056E-08
-3.93263279327933E+06,1.97863931838426E-08
-3.93262079207921E+06,2.48667041031692E-08
-3.93260879087909E+06,3.05242509162184E-08
-3.93259678967897E+06,3.67582496409525E-08
-3.93258478847885E+06,4.35679130952492E-08
-3.93257278727873E+06,5.09524509039869E-08
-3.93256078607861E+06,5.89110695071503E-08
-3.93254878487849E+06,6.74429721677453E-08
-3.93253678367837E+06,7.65473589797486E-08
-3.93252478247825E+06,8.62234268760758E-08
-3.93251278127813E+06,9.64703696365353E-08
-3.93250078007801E+06,1.07287377895832E-07
-3.93248877887789E+06,1.18673639151957E-07
-3.93247677767777E+06,1.30628337772536E-07
-3.93246477647765E+06,1.43150655005352E-07
-3.93245277527753E+06,1.56239768984777E-07
-3.93244077407741E+06,1.69894854740188E-07
-3.93242877287729E+06,1.8411508420407E-07
-3.93241677167717E+06,1.98899626220033E-07
-3.93240477047705E+06,2.14247646551012E-07
-3.93239276927693E+06,2.30158307887316E-07
-3.93238076807681E+06,2.46630769854775E-07
-3.93236876687669E+06,2.63664189023515E-07
-3.93235676567657E+06,2.81257718913515E-07
-3.93234476447645E+06,2.99410510006661E-07
-3.93233276327633E+06,3.18121709752377E-07
-3.93232076207621E+06,3.37390462576429E-07
-3.93230876087609E+06,3.57215909889169E-07
-3.93229675967597E+06,3.7759719009365E-07
-3.93228475847585E+06,3.98533438594023E-07
-3.93227275727573E+06,4.20023787803676E-07
-3.93226075607561E+06,4.42067367153555E-07
-3.93224875487549E+06,4.64663303101195E-07
-3.93223675367537E+06,4.87810719135735E-07
-3.93222475247525E+06,5.1150873579117E-07
-3.93221275127513E+06,5.35756470651433E-07
-3.93220075007501E+06,5.60553038359464E-07
-3.93218874887489E+06,5.85897550625607E-07
-3.93217674767477E+06,6.11789116235831E-07
-3.93216474647465E+06,6.38226841060298E-07
-3.93215274527453E+06,6.65209828061605E-07
-3.93214074407441E+06,6.92737177304288E-07
-3.93212874287429E+06,7.20807985958947E-07
-3.93211674167417E+06,7.49421348317024E-07
-3.93210474047405E+06,7.78576355795006E-07
-3.93209273927393E+06,8.0827209694397E-07
-3.93208073807381E+06,8.38507657457974E-07
-3.93206873687369E+06,8.69282120182583E-07
-3.93205673567357E+06,9.00594565123185E-07
-3.93204473447345E+06,9.32444069453724E-07
-3.93203273327333E+06,9.64829707525038E-07
-3.93202073207321E+06,9.97750550874728E-07
-3.93200873087309E+06,1.03120566823045E-06
-3.93199672967297E+06,1.06519412552632E-06
-3.93198472847285E+06,1.09971498590608E-06
-3.93197272727273E+06,1.13476730973323E-06
-3.93196072607261E+06,1.17035015459943E-06
-3.93194872487249E+06,1.20646257533313E-06
-3.93193672367237E+06,1.24310362400811E-06
-3.93192472247225E+06,1.28027234995213E-06
-3.93191272127213E+06,1.3179677997556E-06
-3.93190072007201E+06,1.35618901728164E-06
-3.93188871887189E+06,1.39493504366877E-06
-3.93187671767177E+06,1.43420491734852E-06
-3.93186471647165E+06,1.47399767404798E-06
-3.93185271527153E+06,1.51431234680028E-06
-3.93184071407141E+06,1.55514796595302E-06
-3.93182871287129E+06,1.59650355917711E-06
-3.93181671167117E+06,1.63837815147525E-06
-3.93180471047105E+06,1.68077076519096E-06
-3.93179270927093E+06,1.72368042001712E-06
-3.93178070807081E+06,1.76710613300646E-06
-3.93176870687069E+06,1.81104691857347E-06
-3.93175670567057E+06,1.85550178851345E-06
-3.93174470447045E+06,1.90046975200428E-06
-3.93173270327033E+06,1.94594981561717E-06
-3.93172070207021E+06,1.99194098332533E-06
-3.93170870087009E+06,2.03844225651274E-06
-3.93169669966997E+06,2.08545263398294E-06
-3.93168469846985E+06,2.13297111196798E-06
-3.93167269726973E+06,2.18099668413906E-06
-3.93166069606961E+06,2.22952834160779E-06
-3.93164869486949E+06,2.27856507294642E-06
-3.93163669366937E+06,2.32810586418923E-06
-3.93162469246925E+06,2.37814969884297E-06
-3.93161269126913E+06,2.4286955578962E-06
-3.93160069006901E+06,2.47974241982787E-06
-3.93158868886889E+06,2.5312892606164E-06
-3.93157668766877E+06,2.58333505374828E-06
-3.93156468646865E+06,2.63587877022741E-06
-3.93155268526853E+06,2.68891937858378E-06
-3.93154068406841E+06,2.74245584488459E-06
-3.93152868286829E+06,2.79648713273472E-06
-3.93151668166817E+06,2.85101220329838E-06
-3.93150468046805E+06,2.90603001529962E-06
-3.93149267926793E+06,2.96153952503337E-06
-3.93148067806781E+06,3.0175396863746E-06
-3.93146867686769E+06,3.07402945078718E-06
-3.93145667566757E+06,3.13100776733278E-06
-3.93144467446745E+06,3.18847358268016E-06
-3.93143267326733E+06,3.24642584111625E-06
-3.93142067206721E+06,3.30486348454613E-06
-3.93140867086709E+06,3.36378545251574E-06
-3.93139666966697E+06,3.42319068221193E-06
-3.93138466846685E+06,3.48307810847341E-06
-3.93137266726673E+06,3.54344666380035E-06
-3.93136066606661E+06,3.6042952783631E-06
-3.93134866486649E+06,3.66562288001147E-06
-3.93133666366637E+06,3.72742839428343E-06
-3.93132466246625E+06,3.78971074441479E-06
-3.93131266126613E+06,3.85246885135037E-06
-3.93130066006601E+06,3.91570163374333E-06
-3.93128865886589E+06,3.97940800797915E-06
-3.93127665766577E+06,4.04358688817488E-06
-3.93126465646565E+06,4.10823718619064E-06
-3.93125265526553E+06,4.17335781163898E-06
-3.93124065406541E+06,4.23894767189377E-06
-3.93122865286529E+06,4.30500567209966E-06
-3.93121665166517E+06,4.37153071518091E-06
-3.93120465046505E+06,4.43852170185354E-06
-3.93119264926493E+06,4.50597753062375E-06
-3.93118064806481E+06,4.57389709781297E-06
-3.93116864686469E+06,4.64227929755659E-06
-3.93115664566457E+06,4.71112302181581E-06
-3.93114464446445E+06,4.78042716038653E-06
-3.93113264326433E+06,4.85019060090912E-06
-3.93112064206421E+06,4.92041222887725E-06
-3.93110864086409E+06,4.99109092764737E-06
-3.93109663966397E+06,5.06222557844752E-06
-3.93108463846385E+06,5.13381506038718E-06
-3.93107263726373E+06,5.20585825046898E-06
-3.93106063606361E+06,5.27835402358667E-06
-3.93104863486349E+06,5.35130125255148E-06
-3.93103663366337E+06,5.42469880809003E-06
-3.93102463246325E+06,5.49854555885632E-06
-3.93101263126313E+06,5.57284037144127E-06
-3.93100063006301E+06,5.64758211038183E-06
-3.93098862886289E+06,5.72276963817043E-06
-3.93097662766277E+06,5.79840181526391E-06
-3.93096462646265E+06,5.87447750009641E-06
-3.93095262526253E+06,5.95099554907629E-06
-3.93094062406241E+06,6.02795481661358E-06
-3.93092862286229E+06,6.10535415511729E-06
-3.93091662166217E+06,6.18319241500787E-06
-3.93090462046205E+06,6.26146844472615E-06
-3.93089261926193E+06,6.3401810907433E-06
-3.93088061806181E+06,6.41932919756974E-06
-3.93086861686169E+06,6.4989116077648E-06
-3.93085661566157E+06,6.57892716194556E-06
-3.93084461446145E+06,6.6593746988001E-06
-3.93083261326133E+06,6.74025305508384E-06
-3.93082061206121E+06,6.8215610656479E-06
-3.93080861086109E+06,6.90329756343577E-06
-3.93079660966097E+06,6.98546137949623E-06
-3.93078460846085E+06,7.06805134299225E-06
-3.93077260726073E+06,7.15106628121086E-06
-3.93076060606061E+06,7.23450501957229E-06
-3.93074860486049E+06,7.31836638163957E-06
-3.93073660366037E+06,7.40264918912751E-06
-3.93072460246025E+06,7.48735226191615E-06
-3.93071260126013E+06,7.57247441804633E-06
-3.93070060006001E+06,7.65801447374935E-06
-3.93068859885989E+06,7.74397124344301E-06
-3.93067659765977E+06,7.83034353974452E-06
-3.93066459645965E+06,7.91713017347951E-06
-3.93065259525953E+06,8.00432995369214E-06
-3.93064059405941E+06,8.09194168765414E-06
-3.93062859285929E+06,8.17996418087447E-06
-3.93061659165917E+06,8.26839623710837E-06
-3.93060459045905E+06,8.35723665837093E-06
-3.93059258925893E+06,8.44648424493233E-06
-3.93058058805881E+06,8.53613779534814E-06
-3.93056858685869E+06,8.62619610645507E-06
-3.93055658565857E+06,8.7166579733837E-06
-3.93054458445845E+06,8.80752218956814E-06
-3.93053258325833E+06,8.89878754675561E-06
-3.93052058205821E+06,8.99045283501581E-06
-3.93050858085809E+06,9.08251684275054E-06
-3.93049657965797E+06,9.17497835670632E-06
-3.93048457845785E+06,9.26783616197059E-06
-3.93047257725773E+06,9.36108904200144E-06
-3.93046057605761E+06,9.45473577862389E-06
-3.93044857485749E+06,9.54877515204244E-06
-3.93043657365737E+06,9.64320594085083E-06
-3.93042457245725E+06,9.73802692204111E-06
-3.93041257125713E+06,9.83323687101389E-06
-3.93040057005701E+06,9.92883456158738E-06
-3.93038856885689E+06,1.00248187660071E-05
-3.93037656765677E+06,1.01211882549591E-05
-3.93036456645665E+06,1.02179417975646E-05
-3.93035256525653E+06,1.03150781614119E-05
-3.93034056405641E+06,1.0412596112551E-05
-3.93032856285629E+06,1.0510494415507E-05
-3.93031656165617E+06,1.06087718332899E-05
-3.93030456045605E+06,1.0707427127403E-05
-3.93029255925593E+06,1.08064590578542E-05
-3.93028055805581E+06,1.09058663831642E-05
-3.93026855685569E+06,1.10056478603768E-05
-3.93025655565557E+06,1.11058022450716E-05
-3.93024455445545E+06,1.12063282913594E-05
-3.93023255325533E+06,1.13072247519133E-05
-3.93022055205521E+06,1.14084903779643E-05
-3.93020855085509E+06,1.15101239193139E-05
-3.93019654965497E+06,1.1612124124344E-05
-3.93018454845485E+06,1.17144897400262E-05
-3.93017254725473E+06,1.18172195119316E-05
-3.93016054605461E+06,1.19203121842408E-05
-3.93014854485449E+06,1.20237664997526E-05
-3.93013654365437E+06,1.21275811998983E-05
-3.93012454245425E+06,1.22317550247349E-05
-3.93011254125413E+06,1.23362867129788E-05
-3.93010054005401E+06,1.24411750019998E-05
-3.93008853885389E+06,1.2546418627834E-05
-3.93007653765377E+06,1.2652016325194E-05
-3.93006453645365E+06,1.27579668274779E-05
-3.93005253525353E+06,1.28642688667796E-05
-3.93004053405341E+06,1.29709211738979E-05
-3.93002853285329E+06,1.30779224783506E-05
-3.93001653165317E+06,1.31852715083671E-05
-3.93000453045305E+06,1.32929669909233E-05
-3.92999252925293E+06,1.34010076517342E-05
-3.92998052805281E+06,1.35093922152681E-05
-3.92996852685269E+06,1.36181194047562E-05
-3.92995652565257E+06,1.37271879422017E-05
-3.92994452445245E+06,1.383659654839E-05
-3.92993252325233E+06,1.39463439428977E-05
-3.92992052205221E+06,1.40564288441029E-05
-3.92990852085209E+06,1.41668499691989E-05
-3.92989651965197E+06,1.42776060341861E-05
-3.92988451845185E+06,1.43886957539084E-05
-3.92987251725173E+06,1.45001178420442E-05
-3.92986051605161E+06,1.4611871011122E-05
-3.92984851485149E+06,1.47239539725286E-05
-3.92983651365137E+06,1.48363654365199E-05
-3.92982451245125E+06,1.49491041122291E-05
-3.92981251125113E+06,1.50621687076778E-05
-3.92980051005101E+06,1.51755579297847E-05
-3.92978850885089E+06,1.52892704843801E-05
-3.92977650765077E+06,1.54033050761972E-05
-3.92976450645065E+06,1.55176604089093E-05
-3.92975250525053E+06,1.56323351851202E-05
-3.92974050405041E+06,1.57473281063801E-05
-3.92972850285029E+06,1.58626378731937E-05
-3.92971650165017E+06,1.59782631850307E-05
-3.92970450045005E+06,1.60942027403348E-05
-3.92969249924993E+06,1.62104552365338E-05
-3.92968049804981E+06,1.63270193700489E-05
-3.92966849684969E+06,1.64438938363091E-05
-3.92965649564957E+06,1.65610773297426E-05
-3.92964449444945E+06,1.66785685438136E-05
-3.92963249324933E+06,1.67963661710135E-05
-3.92962049204921E+06,1.69144689028754E-05
-3.92960849084909E+06,1.70328754299839E-05
-3.92959648964897E+06,1.71515844419842E-05
-3.92958448844885E+06,1.72705946275916E-05
-3.92957248724873E+06,1.73899046746022E-05
-3.92956048604861E+06,1.75095132699058E-05
-3.92954848484849E+06,1.76294190994776E-05
-3.92953648364837E+06,1.77496208484158E-05
-3.92952448244825E+06,1.78701172009323E-05
-3.92951248124813E+06,1.79909068403672E-05
-3.92950048004801E+06,1.81119884491979E-05
-3.92948847884789E+06,1.82333607090493E-05
-3.92947647764777E+06,1.83550223007034E-05
-3.92946447644765E+06,1.84769719041082E-05
-3.92945247524753E+06,1.85992081983881E-05
-3.92944047404741E+06,1.87217298618578E-05
-3.92942847284729E+06,1.88445355720127E-05
-3.92941647164717E+06,1.89676240055677E-05
-3.92940447044705E+06,1.90909938384473E-05
-3.92939246924693E+06,1.92146437457995E-05
-3.92938046804681E+06,1.93385724020065E-05
-3.92936846684669E+06,1.94627784806932E-05
-3.92935646564657E+06,1.95872606547377E-05
-3.92934446444645E+06,1.97120175962798E-05
-3.92933246324633E+06,1.98370479767316E-05
-3.92932046204621E+06,1.99623504667915E-05
-3.92930846084609E+06,2.00879237364341E-05
-3.92929645964597E+06,2.02137664549494E-05
-3.92928445844585E+06,2.03398772909327E-05
-3.92927245724573E+06,2.04662549122987E-05
-3.92926045604561E+06,2.05928979862917E-05
-3.92924845484549E+06,2.07198051794946E-05
-3.92923645364537E+06,2.08469751578388E-05
-3.92922445244525E+06,2.09744065866136E-05
-3.92921245124513E+06,2.11020981304756E-05
-3.92920045004501E+06,2.12300484534638E-05
-3.92918844884489E+06,2.13582562189884E-05
-3.92917644764477E+06,2.14867200898707E-05
-3.92916444644465E+06,2.1615438728333E-05
-3.92915244524453E+06,2.17444107960122E-05
-3.92914044404441E+06,2.18736349539702E-05
-3.92912844284429E+06,2.20031098627031E-05
-3.92911644164417E+06,2.21328341821508E-05
-3.92910444044405E+06,2.22628065717062E-05
-3.92909243924393E+06,2.23930256902301E-05
-3.92908043804381E+06,2.25234901960405E-05
-3.92906843684369E+06,2.26541987469523E-05
-3.92905643564357E+06,2.27851500002666E-05
-3.92904443444345E+06,2.29163426127853E-05
-3.92903243324333E+06,2.30477752408205E-05
-3.92902043204321E+06,2.3179446540204E-05
-3.92900843084309E+06,2.33113551662973E-05
-3.92899642964297E+06,2.34434997739999E-05
-3.92898442844285E+06,2.35758790177601E-05
-3.92897242724273E+06,2.37084915515889E-05
-3.92896042604261E+06,2.38413360290487E-05
-3.92894842484249E+06,2.39744111032943E-05
-3.92893642364237E+06,2.41077154270614E-05
-3.92892442244225E+06,2.42412476526814E-05
-3.92891242124213E+06,2.437500643209E-05
-3.92890042004201E+06,2.45089904168381E-05
-3.92888841884189E+06,2.46431982581003E-05
-3.92887641764177E+06,2.47776286066844E-05
-3.92886441644165E+06,2.49122801130409E-05
-3.92885241524153E+06,2.50471514272779E-05
-3.92884041404141E+06,2.51822411991493E-05
-3.92882841284129E+06,2.5317548078096E-05
-3.92881641164117E+06,2.54530707132338E-05
-3.92880441044105E+06,2.55888077533685E-05
-3.92879240924093E+06,2.57247578470051E-05
-3.92878040804081E+06,2.58609196423574E-05
-3.92876840684069E+06,2.59972917873573E-05
-3.92875640564057E+06,2.61338729296642E-05
-3.92874440444045E+06,2.62706617166738E-05
-3.92873240324033E+06,2.64076567955341E-05
-3.92872040204021E+06,2.65448568131323E-05
-3.92870840084009E+06,2.66822604161366E-05
-3.92869639963997E+06,2.68198662509844E-05
-3.92868439843985E+06,2.69576729638968E-05
-3.92867239723973E+06,2.70956792008873E-05
-3.92866039603961E+06,2.72338836077727E-05
-3.92864839483949E+06,2.73722848301809E-05
-3.92863639363937E+06,2.75108815135615E-05
-3.92862439243925E+06,2.76496723031988E-05
-3.92861239123913E+06,2.7788655844202E-05
-3.92860039003901E+06,2.79278307815445E-05
-3.92858838883889E+06,2.80671957600531E-05
-3.92857638763877E+06,2.82067494244222E-05
-3.92856438643865E+06,2.83464904192232E-05
-3.92855238523853E+06,2.84864173889135E-05
-3.92854038403841E+06,2.86265289778463E-05
-3.92852838283829E+06,2.87668238302796E-05
-3.92851638163817E+06,2.89073005903857E-05
-3.92850438043805E+06,2.90479579022649E-05
-3.92849237923793E+06,2.91887944099349E-05
-3.9284803780378E+06,2.93298087573707E-05
-3.92846837683769E+06,2.94709995884935E-05
-3.92845637563757E+06,2.96123655471847E-05
-3.92844437443745E+06,2.97539052772956E-05
-3.92843237323733E+06,2.98956174226557E-05
-3.92842037203721E+06,3.00375006270831E-05
-3.92840837083709E+06,3.01795535343931E-05
-3.92839636963697E+06,3.03217747884074E-05
-3.92838436843685E+06,3.04641630329689E-05
-3.92837236723673E+06,3.06067169119289E-05
-3.9283603660366E+06,3.07494350691892E-05
-3.92834836483649E+06,3.08923161486895E-05
-3.92833636363637E+06,3.10353587944217E-05
-3.92832436243625E+06,3.11785616504398E-05
-3.92831236123613E+06,3.13219233608678E-05
-3.92830036003601E+06,3.146544256991E-05
-3.92828835883589E+06,3.160911792186E-05
-3.92827635763577E+06,3.17529480611092E-05
-3.92826435643564E+06,3.18969316321618E-05
-3.92825235523552E+06,3.20410672796224E-05
-3.9282403540354E+06,3.21853536482369E-05
-3.92822835283529E+06,3.2329789382881E-05
-3.92821635163517E+06,3.24743731285739E-05
-3.92820435043505E+06,3.26191035304879E-05
-3.92819234923493E+06,3.27639792339566E-05
-3.9281803480348E+06,3.29089988844852E-05
-3.92816834683469E+06,3.30541611277589E-05
-3.92815634563456E+06,3.31994646096574E-05
-3.92814434443444E+06,3.33449079762421E-05
-3.92813234323432E+06,3.3490489873798E-05
-3.9281203420342E+06,3.3636208948821E-05
-3.92810834083408E+06,3.37820638480325E-05
-3.92809633963396E+06,3.39280532183878E-05
-3.92808433843384E+06,3.4074175707086E-05
-3.92807233723373E+06,3.42204299615779E-05
-3.9280603360336E+06,3.43668146295761E-05
-3.92804833483349E+06,3.45133283590634E-05
-3.92803633363336E+06,3.46599697983077E-05
-3.92802433243324E+06,3.48067375958477E-05
-3.92801233123312E+06,3.49536304005368E-05
-3.928000330033E+06,3.51006468615284E-05
-3.92798832883288E+06,3.52477856282914E-05
-3.92797632763276E+06,3.53950453506186E-05
-3.92796432643264E+06,3.55424246786359E-05
-3.92795232523252E+06,3.56899222628109E-05
-3.9279403240324E+06,3.58375367539619E-05
-3.92792832283228E+06,3.59852668032671E-05
-3.92791632163216E+06,3.6133111062279E-05
-3.92790432043204E+06,3.62810681829102E-05
-3.92789231923192E+06,3.64291368174771E-05
-3.9278803180318E+06,3.6577315618685E-05
-3.92786831683168E+06,3.67256032396439E-05
-3.92785631563156E+06,3.68739983338761E-05
-3.92784431443144E+06,3.70224995553264E-05
-3.92783231323132E+06,3.71711055583691E-05
-3.9278203120312E+06,3.73198149978185E-05
-3.92780831083108E+06,3.74686265289372E-05
-3.92779630963096E+06,3.76175388074501E-05
-3.92778430843084E+06,3.77665504895308E-05
-3.92777230723072E+06,3.79156602318448E-05
-3.9277603060306E+06,3.80648666915345E-05
-3.92774830483048E+06,3.82141685262352E-05
-3.92773630363036E+06,3.83635643940825E-05
-3.92772430243024E+06,3.85130529537218E-05
-3.92771230123012E+06,3.86626328643163E-05
-3.92770030003E+06,3.88123027855568E-05
-3.92768829882988E+06,3.89620613776751E-05
-3.92767629762976E+06,3.91119073014302E-05
-3.92766429642964E+06,3.92618392181515E-05
-3.92765229522952E+06,3.94118557897246E-05
-3.9276402940294E+06,3.9561955678605E-05
-3.92762829282928E+06,3.97121375478276E-05
-3.92761629162916E+06,3.98624000610152E-05
-3.92760429042904E+06,4.00127418823868E-05
-3.92759228922892E+06,4.01631616767661E-05
-3.9275802880288E+06,4.03136581095907E-05
-3.92756828682868E+06,4.04642298469205E-05
-3.92755628562856E+06,4.0614875555452E-05
-3.92754428442844E+06,4.07655939025032E-05
-3.92753228322832E+06,4.09163835560581E-05
-3.9275202820282E+06,4.10672431847511E-05
-3.92750828082808E+06,4.12181714578815E-05
-3.92749627962796E+06,4.13691670454225E-05
-3.92748427842784E+06,4.15202286180298E-05
-3.92747227722772E+06,4.16713548470488E-05
-3.9274602760276E+06,4.18225444045249E-05
-3.92744827482748E+06,4.1973795963217E-05
-3.92743627362736E+06,4.21251081965819E-05
-3.92742427242724E+06,4.22764797788194E-05
-3.92741227122712E+06,4.24279093848563E-05
-3.927400270027E+06,4.25793956903605E-05
-3.92738826882688E+06,4.27309373717506E-05
-3.92737626762676E+06,4.28825331062032E-05
-3.92736426642664E+06,4.30341815716621E-05
-3.92735226522652E+06,4.31858814468457E-05
-3.9273402640264E+06,4.33376314112568E-05
-3.92732826282628E+06,4.34894301451959E-05
-3.92731626162616E+06,4.36412763297459E-05
-3.92730426042604E+06,4.37931686468166E-05
-3.92729225922592E+06,4.39451057791289E-05
-3.9272802580258E+06,4.4097086410229E-05
-3.92726825682568E+06,4.42491092244972E-05
-3.92725625562556E+06,4.44011729071556E-05
-3.92724425442544E+06,4.45532761442771E-05
-3.92723225322532E+06,4.47054176227927E-05
-3.9272202520252E+06,4.48575960305072E-05
-3.92720825082508E+06,4.5009810056082E-05
-3.92719624962496E+06,4.51620583890803E-05
-3.92718424842484E+06,4.53143397199511E-05
-3.92717224722472E+06,4.54666527400435E-05
-3.9271602460246E+06,4.56189961416142E-05
-3.92714824482448E+06,4.5771368617837E-05
-3.92713624362436E+06,4.59237688628101E-05
-3.92712424242424E+06,4.60761955715648E-05
-3.92711224122412E+06,4.62286474400724E-05
-3.927100240024E+06,4.63811231652545E-05
-3.92708823882388E+06,4.65336214449954E-05
-3.92707623762376E+06,4.66861409781269E-05
-3.92706423642364E+06,4.68386804644723E-05
-3.92705223522352E+06,4.69912386048308E-05
-3.9270402340234E+06,4.7143814100991E-05
-3.92702823282328E+06,4.72964056557395E-05
-3.92701623162316E+06,4.7449011972869E-05
-3.92700423042304E+06,4.76016317571858E-05
-3.92699222922292E+06,4.77542637145183E-05
-3.9269802280228E+06,4.79069065517311E-05
-3.92696822682268E+06,4.80595589767089E-05
-3.92695622562256E+06,4.82122196984003E-05
-3.92694422442244E+06,4.8364887426802E-05
-3.92693222322232E+06,4.85175608729732E-05
-3.9269202220222E+06,4.86702387490421E-05
-3.92690822082208E+06,4.88229197682158E-05
-3.92689621962196E+06,4.8975602644787E-05
-3.92688421842184E+06,4.91282860941425E-05
-3.92687221722172E+06,4.92809688327702E-05
-3.9268602160216E+06,4.94336495782744E-05
-3.92684821482148E+06,4.95863270493587E-05
-3.92683621362136E+06,4.97389999658702E-05
-3.92682421242124E+06,4.9891667048783E-05
-3.92681221122112E+06,5.00443270202129E-05
-3.926800210021E+06,5.01969786034242E-05
-3.92678820882088E+06,5.03496205228382E-05
-3.92677620762076E+06,5.0502251504041E-05
-3.92676420642064E+06,5.0654870273791E-05
-3.92675220522052E+06,5.08074755600266E-05
-3.9267402040204E+06,5.09600660918804E-05
-3.92672820282028E+06,5.11126405996626E-05
-3.92671620162016E+06,5.12651978149053E-05
-3.92670420042004E+06,5.14177364703452E-05
-3.92669219921992E+06,5.15702552999385E-05
-3.9266801980198E+06,5.17227530388674E-05
-3.92666819681968E+06,5.18752284235489E-05
-3.92665619561956E+06,5.20276801916418E-05
-3.92664419441944E+06,5.21801070820548E-05
-3.92663219321932E+06,5.23325078349532E-05
-3.9266201920192E+06,5.24848811917739E-05
-3.92660819081908E+06,5.26372258952081E-05
-3.92659618961896E+06,5.27895406892453E-05
-3.92658418841884E+06,5.29418243191565E-05
-3.92657218721872E+06,5.3094075531508E-05
-3.9265601860186E+06,5.32462930741691E-05
-3.92654818481848E+06,5.33984756963194E-05
-3.92653618361836E+06,5.35506221484566E-05
-3.92652418241824E+06,5.37027311824039E-05
-3.92651218121812E+06,5.38548015513228E-05
-3.926500180018E+06,5.40068320096986E-05
-3.92648817881788E+06,5.4158821313381E-05
-3.92647617761776E+06,5.431076821957E-05
-3.92646417641764E+06,5.44626714868284E-05
-3.92645217521752E+06,5.46145298750891E-05
-3.9264401740174E+06,5.47663421456624E-05
-3.92642817281728E+06,5.49181070612441E-05
-3.92641617161716E+06,5.50698233859223E-05
-3.92640417041704E+06,5.52214898851851E-05
-3.92639216921692E+06,5.53731053259334E-05
-3.9263801680168E+06,5.55246684764653E-05
-3.92636816681668E+06,5.5676178106518E-05
-3.92635616561656E+06,5.58276329872523E-05
-3.92634416441644E+06,5.59790318912657E-05
-3.92633216321632E+06,5.61303735925991E-05
-3.9263201620162E+06,5.62816568667442E-05
-3.92630816081608E+06,5.64328804906516E-05
-3.92629615961596E+06,5.65840432427371E-05
-3.92628415841584E+06,5.67351439028894E-05
-3.92627215721572E+06,5.68861812524824E-05
-3.9262601560156E+06,5.70371540743606E-05
-3.92624815481548E+06,5.71880611528795E-05
-3.92623615361536E+06,5.73389012738907E-05
-3.92622415241524E+06,5.74896732247542E-05
-3.92621215121512E+06,5.76403757943461E-05
-3.926200150015E+06,5.77910077730648E-05
-3.92618814881488E+06,5.79415679528392E-05
-3.92617614761476E+06,5.8092055127135E-05
-3.92616414641464E+06,5.82424680909623E-05
-3.92615214521452E+06,5.83928056408878E-05
-3.9261401440144E+06,5.85430665750192E-05
-3.92612814281428E+06,5.86932496930469E-05
-3.92611614161416E+06,5.88433537962277E-05
-3.92610414041404E+06,5.89933776873978E-05
-3.92609213921392E+06,5.91433201709795E-05
-3.9260801380138E+06,5.9293180052988E-05
-3.92606813681368E+06,5.9442956141039E-05
-3.92605613561356E+06,5.95926472443553E-05
-3.92604413441344E+06,5.97422521737793E-05
-3.92603213321332E+06,5.98917697417568E-05
-3.9260201320132E+06,6.0041198762379E-05
-3.92600813081308E+06,6.01905380513655E-05
-3.92599612961296E+06,6.03397864260778E-05
-3.92598412841284E+06,6.04889427055254E-05
-3.92597212721272E+06,6.06380057103732E-05
-3.9259601260126E+06,6.07869742629478E-05
-3.92594812481248E+06,6.09358471872443E-05
-3.92593612361236E+06,6.10846233089338E-05
-3.92592412241224E+06,6.1233301455375E-05
-3.92591212121212E+06,6.13818804555983E-05
-3.925900120012E+06,6.15303591403474E-05
-3.92588811881188E+06,6.16787363420619E-05
-3.92587611761176E+06,6.18270108948912E-05
-3.92586411641164E+06,6.19751816347002E-05
-3.92585211521152E+06,6.21232473990763E-05
-3.9258401140114E+06,6.22712070273354E-05
-3.92582811281128E+06,6.24190593605297E-05
-3.92581611161116E+06,6.25668032414534E-05
-3.92580411041104E+06,6.27144375146555E-05
-3.92579210921092E+06,6.28619610264226E-05
-3.9257801080108E+06,6.30093726248215E-05
-3.92576810681068E+06,6.31566711596807E-05
-3.92575610561056E+06,6.33038554826044E-05
-3.92574410441044E+06,6.34509244469784E-05
-3.92573210321032E+06,6.35978769079763E-05
-3.9257201020102E+06,6.37447117225661E-05
-3.92570810081008E+06,6.38914277495172E-05
-3.92569609960996E+06,6.4038023849406E-05
-3.92568409840984E+06,6.41844988846285E-05
-3.92567209720972E+06,6.43308517193842E-05
-3.9256600960096E+06,6.4477081219716E-05
-3.92564809480948E+06,6.4623186253494E-05
-3.92563609360936E+06,6.47691656904279E-05
-3.92562409240924E+06,6.49150184020731E-05
-3.92561209120912E+06,6.5060743261837E-05
-3.925600090009E+06,6.5206339144985E-05
-3.92558808880888E+06,6.53518049286475E-05
-3.92557608760876E+06,6.54971394918315E-05
-3.92556408640864E+06,6.56423417154036E-05
-3.92555208520852E+06,6.57874104821313E-05
-3.9255400840084E+06,6.59323446766661E-05
-3.92552808280828E+06,6.60771431855545E-05
-3.92551608160816E+06,6.62218048972458E-05
-3.92550408040804E+06,6.6366328702097E-05
-3.92549207920792E+06,6.65107134923798E-05
-3.9254800780078E+06,6.66549581622857E-05
-3.92546807680768E+06,6.67990616079333E-05
-3.92545607560756E+06,6.69430227273792E-05
-3.92544407440744E+06,6.70868404206019E-05
-3.92543207320732E+06,6.72305135895415E-05
-3.9254200720072E+06,6.73740411380834E-05
-3.92540807080708E+06,6.75174219720697E-05
-3.92539606960696E+06,6.76606549993054E-05
-3.92538406840684E+06,6.78037391295646E-05
-3.92537206720672E+06,6.79466732745961E-05
-3.9253600660066E+06,6.80894563481291E-05
-3.92534806480648E+06,6.823208726588E-05
-3.92533606360636E+06,6.83745649455634E-05
-3.92532406240624E+06,6.85168883068755E-05
-3.92531206120612E+06,6.86590562715338E-05
-3.925300060006E+06,6.88010677632607E-05
-3.92528805880588E+06,6.89429217077943E-05
-3.92527605760576E+06,6.90846170328953E-05
-3.92526405640564E+06,6.92261526683517E-05
-3.92525205520552E+06,6.93675275459854E-05
-3.9252400540054E+06,6.95087405996576E-05
-3.92522805280528E+06,6.96497907652746E-05
-3.92521605160516E+06,6.97906769807993E-05
-3.92520405040504E+06,6.99313981862345E-05
-3.92519204920492E+06,7.00719533236621E-05
-3.9251800480048E+06,7.02123413372265E-05
-3.92516804680468E+06,7.03525611731452E-05
-3.92515604560456E+06,7.04926117797158E-05
-3.92514404440444E+06,7.06324921073207E-05
-3.92513204320432E+06,7.07722011084329E-05
-3.9251200420042E+06,7.09117377376213E-05
-3.92510804080408E+06,7.10511009515625E-05
-3.92509603960396E+06,7.11902897090237E-05
-3.92508403840384E+06,7.13293029709018E-05
-3.92507203720372E+06,7.14681397002063E-05
-3.9250600360036E+06,7.16067988620709E-05
-3.92504803480348E+06,7.17452794237586E-05
-3.92503603360336E+06,7.18835803546672E-05
-3.92502403240324E+06,7.20217006263353E-05
-3.92501203120312E+06,7.21596392124467E-05
-3.925000030003E+06,7.22973950888369E-05
-3.92498802880288E+06,7.24349672335031E-05
-3.92497602760276E+06,7.25723546265885E-05
-3.92496402640264E+06,7.27095562504197E-05
-3.92495202520252E+06,7.28465710894909E-05
-3.9249400240024E+06,7.29833981304742E-05
-3.92492802280228E+06,7.31200363622247E-05
-3.92491602160216E+06,7.32564847757865E-05
-3.92490402040204E+06,7.33927423643975E-05
-3.92489201920192E+06,7.3528808123495E-05
-3.9248800180018E+06,7.36646810507201E-05
-3.92486801680168E+06,7.38003601459292E-05
-3.92485601560156E+06,7.39358444111778E-05
-3.92484401440144E+06,7.40711328507568E-05
-3.92483201320132E+06,7.42062244711772E-05
-3.9248200120012E+06,7.43411182811804E-05
-3.92480801080108E+06,7.44758132917427E-05
-3.92479600960096E+06,7.46103085160815E-05
-3.92478400840084E+06,7.47446029696594E-05
-3.92477200720072E+06,7.48786956701899E-05
-3.9247600060006E+06,7.50125856376418E-05
-3.92474800480048E+06,7.51462718942503E-05
-3.92473600360036E+06,7.52797534645003E-05
-3.92472400240024E+06,7.54130293751633E-05
-3.92471200120012E+06,7.55460986552814E-05
-3.9247E+06,7.56789603361771E-05