xs,ys
-4268000.000000015,0.03571324946240757
-4267945.394539469,0.035713253079577345
-4267890.789078923,0.035713256107470254
-4267836.183618377,0.035713258544584826
-4267781.578157831,0.03571326038966629
-4267726.972697285,0.03571326164170731
-4267672.367236739,0.03571326229994859
-4267617.761776192,0.035713262363879415
-4267563.156315646,0.035713261833238044
-4267508.5508551,0.035713260708012
-4267453.945394554,0.03571325898843831
-4267399.339934008,0.03571325667500358
-4267344.734473462,0.03571325376844398
-4267290.129012916,0.03571325026974517
-4267235.52355237,0.035713246180142044
-4267180.918091824,0.03571324150111842
-4267126.312631278,0.03571323623440662
-4267071.707170732,0.03571323038198697
-4267017.101710186,0.0357132239460871
-4266962.496249639,0.03571321692918126
-4266907.890789093,0.03571320933398947
-4266853.2853285475,0.03571320116347655
-4266798.6798680015,0.03571319242085111
-4266744.0744074555,0.035713183109564346
-4266689.4689469095,0.03571317323330884
-4266634.863486364,0.03571316279601716
-4266580.258025818,0.03571315180186046
-4266525.652565272,0.03571314025524682
-4266471.047104726,0.03571312816081971
-4266416.44164418,0.03571311552345612
-4266361.836183634,0.03571310234826479
-4266307.230723087,0.03571308864058418
-4266252.625262541,0.035713074405980455
-4266198.019801995,0.03571305965024534
-4266143.414341449,0.035713044379393835
-4266088.808880903,0.0357130285996619
-4266034.203420357,0.035713012317504
-4265979.597959811,0.0357129955395906
-4265924.992499265,0.0357129782728055
-4265870.387038719,0.03571296052424315
-4265815.781578173,0.035712942301205836
-4265761.176117627,0.03571292361120078
-4265706.570657081,0.03571290446193715
-4265651.965196534,0.03571288486132302
-4265597.359735988,0.03571286481746215
-4265542.754275442,0.03571284433865083
-4265488.148814896,0.03571282343337448
-4265433.54335435,0.03571280211030429
-4265378.937893804,0.0357127803782937
-4265324.332433258,0.035712758246374876
-4265269.726972712,0.03571273572375502
-4265215.121512166,0.03571271281981268
-4265160.51605162,0.03571268954409394
-4265105.910591074,0.03571266590630857
-4265051.305130528,0.03571264191632606
-4264996.699669981,0.03571261758417164
-4264942.094209435,0.035712592920022164
-4264887.488748889,0.035712567934202
-4264832.883288343,0.035712542637178823
-4264778.277827797,0.03571251703955929
-4264723.6723672515,0.03571249115208477
-4264669.0669067055,0.03571246498562689
-4264614.4614461595,0.03571243855118314
-4264559.855985614,0.03571241185987231
-4264505.250525068,0.03571238492292997
-4264450.645064522,0.035712357751703803
-4264396.039603976,0.035712330357648994
-4264341.434143429,0.03571230275232348
-4264286.828682883,0.035712274947383195
-4264232.223222337,0.035712246954577254
-4264177.617761791,0.03571221878574311
-4264123.012301245,0.035712190452801676
-4264068.406840699,0.03571216196775237
-4264013.801380153,0.03571213334266815
-4263959.195919607,0.03571210458969055
-4263904.590459061,0.03571207572102457
-4263849.984998515,0.035712046748933704
-4263795.379537969,0.03571201768573476
-4263740.774077423,0.0357119885437928
-4263686.168616876,0.035711959335515964
-4263631.56315633,0.035711930073350315
-4263576.957695784,0.035711900769774645
-4263522.352235238,0.035711871437295276
-4263467.746774692,0.03571184208844083
-4263413.141314146,0.03571181273575701
-4263358.5358536,0.03571178339180136
-4263303.930393054,0.035711754069137965
-4263249.324932508,0.035711724780332244
-4263194.719471962,0.035711695537945655
-4263140.114011416,0.03571166635453043
-4263085.50855087,0.035711637242624314
-4263030.903090323,0.035711608214745276
-4262976.297629777,0.03571157928338629
-4262921.692169231,0.035711550461010017
-4262867.086708685,0.0357115217600436
-4262812.481248139,0.035711493192873416
-4262757.875787593,0.035711464771839854
-4262703.270327047,0.03571143650923209
-4262648.664866501,0.03571140841728291
-4262594.0594059555,0.03571138050816351
-4262539.4539454095,0.035711352793978406
-4262484.8484848635,0.03571132528676022
-4262430.243024318,0.03571129799846466
-4262375.637563771,0.03571127094096538
-4262321.032103225,0.03571124412604898
-4262266.426642679,0.03571121756540998
-4262211.821182133,0.03571119127064584
-4262157.215721587,0.035711165253252034
-4262102.610261041,0.03571113952461712
-4262048.004800495,0.03571111409601792
-4261993.399339949,0.03571108897861466
-4261938.793879403,0.035711064183446224
-4261884.188418857,0.03571103972142545
-4261829.582958311,0.03571101560333439
-4261774.977497765,0.03571099183981974
-4261720.372037218,0.03571096844138825
-4261665.766576672,0.035710945418402196
-4261611.161116126,0.03571092278107495
-4261556.55565558,0.03571090053946653
-4261501.950195034,0.035710878703479304
-4261447.344734488,0.0357108572828537
-4261392.739273942,0.03571083628716396
-4261338.133813396,0.035710815725814055
-4261283.52835285,0.03571079560803353
-4261228.922892304,0.03571077594287357
-4261174.317431758,0.03571075673920299
-4261119.711971212,0.03571073800570442
-4261065.106510665,0.035710719750870513
-4261010.501050119,0.035710701983000186
-4260955.895589573,0.03571068471019503
-4260901.290129027,0.03571066794035574
-4260846.684668481,0.03571065168117864
-4260792.079207935,0.03571063594015229
-4260737.473747389,0.035710620724554165
-4260682.868286843,0.03571060604144747
-4260628.262826297,0.03571059189767797
-4260573.657365751,0.03571057829987095
-4260519.0519052055,0.03571056525442828
-4260464.4464446595,0.03571055276752552
-4260409.840984113,0.03571054084510919
-4260355.235523567,0.03571052949289403
-4260300.630063021,0.035710518716360475
-4260246.024602475,0.03571050852075214
-4260191.419141929,0.035710498911073425
-4260136.813681383,0.035710489892087235
-4260082.208220837,0.035710481468312794
-4260027.602760291,0.03571047364402353
-4259972.997299745,0.03571046642324509
-4259918.391839199,0.03571045980975348
-4259863.786378653,0.03571045380707324
-4259809.180918107,0.035710448418475774
-4259754.57545756,0.03571044364697779
-4259699.969997014,0.03571043949533982
-4259645.364536468,0.03571043596606484
-4259590.759075922,0.03571043306139701
-4259536.153615376,0.035710430783320556
-4259481.54815483,0.035710429133558694
-4259426.942694284,0.035710428113572716
-4259372.337233738,0.035710427724561136
-4259317.731773192,0.03571042796745901
-4259263.126312646,0.0357104288429373
-4259208.5208521,0.035710430351402395
-4259153.915391554,0.035710432492995714
-4259099.309931007,0.03571043526759344
-4259044.704470461,0.03571043867480635
-4258990.099009915,0.035710442713979766
-4258935.493549369,0.03571044738419361
-4258880.888088823,0.03571045268426256
-4258826.282628277,0.03571045861273636
-4258771.677167731,0.035710465167900204
-4258717.071707185,0.03571047234777521
-4258662.466246639,0.03571048015011906
-4258607.860786093,0.03571048857242672
-4258553.255325547,0.03571049761193129
-4258498.649865001,0.035710507265604916
-4258444.0444044545,0.03571051753015987
-4258389.438943909,0.035710528402049725
-4258334.833483363,0.0357105398774706
-4258280.228022817,0.035710551952362564
-4258225.622562271,0.03571056462241114
-4258171.017101725,0.03571057788304886
-4258116.411641179,0.035710591729457036
-4258061.806180633,0.03571060615656752
-4258007.200720087,0.03571062115906467
-4257952.595259541,0.035710636731387316
-4257897.989798995,0.035710652867730966
-4257843.384338449,0.035710669562049976
-4257788.778877903,0.035710686808059916
-4257734.173417356,0.03571070459924001
-4257679.56795681,0.03571072292883566
-4257624.962496264,0.035710741789861104
-4257570.357035718,0.03571076117510215
-4257515.751575172,0.035710781077119
-4257461.146114626,0.0357108014882492
-4257406.54065408,0.035710822400610666
-4257351.935193534,0.03571084380610479
-4257297.329732988,0.0357108656964197
-4257242.724272442,0.03571088806303352
-4257188.118811896,0.03571091089721779
-4257133.51335135,0.035710934190040976
-4257078.907890803,0.03571095793237201
-4257024.302430257,0.03571098211488398
-4256969.696969711,0.03571100672805788
-4256915.091509165,0.035711031762186415
-4256860.486048619,0.03571105720737795
-4256805.880588073,0.035711083053560494
-4256751.275127527,0.035711109290485744
-4256696.669666981,0.03571113590773328
-4256642.064206435,0.035711162894714786
-4256587.458745889,0.035711190240678314
-4256532.853285343,0.035711217934712686
-4256478.247824797,0.03571124596575194
-4256423.6423642505,0.035711274322579825
-4256369.0369037045,0.03571130299383439
-4256314.431443159,0.03571133196801263
-4256259.825982613,0.03571136123347517
-4256205.220522067,0.03571139077845105
-4256150.615061521,0.03571142059104257
-4256096.009600975,0.035711450659230135
-4256041.404140429,0.0357114809708772
-4255986.798679883,0.0357115115137353
-4255932.193219337,0.03571154227544903
-4255877.587758791,0.035711573243561195
-4255822.982298245,0.035711604405517905
-4255768.376837698,0.03571163574867378
-4255713.771377152,0.03571166726029719
-4255659.165916606,0.03571169892757547
-4255604.56045606,0.03571173073762027
-4255549.954995514,0.035711762677472884
-4255495.349534968,0.035711794734109625
-4255440.744074422,0.03571182689444722
-4255386.138613876,0.035711859145348246
-4255331.53315333,0.03571189147362661
-4255276.927692784,0.03571192386605302
-4255222.322232238,0.035711956309360506
-4255167.716771692,0.03571198879024993
-4255113.111311145,0.035712021295395566
-4255058.505850599,0.035712053811450636
-4255003.900390053,0.035712086325052905
-4254949.294929507,0.035712118822830256
-4254894.689468961,0.0357121512914063
-4254840.084008415,0.035712183717405976
-4254785.478547869,0.03571221608746115
-4254730.873087323,0.035712248388216246
-4254676.267626777,0.035712280606333816
-4254621.662166231,0.03571231272850021
-4254567.056705685,0.03571234474143109
-4254512.451245139,0.03571237663187711
-4254457.845784592,0.03571240838662945
-4254403.240324046,0.03571243999252539
-4254348.6348635005,0.03571247143645387
-4254294.0294029545,0.03571250270536105
-4254239.4239424085,0.035712533786255794
-4254184.818481863,0.03571256466621519
-4254130.213021317,0.03571259533239003
-4254075.607560771,0.035712625772010245
-4254021.002100225,0.03571265597239031
-4253966.396639679,0.035712685920934656
-4253911.791179133,0.03571271560514304
-4253857.185718587,0.03571274501261581
-4253802.58025804,0.03571277413105923
-4253747.974797494,0.03571280294829071
-4253693.369336948,0.03571283145224402
-4253638.763876402,0.0357128596309744
-4253584.158415856,0.035712887472663726
-4253529.55295531,0.03571291496562552
-4253474.947494764,0.03571294209831001
-4253420.342034218,0.03571296885930903
-4253365.736573672,0.03571299523736095
-4253311.131113126,0.03571302122135552
-4253256.52565258,0.03571304680033867
-4253201.920192034,0.03571307196351717
-4253147.314731487,0.035713096700263354
-4253092.709270941,0.035713121000119696
-4253038.103810395,0.035713144852803316
-4252983.498349849,0.035713168248210456
-4252928.892889303,0.03571319117642085
-4252874.287428757,0.03571321362770206
-4252819.681968211,0.035713235592513666
-4252765.076507665,0.035713257061511496
-4252710.471047119,0.03571327802555164
-4252655.865586573,0.03571329847569448
-4252601.260126027,0.03571331840320863
-4252546.654665481,0.03571333779957471
-4252492.049204934,0.03571335665648915
-4252437.443744388,0.03571337496586784
-4252382.838283842,0.03571339271984968
-4252328.232823296,0.03571340991080009
-4252273.6273627505,0.03571342653131436
-4252219.0219022045,0.03571344257422101
-4252164.4164416585,0.03571345803258493
-4252109.8109811125,0.03571347289971051
-4252055.205520567,0.03571348716914466
-4252000.600060021,0.035713500834679696
-4251945.994599475,0.03571351389035615
-4251891.389138929,0.035713526330465505
-4251836.783678382,0.03571353814955276
-4251782.178217836,0.03571354934241895
-4251727.57275729,0.03571355990412353
-4251672.967296744,0.03571356982998669
-4251618.361836198,0.03571357911559149
-4251563.756375652,0.035713587756785965
-4251509.150915106,0.035713595749685086
-4251454.54545456,0.0357136030906726
-4251399.939994014,0.03571360977640278
-4251345.334533468,0.03571361580380206
-4251290.729072922,0.03571362117007053
-4251236.123612376,0.03571362587268337
-4251181.518151829,0.03571362990939211
-4251126.912691283,0.035713633278225826
-4251072.307230737,0.0357136359774922
-4251017.701770191,0.03571363800577845
-4250963.096309645,0.03571363936195216
-4250908.490849099,0.035713640045162
-4250853.885388553,0.03571364005483831
-4250799.279928007,0.03571363939069359
-4250744.674467461,0.03571363805272283
-4250690.069006915,0.0357136360412038
-4250635.463546369,0.0357136333566971
-4250580.858085823,0.03571363000004623
-4250526.252625276,0.03571362597237744
-4250471.64716473,0.03571362127509952
-4250417.041704184,0.0357136159099034
-4250362.436243638,0.03571360987876174
-4250307.830783092,0.0357136031839283
-4250253.225322546,0.03571359582793725
-4250198.619862,0.03571358781360233
-4250144.0144014545,0.035713579144015926
-4250089.4089409085,0.035713569822547996
-4250034.8034803625,0.0357135598528449
-4249980.198019817,0.03571354923882808
-4249925.592559271,0.035713537984692685
-4249870.987098724,0.03571352609490603
-4249816.381638178,0.035713513574205935
-4249761.776177632,0.035713500427598986
-4249707.170717086,0.03571348666035868
-4249652.56525654,0.0357134722780234
-4249597.959795994,0.03571345728639434
-4249543.354335448,0.03571344169153331
-4249488.748874902,0.03571342549976038
-4249434.143414356,0.035713408717651475
-4249379.53795381,0.035713391352035835
-4249324.932493264,0.035713373409993365
-4249270.327032718,0.03571335489885186
-4249215.721572171,0.03571333582618417
-4249161.116111625,0.035713316199805216
-4249106.510651079,0.03571329602776893
-4249051.905190533,0.035713275318365094
-4248997.299729987,0.035713254080116004
-4248942.694269441,0.03571323232177319
-4248888.088808895,0.03571321005231386
-4248833.483348349,0.035713187280937364
-4248778.877887803,0.03571316401706153
-4248724.272427257,0.03571314027031889
-4248669.666966711,0.035713116050552836
-4248615.061506165,0.03571309136781365
-4248560.456045619,0.035713066232354505
-4248505.850585072,0.035713040654627284
-4248451.245124526,0.03571301464527844
-4248396.63966398,0.03571298821514464
-4248342.034203434,0.03571296137524839
-4248287.428742888,0.03571293413679362
-4248232.823282342,0.035712906511161074
-4248178.217821796,0.035712878509903755
-4248123.61236125,0.03571285014474218
-4248069.0069007045,0.03571282142755963
-4248014.4014401585,0.03571279237039732
-4247959.7959796125,0.03571276298544944
-4247905.1905190665,0.03571273328505825
-4247850.58505852,0.035712703281708946
-4247795.979597974,0.03571267298802463
-4247741.374137428,0.03571264241676106
-4247686.768676882,0.035712611580801475
-4247632.163216336,0.035712580493151284
-4247577.55775579,0.03571254916693271
-4247522.952295244,0.035712517615379386
-4247468.346834698,0.03571248585183094
-4247413.741374152,0.03571245388972744
-4247359.135913606,0.03571242174260389
-4247304.53045306,0.03571238942408462
-4247249.924992514,0.03571235694787763
-4247195.319531967,0.03571232432776897
-4247140.714071421,0.035712291577616975
-4247086.108610875,0.03571225871134655
-4247031.503150329,0.03571222574294337
-4246976.897689783,0.03571219268644808
-4246922.292229237,0.035712159555950466
-4246867.686768691,0.03571212636558357
-4246813.081308145,0.03571209312951781
-4246758.475847599,0.03571205986195509
-4246703.870387053,0.03571202657712285
-4246649.264926507,0.035711993289268135
-4246594.659465961,0.035711960012651645
-4246540.054005414,0.03571192676154175
-4246485.448544868,0.03571189355020855
-4246430.843084322,0.03571186039291785
-4246376.237623776,0.03571182730392523
-4246321.63216323,0.035711794297470005
-4246267.026702684,0.03571176138776929
-4246212.421242138,0.03571172858901199
-4246157.815781592,0.03571169591535284
-4246103.210321046,0.03571166338090645
-4246048.6048605,0.03571163099974134
-4245993.999399954,0.03571159878587402
-4245939.3939394085,0.035711566753263056
-4245884.788478862,0.035711534915803166
-4245830.183018316,0.03571150328731936
-4245775.57755777,0.03571147188156108
-4245720.972097224,0.035711440712196355
-4245666.366636678,0.03571140979280602
-4245611.761176132,0.03571137913687795
-4245557.155715586,0.0357113487578013
-4245502.55025504,0.03571131866886085
-4245447.944794494,0.035711288883231315
-4245393.339333948,0.03571125941397174
-4245338.733873402,0.035711230274019914
-4245284.128412856,0.03571120147618688
-4245229.522952309,0.035711173033151404
-4245174.917491763,0.03571114495745458
-4245120.312031217,0.03571111726149446
-4245065.706570671,0.0357110899575207
-4245011.101110125,0.03571106305762935
-4244956.495649579,0.03571103657375759
-4244901.890189033,0.035711010517678644
-4244847.284728487,0.03571098490099668
-4244792.679267941,0.03571095973514179
-4244738.073807395,0.03571093503136507
-4244683.468346849,0.035710910800733735
-4244628.862886303,0.03571088705412633
-4244574.257425756,0.03571086380222803
-4244519.65196521,0.03571084105552592
-4244465.046504664,0.035710818824304526
-4244410.441044118,0.03571079711864125
-4244355.835583572,0.035710775948402024
-4244301.230123026,0.035710755323236955
-4244246.62466248,0.035710735252576106
-4244192.019201934,0.03571071574562536
-4244137.413741388,0.03571069681136235
-4244082.808280842,0.035710678458532534
-4244028.202820296,0.03571066069564529
-4243973.59735975,0.03571064353097016
-4243918.9918992035,0.035710626972533174
-4243864.3864386575,0.03571061102811331
-4243809.780978112,0.03571059570523894
-4243755.175517566,0.03571058101118455
-4243700.57005702,0.035710566952967406
-4243645.964596474,0.035710553537344425
-4243591.359135928,0.035710540770809096
-4243536.753675382,0.03571052865958854
-4243482.148214836,0.035710517209640684
-4243427.54275429,0.03571050642665149
-4243372.937293744,0.035710496316032375
-4243318.331833198,0.035710486882917704
-4243263.726372651,0.035710478132162375
-4243209.120912105,0.03571047006833954
-4243154.515451559,0.03571046269573849
-4243099.909991013,0.03571045601836255
-4243045.304530467,0.035710450039927184
-4242990.699069921,0.0357104447638582
-4242936.093609375,0.03571044019329004
-4242881.488148829,0.035710436331064216
-4242826.882688283,0.035710433179727885
-4242772.277227737,0.035710430741532496
-4242717.671767191,0.03571042901843262
-4242663.066306645,0.03571042801208485
-4242608.460846098,0.03571042772384685
-4242553.855385552,0.03571042815477655
-4242499.249925006,0.035710429305631404
-4242444.64446446,0.03571043117686785
-4242390.039003914,0.035710433768640824
-4242335.433543368,0.035710437080803466
-4242280.828082822,0.03571044111290689
-4242226.222622276,0.035710445864200115
-4242171.61716173,0.035710451333630135
-4242117.011701184,0.03571045751984208
-4242062.406240638,0.03571046442117953
-4242007.800780092,0.03571047203568494
-4241953.195319545,0.0357104803611002
-4241898.5898589995,0.03571048939486734
-4241843.9843984535,0.035710499134129284
-4241789.3789379075,0.03571050957573087
-4241734.773477362,0.035710520716219836
-4241680.168016816,0.035710532551848057
-4241625.56255627,0.035710545078572846
-4241570.957095724,0.03571055829205837
-4241516.351635178,0.03571057218767724
-4241461.746174632,0.035710586760512184
-4241407.140714086,0.03571060200535786
-4241352.53525354,0.03571061791672278
-4241297.929792993,0.03571063448883136
-4241243.324332447,0.03571065171562612
-4241188.718871901,0.03571066959076992
-4241134.113411355,0.03571068810764843
-4241079.507950809,0.03571070725937264
-4241024.902490263,0.03571072703878149
-4240970.297029717,0.035710747438444664
-4240915.691569171,0.03571076845066544
-4240861.086108625,0.035710790067483705
-4240806.480648079,0.035710812280679044
-4240751.875187533,0.03571083508177399
-4240697.269726987,0.03571085846203729
-4240642.66426644,0.035710882412487426
-4240588.058805894,0.03571090692389608
-4240533.453345348,0.035710931986791844
-4240478.847884802,0.035710957591463956
-4240424.242424256,0.03571098372796614
-4240369.63696371,0.035711010386120616
-4240315.031503164,0.03571103755552212
-4240260.426042618,0.035711065225542085
-4240205.820582072,0.0357110933853329
-4240151.215121526,0.035711122023832254
-4240096.60966098,0.0357111511297676
-4240042.004200434,0.035711180691660696
-4239987.398739887,0.035711210697832216
-4239932.793279341,0.035711241136406474
-4239878.187818795,0.03571127199531626
-4239823.582358249,0.03571130326230769
-4239768.9768977035,0.03571133492494519
-4239714.3714371575,0.03571136697061657
-4239659.7659766115,0.03571139938653811
-4239605.160516066,0.03571143215975984
-4239550.55505552,0.035711465277170736
-4239495.949594974,0.03571149872550414
-4239441.344134428,0.035711532491343144
-4239386.738673882,0.03571156656112611
-4239332.133213336,0.03571160092115222
-4239277.527752789,0.035711635557587065
-4239222.922292243,0.03571167045646838
-4239168.316831697,0.03571170560371174
-4239113.711371151,0.03571174098511637
-4239059.105910605,0.03571177658637101
-4239004.500450059,0.03571181239305979
-4238949.894989513,0.0357118483906682
-4238895.289528967,0.035711884564589076
-4238840.684068421,0.035711920900128646
-4238786.078607875,0.035711957382512614
-4238731.473147329,0.035711993996892274
-4238676.867686783,0.035712030728350684
-4238622.262226236,0.03571206756190883
-4238567.65676569,0.03571210448253189
-4238513.051305144,0.03571214147513544
-4238458.445844598,0.03571217852459178
-4238403.840384052,0.03571221561573619
-4238349.234923506,0.0357122527333733
-4238294.62946296,0.03571228986228339
-4238240.024002414,0.03571232698722879
-4238185.418541868,0.0357123640929602
-4238130.813081322,0.035712401164223126
-4238076.207620776,0.03571243818576422
-4238021.60216023,0.035712475142337725
-4237966.996699683,0.03571251201871182
-4237912.391239137,0.035712548799675045
-4237857.785778591,0.035712585470042704
-4237803.180318045,0.035712622014663235
-4237748.574857499,0.0357126584184246
-4237693.9693969535,0.03571269466626064
-4237639.3639364075,0.03571273074315744
-4237584.7584758615,0.0357127666341597
-4237530.1530153155,0.03571280232437698
-4237475.54755477,0.035712837798990066
-4237420.942094224,0.03571287304325724
-4237366.336633678,0.03571290804252048
-4237311.731173131,0.03571294278221172
-4237257.125712585,0.035712977247859046
-4237202.520252039,0.03571301142509278
-4237147.914791493,0.03571304529965169
-4237093.309330947,0.03571307885738898
-4237038.703870401,0.03571311208427837
-4236984.098409855,0.035713144966420064
-4236929.492949309,0.03571317749004669
-4236874.887488763,0.035713209641529194
-4236820.282028217,0.03571324140738267
-4236765.676567671,0.035713272774272144
-4236711.071107125,0.035713303729018306
-4236656.465646578,0.03571333425860314
-4236601.860186032,0.03571336435017555
-4236547.254725486,0.03571339399105692
-4236492.64926494,0.03571342316874652
-4236438.043804394,0.03571345187092695
-4236383.438343848,0.03571348008546945
-4236328.832883302,0.035713507800439165
-4236274.227422756,0.03571353500410031
-4236219.62196221,0.03571356168492124
-4236165.016501664,0.03571358783157954
-4236110.411041118,0.035713613432966876
-4236055.805580572,0.03571363847819388
-4236001.200120025,0.03571366295659492
-4235946.594659479,0.03571368685773275
-4235891.989198933,0.03571371017140308
-4235837.383738387,0.0357137328876391
-4235782.778277841,0.035713754996715835
-4235728.172817295,0.03571377648915445
-4235673.567356749,0.03571379735572644
-4235618.961896203,0.035713817587457716
-4235564.3564356575,0.03571383717563262
-4235509.7509751115,0.035713856111797775
-4235455.1455145655,0.03571387438776588
-4235400.54005402,0.03571389199561938
-4235345.934593473,0.03571390892771403
-4235291.329132927,0.035713925176682336
-4235236.723672381,0.03571394073543688
-4235182.118211835,0.035713955597173566
-4235127.512751289,0.03571396975537471
-4235072.907290743,0.03571398320381205
-4235018.301830197,0.03571399593654956
-4234963.696369651,0.035714007947946276
-4234909.090909105,0.035714019232658864
-4234854.485448559,0.03571402978564417
-4234799.879988013,0.03571403960216157
-4234745.274527467,0.03571404867777523
-4234690.66906692,0.03571405700835628
-4234636.063606374,0.03571406459008477
-4234581.458145828,0.03571407141945158
-4234526.852685282,0.03571407749326014
-4234472.247224736,0.035714082808628096
-4234417.64176419,0.03571408736298876
-4234363.036303644,0.035714091154092485
-4234308.430843098,0.0357140941800079
-4234253.825382552,0.035714096439122975
-4234199.219922006,0.03571409793014603
-4234144.61446146,0.03571409865210654
-4234090.009000914,0.03571409860435582
-4234035.403540367,0.0357140977865676
-4233980.798079821,0.035714096198738464
-4233926.192619275,0.035714093841188115
-4233871.587158729,0.03571409071455955
-4233816.981698183,0.03571408681981907
-4233762.376237637,0.0357140821582562
-4233707.770777091,0.035714076731483385
-4233653.165316545,0.03571407054143564
-4233598.559855999,0.03571406359037004
-4233543.954395453,0.03571405588086504
-4233489.3489349075,0.03571404741581968
-4233434.7434743615,0.035714038198452695
-4233380.138013815,0.03571402823230141
-4233325.532553269,0.03571401752122058
-4233270.927092723,0.03571400606938105
-4233216.321632177,0.03571399388126827
-4233161.716171631,0.03571398096168075
-4233107.110711085,0.035713967315728276
-4233052.505250539,0.03571395294883008
-4232997.899789993,0.035713937866712855
-4232943.294329447,0.035713922075408605
-4232888.688868901,0.035713905581252425
-4232834.083408355,0.03571388839088009
-4232779.477947809,0.03571387051122557
-4232724.872487262,0.03571385194951838
-4232670.267026716,0.03571383271328082
-4232615.66156617,0.03571381281032508
-4232561.056105624,0.03571379224875026
-4232506.450645078,0.03571377103693919
-4232451.845184532,0.03571374918355521
-4232397.239723986,0.03571372669753877
-4232342.63426344,0.03571370358810395
-4232288.028802894,0.03571367986473483
-4232233.423342348,0.03571365553718178
-4232178.817881802,0.03571363061545761
-4232124.212421256,0.03571360510983358
-4232069.606960709,0.035713579030835385
-4232015.001500163,0.03571355238923892
-4231960.396039617,0.03571352519606605
-4231905.790579071,0.03571349746258014
-4231851.185118525,0.035713469200281615
-4231796.579657979,0.03571344042090334
-4231741.974197433,0.03571341113640589
-4231687.368736887,0.03571338135897278
-4231632.763276341,0.035713351101005535
-4231578.157815795,0.03571332037511869
-4231523.552355249,0.035713289194134724
-4231468.946894703,0.03571325757107885
-4231414.3414341565,0.03571322551917373
-4231359.735973611,0.03571319305183417
-4231305.130513065,0.035713160182661595
-4231250.525052519,0.03571312692543857
-4231195.919591973,0.035713093294123185
-4231141.314131427,0.03571305930284333
-4231086.708670881,0.03571302496589099
-4231032.103210335,0.03571299029771633
-4230977.497749789,0.03571295531292185
-4230922.892289243,0.03571292002625636
-4230868.286828697,0.03571288445260895
-4230813.681368151,0.03571284860700288
-4230759.075907604,0.03571281250458939
-4230704.470447058,0.035712776160641495
-4230649.864986512,0.03571273959054766
-4230595.259525966,0.03571270280980549
-4230540.65406542,0.035712665834015306
-4230486.048604874,0.03571262867887372
-4230431.443144328,0.035712591360167134
-4230376.837683782,0.035712553893765216
-4230322.232223236,0.035712516295614304
-4230267.62676269,0.035712478581730836
-4230213.021302144,0.03571244076819464
-4230158.415841598,0.0357124028711423
-4230103.810381051,0.03571236490676045
-4230049.204920505,0.03571232689127898
-4229994.599459959,0.035712288840964335
-4229939.993999413,0.0357122507721127
-4229885.388538867,0.035712212701043224
-4229830.783078321,0.03571217464409114
-4229776.177617775,0.03571213661760102
-4229721.572157229,0.03571209863791985
-4229666.966696683,0.03571206072139025
-4229612.361236137,0.03571202288434358
-4229557.755775591,0.0357119851430931
-4229503.150315045,0.03571194751392711
-4229448.544854499,0.035711910013102095
-4229393.9393939525,0.03571187265683591
-4229339.3339334065,0.03571183546130091
-4229284.7284728605,0.035711798442617175
-4229230.123012315,0.03571176161684566
-4229175.517551769,0.035711724999981424
-4229120.912091223,0.0357116886079469
-4229066.306630677,0.0357116524565851
-4229011.701170131,0.035711616561652955
-4228957.095709585,0.03571158093881458
-4228902.490249039,0.03571154560363468
-4228847.884788493,0.03571151057157188
-4228793.279327947,0.0357114758579722
-4228738.6738674,0.03571144147806248
-4228684.068406854,0.035711407446943906
-4228629.462946308,0.035711373779585574
-4228574.857485762,0.035711340490818075
-4228520.252025216,0.03571130759532716
-4228465.64656467,0.03571127510764747
-4228411.041104124,0.035711243042156275
-4228356.435643578,0.035711211413067316
-4228301.830183032,0.035711180234424725
-4228247.224722486,0.03571114952009692
-4228192.61926194,0.03571111928377071
-4228138.013801394,0.03571108953894531
-4228083.408340847,0.03571106029892658
-4228028.802880301,0.035711031576821234
-4227974.197419755,0.03571100338553117
-4227919.591959209,0.03571097573774786
-4227864.986498663,0.03571094864594688
-4227810.381038117,0.03571092212238243
-4227755.775577571,0.035710896179082026
-4227701.170117025,0.03571087082784125
-4227646.564656479,0.03571084608021857
-4227591.959195933,0.035710821947530315
-4227537.353735387,0.03571079844084565
-4227482.748274841,0.03571077557098177
-4227428.142814294,0.035710753348499095
-4227373.537353748,0.03571073178369664
-4227318.9318932025,0.0357107108866074
-4227264.3264326565,0.03571069066699397
-4227209.7209721105,0.03571067113434415
-4227155.115511565,0.03571065229786675
-4227100.510051019,0.035710634166487426
-4227045.904590473,0.03571061674884474
-4226991.299129927,0.03571060005328622
-4226936.693669381,0.03571058408786462
-4226882.088208835,0.03571056886033427
-4226827.482748289,0.03571055437814753
-4226772.877287742,0.03571054064845142
-4226718.271827196,0.03571052767808432
-4226663.66636665,0.035710515473572804
-4226609.060906104,0.035710504041128646
-4226554.455445558,0.035710493386645926
-4226499.849985012,0.03571048351569823
-4226445.244524466,0.03571047443353604
-4226390.63906392,0.03571046614508424
-4226336.033603374,0.035710458654939735
-4226281.428142828,0.03571045196736923
-4226226.822682282,0.03571044608630713
-4226172.217221736,0.035710441015353575
-4226117.611761189,0.035710436757772655
-4226063.006300643,0.03571043331649067
-4226008.400840097,0.035710430694094644
-4225953.795379551,0.0357104288928309
-4225899.189919005,0.03571042791460382
-4225844.584458459,0.03571042776097469
-4225789.978997913,0.035710428433160774
-4225735.373537367,0.035710429932034445
-4225680.768076821,0.035710432258122524
-4225626.162616275,0.035710435411605734
-4225571.557155729,0.035710439392318286
-4225516.951695183,0.035710444199747636
-4225462.346234636,0.03571044983303439
-4225407.74077409,0.03571045629097231
-4225353.135313544,0.03571046357200853
-4225298.529852998,0.035710471674243856
-4225243.924392452,0.03571048059543326
-4225189.3189319065,0.035710490332986476
-4225134.7134713605,0.03571050088396879
-4225080.1080108145,0.03571051224510193
-4225025.502550269,0.03571052441276512
-4224970.897089723,0.03571053738299629
-4224916.291629177,0.035710551151493394
-4224861.686168631,0.03571056571361593
-4224807.080708084,0.03571058106438654
-4224752.475247538,0.0357105971984928
-4224697.869786992,0.0357106141102891
-4224643.264326446,0.03571063179379875
-4224588.6588659,0.03571065024271612
-4224534.053405354,0.035710669450409044
-4224479.447944808,0.035710689409921205
-4224424.842484262,0.03571071011397482
-4224370.237023716,0.03571073155497337
-4224315.63156317,0.03571075372500446
-4224261.026102624,0.03571077661584287
-4224206.420642078,0.035710800218953696
-4224151.815181531,0.03571082452549564
-4224097.209720985,0.035710849526324424
-4224042.604260439,0.03571087521199633
-4223987.998799893,0.03571090157277191
-4223933.393339347,0.03571092859861975
-4223878.787878801,0.03571095627922042
-4223824.182418255,0.03571098460397054
-4223769.576957709,0.03571101356198694
-4223714.971497163,0.035711043142110946
-4223660.366036617,0.03571107333291284
-4223605.760576071,0.03571110412269635
-4223551.155115525,0.03571113549950333
-4223496.549654978,0.03571116745111852
-4223441.944194432,0.03571119996507442
-4223387.338733886,0.035711233028656274
-4223332.73327334,0.035711266628907175
-4223278.127812794,0.03571130075263326
-4223223.522352248,0.03571133538640903
-4223168.916891702,0.035711370516582734
-4223114.3114311565,0.035711406129281906
-4223059.7059706105,0.03571144221041895
-4223005.1005100645,0.03571147874569685
-4222950.4950495185,0.03571151572061497
-4222895.889588973,0.03571155312047492
-4222841.284128426,0.035711590930386554
-4222786.67866788,0.03571162913527401
-4222732.073207334,0.035711667719881865
-4222677.467746788,0.035711706668781366
-4222622.862286242,0.0357117459663767
-4222568.256825696,0.03571178559691141
-4222513.65136515,0.03571182554447483
-4222459.045904604,0.035711865793008606
-4222404.440444058,0.03571190632631329
-4222349.834983512,0.035711947128055005
-4222295.229522966,0.03571198818177213
-4222240.62406242,0.03571202947088213
-4222186.018601873,0.035712070978688344
-4222131.413141327,0.035712112688386914
-4222076.807680781,0.03571215458307368
-4222022.202220235,0.035712196645751225
-4221967.596759689,0.03571223885933585
-4221912.991299143,0.03571228120666472
-4221858.385838597,0.035712323670502914
-4221803.780378051,0.035712366233550626
-4221749.174917505,0.035712408878450334
-4221694.569456959,0.035712451587794035
-4221639.963996413,0.035712494344130465
-4221585.358535867,0.03571253712997241
-4221530.75307532,0.035712579927803974
-4221476.147614774,0.035712622720087885
-4221421.542154228,0.03571266548927285
-4221366.936693682,0.035712708217800884
-4221312.331233136,0.03571275088811468
-4221257.72577259,0.03571279348266492
-4221203.120312044,0.035712835983917696
-4221148.514851498,0.03571287837436183
-4221093.909390952,0.035712920636516265
-4221039.303930406,0.035712962752937394
-4220984.6984698605,0.03571300470622642
-4220930.0930093145,0.0357130464790367
-4220875.487548768,0.03571308805408103
-4220820.882088222,0.03571312941413899
-4220766.276627676,0.0357131705420642
-4220711.67116713,0.03571321142079158
-4220657.065706584,0.03571325203334456
-4220602.460246038,0.03571329236284232
-4220547.854785492,0.03571333239250694
-4220493.249324946,0.03571337210567049
-4220438.6438644,0.03571341148578221
-4220384.038403854,0.035713450516415446
-4220329.432943308,0.03571348918127474
-4220274.827482762,0.03571352746420274
-4220220.222022215,0.035713565349187126
-4220165.616561669,0.03571360282036745
-4220111.011101123,0.035713639862041915
-4220056.405640577,0.035713676458674126
-4220001.800180031,0.03571371259489976
-4219947.194719485,0.03571374825553316
-4219892.589258939,0.03571378342557386
-4219837.983798393,0.03571381809021306
-4219783.378337847,0.03571385223484004
-4219728.772877301,0.03571388584504842
-4219674.167416755,0.03571391890664244
-4219619.561956209,0.035713951405643075
-4219564.956495663,0.03571398332829414
-4219510.351035116,0.03571401466106823
-4219455.74557457,0.035714045390672626
-4219401.140114024,0.03571407550405509
-4219346.534653478,0.035714104988409566
-4219291.929192932,0.03571413383118179
-4219237.323732386,0.03571416202007476
-4219182.71827184,0.03571418954305419
-4219128.112811294,0.03571421638835376
-4219073.507350748,0.0357142425444803
-4219018.901890202,0.03571426800021892
-4218964.296429656,0.035714292744637936
-4218909.6909691105,0.03571431676709372
-4218855.085508564,0.03571434005723545
-4218800.480048018,0.03571436260500974
-4218745.874587472,0.035714384400665135
-4218691.269126926,0.03571440543475645
-4218636.66366638,0.035714425698149074
-4218582.058205834,0.03571444518202307
-4218527.452745288,0.035714463877877176
-4218472.847284742,0.03571448177753268
-4218418.241824196,0.03571449887313716
-4218363.63636365,0.03571451515716807
-4218309.030903104,0.035714530622436236
-4218254.425442558,0.03571454526208917
-4218199.819982011,0.035714559069614286
-4218145.214521465,0.03571457203884192
-4218090.609060919,0.03571458416394829
-4218036.003600373,0.03571459543945825
-4217981.398139827,0.03571460586024791
-4217926.792679281,0.035714615421547136
-4217872.187218735,0.035714624118941884
-4217817.581758189,0.03571463194837641
-4217762.976297643,0.035714638906155276
-4217708.370837097,0.0357146449889453
-4217653.765376551,0.03571465019377725
-4217599.159916005,0.035714654518047485
-4217544.554455458,0.03571465795951935
-4217489.948994912,0.035714660516324534
-4217435.343534366,0.03571466218696413
-4217380.73807382,0.035714662970309695
-4217326.132613274,0.035714662865604034
-4217271.527152728,0.035714661872461875
-4217216.921692182,0.03571465999087043
-4217162.316231636,0.035714657221189716
-4217107.71077109,0.0357146535641528
-4217053.105310544,0.03571464902086582
-4216998.499849998,0.03571464359280791
-4216943.894389452,0.035714637281830934
-4216889.2889289055,0.03571463009015906
-4216834.6834683595,0.0357146220203882
-4216780.078007814,0.03571461307548528
-4216725.472547268,0.03571460325878736
-4216670.867086722,0.03571459257400057
-4216616.261626176,0.03571458102519897
-4216561.65616563,0.035714568616823136
-4216507.050705084,0.035714555353678686
-4216452.445244538,0.03571454124093463
-4216397.839783992,0.03571452628412153
-4216343.234323446,0.03571451048912956
-4216288.6288629,0.03571449386220637
-4216234.023402353,0.03571447640995482
-4216179.417941807,0.03571445813933056
-4216124.812481261,0.03571443905763944
-4216070.207020715,0.035714419172534845
-4216015.601560169,0.035714398492014736
-4215960.996099623,0.035714377024418716
-4215906.390639077,0.03571435477842483
-4215851.785178531,0.035714331763046246
-4215797.179717985,0.03571430798762784
-4215742.574257439,0.03571428346184259
-4215687.968796893,0.035714258195687805
-4215633.363336347,0.03571423219948131
-4215578.7578758,0.0357142054838574
-4215524.152415254,0.03571417805976269
-4215469.546954708,0.03571414993845185
-4215414.941494162,0.03571412113148318
-4215360.336033616,0.03571409165071406
-4215305.73057307,0.03571406150829629
-4215251.125112524,0.035714030716671244
-4215196.519651978,0.03571399928856499
-4215141.914191432,0.03571396723698319
-4215087.308730886,0.03571393457520597
-4215032.70327034,0.03571390131678258
-4214978.097809794,0.035713867475526
-4214923.492349247,0.0357138330655074
-4214868.8868887015,0.03571379810105051
-4214814.2814281555,0.03571376259672586
-4214759.6759676095,0.0357137265673449
-4214705.0705070635,0.035713690027954055
-4214650.465046518,0.035713652993828615
-4214595.859585972,0.035713615480466594
-4214541.254125426,0.03571357750358244
-4214486.64866488,0.03571353907910066
-4214432.043204334,0.03571350022314934
-4214377.437743788,0.03571346095205361
-4214322.832283242,0.03571342128232899
-4214268.226822695,0.03571338123067463
-4214213.621362149,0.03571334081396653
-4214159.015901603,0.03571330004925063
-4214104.410441057,0.03571325895373581
-4214049.804980511,0.035713217544786874
-4213995.199519965,0.035713175839917406
-4213940.594059419,0.035713133856782577
-4213885.988598873,0.03571309161317189
-4213831.383138327,0.035713049127001864
-4213776.777677781,0.03571300641630864
-4213722.172217235,0.03571296349924053
-4213667.566756689,0.03571292039405058
-4213612.961296142,0.03571287711908892
-4213558.355835596,0.0357128336927953
-4213503.75037505,0.03571279013369133
-4213449.144914504,0.035712746460372875
-4213394.539453958,0.03571270269150231
-4213339.933993412,0.03571265884580077
-4213285.328532866,0.035712614942040366
-4213230.72307232,0.03571257099903635
-4213176.117611774,0.03571252703563931
-4213121.512151228,0.03571248307072726
-4213066.906690682,0.0357124391231978
-4213012.301230136,0.03571239521196018
-4212957.695769589,0.03571235135592743
-4212903.090309043,0.03571230757400839
-4212848.484848497,0.03571226388509981
-4212793.879387951,0.03571222030807843
-4212739.2739274055,0.035712176861793024
-4212684.6684668595,0.035712133565056495
-4212630.0630063135,0.03571209043663794
-4212575.457545768,0.03571204749525476
-4212520.852085222,0.03571200475956474
-4212466.246624676,0.03571196224815822
-4212411.64116413,0.03571191997955018
-4212357.035703584,0.03571187797217243
-4212302.430243037,0.03571183624436582
-4212247.824782491,0.03571179481437248
-4212193.219321945,0.035711753700327996
-4212138.613861399,0.03571171292025382
-4212084.008400853,0.03571167249204949
-4212029.402940307,0.03571163243348512
-4211974.797479761,0.035711592762193746
-4211920.192019215,0.03571155349566382
-4211865.586558669,0.03571151465123177
-4211810.981098123,0.03571147624607454
-4211756.375637577,0.03571143829720228
-4211701.770177031,0.03571140082145101
-4211647.164716484,0.035711363835475414
-4211592.559255938,0.0357113273557417
-4211537.953795392,0.03571129139852048
-4211483.348334846,0.035711255979879765
-4211428.7428743,0.035711221115678045
-4211374.137413754,0.035711186821557446
-4211319.531953208,0.03571115311293692
-4211264.926492662,0.0357111200050056
-4211210.321032116,0.03571108751271619
-4211155.71557157,0.035711055650778485
-4211101.110111024,0.03571102443365293
-4211046.504650478,0.03571099387554434
-4210991.899189932,0.0357109639903957
-4210937.293729385,0.03571093479188204
-4210882.688268839,0.03571090629340445
-4210828.082808293,0.03571087850808418
-4210773.477347747,0.03571085144875691
-4210718.871887201,0.035710825127967014
-4210664.266426655,0.035710799557962074
-4210609.6609661095,0.03571077475068743
-4210555.0555055635,0.03571075071778086
-4210500.4500450175,0.03571072747056744
-4210445.844584472,0.035710705020054426
-4210391.239123926,0.03571068337692639
-4210336.63366338,0.03571066255154038
-4210282.028202833,0.03571064255392125
-4210227.422742287,0.03571062339375716
-4210172.817281741,0.03571060508039516
-4210118.211821195,0.035710587622836944
-4210063.606360649,0.035710571029734704
-4210009.000900103,0.035710555309387194
-4209954.395439557,0.035710540469735895
-4209899.789979011,0.0357105265183613
-4209845.184518465,0.03571051346247941
-4209790.579057919,0.03571050130893832
-4209735.973597373,0.03571049006421502
-4209681.368136827,0.03571047973441227
-4209626.76267628,0.035710470325255685
-4209572.157215734,0.03571046184209096
-4209517.551755188,0.035710454289881254
-4209462.946294642,0.03571044767320472
-4209408.340834096,0.035710441996252215
-4209353.73537355,0.03571043726282513
-4209299.129913004,0.035710433476333424
-4209244.524452458,0.035710430639793816
-4209189.918991912,0.03571042875582811
-4209135.313531366,0.03571042782666171
-4209080.70807082,0.03571042785412226
-4209026.102610274,0.03571042883963854
-4208971.497149727,0.035710430784239425
-4208916.891689181,0.035710433688553034
-4208862.286228635,0.035710437552806125
-4208807.680768089,0.03571044237682355
-4208753.075307543,0.035710448160027934
-4208698.469846997,0.03571045490143954
-4208643.864386451,0.03571046259967623
-4208589.258925905,0.03571047125295368
-4208534.6534653595,0.03571048085908571
-4208480.0480048135,0.035710491415484776
-4208425.4425442675,0.0357105029191627
-4208370.8370837215,0.03571051536673147
-4208316.231623175,0.03571052875440429
-4208261.626162629,0.035710543077996725
-4208207.020702083,0.03571055833292812
-4208152.415241537,0.03571057451422306
-4208097.809780991,0.0357105916165131
-4208043.204320445,0.03571060963403858
-4207988.598859899,0.03571062856065067
-4207933.993399353,0.035710648389813575
-4207879.387938807,0.03571066911460682
-4207824.782478261,0.03571069072772782
-4207770.177017715,0.03571071322149453
-4207715.571557169,0.03571073658784831
-4207660.966096622,0.03571076081835687
-4207606.360636076,0.03571078590421746
-4207551.75517553,0.0357108118362602
-4207497.149714984,0.03571083860495152
-4207442.544254438,0.0357108662003978
-4207387.938793892,0.03571089461234915
-4207333.333333346,0.03571092383020336
-4207278.7278728,0.035710953843009964
-4207224.122412254,0.03571098463947448
-4207169.516951708,0.03571101620796283
-4207114.911491162,0.03571104853650583
-4207060.306030616,0.035711081612803855
-4207005.700570069,0.03571111542423173
-4206951.095109523,0.0357111499578436
-4206896.489648977,0.03571118520037812
-4206841.884188431,0.03571122113826363
-4206787.278727885,0.03571125775762352
-4206732.673267339,0.035711295044281804
-4206678.067806793,0.03571133298376868
-4206623.462346247,0.03571137156132636
-4206568.856885701,0.035711410761914905
-4206514.251425155,0.03571145057021829
-4206459.645964609,0.035711490970650496
-4206405.0405040635,0.03571153194736182
-4206350.435043517,0.0357115734842452
-4206295.829582971,0.03571161556494273
-4206241.224122425,0.03571165817285225
-4206186.618661879,0.03571170129113405
-4206132.013201333,0.035711744902717724
-4206077.407740787,0.035711788990309024
-4206022.802280241,0.03571183353639692
-4205968.196819695,0.03571187852326072
-4205913.591359149,0.03571192393297727
-4205858.985898603,0.03571196974742825
-4205804.380438057,0.035712015948307585
-4205749.774977511,0.035712062517128926
-4205695.169516964,0.03571210943523319
-4205640.564056418,0.03571215668379622
-4205585.958595872,0.03571220424383652
-4205531.353135326,0.035712252096223
-4205476.74767478,0.0357123002216829
-4205422.142214234,0.035712348600809664
-4205367.536753688,0.03571239721407099
-4205312.931293142,0.035712446041816844
-4205258.325832596,0.0357124950642876
-4205203.72037205,0.035712544261622174
-4205149.114911504,0.0357125936138663
-4205094.509450958,0.03571264310098073
-4205039.903990411,0.03571269270284961
-4204985.298529865,0.03571274239928877
-4204930.693069319,0.035712792170054145
-4204876.087608773,0.0357128419948502
-4204821.482148227,0.035712891853338355
-4204766.876687681,0.03571294172514551
-4204712.271227135,0.0357129915898725
-4204657.665766589,0.03571304142710262
-4204603.060306043,0.0357130912164102
-4204548.454845497,0.03571314093736911
-4204493.849384951,0.03571319056956136
-4204439.243924405,0.03571324009258563
-4204384.6384638585,0.03571328948606584
-4204330.033003313,0.035713338729659753
-4204275.427542767,0.035713387803067466
-4204220.822082221,0.03571343668604002
-4204166.216621675,0.0357134853583879
-4204111.611161129,0.03571353379998959
-4204057.005700583,0.03571358199080002
-4204002.400240037,0.03571362991085912
-4203947.794779491,0.03571367754030019
-4203893.189318945,0.03571372485935839
-4203838.583858399,0.03571377184837907
-4203783.978397853,0.03571381848782614
-4203729.372937306,0.03571386475829043
-4203674.76747676,0.035713910640497844
-4203620.162016214,0.03571395611531768
-4203565.556555668,0.03571400116377072
-4203510.951095122,0.0357140457670374
-4203456.345634576,0.0357140899064658
-4203401.74017403,0.035714133563579685
-4203347.134713484,0.03571417672008638
-4203292.529252938,0.03571421935788467
-4203237.923792392,0.03571426145907255
-4203183.318331846,0.03571430300595494
-4203128.7128713,0.03571434398105131
-4203074.107410753,0.035714384367103245
-4203019.501950207,0.035714424147081876
-4202964.896489661,0.03571446330419527
-4202910.291029115,0.03571450182189572
-4202855.685568569,0.0357145396838869
-4202801.080108023,0.035714576874130995
-4202746.474647477,0.035714613376855636
-4202691.869186931,0.03571464917656083
-4202637.263726385,0.03571468425802572
-4202582.658265839,0.03571471860631524
-4202528.052805293,0.03571475220678668
-4202473.447344747,0.03571478504509612
-4202418.8418842,0.03571481710720476
-4202364.2364236545,0.03571484837938511
-4202309.6309631085,0.03571487884822704
-4202255.0255025625,0.03571490850064379
-4202200.420042017,0.0357149373238777
-4202145.814581471,0.035714965305506
-4202091.209120925,0.035714992433446266
-4202036.603660379,0.0357150186959619
-4201981.998199833,0.035715044081667376
-4201927.392739287,0.03571506857953339
-4201872.787278741,0.035715092178891836
-4201818.181818195,0.035715114869440664
-4201763.576357648,0.03571513664124857
-4201708.970897102,0.03571515748475954
-4201654.365436556,0.03571517739079725
-4201599.75997601,0.03571519635056931
-4201545.154515464,0.03571521435567132
-4201490.549054918,0.03571523139809084
-4201435.943594372,0.035715247470211105
-4201381.338133826,0.03571526256481467
-4201326.73267328,0.03571527667508684
-4201272.127212734,0.035715289794618896
-4201217.521752188,0.035715301917411284
-4201162.916291642,0.0357153130378765
-4201108.310831096,0.03571532315084187
-4201053.705370549,0.03571533225155215
-4200999.099910003,0.03571534033567198
-4200944.494449457,0.03571534739928809
-4200889.888988911,0.03571535343891142
-4200835.283528365,0.03571535845147899
-4200780.678067819,0.03571536243435568
-4200726.072607273,0.035715365385335714
-4200671.467146727,0.03571536730264409
-4200616.861686181,0.035715368184937736
-4200562.256225635,0.035715368031306545
-4200507.650765089,0.03571536684127419
-4200453.045304543,0.0357153646147988
-4200398.439843996,0.03571536135227341
-4200343.83438345,0.035715357054526276
-4200289.2289229045,0.03571535172282094
-4200234.6234623585,0.03571534535885621
-4200180.0180018125,0.035715337964765864
-4200125.4125412665,0.035715329543118214
-4200070.807080721,0.03571532009691552
-4200016.201620175,0.03571530962959314
-4199961.596159629,0.03571529814501857
-4199906.990699083,0.03571528564749029
-4199852.385238537,0.035715272141736365
-4199797.779777991,0.035715257632912965
-4199743.174317444,0.03571524212660263
-4199688.568856898,0.035715225628812394
-4199633.963396352,0.03571520814597168
-4199579.357935806,0.03571518968493008
-4199524.75247526,0.035715170252954925
-4199470.147014714,0.03571514985772867
-4199415.541554168,0.0357151285073461
-4199360.936093622,0.0357151062103114
-4199306.330633076,0.03571508297553499
-4199251.72517253,0.03571505881233025
-4199197.119711984,0.03571503373041002
-4199142.514251438,0.03571500773988294
-4199087.908790891,0.03571498085124968
-4199033.303330345,0.03571495307539891
-4198978.697869799,0.035714924423603134
-4198924.092409253,0.035714894907514415
-4198869.486948707,0.03571486453915988
-4198814.881488161,0.03571483333093705
-4198760.276027615,0.03571480129560906
-4198705.670567069,0.03571476844629969
-4198651.065106523,0.035714734796488255
-4198596.459645977,0.03571470036000432
-4198541.854185431,0.03571466515102228
-4198487.248724885,0.035714629184055775
-4198432.643264338,0.03571459247395199
-4198378.037803792,0.03571455503588579
-4198323.432343246,0.03571451688535365
-4198268.8268827,0.035714478038167595
-4198214.221422154,0.03571443851044881
-4198159.6159616085,0.03571439831862129
-4198105.0105010625,0.03571435747940524
-4198050.4050405165,0.035714316009810405
-4197995.799579971,0.03571427392712922
-4197941.194119425,0.03571423124892989
-4197886.588658879,0.03571418799304932
-4197831.983198333,0.035714144177585894
-4197777.377737786,0.03571409982089222
-4197722.77227724,0.03571405494156769
-4197668.166816694,0.03571400955845091
-4197613.561356148,0.035713963690612124
-4197558.955895602,0.035713917357345436
-4197504.350435056,0.03571387057816096
-4197449.74497451,0.035713823372776884
-4197395.139513964,0.03571377576111144
-4197340.534053418,0.03571372776327476
-4197285.928592872,0.035713679399560626
-4197231.323132326,0.03571363069043823
-4197176.71767178,0.03571358165654373
-4197122.112211233,0.0357135323186718
-4197067.506750687,0.035713482697767085
-4197012.901290141,0.03571343281491558
-4196958.295829595,0.03571338269133596
-4196903.690369049,0.03571333234837082
-4196849.084908503,0.035713281807477855
-4196794.479447957,0.03571323109022104
-4196739.873987411,0.035713180218261635
-4196685.268526865,0.03571312921334928
-4196630.663066319,0.03571307809731295
-4196576.057605773,0.03571302689205188
-4196521.452145227,0.0357129756195265
-4196466.84668468,0.03571292430174926
-4196412.241224134,0.0357128729607755
-4196357.635763588,0.03571282161869424
-4196303.030303042,0.035712770297618955
-4196248.424842496,0.035712719019678346
-4196193.81938195,0.03571266780700708
-4196139.213921404,0.035712616681736545
-4196084.608460858,0.03571256566598553
-4196030.0030003125,0.035712514781851
-4195975.3975397665,0.03571246405139876
-4195920.7920792205,0.03571241349665422
-4195866.186618675,0.03571236313959312
-4195811.581158128,0.03571231300213224
-4195756.975697582,0.03571226310612019
-4195702.370237036,0.03571221347332817
-4195647.76477649,0.03571216412544075
-4195593.159315944,0.03571211508404674
-4195538.553855398,0.03571206637062997
-4195483.948394852,0.03571201800656028
-4195429.342934306,0.03571197001308432
-4195374.73747376,0.03571192241131664
-4195320.132013214,0.03571187522223061
-4195265.526552668,0.035711828466649546
-4195210.921092122,0.03571178216523777
-4195156.315631575,0.03571173633849183
-4195101.710171029,0.03571169100673173
-4195047.104710483,0.03571164619009218
-4194992.499249937,0.03571160190851402
-4194937.893789391,0.03571155818173563
-4194883.288328845,0.03571151502928444
-4194828.682868299,0.035711472470468554
-4194774.077407753,0.03571143052436838
-4194719.471947207,0.03571138920982842
-4194664.866486661,0.03571134854544914
-4194610.261026115,0.03571130854957887
-4194555.655565569,0.0357112692403059
-4194501.050105022,0.03571123063545054
-4194446.444644476,0.03571119275255749
-4194391.83918393,0.03571115560888807
-4194337.233723384,0.03571111922141278
-4194282.6282628383,0.035711083606803806
-4194228.0228022924,0.035711048781427765
-4194173.4173417464,0.03571101476133849
-4194118.8118812004,0.03571098156226999
-4194064.2064206544,0.03571094919962949
-4194009.600960108,0.03571091768849065
-4193954.995499562,0.03571088704358688
-4193900.390039016,0.03571085727930479
-4193845.78457847,0.03571082840967782
-4193791.179117924,0.03571080044837994
-4193736.573657378,0.03571077340871955
-4193681.9681968316,0.03571074730363356
-4193627.3627362857,0.035710722145681474
-4193572.7572757397,0.0357106979470398
-4193518.1518151937,0.03571067471949651
-4193463.5463546477,0.035710652474445666
-4193408.9408941017,0.035710631222882254
-4193354.3354335553,0.03571061097539712
-4193299.7299730093,0.035710591742172115
-4193245.1245124633,0.035710573532975375
-4193190.5190519174,0.03571055635715679
-4193135.9135913714,0.03571054022364361
-4193081.3081308254,0.03571052514093631
-4193026.702670279,0.0357105111171045
-4192972.097209733,0.03571049815978311
-4192917.491749187,0.035710486276168726
-4192862.886288641,0.03571047547301608
-4192808.280828095,0.035710465756634766
-4192753.675367549,0.03571045713288609
-4192699.069907003,0.03571044960718016
-4192644.4644464566,0.03571044318447309
-4192589.8589859107,0.03571043786926448
-4192535.2535253647,0.03571043366559498
-4192480.6480648187,0.03571043057704417
-4192426.0426042727,0.03571042860672849
-4192371.4371437263,0.035710427757299476
-4192316.8316831803,0.035710428030942126
-4192262.2262226343,0.03571042942937349
-4192207.6207620883,0.03571043195384143
-4192153.0153015424,0.03571043560512361
-4192098.4098409964,0.03571044038352663
-4192043.8043804504,0.0357104462888854
-4191989.198919904,0.03571045332056271
-4191934.593459358,0.03571046147744896
-4191879.987998812,0.03571047075796212
-4191825.382538266,0.035710481160047894
-4191770.77707772,0.03571049268118004
-4191716.1716171736,0.03571050531836093
-4191661.5661566276,0.0357105190681223
-4191606.9606960816,0.035710533926526185
-4191552.3552355357,0.035710549889166034
-4191497.7497749897,0.03571056695116808
-4191443.1443144437,0.03571058510719286
-4191388.5388538977,0.03571060435143694
-4191333.9333933513,0.03571062467763484
-4191279.3279328053,0.03571064607906116
-4191224.7224722593,0.0357106685485329
-4191170.1170117133,0.035710692078411946
-4191115.5115511674,0.035710716660607815
-4191060.906090621,0.035710742286580506
-4191006.300630075,0.035710768947343624
-4190951.695169529,0.03571079663346762
-4190897.089708983,0.0357108253350833
-4190842.484248437,0.03571085504188545
-4190787.878787891,0.03571088574313667
-4190733.273327345,0.03571091742767142
-4190678.6678667986,0.035710950083900225
-4190624.0624062526,0.03571098369981406
-4190569.4569457066,0.03571101826298894
-4190514.8514851606,0.03571105376059063
-4190460.2460246147,0.035711090179379616
-4190405.6405640687,0.03571112750571618
-4190351.0351035222,0.035711165725565694
-4190296.4296429763,0.03571120482450405
-4190241.8241824303,0.035711244787723286
-4190187.2187218843,0.035711285600037376
-4190132.6132613383,0.03571132724588815
-4190078.0078007923,0.03571136970935143
-4190023.402340246,0.035711412974143306
-4189968.7968797,0.03571145702362651
-4189914.191419154,0.035711501840817075
-4189859.585958608,0.035711547408391
-4189804.980498062,0.03571159370869118
-4189750.375037516,0.03571164072373443
-4189695.7695769696,0.035711688435218616
-4189641.1641164236,0.03571173682453004
-4189586.5586558776,0.035711785872750854
-4189531.9531953316,0.03571183556066664
-4189477.3477347856,0.035711885868774176
-4189422.7422742397,0.03571193677728925
-4189368.136813693,0.03571198826615466
-4189313.5313531472,0.0357120403150483
-4189258.9258926013,0.0357120929033914
-4189204.3204320553,0.03571214601035685
-4189149.7149715093,0.03571219961487765
-4189095.1095109633,0.03571225369565549
-4189040.504050417,0.0357123082311694
-4188985.898589871,0.03571236319968452
-4188931.293129325,0.035712418579260975
-4188876.687668779,0.03571247434776285
-4188822.082208233,0.03571253048286721
-4188767.476747687,0.0357125869620733
-4188712.8712871405,0.03571264376271173
-4188658.2658265946,0.0357127008619538
-4188603.6603660486,0.03571275823682091
-4188549.0549055026,0.03571281586419396
-4188494.4494449566,0.03571287372082297
-4188439.8439844106,0.03571293178333657
-4188385.238523864,0.03571299002825177
-4188330.633063318,0.03571304843198356
-4188276.027602772,0.03571310697085476
-4188221.4221422262,0.035713165621105825
-4188166.8166816803,0.03571322435890466
-4188112.2112211343,0.03571328316035658
-4188057.605760588,0.035713342001514214
-4188003.000300042,0.035713400858387506
-4187948.394839496,0.03571345970695368
-4187893.78937895,0.035713518523167315
-4187839.183918404,0.03571357728297036
-4187784.578457858,0.035713635962302204
-4187729.9729973115,0.035713694537109764
-4187675.3675367655,0.035713752983357556
-4187620.7620762195,0.035713811277037794
-4187566.1566156736,0.035713869394180475
-4187511.5511551276,0.03571392731086347
-4187456.9456945816,0.03571398500322258
-4187402.340234035,0.03571404244746161
-4187347.734773489,0.03571409961986242
-4187293.129312943,0.03571415649679494
-4187238.523852397,0.03571421305472717
-4187183.9183918512,0.03571426927023514
-4187129.3129313053,0.03571432512001285
-4187074.707470759,0.03571438058088218
-4187020.102010213,0.03571443562980271
-4186965.496549667,0.03571449024388155
-4186910.891089121,0.03571454440038308
-4186856.285628575,0.03571459807673868
-4186801.680168029,0.035714651250556326
-4186747.0747074825,0.03571470389963021
-4186692.4692469365,0.03571475600195021
-4186637.8637863905,0.03571480753571137
-4186583.2583258445,0.03571485847932325
-4186528.6528652986,0.035714908811419185
-4186474.0474047526,0.03571495851086553
-4186419.441944206,0.03571500755677072
-4186364.83648366,0.03571505592849437
-4186310.231023114,0.03571510360565611
-4186255.625562568,0.0357151505681445
-4186201.020102022,0.0357151967961257
-4186146.4146414762,0.0357152422700521
-4186091.80918093,0.035715286970670855
-4186037.203720384,0.03571533087903227
-4185982.598259838,0.03571537397649803
-4185927.992799292,0.03571541624474946
-4185873.387338746,0.03571545766579544
-4185818.7818782,0.035715498221980405
-4185764.1764176534,0.03571553789599207
-4185709.5709571075,0.035715576670869074
-4185654.9654965615,0.03571561453000848
-4185600.3600360155,0.035715651457173155
-4185545.7545754695,0.03571568743649895
-4185491.1491149236,0.03571572245250178
-4185436.543654377,0.035715756490084544
-4185381.938193831,0.035715789534543886
-4185327.332733285,0.03571582157157678
-4185272.727272739,0.03571585258728699
-4185218.121812193,0.03571588256819134
-4185163.516351647,0.03571591150122584
-4185108.9108911008,0.03571593937375161
-4185054.305430555,0.03571596617356068
-4184999.699970009,0.03571599188888157
-4184945.094509463,0.035716016508384706
-4184890.489048917,0.03571604002118771
-4184835.883588371,0.03571606241686041
-4184781.2781278244,0.03571608368542974
-4184726.6726672784,0.03571610381738446
-4184672.0672067325,0.035716122803679605
-4184617.4617461865,0.035716140635740856
-4184562.8562856405,0.03571615730546865
-4184508.2508250945,0.03571617280524208
-4184453.645364548,0.03571618712792267
-4184399.039904002,0.03571620026685788
-4184344.434443456,0.03571621221588446
-4184289.82898291,0.035716222969331586
-4184235.223522364,0.03571623252202378
-4184180.618061818,0.03571624086928365
-4184126.0126012717,0.03571624800693442
-4184071.4071407258,0.03571625393130222
-4184016.80168018,0.035716258639218235
-4183962.196219634,0.03571626212802057
-4183907.590759088,0.03571626439555596
-4183852.985298542,0.03571626544018124
-4183798.3798379954,0.03571626526076462
-4183743.7743774494,0.03571626385668674
-4183689.1689169034,0.03571626122784149
-4183634.5634563575,0.03571625737463666
-4183579.9579958115,0.035716252297994376
-4183525.3525352655,0.03571624599935124
-4183470.747074719,0.03571623848065835
-4183416.141614173,0.035716229744381066
-4183361.536153627,0.035716219793498566
-4183306.930693081,0.03571620863150316
-4183252.325232535,0.03571619626239944
-4183197.719771989,0.03571618269070317
-4183143.1143114427,0.03571616792143997
-4183088.5088508967,0.03571615196014383
-4183033.9033903508,0.0357161348128553
-4182979.297929805,0.03571611648611962
-4182924.692469259,0.0357160969869845
-4182870.087008713,0.035716076322997746
-4182815.481548167,0.0357160545022047
-4182760.8760876204,0.03571603153314539
-4182706.2706270744,0.03571600742485158
-4182651.6651665284,0.03571598218684347
-4182597.0597059825,0.03571595582912636
-4182542.4542454365,0.03571592836218691
-4182487.84878489,0.0357158997969894
-4182433.243324344,0.0357158701449716
-4182378.637863798,0.03571583941804057
-4182324.032403252,0.03571580762856819
-4182269.426942706,0.03571577478938652
-4182214.82148216,0.03571574091378294
-4182160.216021614,0.035715706015495126
-4182105.6105610677,0.03571567010870577
-4182051.0051005217,0.035715633208037216
-4181996.3996399757,0.03571559532854576
-4181941.7941794298,0.03571555648571592
-4181887.188718884,0.03571551669545437
-4181832.5832583373,0.035715475974083824
-4181777.9777977914,0.03571543433833661
-4181723.3723372454,0.03571539180534822
-4181668.7668766994,0.035715348392650496
-4181614.1614161534,0.035715304118164815
-4181559.5559556074,0.035715259000194996
-4181504.9504950615,0.0357152130574201
-4181450.345034515,0.035715166308886985
-4181395.739573969,0.03571511877400283
-4181341.134113423,0.035715070472527345
-4181286.528652877,0.03571502142456494
-4181231.923192331,0.03571497165055669
-4181177.317731785,0.03571492117127218
-4181122.7122712387,0.035714870007801144
-4181068.1068106927,0.03571481818154504
-4181013.5013501467,0.03571476571420842
-4180958.8958896007,0.035714712627790204
-4180904.2904290548,0.0357146589445748
-4180849.684968509,0.0357146046871231
-4180795.0795079623,0.03571454987826333
-4180740.4740474164,0.03571449454108184
-4180685.8685868704,0.03571443869891369
-4180631.2631263244,0.0357143823753332
-4180576.6576657784,0.0357143255941443
-4180522.0522052324,0.035714268379370896
-4180467.446744686,0.03571421075524699
-4180412.84128414,0.035714152746206845
-4180358.235823594,0.035714094376874915
-4180303.630363048,0.03571403567205579
-4180249.024902502,0.03571397665672401
-4180194.419441956,0.0357139173560138
-4180139.8139814097,0.03571385779520871
-4180085.2085208637,0.03571379799973124
-4180030.6030603177,0.03571373799513231
-4179975.9975997717,0.035713677807080735
-4179921.3921392257,0.035713617461352584
-4179866.7866786798,0.03571355698382054
-4179812.1812181333,0.03571349640044317
-4179757.5757575873,0.035713435737254114
-4179702.9702970413,0.03571337502035132
-4179648.3648364954,0.03571331427588618
-4179593.7593759494,0.03571325353005259
-4179539.1539154034,0.03571319280907609
-4179484.548454857,0.03571313213920288
-4179429.942994311,0.03571307154668888
-4179375.337533765,0.0357130110577887
-4179320.732073219,0.0357129506987447
-4179266.126612673,0.03571289049577594
-4179211.521152127,0.03571283047506719
-4179156.9156915806,0.035712770662757916
-4179102.3102310346,0.0357127110849313
-4179047.7047704887,0.035712651767603215
-4178993.0993099427,0.0357125927367113
-4178938.4938493967,0.035712534018103946
-4178883.8883888507,0.03571247563752942
-4178829.2829283043,0.03571241762062493
-4178774.6774677583,0.035712359992905784
-4178720.0720072123,0.03571230277975453
-4178665.4665466663,0.03571224600641022
-4178610.8610861204,0.035712189697957614
-4178556.2556255744,0.035712133879316536
-4178501.650165028,0.035712078575231225
-4178447.044704482,0.03571202381025978
-4178392.439243936,0.035711969608763654
-4178337.83378339,0.03571191599489722
-4178283.228322844,0.0357118629925974
-4178228.622862298,0.035711810625573416
-4178174.0174017516,0.03571175891729656
-4178119.4119412056,0.03571170789099013
-4178064.8064806596,0.03571165756961936
-4178010.2010201137,0.03571160797588154
-4177955.5955595677,0.03571155913219619
-4177900.9900990217,0.035711511060695325
-4177846.3846384753,0.035711463783213895
-4177791.7791779293,0.035711417321280234
-4177737.1737173833,0.035711371696106727
-4177682.5682568373,0.03571132692858054
-4177627.9627962913,0.03571128303925451
-4177573.3573357454,0.035711240048338116
-4177518.751875199,0.035711197975688634
-4177464.146414653,0.035711156840802394
-4177409.540954107,0.03571111666280621
-4177354.935493561,0.03571107746044892
-4177300.330033015,0.03571103925209312
-4177245.724572469,0.03571100205570695
-4177191.1191119226,0.0357109658888562
-4177136.5136513766,0.035710930768696414
-4177081.9081908306,0.035710896711965236
-4177027.3027302846,0.035710863734974944
-4176972.6972697387,0.03571083185360507
-4176918.0918091927,0.03571080108329527
-4176863.486348646,0.03571077143903833
-4176808.8808881002,0.03571074293537338
-4176754.2754275543,0.03571071558637925
-4176699.6699670083,0.035710689405668024
-4176645.0645064623,0.03571066440637883
-4176590.4590459163,0.03571064060117175
-4176535.85358537,0.03571061800222195
-4176481.248124824,0.03571059662121403
-4176426.642664278,0.03571057646933654
-4176372.037203732,0.035710557557276715
-4176317.431743186,0.035710539895215394
-4176262.82628264,0.03571052349282219
-4176208.2208220935,0.035710508359250805
-4176153.6153615476,0.035710494503134606
-4176099.0099010016,0.035710481932582396
-4176044.4044404556,0.03571047065517438
-4175989.7989799096,0.0357104606779584
-4175935.1935193636,0.035710452007446304
-4175880.588058817,0.03571044464961065
-4175825.982598271,0.03571043860988152
-4175771.3771377252,0.03571043389314361
-4175716.7716771793,0.035710430503733556
-4175662.1662166333,0.03571042844543746
-4175607.5607560873,0.03571042772148867
-4175552.955295541,0.035710428334565725
-4175498.349834995,0.035710430286790634
-4175443.744374449,0.035710433579727294
-4175389.138913903,0.03571043821438018
-4175334.533453357,0.035710444191193264
-4175279.927992811,0.03571045151004917
-4175225.3225322645,0.03571046017026855
-4175170.7170717185,0.03571047017060971
-4175116.1116111726,0.03571048150926844
-4175061.5061506266,0.03571049418387815
-4175006.9006900806,0.035710508191510136
-4174952.2952295346,0.03571052352867418
-4174897.689768988,0.035710540191319334
-4174843.084308442,0.03571055817483495
-4174788.478847896,0.03571057747405193
-4174733.8733873502,0.035710598083244255
-4174679.2679268043,0.03571061999613071
-4174624.6624662583,0.035710643205876844
-4174570.057005712,0.03571066770509719
-4174515.451545166,0.03571069348585768
-4174460.84608462,0.035710720539678366
-4174406.240624074,0.03571074885753624
-4174351.635163528,0.03571077842986843
-4174297.029702982,0.03571080924657556
-4174242.4242424355,0.0357108412970253
-4174187.8187818895,0.03571087457005623
-4174133.2133213435,0.03571090905398183
-4174078.6078607976,0.03571094473659481
-4174024.0024002516,0.035710981605171555
-4173969.3969397056,0.035711019646476855
-4173914.791479159,0.03571105884676883
-4173860.186018613,0.035711099191804103
-4173805.580558067,0.03571114066684313
-4173750.975097521,0.03571118325665581
-4173696.369636975,0.03571122694552726
-4173641.7641764292,0.03571127171726382
-4173587.1587158833,0.03571131755519927
-4173532.553255337,0.03571136444220124
-4173477.947794791,0.03571141236067783
-4173423.342334245,0.03571146129258443
-4173368.736873699,0.035711511219430704
-4173314.131413153,0.03571156212228785
-4173259.5259526065,0.03571161398179597
-4173204.9204920605,0.03571166677817167
-4173150.3150315145,0.03571172049121584
-4173095.7095709685,0.03571177510032161
-4173041.1041104225,0.0357118305844825
-4172986.4986498766,0.03571188692230071
-4172931.8931893306,0.03571194409199567
-4172877.287728784,0.03571200207141263
-4172822.682268238,0.03571206083803154
-4172768.076807692,0.03571212036897603
-4172713.471347146,0.03571218064102256
-4172658.8658866,0.035712241630609716
-4172604.260426054,0.035712303313847706
-4172549.654965508,0.03571236566652794
-4172495.049504962,0.03571242866413278
-4172440.444044416,0.035712492281845476
-4172385.83858387,0.03571255649456014
-4172331.233123324,0.03571262127689199
-4172276.627662778,0.03571268660318755
-4172222.0222022315,0.03571275244753517
-4172167.4167416855,0.035712818783775475
-4172112.8112811395,0.035712885585512104
-4172058.2058205935,0.03571295282612241
-4172003.6003600475,0.035713020478768384
-4171948.994899501,0.0357130885164076
-4171894.389438955,0.03571315691180434
-4171839.783978409,0.03571322563754072
-4171785.178517863,0.03571329466602797
-4171730.573057317,0.03571336396951778
-4171675.967596771,0.03571343352011376
-4171621.362136225,0.03571350328978288
-4171566.756675679,0.0357135732503671
-4171512.151215133,0.035713643373595
-4171457.545754587,0.03571371363109345
-4171402.940294041,0.035713783994399416
-4171348.334833495,0.035713854434971756
-4171293.729372949,0.035713924924203055
-4171239.1239124024,0.03571399543343156
-4171184.5184518564,0.0357140659339531
-4171129.9129913105,0.03571413639703304
-4171075.3075307645,0.035714206793918325
-4171020.7020702185,0.03571427709584946
-4170966.0966096725,0.03571434727407256
-4170911.491149126,0.035714417299851385
-4170856.88568858,0.03571448714447943
-4170802.280228034,0.03571455677929195
-4170747.674767488,0.035714626175678034
-4170693.069306942,0.03571469530509264
-4170638.463846396,0.035714764139068655
-4170583.8583858497,0.035714832649228874
-4170529.2529253038,0.03571490080729802
-4170474.647464758,0.03571496858511472
-4170420.042004212,0.035715035954643405
-4170365.436543666,0.03571510288798623
-4170310.83108312,0.035715169357394924
-4170256.2256225734,0.03571523533528258
-4170201.6201620274,0.0357153007942354
-4170147.0147014814,0.03571536570702443
-4170092.4092409355,0.035715430046617154
-4170037.8037803895,0.03571549378618903
-4169983.1983198435,0.03571555689913505
-4169928.592859297,0.035715619359081074
-4169873.987398751,0.03571568113989523
-4169819.381938205,0.03571574221569909
-4169764.776477659,0.035715802560878855
-4169710.171017113,0.0357158621500964
-4169655.565556567,0.03571592095830021
-4169600.9600960207,0.03571597896073624
-4169546.3546354747,0.03571603613295865
-4169491.7491749288,0.03571609245084039
-4169437.143714383,0.03571614789058372
-4169382.538253837,0.035716202428730574
-4169327.932793291,0.03571625604217281
-4169273.3273327444,0.035716308708162295
-4169218.7218721984,0.035716360404320906
-4169164.1164116524,0.035716411108650314
-4169109.5109511064,0.0357164607995417
-4169054.9054905605,0.03571650945578528
-4169000.3000300145,0.03571655705657964
-4168945.694569468,0.035716603581541
-4168891.089108922,0.03571664901071224
-4168836.483648376,0.03571669332457176
-4168781.87818783,0.03571673650404225
-4168727.272727284,0.03571677853049917
-4168672.667266738,0.035716819385779135
-4168618.0618061917,0.035716859052188084
-4168563.4563456457,0.03571689751250926
-4168508.8508850997,0.03571693475001104
-4168454.2454245538,0.035716970748454493
-4168399.639964008,0.035717005492100815
-4168345.034503462,0.035717038965718546
-4168290.4290429153,0.03571707115459056
-4168235.8235823694,0.03571710204452086
-4168181.2181218234,0.03571713162184119
-4168126.6126612774,0.035717159873417365
-4168072.0072007314,0.035717186786655496
-4168017.4017401855,0.035717212349507865
-4167962.796279639,0.035717236550478704
-4167908.190819093,0.03571725937862966
-4167853.585358547,0.03571728082358505
-4167798.979898001,0.035717300875536956
-4167744.374437455,0.03571731952524999
-4167689.768976909,0.03571733676406587
-4167635.1635163627,0.0357173525839078
-4167580.5580558167,0.03571736697728454
-4167525.9525952707,0.035717379937294264
-4167471.3471347247,0.03571739145762822
-4167416.7416741787,0.035717401532574064
-4167362.1362136328,0.03571741015701902
-4167307.5307530863,0.035717417326452755
-4167252.9252925403,0.035717423036970015
-4167198.3198319944,0.03571742728527303
-4167143.7143714484,0.035717430068673624
-4167089.1089109024,0.0357174313850951
-4167034.5034503564,0.03571743123307391
-4166979.89798981,0.03571742961176096
-4166925.292529264,0.035717426520922815
-4166870.687068718,0.035717421960942485
-4166816.081608172,0.03571741593282009
-4166761.476147626,0.03571740843817317
-4166706.87068708,0.03571739947923681
-4166652.2652265336,0.035717389058863444
-4166597.6597659877,0.03571737718052245
-4166543.0543054417,0.03571736384829947
-4166488.4488448957,0.03571734906689543
-4166433.8433843497,0.035717332841625406
-4166379.2379238037,0.0357173151784171
-4166324.6324632573,0.035717296083809164
-4166270.0270027113,0.03571727556494921
-4166215.4215421653,0.03571725362959158
-4166160.8160816194,0.035717230286094845
-4166106.2106210734,0.035717205543419096
-4166051.6051605274,0.03571717941112291
-4165996.999699981,0.035717151899360096
-4165942.394239435,0.035717123018876216
-4165887.788778889,0.03571709278100481
-4165833.183318343,0.03571706119766339
-4165778.577857797,0.03571702828134915
-4165723.972397251,0.03571699404513454
-4165669.3669367046,0.03571695850266241
-4165614.7614761586,0.035716921668141104
-4165560.1560156127,0.03571688355633916
-4165505.5505550667,0.03571684418257985
-4165450.9450945207,0.03571680356273547
-4165396.3396339747,0.035716761713221364
-4165341.7341734283,0.03571671865098974
-4165287.1287128823,0.03571667439352327
-4165232.5232523363,0.035716628958828385
-4165177.9177917903,0.03571658236542845
-4165123.3123312443,0.0357165346323566
-4165068.7068706984,0.035716485779148474
-4165014.101410152,0.03571643582583463
-4164959.495949606,0.03571638479293277
-4164904.89048906,0.03571633270143981
-4164850.285028514,0.03571627957282364
-4164795.679567968,0.03571622542901475
-4164741.074107422,0.03571617029239765
-4164686.4686468756,0.03571611418580204
-4164631.8631863296,0.035716057132493824
-4164577.2577257836,0.03571599915616592
-4164522.6522652376,0.035715940280928886
-4164468.0468046917,0.03571588053130133
-4164413.4413441457,0.035715819932200174
-4164358.8358835992,0.03571575850893074
-4164304.2304230533,0.03571569628717662
-4164249.6249625073,0.0357156332929894
-4164195.0195019613,0.03571556955277824
-4164140.4140414153,0.03571550509329925
-4164085.8085808693,0.03571543994164474
-4164031.203120323,0.035715374125232284
-4163976.597659777,0.035715307671793664
-4163921.992199231,0.035715240609363666
-4163867.386738685,0.0357151729662687
-4163812.781278139,0.03571510477111535
-4163758.175817593,0.0357150360527787
-4163703.570357047,0.035714966840390626
-4163648.9648965006,0.035714897163327916
-4163594.3594359546,0.03571482705120026
-4163539.7539754086,0.035714756533838175
-4163485.1485148626,0.035714685641280795
-4163430.5430543167,0.03571461440376353
-4163375.93759377,0.03571454285170569
-4163321.3321332242,0.035714471015697954
-4163266.7266726783,0.035714398926489824
-4163212.1212121323,0.03571432661497689
-4163157.5157515863,0.03571425411218815
-4163102.9102910403,0.035714181449273116
-4163048.3048304943,0.035714108657488995
-4162993.699369948,0.03571403576818769
-4162939.093909402,0.03571396281280283
-4162884.488448856,0.03571388982283667
-4162829.88298831,0.03571381682984705
-4162775.277527764,0.03571374386543419
-4162720.6720672175,0.035713670961227566
-4162666.0666066715,0.03571359814887268
-4162611.4611461256,0.03571352546001782
-4162556.8556855796,0.03571345292630085
-4162502.2502250336,0.035713380579335915
-4162447.6447644876,0.035713308450700205
-4162393.0393039417,0.035713236571920666
-4162338.433843395,0.03571316497446074
-4162283.828382849,0.035713093689707126
-4162229.2229223032,0.03571302274895653
-4162174.6174617573,0.035712952183402445
-4162120.0120012113,0.03571288202412197
-4162065.4065406653,0.03571281230206264
-4162010.801080119,0.03571274304802932
-4161956.195619573,0.03571267429267111
-4161901.590159027,0.03571260606646831
-4161846.984698481,0.035712538399719475
-4161792.379237935,0.03571247132252846
-4161737.773777389,0.03571240486479158
-4161683.1683168425,0.03571233905618486
-4161628.5628562965,0.03571227392615127
-4161573.9573957506,0.03571220950388815
-4161519.3519352046,0.03571214581833465
-4161464.7464746586,0.03571208289815929
-4161410.1410141126,0.0357120207717476
-4161355.535553566,0.03571195946718989
-4161300.93009302,0.0357118990122691
-4161246.324632474,0.03571183943444878
-4161191.7191719282,0.03571178076086117
-4161137.1137113823,0.035711723018295435
-4161082.5082508363,0.035711666233186
-4161027.90279029,0.035711610431601024
-4160973.297329744,0.03571155563923102
-4160918.691869198,0.03571150188137761
-4160864.086408652,0.03571144918294244
-4160809.480948106,0.03571139756841624
-4160754.87548756,0.03571134706186802
-4160700.2700270135,0.0357112976869345
-4160645.6645664675,0.0357112494668096
-4160591.0591059215,0.035711202424234194
-4160536.4536453756,0.03571115658148601
-4160481.8481848296,0.03571111196036969
-4160427.2427242836,0.035711068582207045
-4160372.637263737,0.035711026467827534
-4160318.031803191,0.03571098563755889
-4160263.426342645,0.03571094611121796
-4160208.820882099,0.035710907908101754
-4160154.2154215532,0.03571087104697871
-4160099.6099610073,0.03571083554608013
-4160045.004500461,0.03571080142309186
-4159990.399039915,0.0357107686951462
-4159935.793579369,0.03571073737881398
-4159881.188118823,0.035710707490096937
-4159826.582658277,0.035710679044420254
-4159771.977197731,0.03571065205662536
-4159717.3717371845,0.03571062654096297
-4159662.7662766385,0.03571060251108635
-4159608.1608160925,0.03571057998004481
-4159553.5553555465,0.03571055896027749
-4159498.9498950006,0.035710539463607346
-4159444.3444344546,0.0357105215012354
-4159389.738973908,0.035710505083735244
-4159335.133513362,0.0357104902210478
-4159280.528052816,0.03571047692247634
-4159225.92259227,0.03571046519668178
-4159171.317131724,0.035710455051678164
-4159116.711671178,0.035710446494828546
-4159062.106210632,0.035710439532841004
-4159007.500750086,0.035710434171765004
-4158952.89528954,0.03571043041698802
-4158898.289828994,0.035710428273232384
-4158843.684368448,0.03571042774455248
-4158789.078907902,0.03571042883433215
-4158734.4734473554,0.03571043154528243
-4158679.8679868095,0.03571043587943953
-4158625.2625262635,0.03571044183816307
-4158570.6570657175,0.03571044942213469
-4158516.0516051715,0.035710458631356835
-4158461.4461446255,0.03571046946515189
-4158406.840684079,0.03571048192216156
-4158352.235223533,0.03571049600034656
-4158297.629762987,0.03571051169698658
-4158243.024302441,0.035710529008680554
-4158188.418841895,0.035710547931347154
-4158133.813381349,0.03571056846022564
-4158079.2079208028,0.03571059058987696
-4158024.602460257,0.035710614314185124
-4157969.996999711,0.03571063962635891
-4157915.391539165,0.03571066651893381
-4157860.786078619,0.035710694983774244
-4157806.180618073,0.035710725012076144
-4157751.5751575264,0.03571075659436973
-4157696.9696969804,0.035710789720522586
-4157642.3642364345,0.03571082437974308
-4157587.7587758885,0.035710860560583986
-4157533.1533153425,0.03571089825094643
-4157478.5478547965,0.03571093743808408
-4157423.94239425,0.03571097810860766
-4157369.336933704,0.035711020248489704
-4157314.731473158,0.03571106384306958
-4157260.126012612,0.03571110887705879
-4157205.520552066,0.03571115533454659
-4157150.91509152,0.03571120319900578
-4157096.3096309737,0.035711252453298835
-4157041.7041704278,0.03571130307968428
-4156987.098709882,0.03571135505982333
-4156932.493249336,0.03571140837478674
-4156877.88778879,0.03571146300506203
-4156823.282328244,0.03571151893056081
-4156768.6768676974,0.03571157613062646
-4156714.0714071514,0.03571163458404205
-4156659.4659466054,0.035711694269038446
-4156604.8604860594,0.03571175516330272
-4156550.2550255135,0.035711817243986775
-4156495.6495649675,0.03571188048771618
-4156441.044104421,0.0357119448705993
-4156386.438643875,0.03571201036823659
-4156331.833183329,0.03571207695573012
-4156277.227722783,0.03571214460769339
-4156222.622262237,0.035712213298261276
-4156168.016801691,0.03571228300110023
-4156113.4113411447,0.03571235368941869
-4156058.8058805987,0.035712425335977696
-4156004.2004200527,0.0357124979131017
-4155949.5949595068,0.03571257139268957
-4155894.989498961,0.035712645746225756
-4155840.384038415,0.03571272094479177
-4155785.7785778684,0.03571279695907766
-4155731.1731173224,0.03571287375939383
-4155676.5676567764,0.035712951315682924
-4155621.9621962304,0.03571302959753195
-4155567.3567356844,0.035713108574184506
-4155512.7512751385,0.03571318821455325
-4155458.145814592,0.035713268487232434
-4155403.540354046,0.03571334936051065
-4155348.9348935,0.03571343080238367
-4155294.329432954,0.03571351278056751
-4155239.723972408,0.03571359526251153
-4155185.118511862,0.035713678215411694
-4155130.5130513157,0.03571376160622402
-4155075.9075907697,0.03571384540167806
-4155021.3021302237,0.03571392956829051
-4154966.6966696777,0.035714014072378994
-4154912.0912091318,0.03571409888007585
-4154857.485748586,0.0357141839573421
-4154802.8802880393,0.035714269269981426
-4154748.2748274934,0.03571435478365434
-4154693.6693669474,0.035714440463892314
-4154639.0639064014,0.03571452627611205
-4154584.4584458554,0.035714612185629845
-4154529.8529853094,0.0357146981576759
-4154475.2475247635,0.035714784157408856
-4154420.642064217,0.03571487014993019
-4154366.036603671,0.03571495610029882
-4154311.431143125,0.035715041973545636
-4154256.825682579,0.03571512773468812
-4154202.220222033,0.03571521334874498
-4154147.6147614866,0.03571529878075077
-4154093.0093009407,0.03571538399577057
-4154038.4038403947,0.03571546895891463
-4153983.7983798487,0.035715553635353094
-4153929.1929193027,0.03571563799033058
-4153874.5874587568,0.03571572198918091
-4153819.981998211,0.03571580559734166
-4153765.3765376643,0.03571588878036885
-4153710.7710771183,0.03571597150395146
-4153656.1656165724,0.03571605373392602
-4153601.5601560264,0.035716135436291076
-4153546.9546954804,0.035716216577221654
-4153492.349234934,0.03571629712308367
-4153437.743774388,0.03571637704044824
-4153383.138313842,0.03571645629610599
-4153328.532853296,0.035716534857081206
-4153273.92739275,0.03571661269064601
-4153219.321932204,0.03571668976433433
-4153164.716471658,0.03571676604595591
-4153110.1110111116,0.03571684150361011
-4153055.5055505657,0.035716916105699686
-4153000.9000900197,0.03571698982094439
-4152946.2946294737,0.03571706261839453
-4152891.6891689277,0.035717134467444345
-4152837.0837083817,0.03571720533784531
-4152782.4782478353,0.03571727519971924
-4152727.8727872893,0.03571734402357135
-4152673.2673267433,0.0357174117803031
-4152618.6618661974,0.03571747844122487
-4152564.0564056514,0.03571754397806862
-4152509.4509451054,0.03571760836300019
-4152454.845484559,0.035717671568631607
-4152400.240024013,0.035717733568033136
-4152345.634563467,0.03571779433474518
-4152291.029102921,0.035717853842789984
-4152236.423642375,0.03571791206668316
-4152181.818181829,0.03571796898144506
-4152127.2127212826,0.03571802456261186
-4152072.6072607366,0.035718078786246554
-4152018.0018001907,0.03571813162894968
-4151963.3963396447,0.03571818306786981
-4151908.7908790987,0.03571823308071391
-4151854.1854185527,0.03571828164575742
-4151799.5799580063,0.03571832874185407
-4151744.9744974603,0.03571837434844562
-4151690.3690369143,0.03571841844557116
-4151635.7635763683,0.03571846101387635
-4151581.1581158224,0.03571850203462233
-4151526.5526552764,0.0357185414896944
-4151471.94719473,0.03571857936161045
-4151417.341734184,0.035718615633529155
-4151362.736273638,0.03571865028925788
-4151308.130813092,0.035718683313260356
-4151253.525352546,0.0357187146906641
-4151198.919892,0.035718744407267515
-4151144.3144314536,0.03571877244954675
-4151089.7089709076,0.035718798804662326
-4151035.1035103616,0.03571882346046541
-4150980.4980498157,0.035718846405503865
-4150925.8925892697,0.03571886762902799
-4150871.2871287237,0.03571888712099599
-4150816.6816681772,0.03571890487207912
-4150762.0762076313,0.035718920873666626
-4150707.4707470853,0.03571893511787027
-4150652.8652865393,0.03571894759752866
-4150598.2598259933,0.03571895830621124
-4150543.6543654473,0.035718967238221974
-4150489.048904901,0.035718974388602755
-4150434.443444355,0.035718979753136475
-4150379.837983809,0.03571898332834982
-4150325.232523263,0.03571898511151576
-4150270.627062717,0.03571898510065567
-4150216.021602171,0.03571898329454125
-4150161.4161416246,0.035718979692696017
-4150106.8106810786,0.03571897429539658
-4150052.2052205326,0.03571896710367354
-4149997.5997599866,0.0357189581193121
-4149942.9942994406,0.03571894734485234
-4149888.3888388947,0.03571893478358926
-4149833.783378348,0.035718920439572345
-4149779.1779178022,0.035718904317605
-4149724.5724572563,0.035718886423243515
-4149669.9669967103,0.035718866762795815
-4149615.3615361643,0.03571884534331985
-4149560.7560756183,0.03571882217262168
-4149506.150615072,0.03571879725925322
-4149451.545154526,0.03571877061250971
-4149396.93969398,0.03571874224242688
-4149342.334233434,0.03571871215977771
-4149287.728772888,0.03571868037606899
-4149233.123312342,0.0357186469035375
-4149178.5178517955,0.03571861175514592
-4149123.9123912496,0.03571857494457837
-4149069.3069307036,0.035718536486235734
-4149014.7014701576,0.03571849639523059
-4148960.0960096116,0.03571845468738186
-4148905.4905490656,0.03571841137920923
-4148850.885088519,0.03571836648792715
-4148796.279627973,0.035718320031438607
-4148741.6741674272,0.0357182720283286
-4148687.0687068813,0.03571822249785731
-4148632.4632463353,0.03571817145995297
-4148577.8577857893,0.03571811893520444
-4148523.252325243,0.03571806494485354
-4148468.646864697,0.03571800951078705
-4148414.041404151,0.035717952655528434
-4148359.435943605,0.035717894402229326
-4148304.830483059,0.03571783477466071
-4148250.225022513,0.035717773797203804
-4148195.6195619665,0.03571771149484077
-4148141.0141014205,0.03571764789314502
-4148086.4086408745,0.0357175830182714
-4148031.8031803286,0.035717516896946015
-4147977.1977197826,0.035717449556455866
-4147922.5922592366,0.0357173810246382
-4147867.98679869,0.035717311329869626
-4147813.381338144,0.03571724050105501
-4147758.775877598,0.0357171685676161
-4147704.170417052,0.03571709555947994
-4147649.5649565062,0.03571702150706705
-4147594.9594959603,0.0357169464412794
-4147540.354035414,0.035716870393488136
-4147485.748574868,0.0357167933955211
-4147431.143114322,0.03571671547965017
-4147376.537653776,0.03571663667857838
-4147321.93219323,0.0357165570254268
-4147267.326732684,0.03571647655372133
-4147212.7212721375,0.03571639529737914
-4147158.1158115915,0.035716313290695134
-4147103.5103510455,0.035716230568328046
-4147048.9048904995,0.03571614716528648
-4146994.2994299536,0.035716063116914755
-4146939.6939694076,0.03571597845887857
-4146885.088508861,0.03571589322715053
-4146830.483048315,0.03571580745799556
-4146775.877587769,0.03571572118795609
-4146721.272127223,0.035715634453837165
-4146666.666666677,0.03571554729269145
-4146612.0612061312,0.03571545974180403
-4146557.455745585,0.035715371838677165
-4146502.850285039,0.03571528362101488
-4146448.244824493,0.03571519512670746
-4146393.639363947,0.03571510639381592
-4146339.033903401,0.03571501746055625
-4146284.428442855,0.035714928365283664
-4146229.8229823085,0.03571483914647677
-4146175.2175217625,0.035714749842721605
-4146120.6120612165,0.03571466049269567
-4146066.0066006705,0.035714571135151855
-4146011.4011401245,0.03571448180890235
-4145956.7956795786,0.03571439255280246
-4145902.190219032,0.03571430340573444
-4145847.584758486,0.035714214406591234
-4145792.97929794,0.035714125594260224
-4145738.373837394,0.035714037007606975
-4145683.768376848,0.03571394868545889
-4145629.162916302,0.03571386066658898
-4145574.557455756,0.03571377298969947
-4145519.95199521,0.03571368569340561
-4145465.346534664,0.035713598816219314
-4145410.741074118,0.035713512396532913
-4145356.135613572,0.03571342647260296
-4145301.530153026,0.035713341082534
-4145246.9246924794,0.0357132562642624
-4145192.3192319334,0.03571317205554026
-4145137.7137713875,0.03571308849391936
-4145083.1083108415,0.03571300561673511
-4145028.5028502955,0.035712923461090715
-4144973.8973897495,0.03571284206384121
-4144919.291929203,0.03571276146157778
-4144864.686468657,0.03571268169061203
-4144810.081008111,0.03571260278696038
-4144755.475547565,0.03571252478632862
-4144700.870087019,0.0357124477240965
-4144646.264626473,0.035712371635302456
-4144591.659165927,0.03571229655462848
-4144537.0537053808,0.03571222251638509
-4144482.448244835,0.03571214955449646
-4144427.842784289,0.03571207770248566
-4144373.237323743,0.03571200699346006
-4144318.631863197,0.03571193746009689
-4144264.0264026504,0.03571186913462896
-4144209.4209421044,0.03571180204883051
-4144154.8154815584,0.035711736234003304
-4144100.2100210125,0.03571167172096283
-4144045.6045604665,0.03571160854002472
-4143990.9990999205,0.03571154672099133
-4143936.3936393745,0.0357114862931386
-4143881.788178828,0.03571142728520297
-4143827.182718282,0.03571136972536865
-4143772.577257736,0.03571131364125499
-4143717.97179719,0.03571125905990417
-4143663.366336644,0.035711206007768996
-4143608.7608760977,0.03571115451070105
-4143554.1554155517,0.035711104593938954
-4143499.5499550058,0.03571105628209698
-4143444.94449446,0.03571100959915384
-4143390.339033914,0.03571096456844172
-4143335.733573368,0.03571092121263563
-4143281.128112822,0.03571087955374295
-4143226.5226522754,0.03571083961309326
-4143171.9171917294,0.03571080141132846
-4143117.3117311834,0.035710764968393136
-4143062.7062706375,0.03571073030352521
-4143008.1008100915,0.035710697435246894
-4142953.4953495455,0.03571066638135588
-4142898.889888999,0.03571063715891689
-4142844.284428453,0.03571060978425345
-4142789.678967907,0.035710584272940014
-4142735.073507361,0.035710560639794345
-4142680.468046815,0.03571053889887026
-4142625.862586269,0.035710519063450644
-4142571.2571257227,0.035710501146040734
-4142516.6516651767,0.03571048515836184
-4142462.0462046308,0.035710471111345246
-4142407.440744085,0.035710459015126546
-4142352.835283539,0.03571044887904022
-4142298.229822993,0.03571044071161461
-4142243.6243624464,0.03571043452056713
-4142189.0189019004,0.03571043031279993
-4142134.4134413544,0.03571042809439579
-4142079.8079808084,0.03571042787061442
-4142025.2025202624,0.035710429645889025
-4141970.5970597165,0.0357104334238233
-4141915.99159917,0.035710439207188714
-4141861.386138624,0.03571044699792213
-4141806.780678078,0.03571045679712378
-4141752.175217532,0.03571046860505564
-4141697.569756986,0.03571048242114004
-4141642.96429644,0.03571049824395876
-4141588.3588358937,0.035710516071252356
-4141533.7533753477,0.035710535899919876
-4141479.1479148017,0.03571055772601899
-4141424.5424542557,0.035710581544766376
-4141369.9369937098,0.03571060735053852
-4141315.331533164,0.035710635136872844
-4141260.7260726173,0.03571066489646918
-4141206.1206120714,0.03571069662119163
-4141151.5151515254,0.03571073030207074
-4141096.9096909794,0.03571076592930604
-4141042.3042304334,0.03571080349226895
-4140987.6987698874,0.035710842979506004
-4140933.093309341,0.03571088437874246
-4140878.487848795,0.035710927676886224
-4140823.882388249,0.03571097286003214
-4140769.276927703,0.03571101991346665
-4140714.671467157,0.03571106882167273
-4140660.066006611,0.03571111956833523
-4140605.4605460647,0.03571117213634656
-4140550.8550855187,0.03571122650781263
-4140496.2496249727,0.03571128266405927
-4140441.6441644267,0.03571134058563884
-4140387.0387038807,0.03571140025233726
-4140332.4332433348,0.035711461643181355
-4140277.8277827883,0.03571152473644652
-4140223.2223222423,0.03571158950966469
-4140168.6168616964,0.03571165593963267
-4140114.0114011504,0.035711724002420786
-4140059.4059406044,0.03571179367338179
-4140004.8004800584,0.035711864927160164
-4139950.195019512,0.03571193773770166
-4139895.589558966,0.0357120120782632
-4139840.98409842,0.035712087921423046
-4139786.378637874,0.03571216523909128
-4139731.773177328,0.035712244002520564
-4139677.167716782,0.035712324182317234
-4139622.5622562356,0.03571240574845262
-4139567.9567956896,0.0357124886702747
-4139513.3513351437,0.03571257291651998
-4139458.7458745977,0.035712658455325716
-4139404.1404140517,0.03571274525424234
-4139349.5349535057,0.03571283328024615
-4139294.9294929593,0.03571292249975236
-4139240.3240324133,0.035713012878628235
-4139185.7185718673,0.03571310438220663
-4139131.1131113213,0.03571319697529967
-4139076.5076507754,0.03571329062221274
-4139021.9021902294,0.03571338528675865
-4138967.296729683,0.03571348093227204
-4138912.691269137,0.03571357752162405
-4138858.085808591,0.03571367501723714
-4138803.480348045,0.035713773381100176
-4138748.874887499,0.03571387257478365
-4138694.269426953,0.03571397255945522
-4138639.6639664066,0.035714073295895266
-4138585.0585058606,0.03571417474451281
-4138530.4530453146,0.03571427686536148
-4138475.8475847687,0.035714379618155725
-4138421.2421242227,0.03571448296228716
-4138366.6366636767,0.03571458685684108
-4138312.0312031303,0.035714691260613114
-4138257.4257425843,0.03571479613212607
-4138202.8202820383,0.035714901429646846
-4138148.2148214923,0.03571500711120353
-4138093.6093609463,0.03571511313460263
-4138039.0039004004,0.03571521945744633
-4137984.398439854,0.035715326037150025
-4137929.792979308,0.03571543283095978
-4137875.187518762,0.035715539795969996
-4137820.582058216,0.03571564688914115
-4137765.97659767,0.03571575406731759
-4137711.371137124,0.03571586128724543
-4137656.7656765776,0.03571596850559047
-4137602.1602160316,0.03571607567895626
-4137547.5547554856,0.035716182763902114
-4137492.9492949396,0.03571628971696127
-4137438.3438343937,0.03571639649465899
-4137383.7383738477,0.035716503053530774
-4137329.1329133012,0.035716609350140545
-4137274.5274527553,0.035716715341098874
-4137219.9219922093,0.035716820983081196
-4137165.3165316633,0.035716926232846044
-4137110.7110711173,0.03571703104725326
-4137056.1056105713,0.03571713538328221
-4137001.500150025,0.03571723919804993
-4136946.894689479,0.03571734244882932
-4136892.289228933,0.03571744509306722
-4136837.683768387,0.0357175470884025
-4136783.078307841,0.035717648392684063
-4136728.472847295,0.03571774896398878
-4136673.8673867485,0.0357178487606394
-4136619.2619262026,0.03571794774122234
-4136564.6564656566,0.035718045864605426
-4136510.0510051106,0.0357181430899555
-4136455.4455445646,0.035718239376755986
-4136400.8400840187,0.0357183346848243
-4136346.234623472,0.03571842897432915
-4136291.629162926,0.03571852220580776
-4136237.0237023802,0.03571861434018293
-4136182.4182418343,0.035718705338779966
-4136127.8127812883,0.03571879516334345
-4136073.2073207423,0.035718883776053895
-4136018.6018601963,0.035718971139544226
-4135963.99639965,0.035719057216916095
-4135909.390939104,0.03571914197175604
-4135854.785478558,0.03571922536815141
-4135800.180018012,0.03571930737070621
-4135745.574557466,0.03571938794455663
-4135690.9690969195,0.03571946705538649
-4135636.3636363735,0.03571954466944238
-4135581.7581758276,0.035719620753548675
-4135527.1527152816,0.03571969527512226
-4135472.5472547356,0.035719768202187065
-4135417.9417941896,0.03571983950338838
-4135363.3363336436,0.035719909148006906
-4135308.730873097,0.035719977105972564
-4135254.125412551,0.03572004334787806
-4135199.5199520052,0.035720107844992216
-4135144.9144914593,0.03572017056927299
-4135090.3090309133,0.03572023149338028
-4135035.703570367,0.03572029059068841
-4134981.098109821,0.03572034783529836
-4134926.492649275,0.03572040320204971
-4134871.887188729,0.035720456666532306
-4134817.281728183,0.03572050820509758
-4134762.676267637,0.035720557794869635
-4134708.070807091,0.035720605413755976
-4134653.4653465445,0.03572065104045795
-4134598.8598859985,0.03572069465448086
-4134544.2544254526,0.035720736236143816
-4134489.6489649066,0.03572077576658911
-4134435.0435043606,0.03572081322779146
-4134380.438043814,0.03572084860256678
-4134325.832583268,0.035720881874580654
-4134271.227122722,0.03572091302835646
-4134216.621662176,0.0357209420492832
-4134162.0162016302,0.03572096892362288
-4134107.4107410843,0.03572099363851762
-4134052.8052805383,0.035721016181996405
-4133998.199819992,0.0357210365429814
-4133943.594359446,0.035721054711294
-4133888.9888989,0.035721070677660435
-4133834.383438354,0.03572108443371706
-4133779.777977808,0.03572109597201523
-4133725.1725172615,0.03572110528602583
-4133670.5670567155,0.03572111237014343
-4133615.9615961695,0.035721117219690034
-4133561.3561356235,0.035721119830918455
-4133506.7506750776,0.03572112020101533
-4133452.1452145316,0.03572111832810374
-4133397.5397539856,0.035721114211245415
-4133342.934293439,0.03572110785044258
-4133288.328832893,0.03572109924663939
-4133233.723372347,0.03572108840172303
-4133179.117911801,0.035721075318524316
-4133124.512451255,0.035721060000818025
-4133069.906990709,0.03572104245332272
-4133015.301530163,0.035721022681700285
-4132960.696069617,0.03572100069255495
-4132906.090609071,0.035720976493432054
-4132851.485148525,0.03572095009281628
-4132796.879687979,0.03572092150012961
-4132742.274227433,0.03572089072572878
-4132687.6687668865,0.035720857780902456
-4132633.0633063405,0.035720822677867886
-4132578.4578457945,0.03572078542976729
-4132523.8523852485,0.03572074605066375
-4132469.2469247025,0.03572070455553677
-4132414.6414641566,0.03572066096027744
-4132360.03600361,0.035720615281683195
-4132305.430543064,0.035720567537452175
-4132250.825082518,0.035720517746177266
-4132196.219621972,0.03572046592733967
-4132141.614161426,0.03572041210130215
-4132087.00870088,0.03572035628930188
-4132032.403240334,0.03572029851344294
-4131977.797779788,0.03572023879668838
-4131923.192319242,0.03572017716285201
-4131868.586858696,0.035720113636589675
-4131813.98139815,0.03572004824339036
-4131759.375937604,0.035719981009566734
-4131704.7704770574,0.03571991196224549
-4131650.1650165115,0.03571984112935723
-4131595.5595559655,0.03571976853962606
-4131540.9540954195,0.03571969422255879
-4131486.3486348735,0.03571961820843385
-4131431.7431743275,0.03571954052828978
-4131377.137713781,0.035719461213913506
-4131322.532253235,0.03571938029782813
-4131267.926792689,0.03571929781328056
-4131213.321332143,0.035719213794228655
-4131158.715871597,0.03571912827532822
-4131104.110411051,0.03571904129191954
-4131049.5049505048,0.035718952880013685
-4130994.899489959,0.035718863076278536
-4130940.294029413,0.03571877191802442
-4130885.688568867,0.03571867944318955
-4130831.083108321,0.03571858569032516
-4130776.477647775,0.03571849069858029
-4130721.8721872284,0.035718394507686387
-4130667.2667266824,0.03571829715794161
-4130612.6612661364,0.03571819869019483
-4130558.0558055905,0.03571809914582947
-4130503.4503450445,0.03571799856674697
-4130448.8448844985,0.03571789699535013
-4130394.239423952,0.03571779447452613
-4130339.633963406,0.03571769104762941
-4130285.02850286,0.0357175867584642
-4130230.423042314,0.035717481651266966
-4130175.817581768,0.03571737577068858
-4130121.212121222,0.035717269161776276
-4130066.6066606757,0.03571716186995548
-4130012.0012001297,0.03571705394101137
-4129957.3957395838,0.03571694542107032
-4129902.790279038,0.03571683635658113
-4129848.184818492,0.03571672679429615
-4129793.579357946,0.035716616781252146
-4129738.9738973994,0.03571650636475115
-4129684.3684368534,0.035716395592341056
-4129629.7629763074,0.035716284511796134
-4129575.1575157614,0.03571617317109742
-4129520.5520552155,0.035716061618412946
-4129465.9465946695,0.035715949902077965
-4129411.341134123,0.03571583807057493
-4129356.735673577,0.03571572617251348
-4129302.130213031,0.035715614256610344
-4129247.524752485,0.0357155023716691
-4129192.919291939,0.03571539056655994
-4129138.313831393,0.035715278890199285
-4129083.7083708467,0.03571516739152949
-4129029.1029103007,0.035715056119498344
-4128974.4974497547,0.035714945123038654
-4128919.8919892088,0.03571483445104774
-4128865.286528663,0.035714724152366956
-4128810.681068117,0.035714614275761156
-4128756.0756075704,0.03571450486989819
-4128701.4701470244,0.035714395983328415
-4128646.8646864784,0.03571428766446419
-4128592.2592259324,0.03571417996155943
-4128537.6537653864,0.03571407292268915
-4128483.0483048405,0.03571396659572911
-4128428.442844294,0.03571386102833548
-4128373.837383748,0.03571375626792455
-4128319.231923202,0.03571365236165251
-4128264.626462656,0.035713549356395355
-4128210.02100211,0.03571344729872882
-4128155.415541564,0.03571334623490842
-4128100.8100810177,0.035713246210849606
-4128046.2046204717,0.03571314727210804
-4127991.5991599257,0.03571304946385995
-4127936.9936993797,0.03571295283088264
-4127882.3882388338,0.03571285741753517
-4127827.782778288,0.03571276326773906
-4127773.1773177413,0.035712670424959334
-4127718.5718571953,0.03571257893218551
-4127663.9663966494,0.03571248883191295
-4127609.3609361034,0.03571240016612425
-4127554.7554755574,0.035712312976270894
-4127500.1500150114,0.03571222730325506
-4127445.544554465,0.03571214318741165
-4127390.939093919,0.0357120606684905
-4127336.333633373,0.03571197978563885
-4127281.728172827,0.035711900577383986
-4127227.122712281,0.03571182308161615
-4127172.517251735,0.03571174733557166
-4127117.9117911886,0.03571167337581634
-4127063.3063306427,0.0357116012382291
-4127008.7008700967,0.03571153095798585
-4126954.0954095507,0.035711462569543675
-4126899.4899490047,0.03571139610662528
-4126844.8844884587,0.03571133160220367
-4126790.2790279128,0.035711269088487214
-4126735.6735673663,0.03571120859690491
-4126681.0681068203,0.03571115015809201
-4126626.4626462744,0.035711093801875905
-4126571.8571857284,0.035711039557262396
-4126517.2517251824,0.035710987452422224
-4126462.646264636,0.03571093751467793
-4126408.04080409,0.03571088977049109
-4126353.435343544,0.035710844245449846
-4126298.829882998,0.03571080096425681
-4126244.224422452,0.0357107599507173
-4126189.618961906,0.035710721227727935
-4126135.01350136,0.03571068481726562
-4126080.4080408136,0.03571065074037683
-4126025.8025802677,0.03571061901716735
-4125971.1971197217,0.0357105896667923
-4125916.5916591757,0.035710562707446644
-4125861.9861986297,0.035710538156355984
-4125807.3807380833,0.035710516029767804
-4125752.7752775373,0.03571049634294312
-4125698.1698169913,0.03571047911014844
-4125643.5643564453,0.03571046434464826
-4125588.9588958994,0.035710452058697835
-4125534.3534353534,0.03571044226353645
-4125479.7479748074,0.035710434969381075
-4125425.142514261,0.0357104301854204
-4125370.537053715,0.03571042791980938
-4125315.931593169,0.03571042817966408
-4125261.326132623,0.03571043097105707
-4125206.720672077,0.03571043629901316
-4125152.1152115306,0.035710444167505594
-4125097.5097509846,0.0357104545794527
-4125042.9042904386,0.03571046753671492
-4124988.2988298927,0.03571048304009235
-4124933.6933693467,0.035710501089322624
-4124879.0879088007,0.03571052168307937
-4124824.4824482547,0.03571054481897095
-4124769.8769877083,0.035710570493539776
-4124715.2715271623,0.035710598702261995
-4124660.6660666163,0.03571062943954764
-4124606.0606060703,0.035710662698741236
-4124551.4551455243,0.03571069847212284
-4124496.849684978,0.03571073675090952
-4124442.244224432,0.035710777525257316
-4124387.638763886,0.03571082078426357
-4124333.03330334,0.03571086651596981
-4124278.427842794,0.03571091470736499
-4124223.822382248,0.035710965344389195
-4124169.216921702,0.035711018411937856
-4124114.6114611556,0.035711073893866276
-4124060.0060006096,0.035711131772994745
-4124005.4005400636,0.03571119203111398
-4123950.7950795176,0.03571125464899108
-4123896.1896189717,0.03571131960637585
-4123841.584158425,0.035711386882007645
-4123786.9786978792,0.03571145645362256
-4123732.3732373333,0.0357115282979611
-4123677.7677767873,0.03571160239077629
-4123623.1623162413,0.035711678706842144
-4123568.5568556953,0.03571175721996266
-4123513.9513951493,0.035711837902981124
-4123459.345934603,0.0357119207277899
-4123404.740474057,0.03571200566534063
-4123350.135013511,0.0357120926856548
-4123295.529552965,0.03571218175783477
-4123240.924092419,0.035712272850075166
-4123186.318631873,0.035712365929674666
-4123131.7131713266,0.035712460963048205
-4123077.1077107806,0.03571255791573956
-4123022.5022502346,0.03571265675243432
-4122967.8967896886,0.035712757436973205
-4122913.2913291426,0.03571285993236583
-4122858.6858685967,0.03571296420080476
-4122804.08040805,0.03571307020367999
-4122749.4749475042,0.03571317790159374
-4122694.8694869583,0.035713287254375635
-4122640.2640264123,0.0357133982210982
-4122585.6585658663,0.03571351076009276
-4122531.0531053203,0.03571362482896558
-4122476.447644774,0.035713740384614424
-4122421.842184228,0.035713857383245375
-4122367.236723682,0.03571397578039002
-4122312.631263136,0.035714095530922904
-4122258.02580259,0.03571421658907931
-4122203.420342044,0.03571433890847335
-4122148.8148814975,0.035714462442116277
-4122094.2094209515,0.035714587142435174
-4122039.6039604056,0.035714712961291854
-4121984.9984998596,0.03571483985000205
-4121930.3930393136,0.03571496775935486
-4121875.7875787676,0.03571509663963242
-4121821.182118221,0.03571522644062988
-4121766.576657675,0.03571535711167558
-4121711.971197129,0.03571548860165143
-4121657.3657365832,0.035715620859013544
-4121602.7602760373,0.0357157538318131
-4121548.1548154913,0.035715887467717373
-4121493.549354945,0.03571602171403097
-4121438.943894399,0.035716156517717236
-4121384.338433853,0.0357162918254199
-4121329.732973307,0.03571642758348481
-4121275.127512761,0.0357165637379819
-4121220.522052215,0.035716700234727235
-4121165.9165916685,0.035716837019305274
-4121111.3111311225,0.03571697403709122
-4121056.7056705765,0.035717111233273514
-4121002.1002100306,0.035717248552876425
-4120947.4947494846,0.03571738594078277
-4120892.8892889386,0.03571752334175672
-4120838.283828392,0.03571766070046669
-4120783.678367846,0.03571779796150831
-4120729.0729073,0.03571793506942749
-4120674.467446754,0.035718071968743485
-4120619.8619862082,0.035718208603972075
-4120565.2565256623,0.035718344919648745
-4120510.651065116,0.035718480860351905
-4120456.04560457,0.03571861637072615
-4120401.440144024,0.0357187513955055
-4120346.834683478,0.03571888587953667
-4120292.229222932,0.0357190197678023
-4120237.623762386,0.0357191530054442
-4120183.0183018395,0.035719285537786576
-4120128.4128412935,0.03571941731035916
-4120073.8073807475,0.03571954826892035
-4120019.2019202015,0.035719678359480284
-4119964.5964596556,0.03571980752832382
-4119909.9909991096,0.03571993572203349
-4119855.385538563,0.035720062887512304
-4119800.780078017,0.035720188972006496
-4119746.174617471,0.035720313923128195
-4119691.569156925,0.03572043768887792
-4119636.963696379,0.035720560217667
-4119582.3582358332,0.03572068145833981
-4119527.752775287,0.03572080136019594
-4119473.147314741,0.03572091987301212
-4119418.541854195,0.03572103694706406
-4119363.936393649,0.035721152533148094
-4119309.330933103,0.03572126658260261
-4119254.725472557,0.03572137904732934
-4119200.1200120104,0.035721489879814425
-4119145.5145514645,0.03572159903314928
-4119090.9090909185,0.03572170646105124
-4119036.3036303725,0.035721812117883944
-4118981.6981698265,0.0357219159586776
-4118927.0927092806,0.03572201793914884
-4118872.487248734,0.03572211801572044
-4118817.881788188,0.03572221614554079
-4118763.276327642,0.03572231228650296
-4118708.670867096,0.03572240639726367
-4118654.06540655,0.03572249843726183
-4118599.459946004,0.03572258836673686
-4118544.8544854578,0.03572267614674667
-4118490.249024912,0.03572276173918537
-4118435.643564366,0.035722845106800606
-4118381.03810382,0.03572292621321062
-4118326.432643274,0.03572300502292096
-4118271.827182728,0.035723081501340834
-4118217.2217221814,0.03572315561479913
-4118162.6162616354,0.03572322733056006
-4118108.0108010895,0.03572329661683849
-4118053.4053405435,0.03572336344281485
-4117998.7998799975,0.03572342777864965
-4117944.1944194515,0.035723489595497704
-4117889.588958905,0.03572354886552186
-4117834.983498359,0.03572360556190641
-4117780.378037813,0.035723659658870026
-4117725.772577267,0.03572371113167835
-4117671.167116721,0.035723759956656144
-4117616.561656175,0.03572380611119902
-4117561.9561956287,0.03572384957378474
-4117507.3507350828,0.03572389032398406
-4117452.745274537,0.035723928342471234
-4117398.139813991,0.03572396361103391
-4117343.534353445,0.03572399611258276
-4117288.928892899,0.035724025831160515
-4117234.3234323524,0.03572405275195064
-4117179.7179718064,0.03572407686128547
-4117125.1125112604,0.03572409814665395
-4117070.5070507145,0.035724116596708856
-4117015.9015901685,0.03572413220127359
-4116961.2961296225,0.035724144951348416
-4116906.6906690765,0.03572415483911635
-4116852.08520853,0.03572416185794841
-4116797.479747984,0.0357241660024085
-4116742.874287438,0.03572416726825776
-4116688.268826892,0.035724165652458395
-4116633.663366346,0.0357241611531771
-4116579.0579057997,0.03572415376978786
-4116524.4524452537,0.03572414350287437
-4116469.8469847078,0.03572413035423187
-4116415.241524162,0.03572411432686857
-4116360.636063616,0.03572409542500642
-4116306.03060307,0.035724073654081576
-4116251.425142524,0.035724049020744164
-4116196.8196819774,0.03572402153285769
-4116142.2142214314,0.035723991199497845
-4116087.6087608854,0.03572395803095084
-4116033.0033003394,0.035723922038711255
-4115978.3978397935,0.035723883235479315
-4115923.792379247,0.03572384163515775
-4115869.186918701,0.03572379725284804
-4115814.581458155,0.035723750104846255
-4115759.975997609,0.035723700208638326
-4115705.370537063,0.03572364758289483
-4115650.765076517,0.03572359224746527
-4115596.159615971,0.035723534223371864
-4115541.5541554247,0.03572347353280282
-4115486.9486948787,0.03572341019910513
-4115432.3432343327,0.035723344246776825
-4115377.7377737868,0.0357232757014588
-4115323.132313241,0.03572320458992609
-4115268.5268526943,0.0357231309400787
-4115213.9213921484,0.035723054780931955
-4115159.3159316024,0.03572297614260627
-4115104.7104710564,0.03572289505631661
-4115050.1050105104,0.03572281155436131
-4114995.4995499644,0.03572272567011053
-4114940.8940894185,0.03572263743799421
-4114886.288628872,0.03572254689348954
-4114831.683168326,0.035722454073108
-4114777.07770778,0.03572235901438195
-4114722.472247234,0.035722261755850734
-4114667.866786688,0.03572216233704637
-4114613.2613261417,0.03572206079847882
-4114558.6558655957,0.035721957181620745
-4114504.0504050497,0.03572185152889195
-4114449.4449445037,0.035721743883643284
-4114394.8394839577,0.03572163429014023
-4114340.2340234118,0.03572152279354601
-4114285.628562866,0.03572140943990432
-4114231.0231023193,0.03572129427612164
-4114176.4176417734,0.035721177349949215
-4114121.8121812274,0.03572105870996458
-4114067.2067206814,0.035720938405552724
-4114012.6012601354,0.035720816486886936
-4113957.995799589,0.035720693004909224
-4113903.390339043,0.03572056801131039
-4113848.784878497,0.03572044155850981
-4113794.179417951,0.03572031369963481
-4113739.573957405,0.03572018448849972
-4113684.968496859,0.03572005397958467
-4113630.363036313,0.03571992222801398
-4113575.7575757666,0.03571978928953426
-4113521.1521152207,0.03571965522049233
-4113466.5466546747,0.03571952007781264
-4113411.9411941287,0.03571938391897461
-4113357.3357335827,0.03571924680198957
-4113302.7302730368,0.035719108785377485
-4113248.1248124903,0.03571896992814344
-4113193.5193519443,0.03571883028975383
-4113138.9138913983,0.03571868993011239
-4113084.3084308524,0.0357185489095359
-4113029.7029703064,0.03571840728872979
-4112975.0975097604,0.035718265128763436
-4112920.492049214,0.035718122491045334
-4112865.886588668,0.03571797943729803
-4112811.281128122,0.03571783602953294
-4112756.675667576,0.03571769233002492
-4112702.07020703,0.03571754840128678
-4112647.464746484,0.03571740430604356
-4112592.8592859376,0.03571726010720673
-4112538.2538253916,0.035717115867848245
-4112483.6483648457,0.03571697165117449
-4112429.0429042997,0.03571682752050012
-4112374.4374437537,0.03571668353922183
-4112319.8319832077,0.03571653977079198
-4112265.2265226613,0.03571639627869223
-4112210.6210621153,0.035716253126407076
-4112156.0156015693,0.03571611037739732
-4112101.4101410233,0.03571596809507353
-4112046.8046804774,0.03571582634276948
-4111992.1992199314,0.035715685183715526
-4111937.593759385,0.035715544681012054
-4111882.988298839,0.03571540489760285
-4111828.382838293,0.03571526589624856
-4111773.777377747,0.0357151277395001
-4111719.171917201,0.03571499048967221
-4111664.566456655,0.03571485420881696
-4111609.9609961086,0.03571471895869738
-4111555.3555355626,0.03571458480076111
-4111500.7500750166,0.03571445179611421
-4111446.1446144707,0.03571432000549498
-4111391.5391539247,0.03571418948924794
-4111336.9336933787,0.03571406030729792
-4111282.3282328323,0.03571393251912425
-4111227.7227722863,0.03571380618373513
-4111173.1173117403,0.035713681359642126
-4111118.5118511943,0.03571355810483482
-4111063.9063906483,0.03571343647675566
-4111009.3009301024,0.03571331653227493
-4110954.695469556,0.03571319832766602
-4110900.09000901,0.0357130819185808
-4110845.484548464,0.03571296736002526
-4110790.879087918,0.03571285470633531
-4110736.273627372,0.03571274401115296
-4110681.668166826,0.03571263532740257
-4110627.0627062796,0.035712528707267474
-4110572.4572457336,0.03571242420216683
-4110517.8517851876,0.03571232186273274
-4110463.2463246416,0.035712221738787665
-4110408.6408640957,0.035712123879322176
-4110354.0354035497,0.03571202833247292
-4110299.429943003,0.035711935145500966
-4110244.8244824572,0.03571184436477051
-4110190.2190219113,0.035711756035727814
-4110135.6135613653,0.03571167020288057
-4110081.0081008193,0.0357115869097776
-4110026.4026402733,0.035711506198988885
-4109971.797179727,0.03571142811208604
-4109917.191719181,0.03571135268962305
-4109862.586258635,0.03571127997111754
-4109807.980798089,0.03571120999503231
-4109753.375337543,0.035711142798757374
-4109698.769876997,0.03571107841859235
-4109644.1644164505,0.03571101688972931
-4109589.5589559046,0.03571095824623603
-4109534.9534953586,0.035710902521039735
-4109480.3480348126,0.03571084974591116
-4109425.7425742666,0.035710799951449275
-4109371.1371137206,0.03571075316706623
-4109316.531653174,0.035710709420972965
-4109261.926192628,0.03571066874016517
-4109207.3207320822,0.0357106311504098
-4109152.7152715363,0.035710596676232026
-4109098.1098109903,0.03571056534090268
-4109043.5043504443,0.035710537166426276
-4108988.898889898,0.03571051217352944
-4108934.293429352,0.0357104903816499
-4108879.687968806,0.03571047180892597
-4108825.08250826,0.035710456472186604
-4108770.477047714,0.035710444386941924
-4108715.871587168,0.03571043556737429
-4108661.2661266215,0.035710430026329947
-4108606.6606660755,0.035710427775311145
-4108552.0552055296,0.03571042882446888
-4108497.4497449836,0.03571043318259612
-4108442.8442844376,0.03571044085712163
-4108388.2388238916,0.03571045185410433
-4108333.633363345,0.03571046617822822
-4108279.027902799,0.03571048383279787
-4108224.422442253,0.03571050481973446
-4108169.8169817072,0.035710529139572435
-4108115.2115211613,0.03571055679145667
-4108060.6060606153,0.03571058777314027
-4108006.000600069,0.03571062208098288
-4107951.395139523,0.03571065970994964
-4107896.789678977,0.03571070065361067
-4107842.184218431,0.03571074490414115
-4107787.578757885,0.035710792452322025
-4107732.973297339,0.03571084328754118
-4107678.367836793,0.03571089739779532
-4107623.7623762465,0.035710954769692396
-4107569.1569157005,0.03571101538845455
-4107514.5514551545,0.03571107923792174
-4107459.9459946086,0.035711146300555864
-4107405.3405340626,0.03571121655744555
-4107350.735073516,0.035711289988311454
-4107296.12961297,0.03571136657151214
-4107241.524152424,0.03571144628405061
-4107186.918691878,0.03571152910158136
-4107132.313231332,0.03571161499841798
-4107077.7077707862,0.03571170394754141
-4107023.1023102403,0.035711795920608684
-4106968.496849694,0.0357118908879623
-4106913.891389148,0.035711988818640114
-4106859.285928602,0.03571208968038585
-4106804.680468056,0.03571219343966009
-4106750.07500751,0.03571230006165191
-4106695.4695469635,0.035712409510291004
-4106640.8640864175,0.035712521748260354
-4106586.2586258715,0.035712636737009494
-4106531.6531653255,0.035712754436768274
-4106477.0477047795,0.035712874806561164
-4106422.4422442336,0.03571299780422208
-4106367.8367836876,0.03571312338640976
-4106313.231323141,0.035713251508623645
-4106258.625862595,0.03571338212522025
-4106204.020402049,0.035713515189430105
-4106149.414941503,0.03571365065337509
-4106094.809480957,0.03571378846808639
-4106040.204020411,0.035713928583522875
-4105985.598559865,0.03571407094858991
-4105930.993099319,0.03571421551115876
-4105876.387638773,0.03571436221808637
-4105821.782178227,0.03571451101523563
-4105767.176717681,0.035714661847496096
-4105712.571257135,0.03571481465880518
-4105657.9657965885,0.03571496939216972
-4105603.3603360425,0.03571512598968801
-4105548.7548754965,0.03571528439257231
-4105494.1494149505,0.03571544454117163
-4105439.5439544045,0.03571560637499504
-4105384.938493858,0.035715769832735354
-4105330.333033312,0.035715934852293116
-4105275.727572766,0.03571610137080107
-4105221.12211222,0.03571626932464895
-4105166.516651674,0.03571643864950858
-4105111.911191128,0.03571660928035943
-4105057.305730582,0.03571678115151441
-4105002.700270036,0.03571695419664601
-4104948.09480949,0.03571712834881282
-4104893.489348944,0.035717303540486287
-4104838.883888398,0.03571747970357779
-4104784.278427852,0.035717656769466005
-4104729.6729673054,0.03571783466902455
-4104675.0675067594,0.03571801333264986
-4104620.4620462134,0.03571819269028938
-4104565.8565856675,0.03571837267146991
-4104511.2511251215,0.03571855320532628
-4104456.6456645755,0.03571873422063014
-4104402.0402040295,0.03571891564581905
-4104347.434743483,0.035719097409025694
-4104292.829282937,0.03571927943810733
-4104238.223822391,0.035719461660675356
-4104183.618361845,0.03571964400412512
-4104129.012901299,0.03571982639566576
-4104074.407440753,0.0357200087623503
-4104019.8019802067,0.03572019103110577
-4103965.1965196608,0.03572037312876351
-4103910.591059115,0.03572055498208954
-4103855.985598569,0.03572073651781499
-4103801.380138023,0.03572091766266666
-4103746.774677477,0.0357210983433976
-4103692.1692169304,0.03572127848681776
-4103637.5637563844,0.035721458019824646
-4103582.9582958384,0.03572163686943405
-4103528.3528352925,0.035721814962810704
-4103473.7473747465,0.03572199222729907
-4103419.1419142005,0.03572216859045396
-4103364.536453654,0.03572234398007123
-4103309.930993108,0.03572251832421838
-4103255.325532562,0.03572269155126517
-4103200.720072016,0.035722863589914076
-4103146.11461147,0.035723034369230716
-4103091.509150924,0.035723203818674214
-4103036.9036903777,0.0357233718681274
-4102982.2982298317,0.035723538447926924
-4102927.6927692858,0.03572370348889323
-4102873.08730874,0.035723866922360396
-4102818.481848194,0.03572402868020582
-4102763.876387648,0.03572418869487972
-4102709.2709271014,0.03572434689943447
-4102654.6654665554,0.035724503227553724
-4102600.0600060094,0.035724657613581366
-4102545.4545454634,0.035724809992550226
-4102490.8490849175,0.035724960300210516
-4102436.2436243715,0.03572510847305812
-4102381.638163825,0.03572525444836257
-4102327.032703279,0.03572539816419472
-4102272.427242733,0.03572553955945423
-4102217.821782187,0.03572567857389668
-4102163.216321641,0.03572581514816044
-4102108.610861095,0.03572594922379318
-4102054.0054005487,0.035726080743278044
-4101999.3999400027,0.03572620965005957
-4101944.7944794567,0.03572633588856915
-4101890.1890189108,0.03572645940425021
-4101835.583558365,0.03572658014358299
-4101780.978097819,0.03572669805410891
-4101726.3726372723,0.03572681308445463
-4101671.7671767264,0.03572692518435558
-4101617.1617161804,0.035727034304679196
-4101562.5562556344,0.035727140397447656
-4101507.9507950884,0.035727243415860206
-4101453.3453345424,0.035727343314315034
-4101398.739873996,0.03572744004843067
-4101344.13441345,0.035727533575066986
-4101289.528952904,0.035727623852345625
-4101234.923492358,0.03572771083967003
-4101180.318031812,0.03572779449774492
-4101125.712571266,0.0357278747885953
-4101071.1071107197,0.03572795167558493
-4101016.5016501737,0.0357280251234343
-4100961.8961896277,0.03572809509823807
-4100907.2907290817,0.03572816156748195
-4100852.6852685357,0.03572822450005905
-4100798.0798079898,0.035728283866285696
-4100743.4743474433,0.03572833963791664
-4100688.8688868973,0.03572839178815975
-4100634.2634263514,0.03572844029169009
-4100579.6579658054,0.03572848512466343
-4100525.0525052594,0.03572852626472916
-4100470.4470447134,0.035728563691042624
-4100415.841584167,0.03572859738427683
-4100361.236123621,0.03572862732663358
-4100306.630663075,0.03572865350185392
-4100252.025202529,0.035728675895228074
-4100197.419741983,0.035728694493604676
-4100142.814281437,0.03572870928539938
-4100088.2088208906,0.03572872026060286
-4100033.6033603447,0.03572872741078814
-4099978.9978997987,0.035728730729117336
-4099924.3924392527,0.03572873021034766
-4099869.7869787067,0.03572872585083686
-4099815.1815181607,0.03572871764854796
-4099760.5760576143,0.035728705603053336
-4099705.9705970683,0.035728689715538144
-4099651.3651365223,0.03572866998880311
-4099596.7596759764,0.03572864642726661
-4099542.1542154304,0.03572861903696605
-4099487.5487548844,0.03572858782555872
-4099432.943294338,0.035728552802321775
-4099378.337833792,0.035728513978151716
-4099323.732373246,0.03572847136556309
-4099269.1269127,0.03572842497868655
-4099214.521452154,0.03572837483326624
-4099159.915991608,0.03572832094665649
-4099105.3105310616,0.03572826333781787
-4099050.7050705156,0.035728202027312486
-4098996.0996099696,0.035728137037298734
-4098941.4941494237,0.03572806839152522
-4098886.8886888777,0.035727996115324116
-4098832.2832283317,0.03572792023560384
-4098777.6777677853,0.035727840780840986
-4098723.0723072393,0.035727757781071685
-4098668.4668466933,0.03572767126788221
-4098613.8613861473,0.035727581274398984
-4098559.2559256013,0.03572748783527789
-4098504.6504650554,0.03572739098669294
-4098450.0450045094,0.03572729076632426
-4098395.439543963,0.03572718721334549
-4098340.834083417,0.03572708036841044
-4098286.228622871,0.03572697027363921
-4098231.623162325,0.03572685697260357
-4098177.017701779,0.035726740510311765
-4098122.4122412326,0.035726620933192704
-4098067.8067806866,0.03572649828907949
-4098013.2013201406,0.03572637262719232
-4097958.5958595946,0.03572624399812081
-4097903.9903990487,0.03572611245380574
-4097849.3849385027,0.035725978047520084
-4097794.7794779567,0.03572584083384958
-4097740.1740174103,0.03572570086867265
-4097685.5685568643,0.03572555820913971
-4097630.9630963183,0.035725412913652
-4097576.3576357723,0.03572526504183975
-4097521.7521752263,0.035725114654539876
-4097467.14671468,0.035724961813773055
-4097412.541254134,0.0357248065827203
-4097357.935793588,0.03572464902569903
-4097303.330333042,0.03572448920813854
-4097248.724872496,0.03572432719655502
-4097194.11941195,0.0357241630585261
-4097139.513951404,0.03572399686266477
-4097084.9084908576,0.03572382867859296
-4097030.3030303116,0.0357236585769146
-4096975.6975697656,0.03572348662918815
-4096921.0921092196,0.03572331290789878
-4096866.4866486737,0.03572313748643
-4096811.881188127,0.03572296043903499
-4096757.275727581,0.03572278184080736
-4096702.6702670353,0.03572260176765164
-4096648.0648064893,0.03572242029625324
-4096593.4593459433,0.035722237504048134
-4096538.8538853973,0.03572205346919211
-4096484.2484248513,0.03572186827052968
-4096429.642964305,0.0357216819875626
-4096375.037503759,0.03572149470041812
-4096320.432043213,0.03572130648981685
-4096265.826582667,0.03572111743704033
-4096211.221122121,0.035720927623898314
-4096156.6156615745,0.03572073713269573
-4096102.0102010285,0.03572054604619943
-4096047.4047404826,0.035720354447604595
-4095992.7992799366,0.03572016242050096
-4095938.1938193906,0.03571997004883879
-4095883.5883588446,0.03571977741689459
-4095828.9828982987,0.03571958460923668
-4095774.377437752,0.03571939171069052
-4095719.771977206,0.035719198806303906
-4095665.1665166602,0.03571900598131191
-4095610.5610561143,0.035718813321101814
-4095555.9555955683,0.03571862091117774
-4095501.350135022,0.0357184288371253
-4095446.744674476,0.0357182371845761
-4095392.13921393,0.035718046039172044
-4095337.533753384,0.035717855486529726
-4095282.928292838,0.03571766561220465
-4095228.322832292,0.03571747650165543
-4095173.717371746,0.03571728824020796
-4095119.1119111995,0.03571710091301955
-4095064.5064506535,0.035716914605043094
-4095009.9009901076,0.03571672940099118
-4094955.2955295616,0.035716545385300294
-4094900.6900690156,0.035716362642095024
-4094846.0846084696,0.035716181255152336
-4094791.479147923,0.03571600130786592
-4094736.873687377,0.03571582288321058
-4094682.268226831,0.03571564606370682
-4094627.6627662852,0.03571547093138541
-4094573.0573057393,0.03571529756775222
-4094518.4518451933,0.035715126053753064
-4094463.846384647,0.035714956469738844
-4094409.240924101,0.035714788895430734
-4094354.635463555,0.03571462340988566
-4094300.030003009,0.03571446009146189
-4094245.424542463,0.03571429901778494
-4094190.819081917,0.035714140265713616
-4094136.2136213705,0.03571398391130638
-4094081.6081608245,0.03571383002978794
-4094027.0027002785,0.0357136786955161
-4093972.3972397326,0.03571352998194898
-4093917.7917791866,0.03571338396161241
-4093863.1863186406,0.03571324070606778
-4093808.580858094,0.03571310028588013
-4093753.975397548,0.03571296277058661
-4093699.369937002,0.035712828228665346
-4093644.764476456,0.03571269672750459
-4093590.1590159102,0.035712568333372365
-4093535.5535553643,0.035712443111386404
-4093480.948094818,0.03571232112548459
-4093426.342634272,0.03571220243839578
-4093371.737173726,0.03571208711161109
-4093317.13171318,0.035711975205355594
-4093262.526252634,0.03571186677856055
-4093207.920792088,0.035711761888836055
-4093153.3153315415,0.03571166059244422
-4093098.7098709955,0.035711562944272836
-4093044.1044104495,0.035711468997809546
-4092989.4989499035,0.03571137880511657
-4092934.8934893575,0.03571129241680595
-4092880.2880288116,0.03571120988201534
-4092825.682568265,0.03571113124838439
-4092771.077107719,0.03571105656203165
-4092716.471647173,0.035710985867532095
-4092661.866186627,0.035710919207895264
-4092607.260726081,0.035710856624543916
-4092552.655265535,0.03571079815729342
-4092498.049804989,0.03571074384433168
-4092443.444344443,0.03571069372219969
-4092388.838883897,0.03571064782577283
-4092334.233423351,0.035710606188242684
-4092279.627962805,0.035710568841099626
-4092225.022502259,0.035710535814116005
-4092170.4170417124,0.035710507135330055
-4092115.8115811665,0.03571048283103046
-4092061.2061206205,0.03571046292574162
-4092006.6006600745,0.03571044744220964
-4091951.9951995285,0.03571043640138902
-4091897.3897389825,0.03571042982243001
-4091842.784278436,0.03571042772266676
-4091788.17881789,0.0357104301176062
-4091733.573357344,0.035710437020917564
-4091678.967896798,0.03571044844442277
-4091624.362436252,0.03571046439808746
-4091569.756975706,0.03571048489001286
-4091515.1515151598,0.035710509926428324
-4091460.546054614,0.03571053951168472
-4091405.940594068,0.03571057364824853
-4091351.335133522,0.03571061233669671
-4091296.729672976,0.03571065557571239
-4091242.12421243,0.035710703362081285
-4091187.5187518834,0.03571075569068891
-4091132.9132913374,0.03571081255451861
-4091078.3078307915,0.03571087394465031
-4091023.7023702455,0.0357109398502601
-4090969.0969096995,0.03571101025862063
-4090914.4914491535,0.035711085155102254
-4090859.885988607,0.035711164523174944
-4090805.280528061,0.035711248344411105
-4090750.675067515,0.03571133659848907
-4090696.069606969,0.03571142926319743
-4090641.464146423,0.03571152631444023
-4090586.858685877,0.03571162772624281
-4090532.2532253307,0.03571173347075857
-4090477.6477647847,0.0357118435182765
-4090423.042304239,0.03571195783722942
-4090368.436843693,0.03571207639420315
-4090313.831383147,0.035712199153946356
-4090259.225922601,0.0357123260793812
-4090204.6204620544,0.03571245713161481
-4090150.0150015084,0.03571259226995153
-4090095.4095409624,0.035712731451905864
-4090040.8040804164,0.03571287463321633
-4089986.1986198705,0.03571302176785995
-4089931.5931593245,0.03571317280806756
-4089876.987698778,0.035713327704339944
-4089822.382238232,0.03571348640546457
-4089767.776777686,0.035713648858533224
-4089713.17131714,0.035713815008960315
-4089658.565856594,0.03571398480050191
-4089603.960396048,0.035714158175275554
-4089549.3549355017,0.03571433507378074
-4089494.7494749557,0.035714515434920165
-4089440.1440144097,0.03571469919602167
-4089385.5385538638,0.035714886292860855
-4089330.933093318,0.03571507665968446
-4089276.327632772,0.03571527022923435
-4089221.7221722254,0.03571546693277222
-4089167.1167116794,0.035715666700105016
-4089112.5112511334,0.035715869459610895
-4089057.9057905874,0.03571607513826597
-4089003.3003300414,0.03571628366167161
-4088948.6948694955,0.035716494954082405
-4088894.089408949,0.035716708938434746
-4088839.483948403,0.03571692553637602
-4088784.878487857,0.035717144668294384
-4088730.273027311,0.0357173662533492
-4088675.667566765,0.03571759020950194
-4088621.062106219,0.03571781645354771
-4088566.456645673,0.03571804490114742
-4088511.8511851267,0.03571827546686029
-4088457.2457245807,0.035718508064177076
-4088402.6402640347,0.03571874260555375
-4088348.0348034888,0.03571897900244566
-4088293.429342943,0.03571921716534219
-4088238.8238823963,0.03571945700380193
-4088184.2184218504,0.03571969842648829
-4088129.6129613044,0.03571994134120557
-4088075.0075007584,0.035720185654935455
-4088020.4020402124,0.035720431273873955
-4087965.7965796664,0.035720678103468746
-4087911.1911191205,0.0357209260484569
-4087856.585658574,0.03572117501290299
-4087801.980198028,0.03572142490023759
-4087747.374737482,0.035721675613296075
-4087692.769276936,0.035721927054357824
-4087638.16381639,0.03572217912518567
-4087583.5583558436,0.0357224317270657
-4087528.9528952977,0.035722684760847334
-4087474.3474347517,0.035722938126983655
-4087419.7419742057,0.03572319172557204
-4087365.1365136597,0.03572344545639498
-4087310.5310531138,0.035723699218961125
-4087255.925592568,0.03572395291254662
-4087201.3201320213,0.03572420643623651
-4087146.7146714753,0.03572445968896637
-4087092.1092109294,0.035724712569564165
-4087037.5037503834,0.035724964976792103
-4086982.8982898374,0.035725216809388734
-4086928.292829291,0.03572546796611109
-4086873.687368745,0.03572571834577693
-4086819.081908199,0.03572596784730709
-4086764.476447653,0.03572621636976781
-4086709.870987107,0.035726463812413164
-4086655.265526561,0.0357267100747275
-4086600.660066015,0.035726955056467814
-4086546.0546054686,0.03572719865770624
-4086491.4491449227,0.03572744077887234
-4086436.8436843767,0.03572768132079551
-4086382.2382238307,0.03572792018474717
-4086327.6327632847,0.03572815727248298
-4086273.0273027383,0.03572839248628485
-4086218.4218421923,0.035728625729002934
-4086163.8163816463,0.03572885690409742
-4086109.2109211003,0.03572908591568014
-4086054.6054605544,0.03572931266855607
-4086000.0000000084,0.03572953706826461
-4085945.3945394624,0.03572975902112061
-4085890.789078916,0.03572997843425527
-4085836.18361837,0.035730195215656665
-4085781.578157824,0.03573040927421012
-4085726.972697278,0.035730620519738236
-4085672.367236732,0.035730828863040666
-4085617.7617761856,0.035731034215933544
-4085563.1563156396,0.03573123649128858
-4085508.5508550936,0.03573143560307182
-4085453.9453945477,0.03573163146638207
-4085399.3399340017,0.035731823997488886
-4085344.7344734557,0.03573201311387017
-4085290.1290129097,0.03573219873424941
-4085235.5235523633,0.03573238077863243
-4085180.9180918173,0.0357325591683437
-4085126.3126312713,0.035732733826062194
-4085071.7071707253,0.035732904675856804
-4085017.1017101794,0.03573307164322118
-4084962.4962496334,0.03573323465510814
-4084907.890789087,0.03573339363996345
-4084853.285328541,0.03573354852775923
-4084798.679867995,0.03573369925002662
-4084744.074407449,0.03573384573988799
-4084689.468946903,0.03573398793208854
-4084634.863486357,0.035734125763027265
-4084580.2580258106,0.03573425917078737
-4084525.6525652646,0.03573438809516597
-4084471.0471047186,0.03573451247770326
-4084416.4416441726,0.03573463226171091
-4084361.8361836267,0.03573474739229988
-4084307.2307230807,0.03573485781640749
-4084252.6252625342,0.03573496348282389
-4084198.0198019883,0.03573506434221766
-4084143.4143414423,0.0357351603471609
-4084088.8088808963,0.03573525145215337
-4084034.2034203503,0.035735337613646084
-4083979.5979598043,0.035735418790064005
-4083924.992499258,0.035735494941828046
-4083870.387038712,0.035735566031376266
-4083815.781578166,0.03573563202318432
-4083761.17611762,0.03573569288378504
-4083706.570657074,0.03573574858178726
-4083651.965196528,0.03573579908789385
-4083597.3597359816,0.03573584437491882
-4083542.7542754356,0.03573588441780371
-4083488.1488148896,0.03573591919363306
-4083433.5433543436,0.03573594868164903
-4083378.9378937976,0.03573597286326521
-4083324.3324332517,0.03573599172207949
-4083269.726972705,0.03573600524388613
-4083215.1215121592,0.03573601341668687
-4083160.5160516133,0.035736016230701224
-4083105.9105910673,0.03573601367837582
-4083051.3051305213,0.035736005754392855
-4082996.6996699753,0.03573599245567769
-4082942.094209429,0.035735973781405445
-4082887.488748883,0.03573594973300672
-4082832.883288337,0.03573592031417245
-4082778.277827791,0.035735885530857714
-4082723.672367245,0.03573584539128472
-4082669.066906699,0.03573579990594481
-4082614.4614461525,0.03573574908759951
-4082559.8559856066,0.03573569295128069
-4082505.2505250606,0.035735631514289753
-4082450.6450645146,0.03573556479619587
-4082396.0396039686,0.0357354928188333
-4082341.4341434226,0.03573541560629775
-4082286.828682876,0.03573533318494176
-4082232.22322233,0.03573524558336919
-4082177.6177617842,0.03573515283242876
-4082123.0123012383,0.035735054965206556
-4082068.4068406923,0.03573495201701772
-4082013.8013801463,0.035734844025397096
-4081959.1959196,0.035734731030088965
-4081904.590459054,0.03573461307303586
-4081849.984998508,0.0357344901983664
-4081795.379537962,0.03573436245238225
-4081740.774077416,0.03573422988354406
-4081686.16861687,0.03573409254245655
-4081631.5631563235,0.035733950481852655
-4081576.9576957775,0.03573380375657673
-4081522.3522352315,0.03573365242356683
-4081467.7467746856,0.03573349654183613
-4081413.1413141396,0.03573333617245336
-4081358.5358535936,0.035733171378522444
-4081303.930393047,0.03573300222516114
-4081249.324932501,0.03573282877947887
-4081194.719471955,0.03573265111055364
-4081140.114011409,0.03573246928940806
-4081085.5085508632,0.03573228338898459
-4081030.9030903173,0.0357320934841198
-4080976.297629771,0.03573189965151791
-4080921.692169225,0.03573170196972339
-4080867.086708679,0.03573150051909282
-4080812.481248133,0.03573129538176584
-4080757.875787587,0.03573108664163537
-4080703.270327041,0.03573087438431697
-4080648.6648664945,0.03573065869711745
-4080594.0594059485,0.0357304396690027
-4080539.4539454025,0.03573021739056472
-4080484.8484848565,0.03572999195398794
-4080430.2430243106,0.03572976345301476
-4080375.6375637646,0.035729531982910394
-4080321.032103218,0.035729297640426975
-4080266.426642672,0.035729060523766946
-4080211.821182126,0.03572882073254581
-4080157.21572158,0.03572857836775414
-4080102.610261034,0.035728333531718955
-4080048.0048004882,0.03572808632806447
-4079993.399339942,0.03572783686167218
-4079938.793879396,0.03572758523864032
-4079884.18841885,0.035727331566242776
-4079829.582958304,0.035727075952887315
-4079774.977497758,0.035726818508073355
-4079720.372037212,0.035726559342349064
-4079665.7665766655,0.03572629856726803
-4079611.1611161195,0.035726036295345306
-4079556.5556555735,0.03572577264001303
-4079501.9501950275,0.035725507715575526
-4079447.3447344815,0.03572524163716388
-4079392.7392739356,0.03572497452069017
-4079338.1338133896,0.03572470648280117
-4079283.528352843,0.03572443764083166
-4079228.922892297,0.03572416811275738
-4079174.317431751,0.03572389801714751
-4079119.711971205,0.03572362747311689
-4079065.106510659,0.035723356600277804
-4079010.501050113,0.03572308551869153
-4078955.895589567,0.03572281434881949
-4078901.290129021,0.035722543211474195
-4078846.684668475,0.03572227222776986
-4078792.079207929,0.035722001519072816
-4078737.473747383,0.03572173120695167
-4078682.868286837,0.035721461413127285
-4078628.2628262904,0.03572119225942251
-4078573.6573657445,0.035720923867711835
-4078519.0519051985,0.03572065635987083
-4078464.4464446525,0.03572038985772548
-4078409.8409841065,0.035720124483001395
-4078355.23552356,0.035719860357272995
-4078300.630063014,0.03571959760191256
-4078246.024602468,0.03571933633803927
-4078191.419141922,0.03571907668646823
-4078136.813681376,0.03571881876765948
-4078082.20822083,0.035718562701667025
-4078027.602760284,0.03571830860808791
-4077972.9972997378,0.035718056606011364
-4077918.391839192,0.03571780681396802
-4077863.786378646,0.03571755934987923
-4077809.1809181,0.03571731433100652
-4077754.575457554,0.035717071873901204
-4077699.9699970074,0.035716832094354105
-4077645.3645364614,0.03571659510734557
-4077590.7590759154,0.035716361026995574
-4077536.1536153695,0.03571612996651418
-4077481.5481548235,0.03571590203815213
-4077426.9426942775,0.03571567735315179
-4077372.3372337315,0.035715456021698365
-4077317.731773185,0.03571523815287145
-4077263.126312639,0.035715023854596864
-4077208.520852093,0.03571481323359889
-4077153.915391547,0.035714606395352885
-4077099.309931001,0.035714403444038256
-4077044.7044704547,0.035714204482491914
-4076990.0990099087,0.03571400961216209
-4076935.4935493628,0.035713818933062684
-4076880.888088817,0.03571363254372802
-4076826.282628271,0.035713450541168194
-4076771.677167725,0.03571327302082482
-4076717.071707179,0.03571310007652742
-4076662.4662466324,0.03571293180045033
-4076607.8607860864,0.03571276828307015
-4076553.2553255404,0.03571260961312386
-4076498.6498649945,0.03571245587756747
-4076444.0444044485,0.035712307161535374
-4076389.438943902,0.03571216354830032
-4076334.833483356,0.03571202511923404
-4076280.22802281,0.035711891953768594
-4076225.622562264,0.0357117641293584
-4076171.017101718,0.035711641721442984
-4076116.411641172,0.03571152480341049
-4076061.806180626,0.03571141344656194
-4076007.2007200797,0.035711307720076226
-4075952.5952595337,0.03571120769097598
-4075897.9897989877,0.03571111342409415
-4075843.384338442,0.035711024982041456
-4075788.778877896,0.03571094242517468
-4075734.17341735,0.0357108658115658
-4075679.5679568034,0.03571079519697197
-4075624.9624962574,0.03571073063480641
-4075570.3570357114,0.03571067217611019
-4075515.7515751654,0.035710619869524916
-4075461.1461146194,0.03571057376126632
-4075406.5406540735,0.03571053389509885
-4075351.935193527,0.03571050031231111
-4075297.329732981,0.03571047305169235
-4075242.724272435,0.03571045214950991
-4075188.118811889,0.0357104376394876
-4075133.513351343,0.03571042955278515
-4075078.907890797,0.03571042791797864
-4075024.3024302507,0.03571043276104188
-4074969.6969697047,0.035710444105328976
-4074915.0915091587,0.035710461971557764
-4074860.4860486127,0.0357104863777944
-4074805.8805880668,0.035710517339438995
-4074751.275127521,0.03571055486921228
-4074696.6696669743,0.03571059897714336
-4074642.0642064284,0.03571064967055858
-4074587.4587458824,0.03571070695407142
-4074532.8532853364,0.03571077082957358
-4074478.2478247904,0.03571084129622706
-4074423.6423642444,0.035710918350457414
-4074369.036903698,0.035711001985948135
-4074314.431443152,0.0357110921936361
-4074259.825982606,0.03571118896170818
-4074205.22052206,0.035711292275599
-4074150.615061514,0.03571140211798975
-4074096.009600968,0.03571151846880825
-4074041.4041404217,0.03571164130523003
-4073986.7986798757,0.03571177060168066
-4073932.1932193297,0.03571190632983917
-4073877.5877587837,0.03571204845864261
-4073822.9822982377,0.03571219695429177
-4073768.3768376918,0.03571235178025806
-4073713.7713771453,0.035712512897291535
-4073659.1659165993,0.035712680263430024
-4073604.5604560534,0.03571285383400947
-4073549.9549955074,0.035713033561675385
-4073495.3495349614,0.03571321939639543
-4073440.7440744154,0.03571341128547316
-4073386.138613869,0.03571360917356293
-4073331.533153323,0.03571381300268586
-4073276.927692777,0.03571402271224703
-4073222.322232231,0.03571423823905373
-4073167.716771685,0.03571445951733485
-4073113.111311139,0.03571468647876142
-4073058.5058505926,0.035714919052468215
-4073003.9003900466,0.035715157165076505
-4072949.2949295007,0.035715400740717884
-4072894.6894689547,0.0357156497010592
-4072840.0840084087,0.03571590396532858
-4072785.4785478627,0.0357161634503425
-4072730.8730873163,0.03571642807053397
-4072676.2676267703,0.035716697737981744
-4072621.6621662243,0.03571697236244061
-4072567.0567056783,0.03571725185137268
-4072512.4512451324,0.03571753610997978
-4072457.8457845864,0.035717825041236786
-4072403.24032404,0.03571811854592602
-4072348.634863494,0.03571841652267264
-4072294.029402948,0.03571871886798096
-4072239.423942402,0.03571902547627188
-4072184.818481856,0.0357193362399211
-4072130.21302131,0.035719651049298425
-4072075.6075607636,0.03571996979280793
-4072021.0021002176,0.03572029235692906
-4071966.3966396716,0.0357206186262587
-4071911.7911791257,0.03572094848355399
-4071857.1857185797,0.03572128180977619
-4071802.5802580337,0.035721618484135284
-4071747.9747974873,0.03572195838413546
-4071693.3693369413,0.035722301385621436
-4071638.7638763953,0.03572264736282559
-4071584.1584158493,0.0357229961884159
-4071529.5529553033,0.03572334773354458
-4071474.9474947574,0.0357237018678976
-4071420.342034211,0.03572405845974484
-4071365.736573665,0.03572441737599101
-4071311.131113119,0.035724778482227305
-4071256.525652573,0.03572514164278365
-4071201.920192027,0.035725506720781695
-4071147.314731481,0.03572587357818845
-4071092.7092709346,0.03572624207587045
-4071038.1038103886,0.03572661207364864
-4070983.4983498426,0.03572698343035377
-4070928.8928892966,0.03572735600388239
-4070874.2874287507,0.035727729651253315
-4070819.6819682047,0.035728104228664716
-4070765.076507658,0.035728479591551586
-4070710.4710471123,0.03572885559464379
-4070655.8655865663,0.035729232092024464
-4070601.2601260203,0.035729608937188934
-4070546.6546654743,0.03572998598310395
-4070492.0492049283,0.03573036308226738
-4070437.443744382,0.0357307400867682
-4070382.838283836,0.03573111684834685
-4070328.23282329,0.03573149321845591
-4070273.627362744,0.035731869048321006
-4070219.021902198,0.03573224418900206
-4070164.416441652,0.03573261849145468
-4070109.8109811055,0.03573299180659187
-4070055.2055205596,0.0357333639853458
-4070000.6000600136,0.0357337348787299
-4069945.9945994676,0.03573410433790089
-4069891.3891389216,0.03573447221422114
-4069836.7836783757,0.03573483835932092
-4069782.178217829,0.03573520262516086
-4069727.572757283,0.03573556486409435
-4069672.9672967372,0.035735924928930005
-4069618.3618361913,0.03573628267299407
-4069563.7563756453,0.03573663795019286
-4069509.1509150993,0.035736990615075015
-4069454.5454545533,0.035737340522893776
-4069399.939994007,0.03573768752966909
-4069345.334533461,0.035738031492249564
-4069290.729072915,0.03573837226837426
-4069236.123612369,0.035738709716734304
-4069181.518151823,0.035739043697034276
-4069126.9126912765,0.03573937407005331
-4069072.3072307305,0.03573970069770597
-4069017.7017701846,0.0357400234431028
-4068963.0963096386,0.03574034217061057
-4068908.4908490926,0.03574065674591213
-4068853.8853885466,0.035740967036065954
-4068799.2799280006,0.0357412729095652
-4068744.674467454,0.03574157423639641
-4068690.069006908,0.03574187088809772
-4068635.4635463622,0.035742162737816635
-4068580.8580858163,0.035742449660367236
-4068526.2526252703,0.035742731532286895
-4068471.647164724,0.03574300823189247
-4068417.041704178,0.03574327963933586
-4068362.436243632,0.035743545636658984
-4068307.830783086,0.035743806107848185
-4068253.22532254,0.03574406093888787
-4068198.619861994,0.03574431001781359
-4068144.014401448,0.03574455323476437
-4068089.4089409015,0.035744790482034314
-4068034.8034803555,0.035745021654123466
-4067980.1980198096,0.035745246647787936
-4067925.5925592636,0.03574546536208922
-4067870.9870987176,0.03574567769844265
-4067816.381638171,0.03574588356066513
-4067761.776177625,0.03574608285502191
-4067707.170717079,0.035746275490272504
-4067652.565256533,0.03574646137771576
-4067597.9597959872,0.03574664043123394
-4067543.3543354413,0.03574681256733592
-4067488.7488748953,0.03574697770519937
-4067434.143414349,0.03574713576671201
-4067379.537953803,0.03574728667651182
-4067324.932493257,0.03574743036202625
-4067270.327032711,0.0357475667535104
-4067215.721572165,0.0357476957840841
-4067161.1161116185,0.035747817389767976
-4067106.5106510725,0.03574793150951836
-4067051.9051905265,0.03574803808526114
-4066997.2997299805,0.03574813706192444
-4066942.6942694345,0.03574822838747018
-4066888.0888088886,0.035748312012924464
-4066833.4833483426,0.03574838789240681
-4066778.877887796,0.03574845598315813
-4066724.27242725,0.0357485162455676
-4066669.666966704,0.03574856864319821
-4066615.061506158,0.03574861314281112
-4066560.456045612,0.035748649714388805
-4066505.850585066,0.035748678331156844
-4066451.24512452,0.03574869896960453
-4066396.639663974,0.03574871160950415
-4066342.034203428,0.03574871623392893
-4066287.428742882,0.03574871282926976
-4066232.823282336,0.0357487013852505
-4066178.21782179,0.035748681894942035
-4066123.6123612435,0.03574865435477495
-4066069.0069006975,0.035748618764550856
-4066014.4014401515,0.03574857512745236
-4065959.7959796055,0.03574852345005168
-4065905.1905190595,0.03574846374231792
-4065850.5850585136,0.03574839601762284
-4065795.979597967,0.03574832029274544
-4065741.374137421,0.03574823658787493
-4065686.768676875,0.035748144926612484
-4065632.163216329,0.0357480453359715
-4065577.557755783,0.03574793784637645
-4065522.952295237,0.035747822491660385
-4065468.346834691,0.03574769930906095
-4065413.741374145,0.035747568339215045
-4065359.135913599,0.035747429626152016
-4065304.530453053,0.03574728321728548
-4065249.924992507,0.0357471291634037
-4065195.319531961,0.03574696751865854
-4065140.7140714144,0.03574679834055299
-4065086.1086108685,0.03574662168992735
-4065031.5031503225,0.03574643763094386
-4064976.8976897765,0.03574624623107004
-4064922.2922292305,0.035746047561060576
-4064867.6867686845,0.03574584169493777
-4064813.081308138,0.03574562870997062
-4064758.475847592,0.0357454086866525
-4064703.870387046,0.035745181708677416
-4064649.2649265,0.03574494786291492
-4064594.659465954,0.03574470723938357
-4064540.054005408,0.0357444599312231
-4064485.4485448617,0.03574420603466516
-4064430.843084316,0.035743945649002726
-4064376.23762377,0.035743678876558126
-4064321.632163224,0.03574340582264976
-4064267.026702678,0.035743126595557465
-4064212.421242132,0.03574284130648658
-4064157.8157815854,0.03574255006953063
-4064103.2103210394,0.03574225300163284
-4064048.6048604934,0.035741950222546226
-4063993.9993999475,0.03574164185479246
-4063939.3939394015,0.03574132802361952
-4063884.7884788555,0.03574100885695802
-4063830.183018309,0.035740684485376345
-4063775.577557763,0.03574035504203454
-4063720.972097217,0.03574002066263701
-4063666.366636671,0.03573968148538407
-4063611.761176125,0.03573933765092221
-4063557.155715579,0.035738989302293335
-4063502.5502550327,0.035738636584882785
-4063447.9447944867,0.03573827964636625
-4063393.3393339408,0.03573791863665559
-4063338.733873395,0.0357375537078436
-4063284.128412849,0.03573718501414763
-4063229.522952303,0.035736812711852264
-4063174.9174917564,0.035736436959250883
-4063120.3120312104,0.0357360579165863
-4063065.7065706644,0.03573567574599036
-4063011.1011101184,0.03573529061142261
-4062956.4956495725,0.035734902678608016
-4062901.8901890265,0.03573451211497377
-4062847.28472848,0.03573411908958523
-4062792.679267934,0.03573372377308095
-4062738.073807388,0.035733326337606876
-4062683.468346842,0.03573292695674976
-4062628.862886296,0.035732525805469734
-4062574.25742575,0.035732123060032144
-4062519.6519652037,0.035731718897938615
-4062465.0465046577,0.035731313497857436
-4062410.4410441117,0.03573090703955319
-4062355.8355835658,0.03573049970381582
-4062301.23012302,0.03573009167238892
-4062246.624662474,0.035729683127897566
-4062192.0192019274,0.035729274253775443
-4062137.4137413814,0.0357288652341915
-4062082.8082808354,0.035728456253976006
-4062028.2028202894,0.03572804749854618
-4061973.5973597434,0.03572763915383131
-4061918.9918991975,0.03572723140619743
-4061864.386438651,0.035726824442371616
-4061809.780978105,0.035726418449365895
-4061755.175517559,0.03572601361440076
-4061700.570057013,0.03572561012482844
-4061645.964596467,0.0357252081680558
-4061591.359135921,0.035724807931467074
-4061536.7536753747,0.03572440960234627
-4061482.1482148287,0.035724013367799456
-4061427.5427542827,0.035723619414676853
-4061372.9372937367,0.03572322792949478
-4061318.3318331908,0.035722839098357516
-4061263.726372645,0.03572245310687907
-4061209.1209120983,0.03572207014010496
-4061154.5154515523,0.03572169038243392
-4061099.9099910064,0.03572131401753967
-4061045.3045304604,0.03572094122829275
-4060990.6990699144,0.035720572196682406
-4060936.0936093684,0.035720207103738626
-4060881.488148822,0.03571984612945433
-4060826.882688276,0.03571948945270773
-4060772.27722773,0.035719137251184925
-4060717.671767184,0.03571878970130272
-4060663.066306638,0.035718446978131764
-4060608.460846092,0.03571810925531997
-4060553.8553855456,0.035717776705016295
-4060499.2499249997,0.03571744949779493
-4060444.6444644537,0.035717127802579816
-4060390.0390039077,0.03571681178656971
-4060335.4335433617,0.035716501615163654
-4060280.8280828157,0.035716197451886963
-4060226.2226222698,0.035715899458317796
-4060171.6171617233,0.035715607794014226
-4060117.0117011773,0.03571532261644199
-4060062.4062406314,0.0357150440809028
-4060007.8007800854,0.035714772340463385
-4059953.1953195394,0.03571450754588516
-4059898.589858993,0.03571424984555472
-4059843.984398447,0.03571399938541496
-4059789.378937901,0.03571375630889713
-4059734.773477355,0.03571352075685357
-4059680.168016809,0.03571329286749142
-4059625.562556263,0.03571307277630707
-4059570.957095717,0.0357128606160217
-4059516.3516351706,0.03571265651651754
-4059461.7461746247,0.035712460604775294
-4059407.1407140787,0.035712273004812445
-4059352.5352535327,0.03571209383762259
-4059297.9297929867,0.035711923221115875
-4059243.3243324403,0.035711761270060476
-4059188.7188718943,0.03571160809602519
-4059134.1134113483,0.035711463807323145
-4059079.5079508023,0.035711328508956704
-4059024.9024902564,0.035711202302563534
-4058970.2970297104,0.035711085286363874
-4058915.6915691644,0.03571097755510906
-4058861.086108618,0.03571087920003131
-4058806.480648072,0.03571079030879477
-4058751.875187526,0.035710710965447916
-4058697.26972698,0.03571064125037725
-4058642.664266434,0.03571058124026235
-4058588.0588058876,0.03571053100803236
-4058533.4533453416,0.03571049062282378
-4058478.8478847956,0.03571046014993979
-4058424.2424242496,0.03571043965081091
-4058369.6369637037,0.035710429182957235
-4058315.0315031577,0.03571042879995206
-4058260.4260426117,0.03571043855138706
-4058205.8205820653,0.035710458482839
-4058151.2151215193,0.03571048863583793
-4058096.6096609733,0.03571052904783704
-4058042.0042004273,0.03571057975218396
-4057987.3987398813,0.035710640778093786
-4057932.793279335,0.03571071215062362
-4057878.187818789,0.0357107938906488
-4057823.582358243,0.035710886014840716
-4057768.976897697,0.03571098853564631
-4057714.371437151,0.03571110146126927
-4057659.765976605,0.035711224795652835
-4057605.160516059,0.035711358538464376
-4057550.5550555126,0.0357115026850816
-4057495.9495949666,0.03571165722658056
-4057441.3441344206,0.03571182214972532
-4057386.7386738746,0.03571199743695936
-4057332.1332133287,0.035712183066398805
-4057277.527752782,0.03571237901182731
-4057222.9222922362,0.03571258524269275
-4057168.3168316903,0.035712801724105715
-4057113.7113711443,0.035713028416839696
-4057059.1059105983,0.035713265277333144
-4057004.5004500523,0.03571351225769325
-4056949.8949895063,0.03571376930570154
-4056895.28952896,0.03571403636482126
-4056840.684068414,0.03571431337420658
-4056786.078607868,0.03571460026871354
-4056731.473147322,0.03571489697891285
-4056676.867686776,0.0357152034311045
-4056622.26222623,0.035715519547334096
-4056567.6567656836,0.03571584524541108
-4056513.0513051376,0.035716180438928685
-4056458.4458445916,0.03571652503728574
-4056403.8403840456,0.03571687894571024
-4056349.2349234996,0.03571724206528468
-4056294.6294629537,0.03571761429297322
-4056240.024002407,0.03571799552165062
-4056185.418541861,0.035718385640132924
-4056130.8130813153,0.03571878453320993
-4056076.2076207693,0.035719192081679445
-4056021.6021602233,0.03571960816238319
-4055966.9966996773,0.035720032648244616
-4055912.391239131,0.03572046540830829
-4055857.785778585,0.035720906307781075
-4055803.180318039,0.035721355208075074
-4055748.574857493,0.035721811966852146
-4055693.969396947,0.03572227643807023
-4055639.363936401,0.035722748472031274
-4055584.7584758545,0.03572322791543086
-4055530.1530153085,0.03572371461140943
-4055475.5475547626,0.03572420839960519
-4055420.9420942166,0.035724709116208606
-4055366.3366336706,0.03572521659401852
-4055311.7311731246,0.03572573066249977
-4055257.125712578,0.03572625114784247
-4055202.520252032,0.03572677787302278
-4055147.914791486,0.0357273106578652
-4055093.3093309402,0.03572784931910637
-4055038.7038703943,0.03572839367046037
-4054984.0984098483,0.03572894352268544
-4054929.492949302,0.03572949868365219
-4054874.887488756,0.03573005895841316
-4054820.28202821,0.035730624149273846
-4054765.676567664,0.035731194055865036
-4054711.071107118,0.03573176847521649
-4054656.465646572,0.035732347201831986
-4054601.8601860255,0.03573293002776561
-4054547.2547254795,0.03573351674269931
-4054492.6492649335,0.0357341071340217
-4054438.0438043876,0.0357347009869081
-4054383.4383438416,0.03573529808440169
-4054328.8328832956,0.0357358982074959
-4054274.227422749,0.03573650113521781
-4054219.621962203,0.03573710664471277
-4054165.016501657,0.035737714511329975
-4054110.411041111,0.03573832450870913
-4054055.8055805652,0.03573893640886809
-4054001.2001200193,0.035739549982291466
-4053946.594659473,0.03574016499802017
-4053891.989198927,0.03574078122374185
-4053837.383738381,0.03574139842588221
-4053782.778277835,0.03574201636969715
-4053728.172817289,0.03574263481936567
-4053673.567356743,0.035743253538083615
-4053618.9618961965,0.03574387228815808
-4053564.3564356505,0.03574449083110249
-4053509.7509751045,0.035745108927732444
-4053455.1455145585,0.035745726338262035
-4053400.5400540126,0.03574634282240086
-4053345.9345934666,0.03574695813945152
-4053291.32913292,0.035747572048407616
-4053236.723672374,0.03574818430805226
-4053182.118211828,0.035748794677056994
-4053127.512751282,0.03574940291408106
-4053072.907290736,0.0357500087778711
-4053018.3018301902,0.0357506120273611
-4052963.696369644,0.03575121242177262
-4052909.090909098,0.035751809720715295
-4052854.485448552,0.03575240368428749
-4052799.879988006,0.035752994073177106
-4052745.27452746,0.03575358064876254
-4052690.669066914,0.03575416317321368
-4052636.0636063674,0.03575474140959292
-4052581.4581458215,0.035755315121956226
-4052526.8526852755,0.035755884075454054
-4052472.2472247295,0.035756448036432305
-4052417.6417641835,0.03575700677253302
-4052363.0363036375,0.035757560052794964
-4052308.430843091,0.03575810764775403
-4052253.825382545,0.03575864932954326
-4052199.219921999,0.035759184871992734
-4052144.614461453,0.03575971405072899
-4052090.009000907,0.03576023664327411
-4052035.403540361,0.03576075242914437
-4051980.7980798148,0.03576126118994848
-4051926.192619269,0.0357617627094852
-4051871.587158723,0.035762256773840546
-4051816.981698177,0.03576274317148429
-4051762.376237631,0.03576322169336594
-4051707.770777085,0.035763692133009915
-4051653.1653165384,0.03576415428661016
-4051598.5598559924,0.035764607953123875
-4051543.9543954465,0.03576505293436454
-4051489.3489349005,0.03576548903509406
-4051434.7434743545,0.03576591606311403
-4051380.1380138085,0.03576633382935616
-4051325.532553262,0.03576674214797163
-4051270.927092716,0.03576714083641955
-4051216.32163217,0.035767529715554316
-4051161.716171624,0.03576790860971197
-4051107.110711078,0.03576827734679536
-4051052.505250532,0.03576863575835824
-4050997.8997899857,0.035768983679688095
-4050943.2943294398,0.03576932094988782
-4050888.688868894,0.03576964741195608
-4050834.083408348,0.035769962912866424
-4050779.477947802,0.03577026730364497
-4050724.872487256,0.035770560439446854
-4050670.2670267094,0.03577084217963112
-4050615.6615661634,0.0357711123878343
-4050561.0561056174,0.03577137093204244
-4050506.4506450715,0.035771617684661604
-4050451.8451845255,0.035771852522586904
-4050397.2397239795,0.03577207532726986
-4050342.6342634335,0.035772285984784206
-4050288.028802887,0.035772484385890056
-4050233.423342341,0.03577267042609634
-4050178.817881795,0.03577284400572157
-4050124.212421249,0.03577300502995286
-4050069.606960703,0.0357731534089032
-4050015.0015001567,0.03577328905766686
-4049960.3960396107,0.03577341189637304
-4049905.7905790647,0.035773521850237654
-4049851.185118519,0.03577361884961317
-4049796.579657973,0.035773702830036606
-4049741.974197427,0.03577377373227557
-4049687.368736881,0.03577383150237231
-4049632.7632763344,0.03577387609168583
-4049578.1578157884,0.035773907456931923
-4049523.5523552424,0.03577392556022124
-4049468.9468946964,0.03577393036909527
-4049414.3414341505,0.035773921856560205
-4049359.735973604,0.03577390000111877
-4049305.130513058,0.035773864786799885
-4049250.525052512,0.03577381620318621
-4049195.919591966,0.035773754245439514
-4049141.31413142,0.03577367891432385
-4049086.708670874,0.0357735902162266
-4049032.103210328,0.035773488163177214
-4048977.4977497817,0.03577337277286381
-4048922.8922892357,0.03577324406864745
-4048868.2868286897,0.03577310207957425
-4048813.6813681438,0.03577294684038511
-4048759.075907598,0.03577277839152327
-4048704.4704470513,0.03577259677913951
-4048649.8649865054,0.035772402055095034
-4048595.2595259594,0.03577219427696211
-4048540.6540654134,0.03577197350802232
-4048486.0486048674,0.035771739817262484
-4048431.4431443214,0.035771493279368294
-4048376.8376837755,0.03577123397471557
-4048322.232223229,0.03577096198935917
-4048267.626762683,0.03577067741501954
-4048213.021302137,0.03577038034906694
-4048158.415841591,0.035770070894503264
-4048103.810381045,0.035769749159941557
-4048049.2049204987,0.035769415259583104
-4047994.5994599527,0.035769069313192244
-4047939.9939994067,0.03576871144606872
-4047885.3885388607,0.035768341789017784
-4047830.7830783147,0.03576796047831786
-4047776.1776177688,0.0357675676556859
-4047721.572157223,0.035767163468240416
-4047666.9666966763,0.03576674806846212
-4047612.3612361304,0.03576632161415228
-4047557.7557755844,0.035765884268388726
-4047503.1503150384,0.035765436199479576
-4047448.5448544924,0.03576497758091461
-4047393.939393946,0.0357645085913144
-4047339.3339334,0.03576402941437715
-4047284.728472854,0.03576354023882323
-4047230.123012308,0.03576304125833749
-4047175.517551762,0.03576253267150938
-4047120.912091216,0.03576201468177072
-4047066.30663067,0.03576148749733141
-4047011.7011701236,0.035760951331112824
-4046957.0957095777,0.03576040640067918
-4046902.4902490317,0.03575985292816657
-4046847.8847884857,0.035759291140210044
-4046793.2793279397,0.03575872126786844
-4046738.6738673938,0.03575814354654726
-4046684.0684068473,0.03575755821591934
-4046629.4629463013,0.03575696551984362
-4046574.8574857553,0.0357563657062818
-4046520.2520252094,0.035755759027213035
-4046465.6465646634,0.035755145738546705
-4046411.0411041174,0.035754526100033185
-4046356.435643571,0.03575390037517276
-4046301.830183025,0.03575326883112268
-4046247.224722479,0.03575263173860229
-4046192.619261933,0.0357519893717964
-4046138.013801387,0.03575134200825689
-4046083.408340841,0.03575068992880252
-4046028.8028802946,0.03575003341741706
-4045974.1974197486,0.035749372761145704
-4045919.5919592027,0.035748708249989845
-4045864.9864986567,0.03574804017680027
-4045810.3810381107,0.03574736883716875
-4045755.7755775647,0.0357466945293181
-4045701.1701170183,0.035746017553990726
-4045646.5646564723,0.035745338214335766
-4045591.9591959263,0.03574465681579473
-4045537.3537353803,0.03574397366598582
-4045482.7482748344,0.03574328907458692
-4045428.1428142884,0.0357426033532172
-4045373.537353742,0.03574191681531761
-4045318.931893196,0.03574122977603003
-4045264.32643265,0.03574054255207532
-4045209.720972104,0.03573985546163025
-4045155.115511558,0.03573916882420329
-4045100.510051012,0.035738482960509486
-4045045.9045904656,0.03573779819234421
-4044991.2991299196,0.03573711484245611
-4044936.6936693736,0.03573643323441903
-4044882.0882088277,0.03573575369250319
-4044827.4827482817,0.03573507654154555
-4044772.8772877357,0.03573440210681938
-4044718.2718271893,0.03573373071390319
-4044663.6663666433,0.035733062688549026
-4044609.0609060973,0.03573239835655003
-4044554.4554455513,0.035731738043607686
-4044499.8499850053,0.03573108207519834
-4044445.2445244594,0.03573043077643945
-4044390.639063913,0.03572978447195533
-4044336.033603367,0.035729143485742645
-4044281.428142821,0.03572850814103553
-4044226.822682275,0.035727878760170556
-4044172.217221729,0.035727255664451465
-4044117.611761183,0.03572663917401379
-4044063.0063006366,0.035726029607689405
-4044008.4008400906,0.0357254272828711
-4043953.7953795446,0.03572483251537709
-4043899.1899189986,0.03572424561931571
-4043844.5844584526,0.03572366690695019
-4043789.9789979067,0.035723096688563695
-4043735.37353736,0.03572253527232453
-4043680.7680768142,0.035721982964151765
-4043626.1626162683,0.03572144006758111
-4043571.5571557223,0.035720906883631276
-4043516.9516951763,0.03572038371067082
-4043462.3462346303,0.03571987084428548
-4043407.740774084,0.0357193685771461
-4043353.135313538,0.035718877198877244
-4043298.529852992,0.0357183969959264
-4043243.924392446,0.03571792825143409
-4043189.3189319,0.03571747124510462
-4043134.713471354,0.0357170262530778
-4043080.1080108075,0.03571659354780158
-4043025.5025502616,0.03571617339790556
-4042970.8970897156,0.03571576606807563
-4042916.2916291696,0.03571537181892963
-4042861.6861686236,0.03571499090689415
-4042807.0807080776,0.035714623584082575
-4042752.475247531,0.03571427009817423
-4042697.869786985,0.03571393069229501
-4042643.2643264392,0.03571360560489918
-4042588.6588658933,0.03571329506965269
-4042534.0534053473,0.035712999315317885
-4042479.4479448013,0.03571271856563974
-4042424.842484255,0.035712453039233635
-4042370.237023709,0.03571220294947478
-4042315.631563163,0.03571196850438922
-4042261.026102617,0.035711749906546617
-4042206.420642071,0.03571154735295476
-4042151.815181525,0.03571136103495588
-4042097.2097209785,0.03571119113812485
-4042042.6042604325,0.03571103784216921
-4041987.9987998866,0.03571090132083126
-4041933.3933393406,0.03571078174179206
-4041878.7878787946,0.035710679266577505
-4041824.1824182486,0.03571059405046649
-4041769.576957702,0.03571052624240123
-4041714.971497156,0.035710475984899716
-4041660.36603661,0.03571044341397046
-4041605.760576064,0.035710428659029424
-4041551.1551155183,0.03571043184281938
-4041496.5496549723,0.035710453081331466
-4041441.944194426,0.03571049248372928
-4041387.33873388,0.035710550152275346
-4041332.733273334,0.03571062618226001
-4041278.127812788,0.03571072066193295
-4041223.522352242,0.03571083367243714
-4041168.916891696,0.035710965287745464
-4041114.31143115,0.03571111557459992
-4041059.7059706035,0.03571128459245349
-4041005.1005100575,0.035711472393414705
-4040950.4950495115,0.03571167902219494
-4040895.8895889656,0.03571190451605847
-4040841.2841284196,0.03571214890477527
-4040786.678667873,0.03571241221057672
-4040732.073207327,0.0357126944481141
-4040677.467746781,0.035712995624419944
-4040622.862286235,0.03571331573887238
-4040568.256825689,0.03571365478316233
-4040513.6513651432,0.035714012741263686
-4040459.0459045973,0.035714389589406495
-4040404.440444051,0.03571478529605311
-4040349.834983505,0.03571519982187741
-4040295.229522959,0.03571563311974701
-4040240.624062413,0.03571608513470862
-4040186.018601867,0.03571655580397644
-4040131.4131413205,0.035717045056923635
-4040076.8076807745,0.03571755281507701
-4040022.2022202285,0.03571807899211476
-4039967.5967596825,0.03571862349386738
-4039912.9912991365,0.035719186218321784
-4039858.3858385906,0.03571976705562855
-4039803.7803780446,0.03572036588811236
-4039749.174917498,0.03572098259028567
-4039694.569456952,0.03572161702886557
-4039639.963996406,0.035722269062793806
-4039585.35853586,0.03572293854326015
-4039530.753075314,0.03572362531372881
-4039476.147614768,0.035724329209968264
-4039421.542154222,0.03572505006008415
-4039366.936693676,0.03572578768455549
-4039312.33123313,0.03572654189627414
-4039257.725772584,0.03572731250058739
-4039203.120312038,0.035728099295343894
-4039148.514851492,0.035728902070942724
-4039093.9093909455,0.03572972061038573
-4039039.3039303995,0.03573055468933299
-4038984.6984698535,0.03573140407616163
-4038930.0930093075,0.03573226853202763
-4038875.4875487615,0.03573314781093101
-4038820.882088215,0.03573404165978404
-4038766.276627669,0.03573494981848267
-4038711.671167123,0.03573587201998109
-4038657.065706577,0.0357368079903694
-4038602.460246031,0.03573775744895443
-4038547.854785485,0.03573872010834359
-4038493.249324939,0.03573969567453186
-4038438.643864393,0.03574068384699175
-4038384.038403847,0.035741684318766315
-4038329.432943301,0.03574269677656527
-4038274.827482755,0.035743720900863904
-4038220.222022209,0.035744756366005104
-4038165.6165616624,0.035745802840304236
-4038111.0111011164,0.03574685998615687
-4038056.4056405704,0.03574792746014953
-4038001.8001800245,0.03574900491317311
-4037947.1947194785,0.0357500919905392
-4037892.5892589325,0.035751188332099136
-4037837.9837983865,0.03575229357236582
-4037783.37833784,0.03575340734063818
-4037728.772877294,0.03575452926112836
-4037674.167416748,0.03575565895309153
-4037619.561956202,0.035756796030958195
-4037564.956495656,0.035757940104469164
-4037510.35103511,0.03575909077881296
-4037455.7455745637,0.035760247654765674
-4037401.1401140178,0.03576141032883326
-4037346.534653472,0.035762578393396235
-4037291.929192926,0.03576375143685663
-4037237.32373238,0.03576492904378726
-4037182.718271834,0.035766110795083204
-4037128.1128112874,0.03576729626811551
-4037073.5073507414,0.03576848503688694
-4037018.9018901954,0.03576967667218986
-4036964.2964296495,0.035770870741766145
-4036909.6909691035,0.03577206681046903
-4036855.0855085575,0.03577326444042688
-4036800.480048011,0.03577446319120882
-4036745.874587465,0.035775662619992155
-4036691.269126919,0.03577686228173159
-4036636.663666373,0.035778061729330055
-4036582.058205827,0.0357792605138112
-4036527.452745281,0.03578045818449344
-4036472.8472847347,0.03578165428916553
-4036418.2418241887,0.035782848374263515
-4036363.6363636428,0.03578403998504917
-4036309.030903097,0.03578522866578963
-4036254.425442551,0.03578641395993835
-4036199.819982005,0.03578759541031723
-4036145.2145214584,0.03578877255929988
-4036090.6090609124,0.03578994494899582
-4036036.0036003664,0.03579111212143586
-4035981.3981398204,0.035792273618758245
-4035926.7926792745,0.03579342898339569
-4035872.1872187285,0.0357945777582632
-4035817.581758182,0.03579571948694661
-4035762.976297636,0.03579685371389168
-4035708.37083709,0.035797979984593886
-4035653.765376544,0.03579909784578862
-4035599.159915998,0.035800206845641815
-4035544.554455452,0.03580130653394091
-4035489.9489949057,0.03580239646228617
-4035435.3435343597,0.03580347618428205
-4035380.7380738137,0.03580454525572888
-4035326.1326132677,0.03580560323481447
-4035271.527152722,0.03580664968230569
-4035216.921692176,0.035807684161740023
-4035162.3162316293,0.03580870623961695
-4035107.7107710834,0.035809715485588936
-4035053.1053105374,0.03581071147265232
-4034998.4998499914,0.03581169377733763
-4034943.8943894454,0.03581266197989948
-4034889.2889288994,0.035813615664505916
-4034834.683468353,0.03581455441942712
-4034780.078007807,0.03581547783722343
-4034725.472547261,0.035816385514932526
-4034670.867086715,0.03581727705425582
-4034616.261626169,0.035818152061743845
-4034561.656165623,0.035819010148980694
-4034507.0507050767,0.0358198509327673
-4034452.4452445307,0.035820674035303576
-4034397.8397839847,0.03582147908436934
-4034343.2343234387,0.03582226571350388
-4034288.6288628927,0.03582303356218411
-4034234.0234023468,0.035823782276001304
-4034179.4179418003,0.035824511506836236
-4034124.8124812543,0.03582522091303268
-4034070.2070207084,0.03582591015956928
-4034015.6015601624,0.03582657891822956
-4033960.9960996164,0.03582722686777015
-4033906.3906390704,0.03582785369408702
-4033851.785178524,0.03582845909037977
-4033797.179717978,0.035829042757313835
-4033742.574257432,0.0358296044031805
-4033687.968796886,0.03583014374405476
-4033633.36333634,0.03583066050395085
-4033578.757875794,0.035831154414975384
-4033524.1524152476,0.035831625217478166
-4033469.5469547017,0.035832072660200345
-4033414.9414941557,0.03583249650042011
-4033360.3360336097,0.03583289650409571
-4033305.7305730637,0.03583327244600575
-4033251.1251125177,0.03583362410988672
-4033196.5196519713,0.035833951288567645
-4033141.9141914253,0.03583425378410187
-4033087.3087308793,0.035834531407895845
-4033032.7032703334,0.03583478398083486
-4032978.0978097874,0.03583501133340567
-4032923.4923492414,0.03583521330581599
-4032868.886888695,0.03583538974811069
-4032814.281428149,0.03583554052028473
-4032759.675967603,0.035835665492392824
-4032705.070507057,0.035835764544655514
-4032650.465046511,0.03583583756756195
-4032595.859585965,0.035835884461969045
-4032541.2541254186,0.035835905139197086
-4032486.6486648726,0.03583589952112167
-4032432.0432043266,0.03583586754026202
-4032377.4377437807,0.03583580913986549
-4032322.8322832347,0.03583572427398828
-4032268.2268226887,0.0358356129075724
-4032213.6213621423,0.03583547501651858
-4032159.0159015963,0.0358353105877554
-4032104.4104410503,0.035835119619304356
-4032049.8049805043,0.03583490212034086
-4031995.1995199583,0.03583465811125124
-4031940.5940594124,0.03583438762368562
-4031885.988598866,0.03583409070060654
-4031831.38313832,0.035833767396333524
-4031776.777677774,0.0358334177765833
-4031722.172217228,0.03583304191850578
-4031667.566756682,0.035832639910715794
-4031612.961296136,0.035832211853320355
-4031558.3558355896,0.03583175785794166
-4031503.7503750436,0.03583127804773568
-4031449.1449144976,0.03583077255740622
-4031394.5394539516,0.03583024153321463
-4031339.9339934057,0.03582968513298498
-4031285.3285328597,0.03582910352610469
-4031230.7230723137,0.035828496893520696
-4031176.1176117673,0.035827865427731004
-4031121.5121512213,0.035827209332771705
-4031066.9066906753,0.035826528824199344
-4031012.3012301293,0.03582582412906874
-4030957.6957695833,0.03582509548590612
-4030903.090309037,0.03582434314467769
-4030848.484848491,0.035823567366753455
-4030793.879387945,0.035822768424866494
-4030739.273927399,0.035821946603067444
-4030684.668466853,0.03582110219667443
-4030630.063006307,0.03582023551221821
-4030575.457545761,0.03581934686738274
-4030520.8520852146,0.03581843659094092
-4030466.2466246686,0.035817505022685873
-4030411.6411641226,0.03581655251335728
-4030357.0357035766,0.03581557942456324
-4030302.4302430307,0.035814586128697375
-4030247.824782484,0.0358135730088513
-4030193.219321938,0.03581254045872246
-4030138.6138613923,0.035811488882517235
-4030084.0084008463,0.035810418694849536
-4030029.4029403003,0.035809330320634714
-4029974.7974797543,0.03580822419497891
-4029920.1920192083,0.0358071007630638
-4029865.586558662,0.0358059604800268
-4029810.981098116,0.03580480381083677
-4029756.37563757,0.03580363123016511
-4029701.770177024,0.0358024432222525
-4029647.164716478,0.035801240280771085
-4029592.5592559315,0.03580002290868226
-4029537.9537953855,0.035798791618090145
-4029483.3483348396,0.035797546930090525
-4029428.7428742936,0.035796289374615604
-4029374.1374137476,0.035795019490274464
-4029319.5319532016,0.03579373782418917
-4029264.9264926556,0.035792444931826775
-4029210.321032109,0.03579114137682708
-4029155.715571563,0.03578982773082636
-4029101.1101110172,0.03578850457327687
-4029046.5046504713,0.03578717249126244
-4028991.8991899253,0.03578583207931007
-4028937.293729379,0.0357844839391975
-4028882.688268833,0.03578312867975709
-4028828.082808287,0.03578176691667562
-4028773.477347741,0.03578039927229054
-4028718.871887195,0.03577902637538242
-4028664.266426649,0.03577764886096374
-4028609.660966103,0.035776267370064105
-4028555.0555055565,0.03577488254951193
-4028500.4500450105,0.0357734950517127
-4028445.8445844646,0.03577210553442374
-4028391.2391239186,0.03577071466052574
-4028336.6336633726,0.035769323097791
-4028282.028202826,0.03576793151864846
-4028227.42274228,0.03576654059994565
-4028172.817281734,0.035765151022707525
-4028118.211821188,0.03576376347189245
-4028063.6063606422,0.03576237863614517
-4028009.0009000963,0.03576099720754704
-4027954.3954395503,0.03575961988136351
-4027899.789979004,0.03575824735578892
-4027845.184518458,0.03575688033168882
-4027790.579057912,0.03575551951233965
-4027735.973597366,0.03575416560316617
-4027681.36813682,0.03575281931147647
-4027626.762676274,0.03575148134619485
-4027572.1572157275,0.03575015241759245
-4027517.5517551815,0.03574883323701594
-4027462.9462946355,0.03574752451661418
-4027408.3408340896,0.03574622696906303
-4027353.7353735436,0.03574494130728844
-4027299.1299129976,0.03574366824418782
-4027244.524452451,0.03574240849234982
-4027189.918991905,0.035741162763772705
-4027135.313531359,0.03573993176958124
-4027080.708070813,0.03573871621974241
-4027026.1026102672,0.03573751682277984
-4026971.4971497213,0.035736334285487246
-4026916.891689175,0.03573516931264081
-4026862.286228629,0.035734022606710804
-4026807.680768083,0.03573289486757226
-4026753.075307537,0.03573178679221514
-4026698.469846991,0.03573069907445391
-4026643.864386445,0.035729632404636565
-4026589.2589258985,0.03572858746935342
-4026534.6534653525,0.03572756495114566
-4026480.0480048065,0.03572656552821359
-4026425.4425442605,0.03572558987412514
-4026370.8370837145,0.03572463865752421
-4026316.2316231686,0.035723712541839335
-4026261.626162622,0.03572281218499266
-4026207.020702076,0.0357219382391093
-4026152.41524153,0.03572109135022722
-4026097.809780984,0.0357202721580078
-4026043.204320438,0.03571948129544715
-4025988.598859892,0.03571871938858825
-4025933.993399346,0.03571798705623411
-4025879.3879388,0.035717284909662056
-4025824.782478254,0.03571661355233912
-4025770.177017708,0.035715973579638856
-4025715.571557162,0.035715365578559546
-4025660.966096616,0.03571479012744394
-4025606.3606360694,0.03571424779570071
-4025551.7551755235,0.03571373914352763
-4025497.1497149775,0.035713264721636655
-4025442.5442544315,0.03571282507098103
-4025387.9387938855,0.03571242072248449
-4025333.3333333395,0.0357120521967727
-4025278.727872793,0.03571172000390705
-4025224.122412247,0.035711424643120875
-4025169.516951701,0.035711166602558284
-4025114.911491155,0.03571094635901562
-4025060.306030609,0.03571076437768579
-4025005.700570063,0.035710621111905406
-4024951.0951095168,0.03571051700290502
-4024896.489648971,0.035710452479562435
-4024841.884188425,0.03571042795815929
-4024787.278727879,0.03571044384214095
-4024732.673267333,0.03571050052187991
-4024678.067806787,0.035710598374442654
-4024623.4623462404,0.035710737763360346
-4024568.8568856944,0.03571091903840314
-4024514.2514251485,0.03571114253535846
-4024459.6459646025,0.03571140857581324
-4024405.0405040565,0.035711717466940275
-4024350.4350435105,0.03571206950128874
-4024295.829582964,0.035712464956579044
-4024241.224122418,0.03571290409550203
-4024186.618661872,0.03571338716552271
-4024132.013201326,0.03571391439868864
-4024077.40774078,0.03571448601144286
-4024022.802280234,0.03571510220444179
-4023968.1968196877,0.03571576316237791
-4023913.5913591417,0.03571646905380741
-4023858.985898596,0.035717220030983036
-4023804.38043805,0.03571801622969197
-4023749.774977504,0.03571885776909906
-4023695.169516958,0.03571974475159534
-4023640.5640564114,0.03572067726265204
-4023585.9585958654,0.03572165537068007
-4023531.3531353194,0.03572267912689515
-4023476.7476747734,0.03572374856518863
-4023422.1422142275,0.03572486370200405
-4023367.5367536815,0.03572602453621957
-4023312.931293135,0.035727231049036384
-4023258.325832589,0.03572848320387301
-4023203.720372043,0.03572978094626583
-4023149.114911497,0.03573112420377568
-4023094.509450951,0.03573251288590069
-4023039.903990405,0.03573394688399542
-4022985.2985298587,0.03573542607119643
-4022930.6930693127,0.035736950302354124
-4022876.0876087667,0.03573851941397128
-4022821.4821482208,0.03574013322414803
-4022766.876687675,0.03574179153253346
-4022712.271227129,0.03574349412028393
-4022657.6657665824,0.03574524075002811
-4022603.0603060364,0.03574703116583876
-4022548.4548454904,0.03574886509321145
-4022493.8493849444,0.035750742239050094
-4022439.2439243984,0.035752662291659416
-4022384.6384638525,0.03575462492074445
-4022330.033003306,0.03575662977741704
-4022275.42754276,0.03575867649420934
-4022220.822082214,0.03576076468509465
-4022166.216621668,0.03576289394551505
-4022111.611161122,0.03576506385241654
-4022057.005700576,0.03576727396429117
-4022002.40024003,0.035769523821226515
-4021947.7947794837,0.03577181294496242
-4021893.1893189377,0.0357741408389549
-4021838.5838583917,0.035776506988447615
-4021783.9783978458,0.03577891086055043
-4021729.3729373,0.035781351904325444
-4021674.7674767533,0.03578382955088042
-4021620.1620162074,0.0357863432134694
-4021565.5565556614,0.035788892287601064
-4021510.9510951154,0.03579147615115411
-4021456.3456345694,0.03579409416450031
-4021401.7401740234,0.035796745670634796
-4021347.1347134775,0.035799429995313894
-4021292.529252931,0.03580214644720027
-4021237.923792385,0.035804894318015444
-4021183.318331839,0.03580767288269986
-4021128.712871293,0.03581048139958018
-4021074.107410747,0.035813319110543966
-4021019.5019502006,0.03581618524122185
-4020964.8964896547,0.03581907900117676
-4020910.2910291087,0.03582199958410083
-4020855.6855685627,0.03582494616801934
-4020801.0801080167,0.03582791791550195
-4020746.4746474707,0.03583091397388127
-4020691.869186925,0.03583393347547858
-4020637.2637263783,0.035836975537836706
-4020582.6582658323,0.03584003926396001
-4020528.0528052864,0.03584312374256163
-4020473.4473447404,0.03584622804831757
-4020418.8418841944,0.03584935124212796
-4020364.236423648,0.035852492371385186
-4020309.630963102,0.03585565047024889
-4020255.025502556,0.03585882455992808
-4020200.42004201,0.03586201364896975
-4020145.814581464,0.03586521673355441
-4020091.209120918,0.035868432797798264
-4020036.603660372,0.035871660814062054
-4019981.9981998256,0.03587489974326644
-4019927.3927392797,0.03587814853521377
-4019872.7872787337,0.03588140612891653
-4019818.1818181877,0.03588467145293191
-4019763.5763576417,0.03588794342570273
-4019708.9708970953,0.03589122095590461
-4019654.3654365493,0.03589450294279907
-4019599.7599760033,0.035897788276593005
-4019545.1545154573,0.03590107583880376
-4019490.5490549114,0.03590436450263027
-4019435.9435943654,0.03590765313332989
-4019381.3381338194,0.035910940588600955
-4019326.732673273,0.03591422571897088
-4019272.127212727,0.03591750736818966
-4019217.521752181,0.03592078437362904
-4019162.916291635,0.03592405556668664
-4019108.310831089,0.035927319773195424
-4019053.7053705426,0.03593057581383824
-4018999.0999099966,0.03593382250456718
-4018944.4944494506,0.03593705865702807
-4018889.8889889047,0.03594028307898941
-4018835.2835283587,0.03594349457477605
-4018780.6780678127,0.03594669194570741
-4018726.0726072667,0.03594987399054
-4018671.4671467203,0.035953039505914254
-4018616.8616861743,0.0359561872868054
-4018562.2562256283,0.035959316126978565
-4018507.6507650823,0.03596242481944748
-4018453.0453045364,0.03596551215693712
-4018398.4398439904,0.035968576932349866
-4018343.834383444,0.03597161793923524
-4018289.228922898,0.03597463397226282
-4018234.623462352,0.035977623827698584
-4018180.018001806,0.03598058630388419
-4018125.41254126,0.03598352020171914
-4018070.807080714,0.03598642432514582
-4018016.2016201676,0.0359892974816372
-4017961.5961596216,0.03599213848268679
-4017906.9906990756,0.03599494614430136
-4017852.3852385296,0.03599771928749542
-4017797.7797779837,0.03600045673878802
-4017743.1743174377,0.036003157330701294
-4017688.5688568912,0.036005819902260865
-4017633.9633963453,0.03600844329949762
-4017579.3579357993,0.03601102637595121
-4017524.7524752533,0.03601356799317452
-4017470.1470147073,0.03601606702123939
-4017415.5415541613,0.036018522339243304
-4017360.936093615,0.036020932835816755
-4017306.330633069,0.03602329740963124
-4017251.725172523,0.036025614969907874
-4017197.119711977,0.036027884436926075
-4017142.514251431,0.03603010474253248
-4017087.908790885,0.0360322748306498
-4017033.3033303386,0.036034393657785505
-4016978.6978697926,0.03603646019353997
-4016924.0924092466,0.03603847342111432
-4016869.4869487006,0.03604043233781734
-4016814.8814881546,0.03604233595557159
-4016760.2760276087,0.03604418330141843
-4016705.670567062,0.03604597341802185
-4016651.0651065162,0.036047705364170776
-4016596.4596459703,0.03604937821527999
-4016541.8541854243,0.036050991063889114
-4016487.2487248783,0.03605254302015975
-4016432.6432643323,0.03605403321237053
-4016378.037803786,0.036055460787409836
-4016323.43234324,0.036056824911266105
-4016268.826882694,0.03605812476951552
-4016214.221422148,0.0360593595678069
-4016159.615961602,0.03606052853234355
-4016105.010501056,0.03606163091036209
-4016050.4050405095,0.03606266597060783
-4015995.7995799636,0.03606363300380674
-4015941.1941194176,0.03606453132313368
-4015886.5886588716,0.03606536026467691
-4015831.9831983256,0.03606611918789838
-4015777.3777377796,0.03606680747609005
-4015722.772277233,0.03606742453682567
-4015668.166816687,0.036067969802408145
-4015613.561356141,0.036068442730312136
-4015558.9558955953,0.0360688428036218
-4015504.3504350493,0.036069169531463455
-4015449.7449745033,0.0360694224494331
-4015395.139513957,0.03606960112001847
-4015340.534053411,0.03606970513301558
-4015285.928592865,0.03606973410593956
-4015231.323132319,0.03606968768442958
-4015176.717671773,0.036069565542647695
-4015122.112211227,0.036069367383671606
-4015067.5067506805,0.03606909293988085
-4015012.9012901345,0.036068741973336635
-4014958.2958295885,0.03606831427615486
-4014903.6903690426,0.036067809670872336
-4014849.0849084966,0.03606722801080596
-4014794.4794479506,0.03606656918040476
-4014739.873987404,0.03606583309559455
-4014685.268526858,0.03606501970411521
-4014630.663066312,0.0360641289858502
-4014576.057605766,0.036063160953148446
-4014521.4521452202,0.03606211565113816
-4014466.8466846743,0.03606099315803271
-4014412.241224128,0.036059793585428164
-4014357.635763582,0.036058517078592575
-4014303.030303036,0.036057163816746673
-4014248.42484249,0.03605573401333596
-4014193.819381944,0.03605422791629409
-4014139.213921398,0.03605264580829717
-4014084.6084608515,0.03605098800700923
-4014030.0030003055,0.03604925486531837
-4013975.3975397595,0.036047446771563615
-4013920.7920792135,0.036045564149752435
-4013866.1866186676,0.03604360745976861
-4013811.5811581216,0.03604157719757048
-4013756.975697575,0.03603947389537938
-4013702.370237029,0.03603729812185822
-4013647.764776483,0.03603505048227995
-4013593.159315937,0.036032731618685934
-4013538.553855391,0.03603034221003413
-4013483.9483948452,0.03602788297233687
-4013429.342934299,0.03602535465878815
-4013374.737473753,0.03602275805988056
-4013320.132013207,0.03602009400351123
-4013265.526552661,0.03601736335507736
-4013210.921092115,0.036014567017560735
-4013156.315631569,0.036011705931601364
-4013101.7101710225,0.03600878107556007
-4013047.1047104765,0.03600579346557012
-4012992.4992499305,0.03600274415557742
-4012937.8937893845,0.03599963423736971
-4012883.2883288385,0.03599646484059431
-4012828.6828682926,0.035993237132764484
-4012774.0774077466,0.035989952319254365
-4012719.4719472,0.035986611643282256
-4012664.866486654,0.03598321638588258
-4012610.261026108,0.03597976786586579
-4012555.655565562,0.03597626743976694
-4012501.050105016,0.03597271650178231
-4012446.44464447,0.03596911648369424
-4012391.839183924,0.03596546885478427
-4012337.233723378,0.035961775121734076
-4012282.628262832,0.03595803682851477
-4012228.022802286,0.03595425555626412
-4012173.41734174,0.03595043292315178
-4012118.811881194,0.03594657058423248
-4012064.2064206474,0.035942670231287166
-4012009.6009601015,0.035938733592652254
-4011954.9954995555,0.0359347624330364
-4011900.3900390095,0.03593075855332557
-4011845.7845784635,0.03592672379037584
-4011791.179117917,0.035922660016794
-4011736.573657371,0.03591856914070632
-4011681.968196825,0.035914453105514776
-4011627.362736279,0.03591031388964158
-4011572.757275733,0.03590615350626136
-4011518.151815187,0.03590197400302135
-4011463.546354641,0.03589777746174947
-4011408.9408940948,0.035893565998150356
-4011354.335433549,0.03588934176148947
-4011299.729973003,0.03588510693426493
-4011245.124512457,0.03588086373186769
-4011190.519051911,0.03587661440222956
-4011135.9135913644,0.03587236122545944
-4011081.3081308184,0.03586810651346773
-4011026.7026702724,0.035863852609578716
-4010972.0972097265,0.03585960188813144
-4010917.4917491805,0.03585535675406875
-4010862.8862886345,0.035851119642514695
-4010808.2808280885,0.03584689301834037
-4010753.675367542,0.03584267937571816
-4010699.069906996,0.035838481237664734
-4010644.46444645,0.03583430115557228
-4010589.858985904,0.035830141708728794
-4010535.253525358,0.03582600550382694
-4010480.6480648117,0.03582189517446183
-4010426.0426042657,0.035817813380617826
-4010371.4371437198,0.03581376280814409
-4010316.831683174,0.03580974616821958
-4010262.226222628,0.0358057661968071
-4010207.620762082,0.03580182565409671
-4010153.015301536,0.035797927323938564
-4010098.4098409894,0.03579407401326524
-4010043.8043804434,0.03579026855150391
-4009989.1989198974,0.03578651378997793
-4009934.5934593515,0.03578281260129862
-4009879.9879988055,0.03577916787874692
-4009825.382538259,0.035775582535645216
-4009770.777077713,0.03577205950471946
-4009716.171617167,0.03576860173745152
-4009661.566156621,0.03576521220342228
-4009606.960696075,0.03576189388964526
-4009552.355235529,0.035758649799891185
-4009497.749774983,0.035755482954003354
-4009443.1443144367,0.03575239638720421
-4009388.5388538907,0.035749393149393315
-4009333.9333933447,0.035746476304436364
-4009279.327932799,0.03574364892944619
-4009224.722472253,0.03574091411405528
-4009170.117011707,0.03573827495968026
-4009115.5115511604,0.03573573457877846
-4009060.9060906144,0.03573329609409677
-4009006.3006300684,0.035730962637912776
-4008951.6951695224,0.03572873735126867
-4008897.0897089764,0.03572662338319785
-4008842.4842484305,0.035724623889944476
-4008787.878787884,0.03572274203417626
-4008733.273327338,0.03572098098419051
-4008678.667866792,0.035719343913113724
-4008624.062406246,0.03571783399809494
-4008569.4569457,0.03571645441949298
-4008514.851485154,0.03571520836005786
-4008460.2460246077,0.03571409900410646
-4008405.6405640617,0.03571312953669281
-4008351.0351035157,0.035712303142772996
-4008296.4296429697,0.035711623006365115
-4008241.8241824238,0.03571109230970434
-4008187.218721878,0.03571071423239339
-4008132.6132613313,0.0357104919505485
-4008078.0078007854,0.03571042863594134
-4008023.4023402394,0.0357105274551368
-4007968.7968796934,0.035710791568627165
-4007914.1914191474,0.03571122412996263
-4007859.5859586014,0.03571182828487865
-4007804.980498055,0.035712607170420095
-4007750.375037509,0.035713563914062586
-4007695.769576963,0.03571470163283133
-4007641.164116417,0.03571602343241741
-4007586.558655871,0.035717532406291996
-4007531.953195325,0.035719231634818736
-4007477.3477347787,0.03572112418436432
-4007422.7422742327,0.035723213106407664
-4007368.1368136867,0.03572550143664802
-4007313.5313531407,0.035727992194111956
-4007258.9258925947,0.03573068838025971
-4007204.3204320488,0.035733592978091124
-4007149.7149715023,0.0357367089512513
-4007095.1095109563,0.03574003924313618
-4007040.5040504104,0.035743586775998704
-4006985.8985898644,0.03574735445005516
-4006931.2931293184,0.035751345142592476
-4006876.6876687724,0.035755561707076514
-4006822.082208226,0.0357600069722616
-4006767.47674768,0.03576468374130149
-4006712.871287134,0.03576959479086239
-4006658.265826588,0.03577474287023765
-4006603.660366042,0.03578013070046496
-4006549.054905496,0.03578576097344594
-4006494.4494449496,0.03579163635106869
-4006439.8439844036,0.035797759464332946
-4006385.2385238577,0.03580413291247918
-4006330.6330633117,0.03581075926212064
-4006276.0276027657,0.035817641046379446
-4006221.4221422197,0.03582478076402667
-4006166.8166816733,0.03583218087862678
-4006112.2112211273,0.03583984381768631
-4006057.6057605813,0.035847771971807926
-4006003.0003000353,0.035855967693848925
-4005948.3948394894,0.03586443329808533
-4005893.7893789434,0.03587317105938149
-4005839.183918397,0.035882183212365484
-4005784.578457851,0.03589147195061028
-4005729.972997305,0.03590103942582182
-4005675.367536759,0.03591088774703298
-4005620.762076213,0.03592101897980463
-4005566.156615667,0.035931435145433656
-4005511.5511551206,0.035942138220168326
-4005456.9456945746,0.03595313013443071
-4005402.3402340286,0.03596441277204777
-4005347.7347734827,0.03597598796948951
-4005293.1293129367,0.035987857515115795
-4005238.5238523907,0.03600002314843157
-4005183.9183918443,0.03601248655935085
-4005129.3129312983,0.036025249387469094
-4005074.7074707523,0.036038313221345854
-4005020.1020102063,0.036051679597795684
-4004965.4965496603,0.036065350001189246
-4004910.8910891144,0.03607932586276412
-4004856.2856285684,0.036093608559945665
-4004801.680168022,0.03610819941567837
-4004747.074707476,0.03612309969776697
-4004692.46924693,0.03613831061822961
-4004637.863786384,0.03615383333266073
-4004583.258325838,0.03616966893960557
-4004528.6528652916,0.03618581847994626
-4004474.0474047456,0.0362022829362986
-4004419.4419441996,0.036219063232422154
-4004364.8364836536,0.03623616023264076
-4004310.2310231077,0.0362535747412761
-4004255.6255625617,0.03627130750209334
-4004201.0201020157,0.03628935919775946
-4004146.4146414693,0.03630773044931441
-4004091.8091809233,0.03632642181565446
-4004037.2037203773,0.036345433793030284
-4003982.5982598313,0.03636476681455674
-4003927.9927992853,0.03638442124973695
-4003873.387338739,0.036404397404000075
-4003818.781878193,0.03642469551825203
-4003764.176417647,0.03644531576844201
-4003709.570957101,0.03646625826514136
-4003654.965496555,0.036487523053137794
-4003600.360036009,0.036509110111043776
-4003545.754575463,0.0365310193509197
-4003491.1491149166,0.036553250617912
-4003436.5436543706,0.03657580368990524
-4003381.9381938246,0.03659867827719128
-4003327.3327332786,0.036621874022151724
-4003272.7272727326,0.03664539049895675
-4003218.121812186,0.036669227213279386
-4003163.51635164,0.036693383602024524
-4003108.9108910942,0.03671785903307561
-4003054.3054305483,0.036742652805055315
-4002999.6999700023,0.036767764147103144
-4002945.0945094563,0.03679319221866898
-4002890.4890489103,0.036818936109322915
-4002835.883588364,0.03684499483858156
-4002781.278127818,0.03687136735574971
-4002726.672667272,0.03689805253978082
-4002672.067206726,0.0369250491991518
-4002617.46174618,0.036952356071755704
-4002562.8562856335,0.0369799718248112
-4002508.2508250875,0.037007895054787736
-4002453.6453645416,0.037036124287350064
-4002399.0399039956,0.03706465797731737
-4002344.4344434496,0.037093494508640724
-4002289.8289829036,0.03712263219439744
-4002235.2235223576,0.03715206927680262
-4002180.618061811,0.037181803927238244
-4002126.012601265,0.037211834246298335
-4002071.4071407192,0.03724215826385391
-4002016.8016801733,0.03727277393913293
-4001962.1962196273,0.03730367916081887
-4001907.590759081,0.037334871747166744
-4001852.985298535,0.03736634944613534
-4001798.379837989,0.03739810993553959
-4001743.774377443,0.03743015082321784
-4001689.168916897,0.03746246964721792
-4001634.563456351,0.03749506387600054
-4001579.957995805,0.03752793090866019
-4001525.3525352585,0.03756106807516391
-4001470.7470747125,0.03759447263660614
-4001416.1416141666,0.0376281417854839
-4001361.5361536206,0.03766207264598667
-4001306.9306930746,0.037696262274305205
-4001252.325232528,0.03773070765895768
-4001197.719771982,0.03776540572113195
-4001143.114311436,0.03780035331504796
-4001088.50885089,0.03783554722833474
-4001033.903390344,0.03787098418242598
-4000979.2979297983,0.037906660832972706
-4000924.6924692523,0.03794257377027304
-4000870.087008706,0.037978719519719456
-4000815.48154816,0.03801509454226151
-4000760.876087614,0.0380516952348887
-4000706.270627068,0.0380885179311271
-4000651.665166522,0.038125558901554404
-4000597.0597059755,0.03816281435433174
-4000542.4542454295,0.038200280435750515
-4000487.8487848835,0.03823795323079908
-4000433.2433243375,0.038275828763742595
-4000378.6378637915,0.03831390299872093
-4000324.0324032456,0.038352171840362485
-4000269.4269426996,0.03839063113441412
-4000214.821482153,0.0384292766683875
-4000160.216021607,0.03846810417221966
-4000105.610561061,0.03850710931895267
-4000051.005100515,0.03854628772542566
-3999996.399639969,0.03858563495298399
-3999941.794179423,0.038625146508203825
-3999887.188718877,0.03866481784363023
-3999832.583258331,0.03870464435853376
-3999777.977797785,0.038744621399678596
-3999723.372337239,0.0387847442621071
-3999668.766876693,0.03882500818993874
-3999614.161416147,0.03886540837718335
-3999559.5559556005,0.03890593996856912
-3999504.9504950545,0.038946598060382885
-3999450.3450345085,0.03898737770132782
-3999395.7395739625,0.03902827389339145
-3999341.1341134165,0.03906928159272892
-3999286.52865287,0.03911039571055962
-3999231.923192324,0.03915161111407527
-3999177.317731778,0.03919292262736447
-3999122.712271232,0.0392343250323465
-3999068.106810686,0.03927581306971946
-3999013.50135014,0.03931738143992041
-3998958.895889594,0.03935902480409766
-3998904.290429048,0.039400737785095355
-3998849.684968502,0.03944251496844791
-3998795.079507956,0.039484350903389635
-3998740.47404741,0.0395262401038719
-3998685.868586864,0.039568177049593214
-3998631.2631263174,0.03961015618704004
-3998576.6576657714,0.039652171930536356
-3998522.0522052255,0.03969421866330722
-3998467.4467446795,0.03973629073854865
-3998412.8412841335,0.039778382480509286
-3998358.2358235875,0.03982048818558111
-3998303.6303630415,0.03986260212339961
-3998249.024902495,0.039904718537953285
-3998194.419441949,0.03994683164870019
-3998139.813981403,0.03998893565169662
-3998085.208520857,0.040031024720730383
-3998030.603060311,0.040073093008464074
-3997975.9975997647,0.04011513464758587
-3997921.3921392187,0.040157143751966135
-3997866.786678673,0.04019911441782477
-3997812.181218127,0.04024104072490185
-3997757.575757581,0.040282916737636766
-3997702.970297035,0.04032473650635328
-3997648.364836489,0.04036649406845071
-3997593.7593759424,0.04040818344960123
-3997539.1539153964,0.04044979866495089
-3997484.5484548504,0.040491333720329384
-3997429.9429943045,0.040532782613461216
-3997375.3375337585,0.04057413933518324
-3997320.7320732125,0.04061539787066614
-3997266.126612666,0.04065655220064039
-3997211.52115212,0.04069759630262405
-3997156.915691574,0.04073852415215765
-3997102.310231028,0.04077932972403857
-3997047.704770482,0.04082000699356011
-3996993.099309936,0.04086054993775265
-3996938.4938493897,0.04090095253662744
-3996883.8883888437,0.040941208774420576
-3996829.2829282978,0.04098131264084195
-3996774.677467752,0.04102125813232219
-3996720.072007206,0.041061039253262245
-3996665.46654666,0.041100650017283274
-3996610.8610861134,0.041140084448477346
-3996556.2556255674,0.04117933658265645
-3996501.6501650214,0.04121840046860465
-3996447.0447044754,0.04125727016932634
-3996392.4392439295,0.041295939763295306
-3996337.8337833835,0.04133440334570223
-3996283.228322837,0.041372655029701146
-3996228.622862291,0.04141068894765236
-3996174.017401745,0.04144849925236656
-3996119.411941199,0.04148608011834327
-3996064.806480653,0.0415234257430082
-3996010.201020107,0.04156053034794719
-3995955.5955595607,0.041597388180137154
-3995900.9900990147,0.041633993513171805
-3995846.3846384687,0.04167034064848652
-3995791.7791779228,0.04170642391657584
-3995737.173717377,0.041742237678207894
-3995682.568256831,0.04177777632563365
-3995627.9627962844,0.04181303428379131
-3995573.3573357384,0.04184800601150365
-3995518.7518751924,0.041882686002672594
-3995464.1464146464,0.04191706878746466
-3995409.5409541004,0.04195114893349152
-3995354.9354935545,0.04198492104698357
-3995300.330033008,0.042018379773956734
-3995245.724572462,0.04205151980137059
-3995191.119111916,0.04208433585828177
-3995136.51365137,0.042116822716986545
-3995081.908190824,0.042148975194156744
-3995027.302730278,0.04218078815196686
-3994972.697269732,0.04221225649921246
-3994918.0918091857,0.04224337519241975
-3994863.4863486397,0.04227413923694458
-3994808.8808880937,0.04230454368806438
-3994754.2754275477,0.0423345836520577
-3994699.669967002,0.04236425428727479
-3994645.0645064553,0.04239355080519781
-3994590.4590459093,0.04242246847148908
-3994535.8535853634,0.04245100260703078
-3994481.2481248174,0.04247914858895103
-3994426.6426642714,0.04250690185163959
-3994372.0372037254,0.04253425788775169
-3994317.4317431794,0.04256121224919967
-3994262.826282633,0.04258776054813267
-3994208.220822087,0.04261389845790268
-3994153.615361541,0.04263962171402
-3994099.009900995,0.04266492611509345
-3994044.404440449,0.04268980752375842
-3993989.7989799026,0.042714261867591474
-3993935.1935193567,0.04273828514001002
-3993880.5880588107,0.04276187340116026
-3993825.9825982647,0.042785022778788706
-3993771.3771377187,0.042807729469100435
-3993716.7716771727,0.042829989737602346
-3993662.1662166268,0.04285179991993168
-3993607.5607560803,0.04287315642266956
-3993552.9552955343,0.04289405572413835
-3993498.3498349884,0.042914494375185304
-3993443.7443744424,0.04293446899994879
-3993389.1389138964,0.04295397629660934
-3993334.53345335,0.042973013038124806
-3993279.927992804,0.04299157607294822
-3993225.322532258,0.04300966232573092
-3993170.717071712,0.043027268798007376
-3993116.111611166,0.04304439256886395
-3993061.50615062,0.043061030795590545
-3993006.900690074,0.04307718071431503
-3992952.2952295276,0.04309283964062049
-3992897.6897689817,0.04310800497014428
-3992843.0843084357,0.04312267417916081
-3992788.4788478897,0.043136844825145085
-3992733.8733873437,0.04315051454731905
-3992679.2679267973,0.0431636810671798
-3992624.6624662513,0.04317634218900893
-3992570.0570057053,0.043188495800364754
-3992515.4515451593,0.04320013987255477
-3992460.8460846134,0.04321127246109019
-3992406.2406240674,0.04322189170612151
-3992351.6351635214,0.04323199583285535
-3992297.029702975,0.04324158315195232
-3992242.424242429,0.04325065205990543
-3992187.818781883,0.0432592010394002
-3992133.213321337,0.04326722865965467
-3992078.607860791,0.043274733576740464
-3992024.0024002446,0.0432817145338844
-3991969.3969396986,0.04328817036175034
-3991914.7914791526,0.04329409997870202
-3991860.1860186066,0.04329950239104563
-3991805.5805580607,0.04330437669325298
-3991750.9750975147,0.0433087220681649
-3991696.3696369687,0.04331253778717471
-3991641.7641764223,0.04331582321039194
-3991587.1587158763,0.04331857778678593
-3991532.5532553303,0.043320801054309827
-3991477.9477947843,0.043322492640004234
-3991423.3423342383,0.043323652260081086
-3991368.736873692,0.04332427971998737
-3991314.131413146,0.04332437491444885
-3991259.5259526,0.04332393782749376
-3991204.920492054,0.04332296853245635
-3991150.315031508,0.04332146719196043
-3991095.709570962,0.043319434057882786
-3991041.104110416,0.04331686947129667
-3990986.4986498696,0.043313773862395044
-3990931.8931893236,0.04331014775039411
-3990877.2877287776,0.043305991743416455
-3990822.6822682316,0.04330130653835457
-3990768.0768076857,0.04329609292071428
-3990713.471347139,0.04329035176443827
-3990658.8658865932,0.04328408403171
-3990604.2604260473,0.04327729077273742
-3990549.6549655013,0.04326997312551729
-3990495.0495049553,0.043262132315579745
-3990440.4440444093,0.043253769655713176
-3990385.8385838633,0.043244886545669686
-3990331.233123317,0.04323548447185091
-3990276.627662771,0.043225565006974935
-3990222.022202225,0.0432151298097231
-3990167.416741679,0.0432041806243684
-3990112.811281133,0.04319271928038439
-3990058.2058205865,0.04318074769203509
-3990003.6003600406,0.04316826785794649
-3989948.9948994946,0.043155281860658264
-3989894.3894389486,0.04314179186615784
-3989839.7839784026,0.04312780012339541
-3989785.1785178566,0.04311330896378067
-3989730.5730573107,0.0430983208006612
-3989675.967596764,0.04308283812878265
-3989621.362136218,0.0430668635237315
-3989566.7566756723,0.04305039964135874
-3989512.1512151263,0.04303344921718703
-3989457.5457545803,0.04301601506579971
-3989402.940294034,0.042998100080212445
-3989348.334833488,0.042979707231228285
-3989293.729372942,0.0429608395667742
-3989239.123912396,0.042941500211222214
-3989184.51845185,0.042921692364693106
-3989129.912991304,0.04290141930234365
-3989075.307530758,0.04288068437363757
-3989020.7020702115,0.04285949100160009
-3988966.0966096655,0.042837842682057446
-3988911.4911491196,0.04281574298285885
-3988856.8856885736,0.04279319554308459
-3988802.2802280276,0.04277020407223798
-3988747.674767481,0.042746772349422014
-3988693.069306935,0.042722904222502155
-3988638.463846389,0.04269860360725238
-3988583.858385843,0.04267387448648867
-3988529.2529252972,0.042648720909187275
-3988474.6474647513,0.042623146989589064
-3988420.0420042053,0.04259715690629013
-3988365.436543659,0.04257075490131846
-3988310.831083113,0.042543945279198504
-3988256.225622567,0.042516732406000284
-3988201.620162021,0.04248912070837793
-3988147.014701475,0.04246111467259447
-3988092.409240929,0.04243271884353446
-3988037.8037803825,0.04240393782370427
-3987983.1983198365,0.042374776272221734
-3987928.5928592905,0.04234523890379174
-3987873.9873987446,0.042315330487672956
-3987819.3819381986,0.04228505584663221
-3987764.7764776526,0.04225441985588843
-3987710.171017106,0.04222342744204561
-3987655.56555656,0.04219208358201702
-3987600.960096014,0.04216039330193669
-3987546.354635468,0.042128361676063826
-3987491.7491749222,0.04209599382567654
-3987437.1437143763,0.04206329491795667
-3987382.53825383,0.042030270164865435
-3987327.932793284,0.04199692482201202
-3987273.327332738,0.04196326418751092
-3987218.721872192,0.041929293600834264
-3987164.116411646,0.041895018441654934
-3987109.5109511,0.04186044412868259
-3987054.9054905535,0.041825576118492275
-3987000.3000300075,0.041790419904347745
-3986945.6945694615,0.04175498101501528
-3986891.0891089155,0.04171926501357422
-3986836.4836483696,0.041683277496220174
-3986781.8781878236,0.041647024091062905
-3986727.272727277,0.04161051045691854
-3986672.667266731,0.04157374228209844
-3986618.061806185,0.04153672528319017
-3986563.456345639,0.041499465203837245
-3986508.850885093,0.04146196781351325
-3986454.245424547,0.041424238906292495
-3986399.639964001,0.04138628429961685
-3986345.034503455,0.04134810983306109
-3986290.429042909,0.0413097213670922
-3986235.823582363,0.041271124781829246
-3986181.218121817,0.041232325975799594
-3986126.612661271,0.04119333086469341
-3986072.0072007244,0.04115414538011627
-3986017.4017401785,0.04111477546834218
-3985962.7962796325,0.04107522708906224
-3985908.1908190865,0.04103550621413602
-3985853.5853585405,0.04099561882634088
-3985798.9798979945,0.04095557091812161
-3985744.3744374486,0.040915368490340304
-3985689.768976902,0.04087501755102653
-3985635.163516356,0.040834524114129994
-3985580.55805581,0.040793894198271105
-3985525.952595264,0.04075313382549634
-3985471.347134718,0.040712249020033786
-3985416.7416741718,0.040671245807050754
-3985362.136213626,0.040630130211415566
-3985307.53075308,0.04058890825645858
-3985252.925292534,0.04054758596273972
-3985198.319831988,0.040506169346817576
-3985143.714371442,0.04046466442002249
-3985089.108910896,0.0404230771872336
-3985034.5034503494,0.040381413645659656
-3984979.8979898035,0.040339679783626264
-3984925.2925292575,0.040297881579364245
-3984870.6870687115,0.04025602499980675
-3984816.0816081655,0.04021411599938998
-3984761.476147619,0.040172160518859495
-3984706.870687073,0.04013016448408443
-3984652.265226527,0.040088133804874235
-3984597.659765981,0.04004607437380564
-3984543.054305435,0.04000399206505458
-3984488.448844889,0.0399618927332356
-3984433.843384343,0.03991978221224862
-3984379.2379237968,0.039877666314132976
-3984324.632463251,0.039835550827931165
-3984270.027002705,0.03979344151855722
-3984215.421542159,0.039751344125677046
-3984160.816081613,0.03970926436259577
-3984106.2106210664,0.03966720791515392
-3984051.6051605204,0.0396251804406348
-3983996.9996999744,0.03958318756667759
-3983942.3942394285,0.03954123489020386
-3983887.7887788825,0.03949932797635224
-3983833.1833183365,0.039457472357423716
-3983778.5778577905,0.039415673531837295
-3983723.972397244,0.03937393696309613
-3983669.366936698,0.03933226807876628
-3983614.761476152,0.039290672269463166
-3983560.156015606,0.039249154887852876
-3983505.55055506,0.03920772124766345
-3983450.9450945137,0.03916637662270791
-3983396.3396339677,0.03912512624592116
-3983341.7341734217,0.039083975308405676
-3983287.128712876,0.03904292895849314
-3983232.52325233,0.039001992300817065
-3983177.917791784,0.038961170395398696
-3983123.312331238,0.03892046825674592
-3983068.7068706914,0.03887989085296524
-3983014.1014101454,0.0388394431048889
-3982959.4959495994,0.038799129885212225
-3982904.8904890534,0.038758956017648345
-3982850.2850285075,0.038718926276095154
-3982795.679567961,0.038679045383816536
-3982741.074107415,0.03863931801263968
-3982686.468646869,0.03859974878216352
-3982631.863186323,0.038560342258985324
-3982577.257725777,0.03852110295594045
-3982522.652265231,0.038482035331357474
-3982468.046804685,0.038443143788328464
-3982413.4413441387,0.03840443267399433
-3982358.8358835927,0.0383659062788472
-3982304.2304230467,0.038327568836045184
-3982249.6249625008,0.0382894245207461
-3982195.019501955,0.03825147744945548
-3982140.4140414083,0.0382137316793905
-3982085.8085808624,0.038176191207861726
-3982031.2031203164,0.03813885997166772
-3981976.5976597704,0.03810174184650937
-3981921.9921992244,0.038064840646418865
-3981867.3867386784,0.03802816012320569
-3981812.7812781325,0.03799170396591908
-3981758.175817586,0.03795547580032709
-3981703.57035704,0.03791947918841382
-3981648.964896494,0.037883717627890535
-3981594.359435948,0.03784819455172689
-3981539.753975402,0.0378129133276975
-3981485.1485148557,0.03777787725794578
-3981430.5430543097,0.03774308957856632
-3981375.9375937637,0.03770855345920159
-3981321.3321332177,0.03767427200265887
-3981266.7266726717,0.03764024824454295
-3981212.1212121258,0.037606485152906634
-3981157.51575158,0.03757298562791854
-3981102.9102910333,0.03753975250154806
-3981048.3048304874,0.0375067885372693
-3980993.6993699414,0.03747409642977953
-3980939.0939093954,0.037441678804738136
-3980884.4884488494,0.03740953821852157
-3980829.882988303,0.03737767715799587
-3980775.277527757,0.037346098040308154
-3980720.672067211,0.03731480321269281
-3980666.066606665,0.03728379495229804
-3980611.461146119,0.03725307546602854
-3980556.855685573,0.03722264689040596
-3980502.250225027,0.03719251129144686
-3980447.6447644806,0.03716267066455789
-3980393.0393039347,0.037133126934449666
-3980338.4338433887,0.03710388195506553
-3980283.8283828427,0.03707493750953023
-3980229.2229222967,0.03704629531011465
-3980174.6174617503,0.03701795699821779
-3980120.0120012043,0.036989924144367296
-3980065.4065406583,0.03696219824823462
-3980010.8010801123,0.03693478073866984
-3979956.1956195664,0.03690767297375219
-3979901.5901590204,0.03688087624085793
-3979846.9846984744,0.03685439175674507
-3979792.379237928,0.03682822066765466
-3979737.773777382,0.03680236404943007
-3979683.168316836,0.03677682290765052
-3979628.56285629,0.036751598177783576
-3979573.957395744,0.03672669072535292
-3979519.3519351976,0.03670210134612251
-3979464.7464746516,0.03667783076629806
-3979410.1410141056,0.03665387964274262
-3979355.5355535597,0.03663024856321026
-3979300.9300930137,0.03660693804659465
-3979246.3246324677,0.03658394854319369
-3979191.7191719217,0.036561280434989775
-3979137.1137113753,0.03653893403594549
-3979082.5082508293,0.03651690959231564
-3979027.9027902833,0.03649520728297268
-3978973.2973297373,0.03647382721974923
-3978918.6918691914,0.036452769447794596
-3978864.0864086454,0.03643203394594637
-3978809.480948099,0.0364116206271166
-3978754.875487553,0.0363915293386933
-3978700.270027007,0.03637175986295474
-3978645.664566461,0.03635231191749956
-3978591.059105915,0.03633318515569025
-3978536.453645369,0.036314379167110576
-3978481.8481848226,0.036295893478036655
-3978427.2427242766,0.03627772755192234
-3978372.6372637306,0.03625988078989643
-3978318.0318031847,0.03624235253127463
-3978263.4263426387,0.03622514205408377
-3978208.8208820927,0.03620824857559897
-3978154.2154215463,0.03619167125289332
-3978099.6099610003,0.03617540918340071
-3978045.0045004543,0.03615946140548948
-3977990.3990399083,0.03614382689904956
-3977935.7935793623,0.03612850458609069
-3977881.1881188164,0.036113493331352504
-3977826.58265827,0.03609879194292585
-3977771.977197724,0.03608439917288601
-3977717.371737178,0.03607031371793565
-3977662.766276632,0.036056534220059853
-3977608.160816086,0.03604305926719108
-3977553.55535554,0.03602988739388463
-3977498.9498949936,0.03601701708200415
-3977444.3444344476,0.0360044467614176
-3977389.7389739016,0.035992174810701785
-3977335.1335133556,0.035980199557857556
-3977280.5280528096,0.03596851928103355
-3977225.9225922637,0.035957132209259196
-3977171.317131717,0.03594603652318631
-3977116.7116711712,0.03593523035583973
-3977062.1062106253,0.03592471179337534
-3977007.5007500793,0.03591447887584708
-3976952.8952895333,0.03590452959798129
-3976898.2898289873,0.035894861909958824
-3976843.684368441,0.03588547371820434
-3976789.078907895,0.035876362886183163
-3976734.473447349,0.03586752723520418
-3976679.867986803,0.03585896454523016
-3976625.262526257,0.035850672555694046
-3976570.657065711,0.03584264896632146
-3976516.051605165,0.03583489143795909
-3976461.4461446186,0.035827397593408625
-3976406.8406840726,0.03582016501826639
-3976352.2352235266,0.03581319126176752
-3976297.6297629806,0.03580647383763557
-3976243.0243024346,0.03580001022493653
-3976188.418841888,0.03579379786893715
-3976133.813381342,0.03578783418196768
-3976079.2079207962,0.03578211654428803
-3976024.6024602503,0.03577664230495792
-3975969.9969997043,0.03577140878271031
-3975915.3915391583,0.035766413266827904
-3975860.7860786123,0.035761653018022525
-3975806.180618066,0.03575712526931708
-3975751.57515752,0.03575282722693012
-3975696.969696974,0.03574875607116203
-3975642.364236428,0.03574490895728355
-3975587.758775882,0.03574128301642569
-3975533.1533153355,0.035737875356470994
-3975478.5478547895,0.03573468306294604
-3975423.9423942436,0.03573170319991458
-3975369.3369336976,0.035728932810871486
-3975314.7314731516,0.035726368919636986
-3975260.1260126056,0.035724008531251024
-3975205.5205520596,0.035721848632867446
-3975150.915091513,0.035719886194647874
-3975096.309630967,0.035718118170654935
-3975041.704170421,0.035716541499744583
-3974987.0987098753,0.03571515310645737
-3974932.4932493293,0.03571394990190834
-3974877.887788783,0.03571292878467535
-3974823.282328237,0.03571208664168559
-3974768.676867691,0.03571142034909996
-3974714.071407145,0.03571092677319523
-3974659.465946599,0.03571060277124364
-3974604.860486053,0.03571044519238975
-3974550.255025507,0.03571045087852427
-3974495.6495649605,0.0357106166651547
-3974441.0441044145,0.0357109393822725
-3974386.4386438685,0.035711415855216595
-3974331.8331833226,0.03571204290553299
-3974277.2277227766,0.03571281735183027
-3974222.62226223,0.03571373601063075
-3974168.016801684,0.03571479569721706
-3974113.411341138,0.035715993226474035
-3974058.805880592,0.03571732541372554
-3974004.200420046,0.03571878907556615
-3973949.5949595002,0.03572038103068741
-3973894.9894989543,0.03572209810069854
-3973840.384038408,0.035723937110941295
-3973785.778577862,0.03572589489129876
-3973731.173117316,0.03572796827699812
-3973676.56765677,0.035730154109406845
-3973621.962196224,0.03573244923682239
-3973567.3567356775,0.03573485051525508
-3973512.7512751315,0.03573735480920397
-3973458.1458145855,0.03573995899242572
-3973403.5403540395,0.035742659948695965
-3973348.9348934935,0.035745454572563215
-3973294.3294329476,0.03574833977009514
-3973239.7239724016,0.035751312459616894
-3973185.118511855,0.03575436957244152
-3973130.513051309,0.03575750805359194
-3973075.907590763,0.035760724862514935
-3973021.302130217,0.03576401697378626
-3972966.696669671,0.035767381377807286
-3972912.091209125,0.035770815081492734
-3972857.485748579,0.03577431510894933
-3972802.880288033,0.03577787850214563
-3972748.274827487,0.035781502321572206
-3972693.669366941,0.03578518364689266
-3972639.063906395,0.03578891957758495
-3972584.458445849,0.0357927072335731
-3972529.8529853025,0.035796543755849106
-3972475.2475247565,0.0358004263070847
-3972420.6420642105,0.03580435207223341
-3972366.0366036645,0.03580831825912207
-3972311.4311431185,0.03581232209903219
-3972256.825682572,0.035816360847270926
-3972202.220222026,0.035820431783731295
-3972147.61476148,0.03582453221344218
-3972093.009300934,0.03582865946710715
-3972038.403840388,0.03583281090163267
-3971983.798379842,0.03583698390064534
-3971929.192919296,0.03584117587499808
-3971874.58745875,0.035845384263265244
-3971819.981998204,0.035849606532226394
-3971765.376537658,0.03585384017733906
-3971710.771077112,0.03585808272319986
-3971656.165616566,0.035862331723994376
-3971601.5601560194,0.03586658476393544
-3971546.9546954734,0.03587083945768978
-3971492.3492349274,0.035875093450793316
-3971437.7437743815,0.03587934442005445
-3971383.1383138355,0.03588359007394579
-3971328.5328532895,0.035887828152984
-3971273.9273927435,0.0358920564300979
-3971219.321932197,0.035896272710984625
-3971164.716471651,0.03590047483445373
-3971110.111011105,0.035904660672759686
-3971055.505550559,0.035908828131922
-3971000.900090013,0.03591297515203355
-3970946.2946294667,0.03591709970755684
-3970891.6891689207,0.035921199807607974
-3970837.0837083748,0.035925273496228975
-3970782.478247829,0.03592931885264761
-3970727.872787283,0.03593333399152527
-3970673.267326737,0.03593731706319277
-3970618.661866191,0.035941266253873935
-3970564.0564056444,0.03594517978589721
-3970509.4509450984,0.035949055917894886
-3970454.8454845524,0.035952892944990655
-3970400.2400240065,0.03595668919897469
-3970345.6345634605,0.035960443048466816
-3970291.029102914,0.03596415289906765
-3970236.423642368,0.035967817193497544
-3970181.818181822,0.03597143441172381
-3970127.212721276,0.035975003071075706
-3970072.60726073,0.035978521726347586
-3970018.001800184,0.03598198896989016
-3969963.396339638,0.03598540343168984
-3969908.7908790917,0.03598876377943633
-3969854.1854185457,0.03599206871857828
-3969799.5799579998,0.03599531699236753
-3969744.974497454,0.03599850738189133
-3969690.369036908,0.03600163870609319
-3969635.7635763614,0.03600470982178208
-3969581.1581158154,0.03600771962363007
-3969526.5526552694,0.03601066704415877
-3969471.9471947234,0.036013551053714184
-3969417.3417341774,0.0360163706604304
-3969362.7362736315,0.03601912491018206
-3969308.1308130855,0.03602181288652571
-3969253.525352539,0.03602443371063006
-3969198.919891993,0.036026986541195336
-3969144.314431447,0.03602947057436178
-3969089.708970901,0.036031885043607326
-3969035.103510355,0.036034229219634596
-3968980.498049809,0.03603650241024734
-3968925.8925892627,0.036038703960216384
-3968871.2871287167,0.03604083325113508
-3968816.6816681707,0.03604288970126474
-3968762.0762076247,0.036044872765369614
-3968707.470747079,0.03604678193454196
-3968652.865286533,0.03604861673601713
-3968598.2598259863,0.03605037673297884
-3968543.6543654404,0.03605206152435465
-3968489.0489048944,0.03605367074460199
-3968434.4434443484,0.03605520406348455
-3968379.8379838024,0.03605666118583948
-3968325.2325232564,0.03605804185133522
-3968270.62706271,0.03605934583422036
-3968216.021602164,0.036060572943063446
-3968161.416141618,0.03606172302048408
-3968106.810681072,0.036062795942875196
-3968052.205220526,0.03606379162011688
-3967997.59975998,0.03606470999528174
-3967942.9942994337,0.036065551044332025
-3967888.3888388877,0.03606631477580858
-3967833.7833783417,0.03606700123051191
-3967779.1779177957,0.036067610481175294
-3967724.5724572497,0.03606814263213032
-3967669.9669967038,0.036068597818964834
-3967615.3615361573,0.03606897620817351
-3967560.7560756113,0.03606927799680121
-3967506.1506150654,0.0360695034120793
-3967451.5451545194,0.03606965271105497
-3967396.9396939734,0.03606972618021393
-3967342.3342334274,0.03606972413509635
-3967287.728772881,0.03606964691990651
-3967233.123312335,0.0360694949071161
-3967178.517851789,0.03606926849706144
-3967123.912391243,0.03606896811753474
-3967069.306930697,0.036068594223369575
-3967014.701470151,0.0360681472960208
-3966960.0960096046,0.03606762784313894
-3966905.4905490587,0.03606703639813938
-3966850.8850885127,0.036066373519766395
-3966796.2796279667,0.036065639791652254
-3966741.6741674207,0.03606483582187159
-3966687.0687068747,0.0360639622424911
-3966632.4632463288,0.036063019709114956
-3966577.8577857823,0.03606200890042575
-3966523.2523252363,0.03606093051772163
-3966468.6468646904,0.03605978528444925
-3966414.0414041444,0.036058573945733245
-3966359.4359435984,0.03605729726790194
-3966304.830483052,0.03605595603800977
-3966250.225022506,0.03605455106335658
-3966195.61956196,0.03605308317100365
-3966141.014101414,0.03605155320728708
-3966086.408640868,0.036049962037328416
-3966031.803180322,0.03604831054454271
-3965977.197719776,0.03604659963014431
-3965922.5922592296,0.03604483021265047
-3965867.9867986836,0.036043003227382985
-3965813.3813381377,0.036041119625967934
-3965758.7758775917,0.03603918037583386
-3965704.1704170457,0.036037186459708485
-3965649.5649564993,0.03603513887511404
-3965594.9594959533,0.03603303863386162
-3965540.3540354073,0.03603088676154439
-3965485.7485748613,0.03602868429703019
-3965431.1431143153,0.03602643229195341
-3965376.5376537694,0.0360241318102065
-3965321.9321932234,0.03602178392743114
-3965267.326732677,0.03601938973050934
-3965212.721272131,0.036016950317054666
-3965158.115811585,0.036014466794903534
-3965103.510351039,0.03601194028160703
-3965048.904890493,0.036009371903923275
-3964994.2994299466,0.03600676279731044
-3964939.6939694006,0.03600411410542078
-3964885.0885088546,0.03600142697959555
-3964830.4830483086,0.0359987025783612
-3964775.8775877627,0.035995942066927
-3964721.2721272167,0.035993146616684096
-3964666.6666666707,0.03599031740470627
-3964612.0612061243,0.03598745561325251
-3964557.4557455783,0.03598456242927173
-3964502.8502850323,0.03598163904390929
-3964448.2448244863,0.035978686652016145
-3964393.6393639403,0.03597570645166027
-3964339.033903394,0.03597269964364064
-3964284.428442848,0.03596966743100412
-3964229.822982302,0.03596661101856496
-3964175.217521756,0.035963531612427525
-3964120.61206121,0.03596043041951209
-3964066.006600664,0.03595730864708398
-3964011.401140118,0.035954167502286055
-3963956.7956795716,0.03595100819167486
-3963902.1902190256,0.03594783192076049
-3963847.5847584796,0.035944639893550095
-3963792.9792979336,0.03594143331209559
-3963738.3738373877,0.03593821337604533
-3963683.768376841,0.035934981282199976
-3963629.162916295,0.03593173822407286
-3963574.5574557493,0.03592848539145452
-3963519.9519952033,0.03592522396998209
-3963465.3465346573,0.035921955140713245
-3963410.7410741113,0.035918680079705015
-3963356.1356135653,0.03591539995759742
-3963301.530153019,0.03591211593920225
-3963246.924692473,0.03590882918309703
-3963192.319231927,0.035905540841223924
-3963137.713771381,0.035902252058494386
-3963083.108310835,0.035898963972399
-3963028.5028502885,0.03589567771262293
-3962973.8973897425,0.03589239440066714
-3962919.2919291966,0.03588911514947506
-3962864.6864686506,0.035885841063065374
-3962810.0810081046,0.035882573236170584
-3962755.4755475586,0.035879312753881606
-3962700.8700870126,0.03587606069129844
-3962646.264626466,0.035872818113187
-3962591.65916592,0.035869586073642316
-3962537.0537053742,0.03586636561575781
-3962482.4482448283,0.035863157771301196
-3962427.8427842823,0.03585996356039678
-3962373.237323736,0.035856783991214225
-3962318.63186319,0.03585362005966413
-3962264.026402644,0.03585047274909994
-3962209.420942098,0.03584734303002691
-3962154.815481552,0.03584423185981767
-3962100.210021006,0.035841140182434734
-3962045.60456046,0.03583806892815979
-3961990.9990999135,0.03583501901333007
-3961936.3936393675,0.03583199134008165
-3961881.7881788216,0.03582898679609974
-3961827.1827182756,0.035826006254376146
-3961772.5772577296,0.0358230505729738
-3961717.971797183,0.03582012059479848
-3961663.366336637,0.03581721714737775
-3961608.760876091,0.035814341042647004
-3961554.155415545,0.03581149307674291
-3961499.5499549992,0.035808674029804075
-3961444.9444944533,0.035805884665779
-3961390.3390339073,0.03580312573224141
-3961335.733573361,0.035800397960212865
-3961281.128112815,0.035797702063992874
-3961226.522652269,0.03579503874099616
-3961171.917191723,0.03579240867159752
-3961117.311731177,0.03578981251898399
-3961062.7062706305,0.035787250929014414
-3961008.1008100845,0.0357847245300865
-3960953.4953495385,0.03578223393301111
-3960898.8898889925,0.035779779730894135
-3960844.2844284466,0.03577736249902569
-3960789.6789679006,0.03577498279477667
-3960735.0735073546,0.03577264115750281
-3960680.468046808,0.03577033810845594
-3960625.862586262,0.03576807415070281
-3960571.257125716,0.035765849769051054
-3960516.65166517,0.03576366542998259
-3960462.046204624,0.03576152158159434
-3960407.440744078,0.03575941865354611
-3960352.835283532,0.0357573570570159
-3960298.229822986,0.03575533718466222
-3960243.62436244,0.03575335941059377
-3960189.018901894,0.0357514240903462
-3960134.413441348,0.035749531560866
-3960079.807980802,0.03574768214050146
-3960025.2025202555,0.03574587612900072
-3959970.5970597095,0.0357441138075168
-3959915.9915991635,0.035742395438619484
-3959861.3861386175,0.03574072126631429
-3959806.7806780715,0.03573909151606818
-3959752.1752175256,0.03573750639484209
-3959697.569756979,0.03573596609113022
-3959642.964296433,0.0357344707750061
-3959588.358835887,0.03573302059817514
-3959533.753375341,0.03573161569403387
-3959479.147914795,0.03573025617773574
-3959424.542454249,0.035728942146263216
-3959369.936993703,0.03572767367850644
-3959315.331533157,0.03572645083534813
-3959260.726072611,0.03572527365975471
-3959206.120612065,0.035724142176873655
-3959151.515151519,0.03572305639413699
-3959096.909690973,0.03572201630137075
-3959042.3042304264,0.035721021870910426
-3958987.6987698805,0.035720073057722346
-3958933.0933093345,0.03571916979953075
-3958878.4878487885,0.03571831201695069
-3958823.8823882425,0.035717499613626504
-3958769.2769276965,0.03571673247637588
-3958714.67146715,0.03571601047533935
-3958660.066006604,0.03571533346413525
-3958605.460546058,0.03571470128001984
-3958550.855085512,0.035714113744052714
-3958496.249624966,0.03571357066126733
-3958441.64416442,0.035713071820846515
-3958387.0387038738,0.0357126169963029
-3958332.433243328,0.035712205945664204
-3958277.827782782,0.03571183841166324
-3958223.222322236,0.03571151412193253
-3958168.61686169,0.03571123278920351
-3958114.011401144,0.03571099411151011
-3958059.4059405974,0.035710797772396705
-3958004.8004800514,0.0357106434411303
-3957950.1950195055,0.03571053077291679
-3957895.5895589595,0.03571045940912135
-3957840.9840984135,0.03571042897749262
-3957786.3786378675,0.03571043909239082
-3957731.773177321,0.03571048935501948
-3957677.167716775,0.03571057935366082
-3957622.562256229,0.03571070866391465
-3957567.956795683,0.035710876848940566
-3957513.351335137,0.0357110834597035
-3957458.745874591,0.03571132803522243
-3957404.140414045,0.03571161010282208
-3957349.5349534987,0.03571192917838766
-3957294.929492953,0.03571228476662235
-3957240.324032407,0.03571267636130757
-3957185.718571861,0.03571310344556583
-3957131.113111315,0.03571356549212606
-3957076.5076507684,0.03571406196359138
-3957021.9021902224,0.03571459231270907
-3956967.2967296764,0.035715155982642764
-3956912.6912691304,0.03571575240724665
-3956858.0858085845,0.0357163810113416
-3956803.4803480385,0.035717041210993124
-3956748.8748874925,0.03571773241379104
-3956694.269426946,0.03571845401913072
-3956639.6639664,0.035719205418495804
-3956585.058505854,0.035719985995742304
-3956530.453045308,0.03572079512738392
-3956475.847584762,0.035721632182878535
-3956421.2421242157,0.03572249652491567
-3956366.6366636697,0.03572338750970491
-3956312.0312031237,0.03572430448726511
-3956257.4257425778,0.03572524680171423
-3956202.820282032,0.03572621379155986
-3956148.214821486,0.03572720478999006
-3956093.60936094,0.03572821912516465
-3956039.0039003934,0.03572925612050672
-3955984.3984398474,0.035730315094994226
-3955929.7929793014,0.035731395363451664
-3955875.1875187554,0.0357324962368416
-3955820.5820582095,0.035733617022556015
-3955765.976597663,0.03573475702470739
-3955711.371137117,0.035735915544419246
-3955656.765676571,0.035737091880116346
-3955602.160216025,0.03573828532781411
-3955547.554755479,0.03573949518140736
-3955492.949294933,0.03574072073295824
-3955438.343834387,0.03574196127298318
-3955383.7383738407,0.03574321609073881
-3955329.1329132947,0.03574448447450669
-3955274.5274527487,0.03574576571187693
-3955219.9219922028,0.03574705909003028
-3955165.316531657,0.03574836389601892
-3955110.7110711103,0.035749679417045634
-3955056.1056105644,0.035751004940741335
-3955001.5001500184,0.035752339755440954
-3954946.8946894724,0.03575368315045738
-3954892.2892289264,0.03575503441635353
-3954837.6837683804,0.035756392845212426
-3954783.0783078345,0.03575775773090512
-3954728.472847288,0.035759128369356484
-3954673.867386742,0.0357605040588086
-3954619.261926196,0.03576188410008198
-3954564.65646565,0.03576326779683409
-3954510.051005104,0.03576465445581557
-3954455.4455445576,0.035766043387123636
-3954400.8400840117,0.03576743390445283
-3954346.2346234657,0.03576882532534313
-3954291.6291629197,0.03577021697142496
-3954237.0237023737,0.03577160816866145
-3954182.4182418277,0.035772998247587555
-3954127.812781282,0.035774386543546165
-3954073.2073207353,0.035775772396921014
-3954018.6018601893,0.035777155153366325
-3953963.9963996434,0.03577853416403324
-3953909.3909390974,0.03577990878579277
-3953854.7854785514,0.035781278381455374
-3953800.180018005,0.03578264231998703
-3953745.574557459,0.03578399997672166
-3953690.969096913,0.03578535073357005
-3953636.363636367,0.035786693979225015
-3953581.758175821,0.03578802910936277
-3953527.152715275,0.03578935552684056
-3953472.547254729,0.035790672641890446
-3953417.9417941826,0.03579197987230913
-3953363.3363336367,0.03579327664364376
-3953308.7308730907,0.03579456238937392
-3953254.1254125447,0.03579583655108932
-3953199.5199519987,0.03579709857866353
-3953144.9144914523,0.03579834793042355
-3953090.3090309063,0.03579958407331505
-3953035.7035703603,0.03580080648306358
-3952981.0981098143,0.035802014644331324
-3952926.4926492684,0.03580320805086966
-3952871.8871887224,0.035804386205667296
-3952817.2817281764,0.035805548621094065
-3952762.67626763,0.03580669481904028
-3952708.070807084,0.03580782433105164
-3952653.465346538,0.03580893669845971
-3952598.859885992,0.035810031472507865
-3952544.254425446,0.03581110821447266
-3952489.6489648996,0.035812166495780784
-3952435.0435043536,0.03581320589812126
-3952380.4380438076,0.035814226013553246
-3952325.8325832617,0.03581522644460913
-3952271.2271227157,0.03581620680439298
-3952216.6216621697,0.03581716671667441
-3952162.0162016237,0.0358181058159778
-3952107.4107410773,0.03581902374766684
-3952052.8052805313,0.03581992016802434
-3951998.1998199853,0.03582079474432757
-3951943.5943594393,0.035821647154918645
-3951888.9888988934,0.03582247708927048
-3951834.383438347,0.03582328424804787
-3951779.777977801,0.035824068343164026
-3951725.172517255,0.035824829097832356
-3951670.567056709,0.03582556624661359
-3951615.961596163,0.035826279535458215
-3951561.356135617,0.03582696872174431
-3951506.750675071,0.03582763357431065
-3951452.1452145246,0.035828273873485195
-3951397.5397539786,0.03582888941110896
-3951342.9342934326,0.03582947999055528
-3951288.3288328866,0.035830045426744436
-3951233.7233723407,0.03583058554615372
-3951179.117911794,0.03583110018682293
-3951124.5124512482,0.03583158919835532
-3951069.9069907023,0.035832052441914085
-3951015.3015301563,0.03583248979021421
-3950960.6960696103,0.03583290112751001
-3950906.0906090643,0.03583328634957813
-3950851.4851485183,0.035833645363696154
-3950796.879687972,0.035833978088616804
-3950742.274227426,0.03583428445453785
-3950687.66876688,0.035834564403067634
-3950633.063306334,0.035834817887186336
-3950578.457845788,0.035835044871202995
-3950523.8523852415,0.035835245330708324
-3950469.2469246956,0.0358354192525233
-3950414.6414641496,0.035835566634643726
-3950360.0360036036,0.03583568748618057
-3950305.4305430576,0.035835781827296395
-3950250.8250825116,0.03583584968913767
-3950196.2196219657,0.03583589111376319
-3950141.614161419,0.035835906154068564
-3950087.0087008732,0.03583589487370688
-3950032.4032403273,0.03583585734700545
-3949977.7977797813,0.03583579365887896
-3949923.1923192353,0.03583570390473877
-3949868.5868586893,0.03583558819039858
-3949813.981398143,0.035835446631976596
-3949759.375937597,0.03583527935579403
-3949704.770477051,0.035835086498270156
-3949650.165016505,0.03583486820581396
-3949595.559555959,0.03583462463471237
-3949540.954095413,0.035834355951015195
-3949486.3486348665,0.03583406233041682
-3949431.7431743206,0.0358337439581347
-3949377.1377137746,0.035833401028784705
-3949322.5322532286,0.03583303374625345
-3949267.9267926826,0.035832642323567546
-3949213.3213321366,0.035832226982759986
-3949158.71587159,0.03583178795473365
-3949104.110411044,0.03583132547912195
-3949049.504950498,0.0358308398041468
-3948994.8994899523,0.03583033118647389
-3948940.2940294063,0.03582979989106538
-3948885.6885688603,0.03582924619103001
-3948831.083108314,0.035828670367470845
-3948776.477647768,0.035828072709330534
-3948721.872187222,0.0358274535132343
-3948667.266726676,0.035826813083330696
-3948612.66126613,0.03582615173113014
-3948558.055805584,0.03582546977534143
-3948503.4503450375,0.0358247675417061
-3948448.8448844915,0.035824045362831
-3948394.2394239455,0.03582330357801885
-3948339.6339633996,0.03582254253309702
-3948285.0285028536,0.03582176258024466
-3948230.4230423076,0.03582096407781809
-3948175.817581761,0.035820147390174646
-3948121.212121215,0.03581931288749504
-3948066.606660669,0.03581846094560425
-3948012.001200123,0.03581759194579108
-3947957.3957395772,0.03581670627462649
-3947902.7902790313,0.03581580432378069
-3947848.184818485,0.035814886489839055
-3947793.579357939,0.03581395317411717
-3947738.973897393,0.03581300478247469
-3947684.368436847,0.0358120417251285
-3947629.762976301,0.03581106441646494
-3947575.157515755,0.03581007327485136
-3947520.552055209,0.035809068722447
-3947465.9465946625,0.03580805118501325
-3947411.3411341165,0.035807021091723505
-3947356.7356735705,0.03580597887497247
-3947302.1302130246,0.035804924970185184
-3947247.5247524786,0.035803859815625776
-3947192.919291932,0.03580278385220595
-3947138.313831386,0.03580169752329348
-3947083.70837084,0.03580060127452046
-3947029.102910294,0.035799495553591805
-3946974.497449748,0.03579838081009362
-3946919.8919892022,0.03579725749530196
-3946865.2865286563,0.03579612606199167
-3946810.68106811,0.03579498696424567
-3946756.075607564,0.03579384065726455
-3946701.470147018,0.03579268759717665
-3946646.864686472,0.03579152824084872
-3946592.259225926,0.03579036304569716
-3946537.6537653795,0.0357891924694999
-3946483.0483048335,0.03578801697020919
-3946428.4428442875,0.03578683700576494
-3946373.8373837415,0.035785653033909244
-3946319.2319231955,0.03578446551200166
-3946264.6264626496,0.03578327489683559
-3946210.0210021036,0.035782081644455795
-3946155.415541557,0.03578088620997696
-3946100.810081011,0.035779689047403626
-3946046.204620465,0.03577849060945127
-3945991.599159919,0.03577729134736885
-3945936.993699373,0.035776091710762715
-3945882.3882388268,0.035774892147422
-3945827.782778281,0.03577369310314562
-3945773.177317735,0.035772495021570754
-3945718.571857189,0.035771298344003104
-3945663.966396643,0.03577010350924881
-3945609.360936097,0.03576891095344819
-3945554.755475551,0.03576772110991127
-3945500.1500150044,0.03576653440895523
-3945445.5445544585,0.03576535127774387
-3945390.9390939125,0.03576417214012891
-3945336.3336333665,0.0357629974164935
-3945281.7281728205,0.035761827523597786
-3945227.122712274,0.03576066287442663
-3945172.517251728,0.03575950387803956
-3945117.911791182,0.03575835093942294
-3945063.306330636,0.03575720445934449
-3945008.70087009,0.0357560648342101
-3944954.095409544,0.03575493245592316
-3944899.489948998,0.035753807711746174
-3944844.8844884518,0.03575269098416501
-3944790.279027906,0.03575158265075559
-3944735.67356736,0.035750483084053146
-3944681.068106814,0.03574939265142415
-3944626.462646268,0.03574831171494086
-3944571.8571857214,0.0357472406312585
-3944517.2517251754,0.03574617975149533
-3944462.6462646294,0.03574512942111518
-3944408.0408040835,0.035744089979813126
-3944353.4353435375,0.03574306176140372
-3944298.8298829915,0.0357420450937122
-3944244.2244224455,0.035741040298468564
-3944189.618961899,0.03574004769120457
-3944135.013501353,0.035739067581153645
-3944080.408040807,0.0357381002711538
-3944025.802580261,0.035737146057553515
-3943971.197119715,0.03573620523012065
-3943916.5916591687,0.03573527807195442
-3943861.9861986227,0.0357343648594004
-3943807.3807380768,0.03573346586196864
-3943752.775277531,0.03573258134225483
-3943698.169816985,0.03573171155586466
-3943643.564356439,0.03573085675134127
-3943588.958895893,0.03573001717009586
-3943534.3534353464,0.035729193046341416
-3943479.7479748004,0.035728384607029755
-3943425.1425142544,0.03572759207179157
-3943370.5370537085,0.035726815652879794
-3943315.9315931625,0.03572605555511615
-3943261.326132616,0.035725311975840876
-3943206.72067207,0.03572458510486574
-3943152.115211524,0.035723875124430184
-3943097.509750978,0.03572318220916078
-3943042.904290432,0.035722506526033836
-3942988.298829886,0.03572184823434134
-3942933.69336934,0.03572120748566
-3942879.0879087937,0.03572058442382365
-3942824.4824482477,0.035719979184898734
-3942769.8769877017,0.035719391897163166
-3942715.271527156,0.035718822681088246
-3942660.66606661,0.03571827164932393
-3942606.0606060633,0.03571773890668721
-3942551.4551455174,0.035717224550153706
-3942496.8496849714,0.03571672866885246
-3942442.2442244254,0.03571625134406386
-3942387.6387638794,0.03571579264922076
-3942333.0333033334,0.03571535264991272
-3942278.4278427875,0.03571493140389341
-3942223.822382241,0.03571452896109105
-3942169.216921695,0.03571414536362202
-3942114.611461149,0.035713780645807505
-3942060.006000603,0.035713434834193244
-3942005.400540057,0.03571310794757221
-3941950.7950795107,0.03571279999701044
-3941896.1896189647,0.035712510985875766
-3941841.5841584187,0.03571224090986951
-3941786.9786978727,0.03571198975706118
-3941732.3732373267,0.035711757507926024
-3941677.7677767808,0.03571154413538552
-3941623.162316235,0.03571134960485068
-3941568.5568556883,0.03571117387426821
-3941513.9513951424,0.03571101689416948
-3941459.3459345964,0.035710878607722235
-3941404.7404740504,0.03571075895078507
-3941350.1350135044,0.0357106578519646
-3941295.529552958,0.0357105752326753
-3941240.924092412,0.03571051100720195
-3941186.318631866,0.03571046508276477
-3941131.71317132,0.03571043735958702
-3941077.107710774,0.035710427730965145
-3941022.502250228,0.03571043608334148
-3940967.896789682,0.035710462296379294
-3940913.2913291357,0.03571050624304034
-3940858.6858685897,0.03571056778966471
-3940804.0804080437,0.03571064679605303
-3940749.4749474977,0.03571074311555096
-3940694.8694869517,0.035710856595135926
-3940640.2640264058,0.035710987075506004
-3940585.6585658593,0.03571113439117103
-3940531.0531053133,0.035711298370545784
-3940476.4476447674,0.035711478836045196
-3940421.8421842214,0.03571167560418165
-3940367.2367236754,0.03571188848566418
-3940312.6312631294,0.03571211728549964
-3940258.025802583,0.035712361803095706
-3940203.420342037,0.03571262183236574
-3940148.814881491,0.035712897161835386
-3940094.209420945,0.035713187574750956
-3940039.603960399,0.03571349284918941
-3939984.998499853,0.035713812758170024
-3939930.3930393066,0.03571414706976761
-3939875.7875787606,0.035714495547227235
-3939821.1821182147,0.03571485794908047
-3939766.5766576687,0.035715234029262986
-3939711.9711971227,0.03571562353723357
-3939657.3657365767,0.035716026218094436
-3939602.7602760303,0.035716441812712774
-3939548.1548154843,0.035716870057843506
-3939493.5493549383,0.035717310686253285
-3939438.9438943923,0.03571776342684544
-3939384.3384338464,0.03571822800478607
-3939329.7329733004,0.03571870414163112
-3939275.127512754,0.035719191555454353
-3939220.522052208,0.0357196899609762
-3939165.916591662,0.0357201990696935
-3939111.311131116,0.03572071859000995
-3939056.70567057,0.035721248227367254
-3939002.100210024,0.035721787684377025
-3938947.4947494776,0.03572233666095318
-3938892.8892889316,0.03572289485444495
-3938838.2838283856,0.03572346195977036
-3938783.6783678397,0.03572403766955019
-3938729.0729072937,0.035724621674242264
-3938674.4674467477,0.03572521366227607
-3938619.8619862013,0.03572581332018772
-3938565.2565256553,0.03572642033275503
-3938510.6510651093,0.035727034383132864
-3938456.0456045633,0.035727655152988515
-3938401.4401440173,0.03572828232263718
-3938346.8346834714,0.035728915571177404
-3938292.2292229254,0.03572955457662649
-3938237.623762379,0.03573019901605583
-3938183.018301833,0.03573084856572598
-3938128.412841287,0.035731502901221665
-3938073.807380741,0.03573216169758638
-3938019.201920195,0.03573282462945674
-3937964.5964596486,0.03573349137119646
-3937909.9909991026,0.03573416159702986
-3937855.3855385566,0.035734834981174995
-3937800.7800780106,0.03573551119797611
-3937746.1746174647,0.035736189922035665
-3937691.5691569187,0.03573687082834562
-3937636.9636963727,0.03573755359241811
-3937582.3582358263,0.03573823789041537
-3937527.7527752803,0.035738923399278845
-3937473.1473147343,0.03573960979685755
-3937418.5418541883,0.03574029676203549
-3937363.9363936423,0.03574098397485818
-3937309.330933096,0.035741671116658214
-3937254.72547255,0.035742357870179785
-3937200.120012004,0.03574304391970218
-3937145.514551458,0.03574372895116213
-3937090.909090912,0.035744412652275036
-3937036.303630366,0.035745094712655
-3936981.69816982,0.03574577482393362
-3936927.0927092736,0.035746452679877444
-3936872.4872487276,0.03574712797650421
-3936817.8817881816,0.03574780041219762
-3936763.2763276356,0.03574846968782078
-3936708.6708670896,0.035749135506828136
-3936654.065406543,0.035749797575376
-3936599.459945997,0.03575045560243141
-3936544.8544854512,0.03575110929987966
-3936490.2490249053,0.03575175838262998
-3936435.6435643593,0.03575240256871976
-3936381.0381038133,0.035753041579417034
-3936326.4326432673,0.035753675139321255
-3936271.827182721,0.03575430297646235
-3936217.221722175,0.035754924822398004
-3936162.616261629,0.03575554041230914
-3936108.010801083,0.03575614948509355
-3936053.405340537,0.03575675178345765
-3935998.7998799905,0.03575734705400642
-3935944.1944194445,0.035757935047331275
-3935889.5889588986,0.03575851551809615
-3935834.9834983526,0.03575908822512147
-3935780.3780378066,0.03575965293146619
-3935725.7725772606,0.035760209404507776
-3935671.1671167146,0.03576075741602015
-3935616.561656168,0.03576129674224954
-3935561.956195622,0.03576182716398821
-3935507.3507350762,0.03576234846664613
-3935452.7452745303,0.035762860440320454
-3935398.1398139843,0.035763362879862814
-3935343.534353438,0.03576385558494451
-3935288.928892892,0.0357643383601194
-3935234.323432346,0.035764811014884684
-3935179.7179718,0.03576527336373935
-3935125.112511254,0.03576572522624044
-3935070.507050708,0.03576616642705702
-3935015.901590162,0.0357665967960219
-3934961.2961296155,0.03576701616818105
-3934906.6906690695,0.03576742438384071
-3934852.0852085236,0.0357678212886122
-3934797.4797479776,0.03576820673345443
-3934742.8742874316,0.035768580574714055
-3934688.268826885,0.03576894267416328
-3934633.663366339,0.035769292899035396
-3934579.057905793,0.035769631122057874
-3934524.452445247,0.0357699572214832
-3934469.846984701,0.035770271081117265
-3934415.2415241553,0.03577057259034549
-3934360.6360636093,0.03577086164415649
-3934306.030603063,0.035771138143163496
-3934251.425142517,0.03577140199362328
-3934196.819681971,0.03577165310745287
-3934142.214221425,0.03577189140224378
-3934087.608760879,0.03577211680127394
-3934033.0033003325,0.0357723292335173
-3933978.3978397865,0.03577252863365105
-3933923.7923792405,0.0357727149420605
-3933869.1869186945,0.03577288810484167
-3933814.5814581485,0.03577304807380148
-3933759.9759976026,0.03577319480645571
-3933705.3705370566,0.035773328266024584
-3933650.76507651,0.035773448421426095
-3933596.159615964,0.03577355524726701
-3933541.554155418,0.03577364872383165
-3933486.948694872,0.035773728837068364
-3933432.343234326,0.03577379557857376
-3933377.73777378,0.03577384894557474
-3933323.132313234,0.035773888940908244
-3933268.526852688,0.035773915572998895
-3933213.921392142,0.03577392885583437
-3933159.315931596,0.03577392880893863
-3933104.71047105,0.03577391545734302
-3933050.105010504,0.03577388883155524
-3932995.4995499575,0.03577384896752615
-3932940.8940894115,0.03577379590661461
-3932886.2886288655,0.03577372969555008
-3932831.6831683195,0.035773650386393366
-3932777.0777077735,0.03577355803649518
-3932722.472247227,0.03577345270845281
-3932667.866786681,0.035773334470064796
-3932613.261326135,0.03577320339428362
-3932558.655865589,0.03577305955916653
-3932504.050405043,0.0357729030478244
-3932449.444944497,0.035772733948368836
-3932394.839483951,0.03577255235385732
-3932340.234023405,0.03577235836223661
-3932285.628562859,0.035772152076284404
-3932231.023102313,0.03577193360354911
-3932176.417641767,0.03577170305628806
-3932121.812181221,0.03577146055140392
-3932067.2067206744,0.03577120621037952
-3932012.6012601284,0.03577094015921099
-3931957.9957995825,0.03577066252833936
-3931903.3903390365,0.03577037345258057
-3931848.7848784905,0.03577007307105397
-3931794.1794179445,0.035769761527109305
-3931739.5739573985,0.03576943896825229
-3931684.968496852,0.03576910554606873
-3931630.363036306,0.03576876141614724
-3931575.75757576,0.03576840673800064
-3931521.152115214,0.03576804167498609
-3931466.546654668,0.03576766639422379
-3931411.9411941217,0.03576728106651463
-3931357.3357335757,0.03576688586625656
-3931302.7302730298,0.03576648097135968
-3931248.124812484,0.03576606656316048
-3931193.519351938,0.03576564282633468
-3931138.913891392,0.03576520994880927
-3931084.308430846,0.0357647681216734
-3931029.7029702994,0.03576431753908837
-3930975.0975097534,0.03576385839819666
-3930920.4920492074,0.03576339089903006
-3930865.8865886615,0.035762915244417014
-3930811.2811281155,0.035762431639889077
-3930756.6756675695,0.03576194029358667
-3930702.070207023,0.03576144141616404
-3930647.464746477,0.03576093522069362
-3930592.859285931,0.03576042192256966
-3930538.253825385,0.03575990173941133
-3930483.648364839,0.035759374890965166
-3930429.042904293,0.03575884159900713
-3930374.4374437467,0.03575830208724404
-3930319.8319832007,0.03575775658121467
-3930265.2265226548,0.03575720530819043
-3930210.621062109,0.035756648497075647
-3930156.015601563,0.035756086378307565
-3930101.410141017,0.03575551918375612
-3930046.8046804704,0.035754947146623375
-3929992.1992199244,0.03575437050134287
-3929937.5937593784,0.03575378948347875
-3929882.9882988324,0.035753204329624845
-3929828.3828382865,0.035752615277303654
-3929773.7773777405,0.035752022564865274
-3929719.171917194,0.03575142643138643
-3929664.566456648,0.03575082711656948
-3929609.960996102,0.035750224860641555
-3929555.355535556,0.03574961990425384
-3929500.75007501,0.03574901248838101
-3929446.144614464,0.03574840285422093
-3929391.5391539177,0.035747791243094545
-3929336.9336933717,0.03574717789634615
-3929282.3282328257,0.03574656305524392
-3929227.7227722798,0.03574594696088087
-3929173.117311734,0.03574532985407621
-3929118.511851188,0.035744711975277156
-3929063.9063906414,0.03574409356446121
-3929009.3009300954,0.03574347486103905
-3928954.6954695494,0.03574285610375787
-3928900.0900090034,0.03574223753060541
-3928845.4845484574,0.035741619378714604
-3928790.8790879115,0.035741001884268896
-3928736.273627365,0.0357403852824083
-3928681.668166819,0.03573976980713615
-3928627.062706273,0.0357391556912267
-3928572.457245727,0.035738543166133514
-3928517.851785181,0.035737932461898686
-3928463.246324635,0.035737323807063
-3928408.640864089,0.03573671742857699
-3928354.0354035427,0.035736113551712884
-3928299.4299429967,0.0357355123999777
-3928244.8244824507,0.03573491419502716
-3928190.2190219047,0.03573431915658082
-3928135.613561359,0.03573372750233816
-3928081.0081008123,0.03573313944789587
-3928026.4026402663,0.03573255520666625
-3927971.7971797204,0.03573197498979673
-3927917.1917191744,0.035731399006090674
-3927862.5862586284,0.03573082746192934
-3927807.9807980824,0.035730260561195146
-3927753.3753375364,0.03572969850519617
-3927698.76987699,0.03572914149259198
-3927644.164416444,0.03572858971932083
-3927589.558955898,0.03572804337852814
-3927534.953495352,0.03572750266049642
-3927480.348034806,0.03572696775257658
-3927425.7425742596,0.03572643883912066
-3927371.1371137137,0.035725916101416046
-3927316.5316531677,0.03572539971762108
-3927261.9261926217,0.03572488986270227
-3927207.3207320757,0.03572438670837298
-3927152.7152715297,0.035723890423033575
-3927098.1098109838,0.03572340117171322
-3927043.5043504373,0.03572291911601325
-3926988.8988898913,0.035722444414052056
-3926934.2934293454,0.03572197722041163
-3926879.6879687994,0.035721517686085724
-3926825.0825082534,0.03572106595842968
-3926770.477047707,0.035720622181111834
-3926715.871587161,0.03572018649406671
-3926661.266126615,0.035719759033449754
-3926606.660666069,0.03571933993159388
-3926552.055205523,0.035718929316967664
-3926497.449744977,0.03571852731413528
-3926442.844284431,0.03571813404371817
-3926388.2388238846,0.03571774962235841
-3926333.6333633387,0.03571737416268387
-3926279.0279027927,0.03571700777327515
-3926224.4224422467,0.03571665055863418
-3926169.8169817007,0.03571630261915473
-3926115.2115211543,0.03571596405109456
-3926060.6060606083,0.03571563494654948
-3926006.0006000623,0.03571531539342909
-3925951.3951395163,0.035715005475434394
-3925896.7896789704,0.035714705272037156
-3925842.1842184244,0.035714414858461066
-3925787.5787578784,0.03571413430566474
-3925732.973297332,0.03571386368032646
-3925678.367836786,0.035713603044830775
-3925623.76237624,0.035713352457256854
-3925569.156915694,0.035713111971368665
-3925514.551455148,0.03571288163660696
-3925459.9459946016,0.035712661498083026
-3925405.3405340556,0.03571245159657425
-3925350.7350735096,0.03571225196852144
-3925296.1296129636,0.035712062646028
-3925241.5241524177,0.0357118836568608
-3925186.9186918717,0.03571171502445288
-3925132.3132313257,0.035711556767907854
-3925077.7077707793,0.03571140890200615
-3925023.1023102333,0.03571127143721294
-3924968.4968496873,0.03571114437968783
-3924913.8913891413,0.03571102773129628
-3924859.2859285953,0.03571092148962276
-3924804.680468049,0.03571082564798557
-3924750.075007503,0.035710740195453415
-3924695.469546957,0.03571066511686364
-3924640.864086411,0.03571060039284211
-3924586.258625865,0.0357105459998248
-3924531.653165319,0.03571050191008102
-3924477.047704773,0.03571046809173823
-3924422.4422442266,0.03571044450880851
-3924367.8367836806,0.035710431121216635
-3924313.2313231346,0.03571042788482969
-3924258.6258625886,0.035710434751488315
-3924204.0204020427,0.035710451669039425
-3924149.414941496,0.03571047858137053
-3924094.8094809502,0.03571051542844551
-3924040.2040204043,0.035710562146341926
-3923985.5985598583,0.03571061866728977
-3923930.9930993123,0.03571068491971168
-3923876.3876387663,0.035710760828264604
-3923821.7821782203,0.035710846313882834
-3923767.176717674,0.03571094129382247
-3923712.571257128,0.0357110456817072
-3923657.965796582,0.035711159387575485
-3923603.360336036,0.035711282317929006
-3923548.75487549,0.03571141437578242
-3923494.1494149435,0.03571155546071443
-3923439.5439543976,0.03571170546892001
-3923384.9384938516,0.03571186429326396
-3923330.3330333056,0.03571203182333555
-3923275.7275727596,0.03571220794550444
-3923221.1221122136,0.035712392542977624
-3923166.5166516677,0.0357125854958576
-3923111.911191121,0.03571278668120157
-3923057.305730575,0.035712995973081675
-3923002.7002700293,0.03571321324264634
-3922948.0948094833,0.03571343835818258
-3922893.4893489373,0.03571367118517926
-3922838.883888391,0.03571391158639135
-3922784.278427845,0.03571415942190506
-3922729.672967299,0.0357144145492039
-3922675.067506753,0.03571467682323555
-3922620.462046207,0.03571494609647963
-3922565.856585661,0.035715222219016185
-3922511.251125115,0.03571550503859502
-3922456.6456645685,0.0357157944007057
-3922402.0402040225,0.03571609014864833
-3922347.4347434766,0.035716392123604945
-3922292.8292829306,0.03571670016471159
-3922238.2238223846,0.035717014109130994
-3922183.618361838,0.035717333792125834
-3922129.012901292,0.03571765904713255
-3922074.407440746,0.03571798970583566
-3922019.8019802,0.035718325598242597
-3921965.1965196542,0.03571866655275899
-3921910.5910591083,0.03571901239626431
-3921855.9855985623,0.03571936295418803
-3921801.380138016,0.03571971805058602
-3921746.77467747,0.03572007750821732
-3921692.169216924,0.03572044114862124
-3921637.563756378,0.035720808792194664
-3921582.958295832,0.03572118025826961
-3921528.352835286,0.035721555365190984
-3921473.7473747395,0.03572193393039451
-3921419.1419141935,0.035722315770484764
-3921364.5364536475,0.03572270070131335
-3921309.9309931016,0.03572308853805711
-3921255.3255325556,0.035723479095296384
-3921200.7200720096,0.03572387218709325
-3921146.114611463,0.03572426762706979
-3921091.509150917,0.035724665228486246
-3921036.903690371,0.03572506480431911
-3920982.298229825,0.03572546616733907
-3920927.6927692792,0.03572586913018883
-3920873.0873087333,0.035726273505460725
-3920818.481848187,0.03572667910577411
-3920763.876387641,0.03572708574385254
-3920709.270927095,0.03572749323260063
-3920654.665466549,0.03572790138518062
-3920600.060006003,0.035728310015088624
-3920545.454545457,0.035728718936230454
-3920490.8490849105,0.035729127962997126
-3920436.2436243645,0.035729536910339844
-3920381.6381638185,0.03572994559384461
-3920327.0327032725,0.03573035382980629
-3920272.4272427266,0.035730761435302204
-3920217.8217821806,0.03573116822826512
-3920163.216321634,0.03573157402755575
-3920108.610861088,0.03573197865303456
-3920054.005400542,0.03573238192563303
-3919999.399939996,0.0357327836674242
-3919944.79447945,0.03573318370169259
-3919890.189018904,0.03573358185300334
-3919835.583558358,0.03573397794727069
-3919780.978097812,0.035734371811825656
-3919726.372637266,0.0357347632754829
-3919671.76717672,0.035735152168606885
-3919617.161716174,0.03573553832317706
-3919562.556255628,0.0357359215728523
-3919507.9507950814,0.03573630175303441
-3919453.3453345355,0.03573667870093071
-3919398.7398739895,0.03573705225561574
-3919344.1344134435,0.03573742225809197
-3919289.5289528975,0.03573778855134955
-3919234.9234923515,0.03573815098042507
-3919180.3180318056,0.03573850939245932
-3919125.712571259,0.03573886363675395
-3919071.107110713,0.03573921356482715
-3919016.501650167,0.03573955903046822
-3918961.896189621,0.03573989988979104
-3918907.290729075,0.03574023600128641
-3918852.6852685288,0.03574056722587332
-3918798.079807983,0.03574089342694899
-3918743.474347437,0.03574121447043782
-3918688.868886891,0.03574153022483908
-3918634.263426345,0.035741840561273455
-3918579.657965799,0.035742145353528376
-3918525.052505253,0.035742444478102084
-3918470.4470447064,0.035742737814246486
-3918415.8415841605,0.03574302524400871
-3918361.2361236145,0.03574330665227145
-3918306.6306630685,0.035743581926791966
-3918252.0252025225,0.03574385095823985
-3918197.419741976,0.0357441136402334
-3918142.81428143,0.03574436986937475
-3918088.208820884,0.035744619545283664
-3918033.603360338,0.03574486257062993
-3917978.997899792,0.03574509885116446
-3917924.392439246,0.03574532829574905
-3917869.7869787,0.03574555081638469
-3917815.1815181538,0.035745766328238594
-3917760.576057608,0.0357459747496698
-3917705.970597062,0.03574617600225336
-3917651.365136516,0.03574637001080324
-3917596.75967597,0.03574655670339366
-3917542.1542154234,0.03574673601137921
-3917487.5487548774,0.03574690786941341
-3917432.9432943314,0.03574707221546595
-3917378.3378337855,0.03574722899083849
-3917323.7323732395,0.03574737814017901
-3917269.1269126935,0.035747519611494846
-3917214.5214521475,0.03574765335616414
-3917159.915991601,0.03574777932894605
-3917105.310531055,0.03574789748798942
-3917050.705070509,0.03574800779484006
-3916996.099609963,0.035748110214446654
-3916941.494149417,0.035748204715165176
-3916886.8886888707,0.03574829126876196
-3916832.2832283247,0.0357483698504153
-3916777.6777677787,0.03574844043871573
-3916723.072307233,0.035748503015664755
-3916668.466846687,0.03574855756667237
-3916613.861386141,0.035748604080553005
-3916559.255925595,0.035748642549520204
-3916504.6504650484,0.03574867296917989
-3916450.0450045024,0.03574869533852221
-3916395.4395439564,0.03574870965991205
-3916340.8340834104,0.035748715939078246
-3916286.2286228645,0.0357487141851013
-3916231.623162318,0.03574870441039989
-3916177.017701772,0.03574868663071595
-3916122.412241226,0.03574866086509855
-3916067.80678068,0.035748627135886266
-3916013.201320134,0.035748585468688455
-3915958.595859588,0.03574853589236509
-3915903.990399042,0.0357484784390054
-3915849.3849384957,0.035748413143905214
-3915794.7794779497,0.03574834004554303
-3915740.1740174037,0.035748259185554875
-3915685.5685568578,0.03574817060870793
-3915630.963096312,0.03574807436287293
-3915576.3576357653,0.0357479704989954
-3915521.7521752194,0.035747859071065646
-3915467.1467146734,0.03574774013608764
-3915412.5412541274,0.03574761375404674
-3915357.9357935814,0.03574747998787622
-3915303.3303330354,0.03574733890342278
-3915248.7248724895,0.03574719056941087
-3915194.119411943,0.03574703505740598
-3915139.513951397,0.03574687244177685
-3915084.908490851,0.03574670279965662
-3915030.303030305,0.035746526210902956
-3914975.697569759,0.03574634275805723
-3914921.0921092127,0.03574615252630258
-3914866.4866486667,0.03574595560342117
-3914811.8811881207,0.035745752079750316
-3914757.2757275747,0.03574554204813787
-3914702.6702670287,0.03574532560389654
-3914648.0648064828,0.03574510284475742
-3914593.459345937,0.035744873870822626
-3914538.8538853903,0.035744638784517085
-3914484.2484248444,0.035744397690539526
-3914429.6429642984,0.03574415069581261
-3914375.0375037524,0.0357438979094324
-3914320.4320432064,0.03574363944261694
-3914265.82658266,0.03574337540865421
-3914211.221122114,0.035743105922849364
-3914156.615661568,0.03574283110247121
-3914102.010201022,0.03574255106669809
-3914047.404740476,0.03574226593656316
-3913992.79927993,0.035741975834898985
-3913938.193819384,0.03574168088628158
-3913883.5883588376,0.035741381216973886
-3913828.9828982917,0.03574107695486874
-3913774.3774377457,0.035740768229431306
-3913719.7719771997,0.03574045517164096
-3913665.1665166537,0.03574013791393286
-3913610.5610561073,0.03573981659013893
-3913555.9555955613,0.03573949133542854
-3913501.3501350153,0.035739162286248696
-3913446.7446744693,0.03573882958026402
-3913392.1392139234,0.03573849335629621
-3913337.5337533774,0.035738153754263376
-3913282.9282928314,0.03573781091511892
-3913228.322832285,0.035737464980790314
-3913173.717371739,0.03573711609411754
-3913119.111911193,0.03573676439879138
-3913064.506450647,0.035736410039291476
-3913009.900990101,0.0357360531608243
-3912955.2955295546,0.035735693909260964
-3912900.6900690086,0.0357353324310749
-3912846.0846084626,0.03573496887327952
-3912791.4791479167,0.03573460338336577
-3912736.8736873707,0.03573423610923973
-3912682.2682268247,0.03573386719916012
-3912627.6627662787,0.03573349680167593
-3912573.0573057323,0.035733125065564024
-3912518.4518451863,0.035732752139766864
-3912463.8463846403,0.03573237817333036
-3912409.2409240943,0.03573200331534175
-3912354.6354635484,0.03573162771486777
-3912300.030003002,0.03573125152089286
-3912245.424542456,0.03573087488225773
-3912190.81908191,0.03573049794759797
-3912136.213621364,0.035730120865283106
-3912081.608160818,0.03572974378335576
-3912027.002700272,0.03572936684947123
-3911972.397239726,0.03572899021083735
-3911917.7917791796,0.035728614014154676
-3911863.1863186336,0.035728238405557125
-3911808.5808580876,0.03572786353055287
-3911753.9753975417,0.035727489533965824
-3911699.3699369957,0.03572711655987742
-3911644.7644764497,0.03572674475156894
-3911590.1590159032,0.035726374251464306
-3911535.5535553573,0.03572600520107338
-3911480.9480948113,0.03572563774093578
-3911426.3426342653,0.03572527201056528
-3911371.7371737193,0.03572490814839475
-3911317.1317131734,0.035724546291721726
-3911262.526252627,0.03572418657665457
-3911207.920792081,0.03572382913805927
-3911153.315331535,0.035723474109506895
-3911098.709870989,0.035723121623221735
-3911044.104410443,0.03572277181003014
-3910989.498949897,0.03572242479931005
-3910934.8934893506,0.03572208071894129
-3910880.2880288046,0.03572173969525659
-3910825.6825682586,0.03572140185299337
-3910771.0771077126,0.035721067315246366
-3910716.4716471666,0.03572073620342099
-3910661.8661866207,0.03572040863718756
-3910607.260726074,0.035720084734436344
-3910552.6552655282,0.03571976461123349
-3910498.0498049823,0.03571944838177777
-3910443.4443444363,0.03571913615835827
-3910388.8388838903,0.03571882805131296
-3910334.2334233443,0.035718524168988165
-3910279.627962798,0.03571822461769896
-3910225.022502252,0.035717929501690567
-3910170.417041706,0.035717638923100634
-3910115.81158116,0.03571735298192253
-3910061.206120614,0.03571707177596961
-3910006.600660068,0.035716795400840474
-3909951.9951995215,0.03571652394988523
-3909897.3897389756,0.035716257514172796
-3909842.7842784296,0.03571599618245917
-3909788.1788178836,0.03571574004115684
-3909733.5733573376,0.03571548917430512
-3909678.9678967916,0.03571524366354166
-3909624.362436245,0.03571500358807493
-3909569.756975699,0.03571476902465785
-3909515.1515151532,0.03571454004756245
-3909460.5460546073,0.035714316728555656
-3909405.9405940613,0.03571409913687614
-3909351.3351335153,0.035713887339212325
-3909296.7296729693,0.035713681399681445
-3909242.124212423,0.03571348137980975
-3909187.518751877,0.035713287338513866
-3909132.913291331,0.035713099332083185
-3909078.307830785,0.03571291741416348
-3909023.702370239,0.035712741635741625
-3908969.0969096925,0.035712572045131424
-3908914.4914491465,0.03571240868796063
-3908859.8859886006,0.03571225160715906
-3908805.2805280546,0.035712100842947875
-3908750.6750675086,0.035711956432830025
-3908696.0696069626,0.03571181841158182
-3908641.4641464166,0.035711686811245605
-3908586.85868587,0.03571156166112371
-3908532.253225324,0.03571144298777339
-3908477.647764778,0.03571133081500304
-3908423.0423042323,0.035711225163869466
-3908368.4368436863,0.035711126052676366
-3908313.83138314,0.03571103349697389
-3908259.225922594,0.03571094750955939
-3908204.620462048,0.035710868100479264
-3908150.015001502,0.035710795277031984
-3908095.409540956,0.03571072904377218
-3908040.80408041,0.03571066940251588
-3907986.198619864,0.03571061635234694
-3907931.5931593175,0.0357105698896244
-3907876.9876987715,0.035710530007991154
-3907822.3822382255,0.0357104966983836
-3907767.7767776796,0.035710469949042395
-3907713.1713171336,0.03571044974552432
-3907658.565856587,0.0357104360707152
-3907603.960396041,0.03571042890484393
-3907549.354935495,0.03571042822549752
-3907494.749474949,0.035710434007637196
-3907440.144014403,0.03571044622361559
-3907385.5385538572,0.03571046484319489
-3907330.9330933113,0.035710489833566096
-3907276.327632765,0.035710521159369214
-3907221.722172219,0.03571055878271447
-3907167.116711673,0.03571060266320459
-3907112.511251127,0.03571065275795791
-3907057.905790581,0.0357107090216326
-3907003.3003300345,0.035710771406451756
-3906948.6948694885,0.03571083986222946
-3906894.0894089425,0.03571091433639777
-3906839.4839483965,0.03571099477403459
-3906784.8784878505,0.03571108111789252
-3906730.2730273046,0.03571117330842852
-3906675.6675667586,0.03571127128383443
-3906621.062106212,0.03571137498006846
-3906566.456645666,0.0357114843308874
-3906511.85118512,0.03571159926787972
-3906457.245724574,0.03571171972049946
-3906402.640264028,0.035711845616100926
-3906348.034803482,0.03571197687997418
-3906293.429342936,0.03571211343538125
-3906238.82388239,0.035712255203593106
-3906184.218421844,0.0357124021039274
-3906129.612961298,0.03571255405378685
-3906075.007500752,0.03571271096869837
-3906020.402040206,0.035712872762352875
-3905965.7965796595,0.03571303934664568
-3905911.1911191135,0.03571321063171762
-3905856.5856585675,0.03571338652599676
-3905801.9801980215,0.035713566936240684
-3905747.3747374755,0.03571375176757939
-3905692.769276929,0.03571394092355877
-3905638.163816383,0.03571413430618456
-3905583.558355837,0.03571433181596691
-3905528.952895291,0.035714533351965394
-3905474.347434745,0.035714738811834526
-3905419.741974199,0.035714948091869765
-3905365.136513653,0.0357151610870539
-3905310.5310531068,0.03571537769110394
-3905255.925592561,0.03571559779651836
-3905201.320132015,0.035715821294624736
-3905146.714671469,0.035716048075627775
-3905092.109210923,0.03571627802865764
-3905037.5037503764,0.03571651104181864
-3904982.8982898304,0.03571674700223819
-3904928.2928292844,0.03571698579611609
-3904873.6873687385,0.03571722730877401
-3904819.0819081925,0.03571747142470528
-3904764.4764476465,0.035717718027624835
-3904709.8709871005,0.03571796700051941
-3904655.265526554,0.03571821822569784
-3904600.660066008,0.035718471584841614
-3904546.054605462,0.03571872695905547
-3904491.449144916,0.03571898422891817
-3904436.84368437,0.0357192432745333
-3904382.2382238237,0.035719503975580186
-3904327.6327632777,0.035719766211364884
-3904273.0273027318,0.035720029860871104
-3904218.421842186,0.03572029480281125
-3904163.81638164,0.035720560915677345
-3904109.210921094,0.03572082807779201
-3904054.605460548,0.03572109616735933
-3904000.0000000014,0.03572136506251564
-3903945.3945394554,0.03572163464138026
-3903890.7890789094,0.03572190478210606
-3903836.1836183635,0.03572217536292993
-3903781.5781578175,0.03572244626222304
-3903726.972697271,0.035722717358540976
-3903672.367236725,0.035722988530673634
-3903617.761776179,0.03572325965769491
-3903563.156315633,0.035723530619012143
-3903508.550855087,0.035723801294415325
-3903453.945394541,0.03572407156412598
-3903399.339933995,0.03572434130884579
-3903344.7344734487,0.035724610409804895
-3903290.1290129027,0.035724878748809814
-3903235.5235523568,0.035725146208291085
-3903180.918091811,0.035725412671350466
-3903126.312631265,0.03572567802180776
-3903071.7071707183,0.03572594214424724
-3903017.1017101724,0.035726204924063636
-3902962.4962496264,0.035726466247507666
-3902907.8907890804,0.035726726001731116
-3902853.2853285344,0.03572698407483145
-3902798.6798679885,0.03572724035589585
-3902744.0744074425,0.03572749473504484
-3902689.468946896,0.03572774710347531
-3902634.86348635,0.03572799735350298
-3902580.258025804,0.035728245378604355
-3902525.652565258,0.03572849107345805
-3902471.047104712,0.03572873433398553
-3902416.441644166,0.03572897505739126
-3902361.8361836197,0.03572921314220216
-3902307.2307230737,0.03572944848830651
-3902252.6252625277,0.03572968099699213
-3902198.0198019817,0.03572991057098388
-3902143.414341436,0.035730137114480566
-3902088.80888089,0.03573036053319103
-3902034.2034203433,0.03573058073436958
-3901979.5979597974,0.03573079762685073
-3901924.9924992514,0.03573101112108315
-3901870.3870387054,0.035731221129162875
-3901815.7815781594,0.03573142756486576
-3901761.1761176134,0.035731630343679176
-3901706.570657067,0.03573182938283291
-3901651.965196521,0.03573202460132925
-3901597.359735975,0.03573221591997228
-3901542.754275429,0.03573240326139637
-3901488.148814883,0.035732586550093856
-3901433.543354337,0.035732765712441786
-3901378.9378937907,0.03573294067672797
-3901324.3324332447,0.035733111373176064
-3901269.7269726987,0.03573327773396982
-3901215.1215121527,0.03573343969327652
-3901160.5160516067,0.03573359718726943
-3901105.9105910608,0.03573375015414947
-3901051.3051305143,0.03573389853416597
-3900996.6996699683,0.03573404226963644
-3900942.0942094224,0.03573418130496558
-3900887.4887488764,0.03573431558666327
-3900832.8832883304,0.0357344450633617
-3900778.2778277844,0.035734569685831566
-3900723.672367238,0.03573468940699732
-3900669.066906692,0.035734804181951525
-3900614.461446146,0.03573491396796831
-3900559.8559856,0.035735018724515774
-3900505.250525054,0.035735118413267576
-3900450.645064508,0.03573521299811351
-3900396.0396039616,0.035735302445169204
-3900341.4341434157,0.03573538672278476
-3900286.8286828697,0.035735465801552596
-3900232.2232223237,0.03573553965431423
-3900177.6177617777,0.03573560825616616
-3900123.0123012317,0.03573567158446478
-3900068.4068406858,0.035735729618830384
-3900013.8013801393,0.0357357823411502
-3899959.1959195933,0.035735829735580434
-3899904.5904590474,0.03573587178854747
-3899849.9849985014,0.03573590848874805
-3899795.3795379554,0.03573593982714853
-3899740.774077409,0.03573596579698321
-3899686.168616863,0.035735986393751716
-3899631.563156317,0.03573600161521547
-3899576.957695771,0.03573601146139323
-3899522.352235225,0.03573601593455565
-3899467.746774679,0.03573601503921903
-3899413.141314133,0.03573600878213804
-3899358.5358535866,0.035735997172297605
-3899303.9303930406,0.03573598022090387
-3899249.3249324947,0.03573595794137424
-3899194.7194719487,0.03573593034932655
-3899140.1140114027,0.03573589746256739
-3899085.5085508563,0.03573585930107944
-3899030.9030903103,0.035735815887008075
-3898976.2976297643,0.035735767244646985
-3898921.6921692183,0.035735713400423
-3898867.0867086723,0.03573565438288009
-3898812.4812481264,0.03573559022266244
-3898757.8757875804,0.035735520952496796
-3898703.270327034,0.0357354466071739
-3898648.664866488,0.0357353672235292
-3898594.059405942,0.03573528284042268
-3898539.453945396,0.03573519349871796
-3898484.84848485,0.03573509924126056
-3898430.2430243036,0.035735000112855436
-3898375.6375637576,0.03573489616024378
-3898321.0321032116,0.03573478743207897
-3898266.4266426656,0.035734673978901906
-3898211.8211821197,0.035734555853115545
-3898157.2157215737,0.035734433108958755
-3898102.6102610277,0.035734305802479445
-3898048.0048004813,0.035734173991507044
-3897993.3993399353,0.03573403773562427
-3897938.7938793893,0.03573389709613829
-3897884.1884188433,0.03573375213605114
-3897829.5829582973,0.03573360292002964
-3897774.977497751,0.03573344951437454
-3897720.372037205,0.03573329198698924
-3897665.766576659,0.03573313040734771
-3897611.161116113,0.035732964846462045
-3897556.555655567,0.03573279537684928
-3897501.950195021,0.03573262207249777
-3897447.344734475,0.03573244500883301
-3897392.7392739286,0.03573226426268292
-3897338.1338133826,0.03573207991224263
-3897283.5283528366,0.035731892037038825
-3897228.9228922906,0.03573170071789355
-3897174.3174317447,0.035731506036887635
-3897119.711971198,0.03573130807732361
-3897065.106510652,0.035731106923688284
-3897010.5010501062,0.03573090266161483
-3896955.8955895603,0.03573069537784453
-3896901.2901290143,0.035730485160188195
-3896846.6846684683,0.0357302720974871
-3896792.0792079223,0.03573005627957372
-3896737.473747376,0.03572983779723208
-3896682.86828683,0.03572961674215778
-3896628.262826284,0.035729393206917794
-3896573.657365738,0.03572916728490996
-3896519.051905192,0.03572893907032222
-3896464.4464446455,0.03572870865809164
-3896409.8409840995,0.035728476143863215
-3896355.2355235536,0.035728241623948456
-3896300.6300630076,0.03572800519528382
-3896246.0246024616,0.03572776695538893
-3896191.4191419156,0.03572752700232474
-3896136.8136813696,0.03572728543465146
-3896082.208220823,0.03572704235138645
-3896027.602760277,0.035726797851961985
-3895972.9972997312,0.03572655203618296
-3895918.3918391853,0.03572630500418453
-3895863.7863786393,0.03572605685638969
-3895809.180918093,0.035725807693466886
-3895754.575457547,0.035725557616287554
-3895699.969997001,0.03572530672588374
-3895645.364536455,0.035725055123405666
-3895590.759075909,0.03572480291007944
-3895536.153615363,0.03572455018716475
-3895481.548154817,0.03572429705591268
-3895426.9426942705,0.03572404361752361
-3895372.3372337245,0.03572378997310528
-3895317.7317731786,0.03572353622363088
-3895263.1263126326,0.035723282469897394
-3895208.5208520866,0.035723028812484084
-3895153.91539154,0.03572277535171114
-3895099.309930994,0.03572252218759851
-3895044.704470448,0.03572226941982502
-3894990.099009902,0.03572201714768767
-3894935.4935493562,0.03572176547006116
-3894880.8880888103,0.03572151448535778
-3894826.2826282643,0.03572126429148745
-3894771.677167718,0.03572101498581818
-3894717.071707172,0.03572076666513677
-3894662.466246626,0.03572051942560986
-3894607.86078608,0.03572027336274529
-3894553.255325534,0.03572002857135393
-3894498.6498649875,0.03571978514551174
-3894444.0444044415,0.035719543178522314
-3894389.4389438955,0.0357193027628798
-3894334.8334833495,0.03571906399023225
-3894280.2280228036,0.03571882695134537
-3894225.6225622576,0.03571859173606676
-3894171.0171017116,0.03571835843329058
-3894116.411641165,0.03571812713092273
-3894061.806180619,0.03571789791584647
-3894007.200720073,0.03571767087388856
-3893952.595259527,0.035717446089785936
-3893897.989798981,0.035717223647152886
-3893843.384338435,0.03571700362844876
-3893788.778877889,0.03571678611494626
-3893734.173417343,0.035716571186700255
-3893679.567956797,0.03571635892251722
-3893624.962496251,0.03571614939992518
-3893570.357035705,0.03571594269514437
-3893515.751575159,0.03571573888305837
-3893461.1461146125,0.035715538037185975
-3893406.5406540665,0.03571534022965358
-3893351.9351935205,0.03571514553116834
-3893297.3297329745,0.03571495401099183
-3893242.7242724285,0.03571476573691448
-3893188.1188118826,0.03571458077523062
-3893133.513351336,0.0357143991907142
-3893078.90789079,0.035714221046595225
-3893024.302430244,0.03571404640453685
-3892969.696969698,0.03571387532461318
-3892915.091509152,0.03571370786528783
-3892860.486048606,0.035713544083393105
-3892805.88058806,0.03571338403410997
-3892751.275127514,0.03571322777094876
-3892696.669666968,0.03571307534573056
-3892642.064206422,0.035712926808569384
-3892587.458745876,0.03571278220785508
-3892532.85328533,0.035712641590236995
-3892478.2478247834,0.03571250500060838
-3892423.6423642375,0.03571237248209159
-3892369.0369036915,0.035712244076024
-3892314.4314431455,0.03571211982194474
-3892259.8259825995,0.03571199975758221
-3892205.2205220535,0.03571188391884232
-3892150.615061507,0.03571177233979753
-3892096.009600961,0.03571166505267674
-3892041.404140415,0.03571156208785588
-3891986.798679869,0.03571146347384929
-3891932.193219323,0.03571136923730201
-3891877.587758777,0.0357112794029827
-3891822.9822982308,0.035711193993777465
-3891768.376837685,0.03571111303068442
-3891713.771377139,0.03571103653280909
-3891659.165916593,0.03571096451736057
-3891604.560456047,0.0357108969996485
-3891549.954995501,0.03571083399308082
-3891495.3495349544,0.03571077550916235
-3891440.7440744084,0.035710721557494114
-3891386.1386138625,0.035710672145773475
-3891331.5331533165,0.03571062727979511
-3891276.9276927705,0.03571058696345269
-3891222.3222322245,0.03571055119874138
-3891167.716771678,0.03571051998576113
-3891113.111311132,0.03571049332272078
-3891058.505850586,0.03571047120594281
-3891003.90039004,0.03571045362986905
-3890949.294929494,0.035710440587066995
-3890894.689468948,0.03571043206823695
-3890840.084008402,0.03571042806221999
-3890785.4785478557,0.03571042855600652
-3890730.8730873098,0.035710433534745796
-3890676.267626764,0.03571044298175596
-3890621.662166218,0.035710456878535024
-3890567.056705672,0.03571047520477241
-3890512.4512451254,0.03571049793836136
-3890457.8457845794,0.03571052505541195
-3890403.2403240334,0.03571055653026489
-3890348.6348634874,0.03571059233550598
-3890294.0294029415,0.03571063244198132
-3890239.4239423955,0.035710676818813146
-3890184.8184818495,0.03571072543341639
-3890130.213021303,0.03571077825151588
-3890075.607560757,0.035710835237164264
-3890021.002100211,0.03571089635276049
-3889966.396639665,0.035710961559069054
-3889911.791179119,0.03571103081523977
-3889857.1857185727,0.03571110407882824
-3889802.5802580267,0.03571118130581695
-3889747.9747974807,0.035711262450636876
-3889693.3693369348,0.03571134746618983
-3889638.763876389,0.035711436303871275
-3889584.158415843,0.035711528913593776
-3889529.552955297,0.035711625243810996
-3889474.9474947504,0.035711725241542265
-3889420.3420342044,0.035711828852397653
-3889365.7365736584,0.035711936020603616
-3889311.1311131124,0.035712046689029144
-3889256.5256525665,0.035712160799212425
-3889201.92019202,0.035712278291387976
-3889147.314731474,0.035712399104514306
-3889092.709270928,0.03571252317630199
-3889038.103810382,0.03571265044324227
-3888983.498349836,0.035712780840636026
-3888928.89288929,0.03571291430262326
-3888874.287428744,0.03571305076221292
-3888819.6819681977,0.0357131901513132
-3888765.0765076517,0.03571333240076216
-3888710.4710471057,0.03571347744035883
-3888655.8655865598,0.035713625198894546
-3888601.260126014,0.03571377560418474
-3888546.6546654673,0.03571392858310105
-3888492.0492049213,0.03571408406160371
-3888437.4437443754,0.03571424196477429
-3888382.8382838294,0.035714402216848726
-3888328.2328232834,0.03571456474125062
-3888273.6273627374,0.03571472946062482
-3888219.0219021915,0.03571489629687122
-3888164.416441645,0.03571506517117887
-3888109.810981099,0.035715236004060215
-3888055.205520553,0.035715408715385616
-3888000.600060007,0.035715583224418035
-3887945.994599461,0.03571575944984791
-3887891.3891389146,0.035715937309828166
-3887836.7836783687,0.03571611672200942
-3887782.1782178227,0.03571629760357528
-3887727.5727572767,0.03571647987127782
-3887672.9672967307,0.03571666344147306
-3887618.3618361847,0.03571684823015665
-3887563.756375639,0.03571703415299956
-3887509.1509150923,0.03571722112538383
-3887454.5454545463,0.035717409062438414
-3887399.9399940004,0.035717597879075
-3887345.3345334544,0.03571778749002386
-3887290.7290729084,0.03571797780986975
-3887236.123612362,0.0357181687530877
-3887181.518151816,0.03571836023407886
-3887126.91269127,0.035718552167206256
-3887072.307230724,0.03571874446683053
-3887017.701770178,0.03571893704734553
-3886963.096309632,0.0357191298232139
-3886908.490849086,0.03571932270900252
-3886853.8853885396,0.03571951561941782
-3886799.2799279937,0.03571970846934099
-3886744.6744674477,0.035719901173863054
-3886690.0690069017,0.035720093648319705
-3886635.4635463557,0.035720285808326105
-3886580.8580858093,0.03572047756981135
-3886526.2526252633,0.03572066884905284
-3886471.6471647173,0.03572085956271035
-3886417.0417041713,0.035721049627859984
-3886362.4362436254,0.03572123896202774
-3886307.8307830794,0.03572142748322294
-3886253.2253225334,0.03572161510997135
-3886198.619861987,0.035721801761347975
-3886144.014401441,0.03572198735700964
-3886089.408940895,0.035722171817227186
-3886034.803480349,0.03572235506291738
-3885980.198019803,0.03572253701567451
-3885925.5925592566,0.035722717597801594
-3885870.9870987106,0.03572289673234124
-3885816.3816381646,0.035723074343106155
-3885761.7761776187,0.03572325035470927
-3885707.1707170727,0.03572342469259342
-3885652.5652565267,0.0357235972830607
-3885597.9597959807,0.035723768053301366
-3885543.3543354343,0.03572393693142225
-3885488.7488748883,0.03572410384647484
-3885434.1434143423,0.03572426872848286
-3885379.5379537963,0.03572443150846935
-3885324.9324932504,0.03572459211848336
-3885270.327032704,0.03572475049162609
-3885215.721572158,0.03572490656207657
-3885161.116111612,0.03572506026511685
-3885106.510651066,0.03572521153715669
-3885051.90519052,0.03572536031575763
-3884997.299729974,0.035725506539656726
-3884942.694269428,0.03572565014878952
-3884888.0888088816,0.035725791084312675
-3884833.4833483356,0.0357259292886259
-3884778.8778877896,0.035726064705393405
-3884724.2724272436,0.035726197279564754
-3884669.6669666977,0.03572632695739515
-3884615.061506151,0.035726453686465126
-3884560.4560456052,0.03572657741569964
-3884505.8505850593,0.03572669809538661
-3884451.2451245133,0.03572681567719481
-3884396.6396639673,0.035726930114191174
-3884342.0342034213,0.03572704136085744
-3884287.4287428753,0.035727149373106275
-3884232.823282329,0.03572725410829663
-3884178.217821783,0.0357273555252486
-3884123.612361237,0.035727453584257565
-3884069.006900691,0.03572754824710772
-3884014.401440145,0.03572763947708492
-3883959.7959795985,0.03572772723898894
-3883905.1905190526,0.03572781149914506
-3883850.5850585066,0.03572789222541492
-3883795.9795979606,0.035727969387206834
-3883741.3741374146,0.035728042955485366
-3883686.7686768686,0.03572811290278023
-3883632.1632163227,0.0357281792031946
-3883577.557755776,0.03572824183241264
-3883522.9522952302,0.03572830076770645
-3883468.3468346843,0.03572835598794232
-3883413.7413741383,0.03572840747358627
-3883359.1359135923,0.03572845520670897
-3883304.5304530463,0.03572849917098992
-3883249.9249925,0.03572853935172102
-3883195.319531954,0.03572857573580942
-3883140.714071408,0.035728608311779694
-3883086.108610862,0.03572863706977538
-3883031.503150316,0.035728662001559774
-3882976.89768977,0.03572868310051611
-3882922.2922292235,0.03572870036164706
-3882867.6867686776,0.035728713781573496
-3882813.0813081316,0.0357287233585327
-3882758.4758475856,0.035728729092375774
-3882703.8703870396,0.03572873098456452
-3882649.2649264936,0.03572872903816752
-3882594.659465947,0.03572872325785566
-3882540.054005401,0.035728713649896965
-3882485.448544855,0.03572870022215076
-3882430.8430843093,0.035728682984061205
-3882376.2376237633,0.03572866194665017
-3882321.6321632173,0.0357286371225095
-3882267.026702671,0.0357286085257926
-3882212.421242125,0.035728576172205394
-3882157.815781579,0.0357285400789967
-3882103.210321033,0.03572850026494795
-3882048.604860487,0.03572845675036227
-3881993.999399941,0.03572840955705301
-3881939.3939393945,0.03572835870833161
-3881884.7884788485,0.03572830422899491
-3881830.1830183025,0.03572824614531185
-3881775.5775577566,0.035728184485009584
-3881720.9720972106,0.035728119277259
-3881666.3666366646,0.03572805055265973
-3881611.761176118,0.035727978343224505
-3881557.155715572,0.03572790268236304
-3881502.550255026,0.0357278236048653
-3881447.94479448,0.0357277411468843
-3881393.3393339342,0.035727655345918256
-3881338.7338733883,0.035727566240792395
-3881284.128412842,0.035727473871640034
-3881229.522952296,0.03572737827988333
-3881174.91749175,0.03572727950821343
-3881120.312031204,0.03572717760057019
-3881065.706570658,0.03572707260212135
-3881011.101110112,0.035726964559241334
-3880956.495649566,0.03572685351948948
-3880901.8901890195,0.035726739531587934
-3880847.2847284735,0.03572662264539899
-3880792.6792679275,0.03572650291190211
-3880738.0738073816,0.03572638038317043
-3880683.4683468356,0.035726255112346936
-3880628.862886289,0.03572612715362018
-3880574.257425743,0.035725996562199665
-3880519.651965197,0.03572586339429078
-3880465.046504651,0.03572572770706946
-3880410.441044105,0.03572558955865643
-3880355.8355835592,0.03572544900809111
-3880301.2301230133,0.03572530611530524
-3880246.624662467,0.03572516094109612
-3880192.019201921,0.03572501354709957
-3880137.413741375,0.03572486399576262
-3880082.808280829,0.03572471235031587
-3880028.202820283,0.035724558674745624
-3879973.5973597365,0.03572440303376572
-3879918.9918991905,0.035724245492789145
-3879864.3864386445,0.035724086117899394
-3879809.7809780985,0.03572392497582164
-3879755.1755175525,0.03572376213389365
-3879700.5700570066,0.03572359766003652
-3879645.9645964606,0.03572343162272523
-3879591.359135914,0.03572326409095905
-3879536.753675368,0.03572309513423171
-3879482.148214822,0.03572292482250152
-3879427.542754276,0.03572275322616127
-3879372.93729373,0.03572258041600808
-3879318.3318331838,0.03572240646321305
-3879263.726372638,0.035722231439290944
-3879209.120912092,0.03572205541606964
-3879154.515451546,0.03572187846565964
-3879099.909991,0.03572170066042344
-3879045.304530454,0.035721522072944864
-3878990.699069908,0.035721342775998415
-3878936.0936093614,0.03572116284251856
-3878881.4881488155,0.035720982345569016
-3878826.8826882695,0.03572080135831203
-3878772.2772277235,0.03572061995397773
-3878717.6717671775,0.03572043820583345
-3878663.066306631,0.035720256187153104
-3878608.460846085,0.035720073971186664
-3878553.855385539,0.03571989163112965
-3878499.249924993,0.03571970924009273
-3878444.644464447,0.03571952687107143
-3878390.039003901,0.0357193445969159
-3878335.433543355,0.03571916249030084
-3878280.8280828088,0.03571898062369555
-3878226.222622263,0.03571879906933413
-3878171.617161717,0.03571861789918579
-3878117.011701171,0.03571843718492539
-3878062.406240625,0.03571825699790413
-3878007.8007800784,0.0357180774091204
-3877953.1953195324,0.035717898489190894
-3877898.5898589864,0.035717720308321904
-3877843.9843984405,0.03571754293628084
-3877789.3789378945,0.035717366442367976
-3877734.7734773485,0.035717190895388475
-3877680.1680168025,0.03571701636362465
-3877625.562556256,0.0357168429148085
-3877570.95709571,0.03571667061609455
-3877516.351635164,0.035716499534032935
-3877461.746174618,0.03571632973454283
-3877407.140714072,0.03571616128288617
-3877352.5352535257,0.03571599424364172
-3877297.9297929797,0.03571582868067943
-3877243.3243324338,0.03571566465713518
-3877188.718871888,0.03571550223538588
-3877134.113411342,0.03571534147702488
-3877079.507950796,0.03571518244283781
-3877024.90249025,0.03571502519277877
-3876970.2970297034,0.035714869785946915
-3876915.6915691574,0.03571471628056348
-3876861.0861086114,0.03571456473394914
-3876806.4806480655,0.035714415202501834
-3876751.8751875195,0.03571426774167502
-3876697.269726973,0.03571412240595636
-3876642.664266427,0.03571397924884681
-3876588.058805881,0.03571383832284021
-3876533.453345335,0.03571369967940331
-3876478.847884789,0.03571356336895625
-3876424.242424243,0.03571342944085354
-3876369.636963697,0.03571329794336548
-3876315.0315031507,0.03571316892366012
-3876260.4260426047,0.03571304242778565
-3876205.8205820587,0.03571291850065334
-3876151.2151215128,0.03571279718602096
-3876096.609660967,0.03571267852647673
-3876042.0042004203,0.03571256256342372
-3875987.3987398744,0.035712449337064925
-3875932.7932793284,0.03571233888638867
-3875878.1878187824,0.03571223124915468
-3875823.5823582364,0.03571212646188069
-3875768.9768976904,0.0357120245598295
-3875714.3714371445,0.03571192557699667
-3875659.765976598,0.035711829546098736
-3875605.160516052,0.035711736498561956
-3875550.555055506,0.03571164646451164
-3875495.94959496,0.035711559472762035
-3875441.344134414,0.03571147555080679
-3875386.7386738677,0.035711394724809935
-3875332.1332133217,0.035711317019597504
-3875277.5277527757,0.03571124245864967
-3875222.9222922297,0.0357111710640935
-3875168.3168316837,0.03571110285669622
-3875113.7113711378,0.03571103785585916
-3875059.105910592,0.03571097607961219
-3875004.5004500453,0.03571091754460875
-3874949.8949894994,0.035710862266121524
-3874895.2895289534,0.035710810258038614
-3874840.6840684074,0.035710761532860354
-3874786.0786078614,0.03571071610169668
-3874731.473147315,0.035710673974265104
-3874676.867686769,0.03571063515888924
-3874622.262226223,0.03571059966249795
-3874567.656765677,0.035710567490625025
-3874513.051305131,0.03571053864740952
-3874458.445844585,0.03571051313559659
-3874403.840384039,0.035710490956538936
-3874349.2349234927,0.035710472110198836
-3874294.6294629467,0.035710456595150764
-3874240.0240024007,0.035710444408584535
-3874185.4185418547,0.035710435546309045
-3874130.8130813087,0.035710430002756616
-3874076.2076207628,0.035710427770987825
-3874021.6021602163,0.03571042884269696
-3873966.9966996703,0.03571043320821804
-3873912.3912391244,0.03571044085653129
-3873857.7857785784,0.03571045177527034
-3873803.1803180324,0.035710465950729776
-3873748.5748574864,0.0357104833678734
-3873693.96939694,0.035710504010342925
-3873639.363936394,0.03571052786046724
-3873584.758475848,0.03571055489927221
-3873530.153015302,0.035710585106490986
-3873475.547554756,0.03571061846057484
-3873420.94209421,0.035710654938704504
-3873366.3366336636,0.035710694516802054
-3873311.7311731176,0.03571073716954321
-3873257.1257125717,0.03571078287037027
-3873202.5202520257,0.03571083159150537
-3873147.9147914797,0.035710883303964366
-3873093.3093309337,0.035710937977571106
-3873038.7038703873,0.035710995580972224
-3872984.0984098413,0.035711056081652336
-3872929.4929492953,0.03571111944594979
-3872874.8874887493,0.035711185639072746
-3872820.2820282034,0.03571125462511577
-3872765.6765676574,0.03571132636707688
-3872711.071107111,0.03571140082687493
-3872656.465646565,0.0357114779653675
-3872601.860186019,0.035711557742369136
-3872547.254725473,0.03571164011667004
-3872492.649264927,0.03571172504605509
-3872438.043804381,0.0357118124873233
-3872383.4383438346,0.03571190239630764
-3872328.8328832886,0.03571199472789519
-3872274.2274227426,0.03571208943604769
-3872219.6219621967,0.03571218647382244
-3872165.0165016507,0.03571228579339348
-3872110.4110411047,0.03571238734607317
-3872055.8055805583,0.035712491082334055
-3872001.2001200123,0.03571259695183104
-3871946.5946594663,0.035712704903423875
-3871891.9891989203,0.0357128148851999
-3871837.3837383743,0.035712926844497145
-3871782.7782778284,0.03571304072792758
-3871728.1728172824,0.03571315648140075
-3871673.567356736,0.03571327405014756
-3871618.96189619,0.0357133933787444
-3871564.356435644,0.035713514411137355
-3871509.750975098,0.03571363709066681
-3871455.145514552,0.035713761360092085
-3871400.5400540056,0.035713887161616435
-3871345.9345934596,0.03571401443691209
-3871291.3291329136,0.035714143127145576
-3871236.7236723676,0.03571427317300312
-3871182.1182118217,0.035714404514716275
-3871127.5127512757,0.03571453709208769
-3871072.9072907297,0.035714670844516905
-3871018.3018301832,0.03571480571102642
-3870963.6963696373,0.03571494163028776
-3870909.0909090913,0.03571507854064767
-3870854.4854485453,0.03571521638015445
-3870799.8799879993,0.03571535508658427
-3870745.274527453,0.03571549459746765
-3870690.669066907,0.03571563485011591
-3870636.063606361,0.03571577578164772
-3870581.458145815,0.03571591732901564
-3870526.852685269,0.03571605942903277
-3870472.247224723,0.03571620201839926
-3870417.641764177,0.03571634503372895
-3870363.0363036306,0.03571648841157596
-3870308.4308430846,0.035716632088461216
-3870253.8253825386,0.035716776000899016
-3870199.2199219926,0.035716920085423466
-3870144.6144614466,0.03571706427861494
-3870090.0090009,0.035717208517126425
-3870035.403540354,0.0357173527377098
-3869980.7980798082,0.03571749687724201
-3869926.1926192623,0.03571764087275121
-3869871.5871587163,0.035717784661442716
-3869816.9816981703,0.035717928180724834
-3869762.3762376243,0.035718071368234655
-3869707.770777078,0.035718214161863625
-3869653.165316532,0.03571835649978296
-3869598.559855986,0.035718498320468944
-3869543.95439544,0.035718639562728055
-3869489.348934894,0.03571878016572183
-3869434.7434743475,0.03571892006899167
-3869380.1380138015,0.03571905921248329
-3869325.5325532556,0.03571919753657111
-3869270.9270927096,0.035719334982082296
-3869216.3216321636,0.03571947149032065
-3869161.7161716176,0.03571960700309022
-3869107.1107110716,0.03571974146271869
-3869052.505250525,0.035719874812080464
-3868997.899789979,0.03572000699461953
-3868943.2943294332,0.03572013795437203
-3868888.6888688873,0.03572026763598853
-3868834.0834083413,0.03572039598475601
-3868779.477947795,0.03572052294661952
-3868724.872487249,0.035720648468203595
-3868670.267026703,0.03572077249683325
-3868615.661566157,0.035720894980554745
-3868561.056105611,0.03572101586815594
-3868506.450645065,0.03572113510918633
-3868451.845184519,0.035721252653976736
-3868397.2397239725,0.03572136845365863
-3868342.6342634265,0.03572148246018309
-3868288.0288028806,0.035721594626339385
-3868233.4233423346,0.03572170490577316
-3868178.8178817886,0.03572181325300426
-3868124.212421242,0.03572191962344416
-3868069.606960696,0.03572202397341293
-3868015.00150015,0.0357221262601559
-3867960.396039604,0.03572222644185981
-3867905.790579058,0.03572232447766859
-3867851.1851185123,0.035722420327698734
-3867796.5796579663,0.03572251395305415
-3867741.97419742,0.03572260531584069
-3867687.368736874,0.035722694379180166
-3867632.763276328,0.03572278110722392
-3867578.157815782,0.03572286546516598
-3867523.552355236,0.03572294741925572
-3867468.9468946895,0.03572302693681007
-3867414.3414341435,0.035723103986225274
-3867359.7359735975,0.035723178536988164
-3867305.1305130515,0.035723250559686955
-3867250.5250525055,0.03572332002602159
-3867195.9195919596,0.035723386908813576
-3867141.3141314136,0.035723451182015316
-3867086.708670867,0.03572351282071905
-3867032.103210321,0.03572357180116516
-3866977.497749775,0.03572362810075011
-3866922.892289229,0.035723681698033846
-3866868.286828683,0.03572373257274666
-3866813.681368137,0.035723780705795606
-3866759.075907591,0.035723826079270424
-3866704.470447045,0.03572386867644887
-3866649.864986499,0.03572390848180168
-3866595.259525953,0.03572394548099691
-3866540.654065407,0.03572397966090382
-3866486.048604861,0.03572401100959627
-3866431.4431443145,0.03572403951635556
-3866376.8376837685,0.03572406517167281
-3866322.2322232225,0.035724087967250774
-3866267.6267626765,0.03572410789600522
-3866213.0213021305,0.03572412495206574
-3866158.415841584,0.03572413913077611
-3866103.810381038,0.03572415042869405
-3866049.204920492,0.035724158843590606
-3865994.599459946,0.035724164374448926
-3865939.9939994,0.03572416702146258
-3865885.388538854,0.03572416678603336
-3865830.783078308,0.03572416367076859
-3865776.177617762,0.03572415767947795
-3865721.572157216,0.03572414881716981
-3865666.96669667,0.03572413709004697
-3865612.361236124,0.035724122505502116
-3865557.755775578,0.035724105072112565
-3865503.1503150314,0.03572408479963467
-3865448.5448544854,0.0357240616989977
-3865393.9393939395,0.03572403578229724
-3865339.3339333935,0.03572400706278812
-3865284.7284728475,0.035723975554876865
-3865230.1230123015,0.035723941274113685
-3865175.5175517555,0.03572390423718404
-3865120.912091209,0.03572386446189964
-3865066.306630663,0.03572382196718914
-3865011.701170117,0.03572377677308825
-3864957.095709571,0.0357237289007295
-3864902.490249025,0.03572367837233149
-3864847.8847884787,0.035723625211187764
-3864793.2793279327,0.03572356944165522
-3864738.6738673868,0.03572351108914213
-3864684.068406841,0.0357234501800957
-3864629.462946295,0.03572338674198924
-3864574.857485749,0.035723320803308964
-3864520.252025203,0.03572325239354031
-3864465.6465646564,0.03572318154315394
-3864411.0411041104,0.035723108283591334
-3864356.4356435644,0.03572303264724999
-3864301.8301830185,0.03572295466746824
-3864247.2247224725,0.03572287437850976
-3864192.6192619265,0.03572279181554764
-3864138.01380138,0.035722707014648164
-3864083.408340834,0.03572262001275424
-3864028.802880288,0.03572253084766843
-3863974.197419742,0.03572243955803576
-3863919.591959196,0.0357223461833261
-3863864.98649865,0.0357222507638163
-3863810.3810381037,0.035722153340571994
-3863755.7755775577,0.035722053955429114
-3863701.1701170118,0.0357219526509751
-3863646.564656466,0.03572184947052987
-3863591.95919592,0.035721744458126446
-3863537.353735374,0.0357216376584914
-3863482.7482748274,0.03572152911702497
-3863428.1428142814,0.03572141887978098
-3863373.5373537354,0.03572130699344651
-3863318.9318931894,0.03572119350532129
-3863264.3264326435,0.03572107846329699
-3863209.7209720975,0.035720961915836145
-3863155.115511551,0.035720843911950996
-3863100.510051005,0.0357207245011821
-3863045.904590459,0.03572060373357673
-3862991.299129913,0.03572048165966717
-3862936.693669367,0.03572035833044875
-3862882.088208821,0.0357202337973578
-3862827.4827482747,0.035720108112249425
-3862772.8772877287,0.035719981327375167
-3862718.2718271827,0.035719853495360505
-3862663.6663666368,0.03571972466918227
-3862609.060906091,0.035719594902145935
-3862554.455445545,0.035719464247862785
-3862499.8499849983,0.03571933276022707
-3862445.2445244524,0.035719200493392986
-3862390.6390639064,0.03571906750175166
-3862336.0336033604,0.035718933839908054
-3862281.4281428144,0.03571879956265777
-3862226.8226822685,0.035718664724963906
-3862172.217221722,0.03571852938193379
-3862117.611761176,0.03571839358879577
-3862063.00630063,0.03571825740087595
-3862008.400840084,0.0357181208735749
-3861953.795379538,0.03571798406234446
-3861899.189918992,0.035717847022664465
-3861844.584458446,0.035717709810019566
-3861789.9789978997,0.03571757247987604
-3861735.3735373537,0.0357174350876587
-3861680.7680768077,0.0357172976887278
-3861626.1626162617,0.035717160338356056
-3861571.557155716,0.035717023091705706
-3861516.9516951693,0.0357168860038057
-3861462.3462346233,0.035716749129528914
-3861407.7407740774,0.03571661252356954
-3861353.1353135314,0.03571647624042054
-3861298.5298529854,0.03571634033435124
-3861243.9243924394,0.03571620485938507
-3861189.3189318934,0.03571606986927739
-3861134.713471347,0.03571593541749352
-3861080.108010801,0.03571580155718695
-3861025.502550255,0.03571566834117757
-3860970.897089709,0.0357155358219303
-3860916.291629163,0.0357154040515337
-3860861.6861686166,0.0357152730816789
-3860807.0807080707,0.035715142963638646
-3860752.4752475247,0.03571501374824666
-3860697.8697869787,0.03571488548587708
-3860643.2643264327,0.03571475822642427
-3860588.6588658867,0.03571463201928271
-3860534.0534053408,0.0357145069133273
-3860479.4479447943,0.03571438295689377
-3860424.8424842483,0.0357142601977594
-3860370.2370237024,0.035714138683124036
-3860315.6315631564,0.035714018459591323
-3860261.0261026104,0.03571389957315026
-3860206.420642064,0.03571378206915699
-3860151.815181518,0.035713665992316984
-3860097.209720972,0.03571355138666738
-3860042.604260426,0.03571343829555977
-3859987.99879988,0.035713326761643224
-3859933.393339334,0.03571321682684764
-3859878.787878788,0.03571310853236743
-3859824.1824182416,0.03571300191864557
-3859769.5769576957,0.035712897025357945
-3859714.9714971497,0.03571279389139806
-3859660.3660366037,0.03571269255486208
-3859605.7605760577,0.03571259305303428
-3859551.1551155113,0.03571249542237279
-3859496.5496549653,0.03571239969849578
-3859441.9441944193,0.03571230591616794
-3859387.3387338733,0.03571221410928738
-3859332.7332733274,0.03571212431087294
-3859278.1278127814,0.03571203655305185
-3859223.5223522354,0.03571195086704775
-3859168.916891689,0.03571186728316919
-3859114.311431143,0.03571178583079847
-3859059.705970597,0.035711706538380884
-3859005.100510051,0.03571162943341442
-3858950.495049505,0.0357115545424398
-3858895.8895889586,0.035711481891031016
-3858841.2841284126,0.03571141150378622
-3858786.6786678666,0.03571134340431906
-3858732.0732073206,0.03571127761525043
-3858677.4677467747,0.03571121415820069
-3858622.8622862287,0.035711153053782245
-3858568.2568256827,0.03571109432159261
-3858513.6513651363,0.03571103798020792
-3858459.0459045903,0.03571098404717678
-3858404.4404440443,0.03571093253901469
-3858349.8349834983,0.035710883471198815
-3858295.2295229523,0.03571083685816321
-3858240.624062406,0.03571079271329453
-3858186.01860186,0.035710751048928145
-3858131.413141314,0.03571071187634469
-3858076.807680768,0.035710675205767095
-3858022.202220222,0.03571064104635806
-3857967.596759676,0.03571060940621791
-3857912.99129913,0.03571058029238302
-3857858.3858385836,0.03571055371082455
-3857803.7803780376,0.03571052966644773
-3857749.1749174916,0.0357105081630915
-3857694.5694569456,0.03571048920352871
-3857639.9639963997,0.035710472789466666
-3857585.358535853,0.035710458921548116
-3857530.7530753072,0.03571044759935278
-3857476.1476147613,0.035710438821399224
-3857421.5421542153,0.03571043258514718
-3857366.9366936693,0.035710428887000364
-3857312.3312331233,0.035710427722309666
-3857257.7257725773,0.03571042908537683
-3857203.120312031,0.03571043296945851
-3857148.514851485,0.03571043936677077
-3857093.909390939,0.03571044826849406
-3857039.303930393,0.03571045966477854
-3856984.698469847,0.03571047354474989
-3856930.0930093005,0.03571048989651548
-3856875.4875487546,0.035710508707171004
-3856820.8820882086,0.03571052996280749
-3856766.2766276626,0.035710553648518766
-3856711.6711671166,0.03571057974840922
-3856657.0657065706,0.035710608245602134
-3856602.4602460247,0.03571063912224823
-3856547.854785478,0.03571067235953472
-3856493.249324932,0.035710707937694756
-3856438.6438643862,0.035710745836017146
-3856384.0384038403,0.03571078603285659
-3856329.4329432943,0.03571082850564417
-3856274.827482748,0.03571087323089832
-3856220.222022202,0.03571092018423601
-3856165.616561656,0.03571096934038448
-3856111.01110111,0.03571102067319315
-3856056.405640564,0.03571107415564597
-3856001.800180018,0.03571112975987409
-3855947.194719472,0.03571118745716888
-3855892.5892589255,0.035711247217995234
-3855837.9837983795,0.03571130901200526
-3855783.3783378336,0.03571137280805223
-3855728.7728772876,0.03571143857420486
-3855674.1674167416,0.03571150627776194
-3855619.561956195,0.03571157588526718
-3855564.956495649,0.035711647362524385
-3855510.351035103,0.03571172067461296
-3855455.745574557,0.03571179578590358
-3855401.1401140112,0.035711872660074286
-3855346.5346534653,0.03571195126012667
-3855291.9291929193,0.03571203154840246
-3855237.323732373,0.03571211348660028
-3855182.718271827,0.03571219703579265
-3855128.112811281,0.035712282156443266
-3855073.507350735,0.03571236880842446
-3855018.901890189,0.03571245695103491
-3854964.296429643,0.03571254654301752
-3854909.6909690965,0.035712637542577565
-3854855.0855085505,0.035712729907400965
-3854800.4800480045,0.03571282359467281
-3854745.8745874586,0.035712918561095985
-3854691.2691269126,0.035713014762910084
-3854636.6636663666,0.03571311215591033
-3854582.05820582,0.03571321069546682
-3854527.452745274,0.035713310336543756
-3854472.847284728,0.03571341103371896
-3854418.241824182,0.0357135127412034
-3854363.6363636362,0.03571361541286092
-3854309.0309030903,0.03571371900222805
-3854254.425442544,0.03571382346253388
-3854199.819981998,0.03571392874672012
-3854145.214521452,0.03571403480746122
-3854090.609060906,0.03571414159718447
-3854036.00360036,0.03571424906809033
-3853981.398139814,0.0357143571721727
-3853926.7926792675,0.035714465861239324
-3853872.1872187215,0.035714575086932154
-3853817.5817581755,0.035714684800747847
-3853762.9762976295,0.03571479495405822
-3853708.3708370836,0.035714905498130764
-3853653.7653765376,0.03571501638414913
-3853599.159915991,0.03571512756323366
-3853544.554455445,0.03571523898646188
-3853489.948994899,0.035715350604889014
-3853435.343534353,0.035715462369568414
-3853380.738073807,0.035715574231572046
-3853326.132613261,0.03571568614201083
-3853271.527152715,0.035715798052055034
-3853216.921692169,0.03571590991295455
-3853162.316231623,0.03571602167605912
-3853107.710771077,0.03571613329283847
-3853053.105310531,0.03571624471490244
-3852998.499849985,0.03571635589402086
-3852943.8943894384,0.03571646678214356
-3852889.2889288925,0.035716577331420044
-3852834.6834683465,0.03571668749421921
-3852780.0780078005,0.035716797223148855
-3852725.4725472545,0.03571690647107511
-3852670.8670867085,0.035717015191141704
-3852616.2616261626,0.03571712333678908
-3852561.656165616,0.03571723086177337
-3852507.05070507,0.03571733772018522
-3852452.445244524,0.0357174438664684
-3852397.839783978,0.03571754925543831
-3852343.234323432,0.035717653842300225
-3852288.6288628858,0.0357177575826674
-3852234.02340234,0.03571786043257896
-3852179.417941794,0.03571796234851758
-3852124.812481248,0.03571806328742697
-3852070.207020702,0.03571816320672912
-3852015.601560156,0.03571826206434132
-3851960.99609961,0.03571835981869296
-3851906.3906390634,0.03571845642874211
-3851851.7851785175,0.03571855185399177
-3851797.1797179715,0.03571864605450598
-3851742.5742574255,0.035718738990925605
-3851687.9687968795,0.03571883062448382
-3851633.363336333,0.035718920917021425
-3851578.757875787,0.035719009831001826
-3851524.152415241,0.0357190973295257
-3851469.546954695,0.0357191833763454
-3851414.941494149,0.035719267935879144
-3851360.336033603,0.03571935097322474
-3851305.730573057,0.035719432454173174
-3851251.1251125108,0.035719512345221756
-3851196.519651965,0.035719590613587045
-3851141.914191419,0.035719667227217394
-3851087.308730873,0.03571974215480521
-3851032.703270327,0.03571981536579885
-3850978.0978097804,0.035719886830414216
-3850923.4923492344,0.03571995651964599
-3850868.8868886884,0.035720024405278536
-3850814.2814281425,0.035720090459896436
-3850759.6759675965,0.03572015465689474
-3850705.0705070505,0.03572021697048874
-3850650.4650465045,0.035720277375723544
-3850595.859585958,0.03572033584848316
-3850541.254125412,0.03572039236549925
-3850486.648664866,0.035720446904359604
-3850432.04320432,0.03572049944351607
-3850377.437743774,0.03572054996229228
-3850322.8322832277,0.03572059844089092
-3850268.2268226817,0.03572064486040063
-3850213.6213621357,0.03572068920280252
-3850159.0159015898,0.035720731450976324
-3850104.410441044,0.03572077158870616
-3850049.804980498,0.03572080960068588
-3849995.199519952,0.03572084547252409
-3849940.5940594054,0.035720879190748706
-3849885.9885988594,0.035720910742811196
-3849831.3831383134,0.035720940117090365
-3849776.7776777674,0.03572096730289579
-3849722.1722172215,0.03572099229047084
-3849667.566756675,0.03572101507099532
-3849612.961296129,0.03572103563658769
-3849558.355835583,0.035721053980306935
-3849503.750375037,0.03572107009615398
-3849449.144914491,0.03572108397907278
-3849394.539453945,0.03572109562495096
-3849339.933993399,0.035721105030620065
-3849285.3285328527,0.03572111219385546
-3849230.7230723067,0.03572111711337578
-3849176.1176117607,0.03572111978884204
-3849121.5121512148,0.0357211202208563
-3849066.906690669,0.03572111841095999
-3849012.3012301223,0.035721114361631806
-3848957.6957695764,0.03572110807628524
-3848903.0903090304,0.03572109955926573
-3848848.4848484844,0.035721088815847395
-3848793.8793879384,0.035721075852229424
-3848739.2739273924,0.03572106067553206
-3848684.6684668465,0.03572104329379222
-3848630.0630063,0.03572102371595872
-3848575.457545754,0.03572100195188716
-3848520.852085208,0.035720978012334405
-3848466.246624662,0.03572095190895272
-3848411.641164116,0.03572092365428351
-3848357.0357035697,0.03572089326175078
-3848302.4302430237,0.035720860745654094
-3848247.8247824777,0.03572082612116134
-3848193.2193219317,0.03572078940430104
-3848138.6138613857,0.03572075061195432
-3848084.0084008398,0.035720709761846596
-3848029.402940294,0.03572066687253884
-3847974.7974797473,0.035720621963418596
-3847920.1920192013,0.03572057505469058
-3847865.5865586554,0.035720526167367046
-3847810.9810981094,0.035720475323257714
-3847756.3756375634,0.035720422544959496
-3847701.770177017,0.03572036785584585
-3847647.164716471,0.035720311280055816
-3847592.559255925,0.035720252842482786
-3847537.953795379,0.035720192568762944
-3847483.348334833,0.03572013048526345
-3847428.742874287,0.0357200666190703
-3847374.137413741,0.035720000997975905
-3847319.5319531946,0.035719933650466454
-3847264.9264926487,0.03571986460570892
-3847210.3210321027,0.035719793893537855
-3847155.7155715567,0.03571972154444192
-3847101.1101110107,0.03571964758955016
-3847046.5046504643,0.03571957206061803
-3846991.8991899183,0.03571949499001316
-3846937.2937293723,0.03571941641070095
-3846882.6882688263,0.03571933635622984
-3846828.0828082804,0.03571925486071647
-3846773.4773477344,0.03571917195883051
-3846718.8718871884,0.0357190876857794
-3846664.266426642,0.0357190020772928
-3846609.660966096,0.035718915169606846
-3846555.05550555,0.03571882699944832
-3846500.450045004,0.035718737604018495
-3846445.844584458,0.035718647020976935
-3846391.2391239116,0.03571855528842502
-3846336.6336633656,0.035718462444889416
-3846282.0282028196,0.03571836852930529
-3846227.4227422737,0.03571827358099945
-3846172.8172817277,0.03571817763967336
-3846118.2118211817,0.03571808074538592
-3846063.6063606357,0.03571798293853625
-3846009.0009000893,0.03571788425984629
-3845954.3954395433,0.03571778475034326
-3845899.7899789973,0.03571768445134215
-3845845.1845184513,0.03571758340442792
-3845790.5790579054,0.03571748165143781
-3845735.973597359,0.03571737923444344
-3845681.368136813,0.035717276195732874
-3845626.762676267,0.035717172577792666
-3845572.157215721,0.03571706842328979
-3845517.551755175,0.035716963775053526
-3845462.946294629,0.03571685867605735
-3845408.340834083,0.03571675316940078
-3845353.7353735366,0.035716647298291125
-3845299.1299129906,0.035716541106025325
-3845244.5244524446,0.0357164346359717
-3845189.9189918987,0.03571632793155173
-3845135.3135313527,0.03571622103622185
-3845080.7080708067,0.035716113993455215
-3845026.1026102602,0.03571600684672354
-3844971.4971497143,0.03571589963947891
-3844916.8916891683,0.035715792415135686
-3844862.2862286223,0.03571568521705239
-3844807.6807680763,0.0357155780885137
-3844753.0753075304,0.03571547107271248
-3844698.469846984,0.03571536421273183
-3844643.864386438,0.035715257551527296
-3844589.258925892,0.03571515113190908
-3844534.653465346,0.035715044996524385
-3844480.0480048,0.035714939187839835
-3844425.442544254,0.03571483374812401
-3844370.8370837076,0.03571472871943006
-3844316.2316231616,0.03571462414357846
-3844261.6261626156,0.035714520062139904
-3844207.0207020696,0.03571441651641828
-3844152.4152415236,0.035714313547433825
-3844097.8097809777,0.03571421119590639
-3844043.204320431,0.03571410950223888
-3843988.5988598852,0.03571400850650086
-3843933.9933993393,0.03571390824841227
-3843879.3879387933,0.03571380876732739
-3843824.7824782473,0.03571371010221889
-3843770.1770177013,0.035713612291662145
-3843715.571557155,0.03571351537381969
-3843660.966096609,0.035713419386425915
-3843606.360636063,0.03571332436677187
-3843551.755175517,0.035713230351690384
-3843497.149714971,0.03571313737754135
-3843442.544254425,0.035713045480197214
-3843387.9387938785,0.03571295469502871
-3843333.3333333326,0.03571286505689084
-3843278.7278727866,0.035712776600109034
-3843224.1224122406,0.035712689358465596
-3843169.5169516946,0.03571260336518643
-3843114.9114911486,0.03571251865292793
-3843060.306030602,0.03571243525376419
-3843005.700570056,0.035712353199174436
-3842951.0951095102,0.0357122725200308
-3842896.4896489643,0.035712193246586255
-3842841.8841884183,0.03571211540846291
-3842787.2787278723,0.03571203903464058
-3842732.6732673263,0.03571196415344557
-3842678.06780678,0.03571189079253983
-3842623.462346234,0.03571181897891037
-3842568.856885688,0.03571174873885896
-3842514.251425142,0.03571168009799217
-3842459.645964596,0.03571161308121165
-3842405.0405040495,0.03571154771270479
-3842350.4350435035,0.03571148401593563
-3842295.8295829576,0.03571142201363615
-3842241.2241224116,0.035711361727797805
-3842186.6186618656,0.03571130317966346
-3842132.0132013196,0.03571124638971954
-3842077.4077407736,0.03571119137768867
-3842022.802280227,0.03571113816252244
-3841968.196819681,0.03571108676239472
-3841913.591359135,0.03571103719469511
-3841858.9858985892,0.03571098947602287
-3841804.3804380433,0.03571094362218113
-3841749.774977497,0.03571089964817141
-3841695.169516951,0.035710857568188585
-3841640.564056405,0.03571081739561607
-3841585.958595859,0.03571077914302141
-3841531.353135313,0.035710742822152274
-3841476.747674767,0.03571070844393266
-3841422.142214221,0.03571067601845961
-3841367.5367536745,0.03571064555500011
-3841312.9312931285,0.03571061706198847
-3841258.3258325825,0.03571059054702402
-3841203.7203720366,0.03571056601686911
-3841149.1149114906,0.03571054347744752
-3841094.509450944,0.035710522933843206
-3841039.903990398,0.035710504390299366
-3840985.298529852,0.035710487850217916
-3840930.693069306,0.035710473316159286
-3840876.08760876,0.035710460789842524
-3840821.4821482142,0.03571045027214586
-3840766.8766876683,0.03571044176310751
-3840712.271227122,0.03571043526192689
-3840657.665766576,0.035710430766966166
-3840603.06030603,0.03571042827575214
-3840548.454845484,0.0357104277849785
-3840493.849384938,0.0357104292905084
-3840439.2439243915,0.03571043278737737
-3840384.6384638455,0.03571043826979664
-3840330.0330032995,0.03571044573115668
-3840275.4275427535,0.035710455164031166
-3840220.8220822075,0.0357104665601813
-3840166.2166216616,0.03571047991056037
-3840111.6111611156,0.035710495205318736
-3840057.005700569,0.03571051243380906
-3840002.400240023,0.03571053158459194
-3839947.794779477,0.03571055264544182
-3839893.189318931,0.03571057560335321
-3839838.583858385,0.035710600444547255
-3839783.978397839,0.035710627154478626
-3839729.372937293,0.03571065571784265
-3839674.767476747,0.03571068611858284
-3839620.162016201,0.03571071833989868
-3839565.556555655,0.03571075236425366
-3839510.951095109,0.03571078817338374
-3839456.345634563,0.035710825748305954
-3839401.7401740164,0.03571086506932742
-3839347.1347134705,0.03571090611605457
-3839292.5292529245,0.035710948867402656
-3839237.9237923785,0.03571099330160558
-3839183.3183318325,0.035711039396225955
-3839128.712871286,0.03571108712816543
-3839074.10741074,0.035711136473675305
-3839019.501950194,0.03571118740836736
-3838964.896489648,0.03571123990722498
-3838910.291029102,0.03571129394461451
-3838855.685568556,0.03571134949429683
-3838801.08010801,0.03571140652943918
-3838746.4746474638,0.035711465022627245
-3838691.869186918,0.035711524945877426
-3838637.263726372,0.035711586270649326
-3838582.658265826,0.035711648967858514
-3838528.05280528,0.035711713007889404
-3838473.4473447334,0.035711778360608425
-3838418.8418841874,0.03571184499537732
-3838364.2364236414,0.0357119128810667
-3838309.6309630955,0.0357119819860697
-3838255.0255025495,0.03571205227831594
-3838200.4200420035,0.03571212372528552
-3838145.8145814575,0.03571219629402325
-3838091.209120911,0.03571226995115309
-3838036.603660365,0.03571234466289265
-3837981.998199819,0.0357124203950679
-3837927.392739273,0.03571249711312798
-3837872.787278727,0.03571257478216023
-3837818.1818181807,0.03571265336690522
-3837763.5763576347,0.03571273283177203
-3837708.9708970888,0.03571281314085357
-3837654.365436543,0.035712894257942024
-3837599.759975997,0.035712976146544416
-3837545.154515451,0.03571305876989827
-3837490.549054905,0.03571314209098733
-3837435.9435943584,0.035713226072557426
-3837381.3381338124,0.03571331067713233
-3837326.7326732664,0.035713395867029735
-3837272.1272127205,0.03571348160437735
-3837217.5217521745,0.03571356785112893
-3837162.916291628,0.03571365456908044
-3837108.310831082,0.035713741719886234
-3837053.705370536,0.035713829265075304
-3836999.09990999,0.03571391716606751
-3836944.494449444,0.03571400538418985
-3836889.888988898,0.03571409388069276
-3836835.283528352,0.03571418261676641
-3836780.6780678057,0.035714271553557046
-3836726.0726072597,0.03571436065218319
-3836671.4671467138,0.03571444987375202
-3836616.861686168,0.0357145391793756
-3836562.256225622,0.03571462853018712
-3836507.6507650753,0.03571471788735711
-3836453.0453045294,0.03571480721210962
-3836398.4398439834,0.03571489646573834
-3836343.8343834374,0.03571498560962266
-3836289.2289228914,0.03571507460524373
-3836234.6234623455,0.03571516341420037
-3836180.0180017995,0.03571525199822497
-3836125.412541253,0.03571534031919929
-3836070.807080707,0.03571542833917018
-3836016.201620161,0.03571551602036519
-3835961.596159615,0.035715603325208144
-3835906.990699069,0.0357156902163345
-3835852.385238523,0.03571577665660673
-3835797.7797779767,0.03571586260912948
-3835743.1743174307,0.03571594803726466
-3835688.5688568847,0.03571603290464639
-3835633.9633963387,0.03571611717519583
-3835579.3579357928,0.03571620081313582
-3835524.752475247,0.03571628378300545
-3835470.1470147003,0.035716366049674396
-3835415.5415541544,0.035716447578357166
-3835360.9360936084,0.03571652833462713
-3835306.3306330624,0.035716608284430434
-3835251.7251725164,0.035716687394099667
-3835197.1197119704,0.03571676563036743
-3835142.514251424,0.03571684296037965
-3835087.908790878,0.035716919351708745
-3835033.303330332,0.035716994772366575
-3834978.697869786,0.03571706919081721
-3834924.09240924,0.035717142575989444
-3834869.486948694,0.03571721489728916
-3834814.8814881477,0.03571728612461143
-3834760.2760276017,0.03571735622835244
-3834705.6705670557,0.035717425179421114
-3834651.0651065097,0.035717492949250626
-3834596.4596459637,0.03571755950980953
-3834541.8541854178,0.035717624833612786
-3834487.2487248713,0.03571768889373246
-3834432.6432643253,0.0357177516638082
-3834378.0378037794,0.03571781311805748
-3834323.4323432334,0.03571787323128555
-3834268.8268826874,0.03571793197889515
-3834214.2214221414,0.03571798933689597
-3834159.615961595,0.035718045281913816
-3834105.010501049,0.03571809979119956
-3834050.405040503,0.03571815284263771
-3833995.799579957,0.035718204414754845
-3833941.194119411,0.035718254486727635
-3833886.588658865,0.03571830303839071
-3833831.9831983186,0.03571835005024409
-3833777.3777377727,0.03571839550346049
-3833722.7722772267,0.035718439379892206
-3833668.1668166807,0.03571848166207778
-3833613.5613561347,0.035718522333248334
-3833558.9558955887,0.035718561377333626
-3833504.3504350428,0.035718598778967804
-3833449.7449744963,0.03571863452349484
-3833395.1395139503,0.035718668596973674
-3833340.5340534043,0.03571870098618306
-3833285.9285928584,0.03571873167862609
-3833231.3231323124,0.035718760662534425
-3833176.717671766,0.035718787926872185
-3833122.11221122,0.03571881346133957
-3833067.506750674,0.035718837256376146
-3833012.901290128,0.0357188593031638
-3832958.295829582,0.035718879593629425
-3832903.690369036,0.03571889812044726
-3832849.08490849,0.03571891487704091
-3832794.4794479436,0.03571892985758507
-3832739.8739873976,0.035718943057006916
-3832685.2685268517,0.035718954470987205
-3832630.6630663057,0.03571896409596103
-3832576.0576057597,0.03571897192911827
-3832521.4521452133,0.035718977968403724
-3832466.8466846673,0.03571898221251695
-3832412.2412241213,0.035718984660911744
-3832357.6357635753,0.03571898531379534
-3832303.0303030293,0.0357189841721273
-3832248.4248424834,0.035718981237618054
-3832193.8193819374,0.03571897651272719
-3832139.213921391,0.035718970000661356
-3832084.608460845,0.035718961705371914
-3832030.003000299,0.03571895163155229
-3831975.397539753,0.03571893978463494
-3831920.792079207,0.035718926170788104
-3831866.1866186606,0.035718910796912216
-3831811.5811581146,0.035718893670636014
-3831756.9756975686,0.035718874800312335
-3831702.3702370226,0.03571885419501366
-3831647.7647764767,0.03571883186452732
-3831593.1593159307,0.03571880781935041
-3831538.5538553847,0.03571878207068449
-3831483.9483948383,0.035718754630429866
-3831429.3429342923,0.035718725511179696
-3831374.7374737463,0.03571869472621379
-3831320.1320132003,0.0357186622894921
-3831265.5265526543,0.03571862821564795
-3831210.921092108,0.035718592519981045
-3831156.315631562,0.03571855521845009
-3831101.710171016,0.03571851632766529
-3831047.10471047,0.03571847586488049
-3830992.499249924,0.035718433847985086
-3830937.893789378,0.03571839029549567
-3830883.288328832,0.03571834522654745
-3830828.6828682856,0.03571829866088542
-3830774.0774077396,0.03571825061885523
-3830719.4719471936,0.03571820112139393
-3830664.8664866476,0.035718150190020344
-3830610.2610261017,0.035718097846825336
-3830555.655565555,0.03571804411446178
-3830501.050105009,0.0357179890161343
-3830446.4446444632,0.03571793257558888
-3830391.8391839173,0.035717874817102147
-3830337.2337233713,0.03571781576547051
-3830282.6282628253,0.03571775544599913
-3830228.0228022793,0.035717693884490594
-3830173.417341733,0.035717631107233506
-3830118.811881187,0.03571756714099079
-3830064.206420641,0.035717502012987894
-3830009.600960095,0.035717435750900785
-3829954.995499549,0.03571736838284373
-3829900.3900390025,0.03571729993735699
-3829845.7845784565,0.0357172304433943
-3829791.1791179106,0.035717159930310195
-3829736.5736573646,0.035717088427847196
-3829681.9681968186,0.03571701596612288
-3829627.3627362726,0.03571694257561674
-3829572.7572757266,0.035716868287157
-3829518.15181518,0.0357167931319072
-3829463.546354634,0.03571671714135278
-3829408.9408940882,0.03571664034728743
-3829354.3354335423,0.0357165627817994
-3829299.7299729963,0.035716484477257705
-3829245.12451245,0.035716405466298194
-3829190.519051904,0.03571632578180955
-3829135.913591358,0.0357162454569192
-3829081.308130812,0.03571616452497914
-3829026.702670266,0.0357160830195517
-3828972.09720972,0.03571600097439525
-3828917.491749174,0.03571591842344976
-3828862.8862886275,0.03571583540082242
-3828808.2808280815,0.03571575194077314
-3828753.6753675356,0.03571566807770001
-3828699.0699069896,0.03571558384612478
-3828644.4644464436,0.03571549928067818
-3828589.858985897,0.03571541441608538
-3828535.253525351,0.03571532928715128
-3828480.648064805,0.0357152439287459
-3828426.042604259,0.035715158375789674
-3828371.4371437132,0.03571507266323881
-3828316.8316831673,0.03571498682607063
-3828262.2262226213,0.035714900899268896
-3828207.620762075,0.03571481491780918
-3828153.015301529,0.035714728916644276
-3828098.409840983,0.03571464293068959
-3828043.804380437,0.035714556994808605
-3827989.198919891,0.03571447114379837
-3827934.5934593445,0.03571438541237504
-3827879.9879987985,0.035714299835159474
-3827825.3825382525,0.035714214446662895
-3827770.7770777065,0.03571412928127258
-3827716.1716171606,0.03571404437323768
-3827661.5661566146,0.03571395975665506
-3827606.9606960686,0.035713875465455264
-3827552.355235522,0.03571379153338854
-3827497.749774976,0.03571370799401098
-3827443.14431443,0.03571362488067074
-3827388.538853884,0.03571354222649435
-3827333.933393338,0.03571346006437323
-3827279.327932792,0.035713378426950174
-3827224.722472246,0.03571329734660607
-3827170.1170117,0.0357132168554467
-3827115.511551154,0.0357131369852897
-3827060.906090608,0.03571305776765161
-3827006.300630062,0.03571297923373512
-3826951.695169516,0.03571290141441644
-3826897.0897089695,0.03571282434023279
-3826842.4842484235,0.03571274804137014
-3826787.8787878775,0.03571267254765101
-3826733.2733273315,0.03571259788852249
-3826678.6678667855,0.03571252409304445
-3826624.062406239,0.035712451189877856
-3826569.456945693,0.03571237920727337
-3826514.851485147,0.03571230817306003
-3826460.246024601,0.03571223811463423
-3826405.640564055,0.03571216905894877
-3826351.035103509,0.03571210103250223
-3826296.429642963,0.03571203406132846
-3826241.824182417,0.03571196817098632
-3826187.218721871,0.035711903386549615
-3826132.613261325,0.035711839732597256
-3826078.007800779,0.03571177723320364
-3826023.402340233,0.03571171591192924
-3825968.796879687,0.035711655791811445
-3825914.1914191404,0.035711596895355614
-3825859.5859585945,0.035711539244526344
-3825804.9804980485,0.03571148286073903
-3825750.3750375025,0.03571142776485163
-3825695.7695769565,0.035711373977156666
-3825641.1641164105,0.03571132151737347
-3825586.558655864,0.03571127040464074
-3825531.953195318,0.03571122065750926
-3825477.347734772,0.03571117229393492
-3825422.742274226,0.03571112533127201
-3825368.13681368,0.035711079786266746
-3825313.531353134,0.03571103567505106
-3825258.9258925878,0.03571099301313666
-3825204.320432042,0.035710951815409384
-3825149.714971496,0.03571091209612376
-3825095.10951095,0.03571087386889788
-3825040.504050404,0.03571083714670859
-3824985.898589858,0.03571080194188684
-3824931.2931293114,0.03571076826611339
-3824876.6876687654,0.035710736130414825
-3824822.0822082194,0.035710705545159725
-3824767.4767476735,0.035710676520055266
-3824712.8712871275,0.03571064906414396
-3824658.2658265815,0.035710623185800795
-3824603.660366035,0.03571059889273059
-3824549.054905489,0.03571057619196561
-3824494.449444943,0.03571055508986359
-3824439.843984397,0.035710535592105866
-3824385.238523851,0.035710517703695946
-3824330.633063305,0.03571050142895827
-3824276.0276027587,0.03571048677153731
-3824221.4221422127,0.03571047373439691
-3824166.8166816668,0.03571046231981995
-3824112.211221121,0.03571045252940827
-3824057.605760575,0.035710444364082904
-3824003.000300029,0.03571043782408456
-3823948.3948394824,0.03571043290897443
-3823893.7893789364,0.03571042961763522
-3823839.1839183904,0.03571042794827255
-3823784.5784578444,0.03571042789841653
-3823729.9729972985,0.035710429464923726
-3823675.3675367525,0.035710432643979315
-3823620.7620762065,0.03571043743109955
-3823566.15661566,0.03571044382113453
-3823511.551155114,0.0357104518082712
-3823456.945694568,0.03571046138603663
-3823402.340234022,0.03571047254730163
-3823347.734773476,0.035710485284284506
-3823293.1293129297,0.035710499588555225
-3823238.5238523837,0.035710515451039745
-3823183.9183918377,0.035710532862024656
-3823129.3129312918,0.03571055181116208
-3823074.707470746,0.03571057228747478
-3823020.1020102,0.03571059427936162
-3822965.496549654,0.03571061777460318
-3822910.8910891074,0.035710642760367686
-3822856.2856285614,0.035710669223217154
-3822801.6801680154,0.03571069714911382
-3822747.0747074694,0.03571072652342674
-3822692.4692469235,0.03571075733093871
-3822637.863786377,0.035710789555853384
-3822583.258325831,0.03571082318180261
-3822528.652865285,0.035710858191854024
-3822474.047404739,0.03571089456851885
-3822419.441944193,0.035710932293759934
-3822364.836483647,0.035710971349
-3822310.231023101,0.03571101171513009
-3822255.6255625547,0.03571105337251829
-3822201.0201020087,0.03571109630101854
-3822146.4146414627,0.035711140479979794
-3822091.8091809168,0.03571118588825525
-3822037.203720371,0.03571123250421184
-3821982.5982598243,0.03571128030573994
-3821927.9927992783,0.03571132927026318
-3821873.3873387324,0.035711379374748504
-3821818.7818781864,0.03571143059571638
-3821764.1764176404,0.035711482909251226
-3821709.5709570944,0.035711536291011904
-3821654.9654965485,0.0357115907162425
-3821600.360036002,0.03571164615978319
-3821545.754575456,0.03571170259608128
-3821491.14911491,0.035711759999202376
-3821436.543654364,0.03571181834284175
-3821381.938193818,0.03571187760033579
-3821327.3327332716,0.03571193774467362
-3821272.7272727257,0.035711998748508826
-3821218.1218121797,0.035712060584171326
-3821163.5163516337,0.03571212322367938
-3821108.9108910877,0.03571218663875163
-3821054.3054305417,0.03571225080081938
-3820999.6999699958,0.03571231568103884
-3820945.0945094493,0.03571238125030359
-3820890.4890489033,0.03571244747925708
-3820835.8835883574,0.03571251433830517
-3820781.2781278114,0.035712581797628894
-3820726.6726672654,0.035712649827197136
-3820672.067206719,0.035712718396779516
-3820617.461746173,0.03571278747595925
-3820562.856285627,0.03571285703414611
-3820508.250825081,0.035712927040589454
-3820453.645364535,0.035712997464391265
-3820399.039903989,0.03571306827451929
-3820344.434443443,0.035713139439820143
-3820289.8289828966,0.03571321092903253
-3820235.2235223507,0.0357132827108004
-3820180.6180618047,0.035713354753686255
-3820126.0126012587,0.03571342702618433
-3820071.4071407127,0.0357134994967339
-3820016.8016801663,0.03571357213373249
-3819962.1962196203,0.03571364490554922
-3819907.5907590743,0.03571371778053799
-3819852.9852985283,0.03571379072705078
-3819798.3798379824,0.03571386371345089
-3819743.7743774364,0.03571393670812608
-3819689.1689168904,0.035714009679501876
-3819634.563456344,0.03571408259605462
-3819579.957995798,0.035714155426324626
-3819525.352535252,0.035714228138929265
-3819470.747074706,0.03571430070257599
-3819416.14161416,0.03571437308607526
-3819361.5361536136,0.0357144452583535
-3819306.9306930676,0.035714517188465945
-3819252.3252325216,0.03571458884560937
-3819197.7197719757,0.03571466019913485
-3819143.1143114297,0.03571473121856033
-3819088.5088508837,0.03571480187358319
-3819033.9033903377,0.035714872134092676
-3818979.2979297913,0.03571494197018225
-3818924.6924692453,0.035715011352161825
-3818870.0870086993,0.03571508025056994
-3818815.4815481533,0.03571514863618576
-3818760.8760876074,0.035715216480040966
-3818706.270627061,0.035715283753431616
-3818651.665166515,0.035715350427929754
-3818597.059705969,0.03571541647539497
-3818542.454245423,0.03571548186798583
-3818487.848784877,0.03571554657817107
-3818433.243324331,0.035715610578740786
-3818378.637863785,0.03571567384281737
-3818324.0324032386,0.03571573634386635
-3818269.4269426926,0.03571579805570702
-3818214.8214821466,0.03571585895252298
-3818160.2160216006,0.03571591900887244
-3818105.6105610547,0.03571597819969841
-3818051.005100508,0.03571603650033869
-3817996.3996399622,0.035716093886535634
-3817941.7941794163,0.03571615033444588
-3817887.1887188703,0.035716205820649716
-3817832.5832583243,0.03571626032216038
-3817777.9777977783,0.0357163138164331
-3817723.3723372323,0.03571636628137401
-3817668.766876686,0.03571641769534876
-3817614.16141614,0.03571646803719103
-3817559.555955594,0.035716517286210794
-3817504.950495048,0.03571656542220235
-3817450.345034502,0.035716612425452154
-3817395.7395739555,0.035716658276746485
-3817341.1341134096,0.03571670295737881
-3817286.5286528636,0.035716746449157004
-3817231.9231923176,0.035716788734410275
-3817177.3177317716,0.03571682979599594
-3817122.7122712256,0.035716869617305906
-3817068.1068106797,0.03571690818227293
-3817013.501350133,0.03571694547537671
-3816958.8958895872,0.03571698148164964
-3816904.2904290413,0.03571701618668239
-3816849.6849684953,0.035717049576629266
-3816795.0795079493,0.03571708163821323
-3816740.4740474033,0.03571711235873081
-3816685.868586857,0.03571714172605665
-3816631.263126311,0.03571716972864786
-3816576.657665765,0.03571719635554812
-3816522.052205219,0.03571722159639155
-3816467.446744673,0.03571724544140629
-3816412.841284127,0.03571726788141781
-3816358.2358235805,0.03571728890785208
-3816303.6303630346,0.03571730851273832
-3816249.0249024886,0.03571732668871165
-3816194.4194419426,0.03571734342901535
-3816139.8139813966,0.03571735872750299
-3816085.2085208506,0.035717372578640195
-3816030.603060304,0.03571738497750621
-3815975.997599758,0.0357173959197952
-3815921.392139212,0.03571740540181727
-3815866.7866786662,0.03571741342049925
-3815812.1812181203,0.03571741997338522
-3815757.5757575743,0.03571742505863675
-3815702.970297028,0.03571742867503291
-3815648.364836482,0.03571743082197001
-3815593.759375936,0.03571743149946109
-3815539.15391539,0.03571743070813515
-3815484.548454844,0.0357174284492361
-3815429.942994298,0.03571742472462151
-3815375.3375337515,0.03571741953676103
-3815320.7320732055,0.03571741288873464
-3815266.1266126595,0.03571740478423056
-3815211.5211521136,0.03571739522754299
-3815156.9156915676,0.03571738422356955
-3815102.3102310216,0.03571737177780847
-3815047.704770475,0.03571735789635556
-3814993.099309929,0.03571734258590092
-3814938.493849383,0.03571732585372538
-3814883.888388837,0.03571730770769679
-3814829.2829282912,0.0357172881562659
-3814774.6774677453,0.03571726720846221
-3814720.072007199,0.03571724487388939
-3814665.466546653,0.035717221162720615
-3814610.861086107,0.03571719608569357
-3814556.255625561,0.03571716965410528
-3814501.650165015,0.035717141879806666
-3814447.044704469,0.035717112775196964
-3814392.439243923,0.03571708235321778
-3814337.8337833765,0.03571705062734706
-3814283.2283228305,0.03571701761159281
-3814228.6228622845,0.035716983320486506
-3814174.0174017386,0.03571694776907645
-3814119.4119411926,0.03571691097292079
-3814064.806480646,0.03571687294808041
-3814010.2010201,0.035716833711111576
-3813955.595559554,0.035716793279058405
-3813900.990099008,0.03571675166944515
-3813846.384638462,0.03571670890026825
-3813791.7791779162,0.035716664989988246
-3813737.1737173703,0.03571661995752149
-3813682.568256824,0.03571657382223165
-3813627.962796278,0.035716526603921085
-3813573.357335732,0.03571647832282199
-3813518.751875186,0.035716428999587456
-3813464.14641464,0.035716378655282266
-3813409.5409540934,0.03571632731137361
-3813354.9354935475,0.03571627498972158
-3813300.3300330015,0.0357162217125696
-3813245.7245724555,0.03571616750253458
-3813191.1191119095,0.03571611238259705
-3813136.5136513636,0.0357160563760911
-3813081.9081908176,0.03571599950669414
-3813027.302730271,0.03571594179841664
-3812972.697269725,0.03571588327559163
-3812918.091809179,0.035715823962864136
-3812863.486348633,0.03571576388518053
-3812808.880888087,0.03571570306777765
-3812754.2754275408,0.03571564153617199
-3812699.669966995,0.03571557931614856
-3812645.064506449,0.03571551643374991
-3812590.459045903,0.03571545291526478
-3812535.853585357,0.03571538878721695
-3812481.248124811,0.03571532407635372
-3812426.642664265,0.03571525880963456
-3812372.0372037184,0.03571519301421949
-3812317.4317431725,0.035715126717457545
-3812262.8262826265,0.035715059946875044
-3812208.2208220805,0.035714992730163896
-3812153.6153615345,0.03571492509516982
-3812099.009900988,0.035714857069880465
-3812044.404440442,0.0357147886824136
-3811989.798979896,0.03571471996100512
-3811935.19351935,0.03571465093399716
-3811880.588058804,0.035714581629826034
-3811825.982598258,0.03571451207701031
-3811771.377137712,0.03571444230413871
-3811716.7716771658,0.03571437233985812
-3811662.16621662,0.035714302212861496
-3811607.560756074,0.03571423195187581
-3811552.955295528,0.03571416158565003
-3811498.349834982,0.03571409114294303
-3811443.7443744354,0.03571402065251155
-3811389.1389138894,0.035713950143098194
-3811334.5334533434,0.0357138796434194
-3811279.9279927975,0.03571380918215347
-3811225.3225322515,0.03571373878792862
-3811170.7170717055,0.03571366848931106
-3811116.1116111595,0.035713598314793135
-3811061.506150613,0.035713528292781474
-3811006.900690067,0.035713458451585224
-3810952.295229521,0.03571338881940432
-3810897.689768975,0.03571331942431784
-3810843.084308429,0.035713250294272365
-3810788.4788478827,0.0357131814570705
-3810733.8733873367,0.035713112940359386
-3810679.2679267908,0.035713044771619316
-3810624.662466245,0.03571297697815246
-3810570.057005699,0.03571290958707166
-3810515.451545153,0.035712842625289315
-3810460.846084607,0.03571277611950634
-3810406.2406240604,0.03571271009620128
-3810351.6351635144,0.03571264458161951
-3810297.0297029684,0.03571257960176251
-3810242.4242424225,0.035712515182377294
-3810187.8187818765,0.03571245134894594
-3810133.21332133,0.035712388126675265
-3810078.607860784,0.0357123255404866
-3810024.002400238,0.03571226361500572
-3809969.396939692,0.035712202374552866
-3809914.791479146,0.035712141843132976
-3809860.1860186,0.035712082044426025
-3809805.580558054,0.03571202300177746
-3809750.9750975077,0.03571196473818891
-3809696.3696369617,0.0357119072763089
-3809641.7641764157,0.03571185063842386
-3809587.1587158698,0.0357117948464492
-3809532.553255324,0.03571173992192062
-3809477.9477947773,0.035711685885985535
-3809423.3423342314,0.035711632759394686
-3809368.7368736854,0.035711580562493954
-3809314.1314131394,0.03571152931521633
-3809259.5259525934,0.03571147903707408
-3809204.9204920474,0.035711429747151045
-3809150.3150315015,0.035711381464095235
-3809095.709570955,0.0357113342061115
-3809041.104110409,0.03571128799095446
-3808986.498649863,0.03571124283592162
-3808931.893189317,0.03571119875784669
-3808877.287728771,0.03571115577309307
-3808822.6822682247,0.03571111389754759
-3808768.0768076787,0.035711073146614425
-3808713.4713471327,0.03571103353520923
-3808658.8658865867,0.035710995077753487
-3808604.2604260407,0.03571095778816905
-3808549.6549654948,0.035710921679872935
-3808495.049504949,0.03571088676577229
-3808440.4440444023,0.03571085305825962
-3808385.8385838564,0.035710820569208206
-3808331.2331233104,0.035710789309967766
-3808276.6276627644,0.035710759291360326
-3808222.0222022184,0.035710730523676314
-3808167.416741672,0.035710703016670904
-3808112.811281126,0.03571067677956056
-3808058.20582058,0.03571065182101981
-3808003.600360034,0.03571062814917832
-3807948.994899488,0.03571060577161804
-3807894.389438942,0.0357105846953708
-3807839.783978396,0.03571056492691591
-3807785.1785178497,0.03571054647217821
-3807730.5730573037,0.035710529336526166
-3807675.9675967577,0.035710513524770324
-3807621.3621362117,0.03571049904116197
-3807566.7566756657,0.03571048588939198
-3807512.1512151198,0.03571047407258997
-3807457.5457545733,0.035710463593323645
-3807402.9402940273,0.03571045445359839
-3807348.3348334813,0.035710446654857085
-3807293.7293729354,0.0357104401979802
-3807239.1239123894,0.03571043508328605
-3807184.5184518434,0.035710431310531365
-3807129.912991297,0.03571042887891203
-3807075.307530751,0.035710427787064104
-3807020.702070205,0.035710428033065046
-3806966.096609659,0.03571042961443517
-3806911.491149113,0.035710432528139366
-3806856.885688567,0.035710436770588994
-3806802.2802280206,0.03571044233764406
-3806747.6747674746,0.035710449224615595
-3806693.0693069287,0.035710457426268265
-3806638.4638463827,0.03571046693682321
-3806583.8583858367,0.03571047774996109
-3806529.2529252907,0.035710489858825384
-3806474.6474647443,0.035710503256025865
-3806420.0420041983,0.035710517933642355
-3806365.4365436523,0.035710533883228646
-3806310.8310831063,0.03571055109581663
-3806256.2256225604,0.03571056956192073
-3806201.6201620144,0.035710589271542394
-3806147.014701468,0.03571061021417494
-3806092.409240922,0.035710632378808546
-3806037.803780376,0.035710655753935415
-3805983.19831983,0.0357106803275552
-3805928.592859284,0.03571070608718061
-3805873.987398738,0.03571073301984317
-3805819.3819381916,0.03571076111209926
-3805764.7764776456,0.03571079035003626
-3805710.1710170996,0.035710820719278925
-3805655.5655565537,0.03571085220499597
-3805600.9600960077,0.03571088479190678
-3805546.3546354617,0.03571091846428834
-3805491.7491749153,0.035710953205982325
-3805437.1437143693,0.035710989000402385
-3805382.5382538233,0.035711025830541566
-3805327.9327932773,0.03571106367897995
-3805273.3273327313,0.03571110252789237
-3805218.7218721854,0.035711142359056404
-3805164.1164116394,0.035711183153860425
-3805109.510951093,0.03571122489331185
-3805054.905490547,0.03571126755804553
-3805000.300030001,0.035711311128332306
-3804945.694569455,0.035711355584087646
-3804891.089108909,0.03571140090488052
-3804836.4836483626,0.035711447069942295
-3804781.8781878166,0.03571149405817585
-3804727.2727272706,0.03571154184816479
-3804672.6672667246,0.03571159041818275
-3804618.0618061787,0.03571163974620287
-3804563.4563456327,0.03571168980990736
-3804508.8508850867,0.03571174058669716
-3804454.2454245402,0.03571179205370173
-3804399.6399639943,0.035711844187788944
-3804345.0345034483,0.03571189696557504
-3804290.4290429023,0.035711950363434754
-3804235.8235823563,0.035712004357511415
-3804181.21812181,0.03571205892372724
-3804126.612661264,0.03571211403779366
-3804072.007200718,0.0357121696752217
-3804017.401740172,0.0357122258113325
-3803962.796279626,0.03571228242126782
-3803908.19081908,0.035712339480000646
-3803853.585358534,0.035712396962345905
-3803798.9798979876,0.035712454842971135
-3803744.3744374416,0.03571251309640727
-3803689.7689768956,0.035712571697059464
-3803635.1635163496,0.035712630619217915
-3803580.5580558036,0.03571268983706878
-3803525.952595257,0.035712749324705105
-3803471.347134711,0.035712809056137725
-3803416.7416741652,0.035712869005306284
-3803362.1362136193,0.03571292914609018
-3803307.5307530733,0.03571298945231957
-3803252.9252925273,0.03571304989778641
-3803198.3198319813,0.03571311045625541
-3803143.714371435,0.03571317110147507
-3803089.108910889,0.035713231807188675
-3803034.503450343,0.035713292547145295
-3802979.897989797,0.035713353295110745
-3802925.292529251,0.035713414024878536
-3802870.6870687045,0.03571347471028083
-3802816.0816081585,0.03571353532519932
-3802761.4761476126,0.03571359584357612
-3802706.8706870666,0.03571365623942457
-3802652.2652265206,0.03571371648684002
-3802597.6597659746,0.03571377656001063
-3802543.0543054286,0.035713836433228
-3802488.448844882,0.03571389608089781
-3802433.843384336,0.03571395547755044
-3802379.2379237902,0.03571401459785143
-3802324.6324632443,0.03571407341661195
-3802270.0270026983,0.03571413190879917
-3802215.421542152,0.03571419004954653
-3802160.816081606,0.035714247814163984
-3802106.21062106,0.03571430517814808
-3802051.605160514,0.035714362117192054
-3801996.999699968,0.03571441860719572
-3801942.394239422,0.03571447462427535
-3801887.788778876,0.035714530144773375
-3801833.1833183295,0.035714585145268075
-3801778.5778577835,0.03571463960258305
-3801723.9723972376,0.03571469349379669
-3801669.3669366916,0.03571474679625141
-3801614.7614761456,0.035714799487562884
-3801560.156015599,0.03571485154562905
-3801505.550555053,0.035714902948639056
-3801450.945094507,0.03571495367508203
-3801396.339633961,0.03571500370375577
-3801341.734173415,0.03571505301377521
-3801287.1287128692,0.03571510158458083
-3801232.5232523233,0.035715149395946874
-3801177.917791777,0.03571519642798942
-3801123.312331231,0.03571524266117431
-3801068.706870685,0.03571528807632493
-3801014.101410139,0.035715332654629804
-3800959.495949593,0.035715376377650064
-3800904.8904890465,0.03571541922732672
-3800850.2850285005,0.03571546118598779
-3800795.6795679545,0.03571550223635525
-3800741.0741074085,0.0357155423615518
-3800686.4686468625,0.035715581545107476
-3800631.8631863166,0.03571561977096607
-3800577.2577257706,0.035715657023491394
-3800522.652265224,0.03571569328747328
-3800468.046804678,0.03571572854813353
-3800413.441344132,0.035715762791131554
-3800358.835883586,0.0357157960025699
-3800304.23042304,0.03571582816899952
-3800249.624962494,0.035715859277424954
-3800195.019501948,0.03571588931530916
-3800140.414041402,0.03571591827057831
-3800085.808580856,0.03571594613162627
-3800031.20312031,0.035715972887318946
-3799976.597659764,0.03571599852699837
-3799921.992199218,0.03571602304048665
-3799867.3867386715,0.035716046418089675
-3799812.7812781255,0.03571606865060059
-3799758.1758175795,0.03571608972930313
-3799703.5703570335,0.03571610964597468
-3799648.9648964875,0.035716128392889165
-3799594.359435941,0.03571614596281971
-3799539.753975395,0.03571616234904112
-3799485.148514849,0.03571617754533206
-3799430.543054303,0.035716191545977154
-3799375.937593757,0.03571620434576877
-3799321.332133211,0.0357162159400086
-3799266.726672665,0.035716226324509104
-3799212.121212119,0.03571623549559461
-3799157.515751573,0.03571624345010232
-3799102.910291027,0.03571625018538303
-3799048.304830481,0.03571625569930167
-3798993.699369935,0.03571625999023757
-3798939.0939093884,0.035716263057084634
-3798884.4884488424,0.035716264899251136
-3798829.8829882964,0.03571626551665942
-3798775.2775277505,0.03571626490974536
-3798720.6720672045,0.03571626307945757
-3798666.0666066585,0.03571626002725644
-3798611.4611461125,0.03571625575511294
-3798556.855685566,0.035716250265507225
-3798502.25022502,0.03571624356142701
-3798447.644764474,0.03571623564636574
-3798393.039303928,0.035716226524320556
-3798338.433843382,0.035716216199790096
-3798283.8283828357,0.035716204677771965
-3798229.2229222897,0.03571619196376014
-3798174.6174617438,0.0357161780637421
-3798120.012001198,0.03571616298419575
-3798065.406540652,0.03571614673208614
-3798010.801080106,0.03571612931486204
-3797956.19561956,0.03571611074045226
-3797901.5901590134,0.03571609101726177
-3797846.9846984674,0.035716070154167674
-3797792.3792379214,0.03571604816051495
-3797737.7737773755,0.035716025046112
-3797683.1683168295,0.03571600082122605
-3797628.5628562835,0.03571597549657832
-3797573.957395737,0.035715949083339006
-3797519.351935191,0.035715921593122146
-3797464.746474645,0.03571589303798023
-3797410.141014099,0.035715863430398655
-3797355.535553553,0.03571583278329003
-3797300.930093007,0.03571580110998831
-3797246.3246324607,0.03571576842424268
-3797191.7191719147,0.03571573474021139
-3797137.1137113688,0.035715700072455385
-3797082.508250823,0.03571566443593168
-3797027.902790277,0.03571562784598673
-3796973.297329731,0.035715590318349554
-3796918.6918691844,0.035715551869124694
-3796864.0864086384,0.03571551251478509
-3796809.4809480924,0.03571547227216475
-3796754.8754875464,0.0357154311584513
-3796700.2700270005,0.035715389191178434
-3796645.6645664545,0.03571534638821813
-3796591.059105908,0.03571530276777283
-3796536.453645362,0.035715258348367446
-3796481.848184816,0.03571521314884124
-3796427.24272427,0.0357151671883396
-3796372.637263724,0.035715120486305665
-3796318.031803178,0.035715073062471875
-3796263.4263426317,0.035715024936851386
-3796208.8208820857,0.03571497612972938
-3796154.2154215397,0.03571492666165427
-3796099.6099609938,0.0357148765534288
-3796045.004500448,0.035714825826101075
-3795990.399039902,0.03571477450095546
-3795935.7935793553,0.03571472259950343
-3795881.1881188094,0.03571467014347427
-3795826.5826582634,0.03571461715480582
-3795771.9771977174,0.03571456365563496
-3795717.3717371714,0.03571450966828821
-3795662.7662766255,0.03571445521527214
-3795608.160816079,0.03571440031926375
-3795553.555355533,0.035714345003100785
-3795498.949894987,0.03571428928977202
-3795444.344434441,0.035714233202407464
-3795389.738973895,0.0357141767642685
-3795335.133513349,0.03571411999873805
-3795280.528052803,0.03571406292931061
-3795225.9225922567,0.03571400557958233
-3795171.3171317107,0.035713947973240984
-3795116.7116711647,0.035713890134056014
-3795062.1062106187,0.035713832085868445
-3795007.5007500728,0.03571377385258084
-3794952.8952895263,0.035713715458147235
-3794898.2898289803,0.03571365692656307
-3794843.6843684344,0.03571359828185508
-3794789.0789078884,0.0357135395480712
-3794734.4734473424,0.03571348074927052
-3794679.8679867964,0.035713421909513154
-3794625.2625262504,0.03571336305285021
-3794570.657065704,0.035713304203313694
-3794516.051605158,0.03571324538490653
-3794461.446144612,0.0357131866215925
-3794406.840684066,0.03571312793728629
-3794352.23522352,0.035713069355843494
-3794297.6297629736,0.03571301090105077
-3794243.0243024277,0.03571295259661588
-3794188.4188418817,0.03571289446615792
-3794133.8133813357,0.03571283653319749
-3794079.2079207897,0.035712778821147
-3794024.6024602437,0.035712721353300954
-3793969.9969996978,0.03571266415282636
-3793915.3915391513,0.035712607242753165
-3793860.7860786053,0.03571255064596477
-3793806.1806180594,0.035712494385188615
-3793751.5751575134,0.03571243848298685
-3793696.9696969674,0.03571238296174705
-3793642.364236421,0.03571232784367307
-3793587.758775875,0.03571227315077595
-3793533.153315329,0.035712218904864895
-3793478.547854783,0.035712165127538394
-3793423.942394237,0.035712111840175406
-3793369.336933691,0.035712059063926646
-3793314.731473145,0.035712006819706
-3793260.1260125986,0.035711955128182045
-3793205.5205520527,0.03571190400976963
-3793150.9150915067,0.03571185348462164
-3793096.3096309607,0.03571180357262086
-3793041.7041704147,0.03571175429337193
-3792987.0987098683,0.03571170566619345
-3792932.4932493223,0.03571165771011023
-3792877.8877887763,0.03571161044384562
-3792823.2823282303,0.035711563885814035
-3792768.6768676843,0.03571151805411357
-3792714.0714071384,0.035711472966518804
-3792659.4659465924,0.03571142864047365
-3792604.860486046,0.035711385093084504
-3792550.2550255,0.03571134234111338
-3792495.649564954,0.03571130040097135
-3792441.044104408,0.035711259288711966
-3792386.438643862,0.03571121902002503
-3792331.8331833156,0.035711179610230376
-3792277.2277227696,0.035711141074271854
-3792222.6222622236,0.03571110342671153
-3792168.0168016776,0.03571106668172397
-3792113.4113411317,0.03571103085309076
-3792058.8058805857,0.035710995954195156
-3792004.2004200397,0.03571096199801692
-3791949.5949594933,0.035710928997127335
-3791894.9894989473,0.035710896963684395
-3791840.3840384013,0.03571086590942814
-3791785.7785778553,0.035710835845676234
-3791731.1731173093,0.03571080678331969
-3791676.567656763,0.035710778732818756
-3791621.962196217,0.03571075170419902
-3791567.356735671,0.035710725707047676
-3791512.751275125,0.03571070075051002
-3791458.145814579,0.035710676843286084
-3791403.540354033,0.035710653993627474
-3791348.934893487,0.03571063220933443
-3791294.3294329406,0.035710611497753036
-3791239.7239723946,0.03571059186577264
-3791185.1185118486,0.03571057331982348
-3791130.5130513026,0.03571055586587449
-3791075.9075907567,0.03571053950943129
-3791021.30213021,0.0357105242555344
-3790966.6966696642,0.035710510108757657
-3790912.0912091183,0.03571049707320676
-3790857.4857485723,0.0357104851525181
-3790802.8802880263,0.035710474349857746
-3790748.2748274803,0.035710464667920605
-3790693.6693669343,0.03571045610892983
-3790639.063906388,0.0357104486746364
-3790584.458445842,0.0357104423663189
-3790529.852985296,0.03571043718478349
-3790475.24752475,0.03571043313036408
-3790420.642064204,0.03571043020292272
-3790366.0366036575,0.03571042840185015
-3790311.4311431115,0.03571042772606659
-3790256.8256825656,0.03571042817402267
-3790202.2202220196,0.03571042974370061
-3790147.6147614736,0.035710432432615576
-3790093.0093009276,0.03571043623781721
-3790038.4038403817,0.03571044115589138
-3789983.798379835,0.035710447182962096
-3789929.192919289,0.03571045431469366
-3789874.5874587432,0.03571046254629296
-3789819.9819981973,0.03571047187251196
-3789765.3765376513,0.03571048228765041
-3789710.771077105,0.03571049378555872
-3789656.165616559,0.03571050635964099
-3789601.560156013,0.035710520002858286
-3789546.954695467,0.03571053470773206
-3789492.349234921,0.03571055046634774
-3789437.743774375,0.03571056727035852
-3789383.138313829,0.03571058511098931
-3789328.5328532825,0.03571060397904091
-3789273.9273927365,0.03571062386489426
-3789219.3219321906,0.03571064475851496
-3789164.7164716446,0.0357106666494579
-3789110.1110110986,0.03571068952687208
-3789055.505550552,0.03571071337950558
-3789000.900090006,0.035710738195710724
-3788946.29462946,0.03571076396344935
-3788891.689168914,0.03571079067029829
-3788837.0837083682,0.035710818303454975
-3788782.4782478223,0.035710846849743204
-3788727.8727872763,0.03571087629561906
-3788673.26732673,0.03571090662717697
-3788618.661866184,0.03571093783015591
-3788564.056405638,0.03571096988994578
-3788509.450945092,0.03571100279159386
-3788454.845484546,0.035711036519811445
-3788400.240024,0.035711071058980644
-3788345.6345634535,0.0357111063931612
-3788291.0291029075,0.03571114250609755
-3788236.4236423615,0.03571117938122597
-3788181.8181818156,0.03571121700168182
-3788127.2127212696,0.03571125535030694
-3788072.6072607236,0.03571129440965712
-3788018.001800177,0.03571133416200974
-3787963.396339631,0.035711374589371465
-3787908.790879085,0.03571141567348606
-3787854.185418539,0.03571145739584233
-3787799.5799579932,0.035711499737682145
-3787744.9744974473,0.0357115426800085
-3787690.369036901,0.035711586203593805
-3787635.763576355,0.035711630288988105
-3787581.158115809,0.03571167491652751
-3787526.552655263,0.03571172006634262
-3787471.947194717,0.03571176571836707
-3787417.341734171,0.03571181185234613
-3787362.7362736245,0.035711858447845406
-3787308.1308130785,0.03571190548425958
-3787253.5253525325,0.03571195294082117
-3787198.9198919865,0.03571200079660946
-3787144.3144314406,0.03571204903055938
-3787089.7089708946,0.03571209762147047
-3787035.103510348,0.03571214654801594
-3786980.498049802,0.03571219578875167
-3786925.892589256,0.03571224532212535
-3786871.28712871,0.03571229512648561
-3786816.681668164,0.035712345180091185
-3786762.076207618,0.035712395461120094
-3786707.470747072,0.03571244594767887
-3786652.865286526,0.035712496617811805
-3786598.25982598,0.0357125474495102
-3786543.654365434,0.035712598420721615
-3786489.048904888,0.03571264950935917
-3786434.443444342,0.03571270069331082
-3786379.8379837954,0.03571275195044862
-3786325.2325232495,0.035712803258638
-3786270.6270627035,0.03571285459574707
-3786216.0216021575,0.03571290593965585
-3786161.4161416115,0.035712957268265504
-3786106.8106810655,0.0357130085595076
-3786052.2052205196,0.03571305979135327
-3785997.599759973,0.03571311094182245
-3785942.994299427,0.035713161988992964
-3785888.388838881,0.03571321291100965
-3785833.783378335,0.03571326368609347
-3785779.177917789,0.03571331429255051
-3785724.5724572428,0.035713364708780976
-3785669.966996697,0.03571341491328813
-3785615.361536151,0.035713464884687206
-3785560.756075605,0.03571351460171418
-3785506.150615059,0.035713564043234614
-3785451.545154513,0.0357136131882523
-3785396.939693967,0.03571366201591795
-3785342.3342334204,0.03571371050553771
-3785287.7287728745,0.03571375863658173
-3785233.1233123285,0.03571380638869251
-3785178.5178517825,0.03571385374169327
-3785123.9123912365,0.03571390067559623
-3785069.30693069,0.0357139471706107
-3785014.701470144,0.03571399320715123
-3784960.096009598,0.03571403876584555
-3784905.490549052,0.03571408382754245
-3784850.885088506,0.03571412837331959
-3784796.27962796,0.035714172384491136
-3784741.674167414,0.03571421584261537
-3784687.0687068678,0.03571425872950212
-3784632.463246322,0.03571430102722012
-3784577.857785776,0.03571434271810424
-3784523.25232523,0.035714383784762604
-3784468.646864684,0.03571442421008357
-3784414.0414041374,0.035714463977242594
-3784359.4359435914,0.035714503069708976
-3784304.8304830454,0.03571454147125247
-3784250.2250224994,0.035714579165949736
-3784195.6195619535,0.03571461613819073
-3784141.0141014075,0.03571465237268484
-3784086.4086408615,0.03571468785446701
-3784031.803180315,0.035714722568903644
-3783977.197719769,0.03571475650169833
-3783922.592259223,0.03571478963889754
-3783867.986798677,0.035714821966896085
-3783813.381338131,0.03571485347244241
-3783758.7758775847,0.03571488414264381
-3783704.1704170387,0.035714913964971416
-3783649.5649564927,0.0357149429272651
-3783594.9594959468,0.035714971017738115
-3783540.354035401,0.035714998224981684
-3783485.748574855,0.035715024537969355
-3783431.143114309,0.035715049946061235
-3783376.5376537624,0.03571507443900801
-3783321.9321932164,0.035715098006954826
-3783267.3267326704,0.03571512064044503
-3783212.7212721244,0.03571514233042369
-3783158.1158115785,0.03571516306824092
-3783103.510351032,0.03571518284565518
-3783048.904890486,0.035715201654836194
-3782994.29942994,0.035715219488367846
-3782939.693969394,0.03571523633925084
-3782885.088508848,0.03571525220090519
-3782830.483048302,0.03571526706717254
-3782775.877587756,0.035715280932318294
-3782721.2721272097,0.03571529379103357
-3782666.6666666637,0.03571530563843698
-3782612.0612061177,0.035715316470076246
-3782557.4557455718,0.03571532628192957
-3782502.850285026,0.035715335070406896
-3782448.2448244793,0.035715342832350956
-3782393.6393639334,0.03571534956503815
-3782339.0339033874,0.0357153552661792
-3782284.4284428414,0.0357153599339197
-3782229.8229822954,0.03571536356684039
-3782175.2175217494,0.03571536616395732
-3782120.6120612035,0.03571536772472182
-3782066.006600657,0.03571536824902025
-3782011.401140111,0.0357153677371736
-3781956.795679565,0.03571536618993691
-3781902.190219019,0.0357153636084985
-3781847.584758473,0.03571535999447901
-3781792.9792979266,0.03571535534993027
-3781738.3738373807,0.035715349677334016
-3781683.7683768347,0.03571534297960038
-3781629.1629162887,0.035715335260066226
-3781574.5574557427,0.03571532652249332
-3781519.9519951968,0.035715316771066305
-3781465.346534651,0.03571530601039052
-3781410.7410741043,0.0357152942454896
-3781356.1356135583,0.035715281481802995
-3781301.5301530124,0.035715267725183214
-3781246.9246924664,0.03571525298189296
-3781192.3192319204,0.03571523725860209
-3781137.713771374,0.03571522056238438
-3781083.108310828,0.03571520290071418
-3781028.502850282,0.03571518428146282
-3780973.897389736,0.03571516471289496
-3780919.29192919,0.03571514420366466
-3780864.686468644,0.0357151227628114
-3780810.081008098,0.03571510039975588
-3780755.4755475516,0.0357150771242957
-3780700.8700870057,0.035715052946600816
-3780646.2646264597,0.03571502787720896
-3780591.6591659137,0.03571500192702081
-3780537.0537053677,0.035714975107295065
-3780482.4482448213,0.035714947429643346
-3780427.8427842753,0.03571491890602499
-3780373.2373237293,0.03571488954874168
-3780318.6318631833,0.03571485937043192
-3780264.0264026374,0.035714828384065436
-3780209.4209420914,0.03571479660293736
-3780154.8154815454,0.03571476404066236
-3780100.210020999,0.035714730711168596
-3780045.604560453,0.035714696628691575
-3779990.999099907,0.035714661807767875
-3779936.393639361,0.03571462626322872
-3779881.788178815,0.035714590010193524
-3779827.1827182686,0.0357145530640632
-3779772.5772577226,0.03571451544051348
-3779717.9717971766,0.03571447715548804
-3779663.3663366307,0.03571443822519155
-3779608.7608760847,0.03571439866608261
-3779554.1554155387,0.03571435849486665
-3779499.5499549927,0.03571431772848861
-3779444.9444944463,0.03571427638412568
-3779390.3390339003,0.03571423447917979
-3779335.7335733543,0.03571419203127015
-3779281.1281128083,0.03571414905822564
-3779226.5226522624,0.03571410557807712
-3779171.917191716,0.03571406160904966
-3779117.31173117,0.03571401716955477
-3779062.706270624,0.035713972278182425
-3779008.100810078,0.03571392695369316
-3778953.495349532,0.03571388121501001
-3778898.889888986,0.03571383508121045
-3778844.28442844,0.03571378857151819
-3778789.6789678936,0.035713741705295066
-3778735.0735073476,0.03571369450203271
-3778680.4680468016,0.03571364698134433
-3778625.8625862557,0.03571359916295629
-3778571.2571257097,0.03571355106669986
-3778516.6516651637,0.035713502712502655
-3778462.0462046172,0.03571345412038032
-3778407.4407440713,0.03571340531042802
-3778352.8352835253,0.03571335630281191
-3778298.2298229793,0.03571330711776067
-3778243.6243624333,0.03571325777555696
-3778189.0189018873,0.03571320829652886
-3778134.413441341,0.03571315870104133
-3778079.807980795,0.03571310900948765
-3778025.202520249,0.03571305924228082
-3777970.597059703,0.03571300941984506
-3777915.991599157,0.03571295956260717
-3777861.386138611,0.03571290969098805
-3777806.7806780646,0.035712859825394114
-3777752.1752175186,0.035712809986208766
-3777697.5697569726,0.035712760193783916
-3777642.9642964266,0.03571271046843146
-3777588.3588358806,0.03571266083041484
-3777533.7533753347,0.03571261129994062
-3777479.147914788,0.03571256189715004
-3777424.5424542422,0.035712512642110714
-3777369.9369936963,0.035712463554808255
-3777315.3315331503,0.035712414655138025
-3777260.7260726043,0.035712365962896876
-3777206.1206120583,0.035712317497774974
-3777151.515151512,0.03571226927934767
-3777096.909690966,0.03571222132706741
-3777042.30423042,0.03571217366025573
-3776987.698769874,0.03571212629809529
-3776933.093309328,0.035712079259622
-3776878.487848782,0.03571203256371718
-3776823.8823882355,0.035711986229099844
-3776769.2769276896,0.035711940274318996
-3776714.6714671436,0.03571189471774605
-3776660.0660065976,0.03571184957756734
-3776605.4605460516,0.035711804871776665
-3776550.8550855056,0.03571176061816798
-3776496.249624959,0.03571171683432812
-3776441.644164413,0.035711673537629676
-3776387.0387038672,0.035711630745223925
-3776332.4332433213,0.03571158847403389
-3776277.8277827753,0.03571154674074746
-3776223.2223222293,0.03571150556181068
-3776168.6168616833,0.035711464953421077
-3776114.011401137,0.035711424931521143
-3776059.405940591,0.03571138551179194
-3776004.800480045,0.035711346709646784
-3775950.195019499,0.03571130854022504
-3775895.589558953,0.03571127101838612
-3775840.9840984065,0.035711234158703496
-3775786.3786378605,0.035711197975458894
-3775731.7731773145,0.03571116248263665
-3775677.1677167686,0.03571112769391811
-3775622.5622562226,0.03571109362267624
-3775567.9567956766,0.035711060281970325
-3775513.3513351306,0.035711027684540826
-3775458.745874584,0.035710995842804356
-3775404.140414038,0.03571096476884883
-3775349.534953492,0.03571093447442873
-3775294.9294929462,0.03571090497096052
-3775240.3240324003,0.0357108762695182
-3775185.718571854,0.035710848380829024
-3775131.113111308,0.03571082131526935
-3775076.507650762,0.03571079508286068
-3775021.902190216,0.03571076969326578
-3774967.29672967,0.03571074515578505
-3774912.691269124,0.03571072147935291
-3774858.085808578,0.03571069867253454
-3774803.4803480315,0.03571067674352259
-3774748.8748874855,0.035710655700134125
-3774694.2694269395,0.03571063554980779
-3774639.6639663936,0.035710616299601
-3774585.0585058476,0.03571059795618744
-3774530.453045301,0.0357105805258546
-3774475.847584755,0.035710564014501595
-3774421.242124209,0.035710548427637004
-3774366.636663663,0.03571053377037702
-3774312.031203117,0.03571052004744371
-3774257.4257425712,0.03571050726316336
-3774202.8202820253,0.03571049542146515
-3774148.214821479,0.035710484525879854
-3774093.609360933,0.03571047457953877
-3774039.003900387,0.035710465585172824
-3773984.398439841,0.035710457545111825
-3773929.792979295,0.035710450461283884
-3773875.1875187485,0.035710444335215016
-3773820.5820582025,0.03571043916802891
-3773765.9765976565,0.03571043496044683
-3773711.3711371105,0.035710431712787774
-3773656.7656765645,0.03571042942496869
-3773602.1602160186,0.035710428096504945
-3773547.5547554726,0.03571042772651092
-3773492.949294926,0.03571042831370077
-3773438.34383438,0.03571042985638939
-3773383.738373834,0.0357104323524935
-3773329.132913288,0.03571043579953292
-3773274.527452742,0.035710440194632
-3773219.921992196,0.03571044553452124
-3773165.31653165,0.03571045181553902
-3773110.711071104,0.035710459033633575
-3773056.105610558,0.035710467184365
-3773001.500150012,0.03571047626290758
-3772946.894689466,0.03571048626405216
-3772892.28922892,0.03571049718220869
-3772837.6837683734,0.03571050901140898
-3772783.0783078275,0.03571052174530956
-3772728.4728472815,0.0357105353771947
-3772673.8673867355,0.035710549899979606
-3772619.2619261895,0.03571056530621376
-3772564.656465643,0.03571058158808439
-3772510.051005097,0.03571059873742009
-3772455.445544551,0.035710616745694646
-3772400.840084005,0.0357106356040309
-3772346.234623459,0.035710655303204844
-3772291.629162913,0.03571067583364984
-3772237.023702367,0.035710697185460945
-3772182.4182418208,0.03571071934839939
-3772127.812781275,0.03571074231189722
-3772073.207320729,0.03571076606506203
-3772018.601860183,0.035710790596681856
-3771963.996399637,0.035710815895230175
-3771909.3909390904,0.035710841948871044
-3771854.7854785444,0.03571086874546438
-3771800.1800179984,0.03571089627257132
-3771745.5745574525,0.03571092451745975
-3771690.9690969065,0.0357109534671099
-3771636.3636363605,0.0357109831082201
-3771581.7581758145,0.03571101342721262
-3771527.152715268,0.035711044410239624
-3771472.547254722,0.03571107604318924
-3771417.941794176,0.035711108311691726
-3771363.33633363,0.03571114120112576
-3771308.730873084,0.03571117469662478
-3771254.1254125377,0.03571120878308345
-3771199.5199519917,0.03571124344516426
-3771144.9144914458,0.035711278667304155
-3771090.3090309,0.035711314433721233
-3771035.703570354,0.035711350728421645
-3770981.098109808,0.03571138753520642
-3770926.492649262,0.03571142483767852
-3770871.8871887154,0.03571146261924986
-3770817.2817281694,0.035711500863148435
-3770762.6762676234,0.035711539552425564
-3770708.0708070775,0.0357115786699631
-3770653.4653465315,0.03571161819848083
-3770598.859885985,0.03571165812054381
-3770544.254425439,0.03571169841856985
-3770489.648964893,0.035711739074837025
-3770435.043504347,0.03571178007149119
-3770380.438043801,0.035711821390553636
-3770325.832583255,0.03571186301392871
-3770271.227122709,0.035711904923411496
-3770216.6216621627,0.035711947100695585
-3770162.0162016167,0.03571198952738079
-3770107.4107410708,0.03571203218498098
-3770052.805280525,0.035712075054931874
-3769998.199819979,0.0357121181185989
-3769943.5943594323,0.03571216135728509
-3769888.9888988864,0.03571220475223891
-3769834.3834383404,0.035712248284662226
-3769779.7779777944,0.03571229193571819
-3769725.1725172484,0.03571233568653915
-3769670.5670567024,0.0357123795182346
-3769615.9615961565,0.035712423411899105
-3769561.35613561,0.035712467348620235
-3769506.750675064,0.03571251130948648
-3769452.145214518,0.03571255527559516
-3769397.539753972,0.035712599228060346
-3769342.934293426,0.035712643148020744
-3769288.32883288,0.03571268701664755
-3769233.7233723337,0.03571273081515233
-3769179.1179117877,0.03571277452479482
-3769124.5124512417,0.03571281812689074
-3769069.9069906957,0.03571286160281954
-3769015.3015301498,0.03571290493403217
-3768960.696069604,0.03571294810205872
-3768906.0906090573,0.03571299108851612
-3768851.4851485114,0.035713033875115735
-3768796.8796879654,0.035713076443670944
-3768742.2742274194,0.035713118776104606
-3768687.6687668734,0.035713160854456576
-3768633.0633063274,0.03571320266089107
-3768578.457845781,0.03571324417770404
-3768523.852385235,0.035713285387330415
-3768469.246924689,0.03571332627235137
-3768414.641464143,0.03571336681550143
-3768360.036003597,0.03571340699967557
-3768305.430543051,0.03571344680793622
-3768250.8250825047,0.03571348622352018
-3768196.2196219587,0.03571352522984546
-3768141.6141614127,0.03571356381051808
-3768087.0087008667,0.03571360194933871
-3768032.4032403207,0.03571363963030927
-3767977.7977797748,0.03571367683763946
-3767923.1923192283,0.03571371355575312
-3767868.5868586823,0.035713749769294575
-3767813.9813981364,0.035713785463134834
-3767759.3759375904,0.03571382062237772
-3767704.7704770444,0.035713855232365845
-3767650.1650164984,0.035713889278686545
-3767595.559555952,0.035713922747177655
-3767540.954095406,0.0357139556239332
-3767486.34863486,0.035713987895308975
-3767431.743174314,0.03571401954792798
-3767377.137713768,0.03571405056868578
-3767322.532253222,0.03571408094475573
-3767267.9267926756,0.03571411066359402
-3767213.3213321296,0.035714139712944744
-3767158.7158715837,0.03571416808084466
-3767104.1104110377,0.035714195755627974
-3767049.5049504917,0.03571422272593089
-3766994.8994899457,0.03571424898069611
-3766940.2940293998,0.03571427450917715
-3766885.6885688533,0.03571429930094252
-3766831.0831083073,0.03571432334587981
-3766776.4776477613,0.035714346634199604
-3766721.8721872154,0.03571436915643926
-3766667.2667266694,0.03571439090346655
-3766612.661266123,0.03571441186648318
-3766558.055805577,0.03571443203702812
-3766503.450345031,0.03571445140698085
-3766448.844884485,0.03571446996856441
-3766394.239423939,0.03571448771434832
-3766339.633963393,0.03571450463725137
-3766285.028502847,0.03571452073054422
-3766230.4230423006,0.03571453598785192
-3766175.8175817546,0.03571455040315616
-3766121.2121212087,0.035714563970797523
-3766066.6066606627,0.03571457668547748
-3766012.0012001167,0.035714588542260214
-3765957.3957395703,0.03571459953657441
-3765902.7902790243,0.03571460966421475
-3765848.1848184783,0.03571461892134335
-3765793.5793579323,0.035714627304491035
-3765738.9738973863,0.03571463481055836
-3765684.3684368404,0.03571464143681662
-3765629.7629762944,0.03571464718090861
-3765575.157515748,0.035714652040849254
-3765520.552055202,0.03571465601502605
-3765465.946594656,0.03571465910219943
-3765411.34113411,0.03571466130150289
-3765356.735673564,0.035714662612442986
-3765302.1302130176,0.03571466303489921
-3765247.5247524716,0.035714662569123645
-3765192.9192919256,0.035714661215740524
-3765138.3138313796,0.035714658975745606
-3765083.7083708337,0.03571465585050538
-3765029.1029102877,0.03571465184175616
-3764974.4974497417,0.03571464695160299
-3764919.8919891953,0.0357146411825184
-3764865.2865286493,0.035714634537341035
-3764810.6810681033,0.0357146270192741
-3764756.0756075573,0.03571461863188367
-3764701.4701470113,0.03571460937909684
-3764646.864686465,0.03571459926519974
-3764592.259225919,0.03571458829483539
-3764537.653765373,0.03571457647300145
-3764483.048304827,0.0357145638050477
-3764428.442844281,0.03571455029667355
-3764373.837383735,0.035714535953925264
-3764319.231923189,0.03571452078319313
-3764264.6264626426,0.035714504791208405
-3764210.0210020966,0.035714487985040226
-3764155.4155415506,0.035714470372092286
-3764100.8100810046,0.03571445196009942
-3764046.2046204587,0.035714432757124055
-3763991.599159912,0.035714412771552524
-3763936.993699366,0.035714392012091235
-3763882.3882388202,0.03571437048776272
-3763827.7827782743,0.03571434820790154
-3763773.1773177283,0.03571432518215011
-3763718.5718571823,0.03571430142045435
-3763663.9663966363,0.035714276933059196
-3763609.36093609,0.0357142517305041
-3763554.755475544,0.03571422582361824
-3763500.150014998,0.035714199223515805
-3763445.544554452,0.03571417194159099
-3763390.939093906,0.035714143989513
-3763336.3336333595,0.035714115379220895
-3763281.7281728135,0.035714086122918313
-3763227.1227122676,0.03571405623306813
-3763172.5172517216,0.03571402572238698
-3763117.9117911756,0.0357139946038397
-3763063.3063306296,0.035713962890633645
-3763008.7008700836,0.03571393059621296
-3762954.095409537,0.035713897734252674
-3762899.489948991,0.0357138643186528
-3762844.8844884452,0.03571383036353228
-3762790.2790278993,0.035713795883222876
-3762735.6735673533,0.035713760892262934
-3762681.068106807,0.035713725405391146
-3762626.462646261,0.03571368943754015
-3762571.857185715,0.03571365300383011
-3762517.251725169,0.035713616119562204
-3762462.646264623,0.035713578800212045
-3762408.040804077,0.035713541061423035
-3762353.435343531,0.035713502918999655
-3762298.8298829845,0.03571346438890069
-3762244.2244224385,0.0357134254872324
-3762189.6189618926,0.03571338623024165
-3762135.0135013466,0.035713346634308966
-3762080.4080408006,0.03571330671594152
-3762025.802580254,0.03571326649176615
-3761971.197119708,0.03571322597852226
-3761916.591659162,0.03571318519305467
-3761861.986198616,0.035713144152306545
-3761807.3807380702,0.03571310287331212
-3761752.7752775243,0.03571306137318953
-3761698.1698169783,0.03571301966913356
-3761643.564356432,0.03571297777840835
-3761588.958895886,0.03571293571834013
-3761534.35343534,0.035712893506309885
-3761479.747974794,0.03571285115974604
-3761425.142514248,0.03571280869611709
-3761370.5370537015,0.035712766132924297
-3761315.9315931555,0.03571272348769428
-3761261.3261326095,0.03571268077797169
-3761206.7206720635,0.03571263802131182
-3761152.1152115176,0.03571259523527326
-3761097.5097509716,0.03571255243741055
-3761042.9042904256,0.0357125096452668
-3760988.298829879,0.03571246687636641
-3760933.693369333,0.03571242414820768
-3760879.087908787,0.035712381478255575
-3760824.482448241,0.03571233888393441
-3760769.876987695,0.03571229638262059
-3760715.271527149,0.03571225399163539
-3760660.666066603,0.03571221172823776
-3760606.060606057,0.03571216960961714
-3760551.455145511,0.035712127652886366
-3760496.849684965,0.035712085875074503
-3760442.244224419,0.03571204429311988
-3760387.638763873,0.035712002923863034
-3760333.0333033265,0.035711961784039764
-3760278.4278427805,0.03571192089027421
-3760223.8223822345,0.03571188025907203
-3760169.2169216885,0.03571183990681355
-3760114.6114611425,0.03571179984974709
-3760060.006000596,0.035711760103982214
-3760005.40054005,0.03571172068548317
-3759950.795079504,0.03571168161006233
-3759896.189618958,0.03571164289337369
-3759841.584158412,0.03571160455090648
-3759786.978697866,0.035711566597978854
-3759732.37323732,0.03571152904973159
-3759677.767776774,0.03571149192112199
-3759623.162316228,0.035711455226917696
-3759568.556855682,0.03571141898169076
-3759513.951395136,0.03571138319981171
-3759459.34593459,0.0357113478954437
-3759404.740474044,0.0357113130825368
-3759350.1350134974,0.03571127877482234
-3759295.5295529515,0.03571124498580736
-3759240.9240924055,0.035711211728769204
-3759186.3186318595,0.03571117901675013
-3759131.7131713135,0.035711146862552105
-3759077.1077107675,0.03571111527873164
-3759022.502250221,0.03571108427759477
-3758967.896789675,0.03571105387119218
-3758913.291329129,0.03571102407131434
-3758858.685868583,0.035710994889486834
-3758804.080408037,0.0357109663369658
-3758749.474947491,0.03571093842473345
-3758694.8694869447,0.035710911163493717
-3758640.264026399,0.03571088456366808
-3758585.658565853,0.03571085863539142
-3758531.053105307,0.03571083338850806
-3758476.447644761,0.03571080883256793
-3758421.842184215,0.03571078497682281
-3758367.2367236684,0.03571076183022278
-3758312.6312631224,0.03571073940141272
-3758258.0258025764,0.03571071769872898
-3758203.4203420305,0.0357106967301962
-3758148.8148814845,0.035710676503524226
-3758094.2094209385,0.03571065702610517
-3758039.603960392,0.03571063830501063
-3757984.998499846,0.03571062034698901
-3757930.3930393,0.035710603158463014
-3757875.787578754,0.03571058674552725
-3757821.182118208,0.035710571113945974
-3757766.576657662,0.03571055626915102
-3757711.9711971157,0.0357105422162398
-3757657.3657365697,0.035710528959973516
-3757602.7602760238,0.03571051650477543
-3757548.154815478,0.03571050485472938
-3757493.549354932,0.03571049401357837
-3757438.943894386,0.03571048398472329
-3757384.3384338394,0.03571047477122187
-3757329.7329732934,0.03571046637578766
-3757275.1275127474,0.035710458800789255
-3757220.5220522014,0.03571045204824961
-3757165.9165916555,0.03571044611984551
-3757111.3111311095,0.03571044101690719
-3757056.7056705635,0.035710436740418135
-3757002.100210017,0.03571043329101494
-3756947.494749471,0.035710430668987395
-3756892.889288925,0.03571042887427867
-3756838.283828379,0.03571042790648571
-3756783.678367833,0.03571042776485964
-3756729.0729072867,0.03571042844830648
-3756674.4674467407,0.03571042995538788
-3756619.8619861947,0.035710432284322066
-3756565.2565256488,0.035710435432984876
-3756510.651065103,0.035710439398911005
-3756456.045604557,0.03571044417929532
-3756401.440144011,0.035710449770994385
-3756346.8346834644,0.03571045617052804
-3756292.2292229184,0.03571046337408123
-3756237.6237623724,0.03571047137750587
-3756183.0183018264,0.035710480176322904
-3756128.4128412805,0.03571048976572451
-3756073.807380734,0.03571050014057638
-3756019.201920188,0.035710511295420196
-3755964.596459642,0.035710523224476196
-3755909.990999096,0.035710535921645935
-3755855.38553855,0.03571054938051507
-3755800.780078004,0.035710563594356405
-3755746.174617458,0.035710578556132945
-3755691.5691569117,0.035710594258501156
-3755636.9636963657,0.03571061069381432
-3755582.3582358197,0.03571062785412601
-3755527.7527752738,0.0357106457311937
-3755473.147314728,0.035710664316482496
-3755418.5418541813,0.03571068360116896
-3755363.9363936353,0.035710703576145114
-3755309.3309330894,0.03571072423202244
-3755254.7254725434,0.03571074555913617
-3755200.1200119974,0.035710767547549496
-3755145.5145514514,0.03571079018705804
-3755090.9090909055,0.03571081346719436
-3755036.303630359,0.03571083737723256
-3754981.698169813,0.035710861906193034
-3754927.092709267,0.0357108870428473
-3754872.487248721,0.035710912775722914
-3754817.881788175,0.03571093909310853
-3754763.2763276286,0.03571096598305899
-3754708.6708670827,0.03571099343340057
-3754654.0654065367,0.03571102143173624
-3754599.4599459907,0.03571104996545113
-3754544.8544854447,0.03571107902171797
-3754490.2490248987,0.03571110858750264
-3754435.6435643528,0.03571113864956989
-3754381.0381038063,0.03571116919448896
-3754326.4326432603,0.035711200208639486
-3754271.8271827144,0.03571123167821732
-3754217.2217221684,0.03571126358924049
-3754162.6162616224,0.035711295927555224
-3754108.010801076,0.03571132867884203
-3754053.40534053,0.03571136182862185
-3753998.799879984,0.03571139536226226
-3753944.194419438,0.03571142926498375
-3753889.588958892,0.03571146352186603
-3753834.983498346,0.03571149811785443
-3753780.3780378,0.035711533037766294
-3753725.7725772536,0.0357115682662975
-3753671.1671167077,0.035711603788028935
-3753616.5616561617,0.035711639587433085
-3753561.9561956157,0.03571167564888062
-3753507.3507350697,0.03571171195664706
-3753452.7452745233,0.03571174849491939
-3753398.1398139773,0.03571178524780283
-3753343.5343534313,0.03571182219932752
-3753288.9288928853,0.035711859333455276
-3753234.3234323394,0.03571189663408641
-3753179.7179717934,0.03571193408506646
-3753125.1125112474,0.03571197167019309
-3753070.507050701,0.035712009373222824
-3753015.901590155,0.03571204717787796
-3752961.296129609,0.03571208506785337
-3752906.690669063,0.0357121230268234
-3752852.085208517,0.03571216103844866
-3752797.4797479706,0.03571219908638294
-3752742.8742874246,0.03571223715428002
-3752688.2688268786,0.03571227522580053
-3752633.6633663327,0.035712313284618796
-3752579.0579057867,0.03571235131442963
-3752524.4524452407,0.03571238929895518
-3752469.8469846947,0.03571242722195169
-3752415.2415241483,0.03571246506721629
-3752360.6360636023,0.035712502818593714
-3752306.0306030563,0.03571254045998306
-3752251.4251425103,0.03571257797534446
-3752196.8196819643,0.03571261534870575
-3752142.214221418,0.035712652564169056
-3752087.608760872,0.03571268960591747
-3752033.003300326,0.03571272645822149
-3751978.39783978,0.035712763105445626
-3751923.792379234,0.03571279953205479
-3751869.186918688,0.03571283572262075
-3751814.581458142,0.03571287166182848
-3751759.9759975956,0.03571290733448246
-3751705.3705370496,0.03571294272551293
-3751650.7650765036,0.03571297781998212
-3751596.1596159576,0.03571301260309033
-3751541.5541554117,0.03571304706018206
-3751486.948694865,0.035713081176751954
-3751432.3432343192,0.035713114938450786
-3751377.7377737733,0.0357131483310913
-3751323.1323132273,0.03571318134065402
-3751268.5268526813,0.03571321395329296
-3751213.9213921353,0.03571324615534124
-3751159.3159315893,0.03571327793331669
-3751104.710471043,0.035713309273927296
-3751050.105010497,0.035713340164076623
-3750995.499549951,0.03571337059086906
-3750940.894089405,0.03571340054161513
-3750886.288628859,0.03571343000383651
-3750831.6831683125,0.035713458965271165
-3750777.0777077666,0.0357134874138782
-3750722.4722472206,0.03571351533784277
-3750667.8667866746,0.03571354272558078
-3750613.2613261286,0.035713569565743536
-3750558.6558655826,0.03571359584722229
-3750504.0504050367,0.035713621559152676
-3750449.44494449,0.03571364669091902
-3750394.8394839442,0.03571367123215857
-3750340.2340233983,0.03571369517276563
-3750285.6285628523,0.03571371850289551
-3750231.0231023063,0.03571374121296844
-3750176.4176417603,0.03571376329367335
-3750121.812181214,0.03571378473597151
-3750067.206720668,0.035713805531100075
-3750012.601260122,0.035713825670575496
-3749957.995799576,0.03571384514619682
-3749903.39033903,0.03571386395004889
-3749848.784878484,0.035713882074505376
-3749794.1794179375,0.035713899512231716
-3749739.5739573915,0.035713916256187916
-3749684.9684968456,0.035713932299631254
-3749630.3630362996,0.03571394763611881
-3749575.7575757536,0.0357139622595099
-3749521.1521152076,0.03571397616396838
-3749466.546654661,0.03571398934396481
-3749411.941194115,0.03571400179427849
-3749357.335733569,0.035714013509999386
-3749302.7302730232,0.035714024486529876
-3749248.1248124773,0.0357140347195864
-3749193.5193519313,0.035714044205201
-3749138.913891385,0.035714052939722664
-3749084.308430839,0.035714060919818574
-3749029.702970293,0.03571406814247522
-3748975.097509747,0.035714074604999396
-3748920.492049201,0.03571408030501899
-3748865.886588655,0.03571408524048372
-3748811.2811281085,0.03571408940966572
-3748756.6756675625,0.035714092811159934
-3748702.0702070165,0.03571409544388441
-3748647.4647464706,0.03571409730708053
-3748592.8592859246,0.03571409840031294
-3748538.2538253786,0.035714098723469534
-3748483.648364832,0.03571409827676114
-3748429.042904286,0.035714097060721164
-3748374.43744374,0.035714095076205106
-3748319.831983194,0.035714092324389865
-3748265.2265226482,0.03571408880677298
-3748210.6210621023,0.03571408452517172
-3748156.015601556,0.03571407948172203
-3748101.41014101,0.03571407367887735
-3748046.804680464,0.03571406711940729
-3747992.199219918,0.03571405980639621
-3747937.593759372,0.03571405174324163
-3747882.988298826,0.03571404293365254
-3747828.38283828,0.035714033381647525
-3747773.7773777335,0.035714023091552874
-3747719.1719171875,0.03571401206800044
-3747664.5664566415,0.03571400031592545
-3747609.9609960956,0.03571398784056413
-3747555.3555355496,0.035713974647451296
-3747500.750075003,0.03571396074241774
-3747446.144614457,0.03571394613158753
-3747391.539153911,0.03571393082137516
-3747336.933693365,0.035713914818482635
-3747282.328232819,0.0357138981298964
-3747227.7227722732,0.03571388076288414
-3747173.1173117273,0.03571386272499151
-3747118.511851181,0.03571384402403871
-3747063.906390635,0.03571382466811698
-3747009.300930089,0.03571380466558494
-3746954.695469543,0.03571378402506489
-3746900.090008997,0.03571376275543894
-3746845.4845484504,0.03571374086584504
-3746790.8790879045,0.03571371836567298
-3746736.2736273585,0.03571369526456018
-3746681.6681668125,0.03571367157238746
-3746627.0627062665,0.03571364729927466
-3746572.4572457206,0.03571362245557623
-3746517.8517851746,0.03571359705187665
-3746463.246324628,0.0357135710989858
-3746408.640864082,0.035713544607934244
-3746354.035403536,0.035713517589968394
-3746299.42994299,0.03571349005654562
-3746244.824482444,0.03571346201932928
-3746190.2190218978,0.03571343349018362
-3746135.613561352,0.03571340448116864
-3746081.008100806,0.035713375004534864
-3746026.40264026,0.035713345072718075
-3745971.797179714,0.03571331469833389
-3745917.191719168,0.03571328389417234
-3745862.586258622,0.03571325267319238
-3745807.9807980754,0.035713221048516264
-3745753.3753375295,0.035713189033423964
-3745698.7698769835,0.0357131566413474
-3745644.1644164375,0.03571312388586475
-3745589.5589558915,0.035713090780694574
-3745534.953495345,0.03571305733968999
-3745480.348034799,0.03571302357683272
-3745425.742574253,0.03571298950622714
-3745371.137113707,0.03571295514209425
-3745316.531653161,0.03571292049876564
-3745261.926192615,0.03571288559067737
-3745207.320732069,0.0357128504323638
-3745152.7152715228,0.03571281503845151
-3745098.109810977,0.03571277942365299
-3745043.504350431,0.035712743602760465
-3744988.898889885,0.035712707590639596
-3744934.293429339,0.035712671402223235
-3744879.6879687924,0.03571263505250505
-3744825.0825082464,0.035712598556533234
-3744770.4770477004,0.03571256192940416
-3744715.8715871545,0.03571252518625597
-3744661.2661266085,0.03571248834226226
-3744606.6606660625,0.03571245141262565
-3744552.0552055165,0.03571241441257139
-3744497.44974497,0.035712377357341014
-3744442.844284424,0.03571234026218587
-3744388.238823878,0.03571230314236079
-3744333.633363332,0.03571226601311766
-3744279.027902786,0.03571222888969904
-3744224.4224422397,0.0357121917873318
-3744169.8169816937,0.03571215472122077
-3744115.2115211478,0.035712117706542326
-3744060.606060602,0.03571208075843816
-3744006.000600056,0.03571204389200888
-3743951.39513951,0.035712007122307786
-3743896.789678964,0.03571197046433456
-3743842.1842184174,0.035711933933029065
-3743787.5787578714,0.03571189754326511
-3743732.9732973254,0.03571186130984433
-3743678.3678367794,0.03571182524748998
-3743623.7623762335,0.035711789370840914
-3743569.156915687,0.03571175369444547
-3743514.551455141,0.03571171823275548
-3743459.945994595,0.0357116830001203
-3743405.340534049,0.03571164801078091
-3743350.735073503,0.035711613278864004
-3743296.129612957,0.035711578818376215
-3743241.524152411,0.03571154464319833
-3743186.9186918647,0.03571151076707961
-3743132.3132313187,0.03571147720363211
-3743077.7077707727,0.03571144396632514
-3743023.1023102268,0.03571141106847973
-3742968.496849681,0.03571137852326317
-3742913.8913891343,0.03571134634368368
-3742859.2859285884,0.03571131454258501
-3742804.6804680424,0.035711283132641325
-3742750.0750074964,0.03571125212635195
-3742695.4695469504,0.035711221536036314
-3742640.8640864044,0.03571119137382898
-3742586.2586258585,0.03571116165167469
-3742531.653165312,0.03571113238132354
-3742477.047704766,0.035711103574326254
-3742422.44224422,0.03571107524202946
-3742367.836783674,0.03571104739557119
-3742313.231323128,0.035711020045876354
-3742258.6258625817,0.035710993203652355
-3742204.0204020357,0.03571096687938481
-3742149.4149414897,0.03571094108333335
-3742094.8094809437,0.0357109158255275
-3742040.2040203977,0.03571089111576272
-3741985.5985598518,0.03571086696359647
-3741930.993099306,0.035710843378344424
-3741876.38763876,0.03571082036907681
-3741821.7821782134,0.03571079794461478
-3741767.1767176674,0.03571077611352697
-3741712.5712571214,0.03571075488412611
-3741657.9657965754,0.035710734264465784
-3741603.360336029,0.03571071426233727
-3741548.754875483,0.03571069488526651
-3741494.149414937,0.03571067614051118
-3741439.543954391,0.035710658035057935
-3741384.938493845,0.03571064057561964
-3741330.333033299,0.03571062376863285
-3741275.727572753,0.03571060762025535
-3741221.122112207,0.03571059213636382
-3741166.5166516607,0.03571057732255159
-3741111.9111911147,0.03571056318412658
-3741057.3057305687,0.03571054972610933
-3741002.7002700227,0.03571053695323109
-3740948.0948094763,0.035710524869932175
-3740893.4893489303,0.03571051348036029
-3740838.8838883843,0.03571050278836909
-3740784.2784278383,0.03571049279751679
-3740729.6729672924,0.035710483511064955
-3740675.0675067464,0.03571047493197739
-3740620.4620462004,0.03571046706291915
-3740565.8565856544,0.03571045990625568
-3740511.251125108,0.035710453464052105
-3740456.645664562,0.035710447738072616
-3740402.040204016,0.03571044272977997
-3740347.43474347,0.035710438440335175
-3740292.8292829236,0.03571043487059725
-3740238.2238223776,0.035710432021123145
-3740183.6183618316,0.03571042989216772
-3740129.0129012857,0.03571042848368395
-3740074.4074407397,0.0357104277953232
-3740019.8019801937,0.03571042782643563
-3739965.1965196477,0.035710428576070694
-3739910.5910591017,0.035710430042977866
-3739855.9855985553,0.03571043222560735
-3739801.3801380093,0.035710435122111056
-3739746.7746774633,0.03571043873034358
-3739692.1692169174,0.035710443047863395
-3739637.563756371,0.03571044807193411
-3739582.958295825,0.03571045379952588
-3739528.352835279,0.03571046022731694
-3739473.747374733,0.03571046735169522
-3739419.141914187,0.03571047516876013
-3739364.536453641,0.03571048367432445
-3739309.930993095,0.03571049286391632
-3739255.325532549,0.03571050273278134
-3739200.7200720026,0.035710513275884856
-3739146.1146114566,0.035710524487914265
-3739091.5091509107,0.0357105363632815
-3739036.9036903647,0.0357105488961256
-3738982.298229818,0.035710562080315415
-3738927.6927692723,0.0357105759094524
-3738873.0873087263,0.035710590376873505
-3738818.4818481803,0.03571060547565423
-3738763.8763876343,0.035710621198611736
-3738709.2709270883,0.03571063753830806
-3738654.6654665424,0.035710654487053475
-3738600.0600059964,0.03571067203690991
-3738545.45454545,0.03571069017969451
-3738490.849084904,0.035710708906983246
-3738436.243624358,0.03571072821011466
-3738381.638163812,0.03571074808019373
-3738327.0327032655,0.03571076850809573
-3738272.4272427196,0.03571078948447032
-3738217.8217821736,0.035710810999745615
-3738163.2163216276,0.035710833044132397
-3738108.6108610816,0.03571085560762839
-3738054.0054005357,0.03571087868002265
-3737999.3999399897,0.03571090225090002
-3737944.7944794437,0.03571092630964563
-3737890.1890188972,0.0357109508454496
-3737835.5835583513,0.035710975847311616
-3737780.9780978053,0.03571100130404581
-3737726.3726372593,0.035711027204285546
-3737671.767176713,0.03571105353648835
-3737617.161716167,0.03571108028894089
-3737562.556255621,0.03571110744976404
-3737507.950795075,0.03571113500691797
-3737453.345334529,0.03571116294820738
-3737398.739873983,0.03571119126128668
-3737344.134413437,0.03571121993366533
-3737289.528952891,0.03571124895271317
-3737234.9234923446,0.03571127830566586
-3737180.3180317986,0.03571130797963031
-3737125.7125712526,0.0357113379615902
-3737071.1071107066,0.03571136823841155
-3737016.5016501606,0.0357113987968483
-3736961.896189614,0.03571142962354798
-3736907.290729068,0.03571146070505736
-3736852.6852685222,0.035711492027828196
-3736798.0798079763,0.035711523578222985
-3736743.4743474303,0.03571155534252073
-3736688.8688868843,0.035711587306922796
-3736634.2634263383,0.03571161945755871
-3736579.657965792,0.035711651780492064
-3736525.052505246,0.0357116842617264
-3736470.4470447,0.03571171688721112
-3736415.841584154,0.035711749642847415
-3736361.236123608,0.03571178251449422
-3736306.6306630615,0.03571181548797416
-3736252.0252025155,0.03571184854907953
-3736197.4197419696,0.035711881683578264
-3736142.8142814236,0.03571191487721992
-3736088.2088208776,0.03571194811574165
-3736033.6033603316,0.03571198138487422
-3735978.9978997856,0.035712014670347944
-3735924.392439239,0.03571204795789869
-3735869.786978693,0.03571208123327385
-3735815.1815181472,0.03571211448223828
-3735760.5760576013,0.03571214769058027
-3735705.9705970553,0.035712180844117467
-3735651.365136509,0.03571221392870277
-3735596.759675963,0.03571224693023024
-3735542.154215417,0.03571227983464101
-3735487.548754871,0.035712312627929045
-3735432.943294325,0.03571234529614706
-3735378.337833779,0.03571237782541223
-3735323.732373233,0.03571241020191201
-3735269.1269126865,0.035712442411909816
-3735214.5214521405,0.03571247444175074
-3735159.9159915945,0.03571250627786719
-3735105.3105310486,0.035712537906784504
-3735050.7050705026,0.03571256931512649
-3734996.099609956,0.03571260048962097
-3734941.49414941,0.03571263141710526
-3734886.888688864,0.03571266208453155
-3734832.283228318,0.03571269247897228
-3734777.677767772,0.0357127225876255
-3734723.0723072262,0.03571275239782006
-3734668.4668466803,0.035712781897020845
-3734613.861386134,0.035712811072833896
-3734559.255925588,0.035712839913011475
-3734504.650465042,0.03571286840545709
-3734450.045004496,0.035712896538230406
-3734395.43954395,0.03571292429955213
-3734340.8340834035,0.03571295167780882
-3734286.2286228575,0.035712978661557565
-3734231.6231623115,0.03571300523953068
-3734177.0177017655,0.03571303140064024
-3734122.4122412195,0.035713057133982595
-3734067.8067806736,0.03571308242884278
-3734013.2013201276,0.035713107274698806
-3733958.595859581,0.035713131661225965
-3733903.990399035,0.035713155578300924
-3733849.384938489,0.03571317901600584
-3733794.779477943,0.03571320196463231
-3733740.174017397,0.03571322441468528
-3733685.568556851,0.03571324635688682
-3733630.963096305,0.03571326778217985
-3733576.357635759,0.03571328868173173
-3733521.752175213,0.03571330904693776
-3733467.146714667,0.03571332886942462
-3733412.541254121,0.03571334814105365
-3733357.935793575,0.03571336685392408
-3733303.3303330285,0.03571338500037614
-3733248.7248724825,0.03571340257299403
-3733194.1194119365,0.03571341956460887
-3733139.5139513905,0.035713435968301455
-3733084.9084908445,0.03571345177740495
-3733030.303030298,0.035713466985507494
-3732975.697569752,0.03571348158645462
-3732921.092109206,0.03571349557435167
-3732866.48664866,0.035713508943565994
-3732811.881188114,0.03571352168872913
-3732757.275727568,0.0357135338047388
-3732702.670267022,0.03571354528676085
-3732648.064806476,0.03571355613023101
-3732593.45934593,0.035713566330856594
-3732538.853885384,0.03571357588461811
-3732484.248424838,0.03571358478777063
-3732429.642964292,0.035713593036845216
-3732375.0375037454,0.035713600628650054
-3732320.4320431994,0.035713607560271636
-3732265.8265826534,0.03571361382907568
-3732211.2211221075,0.03571361943270806
-3732156.6156615615,0.03571362436909548
-3732102.0102010155,0.03571362863644619
-3732047.4047404695,0.03571363223325044
-3731992.7992799236,0.03571363515828088
-3731938.193819377,0.03571363741059287
-3731883.588358831,0.0357136389895246
-3731828.982898285,0.035713639894697155
-3731774.377437739,0.03571364012601442
-3731719.7719771927,0.035713639683662896
-3731665.1665166467,0.035713638568111356
-3731610.5610561008,0.035713636780110455
-3731555.955595555,0.03571363432069214
-3731501.350135009,0.035713631191169
-3731446.744674463,0.035713627393133475
-3731392.139213917,0.03571362292845696
-3731337.533753371,0.03571361779928876
-3731282.9282928244,0.035713612008055014
-3731228.3228322784,0.03571360555745739
-3731173.7173717325,0.03571359845047172
-3731119.1119111865,0.035713590690346596
-3731064.50645064,0.03571358228060169
-3731009.900990094,0.03571357322502609
-3730955.295529548,0.03571356352767654
-3730900.690069002,0.03571355319287539
-3730846.084608456,0.0357135422252087
-3730791.47914791,0.03571353062952401
-3730736.873687364,0.03571351841092812
-3730682.268226818,0.03571350557478472
-3730627.6627662717,0.03571349212671197
-3730573.0573057258,0.035713478072579866
-3730518.45184518,0.03571346341850763
-3730463.846384634,0.03571344817086091
-3730409.2409240874,0.03571343233624891
-3730354.6354635414,0.03571341592152141
-3730300.0300029954,0.03571339893376574
-3730245.4245424494,0.035713381380303534
-3730190.8190819034,0.035713363268687556
-3730136.2136213575,0.03571334460669826
-3730081.6081608115,0.03571332540234042
-3730027.0027002655,0.03571330566383951
-3729972.397239719,0.035713285399638146
-3729917.791779173,0.035713264618392325
-3729863.186318627,0.03571324332896763
-3729808.580858081,0.035713221540435346
-3729753.9753975347,0.03571319926206849
-3729699.3699369887,0.03571317650333777
-3729644.7644764427,0.0357131532739074
-3729590.1590158967,0.03571312958363097
-3729535.5535553508,0.03571310544254711
-3729480.948094805,0.03571308086087514
-3729426.342634259,0.035713055849010626
-3729371.737173713,0.03571303041752092
-3729317.1317131664,0.03571300457714054
-3729262.5262526204,0.03571297833876659
-3729207.9207920744,0.03571295171345399
-3729153.3153315284,0.03571292471241078
-3729098.709870982,0.03571289734699327
-3729044.104410436,0.035712869628701155
-3728989.49894989,0.035712841569172586
-3728934.893489344,0.03571281318017918
-3728880.288028798,0.03571278447362099
-3728825.682568252,0.035712755461521375
-3728771.077107706,0.03571272615602192
-3728716.47164716,0.035712696569377186
-3728661.8661866137,0.035712666713949556
-3728607.2607260677,0.03571263660220391
-3728552.6552655217,0.035712606246702326
-3728498.0498049757,0.035712575660098764
-3728443.4443444293,0.035712544855133685
-3728388.8388838833,0.035712513844628604
-3728334.2334233373,0.03571248264148072
-3728279.6279627914,0.03571245125865737
-3728225.0225022454,0.03571241970919062
-3728170.4170416994,0.035712388006171686
-3728115.8115811534,0.03571235616274546
-3728061.2061206074,0.035712324192104884
-3728006.600660061,0.035712292107485485
-3727951.995199515,0.03571225992215971
-3727897.389738969,0.035712227649431376
-3727842.784278423,0.03571219530263005
-3727788.178817877,0.03571216289510547
-3727733.5733573306,0.03571213044022193
-3727678.9678967847,0.035712097951352655
-3727624.3624362387,0.035712065441874205
-3727569.7569756927,0.03571203292516087
-3727515.1515151467,0.03571200041457905
-3727460.5460546007,0.03571196792348171
-3727405.9405940548,0.03571193546520273
-3727351.3351335083,0.035711903053051414
-3727296.7296729623,0.035711870700306854
-3727242.1242124164,0.035711838420212465
-3727187.5187518704,0.035711806225970415
-3727132.9132913244,0.035711774130736174
-3727078.307830778,0.035711742147613
-3727023.702370232,0.03571171028964652
-3726969.096909686,0.035711678569819306
-3726914.49144914,0.03571164700104549
-3726859.885988594,0.0357116155961654
-3726805.280528048,0.03571158436794027
-3726750.675067502,0.03571155332904694
-3726696.0696069556,0.03571152249207261
-3726641.4641464096,0.03571149186950966
-3726586.8586858637,0.03571146147375048
-3726532.2532253177,0.03571143131708238
-3726477.6477647717,0.035711401411682504
-3726423.0423042253,0.03571137176961285
-3726368.4368436793,0.03571134240281529
-3726313.8313831333,0.03571131332310666
-3726259.2259225873,0.03571128454217396
-3726204.6204620413,0.03571125607156951
-3726150.0150014954,0.03571122792270626
-3726095.4095409494,0.03571120010685309
-3726040.804080403,0.03571117263513024
-3725986.198619857,0.03571114551850478
-3725931.593159311,0.0357111187677861
-3725876.987698765,0.035711092393621545
-3725822.382238219,0.03571106640649209
-3725767.7767776726,0.035711040816708076
-3725713.1713171266,0.03571101563440501
-3725658.5658565806,0.035710990869539536
-3725603.9603960346,0.03571096653188531
-3725549.3549354887,0.035710942631029134
-3725494.7494749427,0.03571091917636707
-3725440.1440143967,0.03571089617710065
-3725385.5385538503,0.03571087364223321
-3725330.9330933043,0.035710851580566236
-3725276.3276327583,0.035710830000695894
-3725221.7221722123,0.035710808911009556
-3725167.1167116663,0.03571078831968248
-3725112.51125112,0.03571076823467457
-3725057.905790574,0.03571074866372718
-3725003.300330028,0.035710729614360094
-3724948.694869482,0.03571071109386853
-3724894.089408936,0.03571069310932028
-3724839.48394839,0.03571067566755292
-3724784.878487844,0.03571065877517116
-3724730.2730272976,0.03571064243854426
-3724675.6675667516,0.035710626663803535
-3724621.0621062056,0.03571061145684001
-3724566.4566456596,0.03571059682330212
-3724511.8511851137,0.03571058276859357
-3724457.245724567,0.03571056929787126
-3724402.640264021,0.03571055641604332
-3724348.0348034753,0.03571054412776728
-3724293.4293429293,0.03571053243744829
-3724238.8238823833,0.0357105213492375
-3724184.2184218373,0.03571051086703054
-3724129.6129612913,0.035710500994466085
-3724075.007500745,0.03571049173492452
-3724020.402040199,0.035710483091526794
-3723965.796579653,0.03571047506713325
-3723911.191119107,0.03571046766434269
-3723856.585658561,0.035710460885491485
-3723801.9801980145,0.035710454732652816
-3723747.3747374685,0.03571044920763601
-3723692.7692769226,0.035710444311986014
-3723638.1638163766,0.035710440046982934
-3723583.5583558306,0.035710436413641744
-3723528.9528952846,0.035710433412712066
-3723474.3474347387,0.035710431044678075
-3723419.741974192,0.0357104293097585
-3723365.136513646,0.035710428207906764
-3723310.5310531002,0.035710427738811217
-3723255.9255925543,0.03571042790189547
-3723201.3201320083,0.03571042869631888
-3723146.714671462,0.035710430120977084
-3723092.109210916,0.035710432174502676
-3723037.50375037,0.035710434855266045
-3722982.898289824,0.0357104381613762
-3722928.292829278,0.035710442090681825
-3722873.687368732,0.03571044664077238
-3722819.081908186,0.0357104518089793
-3722764.47644764,0.03571045759237734
-3722709.8709870935,0.03571046398778604
-3722655.2655265476,0.035710470991771194
-3722600.6600660016,0.03571047860064654
-3722546.0546054556,0.03571048681047553
-3722491.449144909,0.03571049561707312
-3722436.843684363,0.03571050501600777
-3722382.238223817,0.03571051500260349
-3722327.632763271,0.03571052557194201
-3722273.0273027252,0.03571053671886498
-3722218.4218421793,0.03571054843797643
-3722163.8163816333,0.0357105607236451
-3722109.2109210873,0.03571057357000708
-3722054.605460541,0.035710586970968426
-3721999.999999995,0.03571060092020789
