detuning,transfer,Eb,e_Eb
-5389.999999999996,0.0007743401686364335,-3965.226146167528,14.004620389194681
-5388.58929464732,0.0007743401686364335,-3965.226146167528,14.004620389194681
-5387.178589294644,0.0007743401686364335,-3965.226146167528,14.004620389194681
-5385.767883941967,0.0007743401686364335,-3965.226146167528,14.004620389194681
-5384.357178589291,0.0007743401686364335,-3965.226146167528,14.004620389194681
-5382.946473236614,0.0007743401686364335,-3965.226146167528,14.004620389194681
-5381.535767883937,0.0007743401686364335,-3965.226146167528,14.004620389194681
-5380.125062531262,0.0007743401686364335,-3965.226146167528,14.004620389194681
-5378.7143571785855,0.0007743401686364335,-3965.226146167528,14.004620389194681
-5377.30365182591,0.0007743401686364335,-3965.226146167528,14.004620389194681
-5375.892946473233,0.0007743401686364335,-3965.226146167528,14.004620389194681
-5374.482241120556,0.0007743401686364335,-3965.226146167528,14.004620389194681
-5373.07153576788,0.0007743401686364335,-3965.226146167528,14.004620389194681
-5371.660830415203,0.0007743401686364335,-3965.226146167528,14.004620389194681
-5370.250125062527,0.0007743401686364335,-3965.226146167528,14.004620389194681
-5368.839419709851,0.0007743401686364335,-3965.226146167528,14.004620389194681
-5367.428714357175,0.0007743401686364335,-3965.226146167528,14.004620389194681
-5366.018009004499,0.0007743401686364335,-3965.226146167528,14.004620389194681
-5364.607303651822,0.0007743401686364335,-3965.226146167528,14.004620389194681
-5363.196598299146,0.0007743401686364335,-3965.226146167528,14.004620389194681
-5361.785892946469,0.0007743401686364335,-3965.226146167528,14.004620389194681
-5360.375187593792,0.0007743401686364335,-3965.226146167528,14.004620389194681
-5358.9644822411165,0.0007743401686364335,-3965.226146167528,14.004620389194681
-5357.553776888441,0.0007743401686364335,-3965.226146167528,14.004620389194681
-5356.143071535765,0.0007743401686364335,-3965.226146167528,14.004620389194681
-5354.732366183088,0.0007743401686364335,-3965.226146167528,14.004620389194681
-5353.321660830411,0.0007743401686364335,-3965.226146167528,14.004620389194681
-5351.910955477735,0.0007743401686364335,-3965.226146167528,14.004620389194681
-5350.500250125058,0.0007743401686364335,-3965.226146167528,14.004620389194681
-5349.089544772382,0.0007743401686364335,-3965.226146167528,14.004620389194681
-5347.678839419706,0.0007743401686364335,-3965.226146167528,14.004620389194681
-5346.26813406703,0.0007743401686364335,-3965.226146167528,14.004620389194681
-5344.857428714354,0.0007743401686364335,-3965.226146167528,14.004620389194681
-5343.446723361677,0.0007743401686364335,-3965.226146167528,14.004620389194681
-5342.036018009001,0.0007743401686364335,-3965.226146167528,14.004620389194681
-5340.625312656324,0.0007743401686364335,-3965.226146167528,14.004620389194681
-5339.214607303647,0.0007743401686364335,-3965.226146167528,14.004620389194681
-5337.8039019509715,0.0007743401686364335,-3965.226146167528,14.004620389194681
-5336.393196598295,0.0007743401686364335,-3965.226146167528,14.004620389194681
-5334.98249124562,0.0007743401686364335,-3965.226146167528,14.004620389194681
-5333.571785892943,0.0007743401686364335,-3965.226146167528,14.004620389194681
-5332.161080540266,0.0007743401686364335,-3965.226146167528,14.004620389194681
-5330.75037518759,0.0007743401686364335,-3965.226146167528,14.004620389194681
-5329.339669834913,0.0007743401686364335,-3965.226146167528,14.004620389194681
-5327.9289644822375,0.0007743401686364335,-3965.226146167528,14.004620389194681
-5326.518259129561,0.0007743401686364335,-3965.226146167528,14.004620389194681
-5325.107553776885,0.0007743401686364335,-3965.226146167528,14.004620389194681
-5323.696848424209,0.0007743401686364335,-3965.226146167528,14.004620389194681
-5322.286143071532,0.0007743401686364335,-3965.226146167528,14.004620389194681
-5320.875437718856,0.0007743401686364335,-3965.226146167528,14.004620389194681
-5319.464732366179,0.0007743401686364335,-3965.226146167528,14.004620389194681
-5318.0540270135025,0.0007743401686364335,-3965.226146167528,14.004620389194681
-5316.643321660827,0.0007743401686364335,-3965.226146167528,14.004620389194681
-5315.23261630815,0.0007743401686364335,-3965.226146167528,14.004620389194681
-5313.821910955475,0.0007743401686364335,-3965.226146167528,14.004620389194681
-5312.411205602798,0.0007743401686364335,-3965.226146167528,14.004620389194681
-5311.000500250121,0.0007743401686364335,-3965.226146167528,14.004620389194681
-5309.589794897445,0.0007743401686364335,-3965.226146167528,14.004620389194681
-5308.179089544768,0.0007743401686364335,-3965.226146167528,14.004620389194681
-5306.7683841920925,0.0007743401686364335,-3965.226146167528,14.004620389194681
-5305.357678839416,0.0007743401686364335,-3965.226146167528,14.004620389194681
-5303.946973486739,0.0007743401686364335,-3965.226146167528,14.004620389194681
-5302.536268134064,0.0007743401686364335,-3965.226146167528,14.004620389194681
-5301.125562781387,0.0007743401686364335,-3965.226146167528,14.004620389194681
-5299.714857428711,0.0007743401686364335,-3965.226146167528,14.004620389194681
-5298.304152076034,0.0007743401686364335,-3965.226146167528,14.004620389194681
-5296.893446723358,0.0007743401686364335,-3965.226146167528,14.004620389194681
-5295.482741370682,0.0007743401686364335,-3965.226146167528,14.004620389194681
-5294.072036018005,0.0007743401686364335,-3965.226146167528,14.004620389194681
-5292.661330665329,0.0007743401686364335,-3965.226146167528,14.004620389194681
-5291.250625312653,0.0007743401686364335,-3965.226146167528,14.004620389194681
-5289.839919959976,0.0007743401686364335,-3965.226146167528,14.004620389194681
-5288.4292146073,0.0007743401686364335,-3965.226146167528,14.004620389194681
-5287.0185092546235,0.0007743401686364335,-3965.226146167528,14.004620389194681
-5285.607803901948,0.0007743401686364335,-3965.226146167528,14.004620389194681
-5284.197098549271,0.0007743401686364335,-3965.226146167528,14.004620389194681
-5282.786393196594,0.0007743401686364335,-3965.226146167528,14.004620389194681
-5281.375687843918,0.0007743401686364335,-3965.226146167528,14.004620389194681
-5279.964982491242,0.0007743401686364335,-3965.226146167528,14.004620389194681
-5278.554277138566,0.0007743401686364335,-3965.226146167528,14.004620389194681
-5277.143571785889,0.0007743401686364335,-3965.226146167528,14.004620389194681
-5275.732866433213,0.0007743401686364335,-3965.226146167528,14.004620389194681
-5274.322161080537,0.0007743401686364335,-3965.226146167528,14.004620389194681
-5272.91145572786,0.0007743401686364335,-3965.226146167528,14.004620389194681
-5271.500750375184,0.0007743401686364335,-3965.226146167528,14.004620389194681
-5270.090045022507,0.0007743401686364335,-3965.226146167528,14.004620389194681
-5268.679339669831,0.0007743401686364335,-3965.226146167528,14.004620389194681
-5267.268634317155,0.0007743401686364335,-3965.226146167528,14.004620389194681
-5265.857928964479,0.0007743401686364335,-3965.226146167528,14.004620389194681
-5264.447223611803,0.0007743401686364335,-3965.226146167528,14.004620389194681
-5263.036518259126,0.0007743401686364335,-3965.226146167528,14.004620389194681
-5261.625812906449,0.0007743401686364335,-3965.226146167528,14.004620389194681
-5260.215107553773,0.0007743401686364335,-3965.226146167528,14.004620389194681
-5258.804402201097,0.0007743401686364335,-3965.226146167528,14.004620389194681
-5257.393696848421,0.0007743401686364335,-3965.226146167528,14.004620389194681
-5255.9829914957445,0.0007743401686364335,-3965.226146167528,14.004620389194681
-5254.572286143068,0.0007743401686364335,-3965.226146167528,14.004620389194681
-5253.161580790392,0.0007743401686364335,-3965.226146167528,14.004620389194681
-5251.750875437715,0.0007743401686364335,-3965.226146167528,14.004620389194681
-5250.340170085039,0.0007743401686364335,-3965.226146167528,14.004620389194681
-5248.929464732362,0.0007743401686364335,-3965.226146167528,14.004620389194681
-5247.518759379686,0.0007743401686364335,-3965.226146167528,14.004620389194681
-5246.10805402701,0.0007743401686364335,-3965.226146167528,14.004620389194681
-5244.697348674334,0.0007743401686364335,-3965.226146167528,14.004620389194681
-5243.286643321658,0.0007743401686364335,-3965.226146167528,14.004620389194681
-5241.875937968981,0.0007743401686364335,-3965.226146167528,14.004620389194681
-5240.465232616304,0.0007743401686364335,-3965.226146167528,14.004620389194681
-5239.054527263628,0.0007743401686364335,-3965.226146167528,14.004620389194681
-5237.643821910951,0.0007743401686364335,-3965.226146167528,14.004620389194681
-5236.233116558276,0.0007743401686364335,-3965.226146167528,14.004620389194681
-5234.8224112056,0.0007743401686364335,-3965.226146167528,14.004620389194681
-5233.411705852923,0.0007743401686364335,-3965.226146167528,14.004620389194681
-5232.001000500247,0.0007743401686364335,-3965.226146167528,14.004620389194681
-5230.59029514757,0.0007743401686364335,-3965.226146167528,14.004620389194681
-5229.179589794894,0.0007743401686364335,-3965.226146167528,14.004620389194681
-5227.768884442217,0.0007743401686364335,-3965.226146167528,14.004620389194681
-5226.3581790895405,0.0007743401686364335,-3965.226146167528,14.004620389194681
-5224.9474737368655,0.0007743401686364335,-3965.226146167528,14.004620389194681
-5223.536768384189,0.0007743401686364335,-3965.226146167528,14.004620389194681
-5222.126063031513,0.0007743401686364335,-3965.226146167528,14.004620389194681
-5220.715357678836,0.0007743401686364335,-3965.226146167528,14.004620389194681
-5219.304652326159,0.0007743401686364335,-3965.226146167528,14.004620389194681
-5217.893946973483,0.0007743401686364335,-3965.226146167528,14.004620389194681
-5216.483241620806,0.0007743401686364335,-3965.226146167528,14.004620389194681
-5215.0725362681305,0.0007743401686364335,-3965.226146167528,14.004620389194681
-5213.661830915455,0.0007743401686364335,-3965.226146167528,14.004620389194681
-5212.251125562778,0.0007743401686364335,-3965.226146167528,14.004620389194681
-5210.840420210102,0.0007743401686364335,-3965.226146167528,14.004620389194681
-5209.429714857425,0.0007743401686364335,-3965.226146167528,14.004620389194681
-5208.019009504749,0.0007743401686364335,-3965.226146167528,14.004620389194681
-5206.608304152072,0.0007743401686364335,-3965.226146167528,14.004620389194681
-5205.197598799396,0.0007743401686364335,-3965.226146167528,14.004620389194681
-5203.78689344672,0.0007743401686364335,-3965.226146167528,14.004620389194681
-5202.376188094044,0.0007743401686364335,-3965.226146167528,14.004620389194681
-5200.965482741368,0.0007743401686364335,-3965.226146167528,14.004620389194681
-5199.554777388691,0.0007743401686364335,-3965.226146167528,14.004620389194681
-5198.144072036014,0.0007743401686364335,-3965.226146167528,14.004620389194681
-5196.733366683338,0.0007743401686364335,-3965.226146167528,14.004620389194681
-5195.3226613306615,0.0007743401686364335,-3965.226146167528,14.004620389194681
-5193.911955977986,0.0007743401686364335,-3965.226146167528,14.004620389194681
-5192.501250625309,0.0007743401686364335,-3965.226146167528,14.004620389194681
-5191.090545272633,0.0007743401686364335,-3965.226146167528,14.004620389194681
-5189.679839919957,0.0007743401686364335,-3965.226146167528,14.004620389194681
-5188.26913456728,0.0007743401686364335,-3965.226146167528,14.004620389194681
-5186.858429214604,0.0007743401686364335,-3965.226146167528,14.004620389194681
-5185.447723861927,0.0007743401686364335,-3965.226146167528,14.004620389194681
-5184.037018509251,0.0007743401686364335,-3965.226146167528,14.004620389194681
-5182.626313156575,0.0007743401686364335,-3965.226146167528,14.004620389194681
-5181.215607803899,0.0007743401686364335,-3965.226146167528,14.004620389194681
-5179.804902451223,0.0007743401686364335,-3965.226146167528,14.004620389194681
-5178.394197098546,0.0007743401686364335,-3965.226146167528,14.004620389194681
-5176.983491745869,0.0007743401686364335,-3965.226146167528,14.004620389194681
-5175.572786393193,0.0007743401686364335,-3965.226146167528,14.004620389194681
-5174.162081040517,0.0007743401686364335,-3965.226146167528,14.004620389194681
-5172.751375687841,0.0007743401686364335,-3965.226146167528,14.004620389194681
-5171.340670335164,0.0007743401686364335,-3965.226146167528,14.004620389194681
-5169.929964982488,0.0007743401686364335,-3965.226146167528,14.004620389194681
-5168.519259629812,0.0007743401686364335,-3965.226146167528,14.004620389194681
-5167.108554277135,0.0007743401686364335,-3965.226146167528,14.004620389194681
-5165.697848924459,0.0007743401686364335,-3965.226146167528,14.004620389194681
-5164.2871435717825,0.0007743401686364335,-3965.226146167528,14.004620389194681
-5162.876438219106,0.0007743401686364335,-3965.226146167528,14.004620389194681
-5161.46573286643,0.0007743401686364335,-3965.226146167528,14.004620389194681
-5160.055027513753,0.0007743401686364335,-3965.226146167528,14.004620389194681
-5158.644322161078,0.0007743401686364335,-3965.226146167528,14.004620389194681
-5157.233616808401,0.0007743401686364335,-3965.226146167528,14.004620389194681
-5155.822911455724,0.0007743401686364335,-3965.226146167528,14.004620389194681
-5154.412206103048,0.0007743401686364335,-3965.226146167528,14.004620389194681
-5153.001500750372,0.0007743401686364335,-3965.226146167528,14.004620389194681
-5151.590795397696,0.0007743401686364335,-3965.226146167528,14.004620389194681
-5150.180090045019,0.0007743401686364335,-3965.226146167528,14.004620389194681
-5148.769384692342,0.0007743401686364335,-3965.226146167528,14.004620389194681
-5147.358679339667,0.0007743401686364335,-3965.226146167528,14.004620389194681
-5145.94797398699,0.0007743401686364335,-3965.226146167528,14.004620389194681
-5144.537268634314,0.0007743401686364335,-3965.226146167528,14.004620389194681
-5143.126563281638,0.0007743401686364335,-3965.226146167528,14.004620389194681
-5141.715857928961,0.0007743401686364335,-3965.226146167528,14.004620389194681
-5140.305152576285,0.0007743401686364335,-3965.226146167528,14.004620389194681
-5138.894447223608,0.0007743401686364335,-3965.226146167528,14.004620389194681
-5137.483741870932,0.0007743401686364335,-3965.226146167528,14.004620389194681
-5136.073036518256,0.0007743401686364335,-3965.226146167528,14.004620389194681
-5134.662331165579,0.0007743401686364335,-3965.226146167528,14.004620389194681
-5133.2516258129035,0.0007743401686364335,-3965.226146167528,14.004620389194681
-5131.840920460227,0.0007743401686364335,-3965.226146167528,14.004620389194681
-5130.430215107551,0.0007743401686364335,-3965.226146167528,14.004620389194681
-5129.019509754874,0.0007743401686364335,-3965.226146167528,14.004620389194681
-5127.608804402197,0.0007743401686364335,-3965.226146167528,14.004620389194681
-5126.198099049521,0.0007743401686364335,-3965.226146167528,14.004620389194681
-5124.787393696845,0.0007743401686364335,-3965.226146167528,14.004620389194681
-5123.376688344169,0.0007743401686364335,-3965.226146167528,14.004620389194681
-5121.965982991493,0.0007743401686364335,-3965.226146167528,14.004620389194681
-5120.555277638816,0.0007743401686364335,-3965.226146167528,14.004620389194681
-5119.14457228614,0.0007743401686364335,-3965.226146167528,14.004620389194681
-5117.733866933463,0.0007743401686364335,-3965.226146167528,14.004620389194681
-5116.323161580787,0.0007743401686364335,-3965.226146167528,14.004620389194681
-5114.912456228111,0.0007743401686364335,-3965.226146167528,14.004620389194681
-5113.5017508754345,0.0007743401686364335,-3965.226146167528,14.004620389194681
-5112.091045522759,0.0007743401686364335,-3965.226146167528,14.004620389194681
-5110.680340170082,0.0007743401686364335,-3965.226146167528,14.004620389194681
-5109.269634817406,0.0007743401686364335,-3965.226146167528,14.004620389194681
-5107.858929464729,0.0007743401686364335,-3965.226146167528,14.004620389194681
-5106.448224112052,0.0007743401686364335,-3965.226146167528,14.004620389194681
-5105.037518759376,0.0007743401686364335,-3965.226146167528,14.004620389194681
-5103.6268134067,0.0007743401686364335,-3965.226146167528,14.004620389194681
-5102.2161080540245,0.0007743401686364335,-3965.226146167528,14.004620389194681
-5100.805402701348,0.0007743401686364335,-3965.226146167528,14.004620389194681
-5099.394697348671,0.0007743401686364335,-3965.226146167528,14.004620389194681
-5097.983991995995,0.0007743401686364335,-3965.226146167528,14.004620389194681
-5096.573286643318,0.0007743401686364335,-3965.226146167528,14.004620389194681
-5095.162581290642,0.0007743401686364335,-3965.226146167528,14.004620389194681
-5093.751875937965,0.0007743401686364335,-3965.226146167528,14.004620389194681
-5092.34117058529,0.0007743401686364335,-3965.226146167528,14.004620389194681
-5090.930465232614,0.0007743401686364335,-3965.226146167528,14.004620389194681
-5089.519759879937,0.0007743401686364335,-3965.226146167528,14.004620389194681
-5088.109054527261,0.0007743401686364335,-3965.226146167528,14.004620389194681
-5086.698349174584,0.0007743401686364335,-3965.226146167528,14.004620389194681
-5085.287643821907,0.0007743401686364335,-3965.226146167528,14.004620389194681
-5083.876938469231,0.0007743401686364335,-3965.226146167528,14.004620389194681
-5082.466233116555,0.0007743401686364335,-3965.226146167528,14.004620389194681
-5081.05552776388,0.0007743401686364335,-3965.226146167528,14.004620389194681
-5079.644822411203,0.0007743401686364335,-3965.226146167528,14.004620389194681
-5078.234117058526,0.0007743401686364335,-3965.226146167528,14.004620389194681
-5076.82341170585,0.0007743401686364335,-3965.226146167528,14.004620389194681
-5075.412706353173,0.0007743401686364335,-3965.226146167528,14.004620389194681
-5074.002001000497,0.0007743401686364335,-3965.226146167528,14.004620389194681
-5072.5912956478205,0.0007743401686364335,-3965.226146167528,14.004620389194681
-5071.180590295144,0.0007743401686364335,-3965.226146167528,14.004620389194681
-5069.769884942469,0.0007743401686364335,-3965.226146167528,14.004620389194681
-5068.359179589792,0.0007743401686364335,-3965.226146167528,14.004620389194681
-5066.948474237116,0.0007743401686364335,-3965.226146167528,14.004620389194681
-5065.537768884439,0.0007743401686364335,-3965.226146167528,14.004620389194681
-5064.127063531762,0.0007743401686364335,-3965.226146167528,14.004620389194681
-5062.7163581790865,0.0007743401686364335,-3965.226146167528,14.004620389194681
-5061.30565282641,0.0007743401686364335,-3965.226146167528,14.004620389194681
-5059.894947473734,0.0007743401686364335,-3965.226146167528,14.004620389194681
-5058.484242121058,0.0007743401686364335,-3965.226146167528,14.004620389194681
-5057.073536768381,0.0007743401686364335,-3965.226146167528,14.004620389194681
-5055.662831415705,0.0007743401686364335,-3965.226146167528,14.004620389194681
-5054.252126063028,0.0007743401686364335,-3965.226146167528,14.004620389194681
-5052.841420710352,0.0007743401686364335,-3965.226146167528,14.004620389194681
-5051.430715357676,0.0007743401686364335,-3965.226146167528,14.004620389194681
-5050.020010004999,0.0007743401686364335,-3965.226146167528,14.004620389194681
-5048.609304652323,0.0007743401686364335,-3965.226146167528,14.004620389194681
-5047.198599299647,0.0007743401686364335,-3965.226146167528,14.004620389194681
-5045.787893946971,0.0007743401686364335,-3965.226146167528,14.004620389194681
-5044.377188594294,0.0007743401686364335,-3965.226146167528,14.004620389194681
-5042.966483241617,0.0007743401686364335,-3965.226146167528,14.004620389194681
-5041.5557778889415,0.0007743401686364335,-3965.226146167528,14.004620389194681
-5040.145072536265,0.0007743401686364335,-3965.226146167528,14.004620389194681
-5038.734367183589,0.0007743401686364335,-3965.226146167528,14.004620389194681
-5037.323661830913,0.0007743401686364335,-3965.226146167528,14.004620389194681
-5035.912956478236,0.0007743401686364335,-3965.226146167528,14.004620389194681
-5034.50225112556,0.0007743401686364335,-3965.226146167528,14.004620389194681
-5033.091545772883,0.0007743401686364335,-3965.226146167528,14.004620389194681
-5031.6808404202075,0.0007743401686364335,-3965.226146167528,14.004620389194681
-5030.270135067531,0.0007743401686364335,-3965.226146167528,14.004620389194681
-5028.859429714854,0.0007743401686364335,-3965.226146167528,14.004620389194681
-5027.448724362178,0.0007743401686364335,-3965.226146167528,14.004620389194681
-5026.038019009502,0.0007743401686364335,-3965.226146167528,14.004620389194681
-5024.627313656826,0.0007743401686364335,-3965.226146167528,14.004620389194681
-5023.216608304149,0.0007743401686364335,-3965.226146167528,14.004620389194681
-5021.8059029514725,0.0007743401686364335,-3965.226146167528,14.004620389194681
-5020.395197598797,0.0007743401686364335,-3965.226146167528,14.004620389194681
-5018.98449224612,0.0007743401686364335,-3965.226146167528,14.004620389194681
-5017.573786893444,0.0007743401686364335,-3965.226146167528,14.004620389194681
-5016.163081540767,0.0007743401686364335,-3965.226146167528,14.004620389194681
-5014.752376188091,0.0007743401686364335,-3965.226146167528,14.004620389194681
-5013.341670835415,0.0007743401686364335,-3965.226146167528,14.004620389194681
-5011.930965482738,0.0007743401686364335,-3965.226146167528,14.004620389194681
-5010.5202601300625,0.0007743401686364335,-3965.226146167528,14.004620389194681
-5009.109554777386,0.0007743401686364335,-3965.226146167528,14.004620389194681
-5007.698849424709,0.0007743401686364335,-3965.226146167528,14.004620389194681
-5006.288144072033,0.0007743401686364335,-3965.226146167528,14.004620389194681
-5004.877438719356,0.0007743401686364335,-3965.226146167528,14.004620389194681
-5003.466733366681,0.0007743401686364335,-3965.226146167528,14.004620389194681
-5002.056028014004,0.0007743401686364335,-3965.226146167528,14.004620389194681
-5000.645322661328,0.0007743401686364335,-3965.226146167528,14.004620389194681
-4999.234617308652,0.0007743401686364335,-3965.226146167528,14.004620389194681
-4997.823911955975,0.0007743401686364335,-3965.226146167528,14.004620389194681
-4996.413206603299,0.0007743401686364335,-3965.226146167528,14.004620389194681
-4995.002501250622,0.0007743401686364335,-3965.226146167528,14.004620389194681
-4993.591795897945,0.0007743401686364335,-3965.226146167528,14.004620389194681
-4992.18109054527,0.0007743401686364335,-3965.226146167528,14.004620389194681
-4990.7703851925935,0.0007743401686364335,-3965.226146167528,14.004620389194681
-4989.359679839918,0.0007743401686364335,-3965.226146167528,14.004620389194681
-4987.948974487241,0.0007743401686364335,-3965.226146167528,14.004620389194681
-4986.538269134564,0.0007743401686364335,-3965.226146167528,14.004620389194681
-4985.127563781888,0.0007743401686364335,-3965.226146167528,14.004620389194681
-4983.716858429211,0.0007743401686364335,-3965.226146167528,14.004620389194681
-4982.306153076535,0.0007743401686364335,-3965.226146167528,14.004620389194681
-4980.895447723859,0.0007743401686364335,-3965.226146167528,14.004620389194681
-4979.484742371183,0.0007743401686364335,-3965.226146167528,14.004620389194681
-4978.074037018507,0.0007743401686364335,-3965.226146167528,14.004620389194681
-4976.66333166583,0.0007743401686364335,-3965.226146167528,14.004620389194681
-4975.252626313154,0.0007743401686364335,-3965.226146167528,14.004620389194681
-4973.841920960477,0.0007743401686364335,-3965.226146167528,14.004620389194681
-4972.4312156078,0.0007743401686364335,-3965.226146167528,14.004620389194681
-4971.020510255125,0.0007743401686364335,-3965.226146167528,14.004620389194681
-4969.609804902449,0.0007743401686364335,-3965.226146167528,14.004620389194681
-4968.199099549773,0.0007743401686364335,-3965.226146167528,14.004620389194681
-4966.788394197096,0.0007743401686364335,-3965.226146167528,14.004620389194681
-4965.377688844419,0.0007743401686364335,-3965.226146167528,14.004620389194681
-4963.966983491743,0.0007743401686364335,-3965.226146167528,14.004620389194681
-4962.556278139066,0.0007743401686364335,-3965.226146167528,14.004620389194681
-4961.14557278639,0.0007743401686364335,-3965.226146167528,14.004620389194681
-4959.7348674337145,0.0007743401686364335,-3965.226146167528,14.004620389194681
-4958.324162081038,0.0007743401686364335,-3965.226146167528,14.004620389194681
-4956.913456728362,0.0007743401686364335,-3965.226146167528,14.004620389194681
-4955.502751375685,0.0007743401686364335,-3965.226146167528,14.004620389194681
-4954.092046023009,0.0007743401686364335,-3965.226146167528,14.004620389194681
-4952.681340670332,0.0007743401686364335,-3965.226146167528,14.004620389194681
-4951.270635317655,0.0007743401686364335,-3965.226146167528,14.004620389194681
-4949.8599299649795,0.0007743401686364335,-3965.226146167528,14.004620389194681
-4948.449224612304,0.0007743401686364335,-3965.226146167528,14.004620389194681
-4947.038519259628,0.0007743401686364335,-3965.226146167528,14.004620389194681
-4945.627813906951,0.0007743401686364335,-3965.226146167528,14.004620389194681
-4944.217108554274,0.0007743401686364335,-3965.226146167528,14.004620389194681
-4942.806403201598,0.0007743401686364335,-3965.226146167528,14.004620389194681
-4941.395697848921,0.0007743401686364335,-3965.226146167528,14.004620389194681
-4939.9849924962455,0.0007743401686364335,-3965.226146167528,14.004620389194681
-4938.574287143569,0.0007743401686364335,-3965.226146167528,14.004620389194681
-4937.163581790893,0.0007743401686364335,-3965.226146167528,14.004620389194681
-4935.752876438217,0.0007743401686364335,-3965.226146167528,14.004620389194681
-4934.34217108554,0.0007743401686364335,-3965.226146167528,14.004620389194681
-4932.931465732864,0.0007743401686364335,-3965.226146167528,14.004620389194681
-4931.520760380187,0.0007743401686364335,-3965.226146167528,14.004620389194681
-4930.1100550275105,0.0007743401686364335,-3965.226146167528,14.004620389194681
-4928.699349674835,0.0007743401686364335,-3965.226146167528,14.004620389194681
-4927.288644322158,0.0007743401686364335,-3965.226146167528,14.004620389194681
-4925.877938969483,0.0007743401686364335,-3965.226146167528,14.004620389194681
-4924.467233616806,0.0007743401686364335,-3965.226146167528,14.004620389194681
-4923.056528264129,0.0007743401686364335,-3965.226146167528,14.004620389194681
-4921.645822911453,0.0007743401686364335,-3965.226146167528,14.004620389194681
-4920.235117558776,0.0007743401686364335,-3965.226146167528,14.004620389194681
-4918.8244122061005,0.0007743401686364335,-3965.226146167528,14.004620389194681
-4917.413706853424,0.0007743401686364335,-3965.226146167528,14.004620389194681
-4916.003001500748,0.0007743401686364335,-3965.226146167528,14.004620389194681
-4914.592296148072,0.0007743401686364335,-3965.226146167528,14.004620389194681
-4913.181590795395,0.0007743401686364335,-3965.226146167528,14.004620389194681
-4911.770885442719,0.0007743401686364335,-3965.226146167528,14.004620389194681
-4910.360180090042,0.0007743401686364335,-3965.226146167528,14.004620389194681
-4908.949474737366,0.0007743401686364335,-3965.226146167528,14.004620389194681
-4907.53876938469,0.0007743401686364335,-3965.226146167528,14.004620389194681
-4906.128064032013,0.0007743401686364335,-3965.226146167528,14.004620389194681
-4904.717358679337,0.0007743401686364335,-3965.226146167528,14.004620389194681
-4903.306653326661,0.0007743401686364335,-3965.226146167528,14.004620389194681
-4901.895947973984,0.0007743401686364335,-3965.226146167528,14.004620389194681
-4900.485242621308,0.0007743401686364335,-3965.226146167528,14.004620389194681
-4899.0745372686315,0.0007743401686364335,-3965.226146167528,14.004620389194681
-4897.663831915956,0.0007743401686364335,-3965.226146167528,14.004620389194681
-4896.253126563279,0.0007743401686364335,-3965.226146167528,14.004620389194681
-4894.842421210602,0.0007743401686364335,-3965.226146167528,14.004620389194681
-4893.431715857927,0.0007743401686364335,-3965.226146167528,14.004620389194681
-4892.02101050525,0.0007743401686364335,-3965.226146167528,14.004620389194681
-4890.610305152574,0.0007743401686364335,-3965.226146167528,14.004620389194681
-4889.199599799897,0.0007743401686364335,-3965.226146167528,14.004620389194681
-4887.788894447221,0.0007743401686364335,-3965.226146167528,14.004620389194681
-4886.378189094545,0.0007743401686364335,-3965.226146167528,14.004620389194681
-4884.967483741868,0.0007743401686364335,-3965.226146167528,14.004620389194681
-4883.556778389192,0.0007743401686364335,-3965.226146167528,14.004620389194681
-4882.146073036516,0.0007743401686364335,-3965.226146167528,14.004620389194681
-4880.735367683839,0.0007743401686364335,-3965.226146167528,14.004620389194681
-4879.324662331163,0.0007743401686364335,-3965.226146167528,14.004620389194681
-4877.913956978487,0.0007743401686364335,-3965.226146167528,14.004620389194681
-4876.503251625811,0.0007743401686364335,-3965.226146167528,14.004620389194681
-4875.092546273134,0.0007743401686364335,-3965.226146167528,14.004620389194681
-4873.681840920457,0.0007743401686364335,-3965.226146167528,14.004620389194681
-4872.271135567781,0.0007743401686364335,-3965.226146167528,14.004620389194681
-4870.860430215105,0.0007743401686364335,-3965.226146167528,14.004620389194681
-4869.449724862429,0.0007743401686364335,-3965.226146167528,14.004620389194681
-4868.0390195097525,0.0007743401686364335,-3965.226146167528,14.004620389194681
-4866.628314157076,0.0007743401686364335,-3965.226146167528,14.004620389194681
-4865.2176088044,0.0007743401686364335,-3965.226146167528,14.004620389194681
-4863.806903451723,0.0007743401686364335,-3965.226146167528,14.004620389194681
-4862.396198099047,0.0007743401686364335,-3965.226146167528,14.004620389194681
-4860.98549274637,0.0007743401686364335,-3965.226146167528,14.004620389194681
-4859.574787393694,0.0007743401686364335,-3965.226146167528,14.004620389194681
-4858.164082041018,0.0007743401686364335,-3965.226146167528,14.004620389194681
-4856.753376688342,0.0007743401686364335,-3965.226146167528,14.004620389194681
-4855.342671335666,0.0007743401686364335,-3965.226146167528,14.004620389194681
-4853.931965982989,0.0007743401686364335,-3965.226146167528,14.004620389194681
-4852.521260630312,0.0007743401686364335,-3965.226146167528,14.004620389194681
-4851.110555277636,0.0007743401686364335,-3965.226146167528,14.004620389194681
-4849.699849924959,0.0007743401686364335,-3965.226146167528,14.004620389194681
-4848.289144572284,0.0007743401686364335,-3965.226146167528,14.004620389194681
-4846.878439219608,0.0007743401686364335,-3965.226146167528,14.004620389194681
-4845.467733866931,0.0007743401686364335,-3965.226146167528,14.004620389194681
-4844.057028514255,0.0007743401686364335,-3965.226146167528,14.004620389194681
-4842.646323161578,0.0007743401686364335,-3965.226146167528,14.004620389194681
-4841.235617808902,0.0007743401686364335,-3965.226146167528,14.004620389194681
-4839.824912456225,0.0007743401686364335,-3965.226146167528,14.004620389194681
-4838.414207103549,0.0007743401686364335,-3965.226146167528,14.004620389194681
-4837.0035017508735,0.0007743401686364335,-3965.226146167528,14.004620389194681
-4835.592796398197,0.0007743401686364335,-3965.226146167528,14.004620389194681
-4834.182091045521,0.0007743401686364335,-3965.226146167528,14.004620389194681
-4832.771385692844,0.0007743401686364335,-3965.226146167528,14.004620389194681
-4831.360680340167,0.0007743401686364335,-3965.226146167528,14.004620389194681
-4829.949974987491,0.0007743401686364335,-3965.226146167528,14.004620389194681
-4828.539269634814,0.0007743401686364335,-3965.226146167528,14.004620389194681
-4827.128564282139,0.0007743401686364335,-3965.226146167528,14.004620389194681
-4825.717858929463,0.0007743401686364335,-3965.226146167528,14.004620389194681
-4824.307153576786,0.0007743401686364335,-3965.226146167528,14.004620389194681
-4822.89644822411,0.0007743401686364335,-3965.226146167528,14.004620389194681
-4821.485742871433,0.0007743401686364335,-3965.226146167528,14.004620389194681
-4820.075037518757,0.0007743401686364335,-3965.226146167528,14.004620389194681
-4818.66433216608,0.0007743401686364335,-3965.226146167528,14.004620389194681
-4817.253626813404,0.0007743401686364335,-3965.226146167528,14.004620389194681
-4815.842921460729,0.0007743401686364335,-3965.226146167528,14.004620389194681
-4814.432216108052,0.0007743401686364335,-3965.226146167528,14.004620389194681
-4813.021510755376,0.0007743401686364335,-3965.226146167528,14.004620389194681
-4811.610805402699,0.0007743401686364335,-3965.226146167528,14.004620389194681
-4810.200100050022,0.0007743401686364335,-3965.226146167528,14.004620389194681
-4808.789394697346,0.0007743401686364335,-3965.226146167528,14.004620389194681
-4807.3786893446695,0.0007743401686364335,-3965.226146167528,14.004620389194681
-4805.967983991994,0.0007743401686364335,-3965.226146167528,14.004620389194681
-4804.557278639318,0.0007743401686364335,-3965.226146167528,14.004620389194681
-4803.146573286641,0.0007743401686364335,-3965.226146167528,14.004620389194681
-4801.735867933965,0.0007743401686364335,-3965.226146167528,14.004620389194681
-4800.325162581288,0.0007743401686364335,-3965.226146167528,14.004620389194681
-4798.914457228612,0.0007743401686364335,-3965.226146167528,14.004620389194681
-4797.503751875935,0.0007743401686364335,-3965.226146167528,14.004620389194681
-4796.093046523259,0.0007743401686364335,-3965.226146167528,14.004620389194681
-4794.682341170583,0.0007743401686364335,-3965.226146167528,14.004620389194681
-4793.271635817907,0.0007743401686364335,-3965.226146167528,14.004620389194681
-4791.860930465231,0.0007743401686364335,-3965.226146167528,14.004620389194681
-4790.450225112554,0.0007743401686364335,-3965.226146167528,14.004620389194681
-4789.039519759877,0.0007743401686364335,-3965.226146167528,14.004620389194681
-4787.628814407201,0.0007743401686364335,-3965.226146167528,14.004620389194681
-4786.218109054525,0.0007743401686364335,-3965.226146167528,14.004620389194681
-4784.807403701849,0.0007743401686364335,-3965.226146167528,14.004620389194681
-4783.396698349172,0.0007743401686364335,-3965.226146167528,14.004620389194681
-4781.985992996496,0.0007743401686364335,-3965.226146167528,14.004620389194681
-4780.57528764382,0.0007743401686364335,-3965.226146167528,14.004620389194681
-4779.164582291143,0.0007743401686364335,-3965.226146167528,14.004620389194681
-4777.753876938467,0.0007743401686364335,-3965.226146167528,14.004620389194681
-4776.3431715857905,0.0007743401686364335,-3965.226146167528,14.004620389194681
-4774.932466233114,0.0007743401686364335,-3965.226146167528,14.004620389194681
-4773.521760880438,0.0007743401686364335,-3965.226146167528,14.004620389194681
-4772.111055527762,0.0007743401686364335,-3965.226146167528,14.004620389194681
-4770.700350175086,0.0007743401686364335,-3965.226146167528,14.004620389194681
-4769.289644822409,0.0007743401686364335,-3965.226146167528,14.004620389194681
-4767.878939469732,0.0007743401686364335,-3965.226146167528,14.004620389194681
-4766.468234117056,0.0007743401686364335,-3965.226146167528,14.004620389194681
-4765.05752876438,0.0007743401686364335,-3965.226146167528,14.004620389194681
-4763.646823411704,0.0007743401686364335,-3965.226146167528,14.004620389194681
-4762.236118059027,0.0007743401686364335,-3965.226146167528,14.004620389194681
-4760.825412706351,0.0007743401686364335,-3965.226146167528,14.004620389194681
-4759.414707353675,0.0007743401686364335,-3965.226146167528,14.004620389194681
-4758.004002000998,0.0007743401686364335,-3965.226146167528,14.004620389194681
-4756.593296648322,0.0007743401686364335,-3965.226146167528,14.004620389194681
-4755.182591295646,0.0007743401686364335,-3965.226146167528,14.004620389194681
-4753.771885942969,0.0007743401686364335,-3965.226146167528,14.004620389194681
-4752.361180590293,0.0007743401686364335,-3965.226146167528,14.004620389194681
-4750.950475237616,0.0007743401686364335,-3965.226146167528,14.004620389194681
-4749.539769884941,0.0007743401686364335,-3965.226146167528,14.004620389194681
-4748.129064532264,0.0007743401686364335,-3965.226146167528,14.004620389194681
-4746.718359179587,0.0007743401686364335,-3965.226146167528,14.004620389194681
-4745.3076538269115,0.0007743401686364335,-3965.226146167528,14.004620389194681
-4743.896948474235,0.0007743401686364335,-3965.226146167528,14.004620389194681
-4742.486243121559,0.0007743401686364335,-3965.226146167528,14.004620389194681
-4741.075537768882,0.0007743401686364335,-3965.226146167528,14.004620389194681
-4739.664832416205,0.0007743401686364335,-3965.226146167528,14.004620389194681
-4738.25412706353,0.0007743401686364335,-3965.226146167528,14.004620389194681
-4736.843421710853,0.0007743401686364335,-3965.226146167528,14.004620389194681
-4735.4327163581775,0.0007743401686364335,-3965.226146167528,14.004620389194681
-4734.022011005501,0.0007743401686364335,-3965.226146167528,14.004620389194681
-4732.611305652824,0.0007743401686364335,-3965.226146167528,14.004620389194681
-4731.200600300148,0.0007743401686364335,-3965.226146167528,14.004620389194681
-4729.789894947471,0.0007743401686364335,-3965.226146167528,14.004620389194681
-4728.379189594795,0.0007743401686364335,-3965.226146167528,14.004620389194681
-4726.968484242119,0.0007743401686364335,-3965.226146167528,14.004620389194681
-4725.5577788894425,0.0007743401686364335,-3965.226146167528,14.004620389194681
-4724.147073536767,0.0007743401686364335,-3965.226146167528,14.004620389194681
-4722.73636818409,0.0007743401686364335,-3965.226146167528,14.004620389194681
-4721.325662831414,0.0007743401686364335,-3965.226146167528,14.004620389194681
-4719.914957478737,0.0007743401686364335,-3965.226146167528,14.004620389194681
-4718.50425212606,0.0007743401686364335,-3965.226146167528,14.004620389194681
-4717.093546773384,0.0007743401686364335,-3965.226146167528,14.004620389194681
-4715.682841420708,0.0007743401686364335,-3965.226146167528,14.004620389194681
-4714.2721360680325,0.0007743401686364335,-3965.226146167528,14.004620389194681
-4712.861430715356,0.0007743401686364335,-3965.226146167528,14.004620389194681
-4711.450725362679,0.0007743401686364335,-3965.226146167528,14.004620389194681
-4710.040020010003,0.0007743401686364335,-3965.226146167528,14.004620389194681
-4708.629314657326,0.0007743401686364335,-3965.226146167528,14.004620389194681
-4707.21860930465,0.0007743401686364335,-3965.226146167528,14.004620389194681
-4705.8079039519735,0.0007743401686364335,-3965.226146167528,14.004620389194681
-4704.397198599298,0.0007743401686364335,-3965.226146167528,14.004620389194681
-4702.986493246622,0.0007743401686364335,-3965.226146167528,14.004620389194681
-4701.575787893945,0.0007743401686364335,-3965.226146167528,14.004620389194681
-4700.165082541269,0.0007743401686364335,-3965.226146167528,14.004620389194681
-4698.754377188592,0.0007743401686364335,-3965.226146167528,14.004620389194681
-4697.343671835915,0.0007743401686364335,-3965.226146167528,14.004620389194681
-4695.932966483239,0.0007743401686364335,-3965.226146167528,14.004620389194681
-4694.5222611305635,0.0007743401686364335,-3965.226146167528,14.004620389194681
-4693.111555777888,0.0007743401686364335,-3965.226146167528,14.004620389194681
-4691.700850425211,0.0007743401686364335,-3965.226146167528,14.004620389194681
-4690.290145072534,0.0007743401686364335,-3965.226146167528,14.004620389194681
-4688.879439719858,0.0007743401686364335,-3965.226146167528,14.004620389194681
-4687.468734367181,0.0007743401686364335,-3965.226146167528,14.004620389194681
-4686.058029014505,0.0007743401686364335,-3965.226146167528,14.004620389194681
-4684.6473236618285,0.0007743401686364335,-3965.226146167528,14.004620389194681
-4683.236618309153,0.0007743401686364335,-3965.226146167528,14.004620389194681
-4681.825912956477,0.0007743401686364335,-3965.226146167528,14.004620389194681
-4680.4152076038,0.0007743401686364335,-3965.226146167528,14.004620389194681
-4679.004502251124,0.0007743401686364335,-3965.226146167528,14.004620389194681
-4677.593796898447,0.0007743401686364335,-3965.226146167528,14.004620389194681
-4676.18309154577,0.0007743401686364335,-3965.226146167528,14.004620389194681
-4674.7723861930945,0.0007743401686364335,-3965.226146167528,14.004620389194681
-4673.361680840418,0.0007743401686364335,-3965.226146167528,14.004620389194681
-4671.950975487743,0.0007743401686364335,-3965.226146167528,14.004620389194681
-4670.540270135066,0.0007743401686364335,-3965.226146167528,14.004620389194681
-4669.129564782389,0.0007743401686364335,-3965.226146167528,14.004620389194681
-4667.718859429713,0.0007743401686364335,-3965.226146167528,14.004620389194681
-4666.308154077036,0.0007743401686364335,-3965.226146167528,14.004620389194681
-4664.89744872436,0.0007743401686364335,-3965.226146167528,14.004620389194681
-4663.486743371684,0.0007743401686364335,-3965.226146167528,14.004620389194681
-4662.076038019007,0.0007743401686364335,-3965.226146167528,14.004620389194681
-4660.665332666332,0.0007743401686364335,-3965.226146167528,14.004620389194681
-4659.254627313655,0.0007743401686364335,-3965.226146167528,14.004620389194681
-4657.843921960979,0.0007743401686364335,-3965.226146167528,14.004620389194681
-4656.433216608302,0.0007743401686364335,-3965.226146167528,14.004620389194681
-4655.022511255625,0.0007743401686364335,-3965.226146167528,14.004620389194681
-4653.6118059029495,0.0007743401686364335,-3965.226146167528,14.004620389194681
-4652.201100550273,0.0007743401686364335,-3965.226146167528,14.004620389194681
-4650.790395197597,0.0007743401686364335,-3965.226146167528,14.004620389194681
-4649.379689844921,0.0007743401686364335,-3965.226146167528,14.004620389194681
-4647.968984492244,0.0007743401686364335,-3965.226146167528,14.004620389194681
-4646.558279139568,0.0007743401686364335,-3965.226146167528,14.004620389194681
-4645.147573786891,0.0007743401686364335,-3965.226146167528,14.004620389194681
-4643.7368684342155,0.0007743401686364335,-3965.226146167528,14.004620389194681
-4642.326163081539,0.0007743401686364335,-3965.226146167528,14.004620389194681
-4640.915457728862,0.0007743401686364335,-3965.226146167528,14.004620389194681
-4639.504752376186,0.0007743401686364335,-3965.226146167528,14.004620389194681
-4638.09404702351,0.0007743401686364335,-3965.226146167528,14.004620389194681
-4636.683341670834,0.0007743401686364335,-3965.226146167528,14.004620389194681
-4635.272636318157,0.0007743401686364335,-3965.226146167528,14.004620389194681
-4633.8619309654805,0.0007743401686364335,-3965.226146167528,14.004620389194681
-4632.451225612805,0.0007743401686364335,-3965.226146167528,14.004620389194681
-4631.040520260128,0.0007743401686364335,-3965.226146167528,14.004620389194681
-4629.629814907452,0.0007743401686364335,-3965.226146167528,14.004620389194681
-4628.219109554776,0.0007743401686364335,-3965.226146167528,14.004620389194681
-4626.808404202099,0.0007743401686364335,-3965.226146167528,14.004620389194681
-4625.397698849423,0.0007743401686364335,-3965.226146167528,14.004620389194681
-4623.986993496746,0.0007743401686364335,-3965.226146167528,14.004620389194681
-4622.5762881440705,0.0007743401686364335,-3965.226146167528,14.004620389194681
-4621.165582791394,0.0007743401686364335,-3965.226146167528,14.004620389194681
-4619.754877438717,0.0007743401686364335,-3965.226146167528,14.004620389194681
-4618.344172086041,0.0007743401686364335,-3965.226146167528,14.004620389194681
-4616.933466733365,0.0007743401686364335,-3965.226146167528,14.004620389194681
-4615.522761380689,0.0007743401686364335,-3965.226146167528,14.004620389194681
-4614.112056028012,0.0007743401686364335,-3965.226146167528,14.004620389194681
-4612.701350675336,0.0007743401686364335,-3965.226146167528,14.004620389194681
-4611.29064532266,0.0007743401686364335,-3965.226146167528,14.004620389194681
-4609.879939969983,0.0007743401686364335,-3965.226146167528,14.004620389194681
-4608.469234617307,0.0007743401686364335,-3965.226146167528,14.004620389194681
-4607.05852926463,0.0007743401686364335,-3965.226146167528,14.004620389194681
-4605.647823911954,0.0007743401686364335,-3965.226146167528,14.004620389194681
-4604.237118559278,0.0007743401686364335,-3965.226146167528,14.004620389194681
-4602.8264132066015,0.0007743401686364335,-3965.226146167528,14.004620389194681
-4601.415707853926,0.0007743401686364335,-3965.226146167528,14.004620389194681
-4600.005002501249,0.0007743401686364335,-3965.226146167528,14.004620389194681
-4598.594297148572,0.0007743401686364335,-3965.226146167528,14.004620389194681
-4597.183591795896,0.0007743401686364335,-3965.226146167528,14.004620389194681
-4595.772886443219,0.0007743401686364335,-3965.226146167528,14.004620389194681
-4594.362181090544,0.0007743401686364335,-3965.226146167528,14.004620389194681
-4592.951475737867,0.0007743401686364335,-3965.226146167528,14.004620389194681
-4591.540770385191,0.0007743401686364335,-3965.226146167528,14.004620389194681
-4590.130065032515,0.0007743401686364335,-3965.226146167528,14.004620389194681
-4588.719359679838,0.0007743401686364335,-3965.226146167528,14.004620389194681
-4587.308654327162,0.0007743401686364335,-3965.226146167528,14.004620389194681
-4585.897948974485,0.0007743401686364335,-3965.226146167528,14.004620389194681
-4584.487243621808,0.0007743401686364335,-3965.226146167528,14.004620389194681
-4583.076538269133,0.0007743401686364335,-3965.226146167528,14.004620389194681
-4581.665832916457,0.0007743401686364335,-3965.226146167528,14.004620389194681
-4580.255127563781,0.0007743401686364335,-3965.226146167528,14.004620389194681
-4578.844422211104,0.0007743401686364335,-3965.226146167528,14.004620389194681
-4577.433716858427,0.0007743401686364335,-3965.226146167528,14.004620389194681
-4576.023011505751,0.0007743401686364335,-3965.226146167528,14.004620389194681
-4574.612306153074,0.0007743401686364335,-3965.226146167528,14.004620389194681
-4573.201600800398,0.0007743401686364335,-3965.226146167528,14.004620389194681
-4571.7908954477225,0.0007743401686364335,-3965.226146167528,14.004620389194681
-4570.380190095046,0.0007743401686364335,-3965.226146167528,14.004620389194681
-4568.96948474237,0.0007743401686364335,-3965.226146167528,14.004620389194681
-4567.558779389693,0.0007743401686364335,-3965.226146167528,14.004620389194681
-4566.148074037017,0.0007743401686364335,-3965.226146167528,14.004620389194681
-4564.73736868434,0.0007743401686364335,-3965.226146167528,14.004620389194681
-4563.326663331663,0.0007743401686364335,-3965.226146167528,14.004620389194681
-4561.9159579789875,0.0007743401686364335,-3965.226146167528,14.004620389194681
-4560.505252626312,0.0007743401686364335,-3965.226146167528,14.004620389194681
-4559.094547273636,0.0007743401686364335,-3965.226146167528,14.004620389194681
-4557.683841920959,0.0007743401686364335,-3965.226146167528,14.004620389194681
-4556.273136568282,0.0007743401686364335,-3965.226146167528,14.004620389194681
-4554.862431215606,0.0007743401686364335,-3965.226146167528,14.004620389194681
-4553.451725862929,0.0007743401686364335,-3965.226146167528,14.004620389194681
-4552.0410205102535,0.0007743401686364335,-3965.226146167528,14.004620389194681
-4550.630315157578,0.0007743401686364335,-3965.226146167528,14.004620389194681
-4549.219609804901,0.0007743401686364335,-3965.226146167528,14.004620389194681
-4547.808904452225,0.0007743401686364335,-3965.226146167528,14.004620389194681
-4546.398199099548,0.0007743401686364335,-3965.226146167528,14.004620389194681
-4544.987493746872,0.0007743401686364335,-3965.226146167528,14.004620389194681
-4543.576788394195,0.0007743401686364335,-3965.226146167528,14.004620389194681
-4542.1660830415185,0.0007743401686364335,-3965.226146167528,14.004620389194681
-4540.755377688843,0.0007743401686364335,-3965.226146167528,14.004620389194681
-4539.344672336167,0.0007743401686364335,-3965.226146167528,14.004620389194681
-4537.933966983491,0.0007743401686364335,-3965.226146167528,14.004620389194681
-4536.523261630814,0.0007743401686364335,-3965.226146167528,14.004620389194681
-4535.112556278137,0.0007743401686364335,-3965.226146167528,14.004620389194681
-4533.701850925461,0.0007743401686364335,-3965.226146167528,14.004620389194681
-4532.291145572784,0.0007743401686364335,-3965.226146167528,14.004620389194681
-4530.8804402201085,0.0007743401686364335,-3965.226146167528,14.004620389194681
-4529.469734867432,0.0007743401686364335,-3965.226146167528,14.004620389194681
-4528.059029514756,0.0007743401686364335,-3965.226146167528,14.004620389194681
-4526.64832416208,0.0007743401686364335,-3965.226146167528,14.004620389194681
-4525.237618809403,0.0007743401686364335,-3965.226146167528,14.004620389194681
-4523.826913456727,0.0007743401686364335,-3965.226146167528,14.004620389194681
-4522.41620810405,0.0007743401686364335,-3965.226146167528,14.004620389194681
-4521.005502751374,0.0007743401686364335,-3965.226146167528,14.004620389194681
-4519.594797398698,0.0007743401686364335,-3965.226146167528,14.004620389194681
-4518.184092046021,0.0007743401686364335,-3965.226146167528,14.004620389194681
-4516.773386693346,0.0007743401686364335,-3965.226146167528,14.004620389194681
-4515.362681340669,0.0007743401686364335,-3965.226146167528,14.004620389194681
-4513.951975987992,0.0007743401686364335,-3965.226146167528,14.004620389194681
-4512.541270635316,0.0007743401686364335,-3965.226146167528,14.004620389194681
-4511.1305652826395,0.0007743401686364335,-3965.226146167528,14.004620389194681
-4509.719859929964,0.0007743401686364335,-3965.226146167528,14.004620389194681
-4508.309154577287,0.0007743401686364335,-3965.226146167528,14.004620389194681
-4506.89844922461,0.0007743401686364335,-3965.226146167528,14.004620389194681
-4505.487743871935,0.0007743401686364335,-3965.226146167528,14.004620389194681
-4504.077038519258,0.0007743401686364335,-3965.226146167528,14.004620389194681
-4502.666333166582,0.0007743401686364335,-3965.226146167528,14.004620389194681
-4501.255627813905,0.0007743401686364335,-3965.226146167528,14.004620389194681
-4499.844922461229,0.0007743401686364335,-3965.226146167528,14.004620389194681
-4498.434217108553,0.0007743401686364335,-3965.226146167528,14.004620389194681
-4497.023511755876,0.0007743401686364335,-3965.226146167528,14.004620389194681
-4495.6128064032,0.0007743401686364335,-3965.226146167528,14.004620389194681
-4494.202101050524,0.0007743401686364335,-3965.226146167528,14.004620389194681
-4492.791395697847,0.0007743401686364335,-3965.226146167528,14.004620389194681
-4491.380690345171,0.0007743401686364335,-3965.226146167528,14.004620389194681
-4489.969984992495,0.0007743401686364335,-3965.226146167528,14.004620389194681
-4488.559279639819,0.0007743401686364335,-3965.226146167528,14.004620389194681
-4487.148574287142,0.0007743401686364335,-3965.226146167528,14.004620389194681
-4485.737868934465,0.0007743401686364335,-3965.226146167528,14.004620389194681
-4484.32716358179,0.0007743401686364335,-3965.226146167528,14.004620389194681
-4482.916458229113,0.0007743401686364335,-3965.226146167528,14.004620389194681
-4481.505752876437,0.0007743401686364335,-3965.226146167528,14.004620389194681
-4480.0950475237605,0.0007743401686364335,-3965.226146167528,14.004620389194681
-4478.684342171084,0.0007743401686364335,-3965.226146167528,14.004620389194681
-4477.273636818408,0.0007743401686364335,-3965.226146167528,14.004620389194681
-4475.862931465731,0.0007743401686364335,-3965.226146167528,14.004620389194681
-4474.452226113055,0.0007743401686364335,-3965.226146167528,14.004620389194681
-4473.041520760379,0.0007743401686364335,-3965.226146167528,14.004620389194681
-4471.630815407702,0.0007743401686364335,-3965.226146167528,14.004620389194681
-4470.220110055026,0.0007743401686364335,-3965.226146167528,14.004620389194681
-4468.80940470235,0.0007743401686364335,-3965.226146167528,14.004620389194681
-4467.398699349674,0.0007743401686364335,-3965.226146167528,14.004620389194681
-4465.987993996997,0.0007743401686364335,-3965.226146167528,14.004620389194681
-4464.57728864432,0.0007743401686364335,-3965.226146167528,14.004620389194681
-4463.166583291644,0.0007743401686364335,-3965.226146167528,14.004620389194681
-4461.755877938968,0.0007743401686364335,-3965.226146167528,14.004620389194681
-4460.345172586292,0.0007743401686364335,-3965.226146167528,14.004620389194681
-4458.934467233616,0.0007743401686364335,-3965.226146167528,14.004620389194681
-4457.523761880939,0.0007743401686364335,-3965.226146167528,14.004620389194681
-4456.113056528263,0.0007743401686364335,-3965.226146167528,14.004620389194681
-4454.702351175586,0.0007743401686364335,-3965.226146167528,14.004620389194681
-4453.29164582291,0.0007743401686364335,-3965.226146167528,14.004620389194681
-4451.880940470233,0.0007743401686364335,-3965.226146167528,14.004620389194681
-4450.470235117557,0.0007743401686364335,-3965.226146167528,14.004620389194681
-4449.0595297648815,0.0007743401686364335,-3965.226146167528,14.004620389194681
-4447.648824412205,0.0007743401686364335,-3965.226146167528,14.004620389194681
-4446.238119059529,0.0007743401686364335,-3965.226146167528,14.004620389194681
-4444.827413706852,0.0007743401686364335,-3965.226146167528,14.004620389194681
-4443.416708354175,0.0007743401686364335,-3965.226146167528,14.004620389194681
-4442.006003001499,0.0007743401686364335,-3965.226146167528,14.004620389194681
-4440.595297648822,0.0007743401686364335,-3965.226146167528,14.004620389194681
-4439.1845922961475,0.0007743401686364335,-3965.226146167528,14.004620389194681
-4437.773886943471,0.0007743401686364335,-3965.226146167528,14.004620389194681
-4436.363181590794,0.0007743401686364335,-3965.226146167528,14.004620389194681
-4434.952476238118,0.0007743401686364335,-3965.226146167528,14.004620389194681
-4433.541770885441,0.0007743401686364335,-3965.226146167528,14.004620389194681
-4432.131065532765,0.0007743401686364335,-3965.226146167528,14.004620389194681
-4430.720360180088,0.0007743401686364335,-3965.226146167528,14.004620389194681
-4429.3096548274125,0.0007743401686364335,-3965.226146167528,14.004620389194681
-4427.898949474737,0.0007743401686364335,-3965.226146167528,14.004620389194681
-4426.48824412206,0.0007743401686364335,-3965.226146167528,14.004620389194681
-4425.077538769384,0.0007743401686364335,-3965.226146167528,14.004620389194681
-4423.666833416707,0.0007743401686364335,-3965.226146167528,14.004620389194681
-4422.25612806403,0.0007743401686364335,-3965.226146167528,14.004620389194681
-4420.845422711354,0.0007743401686364335,-3965.226146167528,14.004620389194681
-4419.4347173586775,0.0007743401686364335,-3965.226146167528,14.004620389194681
-4418.024012006002,0.0007743401686364335,-3965.226146167528,14.004620389194681
-4416.613306653326,0.0007743401686364335,-3965.226146167528,14.004620389194681
-4415.202601300649,0.0007743401686364335,-3965.226146167528,14.004620389194681
-4413.791895947973,0.0007743401686364335,-3965.226146167528,14.004620389194681
-4412.381190595296,0.0007743401686364335,-3965.226146167528,14.004620389194681
-4410.97048524262,0.0007743401686364335,-3965.226146167528,14.004620389194681
-4409.5597798899435,0.0007743401686364335,-3965.226146167528,14.004620389194681
-4408.149074537267,0.0007743401686364335,-3965.226146167528,14.004620389194681
-4406.738369184592,0.0007743401686364335,-3965.226146167528,14.004620389194681
-4405.327663831915,0.0007743401686364335,-3965.226146167528,14.004620389194681
-4403.916958479239,0.0007743401686364335,-3965.226146167528,14.004620389194681
-4402.506253126562,0.0007743401686364335,-3965.226146167528,14.004620389194681
-4401.095547773885,0.0007743401686364335,-3965.226146167528,14.004620389194681
-4399.684842421209,0.0007743401686364335,-3965.226146167528,14.004620389194681
-4398.274137068533,0.0007743401686364335,-3965.226146167528,14.004620389194681
-4396.863431715857,0.0007743401686364335,-3965.226146167528,14.004620389194681
-4395.452726363181,0.0007743401686364335,-3965.226146167528,14.004620389194681
-4394.042021010504,0.0007743401686364335,-3965.226146167528,14.004620389194681
-4392.631315657828,0.0007743401686364335,-3965.226146167528,14.004620389194681
-4391.220610305151,0.0007743401686364335,-3965.226146167528,14.004620389194681
-4389.809904952475,0.0007743401686364335,-3965.226146167528,14.004620389194681
-4388.3991995997985,0.0007743401686364335,-3965.226146167528,14.004620389194681
-4386.988494247122,0.0007743401686364335,-3965.226146167528,14.004620389194681
-4385.577788894446,0.0007743401686364335,-3965.226146167528,14.004620389194681
-4384.16708354177,0.0007743401686364335,-3965.226146167528,14.004620389194681
-4382.756378189094,0.0007743401686364335,-3965.226146167528,14.004620389194681
-4381.345672836417,0.0007743401686364335,-3965.226146167528,14.004620389194681
-4379.93496748374,0.0007743401686364335,-3965.226146167528,14.004620389194681
-4378.5242621310645,0.0007743401686364335,-3965.226146167528,14.004620389194681
-4377.113556778388,0.0007743401686364335,-3965.226146167528,14.004620389194681
-4375.702851425712,0.0007743401686364335,-3965.226146167528,14.004620389194681
-4374.292146073035,0.0007743401686364335,-3965.226146167528,14.004620389194681
-4372.881440720359,0.0007743401686364335,-3965.226146167528,14.004620389194681
-4371.470735367683,0.0007743401686364335,-3965.226146167528,14.004620389194681
-4370.060030015006,0.0007743401686364335,-3965.226146167528,14.004620389194681
-4368.64932466233,0.0007743401686364335,-3965.226146167528,14.004620389194681
-4367.238619309654,0.0007743401686364335,-3965.226146167528,14.004620389194681
-4365.827913956977,0.0007743401686364335,-3965.226146167528,14.004620389194681
-4364.417208604301,0.0007743401686364335,-3965.226146167528,14.004620389194681
-4363.006503251624,0.0007743401686364335,-3965.226146167528,14.004620389194681
-4361.595797898949,0.0007743401686364335,-3965.226146167528,14.004620389194681
-4360.185092546272,0.0007743401686364335,-3965.226146167528,14.004620389194681
-4358.774387193595,0.0007743401686364335,-3965.226146167528,14.004620389194681
-4357.3636818409195,0.0007743401686364335,-3965.226146167528,14.004620389194681
-4355.952976488243,0.0007743401686364335,-3965.226146167528,14.004620389194681
-4354.542271135567,0.0007743401686364335,-3965.226146167528,14.004620389194681
-4353.13156578289,0.0007743401686364335,-3965.226146167528,14.004620389194681
-4351.720860430214,0.0007743401686364335,-3965.226146167528,14.004620389194681
-4350.310155077538,0.0007743401686364335,-3965.226146167528,14.004620389194681
-4348.899449724861,0.0007743401686364335,-3965.226146167528,14.004620389194681
-4347.4887443721855,0.0007743401686364335,-3965.226146167528,14.004620389194681
-4346.078039019509,0.0007743401686364335,-3965.226146167528,14.004620389194681
-4344.667333666832,0.0007743401686364335,-3965.226146167528,14.004620389194681
-4343.256628314156,0.0007743401686364335,-3965.226146167528,14.004620389194681
-4341.845922961479,0.0007758096391752555,-3965.226146167528,14.004620389194681
-4340.435217608804,0.0007764662010430304,-3965.226146167528,14.004620389194681
-4339.024512256127,0.0007772752486154771,-3965.226146167528,14.004620389194681
-4337.6138069034505,0.0007782332274816603,-3965.226146167528,14.004620389194681
-4336.203101550775,0.0007793374389699672,-3965.226146167528,14.004620389194681
-4334.792396198098,0.0007805831843580017,-3965.226146167528,14.004620389194681
-4333.381690845422,0.000781975487923273,-3965.226146167528,14.004620389194681
-4331.970985492745,0.0007835035128135982,-3965.226146167528,14.004620389194681
-4330.560280140068,0.0007851654801654337,-3965.226146167528,14.004620389194681
-4329.149574787393,0.000786957853208757,-3965.226146167528,14.004620389194681
-4327.738869434716,0.0007888770135465374,-3965.226146167528,14.004620389194681
-4326.3281640820405,0.000790913081428248,-3965.226146167528,14.004620389194681
-4324.917458729364,0.0007930591779997458,-3965.226146167528,14.004620389194681
-4323.506753376687,0.000795307807343457,-3965.226146167528,14.004620389194681
-4322.096048024011,0.000797650882031342,-3965.226146167528,14.004620389194681
-4320.685342671334,0.0008000797516639909,-3965.226146167528,14.004620389194681
-4319.274637318658,0.0008025852343456647,-3965.226146167528,14.004620389194681
-4317.863931965982,0.0008051593037246168,-3965.226146167528,14.004620389194681
-4316.453226613306,0.0008077898738039013,-3965.226146167528,14.004620389194681
-4315.04252126063,0.0008104657467239676,-3965.226146167528,14.004620389194681
-4313.631815907953,0.0008131759434895764,-3965.226146167528,14.004620389194681
-4312.221110555277,0.0008159091612161135,-3965.226146167528,14.004620389194681
-4310.8104052026,0.0008186538204606065,-3965.226146167528,14.004620389194681
-4309.399699849923,0.0008213981145271912,-3965.226146167528,14.004620389194681
-4307.988994497247,0.0008241297945796268,-3965.226146167528,14.004620389194681
-4306.5782891445715,0.0008268356683723771,-3965.226146167528,14.004620389194681
-4305.167583791896,0.0008295038964426535,-3965.226146167528,14.004620389194681
-4303.756878439219,0.0008321222981174054,-3965.226146167528,14.004620389194681
-4302.346173086542,0.0008346788630788666,-3965.226146167528,14.004620389194681
-4300.935467733866,0.0008371612248494984,-3965.226146167528,14.004620389194681
-4299.524762381189,0.0008395578855309694,-3965.226146167528,14.004620389194681
-4298.114057028513,0.0008418571062803542,-3965.226146167528,14.004620389194681
-4296.7033516758365,0.000844044218583504,-3965.226146167528,14.004620389194681
-4295.292646323161,0.0008461094964783493,-3965.226146167528,14.004620389194681
-4293.881940970485,0.0008480435479898125,-3965.226146167528,14.004620389194681
-4292.471235617808,0.0008498363332083201,-3965.226146167528,14.004620389194681
-4291.060530265132,0.0008514782989902512,-3965.226146167528,14.004620389194681
-4289.649824912455,0.0008529604642843521,-3965.226146167528,14.004620389194681
-4288.239119559778,0.0008542744715597163,-3965.226146167528,14.004620389194681
-4286.8284142071025,0.0008554106640632831,-3965.226146167528,14.004620389194681
-4285.417708854427,0.0008563586457113431,-3965.226146167528,14.004620389194681
-4284.007003501751,0.0008571171992362326,-3965.226146167528,14.004620389194681
-4282.596298149074,0.0008576831475710282,-3965.226146167528,14.004620389194681
-4281.185592796397,0.0008580495404754845,-3965.226146167528,14.004620389194681
-4279.774887443721,0.0008582116571170765,-3965.226146167528,14.004620389194681
-4278.364182091044,0.0008581685099928087,-3965.226146167528,14.004620389194681
-4276.953476738368,0.00085791844335154,-3965.226146167528,14.004620389194681
-4275.542771385692,0.000857454537881944,-3965.226146167528,14.004620389194681
-4274.132066033016,0.0008567817300458974,-3965.226146167528,14.004620389194681
-4272.72136068034,0.0008559032295101193,-3965.226146167528,14.004620389194681
-4271.310655327663,0.000854821537433087,-3965.226146167528,14.004620389194681
-4269.899949974987,0.0008535401913613017,-3965.226146167528,14.004620389194681
-4268.48924462231,0.0008520637683196749,-3965.226146167528,14.004620389194681
-4267.078539269633,0.0008503978833945107,-3965.226146167528,14.004620389194681
-4265.6678339169575,0.0008485472654569167,-3965.226146167528,14.004620389194681
-4264.257128564281,0.0008465171716933294,-3965.226146167528,14.004620389194681
-4262.846423211606,0.0008443214483485719,-3965.226146167528,14.004620389194681
-4261.435717858929,0.0008419698776314968,-3965.226146167528,14.004620389194681
-4260.025012506252,0.0008394732061380801,-3965.226146167528,14.004620389194681
-4258.614307153576,0.0008368431046221383,-3965.226146167528,14.004620389194681
-4257.203601800899,0.0008340921365928732,-3965.226146167528,14.004620389194681
-4255.7928964482235,0.0008312337097616684,-3965.226146167528,14.004620389194681
-4254.382191095547,0.000828279714750061,-3965.226146167528,14.004620389194681
-4252.97148574287,0.0008252480025868347,-3965.226146167528,14.004620389194681
-4251.560780390195,0.0008221550692293792,-3965.226146167528,14.004620389194681
-4250.150075037518,0.0008190172273600752,-3965.226146167528,14.004620389194681
-4248.739369684842,0.0008158517055505504,-3965.226146167528,14.004620389194681
-4247.328664332165,0.0008126758454622576,-3965.226146167528,14.004620389194681
-4245.9179589794885,0.0008095075792960972,-3965.226146167528,14.004620389194681
-4244.507253626813,0.0008063657538396521,-3965.226146167528,14.004620389194681
-4243.096548274136,0.0008032705307005695,-3965.226146167528,14.004620389194681
-4241.68584292146,0.0008002402274817506,-3965.226146167528,14.004620389194681
-4240.275137568784,0.0007972936319642972,-3965.226146167528,14.004620389194681
-4238.864432216107,0.0007944498355874311,-3965.226146167528,14.004620389194681
-4237.453726863431,0.000791727729841796,-3965.226146167528,14.004620389194681
-4236.043021510754,0.0007891461117683854,-3965.226146167528,14.004620389194681
-4234.6323161580785,0.0007867235586113978,-3965.226146167528,14.004620389194681
-4233.221610805402,0.0007844843501574718,-3965.226146167528,14.004620389194681
-4231.810905452725,0.0007824432347391479,-3965.226146167528,14.004620389194681
-4230.400200100049,0.0007806161002101308,-3965.226146167528,14.004620389194681
-4228.989494747373,0.0007790196756849233,-3965.226146167528,14.004620389194681
-4227.578789394697,0.0007776699945331912,-3965.226146167528,14.004620389194681
-4226.16808404202,0.0007765824960798527,-3965.226146167528,14.004620389194681
-4224.757378689344,0.0007757712588423011,-3965.226146167528,14.004620389194681
-4223.346673336668,0.0007752535751087153,-3965.226146167528,14.004620389194681
-4221.935967983991,0.0007750475354605939,-3965.226146167528,14.004620389194681
-4220.525262631315,0.0007751562106392661,-3965.226146167528,14.004620389194681
-4219.114557278638,0.0007755898383746143,-3965.226146167528,14.004620389194681
-4217.703851925962,0.0007763572621652419,-3965.226146167528,14.004620389194681
-4216.293146573286,0.0007774661259196145,-3965.226146167528,14.004620389194681
-4214.8824412206095,0.0007789225963257859,-3965.226146167528,14.004620389194681
-4213.471735867934,0.0007807314390168177,-3965.226146167528,14.004620389194681
-4212.061030515257,0.0007829070782103331,-3965.226146167528,14.004620389194681
-4210.65032516258,0.000785443025044707,-3965.226146167528,14.004620389194681
-4209.239619809904,0.0007883365538711193,-3965.226146167528,14.004620389194681
-4207.828914457228,0.0007915856417695826,-3965.226146167528,14.004620389194681
-4206.418209104552,0.0007951874787435792,-3965.226146167528,14.004620389194681
-4205.007503751875,0.000799137668845183,-3965.226146167528,14.004620389194681
-4203.596798399199,0.0008034292633262905,-3965.226146167528,14.004620389194681
-4202.186093046523,0.0008080578410223076,-3965.226146167528,14.004620389194681
-4200.775387693846,0.0008130178056928655,-3965.226146167528,14.004620389194681
-4199.36468234117,0.0008182884596680144,-3965.226146167528,14.004620389194681
-4197.953976988493,0.0008238564031211717,-3965.226146167528,14.004620389194681
-4196.543271635817,0.0008297066096202132,-3965.226146167528,14.004620389194681
-4195.132566283141,0.0008358224562210724,-3965.226146167528,14.004620389194681
-4193.721860930465,0.0008421857608860868,-3965.226146167528,14.004620389194681
-4192.311155577789,0.0008487768272714548,-3965.226146167528,14.004620389194681
-4190.900450225112,0.0008555801243139746,-3965.226146167528,14.004620389194681
-4189.489744872435,0.0008625670044488927,-3965.226146167528,14.004620389194681
-4188.079039519759,0.0008697118590277567,-3965.226146167528,14.004620389194681
-4186.668334167082,0.0008769893757678753,-3965.226146167528,14.004620389194681
-4185.257628814407,0.0008843730798595866,-3965.226146167528,14.004620389194681
-4183.8469234617305,0.000891835423563366,-3965.226146167528,14.004620389194681
-4182.436218109054,0.0008993478824180596,-3965.226146167528,14.004620389194681
-4181.025512756378,0.0009068809216450769,-3965.226146167528,14.004620389194681
-4179.614807403701,0.0009144025227895324,-3965.226146167528,14.004620389194681
-4178.204102051025,0.0009218812331619745,-3965.226146167528,14.004620389194681
-4176.793396698348,0.0009292856597303841,-3965.226146167528,14.004620389194681
-4175.382691345671,0.0009365840307687698,-3965.226146167528,14.004620389194681
-4173.971985992996,0.0009437445532800454,-3965.226146167528,14.004620389194681
-4172.56128064032,0.0009507344162319397,-3965.226146167528,14.004620389194681
-4171.150575287644,0.000957522195384342,-3965.226146167528,14.004620389194681
-4169.739869934967,0.0009640673231804497,-3965.226146167528,14.004620389194681
-4168.32916458229,0.0009703429775287963,-3965.226146167528,14.004620389194681
-4166.918459229614,0.000976318677801349,-3965.226146167528,14.004620389194681
-4165.507753876937,0.0009819642306924143,-3965.226146167528,14.004620389194681
-4164.0970485242615,0.0009872502319533615,-3965.226146167528,14.004620389194681
-4162.686343171586,0.000992148015213718,-3965.226146167528,14.004620389194681
-4161.275637818909,0.0009966300192653678,-3965.226146167528,14.004620389194681
-4159.864932466233,0.0010006642744561434,-3965.226146167528,14.004620389194681
-4158.454227113556,0.0010042179248155093,-3965.226146167528,14.004620389194681
-4157.04352176088,0.0010072795309727712,-3965.226146167528,14.004620389194681
-4155.632816408203,0.0010098277370808842,-3965.226146167528,14.004620389194681
-4154.2221110555265,0.0010118430733487384,-3965.226146167528,14.004620389194681
-4152.811405702851,0.0010133187699770494,-3965.226146167528,14.004620389194681
-4151.400700350175,0.0010142183202596403,-3965.226146167528,14.004620389194681
-4149.989994997499,0.001014539288122646,-3965.226146167528,14.004620389194681
-4148.579289644822,0.0010142523308330296,-3965.226146167528,14.004620389194681
-4147.168584292145,0.0010133636872520356,-3965.226146167528,14.004620389194681
-4145.757878939469,0.0010118725695184893,-3965.226146167528,14.004620389194681
-4144.347173586792,0.0010097768442389207,-3965.226146167528,14.004620389194681
-4142.936468234117,0.0010070772818943973,-3965.226146167528,14.004620389194681
-4141.525762881441,0.0010037776505101388,-3965.226146167528,14.004620389194681
-4140.115057528764,0.0009998848010217883,-3965.226146167528,14.004620389194681
-4138.704352176088,0.0009954017363133195,-3965.226146167528,14.004620389194681
-4137.293646823411,0.0009903347468584412,-3965.226146167528,14.004620389194681
-4135.882941470735,0.0009847160787395122,-3965.226146167528,14.004620389194681
-4134.472236118058,0.0009785660481209598,-3965.226146167528,14.004620389194681
-4133.061530765382,0.000971908345319535,-3965.226146167528,14.004620389194681
-4131.650825412706,0.0009647700584663717,-3965.226146167528,14.004620389194681
-4130.24012006003,0.0009571816860879535,-3965.226146167528,14.004620389194681
-4128.829414707354,0.0009491771383512678,-3965.226146167528,14.004620389194681
-4127.418709354677,0.0009407831655057747,-3965.226146167528,14.004620389194681
-4126.008004002,0.0009320521471357636,-3965.226146167528,14.004620389194681
-4124.597298649324,0.0009230311282770695,-3965.226146167528,14.004620389194681
-4123.1865932966475,0.0009137678887890772,-3965.226146167528,14.004620389194681
-4121.775887943972,0.0009043129460973214,-3965.226146167528,14.004620389194681
-4120.365182591295,0.0008947214313453495,-3965.226146167528,14.004620389194681
-4118.954477238619,0.0008850500613689749,-3965.226146167528,14.004620389194681
-4117.543771885943,0.0008753596951836801,-3965.226146167528,14.004620389194681
-4116.133066533266,0.0008657178794399616,-3965.226146167528,14.004620389194681
-4114.72236118059,0.0008561905996037704,-3965.226146167528,14.004620389194681
-4113.3116558279135,0.0008468465579115564,-3965.226146167528,14.004620389194681
-4111.900950475237,0.0008377576800808188,-3965.226146167528,14.004620389194681
-4110.490245122561,0.0008289969917291662,-3965.226146167528,14.004620389194681
-4109.079539769884,0.0008206399757484246,-3965.226146167528,14.004620389194681
-4107.668834417209,0.0008127640689024654,-3965.226146167528,14.004620389194681
-4106.258129064532,0.0008054691439380481,-3965.226146167528,14.004620389194681
-4104.847423711855,0.0007988257015224876,-3965.226146167528,14.004620389194681
-4103.436718359179,0.0007929121655176813,-3965.226146167528,14.004620389194681
-4102.026013006503,0.0007878117664454913,-3965.226146167528,14.004620389194681
-4100.615307653827,0.0007836085392243968,-3965.226146167528,14.004620389194681
-4099.20460230115,0.000780386863851525,-3965.226146167528,14.004620389194681
-4097.793896948473,0.000778231783538746,-3965.226146167528,14.004620389194681
-4096.383191595798,0.000777245383582245,-3965.226146167528,14.004620389194681
-4094.972486243121,0.0007775318643603775,-3965.226146167528,14.004620389194681
-4093.5617808904453,0.0007791466047542714,-3965.226146167528,14.004620389194681
-4092.1510755377685,0.0007821733312982182,-3965.226146167528,14.004620389194681
-4090.7403701850917,0.0007866950709273541,-3965.226146167528,14.004620389194681
-4089.329664832416,0.0007927927874545166,-3965.226146167528,14.004620389194681
-4087.9189594797394,0.0008005466555091785,-3965.226146167528,14.004620389194681
-4086.5082541270635,0.0008100347572744632,-3965.226146167528,14.004620389194681
-4085.0975487743867,0.0008213942110147527,-3965.226146167528,14.004620389194681
-4083.6868434217104,0.0008346555312787097,-3965.226146167528,14.004620389194681
-4082.2761380690345,0.0008498775130324522,-3965.226146167528,14.004620389194681
-4080.8654327163576,0.0008671258012497327,-3965.226146167528,14.004620389194681
-4079.4547273636817,0.0008864671909628035,-3965.226146167528,14.004620389194681
-4078.044022011005,0.0009079656121837826,-3965.226146167528,14.004620389194681
-4076.6333166583286,0.0009316761346606523,-3965.226146167528,14.004620389194681
-4075.2226113056527,0.0009576825194180152,-3965.226146167528,14.004620389194681
-4073.811905952976,0.000986065766441394,-3965.226146167528,14.004620389194681
-4072.4012006003,0.0010168125735890107,-3965.226146167528,14.004620389194681
-4070.9904952476236,0.0010499627463877463,-3965.226146167528,14.004620389194681
-4069.5797898949468,0.0010855512260501809,-3965.226146167528,14.004620389194681
-4068.169084542271,0.001123607892206523,-3965.226146167528,14.004620389194681
-4066.7583791895945,0.0011641573763448497,-3965.226146167528,14.004620389194681
-4065.3476738369186,0.0012072188893560932,-3965.226146167528,14.004620389194681
-4063.936968484242,0.0012528879770117383,-3965.226146167528,14.004620389194681
-4062.526263131565,0.0013011062516337575,-3965.226146167528,14.004620389194681
-4061.1155577788895,0.0013518593726586058,-3965.226146167528,14.004620389194681
-4059.7048524262127,0.0014051425201908976,-3965.226146167528,14.004620389194681
-4058.294147073537,0.0014609447572154716,-3965.226146167528,14.004620389194681
-4056.88344172086,0.0015192489427745754,-3965.226146167528,14.004620389194681
-4055.4727363681836,0.0015800316597280558,-3965.226146167528,14.004620389194681
-4054.0620310155077,0.0016432949676724517,-3965.226146167528,14.004620389194681
-4052.651325662831,0.0017090294215076694,-3965.226146167528,14.004620389194681
-4051.240620310155,0.001777129710651129,-3965.226146167528,14.004620389194681
-4049.8299149574786,0.0018475460491904616,-3965.226146167528,14.004620389194681
-4048.419209604802,0.0019202222714742143,-3965.226146167528,14.004620389194681
-4047.008504252126,0.00199509586631945,-3965.226146167528,14.004620389194681
-4045.597798899449,0.0020720980281104147,-3965.226146167528,14.004620389194681
-4044.1870935467737,0.0021511537250631127,-3965.226146167528,14.004620389194681
-4042.776388194097,0.002232242834495042,-3965.226146167528,14.004620389194681
-4041.36568284142,0.0023152209795611273,-3965.226146167528,14.004620389194681
-4039.954977488744,0.0023999825869541547,-3965.226146167528,14.004620389194681
-4038.544272136068,0.0024864280221376196,-3965.226146167528,14.004620389194681
-4037.133566783392,0.002574452070961632,-3965.226146167528,14.004620389194681
-4035.722861430715,0.0026639441167809067,-3965.226146167528,14.004620389194681
-4034.3121560780382,0.0027547883336212133,-3965.226146167528,14.004620389194681
-4032.901450725363,0.0028468786188035043,-3965.226146167528,14.004620389194681
-4031.490745372686,0.002940094778111708,-3965.226146167528,14.004620389194681
-4030.08004002001,0.0030342751912896997,-3965.226146167528,14.004620389194681
-4028.6693346673333,0.0031292849097235725,-3965.226146167528,14.004620389194681
-4027.258629314657,0.003224985028347573,-3965.226146167528,14.004620389194681
-4025.847923961981,0.003321232969945811,-3965.226146167528,14.004620389194681
-4024.437218609304,0.0034178827817126956,-3965.226146167528,14.004620389194681
-4023.0265132566283,0.003514785443351548,-3965.226146167528,14.004620389194681
-4021.615807903952,0.0036117868731192094,-3965.226146167528,14.004620389194681
-4020.205102551275,0.0037087227026919695,-3965.226146167528,14.004620389194681
-4018.794397198599,0.0038054453679731777,-3965.226146167528,14.004620389194681
-4017.3836918459224,0.003901783980792003,-3965.226146167528,14.004620389194681
-4015.972986493247,0.003997576602066358,-3965.226146167528,14.004620389194681
-4014.56228114057,0.004092668531525316,-3965.226146167528,14.004620389194681
-4013.1515757878933,0.004186898772379849,-3965.226146167528,14.004620389194681
-4011.7408704352174,0.004280089808122757,-3965.226146167528,14.004620389194681
-4010.330165082541,0.004372058164424422,-3965.226146167528,14.004620389194681
-4008.919459729865,0.004462668822395911,-3965.226146167528,14.004620389194681
-4007.5087543771883,0.004551762403896053,-3965.226146167528,14.004620389194681
-4006.098049024512,0.004639180904019106,-3965.226146167528,14.004620389194681
-4004.687343671836,0.004724768067827992,-3965.226146167528,14.004620389194681
-4003.2766383191592,0.004808369764928955,-3965.226146167528,14.004620389194681
-4001.8659329664833,0.004889834360868647,-3965.226146167528,14.004620389194681
-4000.455227613807,0.0049689323223410155,-3965.226146167528,14.004620389194681
-3999.04452226113,0.00504557450561772,-3965.226146167528,14.004620389194681
-3997.6338169084543,0.005119632053533897,-3965.226146167528,14.004620389194681
-3996.2231115557775,0.005190967544959783,-3965.226146167528,14.004620389194681
-3994.8124062031015,0.005259447893699394,-3965.226146167528,14.004620389194681
-3993.401700850425,0.0053249446769122535,-3965.226146167528,14.004620389194681
-3991.9909954977484,0.005387334453196011,-3965.226146167528,14.004620389194681
-3990.5802901450725,0.005446452676455545,-3965.226146167528,14.004620389194681
-3989.169584792396,0.005502144819620037,-3965.226146167528,14.004620389194681
-3987.75887943972,0.005554384369622986,-3965.226146167528,14.004620389194681
-3986.3481740870434,0.005603071641273258,-3965.226146167528,14.004620389194681
-3984.9374687343666,0.00564811338217471,-3965.226146167528,14.004620389194681
-3983.526763381691,0.00568942300674179,-3965.226146167528,14.004620389194681
-3982.1160580290143,0.00572692081413771,-3965.226146167528,14.004620389194681
-3980.7053526763384,0.005760534189521362,-3965.226146167528,14.004620389194681
-3979.2946473236616,0.005790064459983835,-3965.226146167528,14.004620389194681
-3977.8839419709852,0.0058155621275922265,-3965.226146167528,14.004620389194681
-3976.4732366183093,0.005836998720966461,-3965.226146167528,14.004620389194681
-3975.0625312656325,0.0058543327055085755,-3965.226146167528,14.004620389194681
-3973.6518259129566,0.005867530385477073,-3965.226146167528,14.004620389194681
-3972.2411205602803,0.005876796990095882,-3965.226146167528,14.004620389194681
-3970.8304152076034,0.0058816534708817595,-3965.226146167528,14.004620389194681
-3969.4197098549275,0.005882261109521409,-3965.226146167528,14.004620389194681
-3968.0090045022507,0.005878575464515057,-3965.226146167528,14.004620389194681
-3966.5982991495753,0.005870706219563622,-3965.226146167528,14.004620389194681
-3965.1875937968985,0.0058586688996436435,-3965.226146167528,14.004620389194681
-3963.7768884442216,0.005842487034880137,-3965.226146167528,14.004620389194681
-3962.3661830915457,0.005822192100510732,-3965.226146167528,14.004620389194681
-3960.9554777388694,0.005797823437089858,-3965.226146167528,14.004620389194681
-3959.5447723861935,0.005769428151159019,-3965.226146167528,14.004620389194681
-3958.1340670335167,0.005736930515824509,-3965.226146167528,14.004620389194681
-3956.72336168084,0.005700509138641133,-3965.226146167528,14.004620389194681
-3955.3126563281644,0.0056602545945749205,-3965.226146167528,14.004620389194681
-3953.9019509754876,0.005616244656720488,-3965.226146167528,14.004620389194681
-3952.4912456228117,0.005568564006341167,-3965.226146167528,14.004620389194681
-3951.080540270135,0.005517304029745689,-3965.226146167528,14.004620389194681
-3949.6698349174585,0.005462562632787009,-3965.226146167528,14.004620389194681
-3948.2591295647826,0.005404397341207949,-3965.226146167528,14.004620389194681
-3946.848424212106,0.005342892852406252,-3965.226146167528,14.004620389194681
-3945.43771885943,0.0052782474481387325,-3965.226146167528,14.004620389194681
-3944.0270135067535,0.0052105831206471186,-3965.226146167528,14.004620389194681
-3942.6163081540767,0.005140026931706863,-3965.226146167528,14.004620389194681
-3941.205602801401,0.005066710697609073,-3965.226146167528,14.004620389194681
-3939.7948974487244,0.004990770663549474,-3965.226146167528,14.004620389194681
-3938.3841920960485,0.004912347168329476,-3965.226146167528,14.004620389194681
-3936.9734867433717,0.004831511095709324,-3965.226146167528,14.004620389194681
-3935.562781390695,0.00474848446160799,-3965.226146167528,14.004620389194681
-3934.152076038019,0.004663429395993135,-3965.226146167528,14.004620389194681
-3932.7413706853426,0.004576499376772552,-3965.226146167528,14.004620389194681
-3931.3306653326667,0.00448785011172728,-3965.226146167528,14.004620389194681
-3929.91995997999,0.004397639170416132,-3965.226146167528,14.004620389194681
-3928.5092546273136,0.004306025605061674,-3965.226146167528,14.004620389194681
-3927.0985492746377,0.004213153979828349,-3965.226146167528,14.004620389194681
-3925.687843921961,0.004119184371439835,-3965.226146167528,14.004620389194681
-3924.277138569285,0.004024307786681954,-3965.226146167528,14.004620389194681
-3922.8664332166086,0.003928685333665156,-3965.226146167528,14.004620389194681
-3921.4557278639318,0.003832477644526375,-3965.226146167528,14.004620389194681
-3920.045022511256,0.0037358445072701828,-3965.226146167528,14.004620389194681
-3918.634317158579,0.003638944502555997,-3965.226146167528,14.004620389194681
-3917.2236118059036,0.003541934646380935,-3965.226146167528,14.004620389194681
-3915.812906453227,0.003444977343520762,-3965.226146167528,14.004620389194681
-3914.40220110055,0.003348230856835601,-3965.226146167528,14.004620389194681
-3912.991495747874,0.00325184480277992,-3965.226146167528,14.004620389194681
-3911.5807903951977,0.0031559660436391804,-3965.226146167528,14.004620389194681
-3910.170085042522,0.003060738151799681,-3965.226146167528,14.004620389194681
-3908.759379689845,0.0029663011105765845,-3965.226146167528,14.004620389194681
-3907.348674337168,0.002872791025344351,-3965.226146167528,14.004620389194681
-3905.9379689844927,0.0027803574904174573,-3965.226146167528,14.004620389194681
-3904.527263631816,0.0026891458183210884,-3965.226146167528,14.004620389194681
-3903.11655827914,0.002599253115902242,-3965.226146167528,14.004620389194681
-3901.705852926463,0.0025107966256958446,-3965.226146167528,14.004620389194681
-3900.295147573787,0.002423888516345054,-3965.226146167528,14.004620389194681
-3898.884442221111,0.0023386355272393237,-3965.226146167528,14.004620389194681
-3897.473736868434,0.0022551388923884325,-3965.226146167528,14.004620389194681
-3896.063031515758,0.0021734941485741263,-3965.226146167528,14.004620389194681
-3894.652326163082,0.0020938603765439066,-3965.226146167528,14.004620389194681
-3893.241620810405,0.002016266813107972,-3965.226146167528,14.004620389194681
-3891.830915457729,0.0019407817250953667,-3965.226146167528,14.004620389194681
-3890.4202101050523,0.001867475707457139,-3965.226146167528,14.004620389194681
-3889.009504752377,0.0017964130123937362,-3965.226146167528,14.004620389194681
-3887.5987993997,0.0017276516257842484,-3965.226146167528,14.004620389194681
-3886.1880940470232,0.0016612431200425978,-3965.226146167528,14.004620389194681
-3884.7773886943473,0.0015972692626176081,-3965.226146167528,14.004620389194681
-3883.366683341671,0.0015357914632589285,-3965.226146167528,14.004620389194681
-3881.955977988995,0.0014767849014217013,-3965.226146167528,14.004620389194681
-3880.5452726363183,0.0014202743499451731,-3965.226146167528,14.004620389194681
-3879.1345672836414,0.0013662774892450077,-3965.226146167528,14.004620389194681
-3877.723861930966,0.0013148115241617252,-3965.226146167528,14.004620389194681
-3876.313156578289,0.001265881004120683,-3965.226146167528,14.004620389194681
-3874.9024512256133,0.001219483821865765,-3965.226146167528,14.004620389194681
-3873.4917458729365,0.0011757026330796055,-3965.226146167528,14.004620389194681
-3872.08104052026,0.0011344488076149345,-3965.226146167528,14.004620389194681
-3870.670335167584,0.0010956942001407862,-3965.226146167528,14.004620389194681
-3869.2596298149074,0.001059416039496689,-3965.226146167528,14.004620389194681
-3867.8489244622315,0.0010255850732144775,-3965.226146167528,14.004620389194681
-3866.438219109555,0.0009941668765182654,-3965.226146167528,14.004620389194681
-3865.0275137568783,0.0009651258771643651,-3965.226146167528,14.004620389194681
-3863.6168084042024,0.0009384536104052244,-3965.226146167528,14.004620389194681
-3862.206103051526,0.0009141129910063963,-3965.226146167528,14.004620389194681
-3860.7953976988497,0.0008920020495750533,-3965.226146167528,14.004620389194681
-3859.3846923461733,0.0008720626357189545,-3965.226146167528,14.004620389194681
-3857.9739869934965,0.0008542345134018299,-3965.226146167528,14.004620389194681
-3856.563281640821,0.0008384539549835017,-3965.226146167528,14.004620389194681
-3855.1525762881442,0.0008246539563708624,-3965.226146167528,14.004620389194681
-3853.741870935468,0.0008127645284509742,-3965.226146167528,14.004620389194681
-3852.3311655827915,0.0008027734918465004,-3965.226146167528,14.004620389194681
-3850.920460230115,0.0007945458973978096,-3965.226146167528,14.004620389194681
-3849.5097548774393,0.0007879969228818508,-3965.226146167528,14.004620389194681
-3848.0990495247624,0.0007830470023679988,-3965.226146167528,14.004620389194681
-3846.688344172086,0.0007796148154042656,-3965.226146167528,14.004620389194681
-3845.27763881941,0.000777617924164293,-3965.226146167528,14.004620389194681
-3843.8669334667334,0.0007769743745168288,-3965.226146167528,14.004620389194681
-3842.4562281140575,0.0007776159811381326,-3965.226146167528,14.004620389194681
-3841.0455227613807,0.0007794627288100135,-3965.226146167528,14.004620389194681
-3839.6348174087047,0.0007824002852092364,-3965.226146167528,14.004620389194681
-3838.2241120560284,0.0007863437788103724,-3965.226146167528,14.004620389194681
-3836.8134067033516,0.0007912080271742511,-3965.226146167528,14.004620389194681
-3835.4027013506757,0.0007969089764069554,-3965.226146167528,14.004620389194681
-3833.9919959979993,0.0008033633214989499,-3965.226146167528,14.004620389194681
-3832.581290645323,0.0008104872957860659,-3965.226146167528,14.004620389194681
-3831.1705852926466,0.0008182187807777439,-3965.226146167528,14.004620389194681
-3829.75987993997,0.000826456029453747,-3965.226146167528,14.004620389194681
-3828.3491745872943,0.0008351184741929377,-3965.226146167528,14.004620389194681
-3826.9384692346175,0.0008441300609194213,-3965.226146167528,14.004620389194681
-3825.527763881941,0.0008534167739278968,-3965.226146167528,14.004620389194681
-3824.117058529265,0.0008629068153119414,-3965.226146167528,14.004620389194681
-3822.7063531765884,0.0008725307689483199,-3965.226146167528,14.004620389194681
-3821.2956478239125,0.0008822217208320774,-3965.226146167528,14.004620389194681
-3819.8849424712357,0.0008919118726690078,-3965.226146167528,14.004620389194681
-3818.4742371185594,0.0009015386772624187,-3965.226146167528,14.004620389194681
-3817.0635317658835,0.0009110440648406829,-3965.226146167528,14.004620389194681
-3815.6528264132066,0.0009203730057687962,-3965.226146167528,14.004620389194681
-3814.2421210605307,0.0009294735995870819,-3965.226146167528,14.004620389194681
-3812.831415707854,0.0009382971519979545,-3965.226146167528,14.004620389194681
-3811.420710355178,0.0009467982398503499,-3965.226146167528,14.004620389194681
-3810.0100050025017,0.0009549204987357094,-3965.226146167528,14.004620389194681
-3808.599299649825,0.0009626360578700412,-3965.226146167528,14.004620389194681
-3807.188594297149,0.0009699089761229814,-3965.226146167528,14.004620389194681
-3805.7778889444726,0.0009767101304595162,-3965.226146167528,14.004620389194681
-3804.367183591796,0.000983011595705012,-3965.226146167528,14.004620389194681
-3802.95647823912,0.000988786945134162,-3965.226146167528,14.004620389194681
-3801.5457728864435,0.0009940157772605847,-3965.226146167528,14.004620389194681
-3800.1350675337676,0.0009986709731639887,-3965.226146167528,14.004620389194681
-3798.724362181091,0.0010027333659856825,-3965.226146167528,14.004620389194681
-3797.3136568284144,0.0010062048078226015,-3965.226146167528,14.004620389194681
-3795.9029514757385,0.0010090775627796258,-3965.226146167528,14.004620389194681
-3794.4922461230617,0.001011347000974532,-3965.226146167528,14.004620389194681
-3793.081540770386,0.0010130221512265397,-3965.226146167528,14.004620389194681
-3791.670835417709,0.0010140831894492285,-3965.226146167528,14.004620389194681
-3790.260130065033,0.0010145447584001812,-3965.226146167528,14.004620389194681
-3788.8494247123567,0.0010143932524220517,-3965.226146167528,14.004620389194681
-3787.43871935968,0.0010136577476662317,-3965.226146167528,14.004620389194681
-3786.028014007004,0.0010123524835395023,-3965.226146167528,14.004620389194681
-3784.6173086543276,0.0010104921028102557,-3965.226146167528,14.004620389194681
-3783.2066033016513,0.0010080934542858792,-3965.226146167528,14.004620389194681
-3781.795897948975,0.0010051754554589838,-3965.226146167528,14.004620389194681
-3780.385192596298,0.0010017589511225463,-3965.226146167528,14.004620389194681
-3778.9744872436227,0.0009978593350624945,-3965.226146167528,14.004620389194681
-3777.563781890946,0.0009934995647764466,-3965.226146167528,14.004620389194681
-3776.1530765382695,0.0009887162315350797,-3965.226146167528,14.004620389194681
-3774.742371185593,0.000983536565428495,-3965.226146167528,14.004620389194681
-3773.3316658329168,0.0009779889456757768,-3965.226146167528,14.004620389194681
-3771.920960480241,0.000972102747108486,-3965.226146167528,14.004620389194681
-3770.510255127564,0.0009659081867908755,-3965.226146167528,14.004620389194681
-3769.0995497748877,0.0009594361713171632,-3965.226146167528,14.004620389194681
-3767.688844422212,0.000952710690327371,-3965.226146167528,14.004620389194681
-3766.278139069535,0.0009457729614070449,-3965.226146167528,14.004620389194681
-3764.867433716859,0.0009386558119723787,-3965.226146167528,14.004620389194681
-3763.4567283641823,0.0009313913914146892,-3965.226146167528,14.004620389194681
-3762.0460230115063,0.0009240117763294185,-3965.226146167528,14.004620389194681
-3760.63531765883,0.0009165488337013156,-3965.226146167528,14.004620389194681
-3759.224612306153,0.0009090340882893983,-3965.226146167528,14.004620389194681
-3757.8139069534773,0.0009014987911830381,-3965.226146167528,14.004620389194681
-3756.403201600801,0.0008939752381244921,-3965.226146167528,14.004620389194681
-3754.9924962481246,0.00088649352058417,-3965.226146167528,14.004620389194681
-3753.581790895448,0.00087908243534177,-3965.226146167528,14.004620389194681
-3752.1710855427714,0.0008717697872202482,-3965.226146167528,14.004620389194681
-3750.760380190096,0.0008645821506675486,-3965.226146167528,14.004620389194681
-3749.349674837419,0.0008575457797125683,-3965.226146167528,14.004620389194681
-3747.9389694847428,0.000850684779638903,-3965.226146167528,14.004620389194681
-3746.5282641320664,0.00084403023405528,-3965.226146167528,14.004620389194681
-3745.11755877939,0.0008375985104271885,-3965.226146167528,14.004620389194681
-3743.706853426714,0.0008314083045987828,-3965.226146167528,14.004620389194681
-3742.2961480740373,0.0008254791540791683,-3965.226146167528,14.004620389194681
-3740.885442721361,0.0008198277123632365,-3965.226146167528,14.004620389194681
-3739.474737368685,0.000814469343371182,-3965.226146167528,14.004620389194681
-3738.0640320160082,0.000809418257799635,-3965.226146167528,14.004620389194681
-3736.6533266633323,0.0008046920078246061,-3965.226146167528,14.004620389194681
-3735.2426213106555,0.0008003034612934739,-3965.226146167528,14.004620389194681
-3733.8319159579796,0.000796254277467278,-3965.226146167528,14.004620389194681
-3732.4212106053033,0.0007925514519522568,-3965.226146167528,14.004620389194681
-3731.0105052526264,0.0007892003010931423,-3965.226146167528,14.004620389194681
-3729.5997998999505,0.0007862044886968882,-3965.226146167528,14.004620389194681
-3728.189094547274,0.0007835660896201843,-3965.226146167528,14.004620389194681
-3726.778389194598,0.0007812855098115481,-3965.226146167528,14.004620389194681
-3725.3676838419215,0.0007793742860101624,-3965.226146167528,14.004620389194681
-3723.956978489245,0.0007778175900729889,-3965.226146167528,14.004620389194681
-3722.546273136569,0.0007766101629363941,-3965.226146167528,14.004620389194681
-3721.1355677838924,0.0007757459922037023,-3965.226146167528,14.004620389194681
-3719.724862431216,0.0007752180959591929,-3965.226146167528,14.004620389194681
-3718.31415707854,0.0007750181732116955,-3965.226146167528,14.004620389194681
-3716.9034517258633,0.0007751359628420825,-3965.226146167528,14.004620389194681
-3715.4927463731874,0.0007755656697018695,-3965.226146167528,14.004620389194681
-3714.0820410205106,0.0007762958081935037,-3965.226146167528,14.004620389194681
-3712.6713356678347,0.0007773065256521319,-3965.226146167528,14.004620389194681
-3711.2606303151583,0.0007785835349611311,-3965.226146167528,14.004620389194681
-3709.8499249624815,0.00078011182249184,-3965.226146167528,14.004620389194681
-3708.4392196098056,0.0007818755202223682,-3965.226146167528,14.004620389194681
-3707.0285142571292,0.0007838580508749084,-3965.226146167528,14.004620389194681
-3705.617808904453,0.0007860418546699784,-3965.226146167528,14.004620389194681
-3704.2071035517765,0.0007884160397211159,-3965.226146167528,14.004620389194681
-3702.7963981990997,0.0007909549894660417,-3965.226146167528,14.004620389194681
-3701.3856928464243,0.0007936397732299697,-3965.226146167528,14.004620389194681
-3699.9749874937474,0.0007964516466104009,-3965.226146167528,14.004620389194681
-3698.564282141071,0.00079937170608773,-3965.226146167528,14.004620389194681
-3697.1535767883947,0.0008023809762074596,-3965.226146167528,14.004620389194681
-3695.7428714357184,0.0008054604946882463,-3965.226146167528,14.004620389194681
-3694.3321660830425,0.0008085919256052718,-3965.226146167528,14.004620389194681
-3692.9214607303657,0.000811755617942606,-3965.226146167528,14.004620389194681
-3691.5107553776893,0.0008149320787334902,-3965.226146167528,14.004620389194681
-3690.1000500250134,0.0008181032693530847,-3965.226146167528,14.004620389194681
-3688.6893446723366,0.0008212515713146957,-3965.226146167528,14.004620389194681
-3687.2786393196607,0.0008243598558333308,-3965.226146167528,14.004620389194681
-3685.867933966984,0.0008274115500290177,-3965.226146167528,14.004620389194681
-3684.457228614308,0.0008303906995581344,-3965.226146167528,14.004620389194681
-3683.0465232616316,0.0008332782472934921,-3965.226146167528,14.004620389194681
-3681.635817908955,0.0008360621022157594,-3965.226146167528,14.004620389194681
-3680.225112556279,0.0008387290807047796,-3965.226146167528,14.004620389194681
-3678.8144072036025,0.0008412655570403821,-3965.226146167528,14.004620389194681
-3677.403701850926,0.0008436604178896828,-3965.226146167528,14.004620389194681
-3675.99299649825,0.0008459024423926759,-3965.226146167528,14.004620389194681
-3674.582291145573,0.000847981691760617,-3965.226146167528,14.004620389194681
-3673.1715857928975,0.0008498855206131094,-3965.226146167528,14.004620389194681
-3671.7608804402207,0.0008516049225104247,-3965.226146167528,14.004620389194681
-3670.3501750875444,0.0008531366192420911,-3965.226146167528,14.004620389194681
-3668.939469734868,0.0008544746990423503,-3965.226146167528,14.004620389194681
-3667.5287643821916,0.0008556142871315514,-3965.226146167528,14.004620389194681
-3666.1180590295157,0.0008565515484351628,-3965.226146167528,14.004620389194681
-3664.707353676839,0.000857284204317027,-3965.226146167528,14.004620389194681
-3663.2966483241626,0.0008578126602621279,-3965.226146167528,14.004620389194681
-3661.8859429714867,0.0008581227389873978,-3965.226146167528,14.004620389194681
-3660.47523761881,0.0008582251518852365,-3965.226146167528,14.004620389194681
-3659.064532266134,0.0008581216805639054,-3965.226146167528,14.004620389194681
-3657.6538269134576,0.0008578146631204466,-3965.226146167528,14.004620389194681
-3656.243121560781,0.0008573073686600156,-3965.226146167528,14.004620389194681
-3654.832416208105,0.0008566039660185104,-3965.226146167528,14.004620389194681
-3653.421710855428,0.0008557094891057439,-3965.226146167528,14.004620389194681
-3652.011005502752,0.00085462669889631,-3965.226146167528,14.004620389194681
-3650.600300150076,0.0008533620471011321,-3965.226146167528,14.004620389194681
-3649.1895947973994,0.0008519269219665137,-3965.226146167528,14.004620389194681
-3647.778889444723,0.0008503294956375032,-3965.226146167528,14.004620389194681
-3646.3681840920467,0.0008485785783001335,-3965.226146167528,14.004620389194681
-3644.957478739371,0.000846683567260618,-3965.226146167528,14.004620389194681
-3643.546773386694,0.0008446543942976027,-3965.226146167528,14.004620389194681
-3642.1360680340176,0.0008425014715351015,-3965.226146167528,14.004620389194681
-3640.7253626813417,0.00084023195358727,-3965.226146167528,14.004620389194681
-3639.314657328665,0.000837861494356063,-3965.226146167528,14.004620389194681
-3637.903951975989,0.0008354018412516516,-3965.226146167528,14.004620389194681
-3636.493246623312,0.0008328647875171848,-3965.226146167528,14.004620389194681
-3635.0825412706363,0.0008302623097146658,-3965.226146167528,14.004620389194681
-3633.67183591796,0.0008276065122118773,-3965.226146167528,14.004620389194681
-3632.261130565283,0.0008249095708226457,-3965.226146167528,14.004620389194681
-3630.850425212607,0.0008221833925361931,-3965.226146167528,14.004620389194681
-3629.439719859931,0.0008194408026011506,-3965.226146167528,14.004620389194681
-3628.0290145072545,0.0008166944044306547,-3965.226146167528,14.004620389194681
-3626.618309154578,0.0008139563229501315,-3965.226146167528,14.004620389194681
-3625.2076038019013,0.0008112374605492851,-3965.226146167528,14.004620389194681
-3623.796898449226,0.0008085500449851986,-3965.226146167528,14.004620389194681
-3622.386193096549,0.0008059048378253537,-3965.226146167528,14.004620389194681
-3620.9754877438727,0.0008033125615011455,-3965.226146167528,14.004620389194681
-3619.5647823911963,0.0008007862807512223,-3965.226146167528,14.004620389194681
-3618.15407703852,0.0007983340011832044,-3965.226146167528,14.004620389194681
-3616.743371685844,0.0007959649830917574,-3965.226146167528,14.004620389194681
-3615.3326663331673,0.0007936879940064213,-3965.226146167528,14.004620389194681
-3613.921960980491,0.0007915113019702835,-3965.226146167528,14.004620389194681
-3612.511255627815,0.0007894425813925974,-3965.226146167528,14.004620389194681
-3611.100550275138,0.0007874888918564872,-3965.226146167528,14.004620389194681
-3609.6898449224623,0.000785658943110704,-3965.226146167528,14.004620389194681
-3608.2791395697855,0.0007839591598536103,-3965.226146167528,14.004620389194681
-3606.8684342171096,0.0007823920523685636,-3965.226146167528,14.004620389194681
-3605.457728864433,0.0007809619298663743,-3965.226146167528,14.004620389194681
-3604.0470235117564,0.0007796724489355208,-3965.226146167528,14.004620389194681
-3602.6363181590805,0.0007785265206679699,-3965.226146167528,14.004620389194681
-3601.225612806404,0.0007775263360878403,-3965.226146167528,14.004620389194681
-3599.8149074537278,0.0007766734833531472,-3965.226146167528,14.004620389194681
-3598.4042021010514,0.0007759743458129266,-3965.226146167528,14.004620389194681
-3596.993496748375,0.0007754233693199996,-3965.226146167528,14.004620389194681
-3595.582791395699,0.0007750199097331808,-3965.226146167528,14.004620389194681
-3594.1720860430223,0.0007747626301167556,-3965.226146167528,14.004620389194681
-3592.761380690346,0.0007746496465568727,-3965.226146167528,14.004620389194681
-3591.3506753376696,0.0007746781675464268,-3965.226146167528,14.004620389194681
-3589.9399699849932,0.0007748450173400358,-3965.226146167528,14.004620389194681
-3588.5292646323173,0.0007751486922712622,-3965.226146167528,14.004620389194681
-3587.1185592796405,0.0007743401686364335,-3965.226146167528,14.004620389194681
-3585.7078539269646,0.0007743401686364335,-3965.226146167528,14.004620389194681
-3584.2971485742883,0.0007743401686364335,-3965.226146167528,14.004620389194681
-3582.8864432216114,0.0007743401686364335,-3965.226146167528,14.004620389194681
-3581.4757378689355,0.0007743401686364335,-3965.226146167528,14.004620389194681
-3580.065032516259,0.0007743401686364335,-3965.226146167528,14.004620389194681
-3578.654327163583,0.0007743401686364335,-3965.226146167528,14.004620389194681
-3577.2436218109065,0.0007743401686364335,-3965.226146167528,14.004620389194681
-3575.8329164582296,0.0007743401686364335,-3965.226146167528,14.004620389194681
-3574.422211105554,0.0007743401686364335,-3965.226146167528,14.004620389194681
-3573.0115057528774,0.0007743401686364335,-3965.226146167528,14.004620389194681
-3571.600800400201,0.0007743401686364335,-3965.226146167528,14.004620389194681
-3570.1900950475247,0.0007743401686364335,-3965.226146167528,14.004620389194681
-3568.7793896948483,0.0007743401686364335,-3965.226146167528,14.004620389194681
-3567.3686843421724,0.0007743401686364335,-3965.226146167528,14.004620389194681
-3565.9579789894956,0.0007743401686364335,-3965.226146167528,14.004620389194681
-3564.547273636819,0.0007743401686364335,-3965.226146167528,14.004620389194681
-3563.1365682841433,0.0007743401686364335,-3965.226146167528,14.004620389194681
-3561.7258629314665,0.0007743401686364335,-3965.226146167528,14.004620389194681
-3560.3151575787906,0.0007743401686364335,-3965.226146167528,14.004620389194681
-3558.904452226114,0.0007743401686364335,-3965.226146167528,14.004620389194681
-3557.493746873438,0.0007743401686364335,-3965.226146167528,14.004620389194681
-3556.0830415207615,0.0007743401686364335,-3965.226146167528,14.004620389194681
-3554.6723361680847,0.0007743401686364335,-3965.226146167528,14.004620389194681
-3553.261630815409,0.0007743401686364335,-3965.226146167528,14.004620389194681
-3551.8509254627324,0.0007743401686364335,-3965.226146167528,14.004620389194681
-3550.440220110056,0.0007743401686364335,-3965.226146167528,14.004620389194681
-3549.0295147573797,0.0007743401686364335,-3965.226146167528,14.004620389194681
-3547.618809404703,0.0007743401686364335,-3965.226146167528,14.004620389194681
-3546.2081040520275,0.0007743401686364335,-3965.226146167528,14.004620389194681
-3544.7973986993507,0.0007743401686364335,-3965.226146167528,14.004620389194681
-3543.3866933466743,0.0007743401686364335,-3965.226146167528,14.004620389194681
-3541.975987993998,0.0007743401686364335,-3965.226146167528,14.004620389194681
-3540.5652826413216,0.0007743401686364335,-3965.226146167528,14.004620389194681
-3539.1545772886457,0.0007743401686364335,-3965.226146167528,14.004620389194681
-3537.743871935969,0.0007743401686364335,-3965.226146167528,14.004620389194681
-3536.3331665832925,0.0007743401686364335,-3965.226146167528,14.004620389194681
-3534.9224612306166,0.0007743401686364335,-3965.226146167528,14.004620389194681
-3533.51175587794,0.0007743401686364335,-3965.226146167528,14.004620389194681
-3532.101050525264,0.0007743401686364335,-3965.226146167528,14.004620389194681
-3530.690345172587,0.0007743401686364335,-3965.226146167528,14.004620389194681
-3529.279639819911,0.0007743401686364335,-3965.226146167528,14.004620389194681
-3527.868934467235,0.0007743401686364335,-3965.226146167528,14.004620389194681
-3526.458229114558,0.0007743401686364335,-3965.226146167528,14.004620389194681
-3525.047523761882,0.0007743401686364335,-3965.226146167528,14.004620389194681
-3523.6368184092057,0.0007743401686364335,-3965.226146167528,14.004620389194681
-3522.2261130565294,0.0007743401686364335,-3965.226146167528,14.004620389194681
-3520.815407703853,0.0007743401686364335,-3965.226146167528,14.004620389194681
-3519.4047023511766,0.0007743401686364335,-3965.226146167528,14.004620389194681
-3517.9939969985007,0.0007743401686364335,-3965.226146167528,14.004620389194681
-3516.583291645824,0.0007743401686364335,-3965.226146167528,14.004620389194681
-3515.1725862931476,0.0007743401686364335,-3965.226146167528,14.004620389194681
-3513.7618809404717,0.0007743401686364335,-3965.226146167528,14.004620389194681
-3512.351175587795,0.0007743401686364335,-3965.226146167528,14.004620389194681
-3510.940470235119,0.0007743401686364335,-3965.226146167528,14.004620389194681
-3509.529764882442,0.0007743401686364335,-3965.226146167528,14.004620389194681
-3508.119059529766,0.0007743401686364335,-3965.226146167528,14.004620389194681
-3506.70835417709,0.0007743401686364335,-3965.226146167528,14.004620389194681
-3505.297648824413,0.0007743401686364335,-3965.226146167528,14.004620389194681
-3503.886943471737,0.0007743401686364335,-3965.226146167528,14.004620389194681
-3502.476238119061,0.0007743401686364335,-3965.226146167528,14.004620389194681
-3501.0655327663844,0.0007743401686364335,-3965.226146167528,14.004620389194681
-3499.654827413708,0.0007743401686364335,-3965.226146167528,14.004620389194681
-3498.2441220610312,0.0007743401686364335,-3965.226146167528,14.004620389194681
-3496.833416708356,0.0007743401686364335,-3965.226146167528,14.004620389194681
-3495.422711355679,0.0007743401686364335,-3965.226146167528,14.004620389194681
-3494.0120060030026,0.0007743401686364335,-3965.226146167528,14.004620389194681
-3492.6013006503263,0.0007743401686364335,-3965.226146167528,14.004620389194681
-3491.19059529765,0.0007743401686364335,-3965.226146167528,14.004620389194681
-3489.779889944974,0.0007743401686364335,-3965.226146167528,14.004620389194681
-3488.369184592297,0.0007743401686364335,-3965.226146167528,14.004620389194681
-3486.958479239621,0.0007743401686364335,-3965.226146167528,14.004620389194681
-3485.547773886945,0.0007743401686364335,-3965.226146167528,14.004620389194681
-3484.137068534268,0.0007743401686364335,-3965.226146167528,14.004620389194681
-3482.726363181592,0.0007743401686364335,-3965.226146167528,14.004620389194681
-3481.3156578289154,0.0007743401686364335,-3965.226146167528,14.004620389194681
-3479.9049524762395,0.0007743401686364335,-3965.226146167528,14.004620389194681
-3478.494247123563,0.0007743401686364335,-3965.226146167528,14.004620389194681
-3477.0835417708863,0.0007743401686364335,-3965.226146167528,14.004620389194681
-3475.6728364182104,0.0007743401686364335,-3965.226146167528,14.004620389194681
-3474.262131065534,0.0007743401686364335,-3965.226146167528,14.004620389194681
-3472.8514257128577,0.0007743401686364335,-3965.226146167528,14.004620389194681
-3471.4407203601813,0.0007743401686364335,-3965.226146167528,14.004620389194681
-3470.0300150075045,0.0007743401686364335,-3965.226146167528,14.004620389194681
-3468.619309654829,0.0007743401686364335,-3965.226146167528,14.004620389194681
-3467.2086043021523,0.0007743401686364335,-3965.226146167528,14.004620389194681
-3465.797898949476,0.0007743401686364335,-3965.226146167528,14.004620389194681
-3464.3871935967995,0.0007743401686364335,-3965.226146167528,14.004620389194681
-3462.976488244123,0.0007743401686364335,-3965.226146167528,14.004620389194681
-3461.5657828914473,0.0007743401686364335,-3965.226146167528,14.004620389194681
-3460.1550775387705,0.0007743401686364335,-3965.226146167528,14.004620389194681
-3458.744372186094,0.0007743401686364335,-3965.226146167528,14.004620389194681
-3457.333666833418,0.0007743401686364335,-3965.226146167528,14.004620389194681
-3455.922961480742,0.0007743401686364335,-3965.226146167528,14.004620389194681
-3454.512256128065,0.0007743401686364335,-3965.226146167528,14.004620389194681
-3453.101550775389,0.0007743401686364335,-3965.226146167528,14.004620389194681
-3451.6908454227128,0.0007743401686364335,-3965.226146167528,14.004620389194681
-3450.2801400700364,0.0007743401686364335,-3965.226146167528,14.004620389194681
-3448.86943471736,0.0007743401686364335,-3965.226146167528,14.004620389194681
-3447.4587293646837,0.0007743401686364335,-3965.226146167528,14.004620389194681
-3446.0480240120073,0.0007743401686364335,-3965.226146167528,14.004620389194681
-3444.637318659331,0.0007743401686364335,-3965.226146167528,14.004620389194681
-3443.2266133066546,0.0007743401686364335,-3965.226146167528,14.004620389194681
-3441.8159079539787,0.0007743401686364335,-3965.226146167528,14.004620389194681
-3440.405202601302,0.0007743401686364335,-3965.226146167528,14.004620389194681
-3438.9944972486255,0.0007743401686364335,-3965.226146167528,14.004620389194681
-3437.583791895949,0.0007743401686364335,-3965.226146167528,14.004620389194681
-3436.1730865432733,0.0007743401686364335,-3965.226146167528,14.004620389194681
-3434.762381190597,0.0007743401686364335,-3965.226146167528,14.004620389194681
-3433.35167583792,0.0007743401686364335,-3965.226146167528,14.004620389194681
-3431.9409704852437,0.0007743401686364335,-3965.226146167528,14.004620389194681
-3430.530265132568,0.0007743401686364335,-3965.226146167528,14.004620389194681
-3429.1195597798915,0.0007743401686364335,-3965.226146167528,14.004620389194681
-3427.708854427215,0.0007743401686364335,-3965.226146167528,14.004620389194681
-3426.2981490745383,0.0007743401686364335,-3965.226146167528,14.004620389194681
-3424.8874437218624,0.0007743401686364335,-3965.226146167528,14.004620389194681
-3423.476738369186,0.0007743401686364335,-3965.226146167528,14.004620389194681
-3422.0660330165097,0.0007743401686364335,-3965.226146167528,14.004620389194681
-3420.6553276638333,0.0007743401686364335,-3965.226146167528,14.004620389194681
-3419.244622311157,0.0007743401686364335,-3965.226146167528,14.004620389194681
-3417.8339169584806,0.0007743401686364335,-3965.226146167528,14.004620389194681
-3416.423211605804,0.0007743401686364335,-3965.226146167528,14.004620389194681
-3415.012506253128,0.0007743401686364335,-3965.226146167528,14.004620389194681
-3413.601800900452,0.0007743401686364335,-3965.226146167528,14.004620389194681
-3412.191095547775,0.0007743401686364335,-3965.226146167528,14.004620389194681
-3410.780390195099,0.0007743401686364335,-3965.226146167528,14.004620389194681
-3409.3696848424224,0.0007743401686364335,-3965.226146167528,14.004620389194681
-3407.9589794897465,0.0007743401686364335,-3965.226146167528,14.004620389194681
-3406.54827413707,0.0007743401686364335,-3965.226146167528,14.004620389194681
-3405.1375687843934,0.0007743401686364335,-3965.226146167528,14.004620389194681
-3403.726863431717,0.0007743401686364335,-3965.226146167528,14.004620389194681
-3402.316158079041,0.0007743401686364335,-3965.226146167528,14.004620389194681
-3400.9054527263647,0.0007743401686364335,-3965.226146167528,14.004620389194681
-3399.4947473736884,0.0007743401686364335,-3965.226146167528,14.004620389194681
-3398.0840420210116,0.0007743401686364335,-3965.226146167528,14.004620389194681
-3396.6733366683357,0.0007743401686364335,-3965.226146167528,14.004620389194681
-3395.2626313156593,0.0007743401686364335,-3965.226146167528,14.004620389194681
-3393.851925962983,0.0007743401686364335,-3965.226146167528,14.004620389194681
-3392.4412206103066,0.0007743401686364335,-3965.226146167528,14.004620389194681
-3391.03051525763,0.0007743401686364335,-3965.226146167528,14.004620389194681
-3389.619809904954,0.0007743401686364335,-3965.226146167528,14.004620389194681
-3388.2091045522775,0.0007743401686364335,-3965.226146167528,14.004620389194681
-3386.798399199601,0.0007743401686364335,-3965.226146167528,14.004620389194681
-3385.3876938469252,0.0007743401686364335,-3965.226146167528,14.004620389194681
-3383.9769884942484,0.0007743401686364335,-3965.226146167528,14.004620389194681
-3382.566283141572,0.0007743401686364335,-3965.226146167528,14.004620389194681
-3381.155577788896,0.0007743401686364335,-3965.226146167528,14.004620389194681
-3379.74487243622,0.0007743401686364335,-3965.226146167528,14.004620389194681
-3378.3341670835434,0.0007743401686364335,-3965.226146167528,14.004620389194681
-3376.9234617308666,0.0007743401686364335,-3965.226146167528,14.004620389194681
-3375.5127563781907,0.0007743401686364335,-3965.226146167528,14.004620389194681
-3374.1020510255144,0.0007743401686364335,-3965.226146167528,14.004620389194681
-3372.691345672838,0.0007743401686364335,-3965.226146167528,14.004620389194681
-3371.2806403201616,0.0007743401686364335,-3965.226146167528,14.004620389194681
-3369.8699349674853,0.0007743401686364335,-3965.226146167528,14.004620389194681
-3368.459229614809,0.0007743401686364335,-3965.226146167528,14.004620389194681
-3367.0485242621326,0.0007743401686364335,-3965.226146167528,14.004620389194681
-3365.637818909456,0.0007743401686364335,-3965.226146167528,14.004620389194681
-3364.2271135567803,0.0007743401686364335,-3965.226146167528,14.004620389194681
-3362.8164082041035,0.0007743401686364335,-3965.226146167528,14.004620389194681
-3361.405702851427,0.0007743401686364335,-3965.226146167528,14.004620389194681
-3359.9949974987508,0.0007743401686364335,-3965.226146167528,14.004620389194681
-3358.584292146075,0.0007743401686364335,-3965.226146167528,14.004620389194681
-3357.1735867933985,0.0007743401686364335,-3965.226146167528,14.004620389194681
-3355.7628814407217,0.0007743401686364335,-3965.226146167528,14.004620389194681
-3354.3521760880453,0.0007743401686364335,-3965.226146167528,14.004620389194681
-3352.9414707353694,0.0007743401686364335,-3965.226146167528,14.004620389194681
-3351.530765382693,0.0007743401686364335,-3965.226146167528,14.004620389194681
-3350.1200600300167,0.0007743401686364335,-3965.226146167528,14.004620389194681
-3348.70935467734,0.0007743401686364335,-3965.226146167528,14.004620389194681
-3347.298649324664,0.0007743401686364335,-3965.226146167528,14.004620389194681
-3345.8879439719876,0.0007743401686364335,-3965.226146167528,14.004620389194681
-3344.4772386193113,0.0007743401686364335,-3965.226146167528,14.004620389194681
-3343.066533266635,0.0007743401686364335,-3965.226146167528,14.004620389194681
-3341.6558279139585,0.0007743401686364335,-3965.226146167528,14.004620389194681
-3340.245122561282,0.0007743401686364335,-3965.226146167528,14.004620389194681
-3338.834417208606,0.0007743401686364335,-3965.226146167528,14.004620389194681
-3337.4237118559295,0.0007743401686364335,-3965.226146167528,14.004620389194681
-3336.0130065032536,0.0007743401686364335,-3965.226146167528,14.004620389194681
-3334.6023011505767,0.0007743401686364335,-3965.226146167528,14.004620389194681
-3333.1915957979004,0.0007743401686364335,-3965.226146167528,14.004620389194681
-3331.780890445224,0.0007743401686364335,-3965.226146167528,14.004620389194681
-3330.370185092548,0.0007743401686364335,-3965.226146167528,14.004620389194681
-3328.9594797398718,0.0007743401686364335,-3965.226146167528,14.004620389194681
-3327.548774387195,0.0007743401686364335,-3965.226146167528,14.004620389194681
-3326.1380690345186,0.0007743401686364335,-3965.226146167528,14.004620389194681
-3324.7273636818427,0.0007743401686364335,-3965.226146167528,14.004620389194681
-3323.3166583291663,0.0007743401686364335,-3965.226146167528,14.004620389194681
-3321.90595297649,0.0007743401686364335,-3965.226146167528,14.004620389194681
-3320.495247623813,0.0007743401686364335,-3965.226146167528,14.004620389194681
-3319.0845422711373,0.0007743401686364335,-3965.226146167528,14.004620389194681
-3317.673836918461,0.0007743401686364335,-3965.226146167528,14.004620389194681
-3316.2631315657845,0.0007743401686364335,-3965.226146167528,14.004620389194681
-3314.852426213108,0.0007743401686364335,-3965.226146167528,14.004620389194681
-3313.441720860432,0.0007743401686364335,-3965.226146167528,14.004620389194681
-3312.0310155077555,0.0007743401686364335,-3965.226146167528,14.004620389194681
-3310.620310155079,0.0007743401686364335,-3965.226146167528,14.004620389194681
-3309.209604802403,0.0007743401686364335,-3965.226146167528,14.004620389194681
-3307.798899449727,0.0007743401686364335,-3965.226146167528,14.004620389194681
-3306.38819409705,0.0007743401686364335,-3965.226146167528,14.004620389194681
-3304.9774887443737,0.0007743401686364335,-3965.226146167528,14.004620389194681
-3303.5667833916978,0.0007743401686364335,-3965.226146167528,14.004620389194681
-3302.1560780390214,0.0007743401686364335,-3965.226146167528,14.004620389194681
-3300.745372686345,0.0007743401686364335,-3965.226146167528,14.004620389194681
-3299.334667333668,0.0007743401686364335,-3965.226146167528,14.004620389194681
-3297.9239619809923,0.0007743401686364335,-3965.226146167528,14.004620389194681
-3296.513256628316,0.0007743401686364335,-3965.226146167528,14.004620389194681
-3295.1025512756396,0.0007743401686364335,-3965.226146167528,14.004620389194681
-3293.6918459229632,0.0007743401686364335,-3965.226146167528,14.004620389194681
-3292.281140570287,0.0007743401686364335,-3965.226146167528,14.004620389194681
-3290.8704352176105,0.0007743401686364335,-3965.226146167528,14.004620389194681
-3289.459729864934,0.0007743401686364335,-3965.226146167528,14.004620389194681
-3288.049024512258,0.0007743401686364335,-3965.226146167528,14.004620389194681
-3286.638319159582,0.0007743401686364335,-3965.226146167528,14.004620389194681
-3285.227613806905,0.0007743401686364335,-3965.226146167528,14.004620389194681
-3283.8169084542287,0.0007743401686364335,-3965.226146167528,14.004620389194681
-3282.4062031015524,0.0007743401686364335,-3965.226146167528,14.004620389194681
-3280.9954977488765,0.0007743401686364335,-3965.226146167528,14.004620389194681
-3279.5847923962,0.0007743401686364335,-3965.226146167528,14.004620389194681
-3278.1740870435233,0.0007743401686364335,-3965.226146167528,14.004620389194681
-3276.763381690847,0.0007743401686364335,-3965.226146167528,14.004620389194681
-3275.352676338171,0.0007743401686364335,-3965.226146167528,14.004620389194681
-3273.9419709854947,0.0007743401686364335,-3965.226146167528,14.004620389194681
-3272.5312656328183,0.0007743401686364335,-3965.226146167528,14.004620389194681
-3271.1205602801415,0.0007743401686364335,-3965.226146167528,14.004620389194681
-3269.7098549274656,0.0007743401686364335,-3965.226146167528,14.004620389194681
-3268.299149574789,0.0007743401686364335,-3965.226146167528,14.004620389194681
-3266.888444222113,0.0007743401686364335,-3965.226146167528,14.004620389194681
-3265.4777388694365,0.0007743401686364335,-3965.226146167528,14.004620389194681
-3264.06703351676,0.0007743401686364335,-3965.226146167528,14.004620389194681
-3262.656328164084,0.0007743401686364335,-3965.226146167528,14.004620389194681
-3261.2456228114074,0.0007743401686364335,-3965.226146167528,14.004620389194681
-3259.834917458731,0.0007743401686364335,-3965.226146167528,14.004620389194681
-3258.424212106055,0.0007743401686364335,-3965.226146167528,14.004620389194681
-3257.0135067533784,0.0007743401686364335,-3965.226146167528,14.004620389194681
-3255.602801400702,0.0007743401686364335,-3965.226146167528,14.004620389194681
-3254.1920960480256,0.0007743401686364335,-3965.226146167528,14.004620389194681
-3252.7813906953497,0.0007743401686364335,-3965.226146167528,14.004620389194681
-3251.3706853426734,0.0007743401686364335,-3965.226146167528,14.004620389194681
-3249.9599799899966,0.0007743401686364335,-3965.226146167528,14.004620389194681
-3248.54927463732,0.0007743401686364335,-3965.226146167528,14.004620389194681
-3247.1385692846443,0.0007743401686364335,-3965.226146167528,14.004620389194681
-3245.727863931968,0.0007743401686364335,-3965.226146167528,14.004620389194681
-3244.3171585792916,0.0007743401686364335,-3965.226146167528,14.004620389194681
-3242.906453226615,0.0007743401686364335,-3965.226146167528,14.004620389194681
-3241.495747873939,0.0007743401686364335,-3965.226146167528,14.004620389194681
-3240.0850425212625,0.0007743401686364335,-3965.226146167528,14.004620389194681
-3238.674337168586,0.0007743401686364335,-3965.226146167528,14.004620389194681
-3237.2636318159102,0.0007743401686364335,-3965.226146167528,14.004620389194681
-3235.8529264632334,0.0007743401686364335,-3965.226146167528,14.004620389194681
-3234.442221110557,0.0007743401686364335,-3965.226146167528,14.004620389194681
-3233.0315157578807,0.0007743401686364335,-3965.226146167528,14.004620389194681
-3231.620810405205,0.0007743401686364335,-3965.226146167528,14.004620389194681
-3230.2101050525284,0.0007743401686364335,-3965.226146167528,14.004620389194681
-3228.7993996998516,0.0007743401686364335,-3965.226146167528,14.004620389194681
-3227.3886943471753,0.0007743401686364335,-3965.226146167528,14.004620389194681
-3225.9779889944994,0.0007743401686364335,-3965.226146167528,14.004620389194681
-3224.567283641823,0.0007743401686364335,-3965.226146167528,14.004620389194681
-3223.156578289146,0.0007743401686364335,-3965.226146167528,14.004620389194681
-3221.74587293647,0.0007743401686364335,-3965.226146167528,14.004620389194681
-3220.335167583794,0.0007743401686364335,-3965.226146167528,14.004620389194681
-3218.9244622311176,0.0007743401686364335,-3965.226146167528,14.004620389194681
-3217.513756878441,0.0007743401686364335,-3965.226146167528,14.004620389194681
-3216.1030515257644,0.0007743401686364335,-3965.226146167528,14.004620389194681
-3214.6923461730885,0.0007743401686364335,-3965.226146167528,14.004620389194681
-3213.281640820412,0.0007743401686364335,-3965.226146167528,14.004620389194681
-3211.8709354677358,0.0007743401686364335,-3965.226146167528,14.004620389194681
-3210.4602301150594,0.0007743401686364335,-3965.226146167528,14.004620389194681
-3209.049524762383,0.0007743401686364335,-3965.226146167528,14.004620389194681
-3207.6388194097067,0.0007743401686364335,-3965.226146167528,14.004620389194681
-3206.2281140570303,0.0007743401686364335,-3965.226146167528,14.004620389194681
-3204.817408704354,0.0007743401686364335,-3965.226146167528,14.004620389194681
-3203.406703351678,0.0007743401686364335,-3965.226146167528,14.004620389194681
-3201.9959979990012,0.0007743401686364335,-3965.226146167528,14.004620389194681
-3200.585292646325,0.0007743401686364335,-3965.226146167528,14.004620389194681
-3199.1745872936485,0.0007743401686364335,-3965.226146167528,14.004620389194681
-3197.7638819409726,0.0007743401686364335,-3965.226146167528,14.004620389194681
-3196.3531765882963,0.0007743401686364335,-3965.226146167528,14.004620389194681
-3194.9424712356195,0.0007743401686364335,-3965.226146167528,14.004620389194681
-3193.531765882943,0.0007743401686364335,-3965.226146167528,14.004620389194681
-3192.121060530267,0.0007743401686364335,-3965.226146167528,14.004620389194681
-3190.710355177591,0.0007743401686364335,-3965.226146167528,14.004620389194681
-3189.2996498249145,0.0007743401686364335,-3965.226146167528,14.004620389194681
-3187.8889444722377,0.0007743401686364335,-3965.226146167528,14.004620389194681
-3186.4782391195617,0.0007743401686364335,-3965.226146167528,14.004620389194681
-3185.0675337668854,0.0007743401686364335,-3965.226146167528,14.004620389194681
-3183.656828414209,0.0007743401686364335,-3965.226146167528,14.004620389194681
-3182.2461230615327,0.0007743401686364335,-3965.226146167528,14.004620389194681
-3180.8354177088563,0.0007743401686364335,-3965.226146167528,14.004620389194681
-3179.42471235618,0.0007743401686364335,-3965.226146167528,14.004620389194681
-3178.0140070035036,0.0007743401686364335,-3965.226146167528,14.004620389194681
-3176.6033016508272,0.0007743401686364335,-3965.226146167528,14.004620389194681
-3175.1925962981513,0.0007743401686364335,-3965.226146167528,14.004620389194681
-3173.7818909454745,0.0007743401686364335,-3965.226146167528,14.004620389194681
-3172.371185592798,0.0007743401686364335,-3965.226146167528,14.004620389194681
-3170.9604802401223,0.0007743401686364335,-3965.226146167528,14.004620389194681
-3169.549774887446,0.0007743401686364335,-3965.226146167528,14.004620389194681
-3168.1390695347695,0.0007743401686364335,-3965.226146167528,14.004620389194681
-3166.7283641820927,0.0007743401686364335,-3965.226146167528,14.004620389194681
-3165.317658829417,0.0007743401686364335,-3965.226146167528,14.004620389194681
-3163.9069534767405,0.0007743401686364335,-3965.226146167528,14.004620389194681
-3162.496248124064,0.0007743401686364335,-3965.226146167528,14.004620389194681
-3161.0855427713877,0.0007743401686364335,-3965.226146167528,14.004620389194681
-3159.6748374187114,0.0007743401686364335,-3965.226146167528,14.004620389194681
-3158.264132066035,0.0007743401686364335,-3965.226146167528,14.004620389194681
-3156.8534267133587,0.0007743401686364335,-3965.226146167528,14.004620389194681
-3155.4427213606823,0.0007743401686364335,-3965.226146167528,14.004620389194681
-3154.0320160080064,0.0007743401686364335,-3965.226146167528,14.004620389194681
-3152.6213106553296,0.0007743401686364335,-3965.226146167528,14.004620389194681
-3151.210605302653,0.0007743401686364335,-3965.226146167528,14.004620389194681
-3149.799899949977,0.0007743401686364335,-3965.226146167528,14.004620389194681
-3148.389194597301,0.0007743401686364335,-3965.226146167528,14.004620389194681
-3146.9784892446246,0.0007743401686364335,-3965.226146167528,14.004620389194681
-3145.567783891948,0.0007743401686364335,-3965.226146167528,14.004620389194681
-3144.1570785392714,0.0007743401686364335,-3965.226146167528,14.004620389194681
-3142.7463731865955,0.0007743401686364335,-3965.226146167528,14.004620389194681
-3141.335667833919,0.0007743401686364335,-3965.226146167528,14.004620389194681
-3139.924962481243,0.0007743401686364335,-3965.226146167528,14.004620389194681
-3138.514257128566,0.0007743401686364335,-3965.226146167528,14.004620389194681
-3137.10355177589,0.0007743401686364335,-3965.226146167528,14.004620389194681
-3135.6928464232137,0.0007743401686364335,-3965.226146167528,14.004620389194681
-3134.2821410705374,0.0007743401686364335,-3965.226146167528,14.004620389194681
-3132.871435717861,0.0007743401686364335,-3965.226146167528,14.004620389194681
-3131.4607303651846,0.0007743401686364335,-3965.226146167528,14.004620389194681
-3130.0500250125083,0.0007743401686364335,-3965.226146167528,14.004620389194681
-3128.639319659832,0.0007743401686364335,-3965.226146167528,14.004620389194681
-3127.2286143071556,0.0007743401686364335,-3965.226146167528,14.004620389194681
-3125.8179089544797,0.0007743401686364335,-3965.226146167528,14.004620389194681
-3124.407203601803,0.0007743401686364335,-3965.226146167528,14.004620389194681
-3122.9964982491265,0.0007743401686364335,-3965.226146167528,14.004620389194681
-3121.58579289645,0.0007743401686364335,-3965.226146167528,14.004620389194681
-3120.175087543774,0.0007743401686364335,-3965.226146167528,14.004620389194681
-3118.764382191098,0.0007743401686364335,-3965.226146167528,14.004620389194681
-3117.353676838421,0.0007743401686364335,-3965.226146167528,14.004620389194681
-3115.9429714857447,0.0007743401686364335,-3965.226146167528,14.004620389194681
-3114.532266133069,0.0007743401686364335,-3965.226146167528,14.004620389194681
-3113.1215607803924,0.0007743401686364335,-3965.226146167528,14.004620389194681
-3111.710855427716,0.0007743401686364335,-3965.226146167528,14.004620389194681
-3110.3001500750397,0.0007743401686364335,-3965.226146167528,14.004620389194681
-3108.8894447223634,0.0007743401686364335,-3965.226146167528,14.004620389194681
-3107.478739369687,0.0007743401686364335,-3965.226146167528,14.004620389194681
-3106.0680340170106,0.0007743401686364335,-3965.226146167528,14.004620389194681
-3104.6573286643343,0.0007743401686364335,-3965.226146167528,14.004620389194681
-3103.246623311658,0.0007743401686364335,-3965.226146167528,14.004620389194681
-3101.8359179589816,0.0007743401686364335,-3965.226146167528,14.004620389194681
-3100.425212606305,0.0007743401686364335,-3965.226146167528,14.004620389194681
-3099.0145072536293,0.0007743401686364335,-3965.226146167528,14.004620389194681
-3097.603801900953,0.0007743401686364335,-3965.226146167528,14.004620389194681
-3096.193096548276,0.0007743401686364335,-3965.226146167528,14.004620389194681
-3094.7823911955998,0.0007743401686364335,-3965.226146167528,14.004620389194681
-3093.371685842924,0.0007743401686364335,-3965.226146167528,14.004620389194681
-3091.9609804902475,0.0007743401686364335,-3965.226146167528,14.004620389194681
-3090.550275137571,0.0007743401686364335,-3965.226146167528,14.004620389194681
-3089.1395697848943,0.0007743401686364335,-3965.226146167528,14.004620389194681
-3087.7288644322184,0.0007743401686364335,-3965.226146167528,14.004620389194681
-3086.318159079542,0.0007743401686364335,-3965.226146167528,14.004620389194681
-3084.9074537268657,0.0007743401686364335,-3965.226146167528,14.004620389194681
-3083.4967483741893,0.0007743401686364335,-3965.226146167528,14.004620389194681
-3082.086043021513,0.0007743401686364335,-3965.226146167528,14.004620389194681
-3080.6753376688366,0.0007743401686364335,-3965.226146167528,14.004620389194681
-3079.2646323161603,0.0007743401686364335,-3965.226146167528,14.004620389194681
-3077.853926963484,0.0007743401686364335,-3965.226146167528,14.004620389194681
-3076.443221610808,0.0007743401686364335,-3965.226146167528,14.004620389194681
-3075.032516258131,0.0007743401686364335,-3965.226146167528,14.004620389194681
-3073.621810905455,0.0007743401686364335,-3965.226146167528,14.004620389194681
-3072.2111055527785,0.0007743401686364335,-3965.226146167528,14.004620389194681
-3070.8004002001026,0.0007743401686364335,-3965.226146167528,14.004620389194681
-3069.389694847426,0.0007743401686364335,-3965.226146167528,14.004620389194681
-3067.9789894947494,0.0007743401686364335,-3965.226146167528,14.004620389194681
-3066.568284142073,0.0007743401686364335,-3965.226146167528,14.004620389194681
-3065.157578789397,0.0007743401686364335,-3965.226146167528,14.004620389194681
-3063.7468734367208,0.0007743401686364335,-3965.226146167528,14.004620389194681
-3062.3361680840444,0.0007743401686364335,-3965.226146167528,14.004620389194681
-3060.9254627313676,0.0007743401686364335,-3965.226146167528,14.004620389194681
-3059.5147573786917,0.0007743401686364335,-3965.226146167528,14.004620389194681
-3058.1040520260153,0.0007743401686364335,-3965.226146167528,14.004620389194681
-3056.693346673339,0.0007743401686364335,-3965.226146167528,14.004620389194681
-3055.2826413206626,0.0007743401686364335,-3965.226146167528,14.004620389194681
-3053.8719359679862,0.0007743401686364335,-3965.226146167528,14.004620389194681
-3052.46123061531,0.0007743401686364335,-3965.226146167528,14.004620389194681
-3051.0505252626335,0.0007743401686364335,-3965.226146167528,14.004620389194681
-3049.639819909957,0.0007743401686364335,-3965.226146167528,14.004620389194681
-3048.2291145572813,0.0007743401686364335,-3965.226146167528,14.004620389194681
-3046.8184092046044,0.0007743401686364335,-3965.226146167528,14.004620389194681
-3045.407703851928,0.0007743401686364335,-3965.226146167528,14.004620389194681
-3043.9969984992517,0.0007743401686364335,-3965.226146167528,14.004620389194681
-3042.586293146576,0.0007743401686364335,-3965.226146167528,14.004620389194681
-3041.1755877938995,0.0007743401686364335,-3965.226146167528,14.004620389194681
-3039.7648824412227,0.0007743401686364335,-3965.226146167528,14.004620389194681
-3038.3541770885467,0.0007743401686364335,-3965.226146167528,14.004620389194681
-3036.9434717358704,0.0007743401686364335,-3965.226146167528,14.004620389194681
-3035.532766383194,0.0007743401686364335,-3965.226146167528,14.004620389194681
-3034.1220610305177,0.0007743401686364335,-3965.226146167528,14.004620389194681
-3032.7113556778413,0.0007743401686364335,-3965.226146167528,14.004620389194681
-3031.300650325165,0.0007743401686364335,-3965.226146167528,14.004620389194681
-3029.8899449724886,0.0007743401686364335,-3965.226146167528,14.004620389194681
-3028.4792396198122,0.0007743401686364335,-3965.226146167528,14.004620389194681
-3027.0685342671363,0.0007743401686364335,-3965.226146167528,14.004620389194681
-3025.6578289144595,0.0007743401686364335,-3965.226146167528,14.004620389194681
-3024.247123561783,0.0007743401686364335,-3965.226146167528,14.004620389194681
-3022.836418209107,0.0007743401686364335,-3965.226146167528,14.004620389194681
-3021.425712856431,0.0007743401686364335,-3965.226146167528,14.004620389194681
-3020.0150075037545,0.0007743401686364335,-3965.226146167528,14.004620389194681
-3018.6043021510777,0.0007743401686364335,-3965.226146167528,14.004620389194681
-3017.1935967984014,0.0007743401686364335,-3965.226146167528,14.004620389194681
-3015.7828914457255,0.0007743401686364335,-3965.226146167528,14.004620389194681
-3014.372186093049,0.0007743401686364335,-3965.226146167528,14.004620389194681
-3012.9614807403727,0.0007743401686364335,-3965.226146167528,14.004620389194681
-3011.550775387696,0.0007743401686364335,-3965.226146167528,14.004620389194681
-3010.14007003502,0.0007743401686364335,-3965.226146167528,14.004620389194681
-3008.7293646823437,0.0007743401686364335,-3965.226146167528,14.004620389194681
-3007.3186593296673,0.0007743401686364335,-3965.226146167528,14.004620389194681
-3005.907953976991,0.0007743401686364335,-3965.226146167528,14.004620389194681
-3004.4972486243146,0.0007743401686364335,-3965.226146167528,14.004620389194681
-3003.086543271638,0.0007743401686364335,-3965.226146167528,14.004620389194681
-3001.675837918962,0.0007743401686364335,-3965.226146167528,14.004620389194681
-3000.2651325662855,0.0007743401686364335,-3965.226146167528,14.004620389194681
-2998.8544272136096,0.0007743401686364335,-3965.226146167528,14.004620389194681
-2997.443721860933,0.0007743401686364335,-3965.226146167528,14.004620389194681
-2996.0330165082564,0.0007743401686364335,-3965.226146167528,14.004620389194681
-2994.62231115558,0.0007743401686364335,-3965.226146167528,14.004620389194681
-2993.211605802904,0.0007743401686364335,-3965.226146167528,14.004620389194681
-2991.800900450228,0.0007743401686364335,-3965.226146167528,14.004620389194681
-2990.390195097551,0.0007743401686364335,-3965.226146167528,14.004620389194681
-2988.9794897448746,0.0007743401686364335,-3965.226146167528,14.004620389194681
-2987.5687843921987,0.0007743401686364335,-3965.226146167528,14.004620389194681
-2986.1580790395224,0.0007743401686364335,-3965.226146167528,14.004620389194681
-2984.747373686846,0.0007743401686364335,-3965.226146167528,14.004620389194681
-2983.336668334169,0.0007743401686364335,-3965.226146167528,14.004620389194681
-2981.9259629814933,0.0007743401686364335,-3965.226146167528,14.004620389194681
-2980.515257628817,0.0007743401686364335,-3965.226146167528,14.004620389194681
-2979.1045522761406,0.0007743401686364335,-3965.226146167528,14.004620389194681
-2977.693846923464,0.0007743401686364335,-3965.226146167528,14.004620389194681
-2976.283141570788,0.0007743401686364335,-3965.226146167528,14.004620389194681
-2974.8724362181115,0.0007743401686364335,-3965.226146167528,14.004620389194681
-2973.461730865435,0.0007743401686364335,-3965.226146167528,14.004620389194681
-2972.0510255127588,0.0007743401686364335,-3965.226146167528,14.004620389194681
-2970.640320160083,0.0007743401686364335,-3965.226146167528,14.004620389194681
-2969.229614807406,0.0007743401686364335,-3965.226146167528,14.004620389194681
-2967.8189094547297,0.0007743401686364335,-3965.226146167528,14.004620389194681
-2966.408204102054,0.0007743401686364335,-3965.226146167528,14.004620389194681
-2964.9974987493774,0.0007743401686364335,-3965.226146167528,14.004620389194681
-2963.586793396701,0.0007743401686364335,-3965.226146167528,14.004620389194681
-2962.1760880440243,0.0007743401686364335,-3965.226146167528,14.004620389194681
-2960.7653826913483,0.0007743401686364335,-3965.226146167528,14.004620389194681
-2959.354677338672,0.0007743401686364335,-3965.226146167528,14.004620389194681
-2957.9439719859956,0.0007743401686364335,-3965.226146167528,14.004620389194681
-2956.5332666333193,0.0007743401686364335,-3965.226146167528,14.004620389194681
-2955.122561280643,0.0007743401686364335,-3965.226146167528,14.004620389194681
-2953.7118559279666,0.0007743401686364335,-3965.226146167528,14.004620389194681
-2952.30115057529,0.0007743401686364335,-3965.226146167528,14.004620389194681
-2950.890445222614,0.0007743401686364335,-3965.226146167528,14.004620389194681
-2949.479739869938,0.0007743401686364335,-3965.226146167528,14.004620389194681
-2948.069034517261,0.0007743401686364335,-3965.226146167528,14.004620389194681
-2946.6583291645848,0.0007743401686364335,-3965.226146167528,14.004620389194681
-2945.2476238119084,0.0007743401686364335,-3965.226146167528,14.004620389194681
-2943.8369184592325,0.0007743401686364335,-3965.226146167528,14.004620389194681
-2942.426213106556,0.0007743401686364335,-3965.226146167528,14.004620389194681
-2941.0155077538793,0.0007743401686364335,-3965.226146167528,14.004620389194681
-2939.604802401203,0.0007743401686364335,-3965.226146167528,14.004620389194681
-2938.194097048527,0.0007743401686364335,-3965.226146167528,14.004620389194681
-2936.7833916958507,0.0007743401686364335,-3965.226146167528,14.004620389194681
-2935.3726863431743,0.0007743401686364335,-3965.226146167528,14.004620389194681
-2933.9619809904975,0.0007743401686364335,-3965.226146167528,14.004620389194681
-2932.5512756378216,0.0007743401686364335,-3965.226146167528,14.004620389194681
-2931.1405702851453,0.0007743401686364335,-3965.226146167528,14.004620389194681
-2929.729864932469,0.0007743401686364335,-3965.226146167528,14.004620389194681
-2928.3191595797925,0.0007743401686364335,-3965.226146167528,14.004620389194681
-2926.908454227116,0.0007743401686364335,-3965.226146167528,14.004620389194681
-2925.49774887444,0.0007743401686364335,-3965.226146167528,14.004620389194681
-2924.0870435217635,0.0007743401686364335,-3965.226146167528,14.004620389194681
-2922.676338169087,0.0007743401686364335,-3965.226146167528,14.004620389194681
-2921.265632816411,0.0007743401686364335,-3965.226146167528,14.004620389194681
-2919.8549274637344,0.0007743401686364335,-3965.226146167528,14.004620389194681
-2918.444222111058,0.0007743401686364335,-3965.226146167528,14.004620389194681
-2917.0335167583817,0.0007743401686364335,-3965.226146167528,14.004620389194681
-2915.6228114057058,0.0007743401686364335,-3965.226146167528,14.004620389194681
-2914.2121060530294,0.0007743401686364335,-3965.226146167528,14.004620389194681
-2912.8014007003526,0.0007743401686364335,-3965.226146167528,14.004620389194681
-2911.3906953476762,0.0007743401686364335,-3965.226146167528,14.004620389194681
-2909.9799899950003,0.0007743401686364335,-3965.226146167528,14.004620389194681
-2908.569284642324,0.0007743401686364335,-3965.226146167528,14.004620389194681
-2907.1585792896476,0.0007743401686364335,-3965.226146167528,14.004620389194681
-2905.747873936971,0.0007743401686364335,-3965.226146167528,14.004620389194681
-2904.337168584295,0.0007743401686364335,-3965.226146167528,14.004620389194681
-2902.9264632316185,0.0007743401686364335,-3965.226146167528,14.004620389194681
-2901.515757878942,0.0007743401686364335,-3965.226146167528,14.004620389194681
-2900.105052526266,0.0007743401686364335,-3965.226146167528,14.004620389194681
-2898.6943471735894,0.0007743401686364335,-3965.226146167528,14.004620389194681
-2897.283641820913,0.0007743401686364335,-3965.226146167528,14.004620389194681
-2895.8729364682367,0.0007743401686364335,-3965.226146167528,14.004620389194681
-2894.462231115561,0.0007743401686364335,-3965.226146167528,14.004620389194681
-2893.0515257628845,0.0007743401686364335,-3965.226146167528,14.004620389194681
-2891.6408204102077,0.0007743401686364335,-3965.226146167528,14.004620389194681
-2890.2301150575313,0.0007743401686364335,-3965.226146167528,14.004620389194681
-2888.8194097048554,0.0007743401686364335,-3965.226146167528,14.004620389194681
-2887.408704352179,0.0007743401686364335,-3965.226146167528,14.004620389194681
-2885.9979989995027,0.0007743401686364335,-3965.226146167528,14.004620389194681
-2884.587293646826,0.0007743401686364335,-3965.226146167528,14.004620389194681
-2883.17658829415,0.0007743401686364335,-3965.226146167528,14.004620389194681
-2881.7658829414736,0.0007743401686364335,-3965.226146167528,14.004620389194681
-2880.3551775887972,0.0007743401686364335,-3965.226146167528,14.004620389194681
-2878.944472236121,0.0007743401686364335,-3965.226146167528,14.004620389194681
-2877.5337668834445,0.0007743401686364335,-3965.226146167528,14.004620389194681
-2876.123061530768,0.0007743401686364335,-3965.226146167528,14.004620389194681
-2874.712356178092,0.0007743401686364335,-3965.226146167528,14.004620389194681
-2873.3016508254154,0.0007743401686364335,-3965.226146167528,14.004620389194681
-2871.8909454727395,0.0007743401686364335,-3965.226146167528,14.004620389194681
-2870.4802401200627,0.0007743401686364335,-3965.226146167528,14.004620389194681
-2869.0695347673864,0.0007743401686364335,-3965.226146167528,14.004620389194681
-2867.65882941471,0.0007743401686364335,-3965.226146167528,14.004620389194681
-2866.248124062034,0.0007743401686364335,-3965.226146167528,14.004620389194681
-2864.8374187093577,0.0007743401686364335,-3965.226146167528,14.004620389194681
-2863.426713356681,0.0007743401686364335,-3965.226146167528,14.004620389194681
-2862.0160080040046,0.0007743401686364335,-3965.226146167528,14.004620389194681
-2860.6053026513287,0.0007743401686364335,-3965.226146167528,14.004620389194681
-2859.1945972986523,0.0007743401686364335,-3965.226146167528,14.004620389194681
-2857.783891945976,0.0007743401686364335,-3965.226146167528,14.004620389194681
-2856.373186593299,0.0007743401686364335,-3965.226146167528,14.004620389194681
-2854.962481240623,0.0007743401686364335,-3965.226146167528,14.004620389194681
-2853.551775887947,0.0007743401686364335,-3965.226146167528,14.004620389194681
-2852.1410705352705,0.0007743401686364335,-3965.226146167528,14.004620389194681
-2850.730365182594,0.0007743401686364335,-3965.226146167528,14.004620389194681
-2849.319659829918,0.0007743401686364335,-3965.226146167528,14.004620389194681
-2847.9089544772414,0.0007743401686364335,-3965.226146167528,14.004620389194681
-2846.498249124565,0.0007743401686364335,-3965.226146167528,14.004620389194681
-2845.0875437718887,0.0007743401686364335,-3965.226146167528,14.004620389194681
-2843.676838419213,0.0007743401686364335,-3965.226146167528,14.004620389194681
-2842.266133066536,0.0007743401686364335,-3965.226146167528,14.004620389194681
-2840.8554277138596,0.0007743401686364335,-3965.226146167528,14.004620389194681
-2839.4447223611833,0.0007743401686364335,-3965.226146167528,14.004620389194681
-2838.0340170085074,0.0007743401686364335,-3965.226146167528,14.004620389194681
-2836.623311655831,0.0007743401686364335,-3965.226146167528,14.004620389194681
-2835.212606303154,0.0007743401686364335,-3965.226146167528,14.004620389194681
-2833.801900950478,0.0007743401686364335,-3965.226146167528,14.004620389194681
-2832.391195597802,0.0007743401686364335,-3965.226146167528,14.004620389194681
-2830.9804902451256,0.0007743401686364335,-3965.226146167528,14.004620389194681
-2829.569784892449,0.0007743401686364335,-3965.226146167528,14.004620389194681
-2828.159079539773,0.0007743401686364335,-3965.226146167528,14.004620389194681
-2826.7483741870965,0.0007743401686364335,-3965.226146167528,14.004620389194681
-2825.33766883442,0.0007743401686364335,-3965.226146167528,14.004620389194681
-2823.9269634817438,0.0007743401686364335,-3965.226146167528,14.004620389194681
-2822.516258129068,0.0007743401686364335,-3965.226146167528,14.004620389194681
-2821.105552776391,0.0007743401686364335,-3965.226146167528,14.004620389194681
-2819.6948474237147,0.0007743401686364335,-3965.226146167528,14.004620389194681
-2818.2841420710383,0.0007743401686364335,-3965.226146167528,14.004620389194681
-2816.8734367183624,0.0007743401686364335,-3965.226146167528,14.004620389194681
-2815.462731365686,0.0007743401686364335,-3965.226146167528,14.004620389194681
-2814.0520260130093,0.0007743401686364335,-3965.226146167528,14.004620389194681
-2812.641320660333,0.0007743401686364335,-3965.226146167528,14.004620389194681
-2811.230615307657,0.0007743401686364335,-3965.226146167528,14.004620389194681
-2809.8199099549806,0.0007743401686364335,-3965.226146167528,14.004620389194681
-2808.4092046023043,0.0007743401686364335,-3965.226146167528,14.004620389194681
-2806.9984992496275,0.0007743401686364335,-3965.226146167528,14.004620389194681
-2805.5877938969516,0.0007743401686364335,-3965.226146167528,14.004620389194681
-2804.177088544275,0.0007743401686364335,-3965.226146167528,14.004620389194681
-2802.766383191599,0.0007743401686364335,-3965.226146167528,14.004620389194681
-2801.3556778389225,0.0007743401686364335,-3965.226146167528,14.004620389194681
-2799.944972486246,0.0007743401686364335,-3965.226146167528,14.004620389194681
-2798.5342671335698,0.0007743401686364335,-3965.226146167528,14.004620389194681
-2797.1235617808934,0.0007743401686364335,-3965.226146167528,14.004620389194681
-2795.712856428217,0.0007743401686364335,-3965.226146167528,14.004620389194681
-2794.302151075541,0.0007743401686364335,-3965.226146167528,14.004620389194681
-2792.8914457228643,0.0007743401686364335,-3965.226146167528,14.004620389194681
-2791.480740370188,0.0007743401686364335,-3965.226146167528,14.004620389194681
-2790.0700350175116,0.0007743401686364335,-3965.226146167528,14.004620389194681
-2788.6593296648357,0.0007743401686364335,-3965.226146167528,14.004620389194681
-2787.2486243121593,0.0007743401686364335,-3965.226146167528,14.004620389194681
-2785.8379189594825,0.0007743401686364335,-3965.226146167528,14.004620389194681
-2784.427213606806,0.0007743401686364335,-3965.226146167528,14.004620389194681
-2783.0165082541303,0.0007743401686364335,-3965.226146167528,14.004620389194681
-2781.605802901454,0.0007743401686364335,-3965.226146167528,14.004620389194681
-2780.1950975487775,0.0007743401686364335,-3965.226146167528,14.004620389194681
-2778.7843921961007,0.0007743401686364335,-3965.226146167528,14.004620389194681
-2777.373686843425,0.0007743401686364335,-3965.226146167528,14.004620389194681
-2775.9629814907485,0.0007743401686364335,-3965.226146167528,14.004620389194681
-2774.552276138072,0.0007743401686364335,-3965.226146167528,14.004620389194681
-2773.1415707853957,0.0007743401686364335,-3965.226146167528,14.004620389194681
-2771.7308654327194,0.0007743401686364335,-3965.226146167528,14.004620389194681
-2770.320160080043,0.0007743401686364335,-3965.226146167528,14.004620389194681
-2768.9094547273667,0.0007743401686364335,-3965.226146167528,14.004620389194681
-2767.4987493746903,0.0007743401686364335,-3965.226146167528,14.004620389194681
-2766.0880440220144,0.0007743401686364335,-3965.226146167528,14.004620389194681
-2764.6773386693376,0.0007743401686364335,-3965.226146167528,14.004620389194681
-2763.2666333166612,0.0007743401686364335,-3965.226146167528,14.004620389194681
-2761.855927963985,0.0007743401686364335,-3965.226146167528,14.004620389194681
-2760.445222611309,0.0007743401686364335,-3965.226146167528,14.004620389194681
-2759.0345172586326,0.0007743401686364335,-3965.226146167528,14.004620389194681
-2757.623811905956,0.0007743401686364335,-3965.226146167528,14.004620389194681
-2756.21310655328,0.0007743401686364335,-3965.226146167528,14.004620389194681
-2754.8024012006035,0.0007743401686364335,-3965.226146167528,14.004620389194681
-2753.391695847927,0.0007743401686364335,-3965.226146167528,14.004620389194681
-2751.980990495251,0.0007743401686364335,-3965.226146167528,14.004620389194681
-2750.5702851425744,0.0007743401686364335,-3965.226146167528,14.004620389194681
-2749.159579789898,0.0007743401686364335,-3965.226146167528,14.004620389194681
-2747.7488744372217,0.0007743401686364335,-3965.226146167528,14.004620389194681
-2746.3381690845454,0.0007743401686364335,-3965.226146167528,14.004620389194681
-2744.9274637318695,0.0007743401686364335,-3965.226146167528,14.004620389194681
-2743.5167583791927,0.0007743401686364335,-3965.226146167528,14.004620389194681
-2742.1060530265163,0.0007743401686364335,-3965.226146167528,14.004620389194681
-2740.69534767384,0.0007743401686364335,-3965.226146167528,14.004620389194681
-2739.284642321164,0.0007743401686364335,-3965.226146167528,14.004620389194681
-2737.8739369684877,0.0007743401686364335,-3965.226146167528,14.004620389194681
-2736.463231615811,0.0007743401686364335,-3965.226146167528,14.004620389194681
-2735.0525262631345,0.0007743401686364335,-3965.226146167528,14.004620389194681
-2733.6418209104586,0.0007743401686364335,-3965.226146167528,14.004620389194681
-2732.2311155577822,0.0007743401686364335,-3965.226146167528,14.004620389194681
-2730.820410205106,0.0007743401686364335,-3965.226146167528,14.004620389194681
-2729.409704852429,0.0007743401686364335,-3965.226146167528,14.004620389194681
-2727.998999499753,0.0007743401686364335,-3965.226146167528,14.004620389194681
-2726.588294147077,0.0007743401686364335,-3965.226146167528,14.004620389194681
-2725.1775887944004,0.0007743401686364335,-3965.226146167528,14.004620389194681
-2723.766883441724,0.0007743401686364335,-3965.226146167528,14.004620389194681
-2722.3561780890477,0.0007743401686364335,-3965.226146167528,14.004620389194681
-2720.9454727363714,0.0007743401686364335,-3965.226146167528,14.004620389194681
-2719.534767383695,0.0007743401686364335,-3965.226146167528,14.004620389194681
-2718.1240620310186,0.0007743401686364335,-3965.226146167528,14.004620389194681
-2716.7133566783427,0.0007743401686364335,-3965.226146167528,14.004620389194681
-2715.302651325666,0.0007743401686364335,-3965.226146167528,14.004620389194681
-2713.8919459729896,0.0007743401686364335,-3965.226146167528,14.004620389194681
-2712.481240620313,0.0007743401686364335,-3965.226146167528,14.004620389194681
-2711.0705352676373,0.0007743401686364335,-3965.226146167528,14.004620389194681
-2709.659829914961,0.0007743401686364335,-3965.226146167528,14.004620389194681
-2708.249124562284,0.0007743401686364335,-3965.226146167528,14.004620389194681
-2706.8384192096078,0.0007743401686364335,-3965.226146167528,14.004620389194681
-2705.427713856932,0.0007743401686364335,-3965.226146167528,14.004620389194681
-2704.0170085042555,0.0007743401686364335,-3965.226146167528,14.004620389194681
-2702.606303151579,0.0007743401686364335,-3965.226146167528,14.004620389194681
-2701.1955977989023,0.0007743401686364335,-3965.226146167528,14.004620389194681
-2699.7848924462264,0.0007743401686364335,-3965.226146167528,14.004620389194681
-2698.37418709355,0.0007743401686364335,-3965.226146167528,14.004620389194681
-2696.9634817408737,0.0007743401686364335,-3965.226146167528,14.004620389194681
-2695.5527763881973,0.0007743401686364335,-3965.226146167528,14.004620389194681
-2694.142071035521,0.0007743401686364335,-3965.226146167528,14.004620389194681
-2692.7313656828446,0.0007743401686364335,-3965.226146167528,14.004620389194681
-2691.3206603301683,0.0007743401686364335,-3965.226146167528,14.004620389194681
-2689.909954977492,0.0007743401686364335,-3965.226146167528,14.004620389194681
-2688.499249624816,0.0007743401686364335,-3965.226146167528,14.004620389194681
-2687.088544272139,0.0007743401686364335,-3965.226146167528,14.004620389194681
-2685.677838919463,0.0007743401686364335,-3965.226146167528,14.004620389194681
-2684.267133566787,0.0007743401686364335,-3965.226146167528,14.004620389194681
-2682.8564282141106,0.0007743401686364335,-3965.226146167528,14.004620389194681
-2681.445722861434,0.0007743401686364335,-3965.226146167528,14.004620389194681
-2680.0350175087574,0.0007743401686364335,-3965.226146167528,14.004620389194681
-2678.6243121560815,0.0007743401686364335,-3965.226146167528,14.004620389194681
-2677.213606803405,0.0007743401686364335,-3965.226146167528,14.004620389194681
-2675.8029014507288,0.0007743401686364335,-3965.226146167528,14.004620389194681
-2674.3921960980524,0.0007743401686364335,-3965.226146167528,14.004620389194681
-2672.981490745376,0.0007743401686364335,-3965.226146167528,14.004620389194681
-2671.5707853926997,0.0007743401686364335,-3965.226146167528,14.004620389194681
-2670.1600800400233,0.0007743401686364335,-3965.226146167528,14.004620389194681
-2668.749374687347,0.0007743401686364335,-3965.226146167528,14.004620389194681
-2667.338669334671,0.0007743401686364335,-3965.226146167528,14.004620389194681
-2665.9279639819943,0.0007743401686364335,-3965.226146167528,14.004620389194681
-2664.517258629318,0.0007743401686364335,-3965.226146167528,14.004620389194681
-2663.1065532766415,0.0007743401686364335,-3965.226146167528,14.004620389194681
-2661.6958479239656,0.0007743401686364335,-3965.226146167528,14.004620389194681
-2660.2851425712893,0.0007743401686364335,-3965.226146167528,14.004620389194681
-2658.8744372186125,0.0007743401686364335,-3965.226146167528,14.004620389194681
-2657.463731865936,0.0007743401686364335,-3965.226146167528,14.004620389194681
-2656.05302651326,0.0007743401686364335,-3965.226146167528,14.004620389194681
-2654.642321160584,0.0007743401686364335,-3965.226146167528,14.004620389194681
-2653.2316158079075,0.0007743401686364335,-3965.226146167528,14.004620389194681
-2651.8209104552307,0.0007743401686364335,-3965.226146167528,14.004620389194681
-2650.4102051025548,0.0007743401686364335,-3965.226146167528,14.004620389194681
-2648.9994997498784,0.0007743401686364335,-3965.226146167528,14.004620389194681
-2647.588794397202,0.0007743401686364335,-3965.226146167528,14.004620389194681
-2646.1780890445257,0.0007743401686364335,-3965.226146167528,14.004620389194681
-2644.7673836918493,0.0007743401686364335,-3965.226146167528,14.004620389194681
-2643.356678339173,0.0007743401686364335,-3965.226146167528,14.004620389194681
-2641.9459729864966,0.0007743401686364335,-3965.226146167528,14.004620389194681
-2640.5352676338202,0.0007743401686364335,-3965.226146167528,14.004620389194681
-2639.1245622811443,0.0007743401686364335,-3965.226146167528,14.004620389194681
-2637.7138569284675,0.0007743401686364335,-3965.226146167528,14.004620389194681
-2636.303151575791,0.0007743401686364335,-3965.226146167528,14.004620389194681
-2634.892446223115,0.0007743401686364335,-3965.226146167528,14.004620389194681
-2633.481740870439,0.0007743401686364335,-3965.226146167528,14.004620389194681
-2632.0710355177625,0.0007743401686364335,-3965.226146167528,14.004620389194681
-2630.6603301650857,0.0007743401686364335,-3965.226146167528,14.004620389194681
-2629.2496248124094,0.0007743401686364335,-3965.226146167528,14.004620389194681
-2627.8389194597335,0.0007743401686364335,-3965.226146167528,14.004620389194681
-2626.428214107057,0.0007743401686364335,-3965.226146167528,14.004620389194681
-2625.0175087543807,0.0007743401686364335,-3965.226146167528,14.004620389194681
-2623.6068034017044,0.0007743401686364335,-3965.226146167528,14.004620389194681
-2622.196098049028,0.0007743401686364335,-3965.226146167528,14.004620389194681
-2620.7853926963517,0.0007743401686364335,-3965.226146167528,14.004620389194681
-2619.3746873436753,0.0007743401686364335,-3965.226146167528,14.004620389194681
-2617.963981990999,0.0007743401686364335,-3965.226146167528,14.004620389194681
-2616.5532766383226,0.0007743401686364335,-3965.226146167528,14.004620389194681
-2615.142571285646,0.0007743401686364335,-3965.226146167528,14.004620389194681
-2613.73186593297,0.0007743401686364335,-3965.226146167528,14.004620389194681
-2612.321160580294,0.0007743401686364335,-3965.226146167528,14.004620389194681
-2610.9104552276176,0.0007743401686364335,-3965.226146167528,14.004620389194681
-2609.499749874941,0.0007743401686364335,-3965.226146167528,14.004620389194681
-2608.0890445222644,0.0007743401686364335,-3965.226146167528,14.004620389194681
-2606.6783391695885,0.0007743401686364335,-3965.226146167528,14.004620389194681
-2605.267633816912,0.0007743401686364335,-3965.226146167528,14.004620389194681
-2603.856928464236,0.0007743401686364335,-3965.226146167528,14.004620389194681
-2602.446223111559,0.0007743401686364335,-3965.226146167528,14.004620389194681
-2601.035517758883,0.0007743401686364335,-3965.226146167528,14.004620389194681
-2599.6248124062067,0.0007743401686364335,-3965.226146167528,14.004620389194681
-2598.2141070535304,0.0007743401686364335,-3965.226146167528,14.004620389194681
-2596.803401700854,0.0007743401686364335,-3965.226146167528,14.004620389194681
-2595.3926963481777,0.0007743401686364335,-3965.226146167528,14.004620389194681
-2593.9819909955013,0.0007743401686364335,-3965.226146167528,14.004620389194681
-2592.571285642825,0.0007743401686364335,-3965.226146167528,14.004620389194681
-2591.1605802901486,0.0007743401686364335,-3965.226146167528,14.004620389194681
-2589.7498749374727,0.0007743401686364335,-3965.226146167528,14.004620389194681
-2588.339169584796,0.0007743401686364335,-3965.226146167528,14.004620389194681
-2586.9284642321195,0.0007743401686364335,-3965.226146167528,14.004620389194681
-2585.517758879443,0.0007743401686364335,-3965.226146167528,14.004620389194681
-2584.1070535267672,0.0007743401686364335,-3965.226146167528,14.004620389194681
-2582.696348174091,0.0007743401686364335,-3965.226146167528,14.004620389194681
-2581.285642821414,0.0007743401686364335,-3965.226146167528,14.004620389194681
-2579.8749374687377,0.0007743401686364335,-3965.226146167528,14.004620389194681
-2578.464232116062,0.0007743401686364335,-3965.226146167528,14.004620389194681
-2577.0535267633854,0.0007743401686364335,-3965.226146167528,14.004620389194681
-2575.642821410709,0.0007743401686364335,-3965.226146167528,14.004620389194681
-2574.2321160580323,0.0007743401686364335,-3965.226146167528,14.004620389194681
-2572.8214107053564,0.0007743401686364335,-3965.226146167528,14.004620389194681
-2571.41070535268,0.0007743401686364335,-3965.226146167528,14.004620389194681
-2570.0000000000036,0.0007743401686364335,-3965.226146167528,14.004620389194681
