detuning,transfer,Eb,e_Eb
-5980.0,-0.00010606983935550616,-4142.942631028146,75.65183737775163
-5977.9989994997495,-0.00010606983935550616,-4142.942631028146,75.65183737775163
-5975.9979989995,-0.00010606983935550616,-4142.942631028146,75.65183737775163
-5973.9969984992495,-0.00010606983935550616,-4142.942631028146,75.65183737775163
-5971.995997999,-0.00010606983935550616,-4142.942631028146,75.65183737775163
-5969.994997498749,-0.00010606983935550616,-4142.942631028146,75.65183737775163
-5967.9939969985,-0.00010606983935550616,-4142.942631028146,75.65183737775163
-5965.992996498249,-0.00010606983935550616,-4142.942631028146,75.65183737775163
-5963.991995997999,-0.00010606983935550616,-4142.942631028146,75.65183737775163
-5961.990995497749,-0.00010606983935550616,-4142.942631028146,75.65183737775163
-5959.989994997499,-0.00010606983935550616,-4142.942631028146,75.65183737775163
-5957.988994497249,-0.00010606983935550616,-4142.942631028146,75.65183737775163
-5955.987993996999,-0.00010606983935550616,-4142.942631028146,75.65183737775163
-5953.986993496749,-0.00010606983935550616,-4142.942631028146,75.65183737775163
-5951.985992996499,-0.00010606983935550616,-4142.942631028146,75.65183737775163
-5949.984992496248,-0.00010606983935550616,-4142.942631028146,75.65183737775163
-5947.983991995999,-0.00010606983935550616,-4142.942631028146,75.65183737775163
-5945.982991495748,-0.00010606983935550616,-4142.942631028146,75.65183737775163
-5943.981990995499,-0.00010606983935550616,-4142.942631028146,75.65183737775163
-5941.980990495248,-0.00010606983935550616,-4142.942631028146,75.65183737775163
-5939.979989994998,-0.00010606983935550616,-4142.942631028146,75.65183737775163
-5937.978989494748,-0.00010606983935550616,-4142.942631028146,75.65183737775163
-5935.9779889944975,-0.00010606983935550616,-4142.942631028146,75.65183737775163
-5933.976988494248,-0.00010606983935550616,-4142.942631028146,75.65183737775163
-5931.9759879939975,-0.00010606983935550616,-4142.942631028146,75.65183737775163
-5929.974987493748,-0.00010606983935550616,-4142.942631028146,75.65183737775163
-5927.973986993497,-0.00010606983935550616,-4142.942631028146,75.65183737775163
-5925.972986493247,-0.00010606983935550616,-4142.942631028146,75.65183737775163
-5923.971985992997,-0.00010606983935550616,-4142.942631028146,75.65183737775163
-5921.970985492747,-0.00010606983935550616,-4142.942631028146,75.65183737775163
-5919.969984992497,-0.00010606983935550616,-4142.942631028146,75.65183737775163
-5917.968984492247,-0.00010606983935550616,-4142.942631028146,75.65183737775163
-5915.967983991997,-0.00010606983935550616,-4142.942631028146,75.65183737775163
-5913.966983491747,-0.00010606983935550616,-4142.942631028146,75.65183737775163
-5911.965982991495,-0.00010606983935550616,-4142.942631028146,75.65183737775163
-5909.964982491246,-0.00010606983935550616,-4142.942631028146,75.65183737775163
-5907.963981990995,-0.00010606983935550616,-4142.942631028146,75.65183737775163
-5905.962981490746,-0.00010606983935550616,-4142.942631028146,75.65183737775163
-5903.961980990495,-0.00010606983935550616,-4142.942631028146,75.65183737775163
-5901.960980490246,-0.00010606983935550616,-4142.942631028146,75.65183737775163
-5899.959979989995,-0.00010606983935550616,-4142.942631028146,75.65183737775163
-5897.958979489745,-0.00010606983935550616,-4142.942631028146,75.65183737775163
-5895.957978989495,-0.00010606983935550616,-4142.942631028146,75.65183737775163
-5893.956978489245,-0.00010606983935550616,-4142.942631028146,75.65183737775163
-5891.955977988995,-0.00010606983935550616,-4142.942631028146,75.65183737775163
-5889.954977488745,-0.00010606983935550616,-4142.942631028146,75.65183737775163
-5887.953976988494,-0.00010606983935550616,-4142.942631028146,75.65183737775163
-5885.9529764882445,-0.00010606983935550616,-4142.942631028146,75.65183737775163
-5883.951975987994,-0.00010606983935550616,-4142.942631028146,75.65183737775163
-5881.9509754877445,-0.00010606983935550616,-4142.942631028146,75.65183737775163
-5879.949974987494,-0.00010606983935550616,-4142.942631028146,75.65183737775163
-5877.948974487244,-0.00010606983935550616,-4142.942631028146,75.65183737775163
-5875.947973986994,-0.00010606983935550616,-4142.942631028146,75.65183737775163
-5873.946973486743,-0.00010606983935550616,-4142.942631028146,75.65183737775163
-5871.945972986494,-0.00010606983935550616,-4142.942631028146,75.65183737775163
-5869.944972486243,-0.00010606983935550616,-4142.942631028146,75.65183737775163
-5867.943971985994,-0.00010606983935550616,-4142.942631028146,75.65183737775163
-5865.942971485743,-0.00010606983935550616,-4142.942631028146,75.65183737775163
-5863.941970985494,-0.00010606983935550616,-4142.942631028146,75.65183737775163
-5861.940970485243,-0.00010606983935550616,-4142.942631028146,75.65183737775163
-5859.939969984993,-0.00010606983935550616,-4142.942631028146,75.65183737775163
-5857.938969484743,-0.00010606983935550616,-4142.942631028146,75.65183737775163
-5855.937968984493,-0.00010606983935550616,-4142.942631028146,75.65183737775163
-5853.936968484243,-0.00010606983935550616,-4142.942631028146,75.65183737775163
-5851.935967983993,-0.00010606983935550616,-4142.942631028146,75.65183737775163
-5849.934967483743,-0.00010606983935550616,-4142.942631028146,75.65183737775163
-5847.933966983493,-0.00010606983935550616,-4142.942631028146,75.65183737775163
-5845.932966483242,-0.00010606983935550616,-4142.942631028146,75.65183737775163
-5843.931965982993,-0.00010606983935550616,-4142.942631028146,75.65183737775163
-5841.930965482741,-0.00010606983935550616,-4142.942631028146,75.65183737775163
-5839.929964982492,-0.00010606983935550616,-4142.942631028146,75.65183737775163
-5837.928964482241,-0.00010606983935550616,-4142.942631028146,75.65183737775163
-5835.927963981991,-0.00010606983935550616,-4142.942631028146,75.65183737775163
-5833.926963481741,-0.00010606983935550616,-4142.942631028146,75.65183737775163
-5831.925962981491,-0.00010606983935550616,-4142.942631028146,75.65183737775163
-5829.924962481241,-0.00010606983935550616,-4142.942631028146,75.65183737775163
-5827.9239619809905,-0.00010606983935550616,-4142.942631028146,75.65183737775163
-5825.922961480741,-0.00010606983935550616,-4142.942631028146,75.65183737775163
-5823.92196098049,-0.00010606983935550616,-4142.942631028146,75.65183737775163
-5821.92096048024,-0.00010606983935550616,-4142.942631028146,75.65183737775163
-5819.91995997999,-0.00010606983935550616,-4142.942631028146,75.65183737775163
-5817.91895947974,-0.00010606983935550616,-4142.942631028146,75.65183737775163
-5815.91795897949,-0.00010606983935550616,-4142.942631028146,75.65183737775163
-5813.91695847924,-0.00010606983935550616,-4142.942631028146,75.65183737775163
-5811.91595797899,-0.00010606983935550616,-4142.942631028146,75.65183737775163
-5809.91495747874,-0.00010606983935550616,-4142.942631028146,75.65183737775163
-5807.913956978489,-0.00010606983935550616,-4142.942631028146,75.65183737775163
-5805.91295647824,-0.00010606983935550616,-4142.942631028146,75.65183737775163
-5803.911955977989,-0.00010606983935550616,-4142.942631028146,75.65183737775163
-5801.91095547774,-0.00010606983935550616,-4142.942631028146,75.65183737775163
-5799.909954977489,-0.00010606983935550616,-4142.942631028146,75.65183737775163
-5797.90895447724,-0.00010606983935550616,-4142.942631028146,75.65183737775163
-5795.907953976989,-0.00010606983935550616,-4142.942631028146,75.65183737775163
-5793.906953476739,-0.00010606983935550616,-4142.942631028146,75.65183737775163
-5791.905952976489,-0.00010606983935550616,-4142.942631028146,75.65183737775163
-5789.904952476239,-0.00010606983935550616,-4142.942631028146,75.65183737775163
-5787.903951975989,-0.00010606983935550616,-4142.942631028146,75.65183737775163
-5785.9029514757385,-0.00010606983935550616,-4142.942631028146,75.65183737775163
-5783.901950975489,-0.00010606983935550616,-4142.942631028146,75.65183737775163
-5781.9009504752385,-0.00010606983935550616,-4142.942631028146,75.65183737775163
-5779.899949974988,-0.00010606983935550616,-4142.942631028146,75.65183737775163
-5777.898949474738,-0.00010606983935550616,-4142.942631028146,75.65183737775163
-5775.897948974488,-0.00010606983935550616,-4142.942631028146,75.65183737775163
-5773.896948474238,-0.00010606983935550616,-4142.942631028146,75.65183737775163
-5771.895947973987,-0.00010606983935550616,-4142.942631028146,75.65183737775163
-5769.8949474737365,-0.00010606983935550616,-4142.942631028146,75.65183737775163
-5767.893946973487,-0.00010606983935550616,-4142.942631028146,75.65183737775163
-5765.892946473236,-0.00010606983935550616,-4142.942631028146,75.65183737775163
-5763.891945972987,-0.00010606983935550616,-4142.942631028146,75.65183737775163
-5761.890945472736,-0.00010606983935550616,-4142.942631028146,75.65183737775163
-5759.889944972487,-0.00010606983935550616,-4142.942631028146,75.65183737775163
-5757.888944472236,-0.00010606983935550616,-4142.942631028146,75.65183737775163
-5755.887943971986,-0.00010606983935550616,-4142.942631028146,75.65183737775163
-5753.886943471736,-0.00010606983935550616,-4142.942631028146,75.65183737775163
-5751.885942971486,-0.00010606983935550616,-4142.942631028146,75.65183737775163
-5749.884942471236,-0.00010606983935550616,-4142.942631028146,75.65183737775163
-5747.883941970986,-0.00010606983935550616,-4142.942631028146,75.65183737775163
-5745.882941470736,-0.00010606983935550616,-4142.942631028146,75.65183737775163
-5743.881940970486,-0.00010606983935550616,-4142.942631028146,75.65183737775163
-5741.880940470235,-0.00010606983935550616,-4142.942631028146,75.65183737775163
-5739.879939969986,-0.00010606983935550616,-4142.942631028146,75.65183737775163
-5737.878939469735,-0.00010606983935550616,-4142.942631028146,75.65183737775163
-5735.8779389694855,-0.00010606983935550616,-4142.942631028146,75.65183737775163
-5733.876938469235,-0.00010606983935550616,-4142.942631028146,75.65183737775163
-5731.8759379689845,-0.00010606983935550616,-4142.942631028146,75.65183737775163
-5729.874937468735,-0.00010606983935550616,-4142.942631028146,75.65183737775163
-5727.8739369684845,-0.00010606983935550616,-4142.942631028146,75.65183737775163
-5725.872936468235,-0.00010606983935550616,-4142.942631028146,75.65183737775163
-5723.871935967984,-0.00010606983935550616,-4142.942631028146,75.65183737775163
-5721.870935467735,-0.00010606983935550616,-4142.942631028146,75.65183737775163
-5719.869934967484,-0.00010606983935550616,-4142.942631028146,75.65183737775163
-5717.868934467234,-0.00010606983935550616,-4142.942631028146,75.65183737775163
-5715.867933966984,-0.00010606983935550616,-4142.942631028146,75.65183737775163
-5713.866933466734,-0.00010606983935550616,-4142.942631028146,75.65183737775163
-5711.865932966484,-0.00010606983935550616,-4142.942631028146,75.65183737775163
-5709.864932466234,-0.00010606983935550616,-4142.942631028146,75.65183737775163
-5707.863931965984,-0.00010606983935550616,-4142.942631028146,75.65183737775163
-5705.862931465734,-0.00010606983935550616,-4142.942631028146,75.65183737775163
-5703.861930965482,-0.00010606983935550616,-4142.942631028146,75.65183737775163
-5701.860930465233,-0.00010606983935550616,-4142.942631028146,75.65183737775163
-5699.859929964982,-0.00010606983935550616,-4142.942631028146,75.65183737775163
-5697.858929464733,-0.00010606983935550616,-4142.942631028146,75.65183737775163
-5695.857928964482,-0.00010606983935550616,-4142.942631028146,75.65183737775163
-5693.856928464233,-0.00010606983935550616,-4142.942631028146,75.65183737775163
-5691.855927963982,-0.00010606983935550616,-4142.942631028146,75.65183737775163
-5689.854927463732,-0.00010606983935550616,-4142.942631028146,75.65183737775163
-5687.853926963482,-0.00010606983935550616,-4142.942631028146,75.65183737775163
-5685.852926463232,-0.00010606983935550616,-4142.942631028146,75.65183737775163
-5683.851925962982,-0.00010606983935550616,-4142.942631028146,75.65183737775163
-5681.8509254627315,-0.00010606983935550616,-4142.942631028146,75.65183737775163
-5679.849924962482,-0.00010606983935550616,-4142.942631028146,75.65183737775163
-5677.8489244622315,-0.00010606983935550616,-4142.942631028146,75.65183737775163
-5675.847923961981,-0.00010606983935550616,-4142.942631028146,75.65183737775163
-5673.846923461731,-0.00010606983935550616,-4142.942631028146,75.65183737775163
-5671.845922961481,-0.00010606983935550616,-4142.942631028146,75.65183737775163
-5669.844922461231,-0.00010606983935550616,-4142.942631028146,75.65183737775163
-5667.843921960981,-0.00010606983935550616,-4142.942631028146,75.65183737775163
-5665.84292146073,-0.00010606983935550616,-4142.942631028146,75.65183737775163
-5663.841920960481,-0.00010606983935550616,-4142.942631028146,75.65183737775163
-5661.84092046023,-0.00010606983935550616,-4142.942631028146,75.65183737775163
-5659.839919959981,-0.00010606983935550616,-4142.942631028146,75.65183737775163
-5657.83891945973,-0.00010606983935550616,-4142.942631028146,75.65183737775163
-5655.837918959481,-0.00010606983935550616,-4142.942631028146,75.65183737775163
-5653.83691845923,-0.00010606983935550616,-4142.942631028146,75.65183737775163
-5651.83591795898,-0.00010606983935550616,-4142.942631028146,75.65183737775163
-5649.83491745873,-0.00010606983935550616,-4142.942631028146,75.65183737775163
-5647.83391695848,-0.00010606983935550616,-4142.942631028146,75.65183737775163
-5645.83291645823,-0.00010606983935550616,-4142.942631028146,75.65183737775163
-5643.83191595798,-0.00010606983935550616,-4142.942631028146,75.65183737775163
-5641.83091545773,-0.00010606983935550616,-4142.942631028146,75.65183737775163
-5639.82991495748,-0.00010606983935550616,-4142.942631028146,75.65183737775163
-5637.828914457229,-0.00010606983935550616,-4142.942631028146,75.65183737775163
-5635.8279139569795,-0.00010606983935550616,-4142.942631028146,75.65183737775163
-5633.826913456728,-0.00010606983935550616,-4142.942631028146,75.65183737775163
-5631.8259129564785,-0.00010606983935550616,-4142.942631028146,75.65183737775163
-5629.824912456228,-0.00010606983935550616,-4142.942631028146,75.65183737775163
-5627.823911955978,-0.00010606983935550616,-4142.942631028146,75.65183737775163
-5625.822911455728,-0.00010606983935550616,-4142.942631028146,75.65183737775163
-5623.8219109554775,-0.00010606983935550616,-4142.942631028146,75.65183737775163
-5621.820910455228,-0.00010606983935550616,-4142.942631028146,75.65183737775163
-5619.819909954977,-0.00010606983935550616,-4142.942631028146,75.65183737775163
-5617.818909454728,-0.00010606983935550616,-4142.942631028146,75.65183737775163
-5615.817908954477,-0.00010606983935550616,-4142.942631028146,75.65183737775163
-5613.816908454227,-0.00010606983935550616,-4142.942631028146,75.65183737775163
-5611.815907953977,-0.00010606983935550616,-4142.942631028146,75.65183737775163
-5609.814907453727,-0.00010606983935550616,-4142.942631028146,75.65183737775163
-5607.813906953477,-0.00010606983935550616,-4142.942631028146,75.65183737775163
-5605.812906453227,-0.00010606983935550616,-4142.942631028146,75.65183737775163
-5603.811905952977,-0.00010606983935550616,-4142.942631028146,75.65183737775163
-5601.810905452727,-0.00010606983935550616,-4142.942631028146,75.65183737775163
-5599.809904952476,-0.00010606983935550616,-4142.942631028146,75.65183737775163
-5597.808904452227,-0.00010606983935550616,-4142.942631028146,75.65183737775163
-5595.807903951976,-0.00010606983935550616,-4142.942631028146,75.65183737775163
-5593.806903451727,-0.00010606983935550616,-4142.942631028146,75.65183737775163
-5591.805902951476,-0.00010606983935550616,-4142.942631028146,75.65183737775163
-5589.804902451227,-0.00010606983935550616,-4142.942631028146,75.65183737775163
-5587.803901950976,-0.00010606983935550616,-4142.942631028146,75.65183737775163
-5585.802901450726,-0.00010606983935550616,-4142.942631028146,75.65183737775163
-5583.801900950476,-0.00010606983935550616,-4142.942631028146,75.65183737775163
-5581.8009004502255,-0.00010606983935550616,-4142.942631028146,75.65183737775163
-5579.799899949976,-0.00010606983935550616,-4142.942631028146,75.65183737775163
-5577.7988994497255,-0.00010606983935550616,-4142.942631028146,75.65183737775163
-5575.797898949476,-0.00010606983935550616,-4142.942631028146,75.65183737775163
-5573.796898449225,-0.00010606983935550616,-4142.942631028146,75.65183737775163
-5571.795897948975,-0.00010606983935550616,-4142.942631028146,75.65183737775163
-5569.794897448725,-0.00010606983935550616,-4142.942631028146,75.65183737775163
-5567.793896948475,-0.00010606983935550616,-4142.942631028146,75.65183737775163
-5565.792896448225,-0.00010606983935550616,-4142.942631028146,75.65183737775163
-5563.791895947974,-0.00010606983935550616,-4142.942631028146,75.65183737775163
-5561.790895447724,-0.00010606983935550616,-4142.942631028146,75.65183737775163
-5559.789894947474,-0.00010606983935550616,-4142.942631028146,75.65183737775163
-5557.788894447223,-0.00010606983935550616,-4142.942631028146,75.65183737775163
-5555.787893946974,-0.00010606983935550616,-4142.942631028146,75.65183737775163
-5553.786893446723,-0.00010606983935550616,-4142.942631028146,75.65183737775163
-5551.785892946474,-0.00010606983935550616,-4142.942631028146,75.65183737775163
-5549.784892446223,-0.00010606983935550616,-4142.942631028146,75.65183737775163
-5547.783891945973,-0.00010606983935550616,-4142.942631028146,75.65183737775163
-5545.782891445723,-0.00010606983935550616,-4142.942631028146,75.65183737775163
-5543.781890945473,-0.00010606983935550616,-4142.942631028146,75.65183737775163
-5541.780890445223,-0.00010606983935550616,-4142.942631028146,75.65183737775163
-5539.779889944973,-0.00010606983935550616,-4142.942631028146,75.65183737775163
-5537.778889444723,-0.00010606983935550616,-4142.942631028146,75.65183737775163
-5535.777888944473,-0.00010606983935550616,-4142.942631028146,75.65183737775163
-5533.776888444222,-0.00010606983935550616,-4142.942631028146,75.65183737775163
-5531.7758879439725,-0.00010606983935550616,-4142.942631028146,75.65183737775163
-5529.774887443722,-0.00010606983935550616,-4142.942631028146,75.65183737775163
-5527.7738869434725,-0.00010606983935550616,-4142.942631028146,75.65183737775163
-5525.772886443222,-0.00010606983935550616,-4142.942631028146,75.65183737775163
-5523.7718859429715,-0.00010606983935550616,-4142.942631028146,75.65183737775163
-5521.770885442722,-0.00010606983935550616,-4142.942631028146,75.65183737775163
-5519.769884942471,-0.00010606983935550616,-4142.942631028146,75.65183737775163
-5517.768884442222,-0.00010606983935550616,-4142.942631028146,75.65183737775163
-5515.767883941971,-0.00010606983935550616,-4142.942631028146,75.65183737775163
-5513.766883441722,-0.00010606983935550616,-4142.942631028146,75.65183737775163
-5511.765882941471,-0.00010606983935550616,-4142.942631028146,75.65183737775163
-5509.764882441221,-0.00010606983935550616,-4142.942631028146,75.65183737775163
-5507.763881940971,-0.00010606983935550616,-4142.942631028146,75.65183737775163
-5505.762881440721,-0.00010606983935550616,-4142.942631028146,75.65183737775163
-5503.761880940471,-0.00010606983935550616,-4142.942631028146,75.65183737775163
-5501.760880440221,-0.00010606983935550616,-4142.942631028146,75.65183737775163
-5499.759879939971,-0.00010606983935550616,-4142.942631028146,75.65183737775163
-5497.758879439721,-0.00010606983935550616,-4142.942631028146,75.65183737775163
-5495.757878939469,-0.00010606983935550616,-4142.942631028146,75.65183737775163
-5493.75687843922,-0.00010606983935550616,-4142.942631028146,75.65183737775163
-5491.755877938969,-0.00010606983935550616,-4142.942631028146,75.65183737775163
-5489.75487743872,-0.00010606983935550616,-4142.942631028146,75.65183737775163
-5487.753876938469,-0.00010606983935550616,-4142.942631028146,75.65183737775163
-5485.75287643822,-0.00010606983935550616,-4142.942631028146,75.65183737775163
-5483.751875937969,-0.00010606983935550616,-4142.942631028146,75.65183737775163
-5481.750875437719,-0.00010606983935550616,-4142.942631028146,75.65183737775163
-5479.749874937469,-0.00010606983935550616,-4142.942631028146,75.65183737775163
-5477.748874437219,-0.00010606983935550616,-4142.942631028146,75.65183737775163
-5475.747873936969,-0.00010606983935550616,-4142.942631028146,75.65183737775163
-5473.7468734367185,-0.00010606983935550616,-4142.942631028146,75.65183737775163
-5471.745872936469,-0.00010606983935550616,-4142.942631028146,75.65183737775163
-5469.744872436218,-0.00010606983935550616,-4142.942631028146,75.65183737775163
-5467.743871935968,-0.00010606983935550616,-4142.942631028146,75.65183737775163
-5465.742871435718,-0.00010606983935550616,-4142.942631028146,75.65183737775163
-5463.741870935468,-0.00010606983935550616,-4142.942631028146,75.65183737775163
-5461.740870435218,-0.00010606983935550616,-4142.942631028146,75.65183737775163
-5459.739869934968,-0.00010606983935550616,-4142.942631028146,75.65183737775163
-5457.738869434718,-0.00010606983935550616,-4142.942631028146,75.65183737775163
-5455.737868934468,-0.00010606983935550616,-4142.942631028146,75.65183737775163
-5453.736868434217,-0.00010606983935550616,-4142.942631028146,75.65183737775163
-5451.735867933968,-0.00010606983935550616,-4142.942631028146,75.65183737775163
-5449.734867433717,-0.00010606983935550616,-4142.942631028146,75.65183737775163
-5447.733866933468,-0.00010606983935550616,-4142.942631028146,75.65183737775163
-5445.732866433217,-0.00010606983935550616,-4142.942631028146,75.65183737775163
-5443.731865932967,-0.00010606983935550616,-4142.942631028146,75.65183737775163
-5441.730865432717,-0.00010606983935550616,-4142.942631028146,75.65183737775163
-5439.729864932467,-0.00010606983935550616,-4142.942631028146,75.65183737775163
-5437.728864432217,-0.00010606983935550616,-4142.942631028146,75.65183737775163
-5435.727863931967,-0.00010606983935550616,-4142.942631028146,75.65183737775163
-5433.726863431717,-0.00010606983935550616,-4142.942631028146,75.65183737775163
-5431.7258629314665,-0.00010606983935550616,-4142.942631028146,75.65183737775163
-5429.724862431216,-0.00010606983935550616,-4142.942631028146,75.65183737775163
-5427.723861930966,-0.00010606983935550616,-4142.942631028146,75.65183737775163
-5425.722861430715,-0.00010606983935550616,-4142.942631028146,75.65183737775163
-5423.7218609304655,-0.00010606983935550616,-4142.942631028146,75.65183737775163
-5421.720860430215,-0.00010606983935550616,-4142.942631028146,75.65183737775163
-5419.7198599299645,-0.00010606983935550616,-4142.942631028146,75.65183737775163
-5417.718859429715,-0.00010606983935550616,-4142.942631028146,75.65183737775163
-5415.7178589294645,-0.00010606983935550616,-4142.942631028146,75.65183737775163
-5413.716858429215,-0.00010606983935550616,-4142.942631028146,75.65183737775163
-5411.715857928964,-0.00010606983935550616,-4142.942631028146,75.65183737775163
-5409.714857428715,-0.00010606983935550616,-4142.942631028146,75.65183737775163
-5407.713856928464,-0.00010606983935550616,-4142.942631028146,75.65183737775163
-5405.712856428214,-0.00010606983935550616,-4142.942631028146,75.65183737775163
-5403.711855927964,-0.00010606983935550616,-4142.942631028146,75.65183737775163
-5401.710855427714,-0.00010606983935550616,-4142.942631028146,75.65183737775163
-5399.709854927464,-0.00010606983935550616,-4142.942631028146,75.65183737775163
-5397.708854427214,-0.00010606983935550616,-4142.942631028146,75.65183737775163
-5395.707853926964,-0.00010606983935550616,-4142.942631028146,75.65183737775163
-5393.706853426714,-0.00010606983935550616,-4142.942631028146,75.65183737775163
-5391.705852926463,-0.00010606983935550616,-4142.942631028146,75.65183737775163
-5389.704852426214,-0.00010606983935550616,-4142.942631028146,75.65183737775163
-5387.703851925963,-0.00010606983935550616,-4142.942631028146,75.65183737775163
-5385.702851425714,-0.00010606983935550616,-4142.942631028146,75.65183737775163
-5383.701850925463,-0.00010606983935550616,-4142.942631028146,75.65183737775163
-5381.7008504252135,-0.00010606983935550616,-4142.942631028146,75.65183737775163
-5379.699849924963,-0.00010606983935550616,-4142.942631028146,75.65183737775163
-5377.6988494247125,-0.00010606983935550616,-4142.942631028146,75.65183737775163
-5375.697848924463,-0.00010606983935550616,-4142.942631028146,75.65183737775163
-5373.6968484242125,-0.00010606983935550616,-4142.942631028146,75.65183737775163
-5371.695847923963,-0.00010606983935550616,-4142.942631028146,75.65183737775163
-5369.694847423712,-0.00010606983935550616,-4142.942631028146,75.65183737775163
-5367.693846923463,-0.00010606983935550616,-4142.942631028146,75.65183737775163
-5365.692846423212,-0.00010606983935550616,-4142.942631028146,75.65183737775163
-5363.691845922962,-0.00010606983935550616,-4142.942631028146,75.65183737775163
-5361.690845422712,-0.00010606983935550616,-4142.942631028146,75.65183737775163
-5359.689844922461,-0.00010606983935550616,-4142.942631028146,75.65183737775163
-5357.688844422211,-0.00010606983935550616,-4142.942631028146,75.65183737775163
-5355.687843921961,-0.00010606983935550616,-4142.942631028146,75.65183737775163
-5353.686843421711,-0.00010606983935550616,-4142.942631028146,75.65183737775163
-5351.685842921461,-0.00010606983935550616,-4142.942631028146,75.65183737775163
-5349.68484242121,-0.00010606983935550616,-4142.942631028146,75.65183737775163
-5347.683841920961,-0.00010606983935550616,-4142.942631028146,75.65183737775163
-5345.68284142071,-0.00010606983935550616,-4142.942631028146,75.65183737775163
-5343.681840920461,-0.00010606983935550616,-4142.942631028146,75.65183737775163
-5341.68084042021,-0.00010606983935550616,-4142.942631028146,75.65183737775163
-5339.679839919961,-0.00010606983935550616,-4142.942631028146,75.65183737775163
-5337.67883941971,-0.00010606983935550616,-4142.942631028146,75.65183737775163
-5335.67783891946,-0.00010606983935550616,-4142.942631028146,75.65183737775163
-5333.67683841921,-0.00010606983935550616,-4142.942631028146,75.65183737775163
-5331.67583791896,-0.00010606983935550616,-4142.942631028146,75.65183737775163
-5329.67483741871,-0.00010606983935550616,-4142.942631028146,75.65183737775163
-5327.6738369184595,-0.00010606983935550616,-4142.942631028146,75.65183737775163
-5325.672836418209,-0.00010606983935550616,-4142.942631028146,75.65183737775163
-5323.6718359179595,-0.00010606983935550616,-4142.942631028146,75.65183737775163
-5321.670835417709,-0.00010606983935550616,-4142.942631028146,75.65183737775163
-5319.669834917459,-0.00010606983935550616,-4142.942631028146,75.65183737775163
-5317.668834417209,-0.00010606983935550616,-4142.942631028146,75.65183737775163
-5315.667833916958,-0.00010606983935550616,-4142.942631028146,75.65183737775163
-5313.666833416709,-0.00010606983935550616,-4142.942631028146,75.65183737775163
-5311.665832916458,-0.00010606983935550616,-4142.942631028146,75.65183737775163
-5309.664832416209,-0.00010606983935550616,-4142.942631028146,75.65183737775163
-5307.663831915958,-0.00010606983935550616,-4142.942631028146,75.65183737775163
-5305.662831415709,-0.00010606983935550616,-4142.942631028146,75.65183737775163
-5303.661830915458,-0.00010606983935550616,-4142.942631028146,75.65183737775163
-5301.660830415208,-0.00010606983935550616,-4142.942631028146,75.65183737775163
-5299.659829914958,-0.00010606983935550616,-4142.942631028146,75.65183737775163
-5297.658829414708,-0.00010606983935550616,-4142.942631028146,75.65183737775163
-5295.657828914458,-0.00010606983935550616,-4142.942631028146,75.65183737775163
-5293.656828414208,-0.00010606983935550616,-4142.942631028146,75.65183737775163
-5291.655827913958,-0.00010606983935550616,-4142.942631028146,75.65183737775163
-5289.654827413707,-0.00010606983935550616,-4142.942631028146,75.65183737775163
-5287.653826913456,-0.00010606983935550616,-4142.942631028146,75.65183737775163
-5285.652826413207,-0.00010606983935550616,-4142.942631028146,75.65183737775163
-5283.651825912956,-0.00010606983935550616,-4142.942631028146,75.65183737775163
-5281.650825412707,-0.00010606983935550616,-4142.942631028146,75.65183737775163
-5279.649824912456,-0.00010606983935550616,-4142.942631028146,75.65183737775163
-5277.6488244122065,-0.00010606983935550616,-4142.942631028146,75.65183737775163
-5275.647823911956,-0.00010606983935550616,-4142.942631028146,75.65183737775163
-5273.646823411706,-0.00010606983935550616,-4142.942631028146,75.65183737775163
-5271.645822911456,-0.00010606983935550616,-4142.942631028146,75.65183737775163
-5269.6448224112055,-0.00010606983935550616,-4142.942631028146,75.65183737775163
-5267.643821910956,-0.00010606983935550616,-4142.942631028146,75.65183737775163
-5265.642821410705,-0.00010606983935550616,-4142.942631028146,75.65183737775163
-5263.641820910456,-0.00010606983935550616,-4142.942631028146,75.65183737775163
-5261.640820410205,-0.00010606983935550616,-4142.942631028146,75.65183737775163
-5259.639819909955,-0.00010606983935550616,-4142.942631028146,75.65183737775163
-5257.638819409705,-0.00010606983935550616,-4142.942631028146,75.65183737775163
-5255.637818909455,-0.00010606983935550616,-4142.942631028146,75.65183737775163
-5253.636818409205,-0.00010606983935550616,-4142.942631028146,75.65183737775163
-5251.635817908955,-0.00010606983935550616,-4142.942631028146,75.65183737775163
-5249.634817408705,-0.00010606983935550616,-4142.942631028146,75.65183737775163
-5247.633816908455,-0.00010606983935550616,-4142.942631028146,75.65183737775163
-5245.632816408204,-0.00010606983935550616,-4142.942631028146,75.65183737775163
-5243.631815907955,-0.00010606983935550616,-4142.942631028146,75.65183737775163
-5241.630815407704,-0.00010606983935550616,-4142.942631028146,75.65183737775163
-5239.629814907455,-0.00010606983935550616,-4142.942631028146,75.65183737775163
-5237.628814407204,-0.00010606983935550616,-4142.942631028146,75.65183737775163
-5235.6278139069545,-0.00010606983935550616,-4142.942631028146,75.65183737775163
-5233.626813406704,-0.00010606983935550616,-4142.942631028146,75.65183737775163
-5231.625812906454,-0.00010606983935550616,-4142.942631028146,75.65183737775163
-5229.624812406204,-0.00010606983935550616,-4142.942631028146,75.65183737775163
-5227.6238119059535,-0.00010606983935550616,-4142.942631028146,75.65183737775163
-5225.622811405704,-0.00010606983935550616,-4142.942631028146,75.65183737775163
-5223.6218109054535,-0.00010606983935550616,-4142.942631028146,75.65183737775163
-5221.620810405204,-0.00010606983935550616,-4142.942631028146,75.65183737775163
-5219.6198099049525,-0.00010606983935550616,-4142.942631028146,75.65183737775163
-5217.618809404702,-0.00010606983935550616,-4142.942631028146,75.65183737775163
-5215.617808904452,-0.00010606983935550616,-4142.942631028146,75.65183737775163
-5213.616808404202,-0.00010606983935550616,-4142.942631028146,75.65183737775163
-5211.6158079039515,-0.00010606983935550616,-4142.942631028146,75.65183737775163
-5209.614807403702,-0.00010606983935550616,-4142.942631028146,75.65183737775163
-5207.613806903451,-0.00010606983935550616,-4142.942631028146,75.65183737775163
-5205.612806403202,-0.00010606983935550616,-4142.942631028146,75.65183737775163
-5203.611805902951,-0.00010606983935550616,-4142.942631028146,75.65183737775163
-5201.610805402702,-0.00010606983935550616,-4142.942631028146,75.65183737775163
-5199.609804902451,-0.00010606983935550616,-4142.942631028146,75.65183737775163
-5197.608804402201,-0.00010606983935550616,-4142.942631028146,75.65183737775163
-5195.607803901951,-0.00010606983935550616,-4142.942631028146,75.65183737775163
-5193.606803401701,-0.00010606983935550616,-4142.942631028146,75.65183737775163
-5191.605802901451,-0.00010606983935550616,-4142.942631028146,75.65183737775163
-5189.604802401201,-0.00010606983935550616,-4142.942631028146,75.65183737775163
-5187.603801900951,-0.00010606983935550616,-4142.942631028146,75.65183737775163
-5185.602801400701,-0.00010606983935550616,-4142.942631028146,75.65183737775163
-5183.60180090045,-0.00010606983935550616,-4142.942631028146,75.65183737775163
-5181.600800400201,-0.00010606983935550616,-4142.942631028146,75.65183737775163
-5179.59979989995,-0.00010606983935550616,-4142.942631028146,75.65183737775163
-5177.5987993997005,-0.00010606983935550616,-4142.942631028146,75.65183737775163
-5175.59779889945,-0.00010606983935550616,-4142.942631028146,75.65183737775163
-5173.5967983992,-0.00010606983935550616,-4142.942631028146,75.65183737775163
-5171.59579789895,-0.00010606983935550616,-4142.942631028146,75.65183737775163
-5169.5947973986995,-0.00010606983935550616,-4142.942631028146,75.65183737775163
-5167.59379689845,-0.00010606983935550616,-4142.942631028146,75.65183737775163
-5165.592796398199,-0.00010606983935550616,-4142.942631028146,75.65183737775163
-5163.59179589795,-0.00010606983935550616,-4142.942631028146,75.65183737775163
-5161.590795397699,-0.00010606983935550616,-4142.942631028146,75.65183737775163
-5159.58979489745,-0.00010606983935550616,-4142.942631028146,75.65183737775163
-5157.588794397199,-0.00010606983935550616,-4142.942631028146,75.65183737775163
-5155.587793896949,-0.00010606983935550616,-4142.942631028146,75.65183737775163
-5153.586793396699,-0.00010606983935550616,-4142.942631028146,75.65183737775163
-5151.585792896448,-0.00010606983935550616,-4142.942631028146,75.65183737775163
-5149.584792396198,-0.00010606983935550616,-4142.942631028146,75.65183737775163
-5147.583791895948,-0.00010606983935550616,-4142.942631028146,75.65183737775163
-5145.582791395698,-0.00010606983935550616,-4142.942631028146,75.65183737775163
-5143.581790895448,-0.00010606983935550616,-4142.942631028146,75.65183737775163
-5141.580790395197,-0.00010606983935550616,-4142.942631028146,75.65183737775163
-5139.579789894948,-0.00010606983935550616,-4142.942631028146,75.65183737775163
-5137.578789394697,-0.00010606983935550616,-4142.942631028146,75.65183737775163
-5135.577788894448,-0.00010606983935550616,-4142.942631028146,75.65183737775163
-5133.576788394197,-0.00010606983935550616,-4142.942631028146,75.65183737775163
-5131.575787893948,-0.00010606983935550616,-4142.942631028146,75.65183737775163
-5129.574787393697,-0.00010606983935550616,-4142.942631028146,75.65183737775163
-5127.573786893447,-0.00010606983935550616,-4142.942631028146,75.65183737775163
-5125.572786393197,-0.00010606983935550616,-4142.942631028146,75.65183737775163
-5123.5717858929465,-0.00010606983935550616,-4142.942631028146,75.65183737775163
-5121.570785392697,-0.00010606983935550616,-4142.942631028146,75.65183737775163
-5119.5697848924465,-0.00010606983935550616,-4142.942631028146,75.65183737775163
-5117.568784392197,-0.00010606983935550616,-4142.942631028146,75.65183737775163
-5115.567783891946,-0.00010606983935550616,-4142.942631028146,75.65183737775163
-5113.566783391696,-0.00010606983935550616,-4142.942631028146,75.65183737775163
-5111.565782891446,-0.00010606983935550616,-4142.942631028146,75.65183737775163
-5109.564782391196,-0.00010606983935550616,-4142.942631028146,75.65183737775163
-5107.563781890946,-0.00010606983935550616,-4142.942631028146,75.65183737775163
-5105.562781390696,-0.00010606983935550616,-4142.942631028146,75.65183737775163
-5103.561780890445,-0.00010606983935550616,-4142.942631028146,75.65183737775163
-5101.560780390196,-0.00010606983935550616,-4142.942631028146,75.65183737775163
-5099.559779889945,-0.00010606983935550616,-4142.942631028146,75.65183737775163
-5097.558779389696,-0.00010606983935550616,-4142.942631028146,75.65183737775163
-5095.557778889445,-0.00010606983935550616,-4142.942631028146,75.65183737775163
-5093.556778389195,-0.00010606983935550616,-4142.942631028146,75.65183737775163
-5091.555777888945,-0.00010606983935550616,-4142.942631028146,75.65183737775163
-5089.554777388695,-0.00010606983935550616,-4142.942631028146,75.65183737775163
-5087.553776888445,-0.00010606983935550616,-4142.942631028146,75.65183737775163
-5085.552776388195,-0.00010606983935550616,-4142.942631028146,75.65183737775163
-5083.551775887945,-0.00010606983935550616,-4142.942631028146,75.65183737775163
-5081.550775387694,-0.00010606983935550616,-4142.942631028146,75.65183737775163
-5079.549774887443,-0.00010606983935550616,-4142.942631028146,75.65183737775163
-5077.548774387194,-0.00010606983935550616,-4142.942631028146,75.65183737775163
-5075.547773886943,-0.00010606983935550616,-4142.942631028146,75.65183737775163
-5073.5467733866935,-0.00010606983935550616,-4142.942631028146,75.65183737775163
-5071.545772886443,-0.00010606983935550616,-4142.942631028146,75.65183737775163
-5069.5447723861935,-0.00010606983935550616,-4142.942631028146,75.65183737775163
-5067.543771885943,-0.00010606983935550616,-4142.942631028146,75.65183737775163
-5065.5427713856925,-0.00010606983935550616,-4142.942631028146,75.65183737775163
-5063.541770885443,-0.00010606983935550616,-4142.942631028146,75.65183737775163
-5061.540770385192,-0.00010606983935550616,-4142.942631028146,75.65183737775163
-5059.539769884943,-0.00010606983935550616,-4142.942631028146,75.65183737775163
-5057.538769384692,-0.00010606983935550616,-4142.942631028146,75.65183737775163
-5055.537768884443,-0.00010606983935550616,-4142.942631028146,75.65183737775163
-5053.536768384192,-0.00010606983935550616,-4142.942631028146,75.65183737775163
-5051.535767883942,-0.00010606983935550616,-4142.942631028146,75.65183737775163
-5049.534767383692,-0.00010606983935550616,-4142.942631028146,75.65183737775163
-5047.533766883442,-0.00010606983935550616,-4142.942631028146,75.65183737775163
-5045.532766383192,-0.00010606983935550616,-4142.942631028146,75.65183737775163
-5043.531765882942,-0.00010606983935550616,-4142.942631028146,75.65183737775163
-5041.530765382692,-0.00010606983935550616,-4142.942631028146,75.65183737775163
-5039.529764882442,-0.00010606983935550616,-4142.942631028146,75.65183737775163
-5037.528764382191,-0.00010606983935550616,-4142.942631028146,75.65183737775163
-5035.527763881942,-0.00010606983935550616,-4142.942631028146,75.65183737775163
-5033.526763381691,-0.00010606983935550616,-4142.942631028146,75.65183737775163
-5031.525762881442,-0.00010606983935550616,-4142.942631028146,75.65183737775163
-5029.524762381191,-0.00010606983935550616,-4142.942631028146,75.65183737775163
-5027.5237618809415,-0.00010606983935550616,-4142.942631028146,75.65183737775163
-5025.522761380691,-0.00010606983935550616,-4142.942631028146,75.65183737775163
-5023.5217608804405,-0.00010606983935550616,-4142.942631028146,75.65183737775163
-5021.520760380191,-0.00010606983935550616,-4142.942631028146,75.65183737775163
-5019.5197598799405,-0.00010606983935550616,-4142.942631028146,75.65183737775163
-5017.518759379691,-0.00010606983935550616,-4142.942631028146,75.65183737775163
-5015.51775887944,-0.00010606983935550616,-4142.942631028146,75.65183737775163
-5013.516758379191,-0.00010606983935550616,-4142.942631028146,75.65183737775163
-5011.515757878939,-0.00010606983935550616,-4142.942631028146,75.65183737775163
-5009.514757378689,-0.00010606983935550616,-4142.942631028146,75.65183737775163
-5007.513756878439,-0.00010606983935550616,-4142.942631028146,75.65183737775163
-5005.512756378189,-0.00010606983935550616,-4142.942631028146,75.65183737775163
-5003.511755877939,-0.00010606983935550616,-4142.942631028146,75.65183737775163
-5001.510755377689,-0.00010606983935550616,-4142.942631028146,75.65183737775163
-4999.509754877438,-0.00010606983935550616,-4142.942631028146,75.65183737775163
-4997.508754377189,-0.00010606983935550616,-4142.942631028146,75.65183737775163
-4995.507753876938,-0.00010606983935550616,-4142.942631028146,75.65183737775163
-4993.506753376689,-0.00010606983935550616,-4142.942631028146,75.65183737775163
-4991.505752876438,-0.00010606983935550616,-4142.942631028146,75.65183737775163
-4989.504752376188,-0.00010606983935550616,-4142.942631028146,75.65183737775163
-4987.503751875938,-0.00010606983935550616,-4142.942631028146,75.65183737775163
-4985.502751375688,-0.00010606983935550616,-4142.942631028146,75.65183737775163
-4983.501750875438,-0.00010606983935550616,-4142.942631028146,75.65183737775163
-4981.500750375188,-0.00010606983935550616,-4142.942631028146,75.65183737775163
-4979.499749874938,-0.00010606983935550616,-4142.942631028146,75.65183737775163
-4977.498749374688,-0.00010606983935550616,-4142.942631028146,75.65183737775163
-4975.497748874437,-0.00010606983935550616,-4142.942631028146,75.65183737775163
-4973.4967483741875,-0.00010606983935550616,-4142.942631028146,75.65183737775163
-4971.495747873937,-0.00010606983935550616,-4142.942631028146,75.65183737775163
-4969.4947473736875,-0.00010606983935550616,-4142.942631028146,75.65183737775163
-4967.493746873437,-0.00010606983935550616,-4142.942631028146,75.65183737775163
-4965.492746373187,-0.00010606983935550616,-4142.942631028146,75.65183737775163
-4963.491745872937,-0.00010606983935550616,-4142.942631028146,75.65183737775163
-4961.490745372686,-0.00010606983935550616,-4142.942631028146,75.65183737775163
-4959.489744872437,-0.00010606983935550616,-4142.942631028146,75.65183737775163
-4957.488744372186,-0.00010606983935550616,-4142.942631028146,75.65183737775163
-4955.487743871937,-0.00010606983935550616,-4142.942631028146,75.65183737775163
-4953.486743371686,-0.00010606983935550616,-4142.942631028146,75.65183737775163
-4951.485742871437,-0.00010606983935550616,-4142.942631028146,75.65183737775163
-4949.484742371186,-0.00010606983935550616,-4142.942631028146,75.65183737775163
-4947.483741870936,-0.00010606983935550616,-4142.942631028146,75.65183737775163
-4945.482741370686,-0.00010606983935550616,-4142.942631028146,75.65183737775163
-4943.481740870435,-0.00010606983935550616,-4142.942631028146,75.65183737775163
-4941.480740370185,-0.00010606983935550616,-4142.942631028146,75.65183737775163
-4939.479739869935,-0.00010606983935550616,-4142.942631028146,75.65183737775163
-4937.478739369685,-0.00010606983935550616,-4142.942631028146,75.65183737775163
-4935.477738869435,-0.00010606983935550616,-4142.942631028146,75.65183737775163
-4933.476738369184,-0.00010606983935550616,-4142.942631028146,75.65183737775163
-4931.475737868935,-0.00010606983935550616,-4142.942631028146,75.65183737775163
-4929.474737368684,-0.00010606983935550616,-4142.942631028146,75.65183737775163
-4927.473736868435,-0.00010606983935550616,-4142.942631028146,75.65183737775163
-4925.472736368184,-0.00010606983935550616,-4142.942631028146,75.65183737775163
-4923.4717358679345,-0.00010606983935550616,-4142.942631028146,75.65183737775163
-4921.470735367684,-0.00010606983935550616,-4142.942631028146,75.65183737775163
-4919.4697348674335,-0.00010606983935550616,-4142.942631028146,75.65183737775163
-4917.468734367184,-0.00010606983935550616,-4142.942631028146,75.65183737775163
-4915.4677338669335,-0.00010606983935550616,-4142.942631028146,75.65183737775163
-4913.466733366684,-0.00010606983935550616,-4142.942631028146,75.65183737775163
-4911.465732866433,-0.00010606983935550616,-4142.942631028146,75.65183737775163
-4909.464732366184,-0.00010606983935550616,-4142.942631028146,75.65183737775163
-4907.463731865933,-0.00010606983935550616,-4142.942631028146,75.65183737775163
-4905.462731365683,-0.00010606983935550616,-4142.942631028146,75.65183737775163
-4903.461730865433,-0.00010606983935550616,-4142.942631028146,75.65183737775163
-4901.460730365183,-0.00010606983935550616,-4142.942631028146,75.65183737775163
-4899.459729864932,-0.00010606983935550616,-4142.942631028146,75.65183737775163
-4897.458729364683,-0.00010606983935550616,-4142.942631028146,75.65183737775163
-4895.457728864433,-0.00010606983935550616,-4142.942631028146,75.65183737775163
-4893.456728364183,-0.00010606983935550616,-4142.942631028146,75.65183737775163
-4891.455727863932,-0.00010606983935550616,-4142.942631028146,75.65183737775163
-4889.454727363683,-0.00010606983935550616,-4142.942631028146,75.65183737775163
-4887.453726863432,-0.00010606983935550616,-4142.942631028146,75.65183737775163
-4885.452726363182,-0.00010606983935550616,-4142.942631028146,75.65183737775163
-4883.451725862932,-0.00010606983935550616,-4142.942631028146,75.65183737775163
-4881.4507253626825,-0.00010606983935550616,-4142.942631028146,75.65183737775163
-4879.449724862432,-0.00010606983935550616,-4142.942631028146,75.65183737775163
-4877.448724362182,-0.00010606983935550616,-4142.942631028146,75.65183737775163
-4875.447723861932,-0.00010606983935550616,-4142.942631028146,75.65183737775163
-4873.446723361681,-0.00010606983935550616,-4142.942631028146,75.65183737775163
-4871.44572286143,-0.00010606983935550616,-4142.942631028146,75.65183737775163
-4869.4447223611805,-0.00010606983935550616,-4142.942631028146,75.65183737775163
-4867.443721860931,-0.00010606983935550616,-4142.942631028146,75.65183737775163
-4865.4427213606805,-0.00010606983935550616,-4142.942631028146,75.65183737775163
-4863.44172086043,-0.00010606983935550616,-4142.942631028146,75.65183737775163
-4861.44072036018,-0.00010606983935550616,-4142.942631028146,75.65183737775163
-4859.43971985993,-0.00010606983935550616,-4142.942631028146,75.65183737775163
-4857.438719359679,-0.00010606983935550616,-4142.942631028146,75.65183737775163
-4855.43771885943,-0.00010606983935550616,-4142.942631028146,75.65183737775163
-4853.436718359179,-0.00010606983935550616,-4142.942631028146,75.65183737775163
-4851.43571785893,-0.00010606983935550616,-4142.942631028146,75.65183737775163
-4849.434717358679,-0.00010606983935550616,-4142.942631028146,75.65183737775163
-4847.43371685843,-0.00010606983935550616,-4142.942631028146,75.65183737775163
-4845.432716358179,-0.00010606983935550616,-4142.942631028146,75.65183737775163
-4843.431715857929,-0.00010606983935550616,-4142.942631028146,75.65183737775163
-4841.430715357679,-0.00010606983935550616,-4142.942631028146,75.65183737775163
-4839.429714857429,-0.00010606983935550616,-4142.942631028146,75.65183737775163
-4837.428714357179,-0.00010606983935550616,-4142.942631028146,75.65183737775163
-4835.427713856929,-0.00010606983935550616,-4142.942631028146,75.65183737775163
-4833.426713356679,-0.00010606983935550616,-4142.942631028146,75.65183737775163
-4831.425712856429,-0.00010606983935550616,-4142.942631028146,75.65183737775163
-4829.424712356178,-0.00010606983935550616,-4142.942631028146,75.65183737775163
-4827.423711855929,-0.00010606983935550616,-4142.942631028146,75.65183737775163
-4825.422711355678,-0.00010606983935550616,-4142.942631028146,75.65183737775163
-4823.4217108554285,-0.00010606983935550616,-4142.942631028146,75.65183737775163
-4821.420710355178,-0.00010606983935550616,-4142.942631028146,75.65183737775163
-4819.419709854928,-0.00010606983935550616,-4142.942631028146,75.65183737775163
-4817.418709354678,-0.00010606983935550616,-4142.942631028146,75.65183737775163
-4815.4177088544275,-0.00010606983935550616,-4142.942631028146,75.65183737775163
-4813.416708354178,-0.00010606983935550616,-4142.942631028146,75.65183737775163
-4811.415707853927,-0.00010606983935550616,-4142.942631028146,75.65183737775163
-4809.414707353678,-0.00010606983935550616,-4142.942631028146,75.65183737775163
-4807.413706853427,-0.00010606983935550616,-4142.942631028146,75.65183737775163
-4805.412706353178,-0.00010606983935550616,-4142.942631028146,75.65183737775163
-4803.411705852926,-0.00010606983935550616,-4142.942631028146,75.65183737775163
-4801.410705352676,-0.00010606983935550616,-4142.942631028146,75.65183737775163
-4799.409704852426,-0.00010606983935550616,-4142.942631028146,75.65183737775163
-4797.408704352176,-0.00010606983935550616,-4142.942631028146,75.65183737775163
-4795.407703851925,-0.00010606983935550616,-4142.942631028146,75.65183737775163
-4793.406703351676,-0.00010606983935550616,-4142.942631028146,75.65183737775163
-4791.405702851426,-0.00010606983935550616,-4142.942631028146,75.65183737775163
-4789.404702351176,-0.00010606983935550616,-4142.942631028146,75.65183737775163
-4787.403701850925,-0.00010606983935550616,-4142.942631028146,75.65183737775163
-4785.402701350676,-0.00010606983935550616,-4142.942631028146,75.65183737775163
-4783.401700850425,-0.00010606983935550616,-4142.942631028146,75.65183737775163
-4781.400700350175,-0.00010606983935550616,-4142.942631028146,75.65183737775163
-4779.399699849925,-0.00010606983935550616,-4142.942631028146,75.65183737775163
-4777.398699349676,-0.00010606983935550616,-4142.942631028146,75.65183737775163
-4775.397698849425,-0.00010606983935550616,-4142.942631028146,75.65183737775163
-4773.396698349175,-0.00010606983935550616,-4142.942631028146,75.65183737775163
-4771.395697848925,-0.00010606983935550616,-4142.942631028146,75.65183737775163
-4769.3946973486745,-0.00010606983935550616,-4142.942631028146,75.65183737775163
-4767.393696848424,-0.00010606983935550616,-4142.942631028146,75.65183737775163
-4765.3926963481745,-0.00010606983935550616,-4142.942631028146,75.65183737775163
-4763.391695847925,-0.00010606983935550616,-4142.942631028146,75.65183737775163
-4761.390695347674,-0.00010606983935550616,-4142.942631028146,75.65183737775163
-4759.389694847424,-0.00010606983935550616,-4142.942631028146,75.65183737775163
-4757.388694347174,-0.00010606983935550616,-4142.942631028146,75.65183737775163
-4755.387693846924,-0.00010606983935550616,-4142.942631028146,75.65183737775163
-4753.386693346673,-0.00010606983935550616,-4142.942631028146,75.65183737775163
-4751.385692846424,-0.00010606983935550616,-4142.942631028146,75.65183737775163
-4749.384692346173,-0.00010606983935550616,-4142.942631028146,75.65183737775163
-4747.383691845924,-0.00010606983935550616,-4142.942631028146,75.65183737775163
-4745.382691345673,-0.00010606983935550616,-4142.942631028146,75.65183737775163
-4743.381690845424,-0.00010606983935550616,-4142.942631028146,75.65183737775163
-4741.380690345173,-0.00010606983935550616,-4142.942631028146,75.65183737775163
-4739.379689844923,-0.00010606983935550616,-4142.942631028146,75.65183737775163
-4737.378689344673,-0.00010606983935550616,-4142.942631028146,75.65183737775163
-4735.377688844422,-0.00010606983935550616,-4142.942631028146,75.65183737775163
-4733.376688344172,-0.00010606983935550616,-4142.942631028146,75.65183737775163
-4731.375687843922,-0.00010606983935550616,-4142.942631028146,75.65183737775163
-4729.374687343672,-0.00010606983935550616,-4142.942631028146,75.65183737775163
-4727.373686843422,-0.00010606983935550616,-4142.942631028146,75.65183737775163
-4725.372686343171,-0.00010606983935550616,-4142.942631028146,75.65183737775163
-4723.371685842922,-0.00010606983935550616,-4142.942631028146,75.65183737775163
-4721.370685342671,-0.00010606983935550616,-4142.942631028146,75.65183737775163
-4719.3696848424215,-0.00010606983935550616,-4142.942631028146,75.65183737775163
-4717.368684342171,-0.00010606983935550616,-4142.942631028146,75.65183737775163
-4715.3676838419215,-0.00010606983935550616,-4142.942631028146,75.65183737775163
-4713.366683341671,-0.00010606983935550616,-4142.942631028146,75.65183737775163
-4711.3656828414205,-0.00010606983935550616,-4142.942631028146,75.65183737775163
-4709.364682341171,-0.00010606983935550616,-4142.942631028146,75.65183737775163
-4707.36368184092,-0.00010606983935550616,-4142.942631028146,75.65183737775163
-4705.362681340671,-0.00010606983935550616,-4142.942631028146,75.65183737775163
-4703.36168084042,-0.00010606983935550616,-4142.942631028146,75.65183737775163
-4701.360680340171,-0.00010606983935550616,-4142.942631028146,75.65183737775163
-4699.35967983992,-0.00010606983935550616,-4142.942631028146,75.65183737775163
-4697.35867933967,-0.00010606983935550616,-4142.942631028146,75.65183737775163
-4695.35767883942,-0.00010606983935550616,-4142.942631028146,75.65183737775163
-4693.35667833917,-0.00010606983935550616,-4142.942631028146,75.65183737775163
-4691.35567783892,-0.00010606983935550616,-4142.942631028146,75.65183737775163
-4689.35467733867,-0.00010606983935550616,-4142.942631028146,75.65183737775163
-4687.35367683842,-0.00010606983935550616,-4142.942631028146,75.65183737775163
-4685.35267633817,-0.00010606983935550616,-4142.942631028146,75.65183737775163
-4683.351675837919,-0.00010606983935550616,-4142.942631028146,75.65183737775163
-4681.35067533767,-0.00010606983935550616,-4142.942631028146,75.65183737775163
-4679.349674837419,-0.00010606983935550616,-4142.942631028146,75.65183737775163
-4677.348674337169,-0.00010606983935550616,-4142.942631028146,75.65183737775163
-4675.347673836919,-0.00010606983935550616,-4142.942631028146,75.65183737775163
-4673.3466733366695,-0.00010606983935550616,-4142.942631028146,75.65183737775163
-4671.345672836419,-0.00010606983935550616,-4142.942631028146,75.65183737775163
-4669.3446723361685,-0.00010606983935550616,-4142.942631028146,75.65183737775163
-4667.343671835919,-0.00010606983935550616,-4142.942631028146,75.65183737775163
-4665.342671335668,-0.00010606983935550616,-4142.942631028146,75.65183737775163
-4663.341670835417,-0.00010606983935550616,-4142.942631028146,75.65183737775163
-4661.3406703351675,-0.00010606983935550616,-4142.942631028146,75.65183737775163
-4659.339669834918,-0.00010606983935550616,-4142.942631028146,75.65183737775163
-4657.338669334667,-0.00010606983935550616,-4142.942631028146,75.65183737775163
-4655.337668834417,-0.00010606983935550616,-4142.942631028146,75.65183737775163
-4653.336668334167,-0.00010606983935550616,-4142.942631028146,75.65183737775163
-4651.335667833917,-0.00010606983935550616,-4142.942631028146,75.65183737775163
-4649.334667333666,-0.00010606983935550616,-4142.942631028146,75.65183737775163
-4647.333666833417,-0.00010606983935550616,-4142.942631028146,75.65183737775163
-4645.332666333166,-0.00010606983935550616,-4142.942631028146,75.65183737775163
-4643.331665832917,-0.00010606983935550616,-4142.942631028146,75.65183737775163
-4641.330665332666,-0.00010606983935550616,-4142.942631028146,75.65183737775163
-4639.329664832417,-0.00010606983935550616,-4142.942631028146,75.65183737775163
-4637.328664332166,-0.00010606983935550616,-4142.942631028146,75.65183737775163
-4635.327663831916,-0.00010606983935550616,-4142.942631028146,75.65183737775163
-4633.326663331666,-0.00010606983935550616,-4142.942631028146,75.65183737775163
-4631.325662831416,-0.00010606983935550616,-4142.942631028146,75.65183737775163
-4629.324662331166,-0.00010606983935550616,-4142.942631028146,75.65183737775163
-4627.323661830916,-0.00010606983935550616,-4142.942631028146,75.65183737775163
-4625.322661330666,-0.00010606983935550616,-4142.942631028146,75.65183737775163
-4623.321660830416,-0.00010606983935550616,-4142.942631028146,75.65183737775163
-4621.320660330165,-0.00010606983935550616,-4142.942631028146,75.65183737775163
-4619.3196598299155,-0.00010606983935550616,-4142.942631028146,75.65183737775163
-4617.318659329665,-0.00010606983935550616,-4142.942631028146,75.65183737775163
-4615.317658829415,-0.00010606983935550616,-4142.942631028146,75.65183737775163
-4613.316658329165,-0.00010606983935550616,-4142.942631028146,75.65183737775163
-4611.315657828915,-0.00010606983935550616,-4142.942631028146,75.65183737775163
-4609.314657328665,-0.00010606983935550616,-4142.942631028146,75.65183737775163
-4607.313656828414,-0.00010606983935550616,-4142.942631028146,75.65183737775163
-4605.312656328165,-0.00010606983935550616,-4142.942631028146,75.65183737775163
-4603.311655827914,-0.00010606983935550616,-4142.942631028146,75.65183737775163
-4601.310655327665,-0.00010606983935550616,-4142.942631028146,75.65183737775163
-4599.309654827414,-0.00010606983935550616,-4142.942631028146,75.65183737775163
-4597.308654327165,-0.00010606983935550616,-4142.942631028146,75.65183737775163
-4595.307653826913,-0.00010606983935550616,-4142.942631028146,75.65183737775163
-4593.306653326663,-0.00010606983935550616,-4142.942631028146,75.65183737775163
-4591.305652826413,-0.00010606983935550616,-4142.942631028146,75.65183737775163
-4589.304652326163,-0.00010606983935550616,-4142.942631028146,75.65183737775163
-4587.303651825913,-0.00010606983935550616,-4142.942631028146,75.65183737775163
-4585.302651325663,-0.00010606983935550616,-4142.942631028146,75.65183737775163
-4583.301650825413,-0.00010606983935550616,-4142.942631028146,75.65183737775163
-4581.300650325163,-0.00010606983935550616,-4142.942631028146,75.65183737775163
-4579.299649824912,-0.00010606983935550616,-4142.942631028146,75.65183737775163
-4577.298649324663,-0.00010606983935550616,-4142.942631028146,75.65183737775163
-4575.297648824412,-0.00010606983935550616,-4142.942631028146,75.65183737775163
-4573.296648324162,-0.00010606983935550616,-4142.942631028146,75.65183737775163
-4571.295647823912,-0.00010606983935550616,-4142.942631028146,75.65183737775163
-4569.2946473236625,-0.00010606983935550616,-4142.942631028146,75.65183737775163
-4567.293646823412,-0.00010606983935550616,-4142.942631028146,75.65183737775163
-4565.2926463231615,-0.00010606983935550616,-4142.942631028146,75.65183737775163
-4563.291645822912,-0.00010606983935550616,-4142.942631028146,75.65183737775163
-4561.2906453226615,-0.00010568940420796144,-4142.942631028146,75.65183737775163
-4559.289644822411,-0.00010552683306947772,-4142.942631028146,75.65183737775163
-4557.288644322161,-0.00010533020279011022,-4142.942631028146,75.65183737775163
-4555.287643821912,-0.00010509959358301375,-4142.942631028146,75.65183737775163
-4553.286643321661,-0.00010483483784218005,-4142.942631028146,75.65183737775163
-4551.285642821411,-0.00010453863830157443,-4142.942631028146,75.65183737775163
-4549.284642321161,-0.00010421102291237753,-4142.942631028146,75.65183737775163
-4547.283641820911,-0.00010385423090629492,-4142.942631028146,75.65183737775163
-4545.28264132066,-0.00010347077711111637,-4142.942631028146,75.65183737775163
-4543.281640820411,-0.00010306114072771241,-4142.942631028146,75.65183737775163
-4541.280640320161,-0.00010262936989968499,-4142.942631028146,75.65183737775163
-4539.279639819911,-0.00010217747403535934,-4142.942631028146,75.65183737775163
-4537.27863931966,-0.00010170802254177287,-4142.942631028146,75.65183737775163
-4535.277638819411,-0.00010122467545938012,-4142.942631028146,75.65183737775163
-4533.27663831916,-0.00010073000603012142,-4142.942631028146,75.65183737775163
-4531.27563781891,-0.00010022772371686774,-4142.942631028146,75.65183737775163
-4529.27463731866,-9.972125054473114e-05,-4142.942631028146,75.65183737775163
-4527.273636818409,-9.921485519289462e-05,-4142.942631028146,75.65183737775163
-4525.272636318159,-9.870990468723715e-05,-4142.942631028146,75.65183737775163
-4523.271635817909,-9.821242348029724e-05,-4142.942631028146,75.65183737775163
-4521.270635317659,-9.772546345599956e-05,-4142.942631028146,75.65183737775163
-4519.269634817409,-9.725223003516444e-05,-4142.942631028146,75.65183737775163
-4517.268634317158,-9.679732013096276e-05,-4142.942631028146,75.65183737775163
-4515.2676338169085,-9.636323707266773e-05,-4142.942631028146,75.65183737775163
-4513.266633316658,-9.595395922944374e-05,-4142.942631028146,75.65183737775163
-4511.2656328164085,-9.557370585347344e-05,-4142.942631028146,75.65183737775163
-4509.264632316158,-9.522411721126703e-05,-4142.942631028146,75.65183737775163
-4507.263631815908,-9.490944358965737e-05,-4142.942631028146,75.65183737775163
-4505.262631315658,-9.463217836812838e-05,-4142.942631028146,75.65183737775163
-4503.261630815407,-9.439372347074123e-05,-4142.942631028146,75.65183737775163
-4501.260630315158,-9.41990017809513e-05,-4142.942631028146,75.65183737775163
-4499.259629814907,-9.404750643414671e-05,-4142.942631028146,75.65183737775163
-4497.258629314658,-9.394162479789776e-05,-4142.942631028146,75.65183737775163
-4495.257628814407,-9.388393242848378e-05,-4142.942631028146,75.65183737775163
-4493.256628314158,-9.387321965269673e-05,-4142.942631028146,75.65183737775163
-4491.255627813907,-9.391267231945939e-05,-4142.942631028146,75.65183737775163
-4489.254627313657,-9.400066407258079e-05,-4142.942631028146,75.65183737775163
-4487.253626813407,-9.413648973929184e-05,-4142.942631028146,75.65183737775163
-4485.252626313157,-9.432257808263548e-05,-4142.942631028146,75.65183737775163
-4483.251625812907,-9.455487579217504e-05,-4142.942631028146,75.65183737775163
-4481.250625312657,-9.483304350930272e-05,-4142.942631028146,75.65183737775163
-4479.249624812407,-9.515640384621519e-05,-4142.942631028146,75.65183737775163
-4477.248624312157,-9.55207951219053e-05,-4142.942631028146,75.65183737775163
-4475.247623811906,-9.592546730870967e-05,-4142.942631028146,75.65183737775163
-4473.246623311657,-9.636667801555355e-05,-4142.942631028146,75.65183737775163
-4471.245622811406,-9.684067801310965e-05,-4142.942631028146,75.65183737775163
-4469.244622311156,-9.73447865776978e-05,-4142.942631028146,75.65183737775163
-4467.243621810906,-9.787362487005718e-05,-4142.942631028146,75.65183737775163
-4465.242621310656,-9.842369311875083e-05,-4142.942631028146,75.65183737775163
-4463.241620810406,-9.899021864386456e-05,-4142.942631028146,75.65183737775163
-4461.2406203101555,-9.95678894563873e-05,-4142.942631028146,75.65183737775163
-4459.239619809906,-0.0001001520724702687,-4142.942631028146,75.65183737775163
-4457.2386193096545,-0.00010073708066168596,-4142.942631028146,75.65183737775163
-4455.237618809404,-0.00010131754913606569,-4142.942631028146,75.65183737775163
-4453.236618309154,-0.00010188747871741598,-4142.942631028146,75.65183737775163
-4451.235617808905,-0.00010244174261225388,-4142.942631028146,75.65183737775163
-4449.234617308654,-0.00010297390241208607,-4142.942631028146,75.65183737775163
-4447.233616808404,-0.00010347842082062614,-4142.942631028146,75.65183737775163
-4445.232616308154,-0.00010395053158129694,-4142.942631028146,75.65183737775163
-4443.231615807904,-0.00010438210166402705,-4142.942631028146,75.65183737775163
-4441.230615307653,-0.00010477016297055818,-4142.942631028146,75.65183737775163
-4439.229614807404,-0.00010510855711028768,-4142.942631028146,75.65183737775163
-4437.228614307154,-0.00010539096766053,-4142.942631028146,75.65183737775163
-4435.227613806904,-0.00010561510965782035,-4142.942631028146,75.65183737775163
-4433.226613306653,-0.00010577351037099975,-4142.942631028146,75.65183737775163
-4431.225612806404,-0.00010586380584746527,-4142.942631028146,75.65183737775163
-4429.224612306153,-0.00010588331576323816,-4142.942631028146,75.65183737775163
-4427.223611805903,-0.00010582444341499238,-4142.942631028146,75.65183737775163
-4425.222611305653,-0.00010568902714638044,-4142.942631028146,75.65183737775163
-4423.221610805403,-0.00010547245062414921,-4142.942631028146,75.65183737775163
-4421.220610305153,-0.00010517223024598221,-4142.942631028146,75.65183737775163
-4419.219609804903,-0.0001047902359162649,-4142.942631028146,75.65183737775163
-4417.218609304653,-0.00010432132033451815,-4142.942631028146,75.65183737775163
-4415.2176088044025,-0.00010376879471475542,-4142.942631028146,75.65183737775163
-4413.216608304152,-0.00010313342571353664,-4142.942631028146,75.65183737775163
-4411.2156078039025,-0.00010241285125765498,-4142.942631028146,75.65183737775163
-4409.214607303652,-0.00010161350327845406,-4142.942631028146,75.65183737775163
-4407.213606803402,-0.0001007350189457712,-4142.942631028146,75.65183737775163
-4405.212606303152,-9.978111986181471e-05,-4142.942631028146,75.65183737775163
-4403.211605802902,-9.87578285379343e-05,-4142.942631028146,75.65183737775163
-4401.210605302652,-9.76655407820113e-05,-4142.942631028146,75.65183737775163
-4399.209604802401,-9.651304350121541e-05,-4142.942631028146,75.65183737775163
-4397.208604302152,-9.530519497493715e-05,-4142.942631028146,75.65183737775163
-4395.207603801901,-9.404689529519535e-05,-4142.942631028146,75.65183737775163
-4393.206603301652,-9.274727472615655e-05,-4142.942631028146,75.65183737775163
-4391.205602801401,-9.14120466755096e-05,-4142.942631028146,75.65183737775163
-4389.204602301152,-9.004985896028597e-05,-4142.942631028146,75.65183737775163
-4387.2036018009,-8.866931993609289e-05,-4142.942631028146,75.65183737775163
-4385.20260130065,-8.728174712020027e-05,-4142.942631028146,75.65183737775163
-4383.2016008004,-8.588677345699016e-05,-4142.942631028146,75.65183737775163
-4381.20060030015,-8.450353706563924e-05,-4142.942631028146,75.65183737775163
-4379.1995997999,-8.313864692205309e-05,-4142.942631028146,75.65183737775163
-4377.19859929965,-8.180076092099284e-05,-4142.942631028146,75.65183737775163
-4375.1975987994,-8.050130165848258e-05,-4142.942631028146,75.65183737775163
-4373.19659829915,-7.924884959494181e-05,-4142.942631028146,75.65183737775163
-4371.195597798899,-7.805154305910489e-05,-4142.942631028146,75.65183737775163
-4369.19459729865,-7.692388858733587e-05,-4142.942631028146,75.65183737775163
-4367.193596798399,-7.587039033768613e-05,-4142.942631028146,75.65183737775163
-4365.1925962981495,-7.490248786664417e-05,-4142.942631028146,75.65183737775163
-4363.191595797899,-7.402928580421038e-05,-4142.942631028146,75.65183737775163
-4361.190595297649,-7.32554399140759e-05,-4142.942631028146,75.65183737775163
-4359.189594797399,-7.259470637805307e-05,-4142.942631028146,75.65183737775163
-4357.1885942971485,-7.204907472082347e-05,-4142.942631028146,75.65183737775163
-4355.187593796899,-7.162517183432806e-05,-4142.942631028146,75.65183737775163
-4353.186593296648,-7.133360463940281e-05,-4142.942631028146,75.65183737775163
-4351.185592796398,-7.117223969968794e-05,-4142.942631028146,75.65183737775163
-4349.184592296148,-7.115013477106076e-05,-4142.942631028146,75.65183737775163
-4347.183591795899,-7.126878310742118e-05,-4142.942631028146,75.65183737775163
-4345.182591295648,-7.15259935159409e-05,-4142.942631028146,75.65183737775163
-4343.181590795398,-7.193156685473452e-05,-4142.942631028146,75.65183737775163
-4341.180590295148,-7.24765878454538e-05,-4142.942631028146,75.65183737775163
-4339.179589794898,-7.316193100399062e-05,-4142.942631028146,75.65183737775163
-4337.178589294647,-7.39887240251241e-05,-4142.942631028146,75.65183737775163
-4335.177588794398,-7.49460912951116e-05,-4142.942631028146,75.65183737775163
-4333.176588294148,-7.603411747821338e-05,-4142.942631028146,75.65183737775163
-4331.175587793898,-7.724297667522464e-05,-4142.942631028146,75.65183737775163
-4329.174587293647,-7.856334679901464e-05,-4142.942631028146,75.65183737775163
-4327.173586793398,-7.999249806506463e-05,-4142.942631028146,75.65183737775163
-4325.172586293147,-8.151248581149595e-05,-4142.942631028146,75.65183737775163
-4323.171585792897,-8.311386431669522e-05,-4142.942631028146,75.65183737775163
-4321.170585292647,-8.478403897060298e-05,-4142.942631028146,75.65183737775163
-4319.169584792396,-8.65060083585166e-05,-4142.942631028146,75.65183737775163
-4317.168584292146,-8.826600223262905e-05,-4142.942631028146,75.65183737775163
-4315.167583791896,-9.00453794011105e-05,-4142.942631028146,75.65183737775163
-4313.166583291646,-9.182621651049285e-05,-4142.942631028146,75.65183737775163
-4311.1655827913955,-9.358815309493617e-05,-4142.942631028146,75.65183737775163
-4309.164582291145,-9.531198737482659e-05,-4142.942631028146,75.65183737775163
-4307.1635817908955,-9.697480225271315e-05,-4142.942631028146,75.65183737775163
-4305.162581290645,-9.855381781477826e-05,-4142.942631028146,75.65183737775163
-4303.161580790395,-0.00010002931154942021,-4142.942631028146,75.65183737775163
-4301.160580290145,-0.00010136979179046083,-4142.942631028146,75.65183737775163
-4299.159579789895,-0.00010255785270076403,-4142.942631028146,75.65183737775163
-4297.158579289645,-0.00010356723779669455,-4142.942631028146,75.65183737775163
-4295.157578789395,-0.00010436546075276474,-4142.942631028146,75.65183737775163
-4293.156578289145,-0.00010493777520003765,-4142.942631028146,75.65183737775163
-4291.155577788894,-0.00010524838861871087,-4142.942631028146,75.65183737775163
-4289.154577288645,-0.00010527497822756625,-4142.942631028146,75.65183737775163
-4287.153576788394,-0.00010499998692881774,-4142.942631028146,75.65183737775163
-4285.152576288144,-0.00010437626252551046,-4142.942631028146,75.65183737775163
-4283.151575787894,-0.0001034002932833732,-4142.942631028146,75.65183737775163
-4281.150575287644,-0.00010204004695860697,-4142.942631028146,75.65183737775163
-4279.149574787394,-0.0001002628348001597,-4142.942631028146,75.65183737775163
-4277.148574287144,-9.806400383315076e-05,-4142.942631028146,75.65183737775163
-4275.147573786894,-9.540045807433554e-05,-4142.942631028146,75.65183737775163
-4273.146573286644,-9.226316029681215e-05,-4142.942631028146,75.65183737775163
-4271.145572786393,-8.863991052635583e-05,-4142.942631028146,75.65183737775163
-4269.144572286144,-8.448311161821993e-05,-4142.942631028146,75.65183737775163
-4267.143571785893,-7.980764310991133e-05,-4142.942631028146,75.65183737775163
-4265.1425712856435,-7.458225279668018e-05,-4142.942631028146,75.65183737775163
-4263.141570785393,-6.878883177027059e-05,-4142.942631028146,75.65183737775163
-4261.140570285143,-6.243664177609621e-05,-4142.942631028146,75.65183737775163
-4259.139569784893,-5.548406590637095e-05,-4142.942631028146,75.65183737775163
-4257.1385692846425,-4.794760562039641e-05,-4142.942631028146,75.65183737775163
-4255.137568784393,-3.982191534563998e-05,-4142.942631028146,75.65183737775163
-4253.1365682841415,-3.107756576174217e-05,-4142.942631028146,75.65183737775163
-4251.135567783892,-2.1746323931069378e-05,-4142.942631028146,75.65183737775163
-4249.134567283641,-1.1807216420630864e-05,-4142.942631028146,75.65183737775163
-4247.133566783392,-1.2675053772228718e-06,-4142.942631028146,75.65183737775163
-4245.132566283141,9.848929809161758e-06,-4142.942631028146,75.65183737775163
-4243.131565782892,2.1569459686077163e-05,-4142.942631028146,75.65183737775163
-4241.130565282641,3.385087533786213e-05,-4142.942631028146,75.65183737775163
-4239.129564782391,4.668737995509211e-05,-4142.942631028146,75.65183737775163
-4237.128564282141,6.005432378304961e-05,-4142.942631028146,75.65183737775163
-4235.127563781891,7.398108135083499e-05,-4142.942631028146,75.65183737775163
-4233.126563281641,8.839527058536055e-05,-4142.942631028146,75.65183737775163
-4231.125562781391,0.00010328783938936173,-4142.942631028146,75.65183737775163
-4229.124562281141,0.00011862303784630115,-4142.942631028146,75.65183737775163
-4227.123561780891,0.00013440058051209368,-4142.942631028146,75.65183737775163
-4225.12256128064,0.00015056210361702495,-4142.942631028146,75.65183737775163
-4223.121560780391,0.00016708542339378932,-4142.942631028146,75.65183737775163
-4221.12056028014,0.0001839405547755033,-4142.942631028146,75.65183737775163
-4219.119559779891,0.0002010781334654563,-4142.942631028146,75.65183737775163
-4217.11855927964,0.00021847282516894583,-4142.942631028146,75.65183737775163
-4215.11755877939,0.00023607570272240875,-4142.942631028146,75.65183737775163
-4213.11655827914,0.0002538441580919973,-4142.942631028146,75.65183737775163
-4211.1155577788895,0.0002717412410379947,-4142.942631028146,75.65183737775163
-4209.11455727864,0.00028971533914874204,-4142.942631028146,75.65183737775163
-4207.1135567783895,0.00030772313429510204,-4142.942631028146,75.65183737775163
-4205.112556278139,0.00032571673881379886,-4142.942631028146,75.65183737775163
-4203.111555777889,0.0003436504238369816,-4142.942631028146,75.65183737775163
-4201.110555277639,0.0003614702501176266,-4142.942631028146,75.65183737775163
-4199.109554777389,0.00037913253730220513,-4142.942631028146,75.65183737775163
-4197.108554277139,0.0003965888160019505,-4142.942631028146,75.65183737775163
-4195.107553776888,0.00041377987921902806,-4142.942631028146,75.65183737775163
-4193.106553276639,0.0004306711923485364,-4142.942631028146,75.65183737775163
-4191.105552776388,0.00044720159278099317,-4142.942631028146,75.65183737775163
-4189.104552276139,0.00046332602398458083,-4142.942631028146,75.65183737775163
-4187.103551775888,0.0004790101961837463,-4142.942631028146,75.65183737775163
-4185.102551275639,0.0004941763283944958,-4142.942631028146,75.65183737775163
-4183.101550775387,0.0005088091559061355,-4142.942631028146,75.65183737775163
-4181.100550275138,0.000522855831091194,-4142.942631028146,75.65183737775163
-4179.099549774887,0.0005362575447137687,-4142.942631028146,75.65183737775163
-4177.098549274638,0.0005490032521369911,-4142.942631028146,75.65183737775163
-4175.097548774387,0.0005610221286905418,-4142.942631028146,75.65183737775163
-4173.096548274137,0.0005722938950060919,-4142.942631028146,75.65183737775163
-4171.095547773887,0.0005827983968163679,-4142.942631028146,75.65183737775163
-4169.094547273637,0.0005924533982464273,-4142.942631028146,75.65183737775163
-4167.093546773387,0.0006012810608245944,-4142.942631028146,75.65183737775163
-4165.092546273137,0.0006092302984409418,-4142.942631028146,75.65183737775163
-4163.091545772887,0.0006162652660586212,-4142.942631028146,75.65183737775163
-4161.0905452726365,0.0006223996326449281,-4142.942631028146,75.65183737775163
-4159.089544772386,0.0006275648620300044,-4142.942631028146,75.65183737775163
-4157.0885442721365,0.0006317799995819182,-4142.942631028146,75.65183737775163
-4155.087543771886,0.0006350583663032514,-4142.942631028146,75.65183737775163
-4153.086543271636,0.0006372995764333595,-4142.942631028146,75.65183737775163
-4151.085542771386,0.000638574423393953,-4142.942631028146,75.65183737775163
-4149.084542271135,0.0006388446357799926,-4142.942631028146,75.65183737775163
-4147.083541770886,0.0006381113023708208,-4142.942631028146,75.65183737775163
-4145.082541270635,0.0006364090501483427,-4142.942631028146,75.65183737775163
-4143.081540770386,0.0006336848719812521,-4142.942631028146,75.65183737775163
-4141.080540270135,0.0006299979990666411,-4142.942631028146,75.65183737775163
-4139.079539769885,0.0006253514002682178,-4142.942631028146,75.65183737775163
-4137.078539269635,0.0006197278292984234,-4142.942631028146,75.65183737775163
-4135.077538769385,0.0006131928104694763,-4142.942631028146,75.65183737775163
-4133.076538269135,0.00060572887064284,-4142.942631028146,75.65183737775163
-4131.075537768885,0.0005973740591093165,-4142.942631028146,75.65183737775163
-4129.074537268634,0.0005881766424923257,-4142.942631028146,75.65183737775163
-4127.073536768385,0.000578110378778873,-4142.942631028146,75.65183737775163
-4125.072536268134,0.0005672605101829511,-4142.942631028146,75.65183737775163
-4123.071535767885,0.0005556425166367045,-4142.942631028146,75.65183737775163
-4121.070535267634,0.0005432779937969517,-4142.942631028146,75.65183737775163
-4119.0695347673845,0.0005302361554828661,-4142.942631028146,75.65183737775163
-4117.068534267134,0.0005165248090503395,-4142.942631028146,75.65183737775163
-4115.067533766884,0.0005022049788457059,-4142.942631028146,75.65183737775163
-4113.066533266633,0.0004873268365042686,-4142.942631028146,75.65183737775163
-4111.0655327663835,0.0004719056156773147,-4142.942631028146,75.65183737775163
-4109.064532266133,0.0004560190189470465,-4142.942631028146,75.65183737775163
-4107.0635317658825,0.0004396993752426037,-4142.942631028146,75.65183737775163
-4105.062531265633,0.00042299270704444856,-4142.942631028146,75.65183737775163
-4103.0615307653825,0.0004059601115823355,-4142.942631028146,75.65183737775163
-4101.060530265133,0.0003886340718581462,-4142.942631028146,75.65183737775163
-4099.059529764882,0.0003710758442004307,-4142.942631028146,75.65183737775163
-4097.058529264632,0.00035333323531310944,-4142.942631028146,75.65183737775163
-4095.0575287643824,0.0003354436961002463,-4142.942631028146,75.65183737775163
-4093.056528264132,0.0003174675248175222,-4142.942631028146,75.65183737775163
-4091.0555277638823,0.00029945800485352855,-4142.942631028146,75.65183737775163
-4089.054527263632,0.00028145641780261534,-4142.942631028146,75.65183737775163
-4087.053526763382,0.0002635073916850872,-4142.942631028146,75.65183737775163
-4085.0525262631318,0.00024566200922540354,-4142.942631028146,75.65183737775163
-4083.0515257628813,0.00022795876609229347,-4142.942631028146,75.65183737775163
-4081.0505252626317,0.00021044151153121494,-4142.942631028146,75.65183737775163
-4079.049524762381,0.00019315852577066957,-4142.942631028146,75.65183737775163
-4077.048524262131,0.00017613362186239134,-4142.942631028146,75.65183737775163
-4075.047523761881,0.0001594244317868594,-4142.942631028146,75.65183737775163
-4073.046523261631,0.00014305828879685093,-4142.942631028146,75.65183737775163
-4071.045522761381,0.00012705943109911689,-4142.942631028146,75.65183737775163
-4069.0445222611306,0.0001114858664968903,-4142.942631028146,75.65183737775163
-4067.043521760881,9.633987655207574e-05,-4142.942631028146,75.65183737775163
-4065.0425212606306,8.165948636707995e-05,-4142.942631028146,75.65183737775163
-4063.0415207603805,6.747750698000957e-05,-4142.942631028146,75.65183737775163
-4061.04052026013,5.3795433482932664e-05,-4142.942631028146,75.65183737775163
-4059.03951975988,4.065954751035448e-05,-4142.942631028146,75.65183737775163
-4057.03851925963,2.806946436943031e-05,-4142.942631028146,75.65183737775163
-4055.0375187593795,1.6034648179149056e-05,-4142.942631028146,75.65183737775163
-4053.03651825913,4.603240188657832e-06,-4142.942631028146,75.65183737775163
-4051.0355177588795,-6.265587820603345e-06,-4142.942631028146,75.65183737775163
-4049.0345172586294,-1.6529831507819674e-05,-4142.942631028146,75.65183737775163
-4047.0335167583794,-2.6190637042442308e-05,-4142.942631028146,75.65183737775163
-4045.032516258129,-3.5264556283852986e-05,-4142.942631028146,75.65183737775163
-4043.0315157578793,-4.3717115845871444e-05,-4142.942631028146,75.65183737775163
-4041.030515257629,-5.157956693121842e-05,-4142.942631028146,75.65183737775163
-4039.0295147573793,-5.885311541613136e-05,-4142.942631028146,75.65183737775163
-4037.028514257129,-6.552243395084257e-05,-4142.942631028146,75.65183737775163
-4035.0275137568788,-7.162713426034313e-05,-4142.942631028146,75.65183737775163
-4033.0265132566287,-7.715548572160534e-05,-4142.942631028146,75.65183737775163
-4031.0255127563782,-8.212708756305146e-05,-4142.942631028146,75.65183737775163
-4029.0245122561287,-8.65712174465948e-05,-4142.942631028146,75.65183737775163
-4027.0235117558777,-9.047060429871115e-05,-4142.942631028146,75.65183737775163
-4025.0225112556277,-9.387462839915455e-05,-4142.942631028146,75.65183737775163
-4023.0215107553777,-9.679306806286824e-05,-4142.942631028146,75.65183737775163
-4021.0205102551276,-9.923514378657444e-05,-4142.942631028146,75.65183737775163
-4019.0195097548776,-0.00010124337554309558,-4142.942631028146,75.65183737775163
-4017.018509254627,-0.00010282049082507607,-4142.942631028146,75.65183737775163
-4015.0175087543776,-0.00010400087770646581,-4142.942631028146,75.65183737775163
-4013.016508254127,-0.00010481481315420009,-4142.942631028146,75.65183737775163
-4011.015507753877,-0.00010526617363113922,-4142.942631028146,75.65183737775163
-4009.014507253627,-0.00010540212620501397,-4142.942631028146,75.65183737775163
-4007.013506753377,-0.0001052390365410152,-4142.942631028146,75.65183737775163
-4005.012506253127,-0.00010480030350544625,-4142.942631028146,75.65183737775163
-4003.0115057528765,-0.00010412165884652825,-4142.942631028146,75.65183737775163
-4001.010505252627,-0.00010321691750265687,-4142.942631028146,75.65183737775163
-3999.0095047523764,-0.00010212018411471172,-4142.942631028146,75.65183737775163
-3997.0085042521264,-0.00010085699191851241,-4142.942631028146,75.65183737775163
-3995.0075037518764,-9.944521870704056e-05,-4142.942631028146,75.65183737775163
-3993.0065032516263,-9.791713661755553e-05,-4142.942631028146,75.65183737775163
-3991.005502751376,-9.629232663936774e-05,-4142.942631028146,75.65183737775163
-3989.0045022511254,-9.45943480025602e-05,-4142.942631028146,75.65183737775163
-3987.003501750876,-9.2846853226224e-05,-4142.942631028146,75.65183737775163
-3985.0025012506253,-9.10689266754509e-05,-4142.942631028146,75.65183737775163
-3983.0015007503753,-8.928214249958115e-05,-4142.942631028146,75.65183737775163
-3981.0005002501252,-8.750497978426026e-05,-4142.942631028146,75.65183737775163
-3978.9994997498748,-8.575632542869152e-05,-4142.942631028146,75.65183737775163
-3976.998499249625,-8.405112990963145e-05,-4142.942631028146,75.65183737775163
-3974.9974987493747,-8.240688257533914e-05,-4142.942631028146,75.65183737775163
-3972.9964982491247,-8.0836958748304e-05,-4142.942631028146,75.65183737775163
-3970.9954977488746,-7.935178850844493e-05,-4142.942631028146,75.65183737775163
-3968.9944972486246,-7.796900183316507e-05,-4142.942631028146,75.65183737775163
-3966.9934967483746,-7.669233148723686e-05,-4142.942631028146,75.65183737775163
-3964.992496248124,-7.553357696677793e-05,-4142.942631028146,75.65183737775163
-3962.9914957478745,-7.450230548557236e-05,-4142.942631028146,75.65183737775163
-3960.990495247624,-7.359905963204953e-05,-4142.942631028146,75.65183737775163
-3958.989494747374,-7.283510245618227e-05,-4142.942631028146,75.65183737775163
-3956.9884942471235,-7.220999298031871e-05,-4142.942631028146,75.65183737775163
-3954.9874937468735,-7.172408520511378e-05,-4142.942631028146,75.65183737775163
-3952.9864932466235,-7.138637900987635e-05,-4142.942631028146,75.65183737775163
-3950.985492746373,-7.118797617602849e-05,-4142.942631028146,75.65183737775163
-3948.9844922461234,-7.113195271621426e-05,-4142.942631028146,75.65183737775163
-3946.983491745873,-7.121684492329457e-05,-4142.942631028146,75.65183737775163
-3944.982491245623,-7.143431248015202e-05,-4142.942631028146,75.65183737775163
-3942.981490745373,-7.178737723283465e-05,-4142.942631028146,75.65183737775163
-3940.980490245123,-7.226525165637437e-05,-4142.942631028146,75.65183737775163
-3938.979489744873,-7.286217722616805e-05,-4142.942631028146,75.65183737775163
-3936.9784892446223,-7.35762640241184e-05,-4142.942631028146,75.65183737775163
-3934.9774887443727,-7.439407110118045e-05,-4142.942631028146,75.65183737775163
-3932.9764882441223,-7.531155994101437e-05,-4142.942631028146,75.65183737775163
-3930.9754877438722,-7.631947471469159e-05,-4142.942631028146,75.65183737775163
-3928.974487243622,-7.74065922556541e-05,-4142.942631028146,75.65183737775163
-3926.9734867433717,-7.85690949227208e-05,-4142.942631028146,75.65183737775163
-3924.972486243122,-7.979183500951801e-05,-4142.942631028146,75.65183737775163
-3922.971485742871,-8.106711058905914e-05,-4142.942631028146,75.65183737775163
-3920.970485242621,-8.238635063139788e-05,-4142.942631028146,75.65183737775163
-3918.969484742371,-8.373738577714664e-05,-4142.942631028146,75.65183737775163
-3916.968484242121,-8.5112896009057e-05,-4142.942631028146,75.65183737775163
-3914.967483741871,-8.650208580108937e-05,-4142.942631028146,75.65183737775163
-3912.9664832416206,-8.7895800084945e-05,-4142.942631028146,75.65183737775163
-3910.965482741371,-8.928413402029707e-05,-4142.942631028146,75.65183737775163
-3908.9644822411205,-9.065882454352075e-05,-4142.942631028146,75.65183737775163
-3906.9634817408705,-9.201108106790842e-05,-4142.942631028146,75.65183737775163
-3904.9624812406205,-9.33321884101167e-05,-4142.942631028146,75.65183737775163
-3902.9614807403705,-9.461587906244128e-05,-4142.942631028146,75.65183737775163
-3900.9604802401204,-9.585291182131416e-05,-4142.942631028146,75.65183737775163
-3898.95947973987,-9.703809029104084e-05,-4142.942631028146,75.65183737775163
-3896.9584792396204,-9.816597429169239e-05,-4142.942631028146,75.65183737775163
-3894.95747873937,-9.92278419891862e-05,-4142.942631028146,75.65183737775163
-3892.95647823912,-0.00010022261387452367,-4142.942631028146,75.65183737775163
-3890.95547773887,-0.00010114387066718507,-4142.942631028146,75.65183737775163
-3888.95447723862,-0.00010198780536162462,-4142.942631028146,75.65183737775163
-3886.9534767383693,-0.0001027542191745743,-4142.942631028146,75.65183737775163
-3884.952476238119,-0.00010343620176352528,-4142.942631028146,75.65183737775163
-3882.9514757378693,-0.00010403602232767276,-4142.942631028146,75.65183737775163
-3880.950475237619,-0.00010455232514397125,-4142.942631028146,75.65183737775163
-3878.9494747373687,-0.00010498164840160616,-4142.942631028146,75.65183737775163
-3876.9484742371187,-0.00010532871453245743,-4142.942631028146,75.65183737775163
-3874.9474737368682,-0.00010559110146242825,-4142.942631028146,75.65183737775163
-3872.9464732366187,-0.00010577133138227064,-4142.942631028146,75.65183737775163
-3870.945472736368,-0.00010587366558593737,-4142.942631028146,75.65183737775163
-3868.944472236118,-0.00010589564962634317,-4142.942631028146,75.65183737775163
-3866.943471735868,-0.00010584506628175999,-4142.942631028146,75.65183737775163
-3864.942471235618,-0.00010572405024436851,-4142.942631028146,75.65183737775163
-3862.941470735368,-0.00010553490534956465,-4142.942631028146,75.65183737775163
-3860.9404702351176,-0.00010528496811303191,-4142.942631028146,75.65183737775163
-3858.939469734868,-0.00010497611352018458,-4142.942631028146,75.65183737775163
-3856.9384692346175,-0.000104614789659019,-4142.942631028146,75.65183737775163
-3854.9374687343675,-0.00010420687972624792,-4142.942631028146,75.65183737775163
-3852.936468234117,-0.00010375526774471426,-4142.942631028146,75.65183737775163
-3850.935467733867,-0.00010326813611344941,-4142.942631028146,75.65183737775163
-3848.934467233617,-0.00010275007365949147,-4142.942631028146,75.65183737775163
-3846.9334667333665,-0.00010220664541202469,-4142.942631028146,75.65183737775163
-3844.932466233117,-0.00010164442552409898,-4142.942631028146,75.65183737775163
-3842.9314657328664,-0.00010106834615899657,-4142.942631028146,75.65183737775163
-3840.9304652326164,-0.00010048462934490685,-4142.942631028146,75.65183737775163
-3838.9294647323663,-9.989872095079311e-05,-4142.942631028146,75.65183737775163
-3836.9284642321163,-9.931621304902231e-05,-4142.942631028146,75.65183737775163
-3834.9274637318663,-9.87421019658131e-05,-4142.942631028146,75.65183737775163
-3832.926463231616,-9.818170616937927e-05,-4142.942631028146,75.65183737775163
-3830.925462731366,-9.764000414346501e-05,-4142.942631028146,75.65183737775163
-3828.9244622311157,-9.712065076148976e-05,-4142.942631028146,75.65183737775163
-3826.9234617308657,-9.662947478447756e-05,-4142.942631028146,75.65183737775163
-3824.9224612306157,-9.616875153606902e-05,-4142.942631028146,75.65183737775163
-3822.9214607303657,-9.574253846218198e-05,-4142.942631028146,75.65183737775163
-3820.9204602301156,-9.535525016970518e-05,-4142.942631028146,75.65183737775163
-3818.9194597298647,-9.500766063893202e-05,-4142.942631028146,75.65183737775163
-3816.9184592296147,-9.470390274638275e-05,-4142.942631028146,75.65183737775163
-3814.9174587293646,-9.444530221179687e-05,-4142.942631028146,75.65183737775163
-3812.9164582291146,-9.423224802020728e-05,-4142.942631028146,75.65183737775163
-3810.9154577288646,-9.40690878631656e-05,-4142.942631028146,75.65183737775163
-3808.9144572286145,-9.395345467603448e-05,-4142.942631028146,75.65183737775163
-3806.913456728364,-9.388682633433358e-05,-4142.942631028146,75.65183737775163
-3804.912456228114,-9.387012951085962e-05,-4142.942631028146,75.65183737775163
-3802.911455727864,-9.390116338892901e-05,-4142.942631028146,75.65183737775163
-3800.910455227614,-9.39808473120218e-05,-4142.942631028146,75.65183737775163
-3798.909454727364,-9.410684412012208e-05,-4142.942631028146,75.65183737775163
-3796.908454227114,-9.427714900412678e-05,-4142.942631028146,75.65183737775163
-3794.907453726864,-9.449233452587654e-05,-4142.942631028146,75.65183737775163
-3792.9064532266134,-9.474764706321027e-05,-4142.942631028146,75.65183737775163
-3790.9054527263634,-9.50419424710906e-05,-4142.942631028146,75.65183737775163
-3788.9044522261133,-9.537245618532889e-05,-4142.942631028146,75.65183737775163
-3786.9034517258633,-9.573560773217256e-05,-4142.942631028146,75.65183737775163
-3784.9024512256133,-9.612973471144281e-05,-4142.942631028146,75.65183737775163
-3782.901450725363,-9.655013953064733e-05,-4142.942631028146,75.65183737775163
-3780.9004502251128,-9.699376372106532e-05,-4142.942631028146,75.65183737775163
-3778.8994497248623,-9.745811319773177e-05,-4142.942631028146,75.65183737775163
-3776.8984492246122,-9.793774396426097e-05,-4142.942631028146,75.65183737775163
-3774.897448724362,-9.84301219053324e-05,-4142.942631028146,75.65183737775163
-3772.896448224112,-9.893130872885844e-05,-4142.942631028146,75.65183737775163
-3770.895447723862,-9.943747067478995e-05,-4142.942631028146,75.65183737775163
-3768.894447223612,-9.994506584330508e-05,-4142.942631028146,75.65183737775163
-3766.8934467233616,-0.00010045042548458402,-4142.942631028146,75.65183737775163
-3764.8924462231116,-0.00010095004581320252,-4142.942631028146,75.65183737775163
-3762.8914457228616,-0.00010144028919013616,-4142.942631028146,75.65183737775163
-3760.8904452226116,-0.0001019183596182202,-4142.942631028146,75.65183737775163
-3758.8894447223615,-0.00010238053369682114,-4142.942631028146,75.65183737775163
-3756.8884442221115,-0.00010282416956273838,-4142.942631028146,75.65183737775163
-3754.8874437218615,-0.00010324703539519964,-4142.942631028146,75.65183737775163
-3752.886443221611,-0.00010364509913144155,-4142.942631028146,75.65183737775163
-3750.8854427213605,-0.00010401765057142833,-4142.942631028146,75.65183737775163
-3748.8844422211105,-0.00010436199079118113,-4142.942631028146,75.65183737775163
-3746.8834417208604,-0.00010467585024640252,-4142.942631028146,75.65183737775163
-3744.8824412206104,-0.00010495897697779624,-4142.942631028146,75.65183737775163
-3742.8814407203604,-0.00010520848108515132,-4142.942631028146,75.65183737775163
-3740.88044022011,-0.00010542449430799215,-4142.942631028146,75.65183737775163
-3738.87943971986,-0.00010560660952364715,-4142.942631028146,75.65183737775163
-3736.87843921961,-0.0001057526204146645,-4142.942631028146,75.65183737775163
-3734.87743871936,-0.00010586448107784198,-4142.942631028146,75.65183737775163
-3732.87643821911,-0.00010594111726285507,-4142.942631028146,75.65183737775163
-3730.8754377188598,-0.00010598286892332266,-4142.942631028146,75.65183737775163
-3728.8744372186097,-0.00010599156147032978,-4142.942631028146,75.65183737775163
-3726.8734367183592,-0.00010596618148221918,-4142.942631028146,75.65183737775163
-3724.872436218109,-0.00010590943469311624,-4142.942631028146,75.65183737775163
-3722.871435717859,-0.00010606983935550616,-4142.942631028146,75.65183737775163
-3720.870435217609,-0.00010606983935550616,-4142.942631028146,75.65183737775163
-3718.869434717359,-0.00010606983935550616,-4142.942631028146,75.65183737775163
-3716.868434217109,-0.00010606983935550616,-4142.942631028146,75.65183737775163
-3714.867433716858,-0.00010606983935550616,-4142.942631028146,75.65183737775163
-3712.866433216608,-0.00010606983935550616,-4142.942631028146,75.65183737775163
-3710.865432716358,-0.00010606983935550616,-4142.942631028146,75.65183737775163
-3708.864432216108,-0.00010606983935550616,-4142.942631028146,75.65183737775163
-3706.863431715858,-0.00010606983935550616,-4142.942631028146,75.65183737775163
-3704.862431215608,-0.00010606983935550616,-4142.942631028146,75.65183737775163
-3702.861430715358,-0.00010606983935550616,-4142.942631028146,75.65183737775163
-3700.8604302151075,-0.00010606983935550616,-4142.942631028146,75.65183737775163
-3698.8594297148575,-0.00010606983935550616,-4142.942631028146,75.65183737775163
-3696.8584292146074,-0.00010606983935550616,-4142.942631028146,75.65183737775163
-3694.8574287143574,-0.00010606983935550616,-4142.942631028146,75.65183737775163
-3692.8564282141074,-0.00010606983935550616,-4142.942631028146,75.65183737775163
-3690.8554277138574,-0.00010606983935550616,-4142.942631028146,75.65183737775163
-3688.854427213607,-0.00010606983935550616,-4142.942631028146,75.65183737775163
-3686.853426713357,-0.00010606983935550616,-4142.942631028146,75.65183737775163
-3684.852426213107,-0.00010606983935550616,-4142.942631028146,75.65183737775163
-3682.851425712857,-0.00010606983935550616,-4142.942631028146,75.65183737775163
-3680.8504252126063,-0.00010606983935550616,-4142.942631028146,75.65183737775163
-3678.8494247123563,-0.00010606983935550616,-4142.942631028146,75.65183737775163
-3676.8484242121062,-0.00010606983935550616,-4142.942631028146,75.65183737775163
-3674.8474237118558,-0.00010606983935550616,-4142.942631028146,75.65183737775163
-3672.8464232116057,-0.00010606983935550616,-4142.942631028146,75.65183737775163
-3670.8454227113557,-0.00010606983935550616,-4142.942631028146,75.65183737775163
-3668.8444222111057,-0.00010606983935550616,-4142.942631028146,75.65183737775163
-3666.8434217108556,-0.00010606983935550616,-4142.942631028146,75.65183737775163
-3664.8424212106056,-0.00010606983935550616,-4142.942631028146,75.65183737775163
-3662.841420710355,-0.00010606983935550616,-4142.942631028146,75.65183737775163
-3660.840420210105,-0.00010606983935550616,-4142.942631028146,75.65183737775163
-3658.839419709855,-0.00010606983935550616,-4142.942631028146,75.65183737775163
-3656.838419209605,-0.00010606983935550616,-4142.942631028146,75.65183737775163
-3654.837418709355,-0.00010606983935550616,-4142.942631028146,75.65183737775163
-3652.836418209105,-0.00010606983935550616,-4142.942631028146,75.65183737775163
-3650.835417708855,-0.00010606983935550616,-4142.942631028146,75.65183737775163
-3648.8344172086045,-0.00010606983935550616,-4142.942631028146,75.65183737775163
-3646.833416708354,-0.00010606983935550616,-4142.942631028146,75.65183737775163
-3644.832416208104,-0.00010606983935550616,-4142.942631028146,75.65183737775163
-3642.831415707854,-0.00010606983935550616,-4142.942631028146,75.65183737775163
-3640.830415207604,-0.00010606983935550616,-4142.942631028146,75.65183737775163
-3638.829414707354,-0.00010606983935550616,-4142.942631028146,75.65183737775163
-3636.8284142071034,-0.00010606983935550616,-4142.942631028146,75.65183737775163
-3634.8274137068533,-0.00010606983935550616,-4142.942631028146,75.65183737775163
-3632.8264132066033,-0.00010606983935550616,-4142.942631028146,75.65183737775163
-3630.8254127063533,-0.00010606983935550616,-4142.942631028146,75.65183737775163
-3628.8244122061033,-0.00010606983935550616,-4142.942631028146,75.65183737775163
-3626.8234117058532,-0.00010606983935550616,-4142.942631028146,75.65183737775163
-3624.822411205603,-0.00010606983935550616,-4142.942631028146,75.65183737775163
-3622.8214107053527,-0.00010606983935550616,-4142.942631028146,75.65183737775163
-3620.8204102051027,-0.00010606983935550616,-4142.942631028146,75.65183737775163
-3618.8194097048527,-0.00010606983935550616,-4142.942631028146,75.65183737775163
-3616.8184092046026,-0.00010606983935550616,-4142.942631028146,75.65183737775163
-3614.8174087043526,-0.00010606983935550616,-4142.942631028146,75.65183737775163
-3612.8164082041026,-0.00010606983935550616,-4142.942631028146,75.65183737775163
-3610.8154077038516,-0.00010606983935550616,-4142.942631028146,75.65183737775163
-3608.8144072036016,-0.00010606983935550616,-4142.942631028146,75.65183737775163
-3606.8134067033516,-0.00010606983935550616,-4142.942631028146,75.65183737775163
-3604.8124062031015,-0.00010606983935550616,-4142.942631028146,75.65183737775163
-3602.8114057028515,-0.00010606983935550616,-4142.942631028146,75.65183737775163
-3600.8104052026015,-0.00010606983935550616,-4142.942631028146,75.65183737775163
-3598.8094047023515,-0.00010606983935550616,-4142.942631028146,75.65183737775163
-3596.808404202101,-0.00010606983935550616,-4142.942631028146,75.65183737775163
-3594.807403701851,-0.00010606983935550616,-4142.942631028146,75.65183737775163
-3592.806403201601,-0.00010606983935550616,-4142.942631028146,75.65183737775163
-3590.805402701351,-0.00010606983935550616,-4142.942631028146,75.65183737775163
-3588.804402201101,-0.00010606983935550616,-4142.942631028146,75.65183737775163
-3586.803401700851,-0.00010606983935550616,-4142.942631028146,75.65183737775163
-3584.8024012006003,-0.00010606983935550616,-4142.942631028146,75.65183737775163
-3582.8014007003503,-0.00010606983935550616,-4142.942631028146,75.65183737775163
-3580.8004002001003,-0.00010606983935550616,-4142.942631028146,75.65183737775163
-3578.7993996998503,-0.00010606983935550616,-4142.942631028146,75.65183737775163
-3576.7983991995998,-0.00010606983935550616,-4142.942631028146,75.65183737775163
-3574.7973986993497,-0.00010606983935550616,-4142.942631028146,75.65183737775163
-3572.7963981990997,-0.00010606983935550616,-4142.942631028146,75.65183737775163
-3570.7953976988492,-0.00010606983935550616,-4142.942631028146,75.65183737775163
-3568.794397198599,-0.00010606983935550616,-4142.942631028146,75.65183737775163
-3566.793396698349,-0.00010606983935550616,-4142.942631028146,75.65183737775163
-3564.792396198099,-0.00010606983935550616,-4142.942631028146,75.65183737775163
-3562.791395697849,-0.00010606983935550616,-4142.942631028146,75.65183737775163
-3560.790395197599,-0.00010606983935550616,-4142.942631028146,75.65183737775163
-3558.7893946973486,-0.00010606983935550616,-4142.942631028146,75.65183737775163
-3556.7883941970986,-0.00010606983935550616,-4142.942631028146,75.65183737775163
-3554.7873936968485,-0.00010606983935550616,-4142.942631028146,75.65183737775163
-3552.7863931965985,-0.00010606983935550616,-4142.942631028146,75.65183737775163
-3550.7853926963485,-0.00010606983935550616,-4142.942631028146,75.65183737775163
-3548.7843921960985,-0.00010606983935550616,-4142.942631028146,75.65183737775163
-3546.7833916958484,-0.00010606983935550616,-4142.942631028146,75.65183737775163
-3544.782391195598,-0.00010606983935550616,-4142.942631028146,75.65183737775163
-3542.7813906953475,-0.00010606983935550616,-4142.942631028146,75.65183737775163
-3540.7803901950974,-0.00010606983935550616,-4142.942631028146,75.65183737775163
-3538.7793896948474,-0.00010606983935550616,-4142.942631028146,75.65183737775163
-3536.7783891945974,-0.00010606983935550616,-4142.942631028146,75.65183737775163
-3534.7773886943473,-0.00010606983935550616,-4142.942631028146,75.65183737775163
-3532.776388194097,-0.00010606983935550616,-4142.942631028146,75.65183737775163
-3530.775387693847,-0.00010606983935550616,-4142.942631028146,75.65183737775163
-3528.774387193597,-0.00010606983935550616,-4142.942631028146,75.65183737775163
-3526.7733866933468,-0.00010606983935550616,-4142.942631028146,75.65183737775163
-3524.7723861930967,-0.00010606983935550616,-4142.942631028146,75.65183737775163
-3522.7713856928467,-0.00010606983935550616,-4142.942631028146,75.65183737775163
-3520.7703851925967,-0.00010606983935550616,-4142.942631028146,75.65183737775163
-3518.769384692346,-0.00010606983935550616,-4142.942631028146,75.65183737775163
-3516.768384192096,-0.00010606983935550616,-4142.942631028146,75.65183737775163
-3514.767383691846,-0.00010606983935550616,-4142.942631028146,75.65183737775163
-3512.766383191596,-0.00010606983935550616,-4142.942631028146,75.65183737775163
-3510.765382691346,-0.00010606983935550616,-4142.942631028146,75.65183737775163
-3508.764382191096,-0.00010606983935550616,-4142.942631028146,75.65183737775163
-3506.763381690845,-0.00010606983935550616,-4142.942631028146,75.65183737775163
-3504.762381190595,-0.00010606983935550616,-4142.942631028146,75.65183737775163
-3502.761380690345,-0.00010606983935550616,-4142.942631028146,75.65183737775163
-3500.760380190095,-0.00010606983935550616,-4142.942631028146,75.65183737775163
-3498.759379689845,-0.00010606983935550616,-4142.942631028146,75.65183737775163
-3496.758379189595,-0.00010606983935550616,-4142.942631028146,75.65183737775163
-3494.757378689345,-0.00010606983935550616,-4142.942631028146,75.65183737775163
-3492.7563781890944,-0.00010606983935550616,-4142.942631028146,75.65183737775163
-3490.7553776888444,-0.00010606983935550616,-4142.942631028146,75.65183737775163
-3488.7543771885944,-0.00010606983935550616,-4142.942631028146,75.65183737775163
-3486.7533766883444,-0.00010606983935550616,-4142.942631028146,75.65183737775163
-3484.7523761880943,-0.00010606983935550616,-4142.942631028146,75.65183737775163
-3482.7513756878443,-0.00010606983935550616,-4142.942631028146,75.65183737775163
-3480.7503751875943,-0.00010606983935550616,-4142.942631028146,75.65183737775163
-3478.749374687344,-0.00010606983935550616,-4142.942631028146,75.65183737775163
-3476.7483741870938,-0.00010606983935550616,-4142.942631028146,75.65183737775163
-3474.7473736868437,-0.00010606983935550616,-4142.942631028146,75.65183737775163
-3472.7463731865932,-0.00010606983935550616,-4142.942631028146,75.65183737775163
-3470.745372686343,-0.00010606983935550616,-4142.942631028146,75.65183737775163
-3468.744372186093,-0.00010606983935550616,-4142.942631028146,75.65183737775163
-3466.7433716858427,-0.00010606983935550616,-4142.942631028146,75.65183737775163
-3464.7423711855927,-0.00010606983935550616,-4142.942631028146,75.65183737775163
-3462.7413706853426,-0.00010606983935550616,-4142.942631028146,75.65183737775163
-3460.7403701850926,-0.00010606983935550616,-4142.942631028146,75.65183737775163
-3458.7393696848426,-0.00010606983935550616,-4142.942631028146,75.65183737775163
-3456.7383691845926,-0.00010606983935550616,-4142.942631028146,75.65183737775163
-3454.7373686843425,-0.00010606983935550616,-4142.942631028146,75.65183737775163
-3452.736368184092,-0.00010606983935550616,-4142.942631028146,75.65183737775163
-3450.735367683842,-0.00010606983935550616,-4142.942631028146,75.65183737775163
-3448.734367183592,-0.00010606983935550616,-4142.942631028146,75.65183737775163
-3446.733366683342,-0.00010606983935550616,-4142.942631028146,75.65183737775163
-3444.732366183092,-0.00010606983935550616,-4142.942631028146,75.65183737775163
-3442.731365682842,-0.00010606983935550616,-4142.942631028146,75.65183737775163
-3440.7303651825914,-0.00010606983935550616,-4142.942631028146,75.65183737775163
-3438.729364682341,-0.00010606983935550616,-4142.942631028146,75.65183737775163
-3436.728364182091,-0.00010606983935550616,-4142.942631028146,75.65183737775163
-3434.727363681841,-0.00010606983935550616,-4142.942631028146,75.65183737775163
-3432.726363181591,-0.00010606983935550616,-4142.942631028146,75.65183737775163
-3430.725362681341,-0.00010606983935550616,-4142.942631028146,75.65183737775163
-3428.724362181091,-0.00010606983935550616,-4142.942631028146,75.65183737775163
-3426.7233616808403,-0.00010606983935550616,-4142.942631028146,75.65183737775163
-3424.7223611805903,-0.00010606983935550616,-4142.942631028146,75.65183737775163
-3422.7213606803402,-0.00010606983935550616,-4142.942631028146,75.65183737775163
-3420.72036018009,-0.00010606983935550616,-4142.942631028146,75.65183737775163
-3418.71935967984,-0.00010606983935550616,-4142.942631028146,75.65183737775163
-3416.71835917959,-0.00010606983935550616,-4142.942631028146,75.65183737775163
-3414.7173586793397,-0.00010606983935550616,-4142.942631028146,75.65183737775163
-3412.7163581790896,-0.00010606983935550616,-4142.942631028146,75.65183737775163
-3410.7153576788396,-0.00010606983935550616,-4142.942631028146,75.65183737775163
-3408.7143571785896,-0.00010606983935550616,-4142.942631028146,75.65183737775163
-3406.7133566783396,-0.00010606983935550616,-4142.942631028146,75.65183737775163
-3404.7123561780895,-0.00010606983935550616,-4142.942631028146,75.65183737775163
-3402.711355677839,-0.00010606983935550616,-4142.942631028146,75.65183737775163
-3400.7103551775886,-0.00010606983935550616,-4142.942631028146,75.65183737775163
-3398.7093546773385,-0.00010606983935550616,-4142.942631028146,75.65183737775163
-3396.7083541770885,-0.00010606983935550616,-4142.942631028146,75.65183737775163
-3394.7073536768385,-0.00010606983935550616,-4142.942631028146,75.65183737775163
-3392.7063531765884,-0.00010606983935550616,-4142.942631028146,75.65183737775163
-3390.7053526763384,-0.00010606983935550616,-4142.942631028146,75.65183737775163
-3388.704352176088,-0.00010606983935550616,-4142.942631028146,75.65183737775163
-3386.703351675838,-0.00010606983935550616,-4142.942631028146,75.65183737775163
-3384.702351175588,-0.00010606983935550616,-4142.942631028146,75.65183737775163
-3382.701350675338,-0.00010606983935550616,-4142.942631028146,75.65183737775163
-3380.700350175088,-0.00010606983935550616,-4142.942631028146,75.65183737775163
-3378.699349674838,-0.00010606983935550616,-4142.942631028146,75.65183737775163
-3376.6983491745877,-0.00010606983935550616,-4142.942631028146,75.65183737775163
-3374.6973486743373,-0.00010606983935550616,-4142.942631028146,75.65183737775163
-3372.6963481740872,-0.00010606983935550616,-4142.942631028146,75.65183737775163
-3370.695347673837,-0.00010606983935550616,-4142.942631028146,75.65183737775163
-3368.6943471735867,-0.00010606983935550616,-4142.942631028146,75.65183737775163
-3366.6933466733367,-0.00010606983935550616,-4142.942631028146,75.65183737775163
-3364.6923461730867,-0.00010606983935550616,-4142.942631028146,75.65183737775163
-3362.691345672836,-0.00010606983935550616,-4142.942631028146,75.65183737775163
-3360.690345172586,-0.00010606983935550616,-4142.942631028146,75.65183737775163
-3358.689344672336,-0.00010606983935550616,-4142.942631028146,75.65183737775163
-3356.688344172086,-0.00010606983935550616,-4142.942631028146,75.65183737775163
-3354.687343671836,-0.00010606983935550616,-4142.942631028146,75.65183737775163
-3352.686343171586,-0.00010606983935550616,-4142.942631028146,75.65183737775163
-3350.685342671336,-0.00010606983935550616,-4142.942631028146,75.65183737775163
-3348.6843421710855,-0.00010606983935550616,-4142.942631028146,75.65183737775163
-3346.6833416708355,-0.00010606983935550616,-4142.942631028146,75.65183737775163
-3344.6823411705855,-0.00010606983935550616,-4142.942631028146,75.65183737775163
-3342.6813406703354,-0.00010606983935550616,-4142.942631028146,75.65183737775163
-3340.6803401700854,-0.00010606983935550616,-4142.942631028146,75.65183737775163
-3338.6793396698354,-0.00010606983935550616,-4142.942631028146,75.65183737775163
-3336.678339169585,-0.00010606983935550616,-4142.942631028146,75.65183737775163
-3334.6773386693344,-0.00010606983935550616,-4142.942631028146,75.65183737775163
-3332.6763381690844,-0.00010606983935550616,-4142.942631028146,75.65183737775163
-3330.6753376688343,-0.00010606983935550616,-4142.942631028146,75.65183737775163
-3328.6743371685843,-0.00010606983935550616,-4142.942631028146,75.65183737775163
-3326.6733366683343,-0.00010606983935550616,-4142.942631028146,75.65183737775163
-3324.6723361680843,-0.00010606983935550616,-4142.942631028146,75.65183737775163
-3322.671335667834,-0.00010606983935550616,-4142.942631028146,75.65183737775163
-3320.6703351675837,-0.00010606983935550616,-4142.942631028146,75.65183737775163
-3318.6693346673337,-0.00010606983935550616,-4142.942631028146,75.65183737775163
-3316.6683341670837,-0.00010606983935550616,-4142.942631028146,75.65183737775163
-3314.6673336668337,-0.00010606983935550616,-4142.942631028146,75.65183737775163
-3312.6663331665836,-0.00010606983935550616,-4142.942631028146,75.65183737775163
-3310.665332666333,-0.00010606983935550616,-4142.942631028146,75.65183737775163
-3308.664332166083,-0.00010606983935550616,-4142.942631028146,75.65183737775163
-3306.663331665833,-0.00010606983935550616,-4142.942631028146,75.65183737775163
-3304.662331165583,-0.00010606983935550616,-4142.942631028146,75.65183737775163
-3302.661330665333,-0.00010606983935550616,-4142.942631028146,75.65183737775163
-3300.660330165083,-0.00010606983935550616,-4142.942631028146,75.65183737775163
-3298.6593296648325,-0.00010606983935550616,-4142.942631028146,75.65183737775163
-3296.658329164582,-0.00010606983935550616,-4142.942631028146,75.65183737775163
-3294.657328664332,-0.00010606983935550616,-4142.942631028146,75.65183737775163
-3292.656328164082,-0.00010606983935550616,-4142.942631028146,75.65183737775163
-3290.655327663832,-0.00010606983935550616,-4142.942631028146,75.65183737775163
-3288.654327163582,-0.00010606983935550616,-4142.942631028146,75.65183737775163
-3286.653326663332,-0.00010606983935550616,-4142.942631028146,75.65183737775163
-3284.6523261630814,-0.00010606983935550616,-4142.942631028146,75.65183737775163
-3282.6513256628314,-0.00010606983935550616,-4142.942631028146,75.65183737775163
-3280.6503251625813,-0.00010606983935550616,-4142.942631028146,75.65183737775163
-3278.6493246623313,-0.00010606983935550616,-4142.942631028146,75.65183737775163
-3276.6483241620813,-0.00010606983935550616,-4142.942631028146,75.65183737775163
-3274.6473236618313,-0.00010606983935550616,-4142.942631028146,75.65183737775163
-3272.646323161581,-0.00010606983935550616,-4142.942631028146,75.65183737775163
-3270.6453226613307,-0.00010606983935550616,-4142.942631028146,75.65183737775163
-3268.6443221610807,-0.00010606983935550616,-4142.942631028146,75.65183737775163
-3266.6433216608307,-0.00010606983935550616,-4142.942631028146,75.65183737775163
-3264.64232116058,-0.00010606983935550616,-4142.942631028146,75.65183737775163
-3262.64132066033,-0.00010606983935550616,-4142.942631028146,75.65183737775163
-3260.64032016008,-0.00010606983935550616,-4142.942631028146,75.65183737775163
-3258.6393196598297,-0.00010606983935550616,-4142.942631028146,75.65183737775163
-3256.6383191595796,-0.00010606983935550616,-4142.942631028146,75.65183737775163
-3254.6373186593296,-0.00010606983935550616,-4142.942631028146,75.65183737775163
-3252.6363181590796,-0.00010606983935550616,-4142.942631028146,75.65183737775163
-3250.6353176588295,-0.00010606983935550616,-4142.942631028146,75.65183737775163
-3248.6343171585795,-0.00010606983935550616,-4142.942631028146,75.65183737775163
-3246.6333166583295,-0.00010606983935550616,-4142.942631028146,75.65183737775163
-3244.632316158079,-0.00010606983935550616,-4142.942631028146,75.65183737775163
-3242.631315657829,-0.00010606983935550616,-4142.942631028146,75.65183737775163
-3240.630315157579,-0.00010606983935550616,-4142.942631028146,75.65183737775163
-3238.629314657329,-0.00010606983935550616,-4142.942631028146,75.65183737775163
-3236.628314157079,-0.00010606983935550616,-4142.942631028146,75.65183737775163
-3234.627313656829,-0.00010606983935550616,-4142.942631028146,75.65183737775163
-3232.6263131565784,-0.00010606983935550616,-4142.942631028146,75.65183737775163
-3230.625312656328,-0.00010606983935550616,-4142.942631028146,75.65183737775163
-3228.624312156078,-0.00010606983935550616,-4142.942631028146,75.65183737775163
-3226.623311655828,-0.00010606983935550616,-4142.942631028146,75.65183737775163
-3224.622311155578,-0.00010606983935550616,-4142.942631028146,75.65183737775163
-3222.6213106553278,-0.00010606983935550616,-4142.942631028146,75.65183737775163
-3220.6203101550777,-0.00010606983935550616,-4142.942631028146,75.65183737775163
-3218.6193096548272,-0.00010606983935550616,-4142.942631028146,75.65183737775163
-3216.618309154577,-0.00010606983935550616,-4142.942631028146,75.65183737775163
-3214.617308654327,-0.00010606983935550616,-4142.942631028146,75.65183737775163
-3212.616308154077,-0.00010606983935550616,-4142.942631028146,75.65183737775163
-3210.615307653827,-0.00010606983935550616,-4142.942631028146,75.65183737775163
-3208.614307153577,-0.00010606983935550616,-4142.942631028146,75.65183737775163
-3206.6133066533266,-0.00010606983935550616,-4142.942631028146,75.65183737775163
-3204.6123061530766,-0.00010606983935550616,-4142.942631028146,75.65183737775163
-3202.6113056528266,-0.00010606983935550616,-4142.942631028146,75.65183737775163
-3200.6103051525765,-0.00010606983935550616,-4142.942631028146,75.65183737775163
-3198.6093046523265,-0.00010606983935550616,-4142.942631028146,75.65183737775163
-3196.608304152076,-0.00010606983935550616,-4142.942631028146,75.65183737775163
-3194.607303651826,-0.00010606983935550616,-4142.942631028146,75.65183737775163
-3192.6063031515755,-0.00010606983935550616,-4142.942631028146,75.65183737775163
-3190.6053026513255,-0.00010606983935550616,-4142.942631028146,75.65183737775163
-3188.6043021510754,-0.00010606983935550616,-4142.942631028146,75.65183737775163
-3186.6033016508254,-0.00010606983935550616,-4142.942631028146,75.65183737775163
-3184.6023011505754,-0.00010606983935550616,-4142.942631028146,75.65183737775163
-3182.6013006503254,-0.00010606983935550616,-4142.942631028146,75.65183737775163
-3180.6003001500753,-0.00010606983935550616,-4142.942631028146,75.65183737775163
-3178.599299649825,-0.00010606983935550616,-4142.942631028146,75.65183737775163
-3176.598299149575,-0.00010606983935550616,-4142.942631028146,75.65183737775163
-3174.597298649325,-0.00010606983935550616,-4142.942631028146,75.65183737775163
-3172.5962981490748,-0.00010606983935550616,-4142.942631028146,75.65183737775163
-3170.5952976488247,-0.00010606983935550616,-4142.942631028146,75.65183737775163
-3168.5942971485747,-0.00010606983935550616,-4142.942631028146,75.65183737775163
-3166.593296648324,-0.00010606983935550616,-4142.942631028146,75.65183737775163
-3164.592296148074,-0.00010606983935550616,-4142.942631028146,75.65183737775163
-3162.5912956478237,-0.00010606983935550616,-4142.942631028146,75.65183737775163
-3160.5902951475737,-0.00010606983935550616,-4142.942631028146,75.65183737775163
-3158.5892946473236,-0.00010606983935550616,-4142.942631028146,75.65183737775163
-3156.5882941470736,-0.00010606983935550616,-4142.942631028146,75.65183737775163
-3154.5872936468236,-0.00010606983935550616,-4142.942631028146,75.65183737775163
-3152.586293146573,-0.00010606983935550616,-4142.942631028146,75.65183737775163
-3150.585292646323,-0.00010606983935550616,-4142.942631028146,75.65183737775163
-3148.584292146073,-0.00010606983935550616,-4142.942631028146,75.65183737775163
-3146.583291645823,-0.00010606983935550616,-4142.942631028146,75.65183737775163
-3144.582291145573,-0.00010606983935550616,-4142.942631028146,75.65183737775163
-3142.581290645323,-0.00010606983935550616,-4142.942631028146,75.65183737775163
-3140.5802901450725,-0.00010606983935550616,-4142.942631028146,75.65183737775163
-3138.5792896448224,-0.00010606983935550616,-4142.942631028146,75.65183737775163
-3136.5782891445724,-0.00010606983935550616,-4142.942631028146,75.65183737775163
-3134.5772886443224,-0.00010606983935550616,-4142.942631028146,75.65183737775163
-3132.5762881440724,-0.00010606983935550616,-4142.942631028146,75.65183737775163
-3130.5752876438223,-0.00010606983935550616,-4142.942631028146,75.65183737775163
-3128.5742871435723,-0.00010606983935550616,-4142.942631028146,75.65183737775163
-3126.5732866433214,-0.00010606983935550616,-4142.942631028146,75.65183737775163
-3124.5722861430713,-0.00010606983935550616,-4142.942631028146,75.65183737775163
-3122.5712856428213,-0.00010606983935550616,-4142.942631028146,75.65183737775163
-3120.5702851425713,-0.00010606983935550616,-4142.942631028146,75.65183737775163
-3118.5692846423212,-0.00010606983935550616,-4142.942631028146,75.65183737775163
-3116.568284142071,-0.00010606983935550616,-4142.942631028146,75.65183737775163
-3114.5672836418207,-0.00010606983935550616,-4142.942631028146,75.65183737775163
-3112.5662831415707,-0.00010606983935550616,-4142.942631028146,75.65183737775163
-3110.5652826413207,-0.00010606983935550616,-4142.942631028146,75.65183737775163
-3108.5642821410706,-0.00010606983935550616,-4142.942631028146,75.65183737775163
-3106.5632816408206,-0.00010606983935550616,-4142.942631028146,75.65183737775163
-3104.5622811405706,-0.00010606983935550616,-4142.942631028146,75.65183737775163
-3102.5612806403205,-0.00010606983935550616,-4142.942631028146,75.65183737775163
-3100.56028014007,-0.00010606983935550616,-4142.942631028146,75.65183737775163
-3098.55927963982,-0.00010606983935550616,-4142.942631028146,75.65183737775163
-3096.55827913957,-0.00010606983935550616,-4142.942631028146,75.65183737775163
-3094.55727863932,-0.00010606983935550616,-4142.942631028146,75.65183737775163
-3092.5562781390695,-0.00010606983935550616,-4142.942631028146,75.65183737775163
-3090.5552776388195,-0.00010606983935550616,-4142.942631028146,75.65183737775163
-3088.554277138569,-0.00010606983935550616,-4142.942631028146,75.65183737775163
-3086.553276638319,-0.00010606983935550616,-4142.942631028146,75.65183737775163
-3084.552276138069,-0.00010606983935550616,-4142.942631028146,75.65183737775163
-3082.551275637819,-0.00010606983935550616,-4142.942631028146,75.65183737775163
-3080.550275137569,-0.00010606983935550616,-4142.942631028146,75.65183737775163
-3078.549274637319,-0.00010606983935550616,-4142.942631028146,75.65183737775163
-3076.548274137069,-0.00010606983935550616,-4142.942631028146,75.65183737775163
-3074.5472736368183,-0.00010606983935550616,-4142.942631028146,75.65183737775163
-3072.5462731365683,-0.00010606983935550616,-4142.942631028146,75.65183737775163
-3070.5452726363183,-0.00010606983935550616,-4142.942631028146,75.65183737775163
-3068.5442721360682,-0.00010606983935550616,-4142.942631028146,75.65183737775163
-3066.543271635818,-0.00010606983935550616,-4142.942631028146,75.65183737775163
-3064.542271135568,-0.00010606983935550616,-4142.942631028146,75.65183737775163
-3062.5412706353177,-0.00010606983935550616,-4142.942631028146,75.65183737775163
-3060.5402701350677,-0.00010606983935550616,-4142.942631028146,75.65183737775163
-3058.539269634817,-0.00010606983935550616,-4142.942631028146,75.65183737775163
-3056.538269134567,-0.00010606983935550616,-4142.942631028146,75.65183737775163
-3054.537268634317,-0.00010606983935550616,-4142.942631028146,75.65183737775163
-3052.536268134067,-0.00010606983935550616,-4142.942631028146,75.65183737775163
-3050.535267633817,-0.00010606983935550616,-4142.942631028146,75.65183737775163
-3048.5342671335666,-0.00010606983935550616,-4142.942631028146,75.65183737775163
-3046.5332666333165,-0.00010606983935550616,-4142.942631028146,75.65183737775163
-3044.5322661330665,-0.00010606983935550616,-4142.942631028146,75.65183737775163
-3042.5312656328165,-0.00010606983935550616,-4142.942631028146,75.65183737775163
-3040.5302651325665,-0.00010606983935550616,-4142.942631028146,75.65183737775163
-3038.5292646323164,-0.00010606983935550616,-4142.942631028146,75.65183737775163
-3036.528264132066,-0.00010606983935550616,-4142.942631028146,75.65183737775163
-3034.527263631816,-0.00010606983935550616,-4142.942631028146,75.65183737775163
-3032.526263131566,-0.00010606983935550616,-4142.942631028146,75.65183737775163
-3030.525262631316,-0.00010606983935550616,-4142.942631028146,75.65183737775163
-3028.524262131066,-0.00010606983935550616,-4142.942631028146,75.65183737775163
-3026.523261630816,-0.00010606983935550616,-4142.942631028146,75.65183737775163
-3024.5222611305658,-0.00010606983935550616,-4142.942631028146,75.65183737775163
-3022.521260630315,-0.00010606983935550616,-4142.942631028146,75.65183737775163
-3020.520260130065,-0.00010606983935550616,-4142.942631028146,75.65183737775163
-3018.5192596298148,-0.00010606983935550616,-4142.942631028146,75.65183737775163
-3016.5182591295647,-0.00010606983935550616,-4142.942631028146,75.65183737775163
-3014.5172586293147,-0.00010606983935550616,-4142.942631028146,75.65183737775163
-3012.5162581290647,-0.00010606983935550616,-4142.942631028146,75.65183737775163
-3010.515257628814,-0.00010606983935550616,-4142.942631028146,75.65183737775163
-3008.514257128564,-0.00010606983935550616,-4142.942631028146,75.65183737775163
-3006.513256628314,-0.00010606983935550616,-4142.942631028146,75.65183737775163
-3004.512256128064,-0.00010606983935550616,-4142.942631028146,75.65183737775163
-3002.511255627814,-0.00010606983935550616,-4142.942631028146,75.65183737775163
-3000.510255127564,-0.00010606983935550616,-4142.942631028146,75.65183737775163
-2998.509254627314,-0.00010606983935550616,-4142.942631028146,75.65183737775163
-2996.5082541270635,-0.00010606983935550616,-4142.942631028146,75.65183737775163
-2994.5072536268135,-0.00010606983935550616,-4142.942631028146,75.65183737775163
-2992.5062531265635,-0.00010606983935550616,-4142.942631028146,75.65183737775163
-2990.5052526263134,-0.00010606983935550616,-4142.942631028146,75.65183737775163
-2988.504252126063,-0.00010606983935550616,-4142.942631028146,75.65183737775163
-2986.503251625813,-0.00010606983935550616,-4142.942631028146,75.65183737775163
-2984.5022511255625,-0.00010606983935550616,-4142.942631028146,75.65183737775163
-2982.5012506253124,-0.00010606983935550616,-4142.942631028146,75.65183737775163
-2980.5002501250624,-0.00010606983935550616,-4142.942631028146,75.65183737775163
-2978.4992496248124,-0.00010606983935550616,-4142.942631028146,75.65183737775163
-2976.4982491245623,-0.00010606983935550616,-4142.942631028146,75.65183737775163
-2974.4972486243123,-0.00010606983935550616,-4142.942631028146,75.65183737775163
-2972.4962481240623,-0.00010606983935550616,-4142.942631028146,75.65183737775163
-2970.495247623812,-0.00010606983935550616,-4142.942631028146,75.65183737775163
-2968.4942471235618,-0.00010606983935550616,-4142.942631028146,75.65183737775163
-2966.4932466233117,-0.00010606983935550616,-4142.942631028146,75.65183737775163
-2964.4922461230617,-0.00010606983935550616,-4142.942631028146,75.65183737775163
-2962.4912456228117,-0.00010606983935550616,-4142.942631028146,75.65183737775163
-2960.4902451225616,-0.00010606983935550616,-4142.942631028146,75.65183737775163
-2958.489244622311,-0.00010606983935550616,-4142.942631028146,75.65183737775163
-2956.488244122061,-0.00010606983935550616,-4142.942631028146,75.65183737775163
-2954.4872436218106,-0.00010606983935550616,-4142.942631028146,75.65183737775163
-2952.4862431215606,-0.00010606983935550616,-4142.942631028146,75.65183737775163
-2950.4852426213106,-0.00010606983935550616,-4142.942631028146,75.65183737775163
-2948.4842421210606,-0.00010606983935550616,-4142.942631028146,75.65183737775163
-2946.4832416208105,-0.00010606983935550616,-4142.942631028146,75.65183737775163
-2944.48224112056,-0.00010606983935550616,-4142.942631028146,75.65183737775163
-2942.48124062031,-0.00010606983935550616,-4142.942631028146,75.65183737775163
-2940.48024012006,-0.00010606983935550616,-4142.942631028146,75.65183737775163
-2938.47923961981,-0.00010606983935550616,-4142.942631028146,75.65183737775163
-2936.47823911956,-0.00010606983935550616,-4142.942631028146,75.65183737775163
-2934.47723861931,-0.00010606983935550616,-4142.942631028146,75.65183737775163
-2932.4762381190594,-0.00010606983935550616,-4142.942631028146,75.65183737775163
-2930.4752376188094,-0.00010606983935550616,-4142.942631028146,75.65183737775163
-2928.4742371185594,-0.00010606983935550616,-4142.942631028146,75.65183737775163
-2926.4732366183093,-0.00010606983935550616,-4142.942631028146,75.65183737775163
-2924.4722361180593,-0.00010606983935550616,-4142.942631028146,75.65183737775163
-2922.4712356178093,-0.00010606983935550616,-4142.942631028146,75.65183737775163
-2920.4702351175592,-0.00010606983935550616,-4142.942631028146,75.65183737775163
-2918.4692346173083,-0.00010606983935550616,-4142.942631028146,75.65183737775163
-2916.4682341170583,-0.00010606983935550616,-4142.942631028146,75.65183737775163
-2914.4672336168082,-0.00010606983935550616,-4142.942631028146,75.65183737775163
-2912.466233116558,-0.00010606983935550616,-4142.942631028146,75.65183737775163
-2910.465232616308,-0.00010606983935550616,-4142.942631028146,75.65183737775163
-2908.464232116058,-0.00010606983935550616,-4142.942631028146,75.65183737775163
-2906.4632316158077,-0.00010606983935550616,-4142.942631028146,75.65183737775163
-2904.4622311155576,-0.00010606983935550616,-4142.942631028146,75.65183737775163
-2902.4612306153076,-0.00010606983935550616,-4142.942631028146,75.65183737775163
-2900.4602301150576,-0.00010606983935550616,-4142.942631028146,75.65183737775163
-2898.4592296148076,-0.00010606983935550616,-4142.942631028146,75.65183737775163
-2896.4582291145575,-0.00010606983935550616,-4142.942631028146,75.65183737775163
-2894.4572286143075,-0.00010606983935550616,-4142.942631028146,75.65183737775163
-2892.456228114057,-0.00010606983935550616,-4142.942631028146,75.65183737775163
-2890.455227613807,-0.00010606983935550616,-4142.942631028146,75.65183737775163
-2888.454227113557,-0.00010606983935550616,-4142.942631028146,75.65183737775163
-2886.453226613307,-0.00010606983935550616,-4142.942631028146,75.65183737775163
-2884.4522261130564,-0.00010606983935550616,-4142.942631028146,75.65183737775163
-2882.4512256128064,-0.00010606983935550616,-4142.942631028146,75.65183737775163
-2880.4502251125564,-0.00010606983935550616,-4142.942631028146,75.65183737775163
-2878.449224612306,-0.00010606983935550616,-4142.942631028146,75.65183737775163
-2876.448224112056,-0.00010606983935550616,-4142.942631028146,75.65183737775163
-2874.447223611806,-0.00010606983935550616,-4142.942631028146,75.65183737775163
-2872.446223111556,-0.00010606983935550616,-4142.942631028146,75.65183737775163
-2870.445222611306,-0.00010606983935550616,-4142.942631028146,75.65183737775163
-2868.4442221110558,-0.00010606983935550616,-4142.942631028146,75.65183737775163
-2866.4432216108053,-0.00010606983935550616,-4142.942631028146,75.65183737775163
-2864.4422211105552,-0.00010606983935550616,-4142.942631028146,75.65183737775163
-2862.441220610305,-0.00010606983935550616,-4142.942631028146,75.65183737775163
-2860.440220110055,-0.00010606983935550616,-4142.942631028146,75.65183737775163
-2858.439219609805,-0.00010606983935550616,-4142.942631028146,75.65183737775163
-2856.438219109555,-0.00010606983935550616,-4142.942631028146,75.65183737775163
-2854.437218609305,-0.00010606983935550616,-4142.942631028146,75.65183737775163
-2852.4362181090546,-0.00010606983935550616,-4142.942631028146,75.65183737775163
-2850.435217608804,-0.00010606983935550616,-4142.942631028146,75.65183737775163
-2848.434217108554,-0.00010606983935550616,-4142.942631028146,75.65183737775163
-2846.433216608304,-0.00010606983935550616,-4142.942631028146,75.65183737775163
-2844.432216108054,-0.00010606983935550616,-4142.942631028146,75.65183737775163
-2842.431215607804,-0.00010606983935550616,-4142.942631028146,75.65183737775163
-2840.4302151075535,-0.00010606983935550616,-4142.942631028146,75.65183737775163
-2838.4292146073035,-0.00010606983935550616,-4142.942631028146,75.65183737775163
-2836.4282141070535,-0.00010606983935550616,-4142.942631028146,75.65183737775163
-2834.4272136068034,-0.00010606983935550616,-4142.942631028146,75.65183737775163
-2832.4262131065534,-0.00010606983935550616,-4142.942631028146,75.65183737775163
-2830.4252126063034,-0.00010606983935550616,-4142.942631028146,75.65183737775163
-2828.4242121060533,-0.00010606983935550616,-4142.942631028146,75.65183737775163
-2826.423211605803,-0.00010606983935550616,-4142.942631028146,75.65183737775163
-2824.422211105553,-0.00010606983935550616,-4142.942631028146,75.65183737775163
-2822.421210605303,-0.00010606983935550616,-4142.942631028146,75.65183737775163
-2820.420210105053,-0.00010606983935550616,-4142.942631028146,75.65183737775163
-2818.4192096048027,-0.00010606983935550616,-4142.942631028146,75.65183737775163
-2816.4182091045527,-0.00010606983935550616,-4142.942631028146,75.65183737775163
-2814.417208604302,-0.00010606983935550616,-4142.942631028146,75.65183737775163
-2812.4162081040517,-0.00010606983935550616,-4142.942631028146,75.65183737775163
-2810.4152076038017,-0.00010606983935550616,-4142.942631028146,75.65183737775163
-2808.4142071035517,-0.00010606983935550616,-4142.942631028146,75.65183737775163
-2806.4132066033017,-0.00010606983935550616,-4142.942631028146,75.65183737775163
-2804.4122061030516,-0.00010606983935550616,-4142.942631028146,75.65183737775163
-2802.4112056028016,-0.00010606983935550616,-4142.942631028146,75.65183737775163
-2800.410205102551,-0.00010606983935550616,-4142.942631028146,75.65183737775163
-2798.409204602301,-0.00010606983935550616,-4142.942631028146,75.65183737775163
-2796.408204102051,-0.00010606983935550616,-4142.942631028146,75.65183737775163
-2794.407203601801,-0.00010606983935550616,-4142.942631028146,75.65183737775163
-2792.406203101551,-0.00010606983935550616,-4142.942631028146,75.65183737775163
-2790.405202601301,-0.00010606983935550616,-4142.942631028146,75.65183737775163
-2788.4042021010505,-0.00010606983935550616,-4142.942631028146,75.65183737775163
-2786.4032016008005,-0.00010606983935550616,-4142.942631028146,75.65183737775163
-2784.4022011005504,-0.00010606983935550616,-4142.942631028146,75.65183737775163
-2782.4012006003004,-0.00010606983935550616,-4142.942631028146,75.65183737775163
-2780.40020010005,-0.00010606983935550616,-4142.942631028146,75.65183737775163
-2778.3991995998,-0.00010606983935550616,-4142.942631028146,75.65183737775163
-2776.39819909955,-0.00010606983935550616,-4142.942631028146,75.65183737775163
-2774.3971985992994,-0.00010606983935550616,-4142.942631028146,75.65183737775163
-2772.3961980990493,-0.00010606983935550616,-4142.942631028146,75.65183737775163
-2770.3951975987993,-0.00010606983935550616,-4142.942631028146,75.65183737775163
-2768.3941970985493,-0.00010606983935550616,-4142.942631028146,75.65183737775163
-2766.3931965982993,-0.00010606983935550616,-4142.942631028146,75.65183737775163
-2764.392196098049,-0.00010606983935550616,-4142.942631028146,75.65183737775163
-2762.3911955977987,-0.00010606983935550616,-4142.942631028146,75.65183737775163
-2760.3901950975487,-0.00010606983935550616,-4142.942631028146,75.65183737775163
-2758.3891945972987,-0.00010606983935550616,-4142.942631028146,75.65183737775163
-2756.3881940970487,-0.00010606983935550616,-4142.942631028146,75.65183737775163
-2754.3871935967986,-0.00010606983935550616,-4142.942631028146,75.65183737775163
-2752.3861930965486,-0.00010606983935550616,-4142.942631028146,75.65183737775163
-2750.3851925962986,-0.00010606983935550616,-4142.942631028146,75.65183737775163
-2748.384192096048,-0.00010606983935550616,-4142.942631028146,75.65183737775163
-2746.3831915957976,-0.00010606983935550616,-4142.942631028146,75.65183737775163
-2744.3821910955476,-0.00010606983935550616,-4142.942631028146,75.65183737775163
-2742.3811905952975,-0.00010606983935550616,-4142.942631028146,75.65183737775163
-2740.3801900950475,-0.00010606983935550616,-4142.942631028146,75.65183737775163
-2738.3791895947975,-0.00010606983935550616,-4142.942631028146,75.65183737775163
-2736.378189094547,-0.00010606983935550616,-4142.942631028146,75.65183737775163
-2734.377188594297,-0.00010606983935550616,-4142.942631028146,75.65183737775163
-2732.376188094047,-0.00010606983935550616,-4142.942631028146,75.65183737775163
-2730.375187593797,-0.00010606983935550616,-4142.942631028146,75.65183737775163
-2728.374187093547,-0.00010606983935550616,-4142.942631028146,75.65183737775163
-2726.373186593297,-0.00010606983935550616,-4142.942631028146,75.65183737775163
-2724.372186093047,-0.00010606983935550616,-4142.942631028146,75.65183737775163
-2722.3711855927963,-0.00010606983935550616,-4142.942631028146,75.65183737775163
-2720.3701850925463,-0.00010606983935550616,-4142.942631028146,75.65183737775163
-2718.3691845922963,-0.00010606983935550616,-4142.942631028146,75.65183737775163
-2716.3681840920462,-0.00010606983935550616,-4142.942631028146,75.65183737775163
-2714.367183591796,-0.00010606983935550616,-4142.942631028146,75.65183737775163
-2712.366183091546,-0.00010606983935550616,-4142.942631028146,75.65183737775163
-2710.3651825912953,-0.00010606983935550616,-4142.942631028146,75.65183737775163
-2708.364182091045,-0.00010606983935550616,-4142.942631028146,75.65183737775163
-2706.363181590795,-0.00010606983935550616,-4142.942631028146,75.65183737775163
-2704.362181090545,-0.00010606983935550616,-4142.942631028146,75.65183737775163
-2702.361180590295,-0.00010606983935550616,-4142.942631028146,75.65183737775163
-2700.360180090045,-0.00010606983935550616,-4142.942631028146,75.65183737775163
-2698.359179589795,-0.00010606983935550616,-4142.942631028146,75.65183737775163
-2696.3581790895446,-0.00010606983935550616,-4142.942631028146,75.65183737775163
-2694.3571785892946,-0.00010606983935550616,-4142.942631028146,75.65183737775163
-2692.3561780890445,-0.00010606983935550616,-4142.942631028146,75.65183737775163
-2690.3551775887945,-0.00010606983935550616,-4142.942631028146,75.65183737775163
-2688.3541770885445,-0.00010606983935550616,-4142.942631028146,75.65183737775163
-2686.3531765882944,-0.00010606983935550616,-4142.942631028146,75.65183737775163
-2684.352176088044,-0.00010606983935550616,-4142.942631028146,75.65183737775163
-2682.351175587794,-0.00010606983935550616,-4142.942631028146,75.65183737775163
-2680.350175087544,-0.00010606983935550616,-4142.942631028146,75.65183737775163
-2678.3491745872934,-0.00010606983935550616,-4142.942631028146,75.65183737775163
-2676.3481740870434,-0.00010606983935550616,-4142.942631028146,75.65183737775163
-2674.3471735867934,-0.00010606983935550616,-4142.942631028146,75.65183737775163
-2672.3461730865433,-0.00010606983935550616,-4142.942631028146,75.65183737775163
-2670.345172586293,-0.00010606983935550616,-4142.942631028146,75.65183737775163
-2668.344172086043,-0.00010606983935550616,-4142.942631028146,75.65183737775163
-2666.343171585793,-0.00010606983935550616,-4142.942631028146,75.65183737775163
-2664.3421710855428,-0.00010606983935550616,-4142.942631028146,75.65183737775163
-2662.3411705852927,-0.00010606983935550616,-4142.942631028146,75.65183737775163
-2660.3401700850427,-0.00010606983935550616,-4142.942631028146,75.65183737775163
-2658.339169584792,-0.00010606983935550616,-4142.942631028146,75.65183737775163
-2656.338169084542,-0.00010606983935550616,-4142.942631028146,75.65183737775163
-2654.337168584292,-0.00010606983935550616,-4142.942631028146,75.65183737775163
-2652.336168084042,-0.00010606983935550616,-4142.942631028146,75.65183737775163
-2650.335167583792,-0.00010606983935550616,-4142.942631028146,75.65183737775163
-2648.334167083542,-0.00010606983935550616,-4142.942631028146,75.65183737775163
-2646.333166583292,-0.00010606983935550616,-4142.942631028146,75.65183737775163
-2644.332166083041,-0.00010606983935550616,-4142.942631028146,75.65183737775163
-2642.331165582791,-0.00010606983935550616,-4142.942631028146,75.65183737775163
-2640.330165082541,-0.00010606983935550616,-4142.942631028146,75.65183737775163
-2638.329164582291,-0.00010606983935550616,-4142.942631028146,75.65183737775163
-2636.328164082041,-0.00010606983935550616,-4142.942631028146,75.65183737775163
-2634.327163581791,-0.00010606983935550616,-4142.942631028146,75.65183737775163
-2632.3261630815405,-0.00010606983935550616,-4142.942631028146,75.65183737775163
-2630.3251625812904,-0.00010606983935550616,-4142.942631028146,75.65183737775163
-2628.3241620810404,-0.00010606983935550616,-4142.942631028146,75.65183737775163
-2626.3231615807904,-0.00010606983935550616,-4142.942631028146,75.65183737775163
-2624.3221610805404,-0.00010606983935550616,-4142.942631028146,75.65183737775163
-2622.3211605802903,-0.00010606983935550616,-4142.942631028146,75.65183737775163
-2620.3201600800403,-0.00010606983935550616,-4142.942631028146,75.65183737775163
-2618.31915957979,-0.00010606983935550616,-4142.942631028146,75.65183737775163
-2616.31815907954,-0.00010606983935550616,-4142.942631028146,75.65183737775163
-2614.3171585792898,-0.00010606983935550616,-4142.942631028146,75.65183737775163
-2612.3161580790397,-0.00010606983935550616,-4142.942631028146,75.65183737775163
-2610.3151575787897,-0.00010606983935550616,-4142.942631028146,75.65183737775163
-2608.314157078539,-0.00010606983935550616,-4142.942631028146,75.65183737775163
-2606.313156578289,-0.00010606983935550616,-4142.942631028146,75.65183737775163
-2604.3121560780387,-0.00010606983935550616,-4142.942631028146,75.65183737775163
-2602.3111555777887,-0.00010606983935550616,-4142.942631028146,75.65183737775163
-2600.3101550775386,-0.00010606983935550616,-4142.942631028146,75.65183737775163
-2598.3091545772886,-0.00010606983935550616,-4142.942631028146,75.65183737775163
-2596.3081540770386,-0.00010606983935550616,-4142.942631028146,75.65183737775163
-2594.3071535767886,-0.00010606983935550616,-4142.942631028146,75.65183737775163
-2592.306153076538,-0.00010606983935550616,-4142.942631028146,75.65183737775163
-2590.305152576288,-0.00010606983935550616,-4142.942631028146,75.65183737775163
-2588.304152076038,-0.00010606983935550616,-4142.942631028146,75.65183737775163
-2586.303151575788,-0.00010606983935550616,-4142.942631028146,75.65183737775163
-2584.302151075538,-0.00010606983935550616,-4142.942631028146,75.65183737775163
-2582.301150575288,-0.00010606983935550616,-4142.942631028146,75.65183737775163
-2580.300150075038,-0.00010606983935550616,-4142.942631028146,75.65183737775163
-2578.2991495747874,-0.00010606983935550616,-4142.942631028146,75.65183737775163
-2576.2981490745374,-0.00010606983935550616,-4142.942631028146,75.65183737775163
-2574.297148574287,-0.00010606983935550616,-4142.942631028146,75.65183737775163
-2572.296148074037,-0.00010606983935550616,-4142.942631028146,75.65183737775163
-2570.295147573787,-0.00010606983935550616,-4142.942631028146,75.65183737775163
-2568.294147073537,-0.00010606983935550616,-4142.942631028146,75.65183737775163
-2566.2931465732863,-0.00010606983935550616,-4142.942631028146,75.65183737775163
-2564.2921460730363,-0.00010606983935550616,-4142.942631028146,75.65183737775163
-2562.2911455727863,-0.00010606983935550616,-4142.942631028146,75.65183737775163
-2560.2901450725362,-0.00010606983935550616,-4142.942631028146,75.65183737775163
-2558.289144572286,-0.00010606983935550616,-4142.942631028146,75.65183737775163
-2556.288144072036,-0.00010606983935550616,-4142.942631028146,75.65183737775163
-2554.287143571786,-0.00010606983935550616,-4142.942631028146,75.65183737775163
-2552.2861430715357,-0.00010606983935550616,-4142.942631028146,75.65183737775163
-2550.2851425712856,-0.00010606983935550616,-4142.942631028146,75.65183737775163
-2548.2841420710356,-0.00010606983935550616,-4142.942631028146,75.65183737775163
-2546.2831415707856,-0.00010606983935550616,-4142.942631028146,75.65183737775163
-2544.2821410705355,-0.00010606983935550616,-4142.942631028146,75.65183737775163
-2542.2811405702855,-0.00010606983935550616,-4142.942631028146,75.65183737775163
-2540.2801400700346,-0.00010606983935550616,-4142.942631028146,75.65183737775163
-2538.2791395697845,-0.00010606983935550616,-4142.942631028146,75.65183737775163
-2536.2781390695345,-0.00010606983935550616,-4142.942631028146,75.65183737775163
-2534.2771385692845,-0.00010606983935550616,-4142.942631028146,75.65183737775163
-2532.2761380690345,-0.00010606983935550616,-4142.942631028146,75.65183737775163
-2530.2751375687844,-0.00010606983935550616,-4142.942631028146,75.65183737775163
-2528.2741370685344,-0.00010606983935550616,-4142.942631028146,75.65183737775163
-2526.273136568284,-0.00010606983935550616,-4142.942631028146,75.65183737775163
-2524.272136068034,-0.00010606983935550616,-4142.942631028146,75.65183737775163
-2522.271135567784,-0.00010606983935550616,-4142.942631028146,75.65183737775163
-2520.270135067534,-0.00010606983935550616,-4142.942631028146,75.65183737775163
-2518.269134567284,-0.00010606983935550616,-4142.942631028146,75.65183737775163
-2516.2681340670338,-0.00010606983935550616,-4142.942631028146,75.65183737775163
-2514.2671335667833,-0.00010606983935550616,-4142.942631028146,75.65183737775163
-2512.2661330665333,-0.00010606983935550616,-4142.942631028146,75.65183737775163
-2510.2651325662832,-0.00010606983935550616,-4142.942631028146,75.65183737775163
-2508.264132066033,-0.00010606983935550616,-4142.942631028146,75.65183737775163
-2506.263131565783,-0.00010606983935550616,-4142.942631028146,75.65183737775163
-2504.2621310655327,-0.00010606983935550616,-4142.942631028146,75.65183737775163
-2502.2611305652827,-0.00010606983935550616,-4142.942631028146,75.65183737775163
-2500.260130065032,-0.00010606983935550616,-4142.942631028146,75.65183737775163
-2498.259129564782,-0.00010606983935550616,-4142.942631028146,75.65183737775163
-2496.258129064532,-0.00010606983935550616,-4142.942631028146,75.65183737775163
-2494.257128564282,-0.00010606983935550616,-4142.942631028146,75.65183737775163
-2492.256128064032,-0.00010606983935550616,-4142.942631028146,75.65183737775163
-2490.255127563782,-0.00010606983935550616,-4142.942631028146,75.65183737775163
-2488.2541270635315,-0.00010606983935550616,-4142.942631028146,75.65183737775163
-2486.2531265632815,-0.00010606983935550616,-4142.942631028146,75.65183737775163
-2484.2521260630315,-0.00010606983935550616,-4142.942631028146,75.65183737775163
-2482.2511255627815,-0.00010606983935550616,-4142.942631028146,75.65183737775163
-2480.2501250625314,-0.00010606983935550616,-4142.942631028146,75.65183737775163
-2478.2491245622814,-0.00010606983935550616,-4142.942631028146,75.65183737775163
-2476.2481240620314,-0.00010606983935550616,-4142.942631028146,75.65183737775163
-2474.247123561781,-0.00010606983935550616,-4142.942631028146,75.65183737775163
-2472.246123061531,-0.00010606983935550616,-4142.942631028146,75.65183737775163
-2470.2451225612804,-0.00010606983935550616,-4142.942631028146,75.65183737775163
-2468.2441220610303,-0.00010606983935550616,-4142.942631028146,75.65183737775163
-2466.2431215607803,-0.00010606983935550616,-4142.942631028146,75.65183737775163
-2464.2421210605303,-0.00010606983935550616,-4142.942631028146,75.65183737775163
-2462.24112056028,-0.00010606983935550616,-4142.942631028146,75.65183737775163
-2460.2401200600298,-0.00010606983935550616,-4142.942631028146,75.65183737775163
-2458.2391195597797,-0.00010606983935550616,-4142.942631028146,75.65183737775163
-2456.2381190595297,-0.00010606983935550616,-4142.942631028146,75.65183737775163
-2454.2371185592797,-0.00010606983935550616,-4142.942631028146,75.65183737775163
-2452.2361180590296,-0.00010606983935550616,-4142.942631028146,75.65183737775163
-2450.2351175587796,-0.00010606983935550616,-4142.942631028146,75.65183737775163
-2448.234117058529,-0.00010606983935550616,-4142.942631028146,75.65183737775163
-2446.233116558279,-0.00010606983935550616,-4142.942631028146,75.65183737775163
-2444.232116058029,-0.00010606983935550616,-4142.942631028146,75.65183737775163
-2442.231115557779,-0.00010606983935550616,-4142.942631028146,75.65183737775163
-2440.230115057529,-0.00010606983935550616,-4142.942631028146,75.65183737775163
-2438.229114557279,-0.00010606983935550616,-4142.942631028146,75.65183737775163
-2436.228114057028,-0.00010606983935550616,-4142.942631028146,75.65183737775163
-2434.227113556778,-0.00010606983935550616,-4142.942631028146,75.65183737775163
-2432.226113056528,-0.00010606983935550616,-4142.942631028146,75.65183737775163
-2430.225112556278,-0.00010606983935550616,-4142.942631028146,75.65183737775163
-2428.224112056028,-0.00010606983935550616,-4142.942631028146,75.65183737775163
-2426.223111555778,-0.00010606983935550616,-4142.942631028146,75.65183737775163
-2424.222111055528,-0.00010606983935550616,-4142.942631028146,75.65183737775163
-2422.2211105552774,-0.00010606983935550616,-4142.942631028146,75.65183737775163
-2420.2201100550274,-0.00010606983935550616,-4142.942631028146,75.65183737775163
-2418.2191095547773,-0.00010606983935550616,-4142.942631028146,75.65183737775163
-2416.2181090545273,-0.00010606983935550616,-4142.942631028146,75.65183737775163
-2414.2171085542773,-0.00010606983935550616,-4142.942631028146,75.65183737775163
-2412.2161080540272,-0.00010606983935550616,-4142.942631028146,75.65183737775163
-2410.2151075537768,-0.00010606983935550616,-4142.942631028146,75.65183737775163
-2408.2141070535267,-0.00010606983935550616,-4142.942631028146,75.65183737775163
-2406.2131065532767,-0.00010606983935550616,-4142.942631028146,75.65183737775163
-2404.2121060530267,-0.00010606983935550616,-4142.942631028146,75.65183737775163
-2402.2111055527766,-0.00010606983935550616,-4142.942631028146,75.65183737775163
-2400.210105052526,-0.00010606983935550616,-4142.942631028146,75.65183737775163
-2398.209104552276,-0.00010606983935550616,-4142.942631028146,75.65183737775163
-2396.2081040520256,-0.00010606983935550616,-4142.942631028146,75.65183737775163
-2394.2071035517756,-0.00010606983935550616,-4142.942631028146,75.65183737775163
-2392.2061030515256,-0.00010606983935550616,-4142.942631028146,75.65183737775163
-2390.2051025512756,-0.00010606983935550616,-4142.942631028146,75.65183737775163
-2388.2041020510255,-0.00010606983935550616,-4142.942631028146,75.65183737775163
-2386.2031015507755,-0.00010606983935550616,-4142.942631028146,75.65183737775163
-2384.202101050525,-0.00010606983935550616,-4142.942631028146,75.65183737775163
-2382.201100550275,-0.00010606983935550616,-4142.942631028146,75.65183737775163
-2380.200100050025,-0.00010606983935550616,-4142.942631028146,75.65183737775163
-2378.199099549775,-0.00010606983935550616,-4142.942631028146,75.65183737775163
-2376.198099049525,-0.00010606983935550616,-4142.942631028146,75.65183737775163
-2374.197098549275,-0.00010606983935550616,-4142.942631028146,75.65183737775163
-2372.196098049025,-0.00010606983935550616,-4142.942631028146,75.65183737775163
-2370.1950975487744,-0.00010606983935550616,-4142.942631028146,75.65183737775163
-2368.1940970485243,-0.00010606983935550616,-4142.942631028146,75.65183737775163
-2366.193096548274,-0.00010606983935550616,-4142.942631028146,75.65183737775163
-2364.192096048024,-0.00010606983935550616,-4142.942631028146,75.65183737775163
-2362.191095547774,-0.00010606983935550616,-4142.942631028146,75.65183737775163
-2360.1900950475238,-0.00010606983935550616,-4142.942631028146,75.65183737775163
-2358.1890945472733,-0.00010606983935550616,-4142.942631028146,75.65183737775163
-2356.1880940470232,-0.00010606983935550616,-4142.942631028146,75.65183737775163
-2354.187093546773,-0.00010606983935550616,-4142.942631028146,75.65183737775163
-2352.186093046523,-0.00010606983935550616,-4142.942631028146,75.65183737775163
-2350.185092546273,-0.00010606983935550616,-4142.942631028146,75.65183737775163
-2348.184092046023,-0.00010606983935550616,-4142.942631028146,75.65183737775163
-2346.183091545773,-0.00010606983935550616,-4142.942631028146,75.65183737775163
-2344.1820910455226,-0.00010606983935550616,-4142.942631028146,75.65183737775163
-2342.1810905452726,-0.00010606983935550616,-4142.942631028146,75.65183737775163
-2340.1800900450226,-0.00010606983935550616,-4142.942631028146,75.65183737775163
-2338.1790895447725,-0.00010606983935550616,-4142.942631028146,75.65183737775163
-2336.1780890445225,-0.00010606983935550616,-4142.942631028146,75.65183737775163
-2334.1770885442725,-0.00010606983935550616,-4142.942631028146,75.65183737775163
-2332.1760880440215,-0.00010606983935550616,-4142.942631028146,75.65183737775163
-2330.1750875437715,-0.00010606983935550616,-4142.942631028146,75.65183737775163
-2328.1740870435215,-0.00010606983935550616,-4142.942631028146,75.65183737775163
-2326.1730865432714,-0.00010606983935550616,-4142.942631028146,75.65183737775163
-2324.1720860430214,-0.00010606983935550616,-4142.942631028146,75.65183737775163
-2322.1710855427714,-0.00010606983935550616,-4142.942631028146,75.65183737775163
-2320.1700850425214,-0.00010606983935550616,-4142.942631028146,75.65183737775163
-2318.169084542271,-0.00010606983935550616,-4142.942631028146,75.65183737775163
-2316.168084042021,-0.00010606983935550616,-4142.942631028146,75.65183737775163
-2314.167083541771,-0.00010606983935550616,-4142.942631028146,75.65183737775163
-2312.166083041521,-0.00010606983935550616,-4142.942631028146,75.65183737775163
-2310.1650825412707,-0.00010606983935550616,-4142.942631028146,75.65183737775163
-2308.1640820410207,-0.00010606983935550616,-4142.942631028146,75.65183737775163
-2306.1630815407707,-0.00010606983935550616,-4142.942631028146,75.65183737775163
-2304.16208104052,-0.00010606983935550616,-4142.942631028146,75.65183737775163
-2302.16108054027,-0.00010606983935550616,-4142.942631028146,75.65183737775163
-2300.16008004002,-0.00010606983935550616,-4142.942631028146,75.65183737775163
-2298.15907953977,-0.00010606983935550616,-4142.942631028146,75.65183737775163
-2296.1580790395196,-0.00010606983935550616,-4142.942631028146,75.65183737775163
-2294.1570785392696,-0.00010606983935550616,-4142.942631028146,75.65183737775163
-2292.156078039019,-0.00010606983935550616,-4142.942631028146,75.65183737775163
-2290.155077538769,-0.00010606983935550616,-4142.942631028146,75.65183737775163
-2288.154077038519,-0.00010606983935550616,-4142.942631028146,75.65183737775163
-2286.153076538269,-0.00010606983935550616,-4142.942631028146,75.65183737775163
-2284.152076038019,-0.00010606983935550616,-4142.942631028146,75.65183737775163
-2282.151075537769,-0.00010606983935550616,-4142.942631028146,75.65183737775163
-2280.150075037519,-0.00010606983935550616,-4142.942631028146,75.65183737775163
-2278.1490745372685,-0.00010606983935550616,-4142.942631028146,75.65183737775163
-2276.1480740370184,-0.00010606983935550616,-4142.942631028146,75.65183737775163
-2274.1470735367684,-0.00010606983935550616,-4142.942631028146,75.65183737775163
-2272.1460730365184,-0.00010606983935550616,-4142.942631028146,75.65183737775163
-2270.1450725362683,-0.00010606983935550616,-4142.942631028146,75.65183737775163
-2268.1440720360183,-0.00010606983935550616,-4142.942631028146,75.65183737775163
-2266.143071535768,-0.00010606983935550616,-4142.942631028146,75.65183737775163
-2264.142071035518,-0.00010606983935550616,-4142.942631028146,75.65183737775163
-2262.1410705352673,-0.00010606983935550616,-4142.942631028146,75.65183737775163
-2260.1400700350173,-0.00010606983935550616,-4142.942631028146,75.65183737775163
-2258.1390695347673,-0.00010606983935550616,-4142.942631028146,75.65183737775163
-2256.1380690345172,-0.00010606983935550616,-4142.942631028146,75.65183737775163
-2254.137068534267,-0.00010606983935550616,-4142.942631028146,75.65183737775163
-2252.1360680340167,-0.00010606983935550616,-4142.942631028146,75.65183737775163
-2250.1350675337667,-0.00010606983935550616,-4142.942631028146,75.65183737775163
-2248.1340670335167,-0.00010606983935550616,-4142.942631028146,75.65183737775163
-2246.1330665332666,-0.00010606983935550616,-4142.942631028146,75.65183737775163
-2244.1320660330166,-0.00010606983935550616,-4142.942631028146,75.65183737775163
-2242.1310655327666,-0.00010606983935550616,-4142.942631028146,75.65183737775163
-2240.130065032516,-0.00010606983935550616,-4142.942631028146,75.65183737775163
-2238.129064532266,-0.00010606983935550616,-4142.942631028146,75.65183737775163
-2236.128064032016,-0.00010606983935550616,-4142.942631028146,75.65183737775163
-2234.127063531766,-0.00010606983935550616,-4142.942631028146,75.65183737775163
-2232.126063031516,-0.00010606983935550616,-4142.942631028146,75.65183737775163
-2230.125062531266,-0.00010606983935550616,-4142.942631028146,75.65183737775163
-2228.124062031016,-0.00010606983935550616,-4142.942631028146,75.65183737775163
-2226.123061530765,-0.00010606983935550616,-4142.942631028146,75.65183737775163
-2224.122061030515,-0.00010606983935550616,-4142.942631028146,75.65183737775163
-2222.121060530265,-0.00010606983935550616,-4142.942631028146,75.65183737775163
-2220.120060030015,-0.00010606983935550616,-4142.942631028146,75.65183737775163
-2218.119059529765,-0.00010606983935550616,-4142.942631028146,75.65183737775163
-2216.118059029515,-0.00010606983935550616,-4142.942631028146,75.65183737775163
-2214.1170585292643,-0.00010606983935550616,-4142.942631028146,75.65183737775163
-2212.1160580290143,-0.00010606983935550616,-4142.942631028146,75.65183737775163
-2210.1150575287643,-0.00010606983935550616,-4142.942631028146,75.65183737775163
-2208.1140570285143,-0.00010606983935550616,-4142.942631028146,75.65183737775163
-2206.113056528264,-0.00010606983935550616,-4142.942631028146,75.65183737775163
-2204.112056028014,-0.00010606983935550616,-4142.942631028146,75.65183737775163
-2202.111055527764,-0.00010606983935550616,-4142.942631028146,75.65183737775163
-2200.1100550275137,-0.00010606983935550616,-4142.942631028146,75.65183737775163
-2198.1090545272637,-0.00010606983935550616,-4142.942631028146,75.65183737775163
-2196.1080540270136,-0.00010606983935550616,-4142.942631028146,75.65183737775163
-2194.1070535267636,-0.00010606983935550616,-4142.942631028146,75.65183737775163
-2192.106053026513,-0.00010606983935550616,-4142.942631028146,75.65183737775163
-2190.105052526263,-0.00010606983935550616,-4142.942631028146,75.65183737775163
-2188.1040520260126,-0.00010606983935550616,-4142.942631028146,75.65183737775163
-2186.1030515257626,-0.00010606983935550616,-4142.942631028146,75.65183737775163
-2184.1020510255125,-0.00010606983935550616,-4142.942631028146,75.65183737775163
-2182.1010505252625,-0.00010606983935550616,-4142.942631028146,75.65183737775163
-2180.1000500250125,-0.00010606983935550616,-4142.942631028146,75.65183737775163
-2178.0990495247624,-0.00010606983935550616,-4142.942631028146,75.65183737775163
-2176.0980490245124,-0.00010606983935550616,-4142.942631028146,75.65183737775163
-2174.097048524262,-0.00010606983935550616,-4142.942631028146,75.65183737775163
-2172.096048024012,-0.00010606983935550616,-4142.942631028146,75.65183737775163
-2170.095047523762,-0.00010606983935550616,-4142.942631028146,75.65183737775163
-2168.094047023512,-0.00010606983935550616,-4142.942631028146,75.65183737775163
-2166.093046523262,-0.00010606983935550616,-4142.942631028146,75.65183737775163
-2164.092046023012,-0.00010606983935550616,-4142.942631028146,75.65183737775163
-2162.0910455227613,-0.00010606983935550616,-4142.942631028146,75.65183737775163
-2160.0900450225113,-0.00010606983935550616,-4142.942631028146,75.65183737775163
-2158.089044522261,-0.00010606983935550616,-4142.942631028146,75.65183737775163
-2156.0880440220108,-0.00010606983935550616,-4142.942631028146,75.65183737775163
-2154.0870435217607,-0.00010606983935550616,-4142.942631028146,75.65183737775163
-2152.0860430215107,-0.00010606983935550616,-4142.942631028146,75.65183737775163
-2150.0850425212607,-0.00010606983935550616,-4142.942631028146,75.65183737775163
-2148.08404202101,-0.00010606983935550616,-4142.942631028146,75.65183737775163
-2146.08304152076,-0.00010606983935550616,-4142.942631028146,75.65183737775163
-2144.08204102051,-0.00010606983935550616,-4142.942631028146,75.65183737775163
-2142.08104052026,-0.00010606983935550616,-4142.942631028146,75.65183737775163
-2140.08004002001,-0.00010606983935550616,-4142.942631028146,75.65183737775163
-2138.07903951976,-0.00010606983935550616,-4142.942631028146,75.65183737775163
-2136.0780390195096,-0.00010606983935550616,-4142.942631028146,75.65183737775163
-2134.0770385192595,-0.00010606983935550616,-4142.942631028146,75.65183737775163
-2132.0760380190095,-0.00010606983935550616,-4142.942631028146,75.65183737775163
-2130.0750375187595,-0.00010606983935550616,-4142.942631028146,75.65183737775163
-2128.0740370185094,-0.00010606983935550616,-4142.942631028146,75.65183737775163
-2126.0730365182594,-0.00010606983935550616,-4142.942631028146,75.65183737775163
-2124.072036018009,-0.00010606983935550616,-4142.942631028146,75.65183737775163
-2122.0710355177584,-0.00010606983935550616,-4142.942631028146,75.65183737775163
-2120.0700350175084,-0.00010606983935550616,-4142.942631028146,75.65183737775163
-2118.0690345172584,-0.00010606983935550616,-4142.942631028146,75.65183737775163
-2116.0680340170084,-0.00010606983935550616,-4142.942631028146,75.65183737775163
-2114.0670335167583,-0.00010606983935550616,-4142.942631028146,75.65183737775163
-2112.0660330165083,-0.00010606983935550616,-4142.942631028146,75.65183737775163
-2110.065032516258,-0.00010606983935550616,-4142.942631028146,75.65183737775163
-2108.064032016008,-0.00010606983935550616,-4142.942631028146,75.65183737775163
-2106.0630315157578,-0.00010606983935550616,-4142.942631028146,75.65183737775163
-2104.0620310155077,-0.00010606983935550616,-4142.942631028146,75.65183737775163
-2102.0610305152577,-0.00010606983935550616,-4142.942631028146,75.65183737775163
-2100.0600300150077,-0.00010606983935550616,-4142.942631028146,75.65183737775163
-2098.0590295147576,-0.00010606983935550616,-4142.942631028146,75.65183737775163
-2096.058029014507,-0.00010606983935550616,-4142.942631028146,75.65183737775163
-2094.057028514257,-0.00010606983935550616,-4142.942631028146,75.65183737775163
-2092.056028014007,-0.00010606983935550616,-4142.942631028146,75.65183737775163
-2090.0550275137566,-0.00010606983935550616,-4142.942631028146,75.65183737775163
-2088.0540270135066,-0.00010606983935550616,-4142.942631028146,75.65183737775163
-2086.0530265132566,-0.00010606983935550616,-4142.942631028146,75.65183737775163
-2084.052026013006,-0.00010606983935550616,-4142.942631028146,75.65183737775163
-2082.051025512756,-0.00010606983935550616,-4142.942631028146,75.65183737775163
-2080.050025012506,-0.00010606983935550616,-4142.942631028146,75.65183737775163
-2078.049024512256,-0.00010606983935550616,-4142.942631028146,75.65183737775163
-2076.048024012006,-0.00010606983935550616,-4142.942631028146,75.65183737775163
-2074.047023511756,-0.00010606983935550616,-4142.942631028146,75.65183737775163
-2072.046023011506,-0.00010606983935550616,-4142.942631028146,75.65183737775163
-2070.0450225112554,-0.00010606983935550616,-4142.942631028146,75.65183737775163
-2068.0440220110054,-0.00010606983935550616,-4142.942631028146,75.65183737775163
-2066.0430215107554,-0.00010606983935550616,-4142.942631028146,75.65183737775163
-2064.0420210105053,-0.00010606983935550616,-4142.942631028146,75.65183737775163
-2062.0410205102553,-0.00010606983935550616,-4142.942631028146,75.65183737775163
-2060.0400200100053,-0.00010606983935550616,-4142.942631028146,75.65183737775163
-2058.039019509755,-0.00010606983935550616,-4142.942631028146,75.65183737775163
-2056.0380190095043,-0.00010606983935550616,-4142.942631028146,75.65183737775163
-2054.0370185092543,-0.00010606983935550616,-4142.942631028146,75.65183737775163
-2052.0360180090042,-0.00010606983935550616,-4142.942631028146,75.65183737775163
-2050.035017508754,-0.00010606983935550616,-4142.942631028146,75.65183737775163
-2048.034017008504,-0.00010606983935550616,-4142.942631028146,75.65183737775163
-2046.0330165082541,-0.00010606983935550616,-4142.942631028146,75.65183737775163
-2044.0320160080037,-0.00010606983935550616,-4142.942631028146,75.65183737775163
-2042.0310155077536,-0.00010606983935550616,-4142.942631028146,75.65183737775163
-2040.0300150075036,-0.00010606983935550616,-4142.942631028146,75.65183737775163
-2038.0290145072536,-0.00010606983935550616,-4142.942631028146,75.65183737775163
-2036.0280140070035,-0.00010606983935550616,-4142.942631028146,75.65183737775163
-2034.0270135067535,-0.00010606983935550616,-4142.942631028146,75.65183737775163
-2032.026013006503,-0.00010606983935550616,-4142.942631028146,75.65183737775163
-2030.0250125062528,-0.00010606983935550616,-4142.942631028146,75.65183737775163
-2028.0240120060027,-0.00010606983935550616,-4142.942631028146,75.65183737775163
-2026.0230115057527,-0.00010606983935550616,-4142.942631028146,75.65183737775163
-2024.0220110055027,-0.00010606983935550616,-4142.942631028146,75.65183737775163
-2022.0210105052527,-0.00010606983935550616,-4142.942631028146,75.65183737775163
-2020.0200100050026,-0.00010606983935550616,-4142.942631028146,75.65183737775163
-2018.0190095047521,-0.00010606983935550616,-4142.942631028146,75.65183737775163
-2016.0180090045021,-0.00010606983935550616,-4142.942631028146,75.65183737775163
-2014.017008504252,-0.00010606983935550616,-4142.942631028146,75.65183737775163
-2012.0160080040018,-0.00010606983935550616,-4142.942631028146,75.65183737775163
-2010.0150075037518,-0.00010606983935550616,-4142.942631028146,75.65183737775163
-2008.0140070035018,-0.00010606983935550616,-4142.942631028146,75.65183737775163
-2006.0130065032517,-0.00010606983935550616,-4142.942631028146,75.65183737775163
-2004.0120060030013,-0.00010606983935550616,-4142.942631028146,75.65183737775163
-2002.0110055027512,-0.00010606983935550616,-4142.942631028146,75.65183737775163
-2000.0100050025012,-0.00010606983935550616,-4142.942631028146,75.65183737775163
-1998.0090045022512,-0.00010606983935550616,-4142.942631028146,75.65183737775163
-1996.0080040020011,-0.00010606983935550616,-4142.942631028146,75.65183737775163
-1994.007003501751,-0.00010606983935550616,-4142.942631028146,75.65183737775163
-1992.0060030015004,-0.00010606983935550616,-4142.942631028146,75.65183737775163
-1990.0050025012504,-0.00010606983935550616,-4142.942631028146,75.65183737775163
-1988.0040020010003,-0.00010606983935550616,-4142.942631028146,75.65183737775163
-1986.0030015007503,-0.00010606983935550616,-4142.942631028146,75.65183737775163
-1984.0020010005003,-0.00010606983935550616,-4142.942631028146,75.65183737775163
-1982.0010005002503,-0.00010606983935550616,-4142.942631028146,75.65183737775163
-1980.0000000000002,-0.00010606983935550616,-4142.942631028146,75.65183737775163
