xx,yy,freq,EF,ScaledTransfer,e_ScaledTransfer
-273.11641791044804,2.539956540624725e-33,-3.9747000000000057,0.01675,0.0018559624707359032,0.0003943771105609907
-273.0447044058987,7.465049637713856e-09,-3.9747000000000057,0.01675,0.0018559624707359032,0.0003943771105609907
-272.9729909013494,2.993768633283514e-08,-3.9747000000000057,0.01675,0.0018559624707359032,0.0003943771105609907
-272.9012773968001,6.747097774389306e-08,-3.9747000000000057,0.01675,0.0018559624707359032,0.0003943771105609907
-272.82956389225075,1.2003305591807084e-07,-3.9747000000000057,0.01675,0.0018559624707359032,0.0003943771105609907
-272.75785038770147,1.8750661623440527e-07,-3.9747000000000057,0.01675,0.0018559624707359032,0.0003943771105609907
-272.68613688315213,2.69688895851778e-07,-3.9747000000000057,0.01675,0.0018559624707359032,0.0003943771105609907
-272.6144233786028,3.662921356233527e-07,-3.9747000000000057,0.01675,0.0018559624707359032,0.0003943771105609907
-272.54270987405346,4.769445267521575e-07,-3.9747000000000057,0.01675,0.0018559624707359032,0.0003943771105609907
-272.4709963695041,6.011916407441484e-07,-3.9747000000000057,0.01675,0.0018559624707359032,0.0003943771105609907
-272.3992828649548,7.384983384855036e-07,-3.9747000000000057,0.01675,0.0018559624707359032,0.0003943771105609907
-272.3275693604055,8.882511515420352e-07,-3.9747000000000057,0.01675,0.0018559624707359032,0.0003943771105609907
-272.25585585585617,1.0497611260678225e-06,-3.9747000000000057,0.01675,0.0018559624707359032,0.0003943771105609907
-272.18414235130683,1.2222671170285276e-06,-3.9747000000000057,0.01675,0.0018559624707359032,0.0003943771105609907
-272.1124288467575,1.4049395178170742e-06,-3.9747000000000057,0.01675,0.0018559624707359032,0.0003943771105609907
-272.0407153422082,1.596884407766378e-06,-3.9747000000000057,0.01675,0.0018559624707359032,0.0003943771105609907
-271.9690018376588,1.797148097575357e-06,-3.9747000000000057,0.01675,0.0018559624707359032,0.0003943771105609907
-271.8972883331095,2.0047220502606445e-06,-3.9747000000000057,0.01675,0.0018559624707359032,0.0003943771105609907
-271.8255748285602,2.218548152960833e-06,-3.9747000000000057,0.01675,0.0018559624707359032,0.0003943771105609907
-271.75386132401087,2.4375243127372325e-06,-3.9747000000000057,0.01675,0.0018559624707359032,0.0003943771105609907
-271.68214781946153,2.660510347480434e-06,-3.9747000000000057,0.01675,0.0018559624707359032,0.0003943771105609907
-271.61043431491225,2.886334141136888e-06,-3.9747000000000057,0.01675,0.0018559624707359032,0.0003943771105609907
-271.5387208103629,3.1137980307295944e-06,-3.9747000000000057,0.01675,0.0018559624707359032,0.0003943771105609907
-271.4670073058136,3.341685391076519e-06,-3.9747000000000057,0.01675,0.0018559624707359032,0.0003943771105609907
-271.39529380126424,3.5687673817234027e-06,-3.9747000000000057,0.01675,0.0018559624707359032,0.0003943771105609907
-271.3235802967149,3.7938098193985702e-06,-3.9747000000000057,0.01675,0.0018559624707359032,0.0003943771105609907
-271.2518667921656,4.015580138292086e-06,-3.9747000000000057,0.01675,0.0018559624707359032,0.0003943771105609907
-271.1801532876163,4.232854399654931e-06,-3.9747000000000057,0.01675,0.0018559624707359032,0.0003943771105609907
-271.10843978306696,4.444424311619456e-06,-3.9747000000000057,0.01675,0.0018559624707359032,0.0003943771105609907
-271.0367262785176,4.649104219756548e-06,-3.9747000000000057,0.01675,0.0018559624707359032,0.0003943771105609907
-270.96501277396834,4.8457380287261295e-06,-3.9747000000000057,0.01675,0.0018559624707359032,0.0003943771105609907
-270.893299269419,5.033206015430292e-06,-3.9747000000000057,0.01675,0.0018559624707359032,0.0003943771105609907
-270.8215857648696,5.210431494356399e-06,-3.9747000000000057,0.01675,0.0018559624707359032,0.0003943771105609907
-270.74987226032033,5.3763872963034305e-06,-3.9747000000000057,0.01675,0.0018559624707359032,0.0003943771105609907
-270.678158755771,5.530102022404269e-06,-3.9747000000000057,0.01675,0.0018559624707359032,0.0003943771105609907
-270.60644525122166,5.670666036295613e-06,-3.9747000000000057,0.01675,0.0018559624707359032,0.0003943771105609907
-270.5347317466724,5.797237158452717e-06,-3.9747000000000057,0.01675,0.0018559624707359032,0.0003943771105609907
-270.46301824212304,5.909046028068119e-06,-3.9747000000000057,0.01675,0.0018559624707359032,0.0003943771105609907
-270.3913047375737,6.005401099429889e-06,-3.9747000000000057,0.01675,0.0018559624707359032,0.0003943771105609907
-270.31959123302437,6.085693241528943e-06,-3.9747000000000057,0.01675,0.0018559624707359032,0.0003943771105609907
-270.24787772847503,6.149399911584188e-06,-3.9747000000000057,0.01675,0.0018559624707359032,0.0003943771105609907
-270.1761642239257,6.196088875319089e-06,-3.9747000000000057,0.01675,0.0018559624707359032,0.0003943771105609907
-270.10445071937636,6.225421449135123e-06,-3.9747000000000057,0.01675,0.0018559624707359032,0.0003943771105609907
-270.0327372148271,6.237155241799255e-06,-3.9747000000000057,0.01675,0.0018559624707359032,0.0003943771105609907
-269.96102371027774,6.231146375880295e-06,-3.9747000000000057,0.01675,0.0018559624707359032,0.0003943771105609907
-269.8893102057284,6.207351171919026e-06,-3.9747000000000057,0.01675,0.0018559624707359032,0.0003943771105609907
-269.8175967011791,6.16582728118652e-06,-3.9747000000000057,0.01675,0.0018559624707359032,0.0003943771105609907
-269.7458831966298,6.106734255856831e-06,-3.9747000000000057,0.01675,0.0018559624707359032,0.0003943771105609907
-269.6741696920804,6.030333548481785e-06,-3.9747000000000057,0.01675,0.0018559624707359032,0.0003943771105609907
-269.6024561875311,5.936987935786615e-06,-3.9747000000000057,0.01675,0.0018559624707359032,0.0003943771105609907
-269.5307426829818,5.8271603649914695e-06,-3.9747000000000057,0.01675,0.0018559624707359032,0.0003943771105609907
-269.45902917843244,5.701412224090906e-06,-3.9747000000000057,0.01675,0.0018559624707359032,0.0003943771105609907
-269.38731567388317,5.560401040763012e-06,-3.9747000000000057,0.01675,0.0018559624707359032,0.0003943771105609907
-269.31560216933383,5.404877617828751e-06,-3.9747000000000057,0.01675,0.0018559624707359032,0.0003943771105609907
-269.2438886647845,5.235682616411945e-06,-3.9747000000000057,0.01675,0.0018559624707359032,0.0003943771105609907
-269.1721751602352,5.05374260114274e-06,-3.9747000000000057,0.01675,0.0018559624707359032,0.0003943771105609907
-269.1004616556858,4.860065564892498e-06,-3.9747000000000057,0.01675,0.0018559624707359032,0.0003943771105609907
-269.0287481511365,4.65573595360301e-06,-3.9747000000000057,0.01675,0.0018559624707359032,0.0003943771105609907
-268.9570346465872,4.441909214749137e-06,-3.9747000000000057,0.01675,0.0018559624707359032,0.0003943771105609907
-268.88532114203787,4.219805895863325e-06,-3.9747000000000057,0.01675,0.0018559624707359032,0.0003943771105609907
-268.81360763748853,3.990705322300882e-06,-3.9747000000000057,0.01675,0.0018559624707359032,0.0003943771105609907
-268.74189413293925,3.7559388860424018e-06,-3.9747000000000057,0.01675,0.0018559624707359032,0.0003943771105609907
-268.6701806283899,3.5168829797954604e-06,-3.9747000000000057,0.01675,0.0018559624707359032,0.0003943771105609907
-268.5984671238406,3.274951612952574e-06,-3.9747000000000057,0.01675,0.0018559624707359032,0.0003943771105609907
-268.5267536192912,3.031588748065942e-06,-3.9747000000000057,0.01675,0.0018559624707359032,0.0003943771105609907
-268.4550401147419,2.7882603984206024e-06,-3.9747000000000057,0.01675,0.0018559624707359032,0.0003943771105609907
-268.38332661019257,2.546446528980589e-06,-3.9747000000000057,0.01675,0.0018559624707359032,0.0003943771105609907
-268.31161310564323,2.3076328044777407e-06,-3.9747000000000057,0.01675,0.0018559624707359032,0.0003943771105609907
-268.23989960109395,2.0733022296493508e-06,-3.9747000000000057,0.01675,0.0018559624707359032,0.0003943771105609907
-268.1681860965446,1.8449267276519564e-06,-3.9747000000000057,0.01675,0.0018559624707359032,0.0003943771105609907
-268.0964725919953,1.623958703440249e-06,-3.9747000000000057,0.01675,0.0018559624707359032,0.0003943771105609907
-268.024759087446,1.4118226394033857e-06,-3.9747000000000057,0.01675,0.0018559624707359032,0.0003943771105609907
-267.9530455828966,1.2099067708067295e-06,-3.9747000000000057,0.01675,0.0018559624707359032,0.0003943771105609907
-267.88133207834727,1.0195548885735472e-06,-3.9747000000000057,0.01675,0.0018559624707359032,0.0003943771105609907
-267.809618573798,8.420583166545924e-07,-3.9747000000000057,0.01675,0.0018559624707359032,0.0003943771105609907
-267.73790506924865,6.786481106999273e-07,-3.9747000000000057,0.01675,0.0018559624707359032,0.0003943771105609907
-267.6661915646993,5.304875239299246e-07,-3.9747000000000057,0.01675,0.0018559624707359032,0.0003943771105609907
-267.59447806015004,3.9866478502888863e-07,-3.9747000000000057,0.01675,0.0018559624707359032,0.0003943771105609907
-267.5227645556007,2.841862315547567e-07,-3.9747000000000057,0.01675,0.0018559624707359032,0.0003943771105609907
-267.45105105105137,1.8796984076934434e-07,-3.9747000000000057,0.01675,0.0018559624707359032,0.0003943771105609907
-267.37933754650203,1.1083919795489499e-07,-3.9747000000000057,0.01675,0.0018559624707359032,0.0003943771105609907
-267.3076240419527,5.351794021030019e-08,-3.9747000000000057,0.01675,0.0018559624707359032,0.0003943771105609907
-267.23591053740336,1.6624711410867256e-08,-3.9747000000000057,0.01675,0.0018559624707359032,0.0003943771105609907
-267.1641970328541,6.686614892561572e-10,-3.9747000000000057,0.01675,0.0018559624707359032,0.0003943771105609907
-267.09248352830474,6.045520459703478e-09,-3.9747000000000057,0.01675,0.0018559624707359032,0.0003943771105609907
-267.0207700237554,3.303427467798646e-08,-3.9747000000000057,0.01675,0.0018559624707359032,0.0003943771105609907
-266.9490565192061,8.17944697187318e-08,-3.9747000000000057,0.01675,0.0018559624707359032,0.0003943771105609907
-266.8773430146568,1.5236416097752173e-07,-3.9747000000000057,0.01675,0.0018559624707359032,0.0003943771105609907
-266.8056295101074,2.446585296809579e-07,-3.9747000000000057,0.01675,0.0018559624707359032,0.0003943771105609907
-266.73391600555806,3.584691784355088e-07,-3.9747000000000057,0.01675,0.0018559624707359032,0.0003943771105609907
-266.6622025010088,4.934641167806645e-07,-3.9747000000000057,0.01675,0.0018559624707359032,0.0003943771105609907
-266.59048899645944,6.491884434526678e-07,-3.9747000000000057,0.01675,0.0018559624707359032,0.0003943771105609907
-266.5187754919101,8.250657282351326e-07,-3.9747000000000057,0.01675,0.0018559624707359032,0.0003943771105609907
-266.4470619873608,1.0204000923912826e-06,-3.9747000000000057,0.01675,0.0018559624707359032,0.0003943771105609907
-266.3753484828115,1.2343789827578982e-06,-3.9747000000000057,0.01675,0.0018559624707359032,0.0003943771105609907
-266.30363497826215,1.466076630655484e-06,-3.9747000000000057,0.01675,0.0018559624707359032,0.0003943771105609907
-266.2319214737128,1.7144581828636557e-06,-3.9747000000000057,0.01675,0.0018559624707359032,0.0003943771105609907
-266.1602079691635,1.9783844880265905e-06,-3.9747000000000057,0.01675,0.0018559624707359032,0.0003943771105609907
-266.08849446461414,2.256617518036222e-06,-3.9747000000000057,0.01675,0.0018559624707359032,0.0003943771105609907
-266.01678096006486,2.5478264001937453e-06,-3.9747000000000057,0.01675,0.0018559624707359032,0.0003943771105609907
-265.9450674555155,2.8505940323066067e-06,-3.9747000000000057,0.01675,0.0018559624707359032,0.0003943771105609907
-265.8733539509662,3.1634242493470174e-06,-3.9747000000000057,0.01675,0.0018559624707359032,0.0003943771105609907
-265.8016404464169,3.484749506920646e-06,-3.9747000000000057,0.01675,0.0018559624707359032,0.0003943771105609907
-265.7299269418676,3.812939043562927e-06,-3.9747000000000057,0.01675,0.0018559624707359032,0.0003943771105609907
-265.6582134373182,4.14630748083538e-06,-3.9747000000000057,0.01675,0.0018559624707359032,0.0003943771105609907
-265.5864999327689,4.48312381735312e-06,-3.9747000000000057,0.01675,0.0018559624707359032,0.0003943771105609907
-265.51478642821957,4.821620770243932e-06,-3.9747000000000057,0.01675,0.0018559624707359032,0.0003943771105609907
-265.44307292367023,5.160004415131332e-06,-3.9747000000000057,0.01675,0.0018559624707359032,0.0003943771105609907
-265.37135941912095,5.496464073603107e-06,-3.9747000000000057,0.01675,0.0018559624707359032,0.0003943771105609907
-265.2996459145716,5.8291823952261025e-06,-3.9747000000000057,0.01675,0.0018559624707359032,0.0003943771105609907
-265.2279324100223,6.156345579560403e-06,-3.9747000000000057,0.01675,0.0018559624707359032,0.0003943771105609907
-265.15621890547294,6.4761536823080085e-06,-3.9747000000000057,0.01675,0.0018559624707359032,0.0003943771105609907
-265.0845054009236,6.786830948696644e-06,-3.9747000000000057,0.01675,0.0018559624707359032,0.0003943771105609907
-265.01279189637427,7.08663611648319e-06,-3.9747000000000057,0.01675,0.0018559624707359032,0.0003943771105609907
-264.94107839182493,7.373872630551426e-06,-3.9747000000000057,0.01675,0.0018559624707359032,0.0003943771105609907
-264.86936488727565,7.646898710988577e-06,-3.9747000000000057,0.01675,0.0018559624707359032,0.0003943771105609907
-264.7976513827263,7.904137216757802e-06,-3.9747000000000057,0.01675,0.0018559624707359032,0.0003943771105609907
-264.725937878177,8.144085247634215e-06,-3.9747000000000057,0.01675,0.0018559624707359032,0.0003943771105609907
-264.6542243736277,8.365323427957509e-06,-3.9747000000000057,0.01675,0.0018559624707359032,0.0003943771105609907
-264.5825108690783,8.566524816948303e-06,-3.9747000000000057,0.01675,0.0018559624707359032,0.0003943771105609907
-264.51079736452897,8.74646339185381e-06,-3.9747000000000057,0.01675,0.0018559624707359032,0.0003943771105609907
-264.4390838599797,8.904022052027782e-06,-3.9747000000000057,0.01675,0.0018559624707359032,0.0003943771105609907
-264.36737035543035,9.03820009417725e-06,-3.9747000000000057,0.01675,0.0018559624707359032,0.0003943771105609907
-264.295656850881,9.148120111450236e-06,-3.9747000000000057,0.01675,0.0018559624707359032,0.0003943771105609907
-264.22394334633174,9.233034271761249e-06,-3.9747000000000057,0.01675,0.0018559624707359032,0.0003943771105609907
-264.1522298417824,9.292329933744713e-06,-3.9747000000000057,0.01675,0.0018559624707359032,0.0003943771105609907
-264.08051633723306,9.325534561986786e-06,-3.9747000000000057,0.01675,0.0018559624707359032,0.0003943771105609907
-264.0088028326837,9.332319906690061e-06,-3.9747000000000057,0.01675,0.0018559624707359032,0.0003943771105609907
-263.9370893281344,9.312505416656582e-06,-3.9747000000000057,0.01675,0.0018559624707359032,0.0003943771105609907
-263.86537582358505,9.266060858418473e-06,-3.9747000000000057,0.01675,0.0018559624707359032,0.0003943771105609907
-263.7936623190358,9.193108118479125e-06,-3.9747000000000057,0.01675,0.0018559624707359032,0.0003943771105609907
-263.72194881448644,9.09392216993125e-06,-3.9747000000000057,0.01675,0.0018559624707359032,0.0003943771105609907
-263.6502353099371,8.968931189171508e-06,-3.9747000000000057,0.01675,0.0018559624707359032,0.0003943771105609907
-263.5785218053878,8.818715813006177e-06,-3.9747000000000057,0.01675,0.0018559624707359032,0.0003943771105609907
-263.5068083008385,8.644007531121847e-06,-3.9747000000000057,0.01675,0.0018559624707359032,0.0003943771105609907
-263.4350947962891,8.445686213650823e-06,-3.9747000000000057,0.01675,0.0018559624707359032,0.0003943771105609907
-263.3633812917398,8.22477677836373e-06,-3.9747000000000057,0.01675,0.0018559624707359032,0.0003943771105609907
-263.2916677871905,7.98244500685224e-06,-3.9747000000000057,0.01675,0.0018559624707359032,0.0003943771105609907
-263.21995428264114,7.719992523900742e-06,-3.9747000000000057,0.01675,0.0018559624707359032,0.0003943771105609907
-263.1482407780918,7.438850959036965e-06,-3.9747000000000057,0.01675,0.0018559624707359032,0.0003943771105609907
-263.0765272735425,7.140575314007346e-06,-3.9747000000000057,0.01675,0.0018559624707359032,0.0003943771105609907
-263.0048137689932,6.82683656458409e-06,-3.9747000000000057,0.01675,0.0018559624707359032,0.0003943771105609907
-262.93310026444385,6.499413529673205e-06,-3.9747000000000057,0.01675,0.0018559624707359032,0.0003943771105609907
-262.8613867598945,6.1601840451115665e-06,-3.9747000000000057,0.01675,0.0018559624707359032,0.0003943771105609907
-262.7896732553452,5.811115483811899e-06,-3.9747000000000057,0.01675,0.0018559624707359032,0.0003943771105609907
-262.71795975079584,5.4542546679916575e-06,-3.9747000000000057,0.01675,0.0018559624707359032,0.0003943771105609907
-262.64624624624656,5.091717223094432e-06,-3.9747000000000057,0.01675,0.0018559624707359032,0.0003943771105609907
-262.5745327416972,4.725676426649501e-06,-3.9747000000000057,0.01675,0.0018559624707359032,0.0003943771105609907
-262.5028192371479,4.358351608705545e-06,-3.9747000000000057,0.01675,0.0018559624707359032,0.0003943771105609907
-262.4311057325986,3.991996163572778e-06,-3.9747000000000057,0.01675,0.0018559624707359032,0.0003943771105609907
-262.3593922280493,3.6288852354280545e-06,-3.9747000000000057,0.01675,0.0018559624707359032,0.0003943771105609907
-262.2876787234999,3.2713031428349137e-06,-3.9747000000000057,0.01675,0.0018559624707359032,0.0003943771105609907
-262.2159652189506,2.9215306093902567e-06,-3.9747000000000057,0.01675,0.0018559624707359032,0.0003943771105609907
-262.14425171440126,2.5818318695307715e-06,-3.9747000000000057,0.01675,0.0018559624707359032,0.0003943771105609907
-262.0725382098519,2.254441719999414e-06,-3.9747000000000057,0.01675,0.0018559624707359032,0.0003943771105609907
-262.00082470530265,1.9415525885410124e-06,-3.9747000000000057,0.01675,0.0018559624707359032,0.0003943771105609907
-261.9291112007533,1.6453016921127595e-06,-3.9747000000000057,0.01675,0.0018559624707359032,0.0003943771105609907
-261.857397696204,1.3677583572051953e-06,-3.9747000000000057,0.01675,0.0018559624707359032,0.0003943771105609907
-261.7856841916547,1.1109115747797367e-06,-3.9747000000000057,0.01675,0.0018559624707359032,0.0003943771105609907
-261.7139706871053,8.766578618515955e-07,-3.9747000000000057,0.01675,0.0018559624707359032,0.0003943771105609907
-261.64225718255597,6.667895008615973e-07,-3.9747000000000057,0.01675,0.0018559624707359032,0.0003943771105609907
-261.5705436780067,4.829832266839609e-07,-3.9747000000000057,0.01675,0.0018559624707359032,0.0003943771105609907
-261.49883017345735,3.2678942944442953e-07,-3.9747000000000057,0.01675,0.0018559624707359032,0.0003943771105609907
-261.427116668908,1.9962193923501371e-07,-3.9747000000000057,0.01675,0.0018559624707359032,0.0003943771105609907
-261.3554031643587,1.027484563460213e-07,-3.9747000000000057,0.01675,0.0018559624707359032,0.0003943771105609907
-261.2836896598094,3.728168779585332e-08,-3.9747000000000057,0.01675,0.0018559624707359032,0.0003943771105609907
-261.21197615526006,4.171247725889806e-09,-3.9747000000000057,0.01675,0.0018559624707359032,0.0003943771105609907
-261.14026265071067,4.1963756674314705e-09,-3.9747000000000057,0.01675,0.0018559624707359032,0.0003943771105609907
-261.0685491461614,3.795952278618733e-08,-3.9747000000000057,0.01675,0.0018559624707359032,0.0003943771105609907
-260.99683564161205,1.0588085199319658e-07,-3.9747000000000057,0.01675,0.0018559624707359032,0.0003943771105609907
-260.9251221370627,2.0819369329033064e-07,-3.9747000000000057,0.01675,0.0018559624707359032,0.0003943771105609907
-260.85340863251344,3.449409909222995e-07,-3.9747000000000057,0.01675,0.0018559624707359032,0.0003943771105609907
-260.7816951279641,5.159727738542953e-07,-3.9747000000000057,0.01675,0.0018559624707359032,0.0003943771105609907
-260.70998162341476,7.20944675808455e-07,-3.9747000000000057,0.01675,0.0018559624707359032,0.0003943771105609907
-260.6382681188655,9.593175256079232e-07,-3.9747000000000057,0.01675,0.0018559624707359032,0.0003943771105609907
-260.5665546143161,1.2303580229093264e-06,-3.9747000000000057,0.01675,0.0018559624707359032,0.0003943771105609907
-260.49484110976675,1.5331405085884837e-06,-3.9747000000000057,0.01675,0.0018559624707359032,0.0003943771105609907
-260.4231276052175,1.8665498331224734e-06,-3.9747000000000057,0.01675,0.0018559624707359032,0.0003943771105609907
-260.35141410066814,2.2292853202808343e-06,-3.9747000000000057,0.01675,0.0018559624707359032,0.0003943771105609907
-260.2797005961188,2.6198658173708963e-06,-3.9747000000000057,0.01675,0.0018559624707359032,0.0003943771105609907
-260.2079870915695,3.0366358171886415e-06,-3.9747000000000057,0.01675,0.0018559624707359032,0.0003943771105609907
-260.1362735870202,3.477772630735051e-06,-3.9747000000000057,0.01675,0.0018559624707359032,0.0003943771105609907
-260.06456008247085,3.941294583712888e-06,-3.9747000000000057,0.01675,0.0018559624707359032,0.0003943771105609907
-259.9928465779215,4.425070203862348e-06,-3.9747000000000057,0.01675,0.0018559624707359032,0.0003943771105609907
-259.9211330733722,4.926828360326218e-06,-3.9747000000000057,0.01675,0.0018559624707359032,0.0003943771105609907
-259.84941956882284,5.4441693105287884e-06,-3.9747000000000057,0.01675,0.0018559624707359032,0.0003943771105609907
-259.77770606427356,5.974576604512709e-06,-3.9747000000000057,0.01675,0.0018559624707359032,0.0003943771105609907
-259.7059925597242,6.515429791351122e-06,-3.9747000000000057,0.01675,0.0018559624707359032,0.0003943771105609907
-259.6342790551749,7.064017867154681e-06,-3.9747000000000057,0.01675,0.0018559624707359032,0.0003943771105609907
-259.56256555062555,7.617553399385005e-06,-3.9747000000000057,0.01675,0.0018559624707359032,0.0003943771105609907
-259.49085204607627,8.173187257652326e-06,-3.9747000000000057,0.01675,0.0018559624707359032,0.0003943771105609907
-259.4191385415269,8.728023876989748e-06,-3.9747000000000057,0.01675,0.0018559624707359032,0.0003943771105609907
-259.34742503697754,9.27913697574362e-06,-3.9747000000000057,0.01675,0.0018559624707359032,0.0003943771105609907
-259.27571153242826,9.823585646779182e-06,-3.9747000000000057,0.01675,0.0018559624707359032,0.0003943771105609907
-259.2039980278789,1.0358430737614208e-05,-3.9747000000000057,0.01675,0.0018559624707359032,0.0003943771105609907
-259.1322845233296,1.0880751432470964e-05,-3.9747000000000057,0.01675,0.0018559624707359032,0.0003943771105609907
-259.0605710187803,1.138766194704478e-05,-3.9747000000000057,0.01675,0.0018559624707359032,0.0003943771105609907
-258.988857514231,1.1876328245042817e-05,-3.9747000000000057,0.01675,0.0018559624707359032,0.0003943771105609907
-258.91714400968164,1.2343984684286961e-05,-3.9747000000000057,0.01675,0.0018559624707359032,0.0003943771105609907
-258.8454305051323,1.2787950499411198e-05,-3.9747000000000057,0.01675,0.0018559624707359032,0.0003943771105609907
-258.77371700058296,1.3205646027893737e-05,-3.9747000000000057,0.01675,0.0018559624707359032,0.0003943771105609907
-258.7020034960336,1.3594608586400107e-05,-3.9747000000000057,0.01675,0.0018559624707359032,0.0003943771105609907
-258.63028999148435,1.3952507905146207e-05,-3.9747000000000057,0.01675,0.0018559624707359032,0.0003943771105609907
-258.558576486935,1.4277161029242065e-05,-3.9747000000000057,0.01675,0.0018559624707359032,0.0003943771105609907
-258.4868629823857,1.4566546597728807e-05,-3.9747000000000057,0.01675,0.0018559624707359032,0.0003943771105609907
-258.4151494778364,1.4818818413298187e-05,-3.9747000000000057,0.01675,0.0018559624707359032,0.0003943771105609907
-258.34343597328706,1.503231821844286e-05,-3.9747000000000057,0.01675,0.0018559624707359032,0.0003943771105609907
-258.27172246873766,1.5205587597047912e-05,-3.9747000000000057,0.01675,0.0018559624707359032,0.0003943771105609907
-258.2000089641884,1.5337378924180315e-05,-3.9747000000000057,0.01675,0.0018559624707359032,0.0003943771105609907
-258.12829545963905,1.5426665291036655e-05,-3.9747000000000057,0.01675,0.0018559624707359032,0.0003943771105609907
-258.0565819550897,1.5472649336666054e-05,-3.9747000000000057,0.01675,0.0018559624707359032,0.0003943771105609907
-257.98486845054043,1.547477092317991e-05,-3.9747000000000057,0.01675,0.0018559624707359032,0.0003943771105609907
-257.9131549459911,1.543271359665016e-05,-3.9747000000000057,0.01675,0.0018559624707359032,0.0003943771105609907
-257.84144144144176,1.5346409781781246e-05,-3.9747000000000057,0.01675,0.0018559624707359032,0.0003943771105609907
-257.7697279368924,1.521604466467664e-05,-3.9747000000000057,0.01675,0.0018559624707359032,0.0003943771105609907
-257.6980144323431,1.5042058724585759e-05,-3.9747000000000057,0.01675,0.0018559624707359032,0.0003943771105609907
-257.62630092779375,1.4825148882377455e-05,-3.9747000000000057,0.01675,0.0018559624707359032,0.0003943771105609907
-257.5545874232444,1.4566268240611305e-05,-3.9747000000000057,0.01675,0.0018559624707359032,0.0003943771105609907
-257.48287391869513,1.4266624397429733e-05,-3.9747000000000057,0.01675,0.0018559624707359032,0.0003943771105609907
-257.4111604141458,1.3927676324037771e-05,-3.9747000000000057,0.01675,0.0018559624707359032,0.0003943771105609907
-257.33944690959646,1.3551129803239088e-05,-3.9747000000000057,0.01675,0.0018559624707359032,0.0003943771105609907
-257.2677334050472,1.3138931434302444e-05,-3.9747000000000057,0.01675,0.0018559624707359032,0.0003943771105609907
-257.19601990049784,1.2693261217323625e-05,-3.9747000000000057,0.01675,0.0018559624707359032,0.0003943771105609907
-257.12430639594845,1.2216523738169537e-05,-3.9747000000000057,0.01675,0.0018559624707359032,0.0003943771105609907
-257.0525928913992,1.1711337982992508e-05,-3.9747000000000057,0.01675,0.0018559624707359032,0.0003943771105609907
-256.98087938684984,1.1180525819162022e-05,-3.9747000000000057,0.01675,0.0018559624707359032,0.0003943771105609907
-256.9091658823005,1.0627099187237513e-05,-3.9747000000000057,0.01675,0.0018559624707359032,0.0003943771105609907
-256.8374523777512,1.0054246056208063e-05,-3.9747000000000057,0.01675,0.0018559624707359032,0.0003943771105609907
-256.7657388732019,9.465315201687864e-06,-3.9747000000000057,0.01675,0.0018559624707359032,0.0003943771105609907
-256.69402536865255,8.86379987398011e-06,-3.9747000000000057,0.01675,0.0018559624707359032,0.0003943771105609907
-256.6223118641032,8.253320429867365e-06,-3.9747000000000057,0.01675,0.0018559624707359032,0.0003943771105609907
-256.5505983595539,7.637606008660869e-06,-3.9747000000000057,0.01675,0.0018559624707359032,0.0003943771105609907
-256.47888485500454,7.020475339342533e-06,-3.9747000000000057,0.01675,0.0018559624707359032,0.0003943771105609907
-256.4071713504552,6.4058167715695565e-06,-3.9747000000000057,0.01675,0.0018559624707359032,0.0003943771105609907
-256.3354578459059,5.797567628823476e-06,-3.9747000000000057,0.01675,0.0018559624707359032,0.0003943771105609907
-256.2637443413566,5.199692987043607e-06,-3.9747000000000057,0.01675,0.0018559624707359032,0.0003943771105609907
-256.1920308368073,4.616163986668372e-06,-3.9747000000000057,0.01675,0.0018559624707359032,0.0003943771105609907
-256.12031733225797,4.0509357900472205e-06,-3.9747000000000057,0.01675,0.0018559624707359032,0.0003943771105609907
-256.04860382770863,3.5079252997233453e-06,-3.9747000000000057,0.01675,0.0018559624707359032,0.0003943771105609907
-255.97689032315927,2.9909887560038427e-06,-3.9747000000000057,0.01675,0.0018559624707359032,0.0003943771105609907
-255.90517681860996,2.5038993346021593e-06,-3.9747000000000057,0.01675,0.0018559624707359032,0.0003943771105609907
-255.83346331406062,2.0503248668553032e-06,-3.9747000000000057,0.01675,0.0018559624707359032,0.0003943771105609907
-255.7617498095113,1.6338058061332614e-06,-3.9747000000000057,0.01675,0.0018559624707359032,0.0003943771105609907
-255.690036304962,1.2577335645000267e-06,-3.9747000000000057,0.01675,0.0018559624707359032,0.0003943771105609907
-255.61832280041267,9.253293434912537e-07,-3.9747000000000057,0.01675,0.0018559624707359032,0.0003943771105609907
-255.5466092958633,6.39623582007895e-07,-3.9747000000000057,0.01675,0.0018559624707359032,0.0003943771105609907
-255.47489579131403,4.0343614277955756e-07,-3.9747000000000057,0.01675,0.0018559624707359032,0.0003943771105609907
-255.4031822867647,2.1935735665239456e-07,-3.9747000000000057,0.01675,0.0018559624707359032,0.0003943771105609907
-255.33146878221535,8.973004108138938e-08,-3.9747000000000057,0.01675,0.0018559624707359032,0.0003943771105609907
-255.25975527766605,1.663260566361489e-08,-3.9747000000000057,0.01675,0.0018559624707359032,0.0003943771105609907
-255.1880417731167,1.8633533685356183e-09,-3.9747000000000057,0.01675,0.0018559624707359032,0.0003943771105609907
-255.11632826856737,4.6926081290390657e-08,-3.9747000000000057,0.01675,0.0018559624707359032,0.0003943771105609907
-255.04461476401806,1.530170792988598e-07,-3.9747000000000057,0.01675,0.0018559624707359032,0.0003943771105609907
-254.97290125946873,3.210136189148336e-07,-3.9747000000000057,0.01675,0.0018559624707359032,0.0003943771105609907
-254.9011877549194,5.514640181068225e-07,-3.9747000000000057,0.01675,0.0018559624707359032,0.0003943771105609907
-254.8294742503701,8.445793605251139e-07,-3.9747000000000057,0.01675,0.0018559624707359032,0.0003943771105609907
-254.75776074582075,1.2002269399890191e-06,-3.9747000000000057,0.01675,0.0018559624707359032,0.0003943771105609907
-254.6860472412714,1.6179254928478403e-06,-3.9747000000000057,0.01675,0.0018559624707359032,0.0003943771105609907
-254.61433373672207,2.0968422722062347e-06,-3.9747000000000057,0.01675,0.0018559624707359032,0.0003943771105609907
-254.5426202321728,2.6357920089365517e-06,-3.9747000000000057,0.01675,0.0018559624707359032,0.0003943771105609907
-254.47090672762346,3.233237794989628e-06,-3.9747000000000057,0.01675,0.0018559624707359032,0.0003943771105609907
-254.39919322307415,3.887293914749586e-06,-3.9747000000000057,0.01675,0.0018559624707359032,0.0003943771105609907
-254.3274797185248,4.595730640164539e-06,-3.9747000000000057,0.01675,0.0018559624707359032,0.0003943771105609907
-254.25576621397548,5.355980995102451e-06,-3.9747000000000057,0.01675,0.0018559624707359032,0.0003943771105609907
-254.18405270942614,6.165149483953664e-06,-3.9747000000000057,0.01675,0.0018559624707359032,0.0003943771105609907
-254.11233920487683,7.020022768916827e-06,-3.9747000000000057,0.01675,0.0018559624707359032,0.0003943771105609907
-254.0406257003275,7.917082269763805e-06,-3.9747000000000057,0.01675,0.0018559624707359032,0.0003943771105609907
-253.96891219577816,8.852518649198976e-06,-3.9747000000000057,0.01675,0.0018559624707359032,0.0003943771105609907
-253.89719869122885,9.822248136305984e-06,-3.9747000000000057,0.01675,0.0018559624707359032,0.0003943771105609907
-253.82548518667951,1.0821930630016538e-05,-3.9747000000000057,0.01675,0.0018559624707359032,0.0003943771105609907
-253.75377168213018,1.1846989514137637e-05,-3.9747000000000057,0.01675,0.0018559624707359032,0.0003943771105609907
-253.6820581775809,1.2892633105285773e-05,-3.9747000000000057,0.01675,0.0018559624707359032,0.0003943771105609907
-253.61034467303153,1.3953877645129455e-05,-3.9747000000000057,0.01675,0.0018559624707359032,0.0003943771105609907
-253.5386311684822,1.5025571738705683e-05,-3.9747000000000057,0.01675,0.0018559624707359032,0.0003943771105609907
-253.46691766393292,1.6102422131352266e-05,-3.9747000000000057,0.01675,0.0018559624707359032,0.0003943771105609907
-253.39520415938358,1.7179020707925777e-05,-3.9747000000000057,0.01675,0.0018559624707359032,0.0003943771105609907
-253.32349065483422,1.824987258962781e-05,-3.9747000000000057,0.01675,0.0018559624707359032,0.0003943771105609907
-253.25177715028494,1.9309425195934754e-05,-3.9747000000000057,0.01675,0.0018559624707359032,0.0003943771105609907
-253.1800636457356,2.0352098131851296e-05,-3.9747000000000057,0.01675,0.0018559624707359032,0.0003943771105609907
-253.10835014118626,2.137231375404182e-05,-3.9747000000000057,0.01675,0.0018559624707359032,0.0003943771105609907
-253.03663663663696,2.2364528263447825e-05,-3.9747000000000057,0.01675,0.0018559624707359032,0.0003943771105609907
-252.96492313208762,2.3323263166677368e-05,-3.9747000000000057,0.01675,0.0018559624707359032,0.0003943771105609907
-252.89320962753828,2.4243136943922146e-05,-3.9747000000000057,0.01675,0.0018559624707359032,0.0003943771105609907
-252.82149612298895,2.5118896757391525e-05,-3.9747000000000057,0.01675,0.0018559624707359032,0.0003943771105609907
-252.74978261843964,2.5945450031274358e-05,-3.9747000000000057,0.01675,0.0018559624707359032,0.0003943771105609907
-252.6780691138903,2.6717895732114564e-05,-3.9747000000000057,0.01675,0.0018559624707359032,0.0003943771105609907
-252.60635560934102,2.743155517719679e-05,-3.9747000000000057,0.01675,0.0018559624707359032,0.0003943771105609907
-252.5346421047917,2.8082002198149682e-05,-3.9747000000000057,0.01675,0.0018559624707359032,0.0003943771105609907
-252.46292860024232,2.8665092487436256e-05,-3.9747000000000057,0.01675,0.0018559624707359032,0.0003943771105609907
-252.39121509569298,2.9176991956810224e-05,-3.9747000000000057,0.01675,0.0018559624707359032,0.0003943771105609907
-252.3195015911437,2.9614203939094448e-05,-3.9747000000000057,0.01675,0.0018559624707359032,0.0003943771105609907
-252.24778808659437,2.9973595067842962e-05,-3.9747000000000057,0.01675,0.0018559624707359032,0.0003943771105609907
-252.176074582045,3.0252419673556138e-05,-3.9747000000000057,0.01675,0.0018559624707359032,0.0003943771105609907
-252.10436107749572,3.0448342540129986e-05,-3.9747000000000057,0.01675,0.0018559624707359032,0.0003943771105609907
-252.0326475729464,3.0559459871109776e-05,-3.9747000000000057,0.01675,0.0018559624707359032,0.0003943771105609907
-251.96093406839705,3.058431832208197e-05,-3.9747000000000057,0.01675,0.0018559624707359032,0.0003943771105609907
-251.88922056384774,3.052193196316173e-05,-3.9747000000000057,0.01675,0.0018559624707359032,0.0003943771105609907
-251.8175070592984,3.0371797043962905e-05,-3.9747000000000057,0.01675,0.0018559624707359032,0.0003943771105609907
-251.74579355474907,3.0133904442675814e-05,-3.9747000000000057,0.01675,0.0018559624707359032,0.0003943771105609907
-251.6740800501998,2.9808749690867152e-05,-3.9747000000000057,0.01675,0.0018559624707359032,0.0003943771105609907
-251.60236654565043,2.939734047632768e-05,-3.9747000000000057,0.01675,0.0018559624707359032,0.0003943771105609907
-251.5306530411011,2.8901201537688624e-05,-3.9747000000000057,0.01675,0.0018559624707359032,0.0003943771105609907
-251.4589395365518,2.8322376876534877e-05,-3.9747000000000057,0.01675,0.0018559624707359032,0.0003943771105609907
-251.38722603200247,2.7663429225352722e-05,-3.9747000000000057,0.01675,0.0018559624707359032,0.0003943771105609907
-251.3155125274531,2.692743672277207e-05,-3.9747000000000057,0.01675,0.0018559624707359032,0.0003943771105609907
-251.24379902290383,2.6117986761145275e-05,-3.9747000000000057,0.01675,0.0018559624707359032,0.0003943771105609907
-251.1720855183545,2.523916698550319e-05,-3.9747000000000057,0.01675,0.0018559624707359032,0.0003943771105609907
-251.10037201380516,2.429555343728418e-05,-3.9747000000000057,0.01675,0.0018559624707359032,0.0003943771105609907
-251.0286585092558,2.329219585081348e-05,-3.9747000000000057,0.01675,0.0018559624707359032,0.0003943771105609907
-250.9569450047065,2.223460012536383e-05,-3.9747000000000057,0.01675,0.0018559624707359032,0.0003943771105609907
-250.88523150015718,2.112870801055499e-05,-3.9747000000000057,0.01675,0.0018559624707359032,0.0003943771105609907
-250.81351799560784,1.9980874057905747e-05,-3.9747000000000057,0.01675,0.0018559624707359032,0.0003943771105609907
-250.74180449105853,1.8797839906318638e-05,-3.9747000000000057,0.01675,0.0018559624707359032,0.0003943771105609907
-250.6700909865092,1.7586705984237535e-05,-3.9747000000000057,0.01675,0.0018559624707359032,0.0003943771105609907
-250.59837748195986,1.635490072597001e-05,-3.9747000000000057,0.01675,0.0018559624707359032,0.0003943771105609907
-250.52666397741058,1.5110147414186987e-05,-3.9747000000000057,0.01675,0.0018559624707359032,0.0003943771105609907
-250.4549504728612,1.3860428774835071e-05,-3.9747000000000057,0.01675,0.0018559624707359032,0.0003943771105609907
-250.38323696831188,1.261394946454061e-05,-3.9747000000000057,0.01675,0.0018559624707359032,0.0003943771105609907
-250.3115234637626,1.137909660391127e-05,-3.9747000000000057,0.01675,0.0018559624707359032,0.0003943771105609907
-250.23980995921326,1.0164398523016993e-05,-3.9747000000000057,0.01675,0.0018559624707359032,0.0003943771105609907
-250.1680964546639,8.978481897542388e-06,-3.9747000000000057,0.01675,0.0018559624707359032,0.0003943771105609907
-250.09638295011462,7.830027465638867e-06,-3.9747000000000057,0.01675,0.0018559624707359032,0.0003943771105609907
-250.02466944556528,6.727724526326161e-06,-3.9747000000000057,0.01675,0.0018559624707359032,0.0003943771105609907
-249.95295594101594,5.6802244303081685e-06,-3.9747000000000057,0.01675,0.0018559624707359032,0.0003943771105609907
-249.88124243646664,4.696093283156168e-06,-3.9747000000000057,0.01675,0.0018559624707359032,0.0003943771105609907
-249.8095289319173,3.7837640890532163e-06,-3.9747000000000057,0.01675,0.0018559624707359032,0.0003943771105609907
-249.73781542736796,2.9514885704982526e-06,-3.9747000000000057,0.01675,0.0018559624707359032,0.0003943771105609907
-249.66610192281868,2.2072889055497755e-06,-3.9747000000000057,0.01675,0.0018559624707359032,0.0003943771105609907
-249.59438841826932,1.5589096293024699e-06,-3.9747000000000057,0.01675,0.0018559624707359032,0.0003943771105609907
-249.52267491371998,1.0137699502844449e-06,-3.9747000000000057,0.01675,0.0018559624707359032,0.0003943771105609907
-249.4509614091707,5.789167352649693e-07,-3.9747000000000057,0.01675,0.0018559624707359032,0.0003943771105609907
-249.37924790462137,2.609784176286097e-07,-3.9747000000000057,0.01675,0.0018559624707359032,0.0003943771105609907
-249.307534400072,6.612008487696001e-08,-3.9747000000000057,0.01675,0.0018559624707359032,0.0003943771105609907
-249.23582089552266,2.369291722784604e-32,-3.9747000000000057,0.01675,0.0018559624707359032,0.0003943771105609907
-249.16410739097338,6.772780939679787e-08,-3.9747000000000057,0.01675,0.0018559624707359032,0.0003943771105609907
-249.09239388642405,2.7382468668678914e-07,-3.9747000000000057,0.01675,0.0018559624707359032,0.0003943771105609907
-249.02068038187468,6.221856571501039e-07,-3.9747000000000057,0.01675,0.0018559624707359032,0.0003943771105609907
-248.9489668773254,1.1160443416714854e-06,-3.9747000000000057,0.01675,0.0018559624707359032,0.0003943771105609907
-248.87725337277607,1.7579403519427598e-06,-3.9747000000000057,0.01675,0.0018559624707359032,0.0003943771105609907
-248.80553986822673,2.5496895603018713e-06,-3.9747000000000057,0.01675,0.0018559624707359032,0.0003943771105609907
-248.73382636367742,3.4923574580160253e-06,-3.9747000000000057,0.01675,0.0018559624707359032,0.0003943771105609907
-248.6621128591281,4.5862358050215955e-06,-3.9747000000000057,0.01675,0.0018559624707359032,0.0003943771105609907
-248.59039935457875,5.83082276218876e-06,-3.9747000000000057,0.01675,0.0018559624707359032,0.0003943771105609907
-248.51868585002947,7.224806684117166e-06,-3.9747000000000057,0.01675,0.0018559624707359032,0.0003943771105609907
-248.4469723454801,8.766053736317036e-06,-3.9747000000000057,0.01675,0.0018559624707359032,0.0003943771105609907
-248.37525884093077,1.0451599485429377e-05,-3.9747000000000057,0.01675,0.0018559624707359032,0.0003943771105609907
-248.3035453363815,1.2277644595032495e-05,-3.9747000000000057,0.01675,0.0018559624707359032,0.0003943771105609907
-248.23183183183215,1.4239554742468145e-05,-3.9747000000000057,0.01675,0.0018559624707359032,0.0003943771105609907
-248.1601183272828,1.6331864854217718e-05,-3.9747000000000057,0.01675,0.0018559624707359032,0.0003943771105609907
-248.0884048227335,1.854828773869484e-05,-3.9747000000000057,0.01675,0.0018559624707359032,0.0003943771105609907
-248.01669131818417,2.0881727175913338e-05,-3.9747000000000057,0.01675,0.0018559624707359032,0.0003943771105609907
-247.94497781363484,2.3324295503442177e-05,-3.9747000000000057,0.01675,0.0018559624707359032,0.0003943771105609907
-247.87326430908553,2.5867335717590417e-05,-3.9747000000000057,0.01675,0.0018559624707359032,0.0003943771105609907
-247.8015508045362,2.8501448087701194e-05,-3.9747000000000057,0.01675,0.0018559624707359032,0.0003943771105609907
-247.72983729998685,3.121652126009548e-05,-3.9747000000000057,0.01675,0.0018559624707359032,0.0003943771105609907
-247.65812379543758,3.400176780661227e-05,-3.9747000000000057,0.01675,0.0018559624707359032,0.0003943771105609907
-247.5864102908882,3.684576415088459e-05,-3.9747000000000057,0.01675,0.0018559624707359032,0.0003943771105609907
-247.51469678633887,3.9736494783601535e-05,-3.9747000000000057,0.01675,0.0018559624707359032,0.0003943771105609907
-247.44298328178954,4.266140065627238e-05,-3.9747000000000057,0.01675,0.0018559624707359032,0.0003943771105609907
-247.37126977724026,4.560743162119825e-05,-3.9747000000000057,0.01675,0.0018559624707359032,0.0003943771105609907
-247.2995562726909,4.856110276399225e-05,-3.9747000000000057,0.01675,0.0018559624707359032,0.0003943771105609907
-247.22784276814156,5.1508554453770604e-05,-3.9747000000000057,0.01675,0.0018559624707359032,0.0003943771105609907
-247.15612926359228,5.443561591555914e-05,-3.9747000000000057,0.01675,0.0018559624707359032,0.0003943771105609907
-247.08441575904294,5.732787210919925e-05,-3.9747000000000057,0.01675,0.0018559624707359032,0.0003943771105609907
-247.01270225449358,6.017073367957222e-05,-3.9747000000000057,0.01675,0.0018559624707359032,0.0003943771105609907
-246.9409887499443,6.294950972421062e-05,-3.9747000000000057,0.01675,0.0018559624707359032,0.0003943771105609907
-246.86927524539496,6.564948310639627e-05,-3.9747000000000057,0.01675,0.0018559624707359032,0.0003943771105609907
-246.79756174084562,6.825598802479404e-05,-3.9747000000000057,0.01675,0.0018559624707359032,0.0003943771105609907
-246.72584823629632,7.075448953477076e-05,-3.9747000000000057,0.01675,0.0018559624707359032,0.0003943771105609907
-246.65413473174698,7.313066470157588e-05,-3.9747000000000057,0.01675,0.0018559624707359032,0.0003943771105609907
-246.58242122719764,7.537048505188998e-05,-3.9747000000000057,0.01675,0.0018559624707359032,0.0003943771105609907
-246.51070772264833,7.74602999778378e-05,-3.9747000000000057,0.01675,0.0018559624707359032,0.0003943771105609907
-246.438994218099,7.938692073645155e-05,-3.9747000000000057,0.01675,0.0018559624707359032,0.0003943771105609907
-246.36728071354966,8.113770467789647e-05,-3.9747000000000057,0.01675,0.0018559624707359032,0.0003943771105609907
-246.29556720900038,8.270063932760044e-05,-3.9747000000000057,0.01675,0.0018559624707359032,0.0003943771105609907
-246.22385370445105,8.406442594074504e-05,-3.9747000000000057,0.01675,0.0018559624707359032,0.0003943771105609907
-246.15214019990168,8.521856214249362e-05,-3.9747000000000057,0.01675,0.0018559624707359032,0.0003943771105609907
-246.0804266953524,8.615342326392246e-05,-3.9747000000000057,0.01675,0.0018559624707359032,0.0003943771105609907
-246.00871319080306,8.686034198181908e-05,-3.9747000000000057,0.01675,0.0018559624707359032,0.0003943771105609907
-245.93699968625373,8.733168587043614e-05,-3.9747000000000057,0.01675,0.0018559624707359032,0.0003943771105609907
-245.86528618170442,8.756093247497661e-05,-3.9747000000000057,0.01675,0.0018559624707359032,0.0003943771105609907
-245.79357267715508,8.754274151994952e-05,-3.9747000000000057,0.01675,0.0018559624707359032,0.0003943771105609907
-245.72185917260575,8.727302387070205e-05,-3.9747000000000057,0.01675,0.0018559624707359032,0.0003943771105609907
-245.6501456680564,8.674900687333515e-05,-3.9747000000000057,0.01675,0.0018559624707359032,0.0003943771105609907
-245.5784321635071,8.596929570685722e-05,-3.9747000000000057,0.01675,0.0018559624707359032,0.0003943771105609907
-245.50671865895777,8.493393039181491e-05,-3.9747000000000057,0.01675,0.0018559624707359032,0.0003943771105609907
-245.43500515440843,8.364443811174098e-05,-3.9747000000000057,0.01675,0.0018559624707359032,0.0003943771105609907
-245.36329164985912,8.210388051752589e-05,-3.9747000000000057,0.01675,0.0018559624707359032,0.0003943771105609907
-245.29157814530978,8.031689570024803e-05,-3.9747000000000057,0.01675,0.0018559624707359032,0.0003943771105609907
-245.21986464076045,7.828973453502064e-05,-3.9747000000000057,0.01675,0.0018559624707359032,0.0003943771105609907
-245.14815113621117,7.60302911169666e-05,-3.9747000000000057,0.01675,0.0018559624707359032,0.0003943771105609907
-245.07643763166183,7.35481270304858e-05,-3.9747000000000057,0.01675,0.0018559624707359032,0.0003943771105609907
-245.00472412711247,7.085448921447555e-05,-3.9747000000000057,0.01675,0.0018559624707359032,0.0003943771105609907
-244.9330106225632,6.796232120893012e-05,-3.9747000000000057,0.01675,0.0018559624707359032,0.0003943771105609907
-244.86129711801385,6.488626759243583e-05,-3.9747000000000057,0.01675,0.0018559624707359032,0.0003943771105609907
-244.78958361346452,6.164267144538439e-05,-3.9747000000000057,0.01675,0.0018559624707359032,0.0003943771105609907
-244.7178701089152,5.824956469994471e-05,-3.9747000000000057,0.01675,0.0018559624707359032,0.0003943771105609907
-244.64615660436587,5.472665126523872e-05,-3.9747000000000057,0.01675,0.0018559624707359032,0.0003943771105609907
-244.57444309981653,5.109528284432313e-05,-3.9747000000000057,0.01675,0.0018559624707359032,0.0003943771105609907
-244.50272959526723,4.737842738850437e-05,-3.9747000000000057,0.01675,0.0018559624707359032,0.0003943771105609907
-244.4310160907179,4.3600630164148276e-05,-3.9747000000000057,0.01675,0.0018559624707359032,0.0003943771105609907
-244.35930258616855,3.9787967437286514e-05,-3.9747000000000057,0.01675,0.0018559624707359032,0.0003943771105609907
-244.28758908161927,3.59679928118277e-05,-3.9747000000000057,0.01675,0.0018559624707359032,0.0003943771105609907
-244.2158755770699,3.2169676288040234e-05,-3.9747000000000057,0.01675,0.0018559624707359032,0.0003943771105609907
-244.14416207252057,2.8423336139005775e-05,-3.9747000000000057,0.01675,0.0018559624707359032,0.0003943771105609907
-244.0724485679713,2.4760563733633234e-05,-3.9747000000000057,0.01675,0.0018559624707359032,0.0003943771105609907
-244.00073506342196,2.1214141465875917e-05,-3.9747000000000057,0.01675,0.0018559624707359032,0.0003943771105609907
-243.92902155887262,1.781795398041103e-05,-3.9747000000000057,0.01675,0.0018559624707359032,0.0003943771105609907
-243.85730805432325,1.4606892915303097e-05,-3.9747000000000057,0.01675,0.0018559624707359032,0.0003943771105609907
-243.78559454977398,1.161675541207803e-05,-3.9747000000000057,0.01675,0.0018559624707359032,0.0003943771105609907
-243.71388104522464,8.884136672707304e-06,-3.9747000000000057,0.01675,0.0018559624707359032,0.0003943771105609907
-243.6421675406753,6.446316871528769e-06,-3.9747000000000057,0.01675,0.0018559624707359032,0.0003943771105609907
-243.570454036126,4.34114275752436e-06,-3.9747000000000057,0.01675,0.0018559624707359032,0.0003943771105609907
-243.49874053157666,2.606904308984993e-06,-3.9747000000000057,0.01675,0.0018559624707359032,0.0003943771105609907
-243.42702702702732,1.2822068279193895e-06,-3.9747000000000057,0.01675,0.0018559624707359032,0.0003943771105609907
-243.355313522478,4.058388856640179e-07,-3.9747000000000057,0.01675,0.0018559624707359032,0.0003943771105609907
-243.28360001792868,1.6636553914344818e-08,-3.9747000000000057,0.01675,0.0018559624707359032,0.0003943771105609907
-243.21188651337934,1.5334437664562904e-07,-3.9747000000000057,0.01675,0.0018559624707359032,0.0003943771105609907
-243.14017300883006,8.544735580549635e-07,-3.9747000000000057,0.01675,0.0018559624707359032,0.0003943771105609907
-243.0684595042807,2.1581578596618585e-06,-3.9747000000000057,0.01675,0.0018559624707359032,0.0003943771105609907
-242.99674599973136,4.102007715888129e-06,-3.9747000000000057,0.01675,0.0018559624707359032,0.0003943771105609907
-242.92503249518208,6.722963091817639e-06,-3.9747000000000057,0.01675,0.0018559624707359032,0.0003943771105609907
-242.85331899063274,1.0057145619220958e-05,-3.9747000000000057,0.01675,0.0018559624707359032,0.0003943771105609907
-242.78160548608338,1.4139710557304937e-05,-3.9747000000000057,0.01675,0.0018559624707359032,0.0003943771105609907
-242.7098919815341,1.900469913300886e-05,-3.9747000000000057,0.01675,0.0018559624707359032,0.0003943771105609907
-242.63817847698476,2.468489182185187e-05,-3.9747000000000057,0.01675,0.0018559624707359032,0.0003943771105609907
-242.56646497243543,3.121166313424187e-05,-3.9747000000000057,0.01675,0.0018559624707359032,0.0003943771105609907
-242.49475146788612,3.861483847412579e-05,-3.9747000000000057,0.01675,0.0018559624707359032,0.0003943771105609907
-242.42303796333678,4.6922553636267625e-05,-3.9747000000000057,0.01675,0.0018559624707359032,0.0003943771105609907
-242.35132445878745,5.616111750574809e-05,-3.9747000000000057,0.01675,0.0018559624707359032,0.0003943771105609907
-242.27961095423817,6.635487851836252e-05,-3.9747000000000057,0.01675,0.0018559624707359032,0.0003943771105609907
-242.2078974496888,7.752609543328622e-05,-3.9747000000000057,0.01675,0.0018559624707359032,0.0003943771105609907
-242.13618394513946,8.96948129597144e-05,-3.9747000000000057,0.01675,0.0018559624707359032,0.0003943771105609907
-242.06447044059013,0.00010287874276774655,-3.9747000000000057,0.01675,0.0018559624707359032,0.0003943771105609907
-241.99275693604085,0.00011709315039935776,-3.9747000000000057,0.01675,0.0018559624707359032,0.0003943771105609907
-241.92104343149148,0.00013235074857951448,-3.9747000000000057,0.01675,0.0018559624707359032,0.0003943771105609907
-241.8493299269422,0.00014866159740873478,-3.9747000000000057,0.01675,0.0018559624707359032,0.0003943771105609907
-241.77761642239287,0.00016603301189864792,-3.9747000000000057,0.01675,0.0018559624707359032,0.0003943771105609907
-241.70590291784353,0.0001844694772888149,-3.9747000000000057,0.01675,0.0018559624707359032,0.0003943771105609907
-241.63418941329417,0.00020397257255961614,-3.9747000000000057,0.01675,0.0018559624707359032,0.0003943771105609907
-241.5624759087449,0.0002245409025290742,-3.9747000000000057,0.01675,0.0018559624707359032,0.0003943771105609907
-241.49076240419555,0.0002461700388941005,-3.9747000000000057,0.01675,0.0018559624707359032,0.0003943771105609907
-241.4190488996462,0.0002688524705462848,-3.9747000000000057,0.01675,0.0018559624707359032,0.0003943771105609907
-241.3473353950969,0.0002925775634619796,-3.9747000000000057,0.01675,0.0018559624707359032,0.0003943771105609907
-241.27562189054757,0.0003173315304330939,-3.9747000000000057,0.01675,0.0018559624707359032,0.0003943771105609907
-241.20390838599823,0.00034309741087121986,-3.9747000000000057,0.01675,0.0018559624707359032,0.0003943771105609907
-241.13219488144895,0.00036985506088268836,-3.9747000000000057,0.01675,0.0018559624707359032,0.0003943771105609907
-241.0604813768996,0.0003975811537757448,-3.9747000000000057,0.01675,0.0018559624707359032,0.0003943771105609907
-240.98876787235025,0.0004262491911234836,-3.9747000000000057,0.01675,0.0018559624707359032,0.0003943771105609907
-240.91705436780097,0.0004558295244690848,-3.9747000000000057,0.01675,0.0018559624707359032,0.0003943771105609907
-240.84534086325164,0.0004862893877203005,-3.9747000000000057,0.01675,0.0018559624707359032,0.0003943771105609907
-240.77362735870227,0.0005175929402413405,-3.9747000000000057,0.01675,0.0018559624707359032,0.0003943771105609907
-240.70191385415293,0.0005497013206111949,-3.9747000000000057,0.01675,0.0018559624707359032,0.0003943771105609907
-240.63020034960365,0.0005825727109772755,-3.9747000000000057,0.01675,0.0018559624707359032,0.0003943771105609907
-240.55848684505432,0.000616162411893793,-3.9747000000000057,0.01675,0.0018559624707359032,0.0003943771105609907
-240.486773340505,0.0006504229274944248,-3.9747000000000057,0.01675,0.0018559624707359032,0.0003943771105609907
-240.41505983595567,0.0006853040608103157,-3.9747000000000057,0.01675,0.0018559624707359032,0.0003943771105609907
-240.34334633140634,0.0007207530190045223,-3.9747000000000057,0.01675,0.0018559624707359032,0.0003943771105609907
-240.271632826857,0.0007567145282567589,-3.9747000000000057,0.01675,0.0018559624707359032,0.0003943771105609907
-240.1999193223077,0.0007931309579941649,-3.9747000000000057,0.01675,0.0018559624707359032,0.0003943771105609907
-240.12820581775836,0.0008299424541276586,-3.9747000000000057,0.01675,0.0018559624707359032,0.0003943771105609907
-240.05649231320908,0.0008670870809174864,-3.9747000000000057,0.01675,0.0018559624707359032,0.0003943771105609907
-239.98477880865974,0.0009045009710580001,-3.9747000000000057,0.01675,0.0018559624707359032,0.0003943771105609907
-239.91306530411038,0.0009421184835376249,-3.9747000000000057,0.01675,0.0018559624707359032,0.0003943771105609907
-239.84135179956104,0.0009798723687997402,-3.9747000000000057,0.01675,0.0018559624707359032,0.0003943771105609907
-239.76963829501176,0.0010176939406994693,-3.9747000000000057,0.01675,0.0018559624707359032,0.0003943771105609907
-239.69792479046242,0.001055513254723601,-3.9747000000000057,0.01675,0.0018559624707359032,0.0003943771105609907
-239.62621128591306,0.0010932592919142884,-3.9747000000000057,0.01675,0.0018559624707359032,0.0003943771105609907
-239.55449778136378,0.0011308601479135482,-3.9747000000000057,0.01675,0.0018559624707359032,0.0003943771105609907
-239.48278427681444,0.0011682432265229293,-3.9747000000000057,0.01675,0.0018559624707359032,0.0003943771105609907
-239.4110707722651,0.001205335437152188,-3.9747000000000057,0.01675,0.0018559624707359032,0.0003943771105609907
-239.3393572677158,0.0012420633955143661,-3.9747000000000057,0.01675,0.0018559624707359032,0.0003943771105609907
-239.26764376316646,0.0012783536269080431,-3.9747000000000057,0.01675,0.0018559624707359032,0.0003943771105609907
-239.19593025861712,0.0013141327714149445,-3.9747000000000057,0.01675,0.0018559624707359032,0.0003943771105609907
-239.12421675406785,0.0013493277903308142,-3.9747000000000057,0.01675,0.0018559624707359032,0.0003943771105609907
-239.05250324951848,0.0013838661731392075,-3.9747000000000057,0.01675,0.0018559624707359032,0.0003943771105609907
-238.98078974496914,0.0014176761443320113,-3.9747000000000057,0.01675,0.0018559624707359032,0.0003943771105609907
-238.9090762404198,0.0014506868693788654,-3.9747000000000057,0.01675,0.0018559624707359032,0.0003943771105609907
-238.83736273587053,0.0014828286591459334,-3.9747000000000057,0.01675,0.0018559624707359032,0.0003943771105609907
-238.76564923132116,0.0015140331720681487,-3.9747000000000057,0.01675,0.0018559624707359032,0.0003943771105609907
-238.69393572677185,0.0015442336133829801,-3.9747000000000057,0.01675,0.0018559624707359032,0.0003943771105609907
-238.62222222222255,0.0015733649307427483,-3.9747000000000057,0.01675,0.0018559624707359032,0.0003943771105609907
-238.5505087176732,0.001601364005531249,-3.9747000000000057,0.01675,0.0018559624707359032,0.0003943771105609907
-238.47879521312387,0.0016281698392243981,-3.9747000000000057,0.01675,0.0018559624707359032,0.0003943771105609907
-238.40708170857457,0.0016537237341494517,-3.9747000000000057,0.01675,0.0018559624707359032,0.0003943771105609907
-238.33536820402523,0.0016779694680151692,-3.9747000000000057,0.01675,0.0018559624707359032,0.0003943771105609907
-238.26365469947592,0.0017008534616053939,-3.9747000000000057,0.01675,0.0018559624707359032,0.0003943771105609907
-238.19194119492659,0.0017223249390513813,-3.9747000000000057,0.01675,0.0018559624707359032,0.0003943771105609907
-238.12022769037725,0.001742336080122424,-3.9747000000000057,0.01675,0.0018559624707359032,0.0003943771105609907
-238.04851418582794,0.0017608421640017498,-3.9747000000000057,0.01675,0.0018559624707359032,0.0003943771105609907
-237.97680068127863,0.001777801704043282,-3.9747000000000057,0.01675,0.0018559624707359032,0.0003943771105609907
-237.90508717672927,0.0017931765730358617,-3.9747000000000057,0.01675,0.0018559624707359032,0.0003943771105609907
-237.83337367217996,0.0018069321185342495,-3.9747000000000057,0.01675,0.0018559624707359032,0.0003943771105609907
-237.76166016763062,0.0018190372678508226,-3.9747000000000057,0.01675,0.0018559624707359032,0.0003943771105609907
-237.68994666308132,0.0018294646223374535,-3.9747000000000057,0.01675,0.0018559624707359032,0.0003943771105609907
-237.61823315853198,0.0018381905406250321,-3.9747000000000057,0.01675,0.0018559624707359032,0.0003943771105609907
-237.54651965398264,0.0018451952105263472,-3.9747000000000057,0.01675,0.0018559624707359032,0.0003943771105609907
-237.47480614943333,0.0018504627093482364,-3.9747000000000057,0.01675,0.0018559624707359032,0.0003943771105609907
-237.403092644884,0.0018539810523995515,-3.9747000000000057,0.01675,0.0018559624707359032,0.0003943771105609907
-237.33137914033466,0.0018557422295232457,-3.9747000000000057,0.01675,0.0018559624707359032,0.0003943771105609907
-237.25966563578535,0.0018557422295232453,-3.9747000000000057,0.01675,0.0018559624707359032,0.0003943771105609907
-237.18795213123602,0.0018539810523995502,-3.9747000000000057,0.01675,0.0018559624707359032,0.0003943771105609907
-237.1162386266867,0.0018504627093482364,-3.9747000000000057,0.01675,0.0018559624707359032,0.0003943771105609907
-237.04452512213737,0.0018451952105263448,-3.9747000000000057,0.01675,0.0018559624707359032,0.0003943771105609907
-236.97281161758804,0.0018381905406250286,-3.9747000000000057,0.01675,0.0018559624707359032,0.0003943771105609907
-236.90109811303873,0.0018294646223374535,-3.9747000000000057,0.01675,0.0018559624707359032,0.0003943771105609907
-236.82938460848942,0.0018190372678508226,-3.9747000000000057,0.01675,0.0018559624707359032,0.0003943771105609907
-236.75767110394005,0.001806932118534244,-3.9747000000000057,0.01675,0.0018559624707359032,0.0003943771105609907
-236.68595759939075,0.001793176573035856,-3.9747000000000057,0.01675,0.0018559624707359032,0.0003943771105609907
-236.61424409484144,0.0017778017040432886,-3.9747000000000057,0.01675,0.0018559624707359032,0.0003943771105609907
-236.5425305902921,0.0017608421640017498,-3.9747000000000057,0.01675,0.0018559624707359032,0.0003943771105609907
-236.47081708574277,0.0017423360801224164,-3.9747000000000057,0.01675,0.0018559624707359032,0.0003943771105609907
-236.39910358119346,0.0017223249390513813,-3.9747000000000057,0.01675,0.0018559624707359032,0.0003943771105609907
-236.32739007664412,0.0017008534616053939,-3.9747000000000057,0.01675,0.0018559624707359032,0.0003943771105609907
-236.2556765720948,0.0016779694680151692,-3.9747000000000057,0.01675,0.0018559624707359032,0.0003943771105609907
-236.18396306754548,0.0016537237341494517,-3.9747000000000057,0.01675,0.0018559624707359032,0.0003943771105609907
-236.11224956299614,0.001628169839224388,-3.9747000000000057,0.01675,0.0018559624707359032,0.0003943771105609907
-236.04053605844683,0.001601364005531249,-3.9747000000000057,0.01675,0.0018559624707359032,0.0003943771105609907
-235.9688225538975,0.0015733649307427483,-3.9747000000000057,0.01675,0.0018559624707359032,0.0003943771105609907
-235.89710904934816,0.0015442336133829684,-3.9747000000000057,0.01675,0.0018559624707359032,0.0003943771105609907
-235.82539554479882,0.0015140331720681246,-3.9747000000000057,0.01675,0.0018559624707359032,0.0003943771105609907
-235.75368204024952,0.0014828286591459334,-3.9747000000000057,0.01675,0.0018559624707359032,0.0003943771105609907
-235.6819685357002,0.0014506868693788526,-3.9747000000000057,0.01675,0.0018559624707359032,0.0003943771105609907
-235.61025503115084,0.0014176761443319846,-3.9747000000000057,0.01675,0.0018559624707359032,0.0003943771105609907
-235.53854152660153,0.0013838661731391936,-3.9747000000000057,0.01675,0.0018559624707359032,0.0003943771105609907
-235.46682802205223,0.0013493277903308283,-3.9747000000000057,0.01675,0.0018559624707359032,0.0003943771105609907
-235.3951145175029,0.00131413277141493,-3.9747000000000057,0.01675,0.0018559624707359032,0.0003943771105609907
-235.32340101295355,0.0012783536269080286,-3.9747000000000057,0.01675,0.0018559624707359032,0.0003943771105609907
-235.25168750840425,0.0012420633955143661,-3.9747000000000057,0.01675,0.0018559624707359032,0.0003943771105609907
-235.1799740038549,0.0012053354371521735,-3.9747000000000057,0.01675,0.0018559624707359032,0.0003943771105609907
-235.1082604993056,0.0011682432265229293,-3.9747000000000057,0.01675,0.0018559624707359032,0.0003943771105609907
-235.03654699475626,0.0011308601479135482,-3.9747000000000057,0.01675,0.0018559624707359032,0.0003943771105609907
-234.96483349020693,0.0010932592919142585,-3.9747000000000057,0.01675,0.0018559624707359032,0.0003943771105609907
-234.89311998565762,0.001055513254723601,-3.9747000000000057,0.01675,0.0018559624707359032,0.0003943771105609907
-234.82140648110828,0.0010176939406994693,-3.9747000000000057,0.01675,0.0018559624707359032,0.0003943771105609907
-234.74969297655895,0.0009798723687997103,-3.9747000000000057,0.01675,0.0018559624707359032,0.0003943771105609907
-234.67797947200964,0.00094211848353761,-3.9747000000000057,0.01675,0.0018559624707359032,0.0003943771105609907
-234.60626596746033,0.0009045009710580151,-3.9747000000000057,0.01675,0.0018559624707359032,0.0003943771105609907
-234.534552462911,0.0008670870809175013,-3.9747000000000057,0.01675,0.0018559624707359032,0.0003943771105609907
-234.46283895836166,0.000829942454127644,-3.9747000000000057,0.01675,0.0018559624707359032,0.0003943771105609907
-234.39112545381235,0.0007931309579941649,-3.9747000000000057,0.01675,0.0018559624707359032,0.0003943771105609907
-234.319411949263,0.0007567145282567444,-3.9747000000000057,0.01675,0.0018559624707359032,0.0003943771105609907
-234.24769844471368,0.0007207530190045084,-3.9747000000000057,0.01675,0.0018559624707359032,0.0003943771105609907
-234.17598494016434,0.0006853040608103014,-3.9747000000000057,0.01675,0.0018559624707359032,0.0003943771105609907
-234.10427143561503,0.0006504229274944248,-3.9747000000000057,0.01675,0.0018559624707359032,0.0003943771105609907
-234.0325579310657,0.0006161624118937797,-3.9747000000000057,0.01675,0.0018559624707359032,0.0003943771105609907
-233.9608444265164,0.0005825727109772755,-3.9747000000000057,0.01675,0.0018559624707359032,0.0003943771105609907
-233.88913092196705,0.000549701320611169,-3.9747000000000057,0.01675,0.0018559624707359032,0.0003943771105609907
-233.81741741741772,0.0005175929402413152,-3.9747000000000057,0.01675,0.0018559624707359032,0.0003943771105609907
-233.7457039128684,0.0004862893877203005,-3.9747000000000057,0.01675,0.0018559624707359032,0.0003943771105609907
-233.67399040831907,0.0004558295244690848,-3.9747000000000057,0.01675,0.0018559624707359032,0.0003943771105609907
-233.60227690376973,0.0004262491911234605,-3.9747000000000057,0.01675,0.0018559624707359032,0.0003943771105609907
-233.53056339922043,0.00039758115377573394,-3.9747000000000057,0.01675,0.0018559624707359032,0.0003943771105609907
-233.45884989467112,0.0003698550608826993,-3.9747000000000057,0.01675,0.0018559624707359032,0.0003943771105609907
-233.38713639012175,0.00034309741087119877,-3.9747000000000057,0.01675,0.0018559624707359032,0.0003943771105609907
-233.31542288557245,0.0003173315304330841,-3.9747000000000057,0.01675,0.0018559624707359032,0.0003943771105609907
-233.24370938102314,0.0002925775634619796,-3.9747000000000057,0.01675,0.0018559624707359032,0.0003943771105609907
-233.1719958764738,0.00026885247054627575,-3.9747000000000057,0.01675,0.0018559624707359032,0.0003943771105609907
-233.10028237192446,0.0002461700388940918,-3.9747000000000057,0.01675,0.0018559624707359032,0.0003943771105609907
-233.02856886737516,0.0002245409025290742,-3.9747000000000057,0.01675,0.0018559624707359032,0.0003943771105609907
-232.95685536282582,0.00020397257255960036,-3.9747000000000057,0.01675,0.0018559624707359032,0.0003943771105609907
-232.8851418582765,0.0001844694772888149,-3.9747000000000057,0.01675,0.0018559624707359032,0.0003943771105609907
-232.81342835372718,0.00016603301189864792,-3.9747000000000057,0.01675,0.0018559624707359032,0.0003943771105609907
-232.74171484917784,0.00014866159740873478,-3.9747000000000057,0.01675,0.0018559624707359032,0.0003943771105609907
-232.67000134462853,0.00013235074857950838,-3.9747000000000057,0.01675,0.0018559624707359032,0.0003943771105609907
-232.59828784007922,0.00011709315039936351,-3.9747000000000057,0.01675,0.0018559624707359032,0.0003943771105609907
-232.52657433552986,0.00010287874276773561,-3.9747000000000057,0.01675,0.0018559624707359032,0.0003943771105609907
-232.45486083098055,8.969481295970936e-05,-3.9747000000000057,0.01675,0.0018559624707359032,0.0003943771105609907
-232.3831473264312,7.752609543328168e-05,-3.9747000000000057,0.01675,0.0018559624707359032,0.0003943771105609907
-232.3114338218819,6.635487851836666e-05,-3.9747000000000057,0.01675,0.0018559624707359032,0.0003943771105609907
-232.23972031733254,5.6161117505740435e-05,-3.9747000000000057,0.01675,0.0018559624707359032,0.0003943771105609907
-232.16800681278323,4.69225536362641e-05,-3.9747000000000057,0.01675,0.0018559624707359032,0.0003943771105609907
-232.09629330823392,3.861483847412579e-05,-3.9747000000000057,0.01675,0.0018559624707359032,0.0003943771105609907
-232.0245798036846,3.1211663134239174e-05,-3.9747000000000057,0.01675,0.0018559624707359032,0.0003943771105609907
-231.95286629913525,2.4684891821849503e-05,-3.9747000000000057,0.01675,0.0018559624707359032,0.0003943771105609907
-231.88115279458594,1.900469913300886e-05,-3.9747000000000057,0.01675,0.0018559624707359032,0.0003943771105609907
-231.8094392900366,1.4139710557301411e-05,-3.9747000000000057,0.01675,0.0018559624707359032,0.0003943771105609907
-231.7377257854873,1.0057145619220958e-05,-3.9747000000000057,0.01675,0.0018559624707359032,0.0003943771105609907
-231.66601228093796,6.722963091817639e-06,-3.9747000000000057,0.01675,0.0018559624707359032,0.0003943771105609907
-231.59429877638863,4.1020077158863344e-06,-3.9747000000000057,0.01675,0.0018559624707359032,0.0003943771105609907
-231.52258527183932,2.158157859661229e-06,-3.9747000000000057,0.01675,0.0018559624707359032,0.0003943771105609907
-231.45087176729,8.544735580553503e-07,-3.9747000000000057,0.01675,0.0018559624707359032,0.0003943771105609907
-231.37915826274065,1.5334437664530378e-07,-3.9747000000000057,0.01675,0.0018559624707359032,0.0003943771105609907
-231.30744475819134,1.6636553914396358e-08,-3.9747000000000057,0.01675,0.0018559624707359032,0.0003943771105609907
-231.23573125364203,4.058388856640179e-07,-3.9747000000000057,0.01675,0.0018559624707359032,0.0003943771105609907
-231.1640177490927,1.2822068279198455e-06,-3.9747000000000057,0.01675,0.0018559624707359032,0.0003943771105609907
-231.09230424454336,2.6069043089855893e-06,-3.9747000000000057,0.01675,0.0018559624707359032,0.0003943771105609907
-231.02059073999405,4.34114275752436e-06,-3.9747000000000057,0.01675,0.0018559624707359032,0.0003943771105609907
-230.9488772354447,6.446316871529707e-06,-3.9747000000000057,0.01675,0.0018559624707359032,0.0003943771105609907
-230.8771637308954,8.884136672707304e-06,-3.9747000000000057,0.01675,0.0018559624707359032,0.0003943771105609907
-230.80545022634607,1.161675541207803e-05,-3.9747000000000057,0.01675,0.0018559624707359032,0.0003943771105609907
-230.73373672179673,1.4606892915305543e-05,-3.9747000000000057,0.01675,0.0018559624707359032,0.0003943771105609907
-230.66202321724742,1.781795398041103e-05,-3.9747000000000057,0.01675,0.0018559624707359032,0.0003943771105609907
-230.5903097126981,2.1214141465875917e-05,-3.9747000000000057,0.01675,0.0018559624707359032,0.0003943771105609907
-230.51859620814875,2.4760563733633234e-05,-3.9747000000000057,0.01675,0.0018559624707359032,0.0003943771105609907
-230.4468827035994,2.84233361390087e-05,-3.9747000000000057,0.01675,0.0018559624707359032,0.0003943771105609907
-230.3751691990501,3.216967628804179e-05,-3.9747000000000057,0.01675,0.0018559624707359032,0.0003943771105609907
-230.3034556945008,3.596799281182623e-05,-3.9747000000000057,0.01675,0.0018559624707359032,0.0003943771105609907
-230.23174218995143,3.978796743728957e-05,-3.9747000000000057,0.01675,0.0018559624707359032,0.0003943771105609907
-230.16002868540212,4.360063016414984e-05,-3.9747000000000057,0.01675,0.0018559624707359032,0.0003943771105609907
-230.08831518085282,4.737842738850437e-05,-3.9747000000000057,0.01675,0.0018559624707359032,0.0003943771105609907
-230.01660167630348,5.1095282844324565e-05,-3.9747000000000057,0.01675,0.0018559624707359032,0.0003943771105609907
-229.94488817175414,5.4726651265240126e-05,-3.9747000000000057,0.01675,0.0018559624707359032,0.0003943771105609907
-229.87317466720484,5.824956469994471e-05,-3.9747000000000057,0.01675,0.0018559624707359032,0.0003943771105609907
-229.8014611626555,6.164267144538568e-05,-3.9747000000000057,0.01675,0.0018559624707359032,0.0003943771105609907
-229.7297476581062,6.488626759243583e-05,-3.9747000000000057,0.01675,0.0018559624707359032,0.0003943771105609907
-229.65803415355686,6.796232120893012e-05,-3.9747000000000057,0.01675,0.0018559624707359032,0.0003943771105609907
-229.58632064900752,7.085448921447784e-05,-3.9747000000000057,0.01675,0.0018559624707359032,0.0003943771105609907
-229.5146071444582,7.35481270304858e-05,-3.9747000000000057,0.01675,0.0018559624707359032,0.0003943771105609907
-229.4428936399089,7.603029111696569e-05,-3.9747000000000057,0.01675,0.0018559624707359032,0.0003943771105609907
-229.37118013535954,7.82897345350223e-05,-3.9747000000000057,0.01675,0.0018559624707359032,0.0003943771105609907
-229.29946663081023,8.031689570024875e-05,-3.9747000000000057,0.01675,0.0018559624707359032,0.0003943771105609907
-229.22775312626092,8.210388051752589e-05,-3.9747000000000057,0.01675,0.0018559624707359032,0.0003943771105609907
-229.15603962171159,8.36444381117415e-05,-3.9747000000000057,0.01675,0.0018559624707359032,0.0003943771105609907
-229.08432611716225,8.493393039181537e-05,-3.9747000000000057,0.01675,0.0018559624707359032,0.0003943771105609907
-229.01261261261294,8.596929570685722e-05,-3.9747000000000057,0.01675,0.0018559624707359032,0.0003943771105609907
-228.9408991080636,8.674900687333539e-05,-3.9747000000000057,0.01675,0.0018559624707359032,0.0003943771105609907
-228.8691856035143,8.727302387070205e-05,-3.9747000000000057,0.01675,0.0018559624707359032,0.0003943771105609907
-228.79747209896493,8.754274151994959e-05,-3.9747000000000057,0.01675,0.0018559624707359032,0.0003943771105609907
-228.72575859441562,8.756093247497661e-05,-3.9747000000000057,0.01675,0.0018559624707359032,0.0003943771105609907
-228.6540450898663,8.7331685870436e-05,-3.9747000000000057,0.01675,0.0018559624707359032,0.0003943771105609907
-228.58233158531698,8.686034198181908e-05,-3.9747000000000057,0.01675,0.0018559624707359032,0.0003943771105609907
-228.51061808076764,8.615342326392246e-05,-3.9747000000000057,0.01675,0.0018559624707359032,0.0003943771105609907
-228.4389045762183,8.521856214249278e-05,-3.9747000000000057,0.01675,0.0018559624707359032,0.0003943771105609907
-228.367191071669,8.406442594074504e-05,-3.9747000000000057,0.01675,0.0018559624707359032,0.0003943771105609907
-228.2954775671197,8.270063932760101e-05,-3.9747000000000057,0.01675,0.0018559624707359032,0.0003943771105609907
-228.22376406257032,8.113770467789512e-05,-3.9747000000000057,0.01675,0.0018559624707359032,0.0003943771105609907
-228.15205055802102,7.938692073645086e-05,-3.9747000000000057,0.01675,0.0018559624707359032,0.0003943771105609907
-228.0803370534717,7.74602999778378e-05,-3.9747000000000057,0.01675,0.0018559624707359032,0.0003943771105609907
-228.00862354892237,7.537048505188904e-05,-3.9747000000000057,0.01675,0.0018559624707359032,0.0003943771105609907
-227.93691004437304,7.313066470157499e-05,-3.9747000000000057,0.01675,0.0018559624707359032,0.0003943771105609907
-227.86519653982373,7.075448953477076e-05,-3.9747000000000057,0.01675,0.0018559624707359032,0.0003943771105609907
-227.7934830352744,6.825598802479302e-05,-3.9747000000000057,0.01675,0.0018559624707359032,0.0003943771105609907
-227.72176953072508,6.564948310639627e-05,-3.9747000000000057,0.01675,0.0018559624707359032,0.0003943771105609907
-227.65005602617575,6.294950972421062e-05,-3.9747000000000057,0.01675,0.0018559624707359032,0.0003943771105609907
-227.5783425216264,6.017073367956999e-05,-3.9747000000000057,0.01675,0.0018559624707359032,0.0003943771105609907
-227.5066290170771,5.732787210919925e-05,-3.9747000000000057,0.01675,0.0018559624707359032,0.0003943771105609907
-227.4349155125278,5.443561591556028e-05,-3.9747000000000057,0.01675,0.0018559624707359032,0.0003943771105609907
-227.36320200797843,5.150855445376833e-05,-3.9747000000000057,0.01675,0.0018559624707359032,0.0003943771105609907
-227.29148850342912,4.856110276399106e-05,-3.9747000000000057,0.01675,0.0018559624707359032,0.0003943771105609907
-227.2197749988798,4.5607431621199514e-05,-3.9747000000000057,0.01675,0.0018559624707359032,0.0003943771105609907
-227.14806149433048,4.2661400656271205e-05,-3.9747000000000057,0.01675,0.0018559624707359032,0.0003943771105609907
-227.07634798978114,3.9736494783600376e-05,-3.9747000000000057,0.01675,0.0018559624707359032,0.0003943771105609907
-227.0046344852318,3.684576415088343e-05,-3.9747000000000057,0.01675,0.0018559624707359032,0.0003943771105609907
-226.9329209806825,3.400176780661338e-05,-3.9747000000000057,0.01675,0.0018559624707359032,0.0003943771105609907
-226.86120747613316,3.121652126009437e-05,-3.9747000000000057,0.01675,0.0018559624707359032,0.0003943771105609907
-226.78949397158382,2.8501448087700124e-05,-3.9747000000000057,0.01675,0.0018559624707359032,0.0003943771105609907
-226.71778046703452,2.5867335717590417e-05,-3.9747000000000057,0.01675,0.0018559624707359032,0.0003943771105609907
-226.64606696248518,2.3324295503441187e-05,-3.9747000000000057,0.01675,0.0018559624707359032,0.0003943771105609907
-226.57435345793587,2.0881727175913338e-05,-3.9747000000000057,0.01675,0.0018559624707359032,0.0003943771105609907
-226.50263995338653,1.854828773869484e-05,-3.9747000000000057,0.01675,0.0018559624707359032,0.0003943771105609907
-226.4309264488372,1.633186485421599e-05,-3.9747000000000057,0.01675,0.0018559624707359032,0.0003943771105609907
-226.3592129442879,1.4239554742468145e-05,-3.9747000000000057,0.01675,0.0018559624707359032,0.0003943771105609907
-226.28749943973858,1.22776445950333e-05,-3.9747000000000057,0.01675,0.0018559624707359032,0.0003943771105609907
-226.21578593518922,1.045159948542793e-05,-3.9747000000000057,0.01675,0.0018559624707359032,0.0003943771105609907
-226.1440724306399,8.766053736316356e-06,-3.9747000000000057,0.01675,0.0018559624707359032,0.0003943771105609907
-226.0723589260906,7.224806684117719e-06,-3.9747000000000057,0.01675,0.0018559624707359032,0.0003943771105609907
-226.00064542154126,5.830822762188201e-06,-3.9747000000000057,0.01675,0.0018559624707359032,0.0003943771105609907
-225.92893191699193,4.586235805021154e-06,-3.9747000000000057,0.01675,0.0018559624707359032,0.0003943771105609907
-225.85721841244262,3.4923574580160253e-06,-3.9747000000000057,0.01675,0.0018559624707359032,0.0003943771105609907
-225.78550490789328,2.5496895603015447e-06,-3.9747000000000057,0.01675,0.0018559624707359032,0.0003943771105609907
-225.71379140334398,1.7579403519427598e-06,-3.9747000000000057,0.01675,0.0018559624707359032,0.0003943771105609907
-225.64207789879464,1.1160443416714854e-06,-3.9747000000000057,0.01675,0.0018559624707359032,0.0003943771105609907
-225.5703643942453,6.221856571497774e-07,-3.9747000000000057,0.01675,0.0018559624707359032,0.0003943771105609907
-225.498650889696,2.7382468668678914e-07,-3.9747000000000057,0.01675,0.0018559624707359032,0.0003943771105609907
-225.42693738514666,6.772780939679787e-08,-3.9747000000000057,0.01675,0.0018559624707359032,0.0003943771105609907
-225.35522388059732,2.2126908363388208e-33,-3.9747000000000057,0.01675,0.0018559624707359032,0.0003943771105609907
-225.283510376048,6.612008487700948e-08,-3.9747000000000057,0.01675,0.0018559624707359032,0.0003943771105609907
-225.21179687149868,2.609784176286097e-07,-3.9747000000000057,0.01675,0.0018559624707359032,0.0003943771105609907
-225.14008336694937,5.789167352648182e-07,-3.9747000000000057,0.01675,0.0018559624707359032,0.0003943771105609907
-225.0683698624,1.0137699502848262e-06,-3.9747000000000057,0.01675,0.0018559624707359032,0.0003943771105609907
-224.9966563578507,1.5589096293027091e-06,-3.9747000000000057,0.01675,0.0018559624707359032,0.0003943771105609907
-224.9249428533014,2.207288905549513e-06,-3.9747000000000057,0.01675,0.0018559624707359032,0.0003943771105609907
-224.85322934875205,2.9514885704985673e-06,-3.9747000000000057,0.01675,0.0018559624707359032,0.0003943771105609907
-224.78151584420272,3.783764089053547e-06,-3.9747000000000057,0.01675,0.0018559624707359032,0.0003943771105609907
-224.7098023396534,4.696093283156168e-06,-3.9747000000000057,0.01675,0.0018559624707359032,0.0003943771105609907
-224.63808883510407,5.6802244303086005e-06,-3.9747000000000057,0.01675,0.0018559624707359032,0.0003943771105609907
-224.56637533055476,6.727724526326161e-06,-3.9747000000000057,0.01675,0.0018559624707359032,0.0003943771105609907
-224.49466182600543,7.830027465638867e-06,-3.9747000000000057,0.01675,0.0018559624707359032,0.0003943771105609907
-224.4229483214561,8.978481897543352e-06,-3.9747000000000057,0.01675,0.0018559624707359032,0.0003943771105609907
-224.35123481690678,1.0164398523016993e-05,-3.9747000000000057,0.01675,0.0018559624707359032,0.0003943771105609907
-224.27952131235745,1.137909660391127e-05,-3.9747000000000057,0.01675,0.0018559624707359032,0.0003943771105609907
-224.2078078078081,1.2613949464541608e-05,-3.9747000000000057,0.01675,0.0018559624707359032,0.0003943771105609907
-224.1360943032588,1.3860428774835544e-05,-3.9747000000000057,0.01675,0.0018559624707359032,0.0003943771105609907
-224.0643807987095,1.5110147414186492e-05,-3.9747000000000057,0.01675,0.0018559624707359032,0.0003943771105609907
-223.99266729416016,1.6354900725970504e-05,-3.9747000000000057,0.01675,0.0018559624707359032,0.0003943771105609907
-223.92095378961082,1.758670598423802e-05,-3.9747000000000057,0.01675,0.0018559624707359032,0.0003943771105609907
-223.8492402850615,1.8797839906318638e-05,-3.9747000000000057,0.01675,0.0018559624707359032,0.0003943771105609907
-223.77752678051218,1.9980874057906214e-05,-3.9747000000000057,0.01675,0.0018559624707359032,0.0003943771105609907
-223.70581327596284,2.112870801055547e-05,-3.9747000000000057,0.01675,0.0018559624707359032,0.0003943771105609907
-223.6340997714135,2.2234600125364263e-05,-3.9747000000000057,0.01675,0.0018559624707359032,0.0003943771105609907
-223.5623862668642,2.3292195850814282e-05,-3.9747000000000057,0.01675,0.0018559624707359032,0.0003943771105609907
-223.4906727623149,2.429555343728418e-05,-3.9747000000000057,0.01675,0.0018559624707359032,0.0003943771105609907
-223.41895925776552,2.5239166985503557e-05,-3.9747000000000057,0.01675,0.0018559624707359032,0.0003943771105609907
-223.3472457532162,2.6117986761145275e-05,-3.9747000000000057,0.01675,0.0018559624707359032,0.0003943771105609907
-223.27553224866688,2.6927436722772666e-05,-3.9747000000000057,0.01675,0.0018559624707359032,0.0003943771105609907
-223.20381874411757,2.7663429225352722e-05,-3.9747000000000057,0.01675,0.0018559624707359032,0.0003943771105609907
-223.13210523956823,2.8322376876534877e-05,-3.9747000000000057,0.01675,0.0018559624707359032,0.0003943771105609907
-223.0603917350189,2.8901201537689064e-05,-3.9747000000000057,0.01675,0.0018559624707359032,0.0003943771105609907
-222.9886782304696,2.9397340476327853e-05,-3.9747000000000057,0.01675,0.0018559624707359032,0.0003943771105609907
-222.91696472592028,2.9808749690867e-05,-3.9747000000000057,0.01675,0.0018559624707359032,0.0003943771105609907
-222.84525122137092,3.013390444267605e-05,-3.9747000000000057,0.01675,0.0018559624707359032,0.0003943771105609907
-222.7735377168216,3.037179704396299e-05,-3.9747000000000057,0.01675,0.0018559624707359032,0.0003943771105609907
-222.7018242122723,3.052193196316173e-05,-3.9747000000000057,0.01675,0.0018559624707359032,0.0003943771105609907
-222.63011070772296,3.058431832208198e-05,-3.9747000000000057,0.01675,0.0018559624707359032,0.0003943771105609907
-222.55839720317363,3.055945987110975e-05,-3.9747000000000057,0.01675,0.0018559624707359032,0.0003943771105609907
-222.48668369862432,3.0448342540129986e-05,-3.9747000000000057,0.01675,0.0018559624707359032,0.0003943771105609907
-222.41497019407498,3.0252419673555938e-05,-3.9747000000000057,0.01675,0.0018559624707359032,0.0003943771105609907
-222.34325668952567,2.9973595067842962e-05,-3.9747000000000057,0.01675,0.0018559624707359032,0.0003943771105609907
-222.27154318497634,2.9614203939094448e-05,-3.9747000000000057,0.01675,0.0018559624707359032,0.0003943771105609907
-222.199829680427,2.9176991956809865e-05,-3.9747000000000057,0.01675,0.0018559624707359032,0.0003943771105609907
-222.1281161758777,2.8665092487436015e-05,-3.9747000000000057,0.01675,0.0018559624707359032,0.0003943771105609907
-222.05640267132839,2.808200219814991e-05,-3.9747000000000057,0.01675,0.0018559624707359032,0.0003943771105609907
-221.98468916677902,2.743155517719679e-05,-3.9747000000000057,0.01675,0.0018559624707359032,0.0003943771105609907
-221.9129756622297,2.6717895732114283e-05,-3.9747000000000057,0.01675,0.0018559624707359032,0.0003943771105609907
-221.84126215768038,2.5945450031274056e-05,-3.9747000000000057,0.01675,0.0018559624707359032,0.0003943771105609907
-221.76954865313107,2.5118896757391166e-05,-3.9747000000000057,0.01675,0.0018559624707359032,0.0003943771105609907
-221.69783514858173,2.4243136943921807e-05,-3.9747000000000057,0.01675,0.0018559624707359032,0.0003943771105609907
-221.6261216440324,2.3323263166677015e-05,-3.9747000000000057,0.01675,0.0018559624707359032,0.0003943771105609907
-221.5544081394831,2.2364528263447825e-05,-3.9747000000000057,0.01675,0.0018559624707359032,0.0003943771105609907
-221.48269463493375,2.1372313754041436e-05,-3.9747000000000057,0.01675,0.0018559624707359032,0.0003943771105609907
-221.4109811303844,2.0352098131850906e-05,-3.9747000000000057,0.01675,0.0018559624707359032,0.0003943771105609907
-221.3392676258351,1.9309425195934754e-05,-3.9747000000000057,0.01675,0.0018559624707359032,0.0003943771105609907
-221.26755412128577,1.8249872589626956e-05,-3.9747000000000057,0.01675,0.0018559624707359032,0.0003943771105609907
-221.19584061673646,1.7179020707925777e-05,-3.9747000000000057,0.01675,0.0018559624707359032,0.0003943771105609907
-221.12412711218713,1.6102422131352266e-05,-3.9747000000000057,0.01675,0.0018559624707359032,0.0003943771105609907
-221.0524136076378,1.5025571738704827e-05,-3.9747000000000057,0.01675,0.0018559624707359032,0.0003943771105609907
-220.98070010308848,1.3953877645129004e-05,-3.9747000000000057,0.01675,0.0018559624707359032,0.0003943771105609907
-220.90898659853917,1.289263310528612e-05,-3.9747000000000057,0.01675,0.0018559624707359032,0.0003943771105609907
-220.8372730939898,1.1846989514136809e-05,-3.9747000000000057,0.01675,0.0018559624707359032,0.0003943771105609907
-220.7655595894405,1.0821930630016109e-05,-3.9747000000000057,0.01675,0.0018559624707359032,0.0003943771105609907
-220.6938460848912,9.822248136305984e-06,-3.9747000000000057,0.01675,0.0018559624707359032,0.0003943771105609907
-220.62213258034186,8.852518649198617e-06,-3.9747000000000057,0.01675,0.0018559624707359032,0.0003943771105609907
-220.55041907579252,7.917082269763415e-06,-3.9747000000000057,0.01675,0.0018559624707359032,0.0003943771105609907
-220.4787055712432,7.020022768916827e-06,-3.9747000000000057,0.01675,0.0018559624707359032,0.0003943771105609907
-220.40699206669387,6.165149483953312e-06,-3.9747000000000057,0.01675,0.0018559624707359032,0.0003943771105609907
-220.33527856214457,5.355980995102451e-06,-3.9747000000000057,0.01675,0.0018559624707359032,0.0003943771105609907
-220.26356505759523,4.595730640164539e-06,-3.9747000000000057,0.01675,0.0018559624707359032,0.0003943771105609907
-220.1918515530459,3.887293914749586e-06,-3.9747000000000057,0.01675,0.0018559624707359032,0.0003943771105609907
-220.12013804849659,3.233237794989628e-06,-3.9747000000000057,0.01675,0.0018559624707359032,0.0003943771105609907
-220.04842454394725,2.6357920089365517e-06,-3.9747000000000057,0.01675,0.0018559624707359032,0.0003943771105609907
-219.9767110393979,2.0968422722058277e-06,-3.9747000000000057,0.01675,0.0018559624707359032,0.0003943771105609907
-219.90499753484858,1.6179254928474814e-06,-3.9747000000000057,0.01675,0.0018559624707359032,0.0003943771105609907
-219.83328403029927,1.200226939988837e-06,-3.9747000000000057,0.01675,0.0018559624707359032,0.0003943771105609907
-219.76157052574996,8.445793605252514e-07,-3.9747000000000057,0.01675,0.0018559624707359032,0.0003943771105609907
-219.6898570212006,5.514640181066253e-07,-3.9747000000000057,0.01675,0.0018559624707359032,0.0003943771105609907
-219.6181435166513,3.2101361891474924e-07,-3.9747000000000057,0.01675,0.0018559624707359032,0.0003943771105609907
-219.54643001210198,1.530170792988598e-07,-3.9747000000000057,0.01675,0.0018559624707359032,0.0003943771105609907
-219.47471650755264,4.6926081290358714e-08,-3.9747000000000057,0.01675,0.0018559624707359032,0.0003943771105609907
-219.4030030030033,1.8633533685299992e-09,-3.9747000000000057,0.01675,0.0018559624707359032,0.0003943771105609907
-219.331289498454,1.663260566361489e-08,-3.9747000000000057,0.01675,0.0018559624707359032,0.0003943771105609907
-219.25957599390466,8.973004108143723e-08,-3.9747000000000057,0.01675,0.0018559624707359032,0.0003943771105609907
-219.18786248935535,2.1935735665239456e-07,-3.9747000000000057,0.01675,0.0018559624707359032,0.0003943771105609907
-219.11614898480602,4.0343614277955756e-07,-3.9747000000000057,0.01675,0.0018559624707359032,0.0003943771105609907
-219.04443548025668,6.396235820080918e-07,-3.9747000000000057,0.01675,0.0018559624707359032,0.0003943771105609907
-218.97272197570737,9.253293434912537e-07,-3.9747000000000057,0.01675,0.0018559624707359032,0.0003943771105609907
-218.90100847115806,1.2577335644998763e-06,-3.9747000000000057,0.01675,0.0018559624707359032,0.0003943771105609907
-218.8292949666087,1.6338058061335602e-06,-3.9747000000000057,0.01675,0.0018559624707359032,0.0003943771105609907
-218.7575814620594,2.050324866855467e-06,-3.9747000000000057,0.01675,0.0018559624707359032,0.0003943771105609907
-218.68586795751008,2.5038993346021593e-06,-3.9747000000000057,0.01675,0.0018559624707359032,0.0003943771105609907
-218.61415445296075,2.990988756004032e-06,-3.9747000000000057,0.01675,0.0018559624707359032,0.0003943771105609907
-218.5424409484114,3.5079252997233453e-06,-3.9747000000000057,0.01675,0.0018559624707359032,0.0003943771105609907
-218.4707274438621,4.050935790047011e-06,-3.9747000000000057,0.01675,0.0018559624707359032,0.0003943771105609907
-218.39901393931277,4.616163986668129e-06,-3.9747000000000057,0.01675,0.0018559624707359032,0.0003943771105609907
-218.32730043476346,5.199692987043607e-06,-3.9747000000000057,0.01675,0.0018559624707359032,0.0003943771105609907
-218.2555869302141,5.797567628823731e-06,-3.9747000000000057,0.01675,0.0018559624707359032,0.0003943771105609907
-218.18387342566479,6.4058167715700164e-06,-3.9747000000000057,0.01675,0.0018559624707359032,0.0003943771105609907
-218.11215992111545,7.020475339343028e-06,-3.9747000000000057,0.01675,0.0018559624707359032,0.0003943771105609907
-218.04044641656614,7.637606008661101e-06,-3.9747000000000057,0.01675,0.0018559624707359032,0.0003943771105609907
-217.9687329120168,8.253320429867595e-06,-3.9747000000000057,0.01675,0.0018559624707359032,0.0003943771105609907
-217.89701940746747,8.863799873980366e-06,-3.9747000000000057,0.01675,0.0018559624707359032,0.0003943771105609907
-217.82530590291816,9.465315201687864e-06,-3.9747000000000057,0.01675,0.0018559624707359032,0.0003943771105609907
-217.75359239836885,1.0054246056207817e-05,-3.9747000000000057,0.01675,0.0018559624707359032,0.0003943771105609907
-217.6818788938195,1.0627099187237965e-05,-3.9747000000000057,0.01675,0.0018559624707359032,0.0003943771105609907
-217.61016538927018,1.1180525819162225e-05,-3.9747000000000057,0.01675,0.0018559624707359032,0.0003943771105609907
-217.53845188472087,1.1711337982992508e-05,-3.9747000000000057,0.01675,0.0018559624707359032,0.0003943771105609907
-217.46673838017153,1.2216523738169927e-05,-3.9747000000000057,0.01675,0.0018559624707359032,0.0003943771105609907
-217.3950248756222,1.2693261217323625e-05,-3.9747000000000057,0.01675,0.0018559624707359032,0.0003943771105609907
-217.3233113710729,1.3138931434302261e-05,-3.9747000000000057,0.01675,0.0018559624707359032,0.0003943771105609907
-217.25159786652355,1.3551129803239237e-05,-3.9747000000000057,0.01675,0.0018559624707359032,0.0003943771105609907
-217.17988436197425,1.3927676324037771e-05,-3.9747000000000057,0.01675,0.0018559624707359032,0.0003943771105609907
-217.1081708574249,1.4266624397429733e-05,-3.9747000000000057,0.01675,0.0018559624707359032,0.0003943771105609907
-217.03645735287557,1.4566268240611519e-05,-3.9747000000000057,0.01675,0.0018559624707359032,0.0003943771105609907
-216.96474384832626,1.4825148882377555e-05,-3.9747000000000057,0.01675,0.0018559624707359032,0.0003943771105609907
-216.89303034377696,1.5042058724585759e-05,-3.9747000000000057,0.01675,0.0018559624707359032,0.0003943771105609907
-216.8213168392276,1.5216044664676698e-05,-3.9747000000000057,0.01675,0.0018559624707359032,0.0003943771105609907
-216.74960333467828,1.5346409781781246e-05,-3.9747000000000057,0.01675,0.0018559624707359032,0.0003943771105609907
-216.67788983012898,1.5432713596650145e-05,-3.9747000000000057,0.01675,0.0018559624707359032,0.0003943771105609907
-216.60617632557964,1.54747709231799e-05,-3.9747000000000057,0.01675,0.0018559624707359032,0.0003943771105609907
-216.5344628210303,1.5472649336666044e-05,-3.9747000000000057,0.01675,0.0018559624707359032,0.0003943771105609907
-216.46274931648097,1.5426665291036628e-05,-3.9747000000000057,0.01675,0.0018559624707359032,0.0003943771105609907
-216.39103581193166,1.5337378924180315e-05,-3.9747000000000057,0.01675,0.0018559624707359032,0.0003943771105609907
-216.31932230738232,1.5205587597047787e-05,-3.9747000000000057,0.01675,0.0018559624707359032,0.0003943771105609907
-216.24760880283299,1.503231821844286e-05,-3.9747000000000057,0.01675,0.0018559624707359032,0.0003943771105609907
-216.17589529828368,1.4818818413298289e-05,-3.9747000000000057,0.01675,0.0018559624707359032,0.0003943771105609907
-216.10418179373434,1.4566546597728704e-05,-3.9747000000000057,0.01675,0.0018559624707359032,0.0003943771105609907
-216.03246828918503,1.4277161029242065e-05,-3.9747000000000057,0.01675,0.0018559624707359032,0.0003943771105609907
-215.9607547846357,1.3952507905146207e-05,-3.9747000000000057,0.01675,0.0018559624707359032,0.0003943771105609907
-215.88904128008636,1.3594608586399807e-05,-3.9747000000000057,0.01675,0.0018559624707359032,0.0003943771105609907
-215.81732777553705,1.320564602789359e-05,-3.9747000000000057,0.01675,0.0018559624707359032,0.0003943771105609907
-215.74561427098774,1.2787950499411198e-05,-3.9747000000000057,0.01675,0.0018559624707359032,0.0003943771105609907
-215.67390076643838,1.2343984684286793e-05,-3.9747000000000057,0.01675,0.0018559624707359032,0.0003943771105609907
-215.60218726188907,1.1876328245042817e-05,-3.9747000000000057,0.01675,0.0018559624707359032,0.0003943771105609907
-215.53047375733976,1.1387661947044968e-05,-3.9747000000000057,0.01675,0.0018559624707359032,0.0003943771105609907
-215.45876025279043,1.0880751432470744e-05,-3.9747000000000057,0.01675,0.0018559624707359032,0.0003943771105609907
-215.3870467482411,1.0358430737613981e-05,-3.9747000000000057,0.01675,0.0018559624707359032,0.0003943771105609907
-215.31533324369178,9.823585646779182e-06,-3.9747000000000057,0.01675,0.0018559624707359032,0.0003943771105609907
-215.24361973914245,9.279136975743208e-06,-3.9747000000000057,0.01675,0.0018559624707359032,0.0003943771105609907
-215.17190623459314,8.72802387698954e-06,-3.9747000000000057,0.01675,0.0018559624707359032,0.0003943771105609907
-215.1001927300438,8.173187257652509e-06,-3.9747000000000057,0.01675,0.0018559624707359032,0.0003943771105609907
-215.02847922549446,7.617553399384771e-06,-3.9747000000000057,0.01675,0.0018559624707359032,0.0003943771105609907
-214.95676572094516,7.064017867154681e-06,-3.9747000000000057,0.01675,0.0018559624707359032,0.0003943771105609907
-214.88505221639582,6.515429791351122e-06,-3.9747000000000057,0.01675,0.0018559624707359032,0.0003943771105609907
-214.81333871184648,5.974576604512709e-06,-3.9747000000000057,0.01675,0.0018559624707359032,0.0003943771105609907
-214.74162520729718,5.444169310528568e-06,-3.9747000000000057,0.01675,0.0018559624707359032,0.0003943771105609907
-214.66991170274784,4.926828360326005e-06,-3.9747000000000057,0.01675,0.0018559624707359032,0.0003943771105609907
-214.59819819819853,4.425070203862348e-06,-3.9747000000000057,0.01675,0.0018559624707359032,0.0003943771105609907
-214.52648469364917,3.94129458371271e-06,-3.9747000000000057,0.01675,0.0018559624707359032,0.0003943771105609907
-214.45477118909986,3.477772630735051e-06,-3.9747000000000057,0.01675,0.0018559624707359032,0.0003943771105609907
-214.38305768455055,3.0366358171888224e-06,-3.9747000000000057,0.01675,0.0018559624707359032,0.0003943771105609907
-214.3113441800012,2.619865817370725e-06,-3.9747000000000057,0.01675,0.0018559624707359032,0.0003943771105609907
-214.23963067545188,2.229285320280692e-06,-3.9747000000000057,0.01675,0.0018559624707359032,0.0003943771105609907
-214.16791717090257,1.8665498331224734e-06,-3.9747000000000057,0.01675,0.0018559624707359032,0.0003943771105609907
-214.09620366635323,1.5331405085882294e-06,-3.9747000000000057,0.01675,0.0018559624707359032,0.0003943771105609907
-214.0244901618039,1.230358022909083e-06,-3.9747000000000057,0.01675,0.0018559624707359032,0.0003943771105609907
-213.9527766572546,9.593175256080193e-07,-3.9747000000000057,0.01675,0.0018559624707359032,0.0003943771105609907
-213.88106315270525,7.209446758083717e-07,-3.9747000000000057,0.01675,0.0018559624707359032,0.0003943771105609907
-213.80934964815594,5.159727738542953e-07,-3.9747000000000057,0.01675,0.0018559624707359032,0.0003943771105609907
-213.7376361436066,3.449409909222995e-07,-3.9747000000000057,0.01675,0.0018559624707359032,0.0003943771105609907
-213.66592263905727,2.0819369329024062e-07,-3.9747000000000057,0.01675,0.0018559624707359032,0.0003943771105609907
-213.59420913450796,1.0588085199316853e-07,-3.9747000000000057,0.01675,0.0018559624707359032,0.0003943771105609907
-213.52249562995866,3.795952278618733e-08,-3.9747000000000057,0.01675,0.0018559624707359032,0.0003943771105609907
-213.4507821254093,4.196375667410898e-09,-3.9747000000000057,0.01675,0.0018559624707359032,0.0003943771105609907
-213.37906862085998,4.171247725889806e-09,-3.9747000000000057,0.01675,0.0018559624707359032,0.0003943771105609907
-213.30735511631067,3.7281687795834714e-08,-3.9747000000000057,0.01675,0.0018559624707359032,0.0003943771105609907
-213.23564161176134,1.0274845634605957e-07,-3.9747000000000057,0.01675,0.0018559624707359032,0.0003943771105609907
-213.163928107212,1.9962193923506652e-07,-3.9747000000000057,0.01675,0.0018559624707359032,0.0003943771105609907
-213.0922146026627,3.2678942944442953e-07,-3.9747000000000057,0.01675,0.0018559624707359032,0.0003943771105609907
-213.02050109811336,4.829832266839609e-07,-3.9747000000000057,0.01675,0.0018559624707359032,0.0003943771105609907
-212.94878759356402,6.66789500861755e-07,-3.9747000000000057,0.01675,0.0018559624707359032,0.0003943771105609907
-212.8770740890147,8.766578618516792e-07,-3.9747000000000057,0.01675,0.0018559624707359032,0.0003943771105609907
-212.80536058446538,1.1109115747796213e-06,-3.9747000000000057,0.01675,0.0018559624707359032,0.0003943771105609907
-212.73364707991604,1.367758357205296e-06,-3.9747000000000057,0.01675,0.0018559624707359032,0.0003943771105609907
-212.66193357536673,1.6453016921127595e-06,-3.9747000000000057,0.01675,0.0018559624707359032,0.0003943771105609907
-212.5902200708174,1.9415525885410124e-06,-3.9747000000000057,0.01675,0.0018559624707359032,0.0003943771105609907
-212.51850656626806,2.2544417199996706e-06,-3.9747000000000057,0.01675,0.0018559624707359032,0.0003943771105609907
-212.44679306171875,2.5818318695308973e-06,-3.9747000000000057,0.01675,0.0018559624707359032,0.0003943771105609907
-212.37507955716944,2.9215306093902567e-06,-3.9747000000000057,0.01675,0.0018559624707359032,0.0003943771105609907
-212.30336605262008,3.2713031428353304e-06,-3.9747000000000057,0.01675,0.0018559624707359032,0.0003943771105609907
-212.23165254807077,3.6288852354280545e-06,-3.9747000000000057,0.01675,0.0018559624707359032,0.0003943771105609907
-212.15993904352146,3.9919961635726415e-06,-3.9747000000000057,0.01675,0.0018559624707359032,0.0003943771105609907
-212.08822553897213,4.358351608705701e-06,-3.9747000000000057,0.01675,0.0018559624707359032,0.0003943771105609907
-212.0165120344228,4.725676426649638e-06,-3.9747000000000057,0.01675,0.0018559624707359032,0.0003943771105609907
-211.94479852987348,5.091717223094432e-06,-3.9747000000000057,0.01675,0.0018559624707359032,0.0003943771105609907
-211.87308502532414,5.454254667991946e-06,-3.9747000000000057,0.01675,0.0018559624707359032,0.0003943771105609907
-211.80137152077484,5.811115483812031e-06,-3.9747000000000057,0.01675,0.0018559624707359032,0.0003943771105609907
-211.7296580162255,6.160184045111696e-06,-3.9747000000000057,0.01675,0.0018559624707359032,0.0003943771105609907
-211.65794451167616,6.4994135296733305e-06,-3.9747000000000057,0.01675,0.0018559624707359032,0.0003943771105609907
-211.58623100712686,6.82683656458409e-06,-3.9747000000000057,0.01675,0.0018559624707359032,0.0003943771105609907
-211.51451750257755,7.140575314007258e-06,-3.9747000000000057,0.01675,0.0018559624707359032,0.0003943771105609907
-211.44280399802818,7.438850959037184e-06,-3.9747000000000057,0.01675,0.0018559624707359032,0.0003943771105609907
-211.37109049347885,7.719992523900983e-06,-3.9747000000000057,0.01675,0.0018559624707359032,0.0003943771105609907
-211.29937698892957,7.98244500685224e-06,-3.9747000000000057,0.01675,0.0018559624707359032,0.0003943771105609907
-211.22766348438023,8.22477677836373e-06,-3.9747000000000057,0.01675,0.0018559624707359032,0.0003943771105609907
-211.15594997983087,8.445686213651069e-06,-3.9747000000000057,0.01675,0.0018559624707359032,0.0003943771105609907
-211.08423647528159,8.644007531121777e-06,-3.9747000000000057,0.01675,0.0018559624707359032,0.0003943771105609907
-211.01252297073225,8.818715813006118e-06,-3.9747000000000057,0.01675,0.0018559624707359032,0.0003943771105609907
-210.9408094661829,8.968931189171573e-06,-3.9747000000000057,0.01675,0.0018559624707359032,0.0003943771105609907
-210.86909596163358,9.093922169931294e-06,-3.9747000000000057,0.01675,0.0018559624707359032,0.0003943771105609907
-210.79738245708427,9.193108118479125e-06,-3.9747000000000057,0.01675,0.0018559624707359032,0.0003943771105609907
-210.72566895253493,9.266060858418522e-06,-3.9747000000000057,0.01675,0.0018559624707359032,0.0003943771105609907
-210.65395544798562,9.312505416656594e-06,-3.9747000000000057,0.01675,0.0018559624707359032,0.0003943771105609907
-210.5822419434363,9.332319906690061e-06,-3.9747000000000057,0.01675,0.0018559624707359032,0.0003943771105609907
-210.51052843888695,9.325534561986783e-06,-3.9747000000000057,0.01675,0.0018559624707359032,0.0003943771105609907
-210.43881493433764,9.292329933744713e-06,-3.9747000000000057,0.01675,0.0018559624707359032,0.0003943771105609907
-210.36710142978833,9.233034271761274e-06,-3.9747000000000057,0.01675,0.0018559624707359032,0.0003943771105609907
-210.29538792523897,9.148120111450165e-06,-3.9747000000000057,0.01675,0.0018559624707359032,0.0003943771105609907
-210.22367442068966,9.0382000941772e-06,-3.9747000000000057,0.01675,0.0018559624707359032,0.0003943771105609907
-210.15196091614035,8.904022052027782e-06,-3.9747000000000057,0.01675,0.0018559624707359032,0.0003943771105609907
-210.08024741159102,8.746463391853664e-06,-3.9747000000000057,0.01675,0.0018559624707359032,0.0003943771105609907
-210.00853390704168,8.566524816948155e-06,-3.9747000000000057,0.01675,0.0018559624707359032,0.0003943771105609907
-209.93682040249237,8.36532342795759e-06,-3.9747000000000057,0.01675,0.0018559624707359032,0.0003943771105609907
-209.86510689794304,8.14408524763412e-06,-3.9747000000000057,0.01675,0.0018559624707359032,0.0003943771105609907
-209.79339339339373,7.904137216757802e-06,-3.9747000000000057,0.01675,0.0018559624707359032,0.0003943771105609907
-209.7216798888444,7.646898710988577e-06,-3.9747000000000057,0.01675,0.0018559624707359032,0.0003943771105609907
-209.64996638429506,7.373872630551205e-06,-3.9747000000000057,0.01675,0.0018559624707359032,0.0003943771105609907
-209.57825287974572,7.086636116482955e-06,-3.9747000000000057,0.01675,0.0018559624707359032,0.0003943771105609907
-209.50653937519644,6.786830948696644e-06,-3.9747000000000057,0.01675,0.0018559624707359032,0.0003943771105609907
-209.43482587064707,6.47615368230789e-06,-3.9747000000000057,0.01675,0.0018559624707359032,0.0003943771105609907
-209.36311236609774,6.156345579560282e-06,-3.9747000000000057,0.01675,0.0018559624707359032,0.0003943771105609907
-209.29139886154846,5.829182395226243e-06,-3.9747000000000057,0.01675,0.0018559624707359032,0.0003943771105609907
-209.21968535699912,5.496464073603232e-06,-3.9747000000000057,0.01675,0.0018559624707359032,0.0003943771105609907
-209.14797185244976,5.160004415131076e-06,-3.9747000000000057,0.01675,0.0018559624707359032,0.0003943771105609907
-209.07625834790045,4.82162077024379e-06,-3.9747000000000057,0.01675,0.0018559624707359032,0.0003943771105609907
-209.00454484335114,4.48312381735312e-06,-3.9747000000000057,0.01675,0.0018559624707359032,0.0003943771105609907
-208.9328313388018,4.146307480835079e-06,-3.9747000000000057,0.01675,0.0018559624707359032,0.0003943771105609907
-208.86111783425247,3.812939043562927e-06,-3.9747000000000057,0.01675,0.0018559624707359032,0.0003943771105609907
-208.78940432970316,3.4847495069207977e-06,-3.9747000000000057,0.01675,0.0018559624707359032,0.0003943771105609907
-208.71769082515382,3.1634242493468835e-06,-3.9747000000000057,0.01675,0.0018559624707359032,0.0003943771105609907
-208.64597732060452,2.8505940323066067e-06,-3.9747000000000057,0.01675,0.0018559624707359032,0.0003943771105609907
-208.57426381605518,2.5478264001937453e-06,-3.9747000000000057,0.01675,0.0018559624707359032,0.0003943771105609907
-208.50255031150584,2.256617518035994e-06,-3.9747000000000057,0.01675,0.0018559624707359032,0.0003943771105609907
-208.43083680695653,1.978384488026489e-06,-3.9747000000000057,0.01675,0.0018559624707359032,0.0003943771105609907
-208.35912330240723,1.7144581828636557e-06,-3.9747000000000057,0.01675,0.0018559624707359032,0.0003943771105609907
-208.28740979785786,1.4660766306553938e-06,-3.9747000000000057,0.01675,0.0018559624707359032,0.0003943771105609907
-208.21569629330855,1.2343789827578982e-06,-3.9747000000000057,0.01675,0.0018559624707359032,0.0003943771105609907
-208.14398278875925,1.0204000923913696e-06,-3.9747000000000057,0.01675,0.0018559624707359032,0.0003943771105609907
-208.0722692842099,8.250657282350628e-07,-3.9747000000000057,0.01675,0.0018559624707359032,0.0003943771105609907
-208.00055577966057,6.491884434526051e-07,-3.9747000000000057,0.01675,0.0018559624707359032,0.0003943771105609907
-207.92884227511126,4.934641167806645e-07,-3.9747000000000057,0.01675,0.0018559624707359032,0.0003943771105609907
-207.85712877056193,3.5846917843542103e-07,-3.9747000000000057,0.01675,0.0018559624707359032,0.0003943771105609907
-207.7854152660126,2.446585296808657e-07,-3.9747000000000057,0.01675,0.0018559624707359032,0.0003943771105609907
-207.71370176146328,1.5236416097754857e-07,-3.9747000000000057,0.01675,0.0018559624707359032,0.0003943771105609907
-207.64198825691395,8.17944697187599e-08,-3.9747000000000057,0.01675,0.0018559624707359032,0.0003943771105609907
-207.5702747523646,3.303427467796865e-08,-3.9747000000000057,0.01675,0.0018559624707359032,0.0003943771105609907
-207.49856124781533,6.045520459708798e-09,-3.9747000000000057,0.01675,0.0018559624707359032,0.0003943771105609907
-207.42684774326597,6.686614892561572e-10,-3.9747000000000057,0.01675,0.0018559624707359032,0.0003943771105609907
-207.35513423871663,1.662471141088971e-08,-3.9747000000000057,0.01675,0.0018559624707359032,0.0003943771105609907
-207.28342073416732,5.351794021032243e-08,-3.9747000000000057,0.01675,0.0018559624707359032,0.0003943771105609907
-207.211707229618,1.1083919795489499e-07,-3.9747000000000057,0.01675,0.0018559624707359032,0.0003943771105609907
-207.13999372506865,1.8796984076937698e-07,-3.9747000000000057,0.01675,0.0018559624707359032,0.0003943771105609907
-207.06828022051934,2.841862315547567e-07,-3.9747000000000057,0.01675,0.0018559624707359032,0.0003943771105609907
-206.99656671597003,3.986647850288307e-07,-3.9747000000000057,0.01675,0.0018559624707359032,0.0003943771105609907
-206.9248532114207,5.304875239299971e-07,-3.9747000000000057,0.01675,0.0018559624707359032,0.0003943771105609907
-206.85313970687136,6.78648110700001e-07,-3.9747000000000057,0.01675,0.0018559624707359032,0.0003943771105609907
-206.78142620232205,8.420583166545924e-07,-3.9747000000000057,0.01675,0.0018559624707359032,0.0003943771105609907
-206.70971269777272,1.0195548885737035e-06,-3.9747000000000057,0.01675,0.0018559624707359032,0.0003943771105609907
-206.6379991932234,1.2099067708068032e-06,-3.9747000000000057,0.01675,0.0018559624707359032,0.0003943771105609907
-206.56628568867407,1.4118226394033078e-06,-3.9747000000000057,0.01675,0.0018559624707359032,0.0003943771105609907
-206.49457218412473,1.6239587034403509e-06,-3.9747000000000057,0.01675,0.0018559624707359032,0.0003943771105609907
-206.42285867957543,1.8449267276519564e-06,-3.9747000000000057,0.01675,0.0018559624707359032,0.0003943771105609907
-206.35114517502612,2.0733022296492406e-06,-3.9747000000000057,0.01675,0.0018559624707359032,0.0003943771105609907
-206.27943167047675,2.3076328044779414e-06,-3.9747000000000057,0.01675,0.0018559624707359032,0.0003943771105609907
-206.20771816592745,2.5464465289806796e-06,-3.9747000000000057,0.01675,0.0018559624707359032,0.0003943771105609907
-206.13600466137814,2.7882603984206024e-06,-3.9747000000000057,0.01675,0.0018559624707359032,0.0003943771105609907
-206.0642911568288,3.031588748066125e-06,-3.9747000000000057,0.01675,0.0018559624707359032,0.0003943771105609907
-205.99257765227944,3.274951612952665e-06,-3.9747000000000057,0.01675,0.0018559624707359032,0.0003943771105609907
-205.92086414773016,3.516882979795346e-06,-3.9747000000000057,0.01675,0.0018559624707359032,0.0003943771105609907
-205.84915064318082,3.755938886042289e-06,-3.9747000000000057,0.01675,0.0018559624707359032,0.0003943771105609907
-205.77743713863148,3.990705322300992e-06,-3.9747000000000057,0.01675,0.0018559624707359032,0.0003943771105609907
-205.70572363408218,4.219805895863325e-06,-3.9747000000000057,0.01675,0.0018559624707359032,0.0003943771105609907
-205.63401012953284,4.441909214749137e-06,-3.9747000000000057,0.01675,0.0018559624707359032,0.0003943771105609907
-205.5622966249835,4.655735953603187e-06,-3.9747000000000057,0.01675,0.0018559624707359032,0.0003943771105609907
-205.4905831204342,4.860065564892572e-06,-3.9747000000000057,0.01675,0.0018559624707359032,0.0003943771105609907
-205.41886961588486,5.053742601142651e-06,-3.9747000000000057,0.01675,0.0018559624707359032,0.0003943771105609907
-205.34715611133552,5.2356826164120275e-06,-3.9747000000000057,0.01675,0.0018559624707359032,0.0003943771105609907
-205.2754426067862,5.404877617828751e-06,-3.9747000000000057,0.01675,0.0018559624707359032,0.0003943771105609907
-205.2037291022369,5.560401040762956e-06,-3.9747000000000057,0.01675,0.0018559624707359032,0.0003943771105609907
-205.13201559768754,5.701412224091004e-06,-3.9747000000000057,0.01675,0.0018559624707359032,0.0003943771105609907
-205.06030209313823,5.827160364991513e-06,-3.9747000000000057,0.01675,0.0018559624707359032,0.0003943771105609907
-204.98858858858893,5.936987935786615e-06,-3.9747000000000057,0.01675,0.0018559624707359032,0.0003943771105609907
-204.9168750840396,6.03033354848185e-06,-3.9747000000000057,0.01675,0.0018559624707359032,0.0003943771105609907
-204.84516157949025,6.106734255856831e-06,-3.9747000000000057,0.01675,0.0018559624707359032,0.0003943771105609907
-204.77344807494094,6.165827281186497e-06,-3.9747000000000057,0.01675,0.0018559624707359032,0.0003943771105609907
-204.7017345703916,6.207351171919038e-06,-3.9747000000000057,0.01675,0.0018559624707359032,0.0003943771105609907
-204.6300210658423,6.231146375880295e-06,-3.9747000000000057,0.01675,0.0018559624707359032,0.0003943771105609907
-204.55830756129296,6.237155241799255e-06,-3.9747000000000057,0.01675,0.0018559624707359032,0.0003943771105609907
-204.48659405674363,6.225421449135106e-06,-3.9747000000000057,0.01675,0.0018559624707359032,0.0003943771105609907
-204.41488055219432,6.1960888753190776e-06,-3.9747000000000057,0.01675,0.0018559624707359032,0.0003943771105609907
-204.34316704764498,6.1493999115841674e-06,-3.9747000000000057,0.01675,0.0018559624707359032,0.0003943771105609907
-204.27145354309565,6.085693241528914e-06,-3.9747000000000057,0.01675,0.0018559624707359032,0.0003943771105609907
-204.1997400385463,6.005401099429847e-06,-3.9747000000000057,0.01675,0.0018559624707359032,0.0003943771105609907
-204.12802653399703,5.909046028068148e-06,-3.9747000000000057,0.01675,0.0018559624707359032,0.0003943771105609907
-204.05631302944767,5.797237158452717e-06,-3.9747000000000057,0.01675,0.0018559624707359032,0.0003943771105609907
-203.98459952489833,5.670666036295512e-06,-3.9747000000000057,0.01675,0.0018559624707359032,0.0003943771105609907
-203.91288602034905,5.530102022404269e-06,-3.9747000000000057,0.01675,0.0018559624707359032,0.0003943771105609907
-203.8411725157997,5.3763872963034305e-06,-3.9747000000000057,0.01675,0.0018559624707359032,0.0003943771105609907
-203.76945901125038,5.21043149435627e-06,-3.9747000000000057,0.01675,0.0018559624707359032,0.0003943771105609907
-203.69774550670104,5.033206015430292e-06,-3.9747000000000057,0.01675,0.0018559624707359032,0.0003943771105609907
-203.62603200215173,4.845738028726219e-06,-3.9747000000000057,0.01675,0.0018559624707359032,0.0003943771105609907
-203.5543184976024,4.649104219756455e-06,-3.9747000000000057,0.01675,0.0018559624707359032,0.0003943771105609907
-203.48260499305306,4.444424311619378e-06,-3.9747000000000057,0.01675,0.0018559624707359032,0.0003943771105609907
-203.41089148850375,4.232854399654931e-06,-3.9747000000000057,0.01675,0.0018559624707359032,0.0003943771105609907
-203.33917798395441,4.015580138291942e-06,-3.9747000000000057,0.01675,0.0018559624707359032,0.0003943771105609907
-203.2674644794051,3.7938098193985067e-06,-3.9747000000000057,0.01675,0.0018559624707359032,0.0003943771105609907
-203.19575097485577,3.5687673817233163e-06,-3.9747000000000057,0.01675,0.0018559624707359032,0.0003943771105609907
-203.12403747030643,3.341685391076434e-06,-3.9747000000000057,0.01675,0.0018559624707359032,0.0003943771105609907
-203.05232396575713,3.1137980307295944e-06,-3.9747000000000057,0.01675,0.0018559624707359032,0.0003943771105609907
-202.98061046120782,2.886334141136952e-06,-3.9747000000000057,0.01675,0.0018559624707359032,0.0003943771105609907
-202.90889695665845,2.660510347480265e-06,-3.9747000000000057,0.01675,0.0018559624707359032,0.0003943771105609907
-202.83718345210914,2.4375243127371487e-06,-3.9747000000000057,0.01675,0.0018559624707359032,0.0003943771105609907
-202.76546994755984,2.218548152960833e-06,-3.9747000000000057,0.01675,0.0018559624707359032,0.0003943771105609907
-202.6937564430105,2.0047220502605056e-06,-3.9747000000000057,0.01675,0.0018559624707359032,0.0003943771105609907
-202.62204293846116,1.797148097575204e-06,-3.9747000000000057,0.01675,0.0018559624707359032,0.0003943771105609907
-202.55032943391186,1.5968844077664517e-06,-3.9747000000000057,0.01675,0.0018559624707359032,0.0003943771105609907
-202.47861592936252,1.4049395178170041e-06,-3.9747000000000057,0.01675,0.0018559624707359032,0.0003943771105609907
-202.40690242481318,1.2222671170284438e-06,-3.9747000000000057,0.01675,0.0018559624707359032,0.0003943771105609907
-202.33518892026387,1.0497611260678225e-06,-3.9747000000000057,0.01675,0.0018559624707359032,0.0003943771105609907
-202.26347541571454,8.882511515420352e-07,-3.9747000000000057,0.01675,0.0018559624707359032,0.0003943771105609907
-202.1917619111652,7.384983384853954e-07,-3.9747000000000057,0.01675,0.0018559624707359032,0.0003943771105609907
-202.12004840661592,6.011916407441484e-07,-3.9747000000000057,0.01675,0.0018559624707359032,0.0003943771105609907
-202.04833490206656,4.769445267521134e-07,-3.9747000000000057,0.01675,0.0018559624707359032,0.0003943771105609907
-201.97662139751722,3.662921356233136e-07,-3.9747000000000057,0.01675,0.0018559624707359032,0.0003943771105609907
-201.9049078929679,2.69688895851778e-07,-3.9747000000000057,0.01675,0.0018559624707359032,0.0003943771105609907
-201.8331943884186,1.8750661623442637e-07,-3.9747000000000057,0.01675,0.0018559624707359032,0.0003943771105609907
-201.76148088386924,1.2003305591802565e-07,-3.9747000000000057,0.01675,0.0018559624707359032,0.0003943771105609907
-201.68976737931993,6.747097774387609e-08,-3.9747000000000057,0.01675,0.0018559624707359032,0.0003943771105609907
-201.61805387477062,2.993768633283514e-08,-3.9747000000000057,0.01675,0.0018559624707359032,0.0003943771105609907
-201.5463403702213,7.465049637702593e-09,-3.9747000000000057,0.01675,0.0018559624707359032,0.0003943771105609907
-201.47462686567195,2.119985906639307e-34,-3.9747000000000057,0.01675,0.0018559624707359032,0.0003943771105609907
