detuning,transfer,Eb,e_Eb
-5389.999999999995,0.0017337044840901603,-3961.436974164037,35.66208503956371
-5388.589294647319,0.0017337044840901603,-3961.436974164037,35.66208503956371
-5387.178589294643,0.0017337044840901603,-3961.436974164037,35.66208503956371
-5385.767883941967,0.0017337044840901603,-3961.436974164037,35.66208503956371
-5384.35717858929,0.0017337044840901603,-3961.436974164037,35.66208503956371
-5382.946473236613,0.0017337044840901603,-3961.436974164037,35.66208503956371
-5381.535767883937,0.0017337044840901603,-3961.436974164037,35.66208503956371
-5380.125062531261,0.0017337044840901603,-3961.436974164037,35.66208503956371
-5378.714357178585,0.0017337044840901603,-3961.436974164037,35.66208503956371
-5377.303651825908,0.0017337044840901603,-3961.436974164037,35.66208503956371
-5375.892946473233,0.0017337044840901603,-3961.436974164037,35.66208503956371
-5374.482241120556,0.0017337044840901603,-3961.436974164037,35.66208503956371
-5373.071535767879,0.0017337044840901603,-3961.436974164037,35.66208503956371
-5371.660830415202,0.0017337044840901603,-3961.436974164037,35.66208503956371
-5370.250125062527,0.0017337044840901603,-3961.436974164037,35.66208503956371
-5368.8394197098505,0.0017337044840901603,-3961.436974164037,35.66208503956371
-5367.428714357174,0.0017337044840901603,-3961.436974164037,35.66208503956371
-5366.018009004498,0.0017337044840901603,-3961.436974164037,35.66208503956371
-5364.607303651822,0.0017337044840901603,-3961.436974164037,35.66208503956371
-5363.196598299145,0.0017337044840901603,-3961.436974164037,35.66208503956371
-5361.785892946468,0.0017337044840901603,-3961.436974164037,35.66208503956371
-5360.375187593792,0.0017337044840901603,-3961.436974164037,35.66208503956371
-5358.9644822411165,0.0017337044840901603,-3961.436974164037,35.66208503956371
-5357.55377688844,0.0017337044840901603,-3961.436974164037,35.66208503956371
-5356.143071535763,0.0017337044840901603,-3961.436974164037,35.66208503956371
-5354.732366183087,0.0017337044840901603,-3961.436974164037,35.66208503956371
-5353.321660830411,0.0017337044840901603,-3961.436974164037,35.66208503956371
-5351.910955477734,0.0017337044840901603,-3961.436974164037,35.66208503956371
-5350.500250125057,0.0017337044840901603,-3961.436974164037,35.66208503956371
-5349.0895447723815,0.0017337044840901603,-3961.436974164037,35.66208503956371
-5347.678839419706,0.0017337044840901603,-3961.436974164037,35.66208503956371
-5346.268134067029,0.0017337044840901603,-3961.436974164037,35.66208503956371
-5344.857428714353,0.0017337044840901603,-3961.436974164037,35.66208503956371
-5343.446723361677,0.0017337044840901603,-3961.436974164037,35.66208503956371
-5342.036018009,0.0017337044840901603,-3961.436974164037,35.66208503956371
-5340.625312656323,0.0017337044840901603,-3961.436974164037,35.66208503956371
-5339.214607303647,0.0017337044840901603,-3961.436974164037,35.66208503956371
-5337.8039019509715,0.0017337044840901603,-3961.436974164037,35.66208503956371
-5336.393196598295,0.0017337044840901603,-3961.436974164037,35.66208503956371
-5334.982491245618,0.0017337044840901603,-3961.436974164037,35.66208503956371
-5333.571785892942,0.0017337044840901603,-3961.436974164037,35.66208503956371
-5332.161080540266,0.0017337044840901603,-3961.436974164037,35.66208503956371
-5330.750375187589,0.0017337044840901603,-3961.436974164037,35.66208503956371
-5329.3396698349125,0.0017337044840901603,-3961.436974164037,35.66208503956371
-5327.928964482237,0.0017337044840901603,-3961.436974164037,35.66208503956371
-5326.518259129561,0.0017337044840901603,-3961.436974164037,35.66208503956371
-5325.107553776884,0.0017337044840901603,-3961.436974164037,35.66208503956371
-5323.696848424208,0.0017337044840901603,-3961.436974164037,35.66208503956371
-5322.286143071531,0.0017337044840901603,-3961.436974164037,35.66208503956371
-5320.875437718855,0.0017337044840901603,-3961.436974164037,35.66208503956371
-5319.464732366178,0.0017337044840901603,-3961.436974164037,35.66208503956371
-5318.0540270135025,0.0017337044840901603,-3961.436974164037,35.66208503956371
-5316.643321660826,0.0017337044840901603,-3961.436974164037,35.66208503956371
-5315.23261630815,0.0017337044840901603,-3961.436974164037,35.66208503956371
-5313.821910955473,0.0017337044840901603,-3961.436974164037,35.66208503956371
-5312.411205602797,0.0017337044840901603,-3961.436974164037,35.66208503956371
-5311.000500250121,0.0017337044840901603,-3961.436974164037,35.66208503956371
-5309.589794897444,0.0017337044840901603,-3961.436974164037,35.66208503956371
-5308.1790895447675,0.0017337044840901603,-3961.436974164037,35.66208503956371
-5306.768384192092,0.0017337044840901603,-3961.436974164037,35.66208503956371
-5305.357678839416,0.0017337044840901603,-3961.436974164037,35.66208503956371
-5303.946973486739,0.0017337044840901603,-3961.436974164037,35.66208503956371
-5302.536268134063,0.0017337044840901603,-3961.436974164037,35.66208503956371
-5301.125562781386,0.0017337044840901603,-3961.436974164037,35.66208503956371
-5299.71485742871,0.0017337044840901603,-3961.436974164037,35.66208503956371
-5298.3041520760335,0.0017337044840901603,-3961.436974164037,35.66208503956371
-5296.893446723358,0.0017337044840901603,-3961.436974164037,35.66208503956371
-5295.482741370681,0.0017337044840901603,-3961.436974164037,35.66208503956371
-5294.072036018005,0.0017337044840901603,-3961.436974164037,35.66208503956371
-5292.661330665328,0.0017337044840901603,-3961.436974164037,35.66208503956371
-5291.250625312652,0.0017337044840901603,-3961.436974164037,35.66208503956371
-5289.839919959975,0.0017337044840901603,-3961.436974164037,35.66208503956371
-5288.429214607299,0.0017337044840901603,-3961.436974164037,35.66208503956371
-5287.018509254623,0.0017337044840901603,-3961.436974164037,35.66208503956371
-5285.607803901947,0.0017337044840901603,-3961.436974164037,35.66208503956371
-5284.19709854927,0.0017337044840901603,-3961.436974164037,35.66208503956371
-5282.786393196594,0.0017337044840901603,-3961.436974164037,35.66208503956371
-5281.375687843918,0.0017337044840901603,-3961.436974164037,35.66208503956371
-5279.964982491241,0.0017337044840901603,-3961.436974164037,35.66208503956371
-5278.554277138565,0.0017337044840901603,-3961.436974164037,35.66208503956371
-5277.1435717858885,0.0017337044840901603,-3961.436974164037,35.66208503956371
-5275.732866433213,0.0017337044840901603,-3961.436974164037,35.66208503956371
-5274.322161080536,0.0017337044840901603,-3961.436974164037,35.66208503956371
-5272.91145572786,0.0017337044840901603,-3961.436974164037,35.66208503956371
-5271.500750375183,0.0017337044840901603,-3961.436974164037,35.66208503956371
-5270.090045022507,0.0017337044840901603,-3961.436974164037,35.66208503956371
-5268.67933966983,0.0017337044840901603,-3961.436974164037,35.66208503956371
-5267.2686343171545,0.0017337044840901603,-3961.436974164037,35.66208503956371
-5265.857928964478,0.0017337044840901603,-3961.436974164037,35.66208503956371
-5264.447223611802,0.0017337044840901603,-3961.436974164037,35.66208503956371
-5263.036518259125,0.0017337044840901603,-3961.436974164037,35.66208503956371
-5261.625812906449,0.0017337044840901603,-3961.436974164037,35.66208503956371
-5260.215107553773,0.0017337044840901603,-3961.436974164037,35.66208503956371
-5258.804402201096,0.0017337044840901603,-3961.436974164037,35.66208503956371
-5257.3936968484195,0.0017337044840901603,-3961.436974164037,35.66208503956371
-5255.982991495744,0.0017337044840901603,-3961.436974164037,35.66208503956371
-5254.572286143068,0.0017337044840901603,-3961.436974164037,35.66208503956371
-5253.161580790391,0.0017337044840901603,-3961.436974164037,35.66208503956371
-5251.750875437714,0.0017337044840901603,-3961.436974164037,35.66208503956371
-5250.340170085038,0.0017337044840901603,-3961.436974164037,35.66208503956371
-5248.929464732362,0.0017337044840901603,-3961.436974164037,35.66208503956371
-5247.518759379685,0.0017337044840901603,-3961.436974164037,35.66208503956371
-5246.108054027009,0.0017337044840901603,-3961.436974164037,35.66208503956371
-5244.697348674333,0.0017337044840901603,-3961.436974164037,35.66208503956371
-5243.286643321657,0.0017337044840901603,-3961.436974164037,35.66208503956371
-5241.87593796898,0.0017337044840901603,-3961.436974164037,35.66208503956371
-5240.465232616304,0.0017337044840901603,-3961.436974164037,35.66208503956371
-5239.054527263628,0.0017337044840901603,-3961.436974164037,35.66208503956371
-5237.643821910951,0.0017337044840901603,-3961.436974164037,35.66208503956371
-5236.233116558275,0.0017337044840901603,-3961.436974164037,35.66208503956371
-5234.822411205599,0.0017337044840901603,-3961.436974164037,35.66208503956371
-5233.411705852923,0.0017337044840901603,-3961.436974164037,35.66208503956371
-5232.001000500246,0.0017337044840901603,-3961.436974164037,35.66208503956371
-5230.590295147569,0.0017337044840901603,-3961.436974164037,35.66208503956371
-5229.179589794893,0.0017337044840901603,-3961.436974164037,35.66208503956371
-5227.768884442217,0.0017337044840901603,-3961.436974164037,35.66208503956371
-5226.3581790895405,0.0017337044840901603,-3961.436974164037,35.66208503956371
-5224.947473736864,0.0017337044840901603,-3961.436974164037,35.66208503956371
-5223.536768384189,0.0017337044840901603,-3961.436974164037,35.66208503956371
-5222.126063031512,0.0017337044840901603,-3961.436974164037,35.66208503956371
-5220.715357678835,0.0017337044840901603,-3961.436974164037,35.66208503956371
-5219.304652326158,0.0017337044840901603,-3961.436974164037,35.66208503956371
-5217.893946973483,0.0017337044840901603,-3961.436974164037,35.66208503956371
-5216.483241620806,0.0017337044840901603,-3961.436974164037,35.66208503956371
-5215.07253626813,0.0017337044840901603,-3961.436974164037,35.66208503956371
-5213.661830915453,0.0017337044840901603,-3961.436974164037,35.66208503956371
-5212.251125562778,0.0017337044840901603,-3961.436974164037,35.66208503956371
-5210.840420210101,0.0017337044840901603,-3961.436974164037,35.66208503956371
-5209.429714857424,0.0017337044840901603,-3961.436974164037,35.66208503956371
-5208.019009504748,0.0017337044840901603,-3961.436974164037,35.66208503956371
-5206.608304152072,0.0017337044840901603,-3961.436974164037,35.66208503956371
-5205.197598799396,0.0017337044840901603,-3961.436974164037,35.66208503956371
-5203.786893446719,0.0017337044840901603,-3961.436974164037,35.66208503956371
-5202.376188094043,0.0017337044840901603,-3961.436974164037,35.66208503956371
-5200.965482741367,0.0017337044840901603,-3961.436974164037,35.66208503956371
-5199.55477738869,0.0017337044840901603,-3961.436974164037,35.66208503956371
-5198.144072036013,0.0017337044840901603,-3961.436974164037,35.66208503956371
-5196.733366683338,0.0017337044840901603,-3961.436974164037,35.66208503956371
-5195.3226613306615,0.0017337044840901603,-3961.436974164037,35.66208503956371
-5193.911955977985,0.0017337044840901603,-3961.436974164037,35.66208503956371
-5192.501250625308,0.0017337044840901603,-3961.436974164037,35.66208503956371
-5191.090545272633,0.0017337044840901603,-3961.436974164037,35.66208503956371
-5189.679839919956,0.0017337044840901603,-3961.436974164037,35.66208503956371
-5188.269134567279,0.0017337044840901603,-3961.436974164037,35.66208503956371
-5186.858429214602,0.0017337044840901603,-3961.436974164037,35.66208503956371
-5185.447723861927,0.0017337044840901603,-3961.436974164037,35.66208503956371
-5184.037018509251,0.0017337044840901603,-3961.436974164037,35.66208503956371
-5182.626313156574,0.0017337044840901603,-3961.436974164037,35.66208503956371
-5181.215607803899,0.0017337044840901603,-3961.436974164037,35.66208503956371
-5179.804902451222,0.0017337044840901603,-3961.436974164037,35.66208503956371
-5178.394197098545,0.0017337044840901603,-3961.436974164037,35.66208503956371
-5176.983491745868,0.0017337044840901603,-3961.436974164037,35.66208503956371
-5175.572786393193,0.0017337044840901603,-3961.436974164037,35.66208503956371
-5174.162081040517,0.0017337044840901603,-3961.436974164037,35.66208503956371
-5172.75137568784,0.0017337044840901603,-3961.436974164037,35.66208503956371
-5171.340670335163,0.0017337044840901603,-3961.436974164037,35.66208503956371
-5169.929964982488,0.0017337044840901603,-3961.436974164037,35.66208503956371
-5168.519259629811,0.0017337044840901603,-3961.436974164037,35.66208503956371
-5167.108554277134,0.0017337044840901603,-3961.436974164037,35.66208503956371
-5165.6978489244575,0.0017337044840901603,-3961.436974164037,35.66208503956371
-5164.2871435717825,0.0017337044840901603,-3961.436974164037,35.66208503956371
-5162.876438219106,0.0017337044840901603,-3961.436974164037,35.66208503956371
-5161.465732866429,0.0017337044840901603,-3961.436974164037,35.66208503956371
-5160.055027513752,0.0017337044840901603,-3961.436974164037,35.66208503956371
-5158.644322161077,0.0017337044840901603,-3961.436974164037,35.66208503956371
-5157.2336168084,0.0017337044840901603,-3961.436974164037,35.66208503956371
-5155.822911455723,0.0017337044840901603,-3961.436974164037,35.66208503956371
-5154.412206103048,0.0017337044840901603,-3961.436974164037,35.66208503956371
-5153.001500750372,0.0017337044840901603,-3961.436974164037,35.66208503956371
-5151.590795397695,0.0017337044840901603,-3961.436974164037,35.66208503956371
-5150.180090045018,0.0017337044840901603,-3961.436974164037,35.66208503956371
-5148.769384692343,0.0017337044840901603,-3961.436974164037,35.66208503956371
-5147.358679339666,0.0017337044840901603,-3961.436974164037,35.66208503956371
-5145.947973986989,0.0017337044840901603,-3961.436974164037,35.66208503956371
-5144.537268634313,0.0017337044840901603,-3961.436974164037,35.66208503956371
-5143.126563281638,0.0017337044840901603,-3961.436974164037,35.66208503956371
-5141.715857928961,0.0017337044840901603,-3961.436974164037,35.66208503956371
-5140.305152576284,0.0017337044840901603,-3961.436974164037,35.66208503956371
-5138.894447223608,0.0017337044840901603,-3961.436974164037,35.66208503956371
-5137.483741870932,0.0017337044840901603,-3961.436974164037,35.66208503956371
-5136.073036518255,0.0017337044840901603,-3961.436974164037,35.66208503956371
-5134.6623311655785,0.0017337044840901603,-3961.436974164037,35.66208503956371
-5133.251625812903,0.0017337044840901603,-3961.436974164037,35.66208503956371
-5131.840920460227,0.0017337044840901603,-3961.436974164037,35.66208503956371
-5130.43021510755,0.0017337044840901603,-3961.436974164037,35.66208503956371
-5129.019509754873,0.0017337044840901603,-3961.436974164037,35.66208503956371
-5127.608804402197,0.0017337044840901603,-3961.436974164037,35.66208503956371
-5126.198099049521,0.0017337044840901603,-3961.436974164037,35.66208503956371
-5124.787393696844,0.0017337044840901603,-3961.436974164037,35.66208503956371
-5123.376688344168,0.0017337044840901603,-3961.436974164037,35.66208503956371
-5121.965982991493,0.0017337044840901603,-3961.436974164037,35.66208503956371
-5120.555277638816,0.0017337044840901603,-3961.436974164037,35.66208503956371
-5119.144572286139,0.0017337044840901603,-3961.436974164037,35.66208503956371
-5117.733866933462,0.0017337044840901603,-3961.436974164037,35.66208503956371
-5116.323161580787,0.0017337044840901603,-3961.436974164037,35.66208503956371
-5114.91245622811,0.0017337044840901603,-3961.436974164037,35.66208503956371
-5113.501750875434,0.0017337044840901603,-3961.436974164037,35.66208503956371
-5112.091045522758,0.0017337044840901603,-3961.436974164037,35.66208503956371
-5110.680340170082,0.0017337044840901603,-3961.436974164037,35.66208503956371
-5109.269634817405,0.0017337044840901603,-3961.436974164037,35.66208503956371
-5107.858929464728,0.0017337044840901603,-3961.436974164037,35.66208503956371
-5106.448224112052,0.0017337044840901603,-3961.436974164037,35.66208503956371
-5105.037518759376,0.0017337044840901603,-3961.436974164037,35.66208503956371
-5103.6268134066995,0.0017337044840901603,-3961.436974164037,35.66208503956371
-5102.216108054023,0.0017337044840901603,-3961.436974164037,35.66208503956371
-5100.805402701347,0.0017337044840901603,-3961.436974164037,35.66208503956371
-5099.394697348671,0.0017337044840901603,-3961.436974164037,35.66208503956371
-5097.983991995994,0.0017337044840901603,-3961.436974164037,35.66208503956371
-5096.573286643318,0.0017337044840901603,-3961.436974164037,35.66208503956371
-5095.162581290641,0.0017337044840901603,-3961.436974164037,35.66208503956371
-5093.751875937965,0.0017337044840901603,-3961.436974164037,35.66208503956371
-5092.341170585289,0.0017337044840901603,-3961.436974164037,35.66208503956371
-5090.930465232613,0.0017337044840901603,-3961.436974164037,35.66208503956371
-5089.519759879936,0.0017337044840901603,-3961.436974164037,35.66208503956371
-5088.10905452726,0.0017337044840901603,-3961.436974164037,35.66208503956371
-5086.698349174583,0.0017337044840901603,-3961.436974164037,35.66208503956371
-5085.287643821907,0.0017337044840901603,-3961.436974164037,35.66208503956371
-5083.876938469231,0.0017337044840901603,-3961.436974164037,35.66208503956371
-5082.466233116555,0.0017337044840901603,-3961.436974164037,35.66208503956371
-5081.055527763878,0.0017337044840901603,-3961.436974164037,35.66208503956371
-5079.644822411202,0.0017337044840901603,-3961.436974164037,35.66208503956371
-5078.234117058526,0.0017337044840901603,-3961.436974164037,35.66208503956371
-5076.823411705849,0.0017337044840901603,-3961.436974164037,35.66208503956371
-5075.412706353172,0.0017337044840901603,-3961.436974164037,35.66208503956371
-5074.002001000496,0.0017337044840901603,-3961.436974164037,35.66208503956371
-5072.5912956478205,0.0017337044840901603,-3961.436974164037,35.66208503956371
-5071.180590295144,0.0017337044840901603,-3961.436974164037,35.66208503956371
-5069.769884942468,0.0017337044840901603,-3961.436974164037,35.66208503956371
-5068.359179589791,0.0017337044840901603,-3961.436974164037,35.66208503956371
-5066.948474237115,0.0017337044840901603,-3961.436974164037,35.66208503956371
-5065.537768884438,0.0017337044840901603,-3961.436974164037,35.66208503956371
-5064.127063531762,0.0017337044840901603,-3961.436974164037,35.66208503956371
-5062.716358179086,0.0017337044840901603,-3961.436974164037,35.66208503956371
-5061.30565282641,0.0017337044840901603,-3961.436974164037,35.66208503956371
-5059.894947473733,0.0017337044840901603,-3961.436974164037,35.66208503956371
-5058.484242121057,0.0017337044840901603,-3961.436974164037,35.66208503956371
-5057.07353676838,0.0017337044840901603,-3961.436974164037,35.66208503956371
-5055.662831415704,0.0017337044840901603,-3961.436974164037,35.66208503956371
-5054.252126063028,0.0017337044840901603,-3961.436974164037,35.66208503956371
-5052.8414207103515,0.0017337044840901603,-3961.436974164037,35.66208503956371
-5051.430715357676,0.0017337044840901603,-3961.436974164037,35.66208503956371
-5050.020010004999,0.0017337044840901603,-3961.436974164037,35.66208503956371
-5048.609304652323,0.0017337044840901603,-3961.436974164037,35.66208503956371
-5047.198599299646,0.0017337044840901603,-3961.436974164037,35.66208503956371
-5045.78789394697,0.0017337044840901603,-3961.436974164037,35.66208503956371
-5044.377188594293,0.0017337044840901603,-3961.436974164037,35.66208503956371
-5042.966483241617,0.0017337044840901603,-3961.436974164037,35.66208503956371
-5041.555777888941,0.0017337044840901603,-3961.436974164037,35.66208503956371
-5040.145072536265,0.0017337044840901603,-3961.436974164037,35.66208503956371
-5038.734367183588,0.0017337044840901603,-3961.436974164037,35.66208503956371
-5037.323661830912,0.0017337044840901603,-3961.436974164037,35.66208503956371
-5035.912956478235,0.0017337044840901603,-3961.436974164037,35.66208503956371
-5034.502251125559,0.0017337044840901603,-3961.436974164037,35.66208503956371
-5033.0915457728825,0.0017337044840901603,-3961.436974164037,35.66208503956371
-5031.680840420207,0.0017337044840901603,-3961.436974164037,35.66208503956371
-5030.27013506753,0.0017337044840901603,-3961.436974164037,35.66208503956371
-5028.859429714854,0.0017337044840901603,-3961.436974164037,35.66208503956371
-5027.448724362178,0.0017337044840901603,-3961.436974164037,35.66208503956371
-5026.038019009501,0.0017337044840901603,-3961.436974164037,35.66208503956371
-5024.627313656824,0.0017337044840901603,-3961.436974164037,35.66208503956371
-5023.216608304148,0.0017337044840901603,-3961.436974164037,35.66208503956371
-5021.8059029514725,0.0017337044840901603,-3961.436974164037,35.66208503956371
-5020.395197598796,0.0017337044840901603,-3961.436974164037,35.66208503956371
-5018.98449224612,0.0017337044840901603,-3961.436974164037,35.66208503956371
-5017.573786893443,0.0017337044840901603,-3961.436974164037,35.66208503956371
-5016.163081540767,0.0017337044840901603,-3961.436974164037,35.66208503956371
-5014.75237618809,0.0017337044840901603,-3961.436974164037,35.66208503956371
-5013.341670835414,0.0017337044840901603,-3961.436974164037,35.66208503956371
-5011.930965482738,0.0017337044840901603,-3961.436974164037,35.66208503956371
-5010.520260130062,0.0017337044840901603,-3961.436974164037,35.66208503956371
-5009.109554777385,0.0017337044840901603,-3961.436974164037,35.66208503956371
-5007.698849424709,0.0017337044840901603,-3961.436974164037,35.66208503956371
-5006.288144072033,0.0017337044840901603,-3961.436974164037,35.66208503956371
-5004.877438719356,0.0017337044840901603,-3961.436974164037,35.66208503956371
-5003.466733366679,0.0017337044840901603,-3961.436974164037,35.66208503956371
-5002.0560280140035,0.0017337044840901603,-3961.436974164037,35.66208503956371
-5000.645322661328,0.0017337044840901603,-3961.436974164037,35.66208503956371
-4999.234617308651,0.0017337044840901603,-3961.436974164037,35.66208503956371
-4997.823911955974,0.0017337044840901603,-3961.436974164037,35.66208503956371
-4996.413206603298,0.0017337044840901603,-3961.436974164037,35.66208503956371
-4995.002501250622,0.0017337044840901603,-3961.436974164037,35.66208503956371
-4993.591795897945,0.0017337044840901603,-3961.436974164037,35.66208503956371
-4992.1810905452685,0.0017337044840901603,-3961.436974164037,35.66208503956371
-4990.770385192593,0.0017337044840901603,-3961.436974164037,35.66208503956371
-4989.359679839917,0.0017337044840901603,-3961.436974164037,35.66208503956371
-4987.94897448724,0.0017337044840901603,-3961.436974164037,35.66208503956371
-4986.538269134564,0.0017337044840901603,-3961.436974164037,35.66208503956371
-4985.127563781888,0.0017337044840901603,-3961.436974164037,35.66208503956371
-4983.716858429211,0.0017337044840901603,-3961.436974164037,35.66208503956371
-4982.306153076534,0.0017337044840901603,-3961.436974164037,35.66208503956371
-4980.8954477238585,0.0017337044840901603,-3961.436974164037,35.66208503956371
-4979.484742371183,0.0017337044840901603,-3961.436974164037,35.66208503956371
-4978.074037018506,0.0017337044840901603,-3961.436974164037,35.66208503956371
-4976.663331665829,0.0017337044840901603,-3961.436974164037,35.66208503956371
-4975.252626313153,0.0017337044840901603,-3961.436974164037,35.66208503956371
-4973.841920960477,0.0017337044840901603,-3961.436974164037,35.66208503956371
-4972.4312156078,0.0017337044840901603,-3961.436974164037,35.66208503956371
-4971.020510255124,0.0017337044840901603,-3961.436974164037,35.66208503956371
-4969.609804902449,0.0017337044840901603,-3961.436974164037,35.66208503956371
-4968.199099549772,0.0017337044840901603,-3961.436974164037,35.66208503956371
-4966.788394197095,0.0017337044840901603,-3961.436974164037,35.66208503956371
-4965.377688844418,0.0017337044840901603,-3961.436974164037,35.66208503956371
-4963.966983491743,0.0017337044840901603,-3961.436974164037,35.66208503956371
-4962.556278139066,0.0017337044840901603,-3961.436974164037,35.66208503956371
-4961.1455727863895,0.0017337044840901603,-3961.436974164037,35.66208503956371
-4959.734867433713,0.0017337044840901603,-3961.436974164037,35.66208503956371
-4958.324162081038,0.0017337044840901603,-3961.436974164037,35.66208503956371
-4956.913456728361,0.0017337044840901603,-3961.436974164037,35.66208503956371
-4955.502751375684,0.0017337044840901603,-3961.436974164037,35.66208503956371
-4954.092046023007,0.0017337044840901603,-3961.436974164037,35.66208503956371
-4952.681340670332,0.0017337044840901603,-3961.436974164037,35.66208503956371
-4951.270635317655,0.0017337044840901603,-3961.436974164037,35.66208503956371
-4949.859929964979,0.0017337044840901603,-3961.436974164037,35.66208503956371
-4948.449224612303,0.0017337044840901603,-3961.436974164037,35.66208503956371
-4947.038519259627,0.0017337044840901603,-3961.436974164037,35.66208503956371
-4945.62781390695,0.0017337044840901603,-3961.436974164037,35.66208503956371
-4944.217108554273,0.0017337044840901603,-3961.436974164037,35.66208503956371
-4942.806403201598,0.0017337044840901603,-3961.436974164037,35.66208503956371
-4941.395697848921,0.0017337044840901603,-3961.436974164037,35.66208503956371
-4939.984992496245,0.0017337044840901603,-3961.436974164037,35.66208503956371
-4938.574287143568,0.0017337044840901603,-3961.436974164037,35.66208503956371
-4937.163581790893,0.0017337044840901603,-3961.436974164037,35.66208503956371
-4935.752876438216,0.0017337044840901603,-3961.436974164037,35.66208503956371
-4934.342171085539,0.0017337044840901603,-3961.436974164037,35.66208503956371
-4932.931465732862,0.0017337044840901603,-3961.436974164037,35.66208503956371
-4931.520760380187,0.0017337044840901603,-3961.436974164037,35.66208503956371
-4930.1100550275105,0.0017337044840901603,-3961.436974164037,35.66208503956371
-4928.699349674834,0.0017337044840901603,-3961.436974164037,35.66208503956371
-4927.288644322159,0.0017337044840901603,-3961.436974164037,35.66208503956371
-4925.877938969482,0.0017337044840901603,-3961.436974164037,35.66208503956371
-4924.467233616805,0.0017337044840901603,-3961.436974164037,35.66208503956371
-4923.056528264128,0.0017337044840901603,-3961.436974164037,35.66208503956371
-4921.645822911453,0.0017337044840901603,-3961.436974164037,35.66208503956371
-4920.235117558776,0.0017337044840901603,-3961.436974164037,35.66208503956371
-4918.8244122061,0.0017337044840901603,-3961.436974164037,35.66208503956371
-4917.413706853423,0.0017337044840901603,-3961.436974164037,35.66208503956371
-4916.003001500748,0.0017337044840901603,-3961.436974164037,35.66208503956371
-4914.592296148071,0.0017337044840901603,-3961.436974164037,35.66208503956371
-4913.181590795394,0.0017337044840901603,-3961.436974164037,35.66208503956371
-4911.770885442717,0.0017337044840901603,-3961.436974164037,35.66208503956371
-4910.360180090042,0.0017337044840901603,-3961.436974164037,35.66208503956371
-4908.949474737366,0.0017337044840901603,-3961.436974164037,35.66208503956371
-4907.538769384689,0.0017337044840901603,-3961.436974164037,35.66208503956371
-4906.128064032012,0.0017337044840901603,-3961.436974164037,35.66208503956371
-4904.717358679337,0.0017337044840901603,-3961.436974164037,35.66208503956371
-4903.30665332666,0.0017337044840901603,-3961.436974164037,35.66208503956371
-4901.895947973983,0.0017337044840901603,-3961.436974164037,35.66208503956371
-4900.485242621307,0.0017337044840901603,-3961.436974164037,35.66208503956371
-4899.0745372686315,0.0017337044840901603,-3961.436974164037,35.66208503956371
-4897.663831915955,0.0017337044840901603,-3961.436974164037,35.66208503956371
-4896.253126563278,0.0017337044840901603,-3961.436974164037,35.66208503956371
-4894.842421210603,0.0017337044840901603,-3961.436974164037,35.66208503956371
-4893.431715857926,0.0017337044840901603,-3961.436974164037,35.66208503956371
-4892.021010505249,0.0017337044840901603,-3961.436974164037,35.66208503956371
-4890.610305152572,0.0017337044840901603,-3961.436974164037,35.66208503956371
-4889.199599799897,0.0017337044840901603,-3961.436974164037,35.66208503956371
-4887.788894447221,0.0017337044840901603,-3961.436974164037,35.66208503956371
-4886.378189094544,0.0017337044840901603,-3961.436974164037,35.66208503956371
-4884.967483741868,0.0017337044840901603,-3961.436974164037,35.66208503956371
-4883.556778389192,0.0017337044840901603,-3961.436974164037,35.66208503956371
-4882.146073036515,0.0017337044840901603,-3961.436974164037,35.66208503956371
-4880.735367683838,0.0017337044840901603,-3961.436974164037,35.66208503956371
-4879.3246623311625,0.0017337044840901603,-3961.436974164037,35.66208503956371
-4877.913956978487,0.0017337044840901603,-3961.436974164037,35.66208503956371
-4876.50325162581,0.0017337044840901603,-3961.436974164037,35.66208503956371
-4875.092546273133,0.0017337044840901603,-3961.436974164037,35.66208503956371
-4873.681840920457,0.0017337044840901603,-3961.436974164037,35.66208503956371
-4872.271135567781,0.0017337044840901603,-3961.436974164037,35.66208503956371
-4870.860430215104,0.0017337044840901603,-3961.436974164037,35.66208503956371
-4869.4497248624275,0.0017337044840901603,-3961.436974164037,35.66208503956371
-4868.039019509752,0.0017337044840901603,-3961.436974164037,35.66208503956371
-4866.628314157076,0.0017337044840901603,-3961.436974164037,35.66208503956371
-4865.217608804399,0.0017337044840901603,-3961.436974164037,35.66208503956371
-4863.806903451723,0.0017337044840901603,-3961.436974164037,35.66208503956371
-4862.396198099047,0.0017337044840901603,-3961.436974164037,35.66208503956371
-4860.98549274637,0.0017337044840901603,-3961.436974164037,35.66208503956371
-4859.574787393693,0.0017337044840901603,-3961.436974164037,35.66208503956371
-4858.1640820410175,0.0017337044840901603,-3961.436974164037,35.66208503956371
-4856.753376688342,0.0017337044840901603,-3961.436974164037,35.66208503956371
-4855.342671335665,0.0017337044840901603,-3961.436974164037,35.66208503956371
-4853.931965982988,0.0017337044840901603,-3961.436974164037,35.66208503956371
-4852.521260630312,0.0017337044840901603,-3961.436974164037,35.66208503956371
-4851.110555277636,0.0017337044840901603,-3961.436974164037,35.66208503956371
-4849.699849924959,0.0017337044840901603,-3961.436974164037,35.66208503956371
-4848.289144572283,0.0017337044840901603,-3961.436974164037,35.66208503956371
-4846.878439219607,0.0017337044840901603,-3961.436974164037,35.66208503956371
-4845.467733866931,0.0017337044840901603,-3961.436974164037,35.66208503956371
-4844.057028514254,0.0017337044840901603,-3961.436974164037,35.66208503956371
-4842.646323161578,0.0017337044840901603,-3961.436974164037,35.66208503956371
-4841.235617808901,0.0017337044840901603,-3961.436974164037,35.66208503956371
-4839.824912456225,0.0017337044840901603,-3961.436974164037,35.66208503956371
-4838.4142071035485,0.0017337044840901603,-3961.436974164037,35.66208503956371
-4837.003501750873,0.0017337044840901603,-3961.436974164037,35.66208503956371
-4835.592796398196,0.0017337044840901603,-3961.436974164037,35.66208503956371
-4834.18209104552,0.0017337044840901603,-3961.436974164037,35.66208503956371
-4832.771385692843,0.0017337044840901603,-3961.436974164037,35.66208503956371
-4831.360680340167,0.0017337044840901603,-3961.436974164037,35.66208503956371
-4829.949974987491,0.0017337044840901603,-3961.436974164037,35.66208503956371
-4828.539269634814,0.0017337044840901603,-3961.436974164037,35.66208503956371
-4827.1285642821385,0.0017337044840901603,-3961.436974164037,35.66208503956371
-4825.717858929462,0.0017337044840901603,-3961.436974164037,35.66208503956371
-4824.307153576786,0.0017337044840901603,-3961.436974164037,35.66208503956371
-4822.896448224109,0.0017337044840901603,-3961.436974164037,35.66208503956371
-4821.485742871432,0.0017337044840901603,-3961.436974164037,35.66208503956371
-4820.075037518756,0.0017337044840901603,-3961.436974164037,35.66208503956371
-4818.66433216608,0.0017337044840901603,-3961.436974164037,35.66208503956371
-4817.253626813404,0.0017337044840901603,-3961.436974164037,35.66208503956371
-4815.842921460728,0.0017337044840901603,-3961.436974164037,35.66208503956371
-4814.432216108051,0.0017337044840901603,-3961.436974164037,35.66208503956371
-4813.021510755375,0.0017337044840901603,-3961.436974164037,35.66208503956371
-4811.610805402698,0.0017337044840901603,-3961.436974164037,35.66208503956371
-4810.200100050022,0.0017337044840901603,-3961.436974164037,35.66208503956371
-4808.789394697345,0.0017337044840901603,-3961.436974164037,35.66208503956371
-4807.3786893446695,0.0017337044840901603,-3961.436974164037,35.66208503956371
-4805.967983991993,0.0017337044840901603,-3961.436974164037,35.66208503956371
-4804.557278639317,0.0017337044840901603,-3961.436974164037,35.66208503956371
-4803.14657328664,0.0017337044840901603,-3961.436974164037,35.66208503956371
-4801.735867933964,0.0017337044840901603,-3961.436974164037,35.66208503956371
-4800.325162581288,0.0017337044840901603,-3961.436974164037,35.66208503956371
-4798.914457228611,0.0017337044840901603,-3961.436974164037,35.66208503956371
-4797.5037518759345,0.0017337044840901603,-3961.436974164037,35.66208503956371
-4796.093046523259,0.0017337044840901603,-3961.436974164037,35.66208503956371
-4794.682341170583,0.0017337044840901603,-3961.436974164037,35.66208503956371
-4793.271635817906,0.0017337044840901603,-3961.436974164037,35.66208503956371
-4791.86093046523,0.0017337044840901603,-3961.436974164037,35.66208503956371
-4790.450225112553,0.0017337044840901603,-3961.436974164037,35.66208503956371
-4789.039519759877,0.0017337044840901603,-3961.436974164037,35.66208503956371
-4787.6288144072005,0.0017337044840901603,-3961.436974164037,35.66208503956371
-4786.218109054525,0.0017337044840901603,-3961.436974164037,35.66208503956371
-4784.807403701849,0.0017337044840901603,-3961.436974164037,35.66208503956371
-4783.396698349172,0.0017337044840901603,-3961.436974164037,35.66208503956371
-4781.985992996495,0.0017337044840901603,-3961.436974164037,35.66208503956371
-4780.575287643819,0.0017337044840901603,-3961.436974164037,35.66208503956371
-4779.164582291142,0.0017337044840901603,-3961.436974164037,35.66208503956371
-4777.753876938466,0.0017337044840901603,-3961.436974164037,35.66208503956371
-4776.34317158579,0.0017337044840901603,-3961.436974164037,35.66208503956371
-4774.932466233114,0.0017337044840901603,-3961.436974164037,35.66208503956371
-4773.521760880438,0.0017337044840901603,-3961.436974164037,35.66208503956371
-4772.111055527761,0.0017337044840901603,-3961.436974164037,35.66208503956371
-4770.700350175084,0.0017337044840901603,-3961.436974164037,35.66208503956371
-4769.289644822408,0.0017337044840901603,-3961.436974164037,35.66208503956371
-4767.878939469732,0.0017337044840901603,-3961.436974164037,35.66208503956371
-4766.4682341170555,0.0017337044840901603,-3961.436974164037,35.66208503956371
-4765.057528764379,0.0017337044840901603,-3961.436974164037,35.66208503956371
-4763.646823411703,0.0017337044840901603,-3961.436974164037,35.66208503956371
-4762.236118059027,0.0017337044840901603,-3961.436974164037,35.66208503956371
-4760.82541270635,0.0017337044840901603,-3961.436974164037,35.66208503956371
-4759.414707353674,0.0017337044840901603,-3961.436974164037,35.66208503956371
-4758.004002000998,0.0017337044840901603,-3961.436974164037,35.66208503956371
-4756.5932966483215,0.0017337044840901603,-3961.436974164037,35.66208503956371
-4755.182591295645,0.0017337044840901603,-3961.436974164037,35.66208503956371
-4753.771885942969,0.0017337044840901603,-3961.436974164037,35.66208503956371
-4752.361180590293,0.0017337044840901603,-3961.436974164037,35.66208503956371
-4750.950475237616,0.0017337044840901603,-3961.436974164037,35.66208503956371
-4749.539769884939,0.0017337044840901603,-3961.436974164037,35.66208503956371
-4748.129064532263,0.0017337044840901603,-3961.436974164037,35.66208503956371
-4746.718359179587,0.0017337044840901603,-3961.436974164037,35.66208503956371
-4745.307653826911,0.0017337044840901603,-3961.436974164037,35.66208503956371
-4743.896948474234,0.0017337044840901603,-3961.436974164037,35.66208503956371
-4742.486243121559,0.0017337044840901603,-3961.436974164037,35.66208503956371
-4741.075537768882,0.0017337044840901603,-3961.436974164037,35.66208503956371
-4739.664832416205,0.0017337044840901603,-3961.436974164037,35.66208503956371
-4738.254127063528,0.0017337044840901603,-3961.436974164037,35.66208503956371
-4736.843421710852,0.0017337044840901603,-3961.436974164037,35.66208503956371
-4735.432716358177,0.0017337044840901603,-3961.436974164037,35.66208503956371
-4734.0220110055,0.0017337044840901603,-3961.436974164037,35.66208503956371
-4732.611305652823,0.0017337044840901603,-3961.436974164037,35.66208503956371
-4731.200600300148,0.0017337044840901603,-3961.436974164037,35.66208503956371
-4729.789894947471,0.0017337044840901603,-3961.436974164037,35.66208503956371
-4728.379189594794,0.0017337044840901603,-3961.436974164037,35.66208503956371
-4726.968484242118,0.0017337044840901603,-3961.436974164037,35.66208503956371
-4725.5577788894425,0.0017337044840901603,-3961.436974164037,35.66208503956371
-4724.147073536766,0.0017337044840901603,-3961.436974164037,35.66208503956371
-4722.736368184089,0.0017337044840901603,-3961.436974164037,35.66208503956371
-4721.325662831413,0.0017337044840901603,-3961.436974164037,35.66208503956371
-4719.914957478737,0.0017337044840901603,-3961.436974164037,35.66208503956371
-4718.50425212606,0.0017337044840901603,-3961.436974164037,35.66208503956371
-4717.093546773383,0.0017337044840901603,-3961.436974164037,35.66208503956371
-4715.682841420708,0.0017337044840901603,-3961.436974164037,35.66208503956371
-4714.272136068032,0.0017337044840901603,-3961.436974164037,35.66208503956371
-4712.861430715355,0.0017337044840901603,-3961.436974164037,35.66208503956371
-4711.450725362678,0.0017337044840901603,-3961.436974164037,35.66208503956371
-4710.040020010003,0.0017337044840901603,-3961.436974164037,35.66208503956371
-4708.629314657326,0.0017337044840901603,-3961.436974164037,35.66208503956371
-4707.218609304649,0.0017337044840901603,-3961.436974164037,35.66208503956371
-4705.807903951973,0.0017337044840901603,-3961.436974164037,35.66208503956371
-4704.397198599298,0.0017337044840901603,-3961.436974164037,35.66208503956371
-4702.986493246621,0.0017337044840901603,-3961.436974164037,35.66208503956371
-4701.575787893944,0.0017337044840901603,-3961.436974164037,35.66208503956371
-4700.165082541269,0.0017337044840901603,-3961.436974164037,35.66208503956371
-4698.754377188592,0.0017337044840901603,-3961.436974164037,35.66208503956371
-4697.343671835915,0.0017337044840901603,-3961.436974164037,35.66208503956371
-4695.9329664832385,0.0017337044840901603,-3961.436974164037,35.66208503956371
-4694.522261130563,0.0017337044840901603,-3961.436974164037,35.66208503956371
-4693.111555777887,0.0017337044840901603,-3961.436974164037,35.66208503956371
-4691.70085042521,0.0017337044840901603,-3961.436974164037,35.66208503956371
-4690.290145072533,0.0017337044840901603,-3961.436974164037,35.66208503956371
-4688.879439719858,0.0017337044840901603,-3961.436974164037,35.66208503956371
-4687.468734367181,0.0017337044840901603,-3961.436974164037,35.66208503956371
-4686.058029014504,0.0017337044840901603,-3961.436974164037,35.66208503956371
-4684.647323661828,0.0017337044840901603,-3961.436974164037,35.66208503956371
-4683.236618309153,0.0017337044840901603,-3961.436974164037,35.66208503956371
-4681.825912956476,0.0017337044840901603,-3961.436974164037,35.66208503956371
-4680.415207603799,0.0017337044840901603,-3961.436974164037,35.66208503956371
-4679.004502251122,0.0017337044840901603,-3961.436974164037,35.66208503956371
-4677.593796898447,0.0017337044840901603,-3961.436974164037,35.66208503956371
-4676.18309154577,0.0017337044840901603,-3961.436974164037,35.66208503956371
-4674.772386193094,0.0017337044840901603,-3961.436974164037,35.66208503956371
-4673.361680840419,0.0017337044840901603,-3961.436974164037,35.66208503956371
-4671.950975487742,0.0017337044840901603,-3961.436974164037,35.66208503956371
-4670.540270135065,0.0017337044840901603,-3961.436974164037,35.66208503956371
-4669.129564782388,0.0017337044840901603,-3961.436974164037,35.66208503956371
-4667.718859429713,0.0017337044840901603,-3961.436974164037,35.66208503956371
-4666.308154077036,0.0017337044840901603,-3961.436974164037,35.66208503956371
-4664.8974487243595,0.0017337044840901603,-3961.436974164037,35.66208503956371
-4663.486743371683,0.0017337044840901603,-3961.436974164037,35.66208503956371
-4662.076038019008,0.0017337044840901603,-3961.436974164037,35.66208503956371
-4660.665332666331,0.0017337044840901603,-3961.436974164037,35.66208503956371
-4659.254627313654,0.0017337044840901603,-3961.436974164037,35.66208503956371
-4657.843921960978,0.0017337044840901603,-3961.436974164037,35.66208503956371
-4656.433216608302,0.0017337044840901603,-3961.436974164037,35.66208503956371
-4655.022511255625,0.0017337044840901603,-3961.436974164037,35.66208503956371
-4653.611805902949,0.0017337044840901603,-3961.436974164037,35.66208503956371
-4652.201100550272,0.0017337044840901603,-3961.436974164037,35.66208503956371
-4650.790395197597,0.0017337044840901603,-3961.436974164037,35.66208503956371
-4649.37968984492,0.0017337044840901603,-3961.436974164037,35.66208503956371
-4647.968984492243,0.0017337044840901603,-3961.436974164037,35.66208503956371
-4646.558279139567,0.0017337044840901603,-3961.436974164037,35.66208503956371
-4645.147573786891,0.0017337044840901603,-3961.436974164037,35.66208503956371
-4643.736868434215,0.0017337044840901603,-3961.436974164037,35.66208503956371
-4642.326163081538,0.0017337044840901603,-3961.436974164037,35.66208503956371
-4640.915457728862,0.0017337044840901603,-3961.436974164037,35.66208503956371
-4639.504752376186,0.0017337044840901603,-3961.436974164037,35.66208503956371
-4638.094047023509,0.0017337044840901603,-3961.436974164037,35.66208503956371
-4636.683341670832,0.0017337044840901603,-3961.436974164037,35.66208503956371
-4635.272636318157,0.0017337044840901603,-3961.436974164037,35.66208503956371
-4633.8619309654805,0.0017337044840901603,-3961.436974164037,35.66208503956371
-4632.451225612804,0.0017337044840901603,-3961.436974164037,35.66208503956371
-4631.040520260128,0.0017337044840901603,-3961.436974164037,35.66208503956371
-4629.629814907452,0.0017337044840901603,-3961.436974164037,35.66208503956371
-4628.219109554775,0.0017337044840901603,-3961.436974164037,35.66208503956371
-4626.808404202098,0.0017337044840901603,-3961.436974164037,35.66208503956371
-4625.397698849422,0.0017337044840901603,-3961.436974164037,35.66208503956371
-4623.986993496746,0.0017337044840901603,-3961.436974164037,35.66208503956371
-4622.57628814407,0.0017337044840901603,-3961.436974164037,35.66208503956371
-4621.165582791393,0.0017337044840901603,-3961.436974164037,35.66208503956371
-4619.754877438717,0.0017337044840901603,-3961.436974164037,35.66208503956371
-4618.344172086041,0.0017337044840901603,-3961.436974164037,35.66208503956371
-4616.933466733364,0.0017337044840901603,-3961.436974164037,35.66208503956371
-4615.522761380688,0.0017337044840901603,-3961.436974164037,35.66208503956371
-4614.1120560280115,0.0017337044840901603,-3961.436974164037,35.66208503956371
-4612.701350675336,0.0017337044840901603,-3961.436974164037,35.66208503956371
-4611.290645322659,0.0017337044840901603,-3961.436974164037,35.66208503956371
-4609.879939969983,0.0017337044840901603,-3961.436974164037,35.66208503956371
-4608.469234617306,0.0017337044840901603,-3961.436974164037,35.66208503956371
-4607.05852926463,0.0017337044840901603,-3961.436974164037,35.66208503956371
-4605.647823911953,0.0017337044840901603,-3961.436974164037,35.66208503956371
-4604.237118559277,0.0017337044840901603,-3961.436974164037,35.66208503956371
-4602.8264132066015,0.0017337044840901603,-3961.436974164037,35.66208503956371
-4601.415707853925,0.0017337044840901603,-3961.436974164037,35.66208503956371
-4600.005002501248,0.0017337044840901603,-3961.436974164037,35.66208503956371
-4598.594297148572,0.0017337044840901603,-3961.436974164037,35.66208503956371
-4597.183591795896,0.0017337044840901603,-3961.436974164037,35.66208503956371
-4595.772886443219,0.0017337044840901603,-3961.436974164037,35.66208503956371
-4594.362181090542,0.0017337044840901603,-3961.436974164037,35.66208503956371
-4592.9514757378665,0.0017337044840901603,-3961.436974164037,35.66208503956371
-4591.540770385191,0.0017337044840901603,-3961.436974164037,35.66208503956371
-4590.130065032514,0.0017337044840901603,-3961.436974164037,35.66208503956371
-4588.719359679838,0.0017337044840901603,-3961.436974164037,35.66208503956371
-4587.308654327161,0.0017337044840901603,-3961.436974164037,35.66208503956371
-4585.897948974485,0.0017337044840901603,-3961.436974164037,35.66208503956371
-4584.487243621808,0.0017337044840901603,-3961.436974164037,35.66208503956371
-4583.0765382691325,0.0017337044840901603,-3961.436974164037,35.66208503956371
-4581.665832916456,0.0017337044840901603,-3961.436974164037,35.66208503956371
-4580.25512756378,0.0017337044840901603,-3961.436974164037,35.66208503956371
-4578.844422211103,0.0017337044840901603,-3961.436974164037,35.66208503956371
-4577.433716858427,0.0017337044840901603,-3961.436974164037,35.66208503956371
-4576.02301150575,0.0017337044840901603,-3961.436974164037,35.66208503956371
-4574.612306153074,0.0017337044840901603,-3961.436974164037,35.66208503956371
-4573.201600800398,0.0017337044840901603,-3961.436974164037,35.66208503956371
-4571.790895447722,0.0017337044840901603,-3961.436974164037,35.66208503956371
-4570.380190095046,0.0017337044840901603,-3961.436974164037,35.66208503956371
-4568.969484742369,0.0017337044840901603,-3961.436974164037,35.66208503956371
-4567.558779389693,0.0017337044840901603,-3961.436974164037,35.66208503956371
-4566.148074037016,0.0017337044840901603,-3961.436974164037,35.66208503956371
-4564.73736868434,0.0017337044840901603,-3961.436974164037,35.66208503956371
-4563.326663331663,0.0017337044840901603,-3961.436974164037,35.66208503956371
-4561.9159579789875,0.0017337044840901603,-3961.436974164037,35.66208503956371
-4560.505252626311,0.0017337044840901603,-3961.436974164037,35.66208503956371
-4559.094547273635,0.0017337044840901603,-3961.436974164037,35.66208503956371
-4557.683841920959,0.0017337044840901603,-3961.436974164037,35.66208503956371
-4556.273136568282,0.0017337044840901603,-3961.436974164037,35.66208503956371
-4554.862431215605,0.0017337044840901603,-3961.436974164037,35.66208503956371
-4553.451725862929,0.0017337044840901603,-3961.436974164037,35.66208503956371
-4552.041020510253,0.0017337044840901603,-3961.436974164037,35.66208503956371
-4550.630315157577,0.0017337044840901603,-3961.436974164037,35.66208503956371
-4549.2196098049,0.0017337044840901603,-3961.436974164037,35.66208503956371
-4547.808904452224,0.0017337044840901603,-3961.436974164037,35.66208503956371
-4546.398199099548,0.0017337044840901603,-3961.436974164037,35.66208503956371
-4544.987493746871,0.0017337044840901603,-3961.436974164037,35.66208503956371
-4543.576788394194,0.0017337044840901603,-3961.436974164037,35.66208503956371
-4542.1660830415185,0.0017337044840901603,-3961.436974164037,35.66208503956371
-4540.755377688843,0.0017337044840901603,-3961.436974164037,35.66208503956371
-4539.344672336166,0.0017337044840901603,-3961.436974164037,35.66208503956371
-4537.93396698349,0.0017337044840901603,-3961.436974164037,35.66208503956371
-4536.523261630813,0.0017337044840901603,-3961.436974164037,35.66208503956371
-4535.112556278137,0.0017337044840901603,-3961.436974164037,35.66208503956371
-4533.70185092546,0.0017337044840901603,-3961.436974164037,35.66208503956371
-4532.291145572784,0.0017337044840901603,-3961.436974164037,35.66208503956371
-4530.8804402201085,0.0017337044840901603,-3961.436974164037,35.66208503956371
-4529.469734867432,0.0017337044840901603,-3961.436974164037,35.66208503956371
-4528.059029514755,0.0017337044840901603,-3961.436974164037,35.66208503956371
-4526.648324162079,0.0017337044840901603,-3961.436974164037,35.66208503956371
-4525.237618809403,0.0017337044840901603,-3961.436974164037,35.66208503956371
-4523.826913456726,0.0017337044840901603,-3961.436974164037,35.66208503956371
-4522.4162081040495,0.0017337044840901603,-3961.436974164037,35.66208503956371
-4521.005502751374,0.0017337044840901603,-3961.436974164037,35.66208503956371
-4519.594797398698,0.0017337044840901603,-3961.436974164037,35.66208503956371
-4518.184092046021,0.0017337044840901603,-3961.436974164037,35.66208503956371
-4516.773386693344,0.0017337044840901603,-3961.436974164037,35.66208503956371
-4515.362681340669,0.0017337044840901603,-3961.436974164037,35.66208503956371
-4513.951975987992,0.0017337044840901603,-3961.436974164037,35.66208503956371
-4512.541270635315,0.0017337044840901603,-3961.436974164037,35.66208503956371
-4511.130565282639,0.0017337044840901603,-3961.436974164037,35.66208503956371
-4509.719859929963,0.0017337044840901603,-3961.436974164037,35.66208503956371
-4508.309154577287,0.0017337044840901603,-3961.436974164037,35.66208503956371
-4506.89844922461,0.0017337044840901603,-3961.436974164037,35.66208503956371
-4505.487743871933,0.0017337044840901603,-3961.436974164037,35.66208503956371
-4504.077038519258,0.0017337044840901603,-3961.436974164037,35.66208503956371
-4502.666333166581,0.0017337044840901603,-3961.436974164037,35.66208503956371
-4501.2556278139045,0.0017337044840901603,-3961.436974164037,35.66208503956371
-4499.844922461229,0.0017337044840901603,-3961.436974164037,35.66208503956371
-4498.434217108553,0.0017337044840901603,-3961.436974164037,35.66208503956371
-4497.023511755876,0.0017337044840901603,-3961.436974164037,35.66208503956371
-4495.612806403199,0.0017337044840901603,-3961.436974164037,35.66208503956371
-4494.202101050523,0.0017337044840901603,-3961.436974164037,35.66208503956371
-4492.791395697847,0.0017337044840901603,-3961.436974164037,35.66208503956371
-4491.3806903451705,0.0017337044840901603,-3961.436974164037,35.66208503956371
-4489.969984992494,0.0017337044840901603,-3961.436974164037,35.66208503956371
-4488.559279639819,0.0017337044840901603,-3961.436974164037,35.66208503956371
-4487.148574287142,0.0017337044840901603,-3961.436974164037,35.66208503956371
-4485.737868934465,0.0017337044840901603,-3961.436974164037,35.66208503956371
-4484.327163581788,0.0017337044840901603,-3961.436974164037,35.66208503956371
-4482.916458229113,0.0017337044840901603,-3961.436974164037,35.66208503956371
-4481.505752876436,0.0017337044840901603,-3961.436974164037,35.66208503956371
-4480.09504752376,0.0017337044840901603,-3961.436974164037,35.66208503956371
-4478.684342171083,0.0017337044840901603,-3961.436974164037,35.66208503956371
-4477.273636818408,0.0017337044840901603,-3961.436974164037,35.66208503956371
-4475.862931465731,0.0017337044840901603,-3961.436974164037,35.66208503956371
-4474.452226113054,0.0017337044840901603,-3961.436974164037,35.66208503956371
-4473.041520760379,0.0017337044840901603,-3961.436974164037,35.66208503956371
-4471.630815407702,0.0017337044840901603,-3961.436974164037,35.66208503956371
-4470.2201100550255,0.0017337044840901603,-3961.436974164037,35.66208503956371
-4468.809404702349,0.0017337044840901603,-3961.436974164037,35.66208503956371
-4467.398699349673,0.0017337044840901603,-3961.436974164037,35.66208503956371
-4465.987993996997,0.0017337044840901603,-3961.436974164037,35.66208503956371
-4464.57728864432,0.0017337044840901603,-3961.436974164037,35.66208503956371
-4463.166583291643,0.0017337044840901603,-3961.436974164037,35.66208503956371
-4461.755877938968,0.0017337044840901603,-3961.436974164037,35.66208503956371
-4460.3451725862915,0.0017337044840901603,-3961.436974164037,35.66208503956371
-4458.934467233615,0.0017337044840901603,-3961.436974164037,35.66208503956371
-4457.523761880938,0.0017337044840901603,-3961.436974164037,35.66208503956371
-4456.113056528263,0.0017337044840901603,-3961.436974164037,35.66208503956371
-4454.702351175586,0.0017337044840901603,-3961.436974164037,35.66208503956371
-4453.291645822909,0.0017337044840901603,-3961.436974164037,35.66208503956371
-4451.880940470233,0.0017337044840901603,-3961.436974164037,35.66208503956371
-4450.470235117557,0.0017337044840901603,-3961.436974164037,35.66208503956371
-4449.059529764881,0.0017337044840901603,-3961.436974164037,35.66208503956371
-4447.648824412204,0.0017337044840901603,-3961.436974164037,35.66208503956371
-4446.238119059528,0.0017337044840901603,-3961.436974164037,35.66208503956371
-4444.827413706852,0.0017337044840901603,-3961.436974164037,35.66208503956371
-4443.416708354175,0.0017337044840901603,-3961.436974164037,35.66208503956371
-4442.006003001499,0.0017337044840901603,-3961.436974164037,35.66208503956371
-4440.595297648822,0.0017337044840901603,-3961.436974164037,35.66208503956371
-4439.184592296147,0.0017337044840901603,-3961.436974164037,35.66208503956371
-4437.77388694347,0.0017337044840901603,-3961.436974164037,35.66208503956371
-4436.363181590794,0.0017337044840901603,-3961.436974164037,35.66208503956371
-4434.952476238117,0.0017337044840901603,-3961.436974164037,35.66208503956371
-4433.541770885441,0.0017337044840901603,-3961.436974164037,35.66208503956371
-4432.131065532764,0.0017337044840901603,-3961.436974164037,35.66208503956371
-4430.720360180088,0.0017337044840901603,-3961.436974164037,35.66208503956371
-4429.3096548274125,0.0017337044840901603,-3961.436974164037,35.66208503956371
-4427.898949474736,0.0017337044840901603,-3961.436974164037,35.66208503956371
-4426.488244122059,0.0017337044840901603,-3961.436974164037,35.66208503956371
-4425.077538769383,0.0017337044840901603,-3961.436974164037,35.66208503956371
-4423.666833416707,0.0017337044840901603,-3961.436974164037,35.66208503956371
-4422.25612806403,0.0017337044840901603,-3961.436974164037,35.66208503956371
-4420.845422711354,0.0017337044840901603,-3961.436974164037,35.66208503956371
-4419.4347173586775,0.0017337044840901603,-3961.436974164037,35.66208503956371
-4418.024012006002,0.0017337044840901603,-3961.436974164037,35.66208503956371
-4416.613306653325,0.0017337044840901603,-3961.436974164037,35.66208503956371
-4415.202601300649,0.0017337044840901603,-3961.436974164037,35.66208503956371
-4413.791895947972,0.0017337044840901603,-3961.436974164037,35.66208503956371
-4412.381190595296,0.0017337044840901603,-3961.436974164037,35.66208503956371
-4410.970485242619,0.0017337044840901603,-3961.436974164037,35.66208503956371
-4409.5597798899435,0.0017337044840901603,-3961.436974164037,35.66208503956371
-4408.149074537268,0.0017337044840901603,-3961.436974164037,35.66208503956371
-4406.738369184591,0.0017337044840901603,-3961.436974164037,35.66208503956371
-4405.327663831914,0.0017337044840901603,-3961.436974164037,35.66208503956371
-4403.916958479238,0.0017337044840901603,-3961.436974164037,35.66208503956371
-4402.506253126562,0.0017337044840901603,-3961.436974164037,35.66208503956371
-4401.095547773885,0.0017337044840901603,-3961.436974164037,35.66208503956371
-4399.684842421209,0.0017337044840901603,-3961.436974164037,35.66208503956371
-4398.274137068533,0.0017337044840901603,-3961.436974164037,35.66208503956371
-4396.863431715857,0.0017337044840901603,-3961.436974164037,35.66208503956371
-4395.45272636318,0.0017343970293923054,-3961.436974164037,35.66208503956371
-4394.042021010504,0.0017346434175876332,-3961.436974164037,35.66208503956371
-4392.631315657827,0.0017349359960511911,-3961.436974164037,35.66208503956371
-4391.220610305151,0.001735272506846838,-3961.436974164037,35.66208503956371
-4389.809904952474,0.001735658897975389,-3961.436974164037,35.66208503956371
-4388.3991995997985,0.0017360881341617767,-3961.436974164037,35.66208503956371
-4386.988494247122,0.0017365623415834623,-3961.436974164037,35.66208503956371
-4385.577788894446,0.0017370818882735271,-3961.436974164037,35.66208503956371
-4384.167083541769,0.0017376398997309527,-3961.436974164037,35.66208503956371
-4382.756378189093,0.0017382461614697275,-3961.436974164037,35.66208503956371
-4381.345672836417,0.0017388897941927335,-3961.436974164037,35.66208503956371
-4379.93496748374,0.0017395709612911937,-3961.436974164037,35.66208503956371
-4378.5242621310645,0.0017402918972412587,-3961.436974164037,35.66208503956371
-4377.113556778388,0.001741046178091818,-3961.436974164037,35.66208503956371
-4375.702851425712,0.0017418345070846133,-3961.436974164037,35.66208503956371
-4374.292146073035,0.0017426544865900397,-3961.436974164037,35.66208503956371
-4372.881440720359,0.001743501865369952,-3961.436974164037,35.66208503956371
-4371.470735367682,0.0017443776922172975,-3961.436974164037,35.66208503956371
-4370.060030015006,0.001745276524576392,-3961.436974164037,35.66208503956371
-4368.6493246623295,0.0017461963697810994,-3961.436974164037,35.66208503956371
-4367.238619309654,0.0017471357457866255,-3961.436974164037,35.66208503956371
-4365.827913956977,0.0017480899188981166,-3961.436974164037,35.66208503956371
-4364.417208604301,0.0017490573236969209,-3961.436974164037,35.66208503956371
-4363.006503251624,0.0017500342795663151,-3961.436974164037,35.66208503956371
-4361.595797898948,0.0017510173858969512,-3961.436974164037,35.66208503956371
-4360.185092546271,0.0017520042580321952,-3961.436974164037,35.66208503956371
-4358.774387193595,0.0017529910718505077,-3961.436974164037,35.66208503956371
-4357.363681840919,0.001753974810379832,-3961.436974164037,35.66208503956371
-4355.952976488243,0.001754951700310899,-3961.436974164037,35.66208503956371
-4354.542271135566,0.0017559192752764096,-3961.436974164037,35.66208503956371
-4353.13156578289,0.001756873020312287,-3961.436974164037,35.66208503956371
-4351.720860430213,0.001757810300937874,-3961.436974164037,35.66208503956371
-4350.310155077537,0.0017587286197323284,-3961.436974164037,35.66208503956371
-4348.8994497248605,0.0017596229341448983,-3961.436974164037,35.66208503956371
-4347.488744372185,0.0017604911844670895,-3961.436974164037,35.66208503956371
-4346.078039019509,0.001761329515137522,-3961.436974164037,35.66208503956371
-4344.667333666832,0.0017621341591942342,-3961.436974164037,35.66208503956371
-4343.256628314156,0.0017629049444961176,-3961.436974164037,35.66208503956371
-4341.845922961479,0.0017636343813339213,-3961.436974164037,35.66208503956371
-4340.435217608803,0.0017643232195206293,-3961.436974164037,35.66208503956371
-4339.024512256126,0.001764968855261832,-3961.436974164037,35.66208503956371
-4337.6138069034505,0.0017655644425742015,-3961.436974164037,35.66208503956371
-4336.203101550774,0.0017661131099504595,-3961.436974164037,35.66208503956371
-4334.792396198098,0.0017666084886181085,-3961.436974164037,35.66208503956371
-4333.381690845421,0.0017670492399427743,-3961.436974164037,35.66208503956371
-4331.970985492745,0.001767437004032965,-3961.436974164037,35.66208503956371
-4330.560280140068,0.001767762144725652,-3961.436974164037,35.66208503956371
-4329.149574787392,0.0017680303291243604,-3961.436974164037,35.66208503956371
-4327.7388694347155,0.0017682381840200916,-3961.436974164037,35.66208503956371
-4326.32816408204,0.0017683808854436324,-3961.436974164037,35.66208503956371
-4324.917458729363,0.0017684637720398668,-3961.436974164037,35.66208503956371
-4323.506753376687,0.0017684798568085689,-3961.436974164037,35.66208503956371
-4322.09604802401,0.001768431768354865,-3961.436974164037,35.66208503956371
-4320.685342671334,0.0017683218752796962,-3961.436974164037,35.66208503956371
-4319.274637318657,0.0017681414603119374,-3961.436974164037,35.66208503956371
-4317.8639319659815,0.0017678997025085256,-3961.436974164037,35.66208503956371
-4316.453226613305,0.0017675931025292505,-3961.436974164037,35.66208503956371
-4315.042521260629,0.0017672207218492834,-3961.436974164037,35.66208503956371
-4313.631815907953,0.0017667888201240833,-3961.436974164037,35.66208503956371
-4312.221110555276,0.0017662914862330405,-3961.436974164037,35.66208503956371
-4310.8104052026,0.0017657352106051083,-3961.436974164037,35.66208503956371
-4309.399699849923,0.0017651220615909032,-3961.436974164037,35.66208503956371
-4307.988994497247,0.0017644482235503005,-3961.436974164037,35.66208503956371
-4306.578289144571,0.0017637227580545778,-3961.436974164037,35.66208503956371
-4305.167583791895,0.0017629438745830567,-3961.436974164037,35.66208503956371
-4303.756878439218,0.0017621147074018727,-3961.436974164037,35.66208503956371
-4302.346173086542,0.0017612412580890518,-3961.436974164037,35.66208503956371
-4300.935467733865,0.0017603209088343846,-3961.436974164037,35.66208503956371
-4299.524762381189,0.0017593619160047327,-3961.436974164037,35.66208503956371
-4298.114057028512,0.0017583666099286182,-3961.436974164037,35.66208503956371
-4296.7033516758365,0.0017573365630316484,-3961.436974164037,35.66208503956371
-4295.29264632316,0.001756279009162578,-3961.436974164037,35.66208503956371
-4293.881940970484,0.0017551954308987396,-3961.436974164037,35.66208503956371
-4292.471235617807,0.001754091289443417,-3961.436974164037,35.66208503956371
-4291.060530265131,0.001752971559474289,-3961.436974164037,35.66208503956371
-4289.649824912454,0.0017518390943148043,-3961.436974164037,35.66208503956371
-4288.239119559778,0.0017507002407876509,-3961.436974164037,35.66208503956371
-4286.828414207102,0.0017495590899421379,-3961.436974164037,35.66208503956371
-4285.417708854426,0.0017484208014447021,-3961.436974164037,35.66208503956371
-4284.007003501749,0.0017472900667932698,-3961.436974164037,35.66208503956371
-4282.596298149073,0.0017461728656148069,-3961.436974164037,35.66208503956371
-4281.185592796397,0.0017450736843343446,-3961.436974164037,35.66208503956371
-4279.77488744372,0.0017439966790967535,-3961.436974164037,35.66208503956371
-4278.364182091044,0.0017429503876120744,-3961.436974164037,35.66208503956371
-4276.9534767383675,0.0017419361484737601,-3961.436974164037,35.66208503956371
-4275.542771385692,0.0017409612439502496,-3961.436974164037,35.66208503956371
-4274.132066033015,0.001740031555203015,-3961.436974164037,35.66208503956371
-4272.721360680339,0.001739148294394397,-3961.436974164037,35.66208503956371
-4271.310655327662,0.0017383229091231561,-3961.436974164037,35.66208503956371
-4269.899949974986,0.0017375550490077365,-3961.436974164037,35.66208503956371
-4268.489244622309,0.0017368495217801973,-3961.436974164037,35.66208503956371
-4267.078539269633,0.0017362169119275993,-3961.436974164037,35.66208503956371
-4265.6678339169575,0.0017356536745932588,-3961.436974164037,35.66208503956371
-4264.257128564281,0.0017351703283406059,-3961.436974164037,35.66208503956371
-4262.846423211604,0.0017347696028367937,-3961.436974164037,35.66208503956371
-4261.435717858928,0.0017344497152208165,-3961.436974164037,35.66208503956371
-4260.025012506252,0.0017342271335306575,-3961.436974164037,35.66208503956371
-4258.614307153575,0.0017340934692589161,-3961.436974164037,35.66208503956371
-4257.2036018008985,0.0017340553413795064,-3961.436974164037,35.66208503956371
-4255.792896448223,0.0017341213188621317,-3961.436974164037,35.66208503956371
-4254.382191095547,0.0017342838773740951,-3961.436974164037,35.66208503956371
-4252.97148574287,0.0017345558189868552,-3961.436974164037,35.66208503956371
-4251.560780390193,0.0017349334791484732,-3961.436974164037,35.66208503956371
-4250.150075037517,0.0017354147157805984,-3961.436974164037,35.66208503956371
-4248.739369684841,0.0017360148542834282,-3961.436974164037,35.66208503956371
-4247.328664332164,0.0017367199919151911,-3961.436974164037,35.66208503956371
-4245.9179589794885,0.0017375377306598195,-3961.436974164037,35.66208503956371
-4244.507253626813,0.001738470757217409,-3961.436974164037,35.66208503956371
-4243.096548274136,0.0017395095100514492,-3961.436974164037,35.66208503956371
-4241.685842921459,0.0017406668327503531,-3961.436974164037,35.66208503956371
-4240.275137568783,0.001741932170574426,-3961.436974164037,35.66208503956371
-4238.864432216107,0.0017433037884567128,-3961.436974164037,35.66208503956371
-4237.45372686343,0.001744790465380975,-3961.436974164037,35.66208503956371
-4236.0430215107535,0.0017463772142430483,-3961.436974164037,35.66208503956371
-4234.632316158078,0.0017480698780788216,-3961.436974164037,35.66208503956371
-4233.221610805402,0.0017498643316837847,-3961.436974164037,35.66208503956371
-4231.810905452725,0.0017517509301393345,-3961.436974164037,35.66208503956371
-4230.400200100048,0.0017537384315855422,-3961.436974164037,35.66208503956371
-4228.989494747372,0.0017558118839913267,-3961.436974164037,35.66208503956371
-4227.578789394696,0.0017579693428380417,-3961.436974164037,35.66208503956371
-4226.1680840420195,0.001760211168780867,-3961.436974164037,35.66208503956371
-4224.757378689344,0.0017625240842878407,-3961.436974164037,35.66208503956371
-4223.346673336668,0.001764909436198025,-3961.436974164037,35.66208503956371
-4221.935967983991,0.001767358135088839,-3961.436974164037,35.66208503956371
-4220.525262631314,0.0017698615408877707,-3961.436974164037,35.66208503956371
-4219.114557278638,0.0017724203586364474,-3961.436974164037,35.66208503956371
-4217.703851925962,0.0017750205202632563,-3961.436974164037,35.66208503956371
-4216.293146573285,0.0017776578321715105,-3961.436974164037,35.66208503956371
-4214.882441220609,0.0017803252255469148,-3961.436974164037,35.66208503956371
-4213.471735867933,0.001783013202549554,-3961.436974164037,35.66208503956371
-4212.061030515257,0.0017857161024529451,-3961.436974164037,35.66208503956371
-4210.65032516258,0.0017884242880327284,-3961.436974164037,35.66208503956371
-4209.239619809903,0.0017911303215290264,-3961.436974164037,35.66208503956371
-4207.828914457227,0.001793824502524501,-3961.436974164037,35.66208503956371
-4206.418209104551,0.0017964997956028714,-3961.436974164037,35.66208503956371
-4205.0075037518745,0.0017991465433088451,-3961.436974164037,35.66208503956371
-4203.596798399199,0.0018017551928198314,-3961.436974164037,35.66208503956371
-4202.186093046523,0.0018043206700439172,-3961.436974164037,35.66208503956371
-4200.775387693846,0.0018068302205870395,-3961.436974164037,35.66208503956371
-4199.364682341169,0.0018092754440081087,-3961.436974164037,35.66208503956371
-4197.953976988493,0.001811650176581741,-3961.436974164037,35.66208503956371
-4196.543271635817,0.0018139390312072894,-3961.436974164037,35.66208503956371
-4195.1325662831405,0.0018161429835227283,-3961.436974164037,35.66208503956371
-4193.721860930464,0.001818245848872959,-3961.436974164037,35.66208503956371
-4192.311155577788,0.0018202415931717522,-3961.436974164037,35.66208503956371
-4190.900450225112,0.0018221293668051646,-3961.436974164037,35.66208503956371
-4189.489744872435,0.0018238843231191298,-3961.436974164037,35.66208503956371
-4188.079039519758,0.0018255154895347714,-3961.436974164037,35.66208503956371
-4186.668334167082,0.0018270105146395434,-3961.436974164037,35.66208503956371
-4185.257628814406,0.0018283552585176377,-3961.436974164037,35.66208503956371
-4183.84692346173,0.0018295575602482127,-3961.436974164037,35.66208503956371
-4182.436218109054,0.0018305956715842756,-3961.436974164037,35.66208503956371
-4181.025512756378,0.0018314729558284296,-3961.436974164037,35.66208503956371
-4179.614807403701,0.0018321899944199111,-3961.436974164037,35.66208503956371
-4178.204102051024,0.001832720730925747,-3961.436974164037,35.66208503956371
-4176.793396698348,0.001833084211558284,-3961.436974164037,35.66208503956371
-4175.382691345672,0.0018332656037019753,-3961.436974164037,35.66208503956371
-4173.9719859929955,0.0018332586219095245,-3961.436974164037,35.66208503956371
-4172.561280640319,0.001833075838195053,-3961.436974164037,35.66208503956371
-4171.150575287643,0.0018326933695540682,-3961.436974164037,35.66208503956371
-4169.739869934967,0.0018321270694500469,-3961.436974164037,35.66208503956371
-4168.32916458229,0.001831376631865521,-3961.436974164037,35.66208503956371
-4166.918459229613,0.0018304248506160392,-3961.436974164037,35.66208503956371
-4165.507753876937,0.0018292950689706186,-3961.436974164037,35.66208503956371
-4164.0970485242615,0.0018279738939906683,-3961.436974164037,35.66208503956371
-4162.686343171585,0.0018264667513631788,-3961.436974164037,35.66208503956371
-4161.275637818909,0.0018247884603856727,-3961.436974164037,35.66208503956371
-4159.864932466232,0.0018229193187027162,-3961.436974164037,35.66208503956371
-4158.454227113556,0.0018208857712830847,-3961.436974164037,35.66208503956371
-4157.043521760879,0.0018186876952114334,-3961.436974164037,35.66208503956371
-4155.632816408203,0.0018163221070149425,-3961.436974164037,35.66208503956371
-4154.222111055527,0.0018138122485639434,-3961.436974164037,35.66208503956371
-4152.811405702851,0.0018111517728998737,-3961.436974164037,35.66208503956371
-4151.400700350174,0.0018083567867770588,-3961.436974164037,35.66208503956371
-4149.989994997498,0.0018054419321563645,-3961.436974164037,35.66208503956371
-4148.579289644822,0.0018024020927182689,-3961.436974164037,35.66208503956371
-4147.168584292145,0.0017992645424287383,-3961.436974164037,35.66208503956371
-4145.757878939468,0.0017960347755376106,-3961.436974164037,35.66208503956371
-4144.347173586792,0.0017927243145260431,-3961.436974164037,35.66208503956371
-4142.936468234117,0.0017893525721648508,-3961.436974164037,35.66208503956371
-4141.52576288144,0.001785927705932569,-3961.436974164037,35.66208503956371
-4140.115057528764,0.00178246943790912,-3961.436974164037,35.66208503956371
-4138.704352176087,0.001778992126689841,-3961.436974164037,35.66208503956371
-4137.293646823411,0.001775513392104569,-3961.436974164037,35.66208503956371
-4135.882941470734,0.0017720499051395665,-3961.436974164037,35.66208503956371
-4134.472236118058,0.0017686203018868528,-3961.436974164037,35.66208503956371
-4133.061530765382,0.0017652447370729931,-3961.436974164037,35.66208503956371
-4131.650825412706,0.0017619366792572943,-3961.436974164037,35.66208503956371
-4130.240120060029,0.0017587269567387006,-3961.436974164037,35.66208503956371
-4128.829414707353,0.001755626347498387,-3961.436974164037,35.66208503956371
-4127.418709354676,0.001752655677843254,-3961.436974164037,35.66208503956371
-4126.008004002,0.0017498486117705826,-3961.436974164037,35.66208503956371
-4124.597298649323,0.0017472086878237533,-3961.436974164037,35.66208503956371
-4123.1865932966475,0.0017447737940478978,-3961.436974164037,35.66208503956371
-4121.775887943972,0.001742561277316149,-3961.436974164037,35.66208503956371
-4120.365182591295,0.0017405785807501333,-3961.436974164037,35.66208503956371
-4118.954477238619,0.0017388864098217723,-3961.436974164037,35.66208503956371
-4117.543771885942,0.0017374704022823954,-3961.436974164037,35.66208503956371
-4116.133066533266,0.0017363660516978758,-3961.436974164037,35.66208503956371
-4114.722361180589,0.0017356124100629837,-3961.436974164037,35.66208503956371
-4113.3116558279135,0.0017351993517580823,-3961.436974164037,35.66208503956371
-4111.900950475237,0.0017351891191745349,-3961.436974164037,35.66208503956371
-4110.490245122561,0.001735581031345591,-3961.436974164037,35.66208503956371
-4109.079539769884,0.0017363842408382568,-3961.436974164037,35.66208503956371
-4107.668834417208,0.001737675754678637,-3961.436974164037,35.66208503956371
-4106.258129064531,0.0017394179081357936,-3961.436974164037,35.66208503956371
-4104.847423711855,0.0017416634261443412,-3961.436974164037,35.66208503956371
-4103.4367183591785,0.001744442014385223,-3961.436974164037,35.66208503956371
-4102.026013006503,0.0017477322719836857,-3961.436974164037,35.66208503956371
-4100.615307653826,0.0017516218519529499,-3961.436974164037,35.66208503956371
-4099.20460230115,0.0017560780216741116,-3961.436974164037,35.66208503956371
-4097.793896948473,0.0017611208375292134,-3961.436974164037,35.66208503956371
-4096.383191595797,0.0017668226703903278,-3961.436974164037,35.66208503956371
-4094.972486243121,0.001773132167706615,-3961.436974164037,35.66208503956371
-4093.561780890444,0.0017801176278771712,-3961.436974164037,35.66208503956371
-4092.151075537768,0.0017877842026365767,-3961.436974164037,35.66208503956371
-4090.740370185092,0.0017961035894883384,-3961.436974164037,35.66208503956371
-4089.3296648324153,0.0018051862920540197,-3961.436974164037,35.66208503956371
-4087.9189594797385,0.0018149569184964865,-3961.436974164037,35.66208503956371
-4086.5082541270626,0.0018254525944757525,-3961.436974164037,35.66208503956371
-4085.0975487743867,0.0018367276163820273,-3961.436974164037,35.66208503956371
-4083.68684342171,0.0018487169792725756,-3961.436974164037,35.66208503956371
-4082.2761380690335,0.0018615045397652689,-3961.436974164037,35.66208503956371
-4080.8654327163576,0.001875059808914114,-3961.436974164037,35.66208503956371
-4079.4547273636813,0.001889357597036702,-3961.436974164037,35.66208503956371
-4078.0440220110045,0.0019045081551440789,-3961.436974164037,35.66208503956371
-4076.6333166583286,0.001920406023158815,-3961.436974164037,35.66208503956371
-4075.222611305652,0.001937101105647584,-3961.436974164037,35.66208503956371
-4073.811905952976,0.0019546153760763973,-3961.436974164037,35.66208503956371
-4072.401200600299,0.0019728814031243777,-3961.436974164037,35.66208503956371
-4070.990495247623,0.0019919880463271688,-3961.436974164037,35.66208503956371
-4069.5797898949468,0.0020118672465696164,-3961.436974164037,35.66208503956371
-4068.1690845422704,0.002032507766013925,-3961.436974164037,35.66208503956371
-4066.7583791895936,0.0020539823583723142,-3961.436974164037,35.66208503956371
-4065.3476738369177,0.002076188008236237,-3961.436974164037,35.66208503956371
-4063.9369684842413,0.0020991745335526106,-3961.436974164037,35.66208503956371
-4062.526263131565,0.0021229258881334686,-3961.436974164037,35.66208503956371
-4061.115557778888,0.002147375509805432,-3961.436974164037,35.66208503956371
-4059.7048524262127,0.002172611282754002,-3961.436974164037,35.66208503956371
-4058.2941470735364,0.002198532024585492,-3961.436974164037,35.66208503956371
-4056.8834417208595,0.0022251382632445943,-3961.436974164037,35.66208503956371
-4055.4727363681836,0.0022524582487031,-3961.436974164037,35.66208503956371
-4054.0620310155073,0.0022804007513979644,-3961.436974164037,35.66208503956371
-4052.651325662831,0.0023090044991966683,-3961.436974164037,35.66208503956371
-4051.240620310154,0.002338221531493087,-3961.436974164037,35.66208503956371
-4049.829914957478,0.0023679978493456578,-3961.436974164037,35.66208503956371
-4048.419209604802,0.002398391092882559,-3961.436974164037,35.66208503956371
-4047.0085042521255,0.0024292905426294056,-3961.436974164037,35.66208503956371
-4045.5977988994487,0.0024606997424342714,-3961.436974164037,35.66208503956371
-4044.1870935467728,0.002492605621396378,-3961.436974164037,35.66208503956371
-4042.7763881940964,0.0025249358487655135,-3961.436974164037,35.66208503956371
-4041.36568284142,0.002557704749356164,-3961.436974164037,35.66208503956371
-4039.954977488743,0.0025908488855897463,-3961.436974164037,35.66208503956371
-4038.544272136068,0.0026243290652836603,-3961.436974164037,35.66208503956371
-4037.133566783391,0.0026581448531442188,-3961.436974164037,35.66208503956371
-4035.7228614307146,0.002692220228511565,-3961.436974164037,35.66208503956371
-4034.3121560780382,0.002726538125899532,-3961.436974164037,35.66208503956371
-4032.9014507253623,0.0027610575946063463,-3961.436974164037,35.66208503956371
-4031.4907453726855,0.002795728622122552,-3961.436974164037,35.66208503956371
-4030.080040020009,0.0028305284724272585,-3961.436974164037,35.66208503956371
-4028.669334667333,0.002865402318828574,-3961.436974164037,35.66208503956371
-4027.258629314657,0.0029003133973049483,-3961.436974164037,35.66208503956371
-4025.8479239619805,0.0029352175639300103,-3961.436974164037,35.66208503956371
-4024.4372186093037,0.002970075002763483,-3961.436974164037,35.66208503956371
-4023.026513256628,0.003004838700707206,-3961.436974164037,35.66208503956371
-4021.6158079039515,0.003039464350084587,-3961.436974164037,35.66208503956371
-4020.205102551275,0.003073921642038302,-3961.436974164037,35.66208503956371
-4018.7943971985983,0.003108136422637192,-3961.436974164037,35.66208503956371
-4017.383691845923,0.0031420938383993373,-3961.436974164037,35.66208503956371
-4015.972986493246,0.0031757426875620477,-3961.436974164037,35.66208503956371
-4014.5622811405697,0.003209017992531194,-3961.436974164037,35.66208503956371
-4013.1515757878933,0.003241913998495126,-3961.436974164037,35.66208503956371
-4011.7408704352174,0.0032743453196145515,-3961.436974164037,35.66208503956371
-4010.3301650825406,0.003306351450063579,-3961.436974164037,35.66208503956371
-4008.9194597298642,0.0033377920552860292,-3961.436974164037,35.66208503956371
-4007.508754377188,0.003368610071835095,-3961.436974164037,35.66208503956371
-4006.098049024512,0.0033988424504039806,-3961.436974164037,35.66208503956371
-4004.687343671835,0.003428411353036391,-3961.436974164037,35.66208503956371
-4003.276638319159,0.003457258557563959,-3961.436974164037,35.66208503956371
-4001.8659329664824,0.0034854054981261285,-3961.436974164037,35.66208503956371
-4000.4552276138065,0.0035127242452023645,-3961.436974164037,35.66208503956371
-3999.0445222611297,0.0035392427272272356,-3961.436974164037,35.66208503956371
-3997.633816908454,0.0035649313049124975,-3961.436974164037,35.66208503956371
-3996.223111555778,0.003589666565055081,-3961.436974164037,35.66208503956371
-3994.812406203101,0.0036135224429344874,-3961.436974164037,35.66208503956371
-3993.4017008504243,0.0036363930886651303,-3961.436974164037,35.66208503956371
-3991.9909954977484,0.00365825357109605,-3961.436974164037,35.66208503956371
-3990.5802901450725,0.0036791426862679178,-3961.436974164037,35.66208503956371
-3989.1695847923957,0.0036988919064325537,-3961.436974164037,35.66208503956371
-3987.7588794397193,0.0037175970255514897,-3961.436974164037,35.66208503956371
-3986.348174087043,0.003735204465406925,-3961.436974164037,35.66208503956371
-3984.937468734367,0.0037516133008417708,-3961.436974164037,35.66208503956371
-3983.52676338169,0.003766909593189527,-3961.436974164037,35.66208503956371
-3982.116058029014,0.003780912146385422,-3961.436974164037,35.66208503956371
-3980.7053526763375,0.003793780697399732,-3961.436974164037,35.66208503956371
-3979.2946473236616,0.0038054872453892425,-3961.436974164037,35.66208503956371
-3977.883941970985,0.0038158395418641028,-3961.436974164037,35.66208503956371
-3976.473236618309,0.0038250001474498317,-3961.436974164037,35.66208503956371
-3975.0625312656325,0.0038328864183384812,-3961.436974164037,35.66208503956371
-3973.651825912956,0.0038394836865161914,-3961.436974164037,35.66208503956371
-3972.2411205602793,0.003844861552961765,-3961.436974164037,35.66208503956371
-3970.8304152076034,0.0038488201748645475,-3961.436974164037,35.66208503956371
-3969.419709854927,0.0038514943765069667,-3961.436974164037,35.66208503956371
-3968.0090045022507,0.0038529042549661817,-3961.436974164037,35.66208503956371
-3966.598299149574,0.0038529037751054624,-3961.436974164037,35.66208503956371
-3965.187593796898,0.003851660151480151,-3961.436974164037,35.66208503956371
-3963.776888444222,0.0038490815045486345,-3961.436974164037,35.66208503956371
-3962.3661830915453,0.0038451687817487364,-3961.436974164037,35.66208503956371
-3960.9554777388685,0.0038400236202609183,-3961.436974164037,35.66208503956371
-3959.5447723861926,0.0038334917432467793,-3961.436974164037,35.66208503956371
-3958.1340670335167,0.003825718523213952,-3961.436974164037,35.66208503956371
-3956.72336168084,0.0038166973945820293,-3961.436974164037,35.66208503956371
-3955.312656328164,0.003806343577009866,-3961.436974164037,35.66208503956371
-3953.9019509754876,0.003794812198572336,-3961.436974164037,35.66208503956371
-3952.491245622811,0.003782012064961106,-3961.436974164037,35.66208503956371
-3951.0805402701344,0.0037679986661736326,-3961.436974164037,35.66208503956371
-3949.6698349174585,0.0037528602643993924,-3961.436974164037,35.66208503956371
-3948.259129564782,0.003736454993929975,-3961.436974164037,35.66208503956371
-3946.848424212106,0.0037189652851215777,-3961.436974164037,35.66208503956371
-3945.437718859429,0.0037003638781558878,-3961.436974164037,35.66208503956371
-3944.027013506753,0.00368062820508174,-3961.436974164037,35.66208503956371
-3942.6163081540767,0.00365988930300561,-3961.436974164037,35.66208503956371
-3941.2056028014003,0.0036380695466034377,-3961.436974164037,35.66208503956371
-3939.7948974487235,0.0036152638565654666,-3961.436974164037,35.66208503956371
-3938.3841920960476,0.003591532453032468,-3961.436974164037,35.66208503956371
-3936.9734867433713,0.0035667952063790707,-3961.436974164037,35.66208503956371
-3935.562781390695,0.003541211336575488,-3961.436974164037,35.66208503956371
-3934.1520760380185,0.0035147574675346007,-3961.436974164037,35.66208503956371
-3932.7413706853426,0.003487460870843755,-3961.436974164037,35.66208503956371
-3931.330665332666,0.0034594223837274615,-3961.436974164037,35.66208503956371
-3929.9199599799895,0.0034305916039759875,-3961.436974164037,35.66208503956371
-3928.5092546273136,0.003401077886808526,-3961.436974164037,35.66208503956371
-3927.098549274637,0.0033709179994014346,-3961.436974164037,35.66208503956371
-3925.687843921961,0.0033400979301520337,-3961.436974164037,35.66208503956371
-3924.277138569284,0.003308731439775078,-3961.436974164037,35.66208503956371
-3922.866433216608,0.0032768141899927744,-3961.436974164037,35.66208503956371
-3921.4557278639318,0.0032444008966045473,-3961.436974164037,35.66208503956371
-3920.0450225112554,0.003211561965974195,-3961.436974164037,35.66208503956371
-3918.6343171585786,0.0031782860708878613,-3961.436974164037,35.66208503956371
-3917.2236118059027,0.003144667219098582,-3961.436974164037,35.66208503956371
-3915.8129064532263,0.003110734473845516,-3961.436974164037,35.66208503956371
-3914.40220110055,0.0030765178107514416,-3961.436974164037,35.66208503956371
-3912.9914957478736,0.0030420867656463565,-3961.436974164037,35.66208503956371
-3911.5807903951977,0.0030074666435726156,-3961.436974164037,35.66208503956371
-3910.170085042521,0.002972706499929061,-3961.436974164037,35.66208503956371
-3908.7593796898445,0.0029378538174704436,-3961.436974164037,35.66208503956371
-3907.348674337168,0.0029029446363367916,-3961.436974164037,35.66208503956371
-3905.9379689844923,0.002868028409617715,-3961.436974164037,35.66208503956371
-3904.5272636318155,0.0028331440648875776,-3961.436974164037,35.66208503956371
-3903.116558279139,0.0027983382170876023,-3961.436974164037,35.66208503956371
-3901.7058529264627,0.002763641733859713,-3961.436974164037,35.66208503956371
-3900.295147573787,0.0027291101230807486,-3961.436974164037,35.66208503956371
-3898.88444222111,0.0026947721427854816,-3961.436974164037,35.66208503956371
-3897.4737368684337,0.002660659472418792,-3961.436974164037,35.66208503956371
-3896.0630315157578,0.00262683962130046,-3961.436974164037,35.66208503956371
-3894.6523261630814,0.0025933130907154836,-3961.436974164037,35.66208503956371
-3893.241620810405,0.00256013763174307,-3961.436974164037,35.66208503956371
-3891.8309154577287,0.0025273498817584184,-3961.436974164037,35.66208503956371
-3890.420210105053,0.002494952549493501,-3961.436974164037,35.66208503956371
-3889.009504752376,0.0024630335314822145,-3961.436974164037,35.66208503956371
-3887.5987993996996,0.002431575625453828,-3961.436974164037,35.66208503956371
-3886.1880940470232,0.0024006142198620337,-3961.436974164037,35.66208503956371
-3884.7773886943473,0.0023702183299530504,-3961.436974164037,35.66208503956371
-3883.3666833416705,0.0023403548498376315,-3961.436974164037,35.66208503956371
-3881.955977988994,0.0023110997427274378,-3961.436974164037,35.66208503956371
-3880.545272636318,0.0022824591107938387,-3961.436974164037,35.66208503956371
-3879.134567283642,0.0022544186778518144,-3961.436974164037,35.66208503956371
-3877.723861930965,0.0022270932988120904,-3961.436974164037,35.66208503956371
-3876.3131565782887,0.002200410339252718,-3961.436974164037,35.66208503956371
-3874.9024512256124,0.002174419840165776,-3961.436974164037,35.66208503956371
-3873.4917458729365,0.0021491697248949134,-3961.436974164037,35.66208503956371
-3872.0810405202596,0.0021246072827070324,-3961.436974164037,35.66208503956371
-3870.6703351675837,0.0021008229872203107,-3961.436974164037,35.66208503956371
-3869.259629814908,0.0020777815664276937,-3961.436974164037,35.66208503956371
-3867.848924462231,0.0020554721961788293,-3961.436974164037,35.66208503956371
-3866.438219109554,0.0020339953587768782,-3961.436974164037,35.66208503956371
-3865.0275137568783,0.0020132566122004754,-3961.436974164037,35.66208503956371
-3863.6168084042024,0.0019933138421008877,-3961.436974164037,35.66208503956371
-3862.2061030515256,0.0019741806218896213,-3961.436974164037,35.66208503956371
-3860.7953976988492,0.0019557978715190345,-3961.436974164037,35.66208503956371
-3859.384692346173,0.0019382627761420016,-3961.436974164037,35.66208503956371
-3857.973986993497,0.0019214990450111,-3961.436974164037,35.66208503956371
-3856.56328164082,0.0019055089788562473,-3961.436974164037,35.66208503956371
-3855.152576288144,0.0018903561462520727,-3961.436974164037,35.66208503956371
-3853.7418709354674,0.0018759481891325765,-3961.436974164037,35.66208503956371
-3852.3311655827915,0.0018623439551726268,-3961.436974164037,35.66208503956371
-3850.9204602301147,0.001849517858516841,-3961.436974164037,35.66208503956371
-3849.509754877439,0.0018374198703595972,-3961.436974164037,35.66208503956371
-3848.0990495247624,0.001826138212672807,-3961.436974164037,35.66208503956371
-3846.688344172086,0.0018155679402097613,-3961.436974164037,35.66208503956371
-3845.2776388194093,0.0018057249675451712,-3961.436974164037,35.66208503956371
-3843.8669334667334,0.0017966359587744682,-3961.436974164037,35.66208503956371
-3842.456228114057,0.0017882156815889833,-3961.436974164037,35.66208503956371
-3841.0455227613807,0.001780518332941125,-3961.436974164037,35.66208503956371
-3839.634817408704,0.0017734916834558055,-3961.436974164037,35.66208503956371
-3838.224112056028,0.0017670939796376201,-3961.436974164037,35.66208503956371
-3836.8134067033516,0.0017613921020555993,-3961.436974164037,35.66208503956371
-3835.402701350675,0.0017562792670980055,-3961.436974164037,35.66208503956371
-3833.9919959979984,0.0017517751490035837,-3961.436974164037,35.66208503956371
-3832.5812906453225,0.0017478729413292235,-3961.436974164037,35.66208503956371
-3831.1705852926466,0.0017445046075544868,-3961.436974164037,35.66208503956371
-3829.75987993997,0.001741712169404949,-3961.436974164037,35.66208503956371
-3828.349174587294,0.0017394285698613193,-3961.436974164037,35.66208503956371
-3826.9384692346175,0.001737629734434582,-3961.436974164037,35.66208503956371
-3825.527763881941,0.0017363406392605781,-3961.436974164037,35.66208503956371
-3824.1170585292643,0.001735481286336479,-3961.436974164037,35.66208503956371
-3822.7063531765884,0.001735063900393403,-3961.436974164037,35.66208503956371
-3821.295647823912,0.0017350611056106315,-3961.436974164037,35.66208503956371
-3819.8849424712357,0.0017354232603897556,-3961.436974164037,35.66208503956371
-3818.474237118559,0.001736175033333971,-3961.436974164037,35.66208503956371
-3817.063531765883,0.001737251430594408,-3961.436974164037,35.66208503956371
-3815.6528264132066,0.0017386390123781833,-3961.436974164037,35.66208503956371
-3814.2421210605303,0.0017403336362330336,-3961.436974164037,35.66208503956371
-3812.8314157078535,0.0017422823424299936,-3961.436974164037,35.66208503956371
-3811.4207103551776,0.0017444865701255028,-3961.436974164037,35.66208503956371
-3810.010005002501,0.0017469124041449237,-3961.436974164037,35.66208503956371
-3808.599299649825,0.001749529126248131,-3961.436974164037,35.66208503956371
-3807.1885942971485,0.0017523402741382846,-3961.436974164037,35.66208503956371
-3805.7778889444726,0.0017552983654613016,-3961.436974164037,35.66208503956371
-3804.3671835917958,0.0017583920270236191,-3961.436974164037,35.66208503956371
-3802.9564782391194,0.0017616033558235627,-3961.436974164037,35.66208503956371
-3801.5457728864435,0.001764903203744314,-3961.436974164037,35.66208503956371
-3800.135067533767,0.001768280817285082,-3961.436974164037,35.66208503956371
-3798.724362181091,0.0017717107655619065,-3961.436974164037,35.66208503956371
-3797.313656828414,0.0017751752702698208,-3961.436974164037,35.66208503956371
-3795.902951475738,0.0017786579117482326,-3961.436974164037,35.66208503956371
-3794.4922461230617,0.0017821395649487985,-3961.436974164037,35.66208503956371
-3793.0815407703853,0.0017856040885517938,-3961.436974164037,35.66208503956371
-3791.6708354177085,0.0017890339166948424,-3961.436974164037,35.66208503956371
-3790.2601300650326,0.0017924178055215695,-3961.436974164037,35.66208503956371
-3788.8494247123563,0.0017957335440826042,-3961.436974164037,35.66208503956371
-3787.43871935968,0.0017989738990221312,-3961.436974164037,35.66208503956371
-3786.0280140070035,0.0018021264969067213,-3961.436974164037,35.66208503956371
-3784.6173086543276,0.00180516989416108,-3961.436974164037,35.66208503956371
-3783.206603301651,0.001808105365775547,-3961.436974164037,35.66208503956371
-3781.7958979489745,0.0018109143419607978,-3961.436974164037,35.66208503956371
-3780.385192596298,0.0018135850334711312,-3961.436974164037,35.66208503956371
-3778.974487243622,0.0018161199631533866,-3961.436974164037,35.66208503956371
-3777.5637818909454,0.0018184900539984484,-3961.436974164037,35.66208503956371
-3776.153076538269,0.0018207080182998236,-3961.436974164037,35.66208503956371
-3774.7423711855927,0.0018227614570984416,-3961.436974164037,35.66208503956371
-3773.3316658329168,0.0018246355939326448,-3961.436974164037,35.66208503956371
-3771.92096048024,0.0018263427437164958,-3961.436974164037,35.66208503956371
-3770.5102551275636,0.0018278609493923498,-3961.436974164037,35.66208503956371
-3769.0995497748872,0.0018291968727840767,-3961.436974164037,35.66208503956371
-3767.6888444222113,0.0018303548240605444,-3961.436974164037,35.66208503956371
-3766.278139069535,0.0018313091402325842,-3961.436974164037,35.66208503956371
-3764.8674337168586,0.0018320844407425547,-3961.436974164037,35.66208503956371
-3763.4567283641827,0.0018326686218498418,-3961.436974164037,35.66208503956371
-3762.046023011506,0.0018330583885168307,-3961.436974164037,35.66208503956371
-3760.6353176588295,0.0018332703358708566,-3961.436974164037,35.66208503956371
-3759.224612306153,0.0018332845189433307,-3961.436974164037,35.66208503956371
-3757.8139069534773,0.0018331196789923723,-3961.436974164037,35.66208503956371
-3756.4032016008005,0.0018327792896455082,-3961.436974164037,35.66208503956371
-3754.992496248124,0.0018322501031611026,-3961.436974164037,35.66208503956371
-3753.5817908954477,0.0018315574266107536,-3961.436974164037,35.66208503956371
-3752.171085542772,0.001830692329425375,-3961.436974164037,35.66208503956371
-3750.760380190095,0.0018296623205186853,-3961.436974164037,35.66208503956371
-3749.3496748374187,0.0018284833061784883,-3961.436974164037,35.66208503956371
-3747.9389694847423,0.0018271412852214975,-3961.436974164037,35.66208503956371
-3746.5282641320664,0.0018256607584139284,-3961.436974164037,35.66208503956371
-3745.1175587793896,0.0018240440660809275,-3961.436974164037,35.66208503956371
-3743.7068534267137,0.001822290343403028,-3961.436974164037,35.66208503956371
-3742.2961480740373,0.001820420299878587,-3961.436974164037,35.66208503956371
-3740.885442721361,0.0018184303020618504,-3961.436974164037,35.66208503956371
-3739.474737368684,0.0018163337781408233,-3961.436974164037,35.66208503956371
-3738.0640320160082,0.0018141431491076403,-3961.436974164037,35.66208503956371
-3736.6533266633323,0.0018118541123295516,-3961.436974164037,35.66208503956371
-3735.2426213106555,0.0018094880312070729,-3961.436974164037,35.66208503956371
-3733.831915957979,0.001807048393223469,-3961.436974164037,35.66208503956371
-3732.421210605303,0.0018045423752496184,-3961.436974164037,35.66208503956371
-3731.010505252627,0.001801983754346234,-3961.436974164037,35.66208503956371
-3729.59979989995,0.001799375716384852,-3961.436974164037,35.66208503956371
-3728.1890945472737,0.0017967308618915046,-3961.436974164037,35.66208503956371
-3726.7783891945974,0.0017940576141677695,-3961.436974164037,35.66208503956371
-3725.3676838419215,0.001791362659654442,-3961.436974164037,35.66208503956371
-3723.9569784892446,0.0017886567115990557,-3961.436974164037,35.66208503956371
-3722.5462731365687,0.0017859471492114283,-3961.436974164037,35.66208503956371
-3721.1355677838924,0.00178324294326684,-3961.436974164037,35.66208503956371
-3719.724862431216,0.0017805509838530304,-3961.436974164037,35.66208503956371
-3718.314157078539,0.0017778815299829395,-3961.436974164037,35.66208503956371
-3716.9034517258633,0.00177524019612171,-3961.436974164037,35.66208503956371
-3715.492746373187,0.0017726340855843143,-3961.436974164037,35.66208503956371
-3714.0820410205106,0.0017700740163112511,-3961.436974164037,35.66208503956371
-3712.671335667834,0.0017675616436937903,-3961.436974164037,35.66208503956371
-3711.260630315158,0.0017651079347235144,-3961.436974164037,35.66208503956371
-3709.8499249624815,0.0017627178926939067,-3961.436974164037,35.66208503956371
-3708.439219609805,0.0017603925645379003,-3961.436974164037,35.66208503956371
-3707.0285142571283,0.0017581488546165385,-3961.436974164037,35.66208503956371
-3705.6178089044524,0.001755981337481379,-3961.436974164037,35.66208503956371
-3704.2071035517765,0.0017538980581375673,-3961.436974164037,35.66208503956371
-3702.7963981990997,0.001751907872262189,-3961.436974164037,35.66208503956371
-3701.385692846424,0.0017500059850507944,-3961.436974164037,35.66208503956371
-3699.9749874937474,0.0017482058148407436,-3961.436974164037,35.66208503956371
-3698.564282141071,0.0017465049085519362,-3961.436974164037,35.66208503956371
-3697.1535767883943,0.001744902697634829,-3961.436974164037,35.66208503956371
-3695.7428714357184,0.001743414609275766,-3961.436974164037,35.66208503956371
-3694.332166083042,0.0017420285220845723,-3961.436974164037,35.66208503956371
-3692.9214607303657,0.0017407530010889577,-3961.436974164037,35.66208503956371
-3691.510755377689,0.0017395910833427676,-3961.436974164037,35.66208503956371
-3690.100050025013,0.0017385346715677878,-3961.436974164037,35.66208503956371
-3688.6893446723366,0.0017375974840463044,-3961.436974164037,35.66208503956371
-3687.27863931966,0.001736769299933883,-3961.436974164037,35.66208503956371
-3685.8679339669834,0.0017360498923382269,-3961.436974164037,35.66208503956371
-3684.4572286143075,0.0017354486804936156,-3961.436974164037,35.66208503956371
-3683.046523261631,0.001734951544561385,-3961.436974164037,35.66208503956371
-3681.635817908955,0.001734565920840761,-3961.436974164037,35.66208503956371
-3680.2251125562784,0.001734288285889469,-3961.436974164037,35.66208503956371
-3678.8144072036025,0.0017341099566340237,-3961.436974164037,35.66208503956371
-3677.4037018509257,0.0017340421871693556,-3961.436974164037,35.66208503956371
-3675.9929964982493,0.0017340697735110735,-3961.436974164037,35.66208503956371
-3674.582291145573,0.0017341932390633834,-3961.436974164037,35.66208503956371
-3673.171585792897,0.0017344145950144738,-3961.436974164037,35.66208503956371
-3671.7608804402207,0.0017347209884599913,-3961.436974164037,35.66208503956371
-3670.350175087544,0.001735117350979478,-3961.436974164037,35.66208503956371
-3668.939469734868,0.0017355953161668474,-3961.436974164037,35.66208503956371
-3667.5287643821916,0.0017361477150170481,-3961.436974164037,35.66208503956371
-3666.1180590295153,0.0017367801182183288,-3961.436974164037,35.66208503956371
-3664.7073536768385,0.0017374775956204942,-3961.436974164037,35.66208503956371
-3663.2966483241626,0.001738240053226265,-3961.436974164037,35.66208503956371
-3661.885942971486,0.0017390639719171398,-3961.436974164037,35.66208503956371
-3660.47523761881,0.001739939664052844,-3961.436974164037,35.66208503956371
-3659.0645322661335,0.001740867944495147,-3961.436974164037,35.66208503956371
-3657.6538269134576,0.0017418396343424512,-3961.436974164037,35.66208503956371
-3656.2431215607808,0.0017428495856843295,-3961.436974164037,35.66208503956371
-3654.8324162081044,0.0017438961105626508,-3961.436974164037,35.66208503956371
-3653.421710855428,0.0017449699083965107,-3961.436974164037,35.66208503956371
-3652.011005502752,0.0017460680582652244,-3961.436974164037,35.66208503956371
-3650.6003001500753,0.0017471849294074288,-3961.436974164037,35.66208503956371
-3649.189594797399,0.001748314605717935,-3961.436974164037,35.66208503956371
-3647.7788894447226,0.001749453205361971,-3961.436974164037,35.66208503956371
-3646.3681840920467,0.0017505947235855832,-3961.436974164037,35.66208503956371
-3644.95747873937,0.0017517347534446858,-3961.436974164037,35.66208503956371
-3643.5467733866935,0.0017528677821703463,-3961.436974164037,35.66208503956371
-3642.136068034017,0.0017539900594767516,-3961.436974164037,35.66208503956371
-3640.7253626813413,0.0017550958512316398,-3961.436974164037,35.66208503956371
-3639.3146573286645,0.0017561812667461654,-3961.436974164037,35.66208503956371
-3637.9039519759885,0.0017572435433282872,-3961.436974164037,35.66208503956371
-3636.4932466233126,0.001758274470064577,-3961.436974164037,35.66208503956371
-3635.082541270636,0.0017592742052068653,-3961.436974164037,35.66208503956371
-3633.6718359179595,0.0017602385360868625,-3961.436974164037,35.66208503956371
-3632.261130565283,0.0017611605160419215,-3961.436974164037,35.66208503956371
-3630.850425212607,0.0017620413604467506,-3961.436974164037,35.66208503956371
-3629.4397198599304,0.0017628734022552364,-3961.436974164037,35.66208503956371
-3628.029014507254,0.0017636566620536237,-3961.436974164037,35.66208503956371
-3626.6183091545777,0.0017643900945655774,-3961.436974164037,35.66208503956371
-3625.2076038019018,0.0017650648477139255,-3961.436974164037,35.66208503956371
-3623.796898449225,0.0017656859696693259,-3961.436974164037,35.66208503956371
-3622.3861930965486,0.0017662478193883283,-3961.436974164037,35.66208503956371
-3620.9754877438722,0.001766747956340868,-3961.436974164037,35.66208503956371
-3619.5647823911963,0.0017671897867600202,-3961.436974164037,35.66208503956371
-3618.1540770385195,0.0017675645967686038,-3961.436974164037,35.66208503956371
-3616.7433716858436,0.001767877510038931,-3961.436974164037,35.66208503956371
-3615.3326663331673,0.0017681276052463476,-3961.436974164037,35.66208503956371
-3613.921960980491,0.001768308840269783,-3961.436974164037,35.66208503956371
-3612.511255627814,0.0017684285595183792,-3961.436974164037,35.66208503956371
-3611.100550275138,0.0017684814441412252,-3961.436974164037,35.66208503956371
-3609.6898449224623,0.001768469167968359,-3961.436974164037,35.66208503956371
-3608.2791395697855,0.0017683962282490718,-3961.436974164037,35.66208503956371
-3606.8684342171086,0.0017682547392810566,-3961.436974164037,35.66208503956371
-3605.4577288644327,0.001768053794009892,-3961.436974164037,35.66208503956371
-3604.047023511757,0.001767792237395941,-3961.436974164037,35.66208503956371
-3602.63631815908,0.0017674682634724465,-3961.436974164037,35.66208503956371
-3601.2256128064037,0.0017670893509771448,-3961.436974164037,35.66208503956371
-3599.8149074537278,0.0017666516312536355,-3961.436974164037,35.66208503956371
-3598.4042021010514,0.0017661601200378535,-3961.436974164037,35.66208503956371
-3596.9934967483746,0.0017656188543634637,-3961.436974164037,35.66208503956371
-3595.5827913956987,0.0017650236324196114,-3961.436974164037,35.66208503956371
-3594.1720860430223,0.0017643837510013334,-3961.436974164037,35.66208503956371
-3592.761380690346,0.0017636987966010396,-3961.436974164037,35.66208503956371
-3591.350675337669,0.0017629706893959546,-3961.436974164037,35.66208503956371
-3589.9399699849932,0.0017622055632005034,-3961.436974164037,35.66208503956371
-3588.529264632317,0.0017614020940130582,-3961.436974164037,35.66208503956371
-3587.1185592796405,0.00176056643923821,-3961.436974164037,35.66208503956371
-3585.7078539269637,0.0017597016570352678,-3961.436974164037,35.66208503956371
-3584.297148574288,0.0017588083464392297,-3961.436974164037,35.66208503956371
-3582.8864432216114,0.0017578928948870514,-3961.436974164037,35.66208503956371
-3581.475737868935,0.001756956739222681,-3961.436974164037,35.66208503956371
-3580.0650325162583,0.0017560035675556888,-3961.436974164037,35.66208503956371
-3578.654327163583,0.0017550375157083268,-3961.436974164037,35.66208503956371
-3577.2436218109065,0.001754060510061904,-3961.436974164037,35.66208503956371
-3575.8329164582296,0.0017530770916527022,-3961.436974164037,35.66208503956371
-3574.4222111055537,0.0017520901111783389,-3961.436974164037,35.66208503956371
-3573.0115057528774,0.001751102980426164,-3961.436974164037,35.66208503956371
-3571.600800400201,0.001750118760827751,-3961.436974164037,35.66208503956371
-3570.190095047524,0.001749140954377292,-3961.436974164037,35.66208503956371
-3568.7793896948483,0.0017481726126271245,-3961.436974164037,35.66208503956371
-3567.368684342172,0.0017472159402175556,-3961.436974164037,35.66208503956371
-3565.9579789894956,0.001746276090776363,-3961.436974164037,35.66208503956371
-3564.5472736368188,0.0017453536494247063,-3961.436974164037,35.66208503956371
-3563.136568284143,0.0017444521244853006,-3961.436974164037,35.66208503956371
-3561.7258629314665,0.0017435753728183249,-3961.436974164037,35.66208503956371
-3560.31515757879,0.0017427234757873332,-3961.436974164037,35.66208503956371
-3558.9044522261133,0.0017419017862126138,-3961.436974164037,35.66208503956371
-3557.493746873438,0.0017411106733946316,-3961.436974164037,35.66208503956371
-3556.083041520761,0.0017403513567510486,-3961.436974164037,35.66208503956371
-3554.6723361680847,0.0017396298364071366,-3961.436974164037,35.66208503956371
-3553.2616308154084,0.001738943358224298,-3961.436974164037,35.66208503956371
-3551.8509254627324,0.0017382961107237267,-3961.436974164037,35.66208503956371
-3550.4402201100556,0.0017376899798796492,-3961.436974164037,35.66208503956371
-3549.0295147573793,0.0017371231522899794,-3961.436974164037,35.66208503956371
-3547.618809404703,0.001736602042862299,-3961.436974164037,35.66208503956371
-3546.208104052027,0.001736123376562983,-3961.436974164037,35.66208503956371
-3544.79739869935,0.0017356883480283782,-3961.436974164037,35.66208503956371
-3543.386693346674,0.0017353013780960105,-3961.436974164037,35.66208503956371
-3541.975987993998,0.0017349578161949368,-3961.436974164037,35.66208503956371
-3540.5652826413216,0.00173466197908533,-3961.436974164037,35.66208503956371
-3539.154577288645,0.0017344127462584676,-3961.436974164037,35.66208503956371
-3537.7438719359684,0.0017342073979700278,-3961.436974164037,35.66208503956371
-3536.333166583293,0.0017340521666430301,-3961.436974164037,35.66208503956371
-3534.922461230616,0.001733940760889542,-3961.436974164037,35.66208503956371
-3533.51175587794,0.0017338745069910206,-3961.436974164037,35.66208503956371
-3532.1010505252634,0.0017338550111208916,-3961.436974164037,35.66208503956371
-3530.6903451725875,0.0017338771367096453,-3961.436974164037,35.66208503956371
-3529.2796398199107,0.0017339444216290132,-3961.436974164037,35.66208503956371
-3527.8689344672343,0.001734053017006616,-3961.436974164037,35.66208503956371
-3526.458229114558,0.0017342010681332225,-3961.436974164037,35.66208503956371
-3525.047523761882,0.0017337044840901603,-3961.436974164037,35.66208503956371
-3523.6368184092053,0.0017337044840901603,-3961.436974164037,35.66208503956371
-3522.226113056529,0.0017337044840901603,-3961.436974164037,35.66208503956371
-3520.8154077038525,0.0017337044840901603,-3961.436974164037,35.66208503956371
-3519.4047023511766,0.0017337044840901603,-3961.436974164037,35.66208503956371
-3517.9939969985,0.0017337044840901603,-3961.436974164037,35.66208503956371
-3516.5832916458235,0.0017337044840901603,-3961.436974164037,35.66208503956371
-3515.172586293148,0.0017337044840901603,-3961.436974164037,35.66208503956371
-3513.761880940471,0.0017337044840901603,-3961.436974164037,35.66208503956371
-3512.3511755877944,0.0017337044840901603,-3961.436974164037,35.66208503956371
-3510.9404702351185,0.0017337044840901603,-3961.436974164037,35.66208503956371
-3509.5297648824426,0.0017337044840901603,-3961.436974164037,35.66208503956371
-3508.1190595297658,0.0017337044840901603,-3961.436974164037,35.66208503956371
-3506.7083541770894,0.0017337044840901603,-3961.436974164037,35.66208503956371
-3505.297648824413,0.0017337044840901603,-3961.436974164037,35.66208503956371
-3503.886943471737,0.0017337044840901603,-3961.436974164037,35.66208503956371
-3502.4762381190603,0.0017337044840901603,-3961.436974164037,35.66208503956371
-3501.065532766384,0.0017337044840901603,-3961.436974164037,35.66208503956371
-3499.6548274137076,0.0017337044840901603,-3961.436974164037,35.66208503956371
-3498.2441220610317,0.0017337044840901603,-3961.436974164037,35.66208503956371
-3496.833416708355,0.0017337044840901603,-3961.436974164037,35.66208503956371
-3495.4227113556785,0.0017337044840901603,-3961.436974164037,35.66208503956371
-3494.0120060030026,0.0017337044840901603,-3961.436974164037,35.66208503956371
-3492.6013006503263,0.0017337044840901603,-3961.436974164037,35.66208503956371
-3491.1905952976495,0.0017337044840901603,-3961.436974164037,35.66208503956371
-3489.7798899449735,0.0017337044840901603,-3961.436974164037,35.66208503956371
-3488.369184592297,0.0017337044840901603,-3961.436974164037,35.66208503956371
-3486.958479239621,0.0017337044840901603,-3961.436974164037,35.66208503956371
-3485.547773886944,0.0017337044840901603,-3961.436974164037,35.66208503956371
-3484.137068534268,0.0017337044840901603,-3961.436974164037,35.66208503956371
-3482.7263631815918,0.0017337044840901603,-3961.436974164037,35.66208503956371
-3481.3156578289154,0.0017337044840901603,-3961.436974164037,35.66208503956371
-3479.9049524762386,0.0017337044840901603,-3961.436974164037,35.66208503956371
-3478.4942471235627,0.0017337044840901603,-3961.436974164037,35.66208503956371
-3477.0835417708868,0.0017337044840901603,-3961.436974164037,35.66208503956371
-3475.67283641821,0.0017337044840901603,-3961.436974164037,35.66208503956371
-3474.262131065534,0.0017337044840901603,-3961.436974164037,35.66208503956371
-3472.8514257128577,0.0017337044840901603,-3961.436974164037,35.66208503956371
-3471.4407203601813,0.0017337044840901603,-3961.436974164037,35.66208503956371
-3470.0300150075045,0.0017337044840901603,-3961.436974164037,35.66208503956371
-3468.6193096548286,0.0017337044840901603,-3961.436974164037,35.66208503956371
-3467.2086043021523,0.0017337044840901603,-3961.436974164037,35.66208503956371
-3465.797898949476,0.0017337044840901603,-3961.436974164037,35.66208503956371
-3464.387193596799,0.0017337044840901603,-3961.436974164037,35.66208503956371
-3462.976488244123,0.0017337044840901603,-3961.436974164037,35.66208503956371
-3461.565782891447,0.0017337044840901603,-3961.436974164037,35.66208503956371
-3460.1550775387705,0.0017337044840901603,-3961.436974164037,35.66208503956371
-3458.7443721860936,0.0017337044840901603,-3961.436974164037,35.66208503956371
-3457.3336668334177,0.0017337044840901603,-3961.436974164037,35.66208503956371
-3455.9229614807414,0.0017337044840901603,-3961.436974164037,35.66208503956371
-3454.512256128065,0.0017337044840901603,-3961.436974164037,35.66208503956371
-3453.1015507753887,0.0017337044840901603,-3961.436974164037,35.66208503956371
-3451.6908454227128,0.0017337044840901603,-3961.436974164037,35.66208503956371
-3450.280140070036,0.0017337044840901603,-3961.436974164037,35.66208503956371
-3448.8694347173596,0.0017337044840901603,-3961.436974164037,35.66208503956371
-3447.4587293646837,0.0017337044840901603,-3961.436974164037,35.66208503956371
-3446.0480240120073,0.0017337044840901603,-3961.436974164037,35.66208503956371
-3444.637318659331,0.0017337044840901603,-3961.436974164037,35.66208503956371
-3443.226613306654,0.0017337044840901603,-3961.436974164037,35.66208503956371
-3441.8159079539782,0.0017337044840901603,-3961.436974164037,35.66208503956371
-3440.405202601302,0.0017337044840901603,-3961.436974164037,35.66208503956371
-3438.9944972486255,0.0017337044840901603,-3961.436974164037,35.66208503956371
-3437.5837918959487,0.0017337044840901603,-3961.436974164037,35.66208503956371
-3436.173086543273,0.0017337044840901603,-3961.436974164037,35.66208503956371
-3434.7623811905964,0.0017337044840901603,-3961.436974164037,35.66208503956371
-3433.35167583792,0.0017337044840901603,-3961.436974164037,35.66208503956371
-3431.9409704852437,0.0017337044840901603,-3961.436974164037,35.66208503956371
-3430.530265132568,0.0017337044840901603,-3961.436974164037,35.66208503956371
-3429.119559779891,0.0017337044840901603,-3961.436974164037,35.66208503956371
-3427.7088544272146,0.0017337044840901603,-3961.436974164037,35.66208503956371
-3426.2981490745383,0.0017337044840901603,-3961.436974164037,35.66208503956371
-3424.8874437218624,0.0017337044840901603,-3961.436974164037,35.66208503956371
-3423.4767383691856,0.0017337044840901603,-3961.436974164037,35.66208503956371
-3422.066033016509,0.0017337044840901603,-3961.436974164037,35.66208503956371
-3420.655327663833,0.0017337044840901603,-3961.436974164037,35.66208503956371
-3419.244622311157,0.0017337044840901603,-3961.436974164037,35.66208503956371
-3417.83391695848,0.0017337044840901603,-3961.436974164037,35.66208503956371
-3416.4232116058038,0.0017337044840901603,-3961.436974164037,35.66208503956371
-3415.0125062531274,0.0017337044840901603,-3961.436974164037,35.66208503956371
-3413.6018009004515,0.0017337044840901603,-3961.436974164037,35.66208503956371
-3412.191095547775,0.0017337044840901603,-3961.436974164037,35.66208503956371
-3410.780390195099,0.0017337044840901603,-3961.436974164037,35.66208503956371
-3409.369684842423,0.0017337044840901603,-3961.436974164037,35.66208503956371
-3407.958979489746,0.0017337044840901603,-3961.436974164037,35.66208503956371
-3406.5482741370697,0.0017337044840901603,-3961.436974164037,35.66208503956371
-3405.1375687843934,0.0017337044840901603,-3961.436974164037,35.66208503956371
-3403.7268634317174,0.0017337044840901603,-3961.436974164037,35.66208503956371
-3402.3161580790406,0.0017337044840901603,-3961.436974164037,35.66208503956371
-3400.9054527263643,0.0017337044840901603,-3961.436974164037,35.66208503956371
-3399.494747373688,0.0017337044840901603,-3961.436974164037,35.66208503956371
-3398.084042021012,0.0017337044840901603,-3961.436974164037,35.66208503956371
-3396.673336668335,0.0017337044840901603,-3961.436974164037,35.66208503956371
-3395.262631315659,0.0017337044840901603,-3961.436974164037,35.66208503956371
-3393.8519259629825,0.0017337044840901603,-3961.436974164037,35.66208503956371
-3392.4412206103066,0.0017337044840901603,-3961.436974164037,35.66208503956371
-3391.0305152576298,0.0017337044840901603,-3961.436974164037,35.66208503956371
-3389.619809904954,0.0017337044840901603,-3961.436974164037,35.66208503956371
-3388.2091045522775,0.0017337044840901603,-3961.436974164037,35.66208503956371
-3386.798399199601,0.0017337044840901603,-3961.436974164037,35.66208503956371
-3385.3876938469243,0.0017337044840901603,-3961.436974164037,35.66208503956371
-3383.9769884942484,0.0017337044840901603,-3961.436974164037,35.66208503956371
-3382.5662831415725,0.0017337044840901603,-3961.436974164037,35.66208503956371
-3381.1555777888957,0.0017337044840901603,-3961.436974164037,35.66208503956371
-3379.7448724362193,0.0017337044840901603,-3961.436974164037,35.66208503956371
-3378.334167083543,0.0017337044840901603,-3961.436974164037,35.66208503956371
-3376.923461730867,0.0017337044840901603,-3961.436974164037,35.66208503956371
-3375.5127563781903,0.0017337044840901603,-3961.436974164037,35.66208503956371
-3374.102051025514,0.0017337044840901603,-3961.436974164037,35.66208503956371
-3372.6913456728375,0.0017337044840901603,-3961.436974164037,35.66208503956371
-3371.2806403201616,0.0017337044840901603,-3961.436974164037,35.66208503956371
-3369.869934967485,0.0017337044840901603,-3961.436974164037,35.66208503956371
-3368.459229614809,0.0017337044840901603,-3961.436974164037,35.66208503956371
-3367.0485242621326,0.0017337044840901603,-3961.436974164037,35.66208503956371
-3365.637818909456,0.0017337044840901603,-3961.436974164037,35.66208503956371
-3364.2271135567794,0.0017337044840901603,-3961.436974164037,35.66208503956371
-3362.8164082041035,0.0017337044840901603,-3961.436974164037,35.66208503956371
-3361.405702851427,0.0017337044840901603,-3961.436974164037,35.66208503956371
-3359.9949974987508,0.0017337044840901603,-3961.436974164037,35.66208503956371
-3358.584292146074,0.0017337044840901603,-3961.436974164037,35.66208503956371
-3357.173586793398,0.0017337044840901603,-3961.436974164037,35.66208503956371
-3355.7628814407217,0.0017337044840901603,-3961.436974164037,35.66208503956371
-3354.3521760880453,0.0017337044840901603,-3961.436974164037,35.66208503956371
-3352.9414707353685,0.0017337044840901603,-3961.436974164037,35.66208503956371
-3351.5307653826926,0.0017337044840901603,-3961.436974164037,35.66208503956371
-3350.1200600300167,0.0017337044840901603,-3961.436974164037,35.66208503956371
-3348.70935467734,0.0017337044840901603,-3961.436974164037,35.66208503956371
-3347.298649324664,0.0017337044840901603,-3961.436974164037,35.66208503956371
-3345.8879439719876,0.0017337044840901603,-3961.436974164037,35.66208503956371
-3344.4772386193113,0.0017337044840901603,-3961.436974164037,35.66208503956371
-3343.0665332666345,0.0017337044840901603,-3961.436974164037,35.66208503956371
-3341.6558279139585,0.0017337044840901603,-3961.436974164037,35.66208503956371
-3340.245122561282,0.0017337044840901603,-3961.436974164037,35.66208503956371
-3338.834417208606,0.0017337044840901603,-3961.436974164037,35.66208503956371
-3337.423711855929,0.0017337044840901603,-3961.436974164037,35.66208503956371
-3336.013006503253,0.0017337044840901603,-3961.436974164037,35.66208503956371
-3334.6023011505767,0.0017337044840901603,-3961.436974164037,35.66208503956371
-3333.1915957979004,0.0017337044840901603,-3961.436974164037,35.66208503956371
-3331.7808904452236,0.0017337044840901603,-3961.436974164037,35.66208503956371
-3330.3701850925477,0.0017337044840901603,-3961.436974164037,35.66208503956371
-3328.9594797398713,0.0017337044840901603,-3961.436974164037,35.66208503956371
-3327.548774387195,0.0017337044840901603,-3961.436974164037,35.66208503956371
-3326.1380690345186,0.0017337044840901603,-3961.436974164037,35.66208503956371
-3324.7273636818427,0.0017337044840901603,-3961.436974164037,35.66208503956371
-3323.316658329166,0.0017337044840901603,-3961.436974164037,35.66208503956371
-3321.9059529764895,0.0017337044840901603,-3961.436974164037,35.66208503956371
-3320.495247623813,0.0017337044840901603,-3961.436974164037,35.66208503956371
-3319.0845422711373,0.0017337044840901603,-3961.436974164037,35.66208503956371
-3317.673836918461,0.0017337044840901603,-3961.436974164037,35.66208503956371
-3316.263131565784,0.0017337044840901603,-3961.436974164037,35.66208503956371
-3314.852426213108,0.0017337044840901603,-3961.436974164037,35.66208503956371
-3313.441720860432,0.0017337044840901603,-3961.436974164037,35.66208503956371
-3312.0310155077555,0.0017337044840901603,-3961.436974164037,35.66208503956371
-3310.6203101550786,0.0017337044840901603,-3961.436974164037,35.66208503956371
-3309.2096048024027,0.0017337044840901603,-3961.436974164037,35.66208503956371
-3307.7988994497264,0.0017337044840901603,-3961.436974164037,35.66208503956371
-3306.38819409705,0.0017337044840901603,-3961.436974164037,35.66208503956371
-3304.9774887443737,0.0017337044840901603,-3961.436974164037,35.66208503956371
-3303.5667833916978,0.0017337044840901603,-3961.436974164037,35.66208503956371
-3302.156078039021,0.0017337044840901603,-3961.436974164037,35.66208503956371
-3300.7453726863446,0.0017337044840901603,-3961.436974164037,35.66208503956371
-3299.334667333668,0.0017337044840901603,-3961.436974164037,35.66208503956371
-3297.9239619809923,0.0017337044840901603,-3961.436974164037,35.66208503956371
-3296.5132566283155,0.0017337044840901603,-3961.436974164037,35.66208503956371
-3295.102551275639,0.0017337044840901603,-3961.436974164037,35.66208503956371
-3293.691845922963,0.0017337044840901603,-3961.436974164037,35.66208503956371
-3292.281140570287,0.0017337044840901603,-3961.436974164037,35.66208503956371
-3290.87043521761,0.0017337044840901603,-3961.436974164037,35.66208503956371
-3289.4597298649337,0.0017337044840901603,-3961.436974164037,35.66208503956371
-3288.0490245122573,0.0017337044840901603,-3961.436974164037,35.66208503956371
-3286.6383191595814,0.0017337044840901603,-3961.436974164037,35.66208503956371
-3285.227613806905,0.0017337044840901603,-3961.436974164037,35.66208503956371
-3283.8169084542287,0.0017337044840901603,-3961.436974164037,35.66208503956371
-3282.406203101553,0.0017337044840901603,-3961.436974164037,35.66208503956371
-3280.995497748876,0.0017337044840901603,-3961.436974164037,35.66208503956371
-3279.5847923961996,0.0017337044840901603,-3961.436974164037,35.66208503956371
-3278.1740870435233,0.0017337044840901603,-3961.436974164037,35.66208503956371
-3276.7633816908474,0.0017337044840901603,-3961.436974164037,35.66208503956371
-3275.3526763381706,0.0017337044840901603,-3961.436974164037,35.66208503956371
-3273.941970985494,0.0017337044840901603,-3961.436974164037,35.66208503956371
-3272.531265632818,0.0017337044840901603,-3961.436974164037,35.66208503956371
-3271.120560280142,0.0017337044840901603,-3961.436974164037,35.66208503956371
-3269.709854927465,0.0017337044840901603,-3961.436974164037,35.66208503956371
-3268.2991495747888,0.0017337044840901603,-3961.436974164037,35.66208503956371
-3266.8884442221124,0.0017337044840901603,-3961.436974164037,35.66208503956371
-3265.4777388694365,0.0017337044840901603,-3961.436974164037,35.66208503956371
-3264.0670335167597,0.0017337044840901603,-3961.436974164037,35.66208503956371
-3262.656328164084,0.0017337044840901603,-3961.436974164037,35.66208503956371
-3261.2456228114074,0.0017337044840901603,-3961.436974164037,35.66208503956371
-3259.834917458731,0.0017337044840901603,-3961.436974164037,35.66208503956371
-3258.4242121060543,0.0017337044840901603,-3961.436974164037,35.66208503956371
-3257.0135067533784,0.0017337044840901603,-3961.436974164037,35.66208503956371
-3255.6028014007024,0.0017337044840901603,-3961.436974164037,35.66208503956371
-3254.1920960480256,0.0017337044840901603,-3961.436974164037,35.66208503956371
-3252.781390695349,0.0017337044840901603,-3961.436974164037,35.66208503956371
-3251.370685342673,0.0017337044840901603,-3961.436974164037,35.66208503956371
-3249.959979989997,0.0017337044840901603,-3961.436974164037,35.66208503956371
-3248.54927463732,0.0017337044840901603,-3961.436974164037,35.66208503956371
-3247.138569284644,0.0017337044840901603,-3961.436974164037,35.66208503956371
-3245.7278639319675,0.0017337044840901603,-3961.436974164037,35.66208503956371
-3244.3171585792916,0.0017337044840901603,-3961.436974164037,35.66208503956371
-3242.9064532266148,0.0017337044840901603,-3961.436974164037,35.66208503956371
-3241.495747873939,0.0017337044840901603,-3961.436974164037,35.66208503956371
-3240.0850425212625,0.0017337044840901603,-3961.436974164037,35.66208503956371
-3238.674337168586,0.0017337044840901603,-3961.436974164037,35.66208503956371
-3237.2636318159093,0.0017337044840901603,-3961.436974164037,35.66208503956371
-3235.8529264632334,0.0017337044840901603,-3961.436974164037,35.66208503956371
-3234.442221110557,0.0017337044840901603,-3961.436974164037,35.66208503956371
-3233.0315157578807,0.0017337044840901603,-3961.436974164037,35.66208503956371
-3231.620810405204,0.0017337044840901603,-3961.436974164037,35.66208503956371
-3230.210105052528,0.0017337044840901603,-3961.436974164037,35.66208503956371
-3228.7993996998516,0.0017337044840901603,-3961.436974164037,35.66208503956371
-3227.3886943471753,0.0017337044840901603,-3961.436974164037,35.66208503956371
-3225.9779889944984,0.0017337044840901603,-3961.436974164037,35.66208503956371
-3224.5672836418225,0.0017337044840901603,-3961.436974164037,35.66208503956371
-3223.1565782891466,0.0017337044840901603,-3961.436974164037,35.66208503956371
-3221.74587293647,0.0017337044840901603,-3961.436974164037,35.66208503956371
-3220.335167583794,0.0017337044840901603,-3961.436974164037,35.66208503956371
-3218.9244622311176,0.0017337044840901603,-3961.436974164037,35.66208503956371
-3217.513756878441,0.0017337044840901603,-3961.436974164037,35.66208503956371
-3216.1030515257644,0.0017337044840901603,-3961.436974164037,35.66208503956371
-3214.6923461730885,0.0017337044840901603,-3961.436974164037,35.66208503956371
-3213.281640820412,0.0017337044840901603,-3961.436974164037,35.66208503956371
-3211.8709354677358,0.0017337044840901603,-3961.436974164037,35.66208503956371
-3210.460230115059,0.0017337044840901603,-3961.436974164037,35.66208503956371
-3209.049524762383,0.0017337044840901603,-3961.436974164037,35.66208503956371
-3207.6388194097067,0.0017337044840901603,-3961.436974164037,35.66208503956371
-3206.2281140570303,0.0017337044840901603,-3961.436974164037,35.66208503956371
-3204.8174087043535,0.0017337044840901603,-3961.436974164037,35.66208503956371
-3203.4067033516776,0.0017337044840901603,-3961.436974164037,35.66208503956371
-3201.9959979990012,0.0017337044840901603,-3961.436974164037,35.66208503956371
-3200.585292646325,0.0017337044840901603,-3961.436974164037,35.66208503956371
-3199.1745872936485,0.0017337044840901603,-3961.436974164037,35.66208503956371
-3197.7638819409726,0.0017337044840901603,-3961.436974164037,35.66208503956371
-3196.353176588296,0.0017337044840901603,-3961.436974164037,35.66208503956371
-3194.9424712356195,0.0017337044840901603,-3961.436974164037,35.66208503956371
-3193.531765882943,0.0017337044840901603,-3961.436974164037,35.66208503956371
-3192.121060530267,0.0017337044840901603,-3961.436974164037,35.66208503956371
-3190.710355177591,0.0017337044840901603,-3961.436974164037,35.66208503956371
-3189.299649824914,0.0017337044840901603,-3961.436974164037,35.66208503956371
-3187.888944472238,0.0017337044840901603,-3961.436974164037,35.66208503956371
-3186.4782391195617,0.0017337044840901603,-3961.436974164037,35.66208503956371
-3185.0675337668854,0.0017337044840901603,-3961.436974164037,35.66208503956371
-3183.6568284142086,0.0017337044840901603,-3961.436974164037,35.66208503956371
-3182.2461230615327,0.0017337044840901603,-3961.436974164037,35.66208503956371
-3180.8354177088563,0.0017337044840901603,-3961.436974164037,35.66208503956371
-3179.42471235618,0.0017337044840901603,-3961.436974164037,35.66208503956371
-3178.0140070035036,0.0017337044840901603,-3961.436974164037,35.66208503956371
-3176.6033016508277,0.0017337044840901603,-3961.436974164037,35.66208503956371
-3175.192596298151,0.0017337044840901603,-3961.436974164037,35.66208503956371
-3173.7818909454745,0.0017337044840901603,-3961.436974164037,35.66208503956371
-3172.371185592798,0.0017337044840901603,-3961.436974164037,35.66208503956371
-3170.9604802401223,0.0017337044840901603,-3961.436974164037,35.66208503956371
-3169.5497748874454,0.0017337044840901603,-3961.436974164037,35.66208503956371
-3168.139069534769,0.0017337044840901603,-3961.436974164037,35.66208503956371
-3166.7283641820927,0.0017337044840901603,-3961.436974164037,35.66208503956371
-3165.317658829417,0.0017337044840901603,-3961.436974164037,35.66208503956371
-3163.90695347674,0.0017337044840901603,-3961.436974164037,35.66208503956371
-3162.496248124064,0.0017337044840901603,-3961.436974164037,35.66208503956371
-3161.0855427713873,0.0017337044840901603,-3961.436974164037,35.66208503956371
-3159.6748374187114,0.0017337044840901603,-3961.436974164037,35.66208503956371
-3158.2641320660346,0.0017337044840901603,-3961.436974164037,35.66208503956371
-3156.8534267133587,0.0017337044840901603,-3961.436974164037,35.66208503956371
-3155.4427213606823,0.0017337044840901603,-3961.436974164037,35.66208503956371
-3154.032016008006,0.0017337044840901603,-3961.436974164037,35.66208503956371
-3152.6213106553296,0.0017337044840901603,-3961.436974164037,35.66208503956371
-3151.210605302653,0.0017337044840901603,-3961.436974164037,35.66208503956371
-3149.7998999499773,0.0017337044840901603,-3961.436974164037,35.66208503956371
-3148.3891945973005,0.0017337044840901603,-3961.436974164037,35.66208503956371
-3146.9784892446246,0.0017337044840901603,-3961.436974164037,35.66208503956371
-3145.567783891948,0.0017337044840901603,-3961.436974164037,35.66208503956371
-3144.157078539272,0.0017337044840901603,-3961.436974164037,35.66208503956371
-3142.746373186595,0.0017337044840901603,-3961.436974164037,35.66208503956371
-3141.335667833919,0.0017337044840901603,-3961.436974164037,35.66208503956371
-3139.9249624812423,0.0017337044840901603,-3961.436974164037,35.66208503956371
-3138.5142571285664,0.0017337044840901603,-3961.436974164037,35.66208503956371
-3137.1035517758896,0.0017337044840901603,-3961.436974164037,35.66208503956371
-3135.6928464232137,0.0017337044840901603,-3961.436974164037,35.66208503956371
-3134.282141070537,0.0017337044840901603,-3961.436974164037,35.66208503956371
-3132.871435717861,0.0017337044840901603,-3961.436974164037,35.66208503956371
-3131.460730365184,0.0017337044840901603,-3961.436974164037,35.66208503956371
-3130.0500250125083,0.0017337044840901603,-3961.436974164037,35.66208503956371
-3128.6393196598324,0.0017337044840901603,-3961.436974164037,35.66208503956371
-3127.2286143071556,0.0017337044840901603,-3961.436974164037,35.66208503956371
-3125.8179089544797,0.0017337044840901603,-3961.436974164037,35.66208503956371
-3124.407203601803,0.0017337044840901603,-3961.436974164037,35.66208503956371
-3122.996498249127,0.0017337044840901603,-3961.436974164037,35.66208503956371
-3121.58579289645,0.0017337044840901603,-3961.436974164037,35.66208503956371
-3120.175087543774,0.0017337044840901603,-3961.436974164037,35.66208503956371
-3118.7643821910974,0.0017337044840901603,-3961.436974164037,35.66208503956371
-3117.3536768384215,0.0017337044840901603,-3961.436974164037,35.66208503956371
-3115.9429714857447,0.0017337044840901603,-3961.436974164037,35.66208503956371
-3114.532266133069,0.0017337044840901603,-3961.436974164037,35.66208503956371
-3113.121560780392,0.0017337044840901603,-3961.436974164037,35.66208503956371
-3111.710855427716,0.0017337044840901603,-3961.436974164037,35.66208503956371
-3110.3001500750393,0.0017337044840901603,-3961.436974164037,35.66208503956371
-3108.8894447223634,0.0017337044840901603,-3961.436974164037,35.66208503956371
-3107.478739369687,0.0017337044840901603,-3961.436974164037,35.66208503956371
-3106.0680340170106,0.0017337044840901603,-3961.436974164037,35.66208503956371
-3104.6573286643343,0.0017337044840901603,-3961.436974164037,35.66208503956371
-3103.246623311658,0.0017337044840901603,-3961.436974164037,35.66208503956371
-3101.8359179589816,0.0017337044840901603,-3961.436974164037,35.66208503956371
-3100.425212606305,0.0017337044840901603,-3961.436974164037,35.66208503956371
-3099.014507253629,0.0017337044840901603,-3961.436974164037,35.66208503956371
-3097.6038019009525,0.0017337044840901603,-3961.436974164037,35.66208503956371
-3096.193096548276,0.0017337044840901603,-3961.436974164037,35.66208503956371
-3094.7823911955998,0.0017337044840901603,-3961.436974164037,35.66208503956371
-3093.371685842924,0.0017337044840901603,-3961.436974164037,35.66208503956371
-3091.960980490247,0.0017337044840901603,-3961.436974164037,35.66208503956371
-3090.550275137571,0.0017337044840901603,-3961.436974164037,35.66208503956371
-3089.1395697848943,0.0017337044840901603,-3961.436974164037,35.66208503956371
-3087.7288644322184,0.0017337044840901603,-3961.436974164037,35.66208503956371
-3086.318159079542,0.0017337044840901603,-3961.436974164037,35.66208503956371
-3084.9074537268657,0.0017337044840901603,-3961.436974164037,35.66208503956371
-3083.4967483741893,0.0017337044840901603,-3961.436974164037,35.66208503956371
-3082.086043021513,0.0017337044840901603,-3961.436974164037,35.66208503956371
-3080.6753376688366,0.0017337044840901603,-3961.436974164037,35.66208503956371
-3079.2646323161603,0.0017337044840901603,-3961.436974164037,35.66208503956371
-3077.853926963484,0.0017337044840901603,-3961.436974164037,35.66208503956371
-3076.4432216108075,0.0017337044840901603,-3961.436974164037,35.66208503956371
-3075.032516258131,0.0017337044840901603,-3961.436974164037,35.66208503956371
-3073.621810905455,0.0017337044840901603,-3961.436974164037,35.66208503956371
-3072.2111055527785,0.0017337044840901603,-3961.436974164037,35.66208503956371
-3070.800400200102,0.0017337044840901603,-3961.436974164037,35.66208503956371
-3069.3896948474257,0.0017337044840901603,-3961.436974164037,35.66208503956371
-3067.9789894947494,0.0017337044840901603,-3961.436974164037,35.66208503956371
-3066.568284142073,0.0017337044840901603,-3961.436974164037,35.66208503956371
-3065.157578789397,0.0017337044840901603,-3961.436974164037,35.66208503956371
-3063.7468734367203,0.0017337044840901603,-3961.436974164037,35.66208503956371
-3062.3361680840444,0.0017337044840901603,-3961.436974164037,35.66208503956371
-3060.925462731368,0.0017337044840901603,-3961.436974164037,35.66208503956371
-3059.5147573786917,0.0017337044840901603,-3961.436974164037,35.66208503956371
-3058.1040520260153,0.0017337044840901603,-3961.436974164037,35.66208503956371
-3056.693346673339,0.0017337044840901603,-3961.436974164037,35.66208503956371
-3055.2826413206626,0.0017337044840901603,-3961.436974164037,35.66208503956371
-3053.8719359679862,0.0017337044840901603,-3961.436974164037,35.66208503956371
-3052.46123061531,0.0017337044840901603,-3961.436974164037,35.66208503956371
-3051.0505252626335,0.0017337044840901603,-3961.436974164037,35.66208503956371
-3049.639819909957,0.0017337044840901603,-3961.436974164037,35.66208503956371
-3048.229114557281,0.0017337044840901603,-3961.436974164037,35.66208503956371
-3046.8184092046044,0.0017337044840901603,-3961.436974164037,35.66208503956371
-3045.407703851928,0.0017337044840901603,-3961.436974164037,35.66208503956371
-3043.996998499252,0.0017337044840901603,-3961.436974164037,35.66208503956371
-3042.5862931465754,0.0017337044840901603,-3961.436974164037,35.66208503956371
-3041.1755877938995,0.0017337044840901603,-3961.436974164037,35.66208503956371
-3039.7648824412227,0.0017337044840901603,-3961.436974164037,35.66208503956371
-3038.3541770885467,0.0017337044840901603,-3961.436974164037,35.66208503956371
-3036.94347173587,0.0017337044840901603,-3961.436974164037,35.66208503956371
-3035.532766383194,0.0017337044840901603,-3961.436974164037,35.66208503956371
-3034.122061030517,0.0017337044840901603,-3961.436974164037,35.66208503956371
-3032.7113556778413,0.0017337044840901603,-3961.436974164037,35.66208503956371
-3031.3006503251645,0.0017337044840901603,-3961.436974164037,35.66208503956371
-3029.8899449724886,0.0017337044840901603,-3961.436974164037,35.66208503956371
-3028.479239619812,0.0017337044840901603,-3961.436974164037,35.66208503956371
-3027.068534267136,0.0017337044840901603,-3961.436974164037,35.66208503956371
-3025.6578289144595,0.0017337044840901603,-3961.436974164037,35.66208503956371
-3024.247123561783,0.0017337044840901603,-3961.436974164037,35.66208503956371
-3022.8364182091073,0.0017337044840901603,-3961.436974164037,35.66208503956371
-3021.4257128564304,0.0017337044840901603,-3961.436974164037,35.66208503956371
-3020.0150075037545,0.0017337044840901603,-3961.436974164037,35.66208503956371
-3018.6043021510777,0.0017337044840901603,-3961.436974164037,35.66208503956371
-3017.193596798402,0.0017337044840901603,-3961.436974164037,35.66208503956371
-3015.782891445725,0.0017337044840901603,-3961.436974164037,35.66208503956371
-3014.372186093049,0.0017337044840901603,-3961.436974164037,35.66208503956371
-3012.9614807403723,0.0017337044840901603,-3961.436974164037,35.66208503956371
-3011.5507753876964,0.0017337044840901603,-3961.436974164037,35.66208503956371
-3010.1400700350196,0.0017337044840901603,-3961.436974164037,35.66208503956371
-3008.7293646823437,0.0017337044840901603,-3961.436974164037,35.66208503956371
-3007.318659329667,0.0017337044840901603,-3961.436974164037,35.66208503956371
-3005.907953976991,0.0017337044840901603,-3961.436974164037,35.66208503956371
-3004.497248624314,0.0017337044840901603,-3961.436974164037,35.66208503956371
-3003.086543271638,0.0017337044840901603,-3961.436974164037,35.66208503956371
-3001.675837918962,0.0017337044840901603,-3961.436974164037,35.66208503956371
-3000.2651325662855,0.0017337044840901603,-3961.436974164037,35.66208503956371
-2998.8544272136096,0.0017337044840901603,-3961.436974164037,35.66208503956371
-2997.443721860933,0.0017337044840901603,-3961.436974164037,35.66208503956371
-2996.033016508257,0.0017337044840901603,-3961.436974164037,35.66208503956371
-2994.62231115558,0.0017337044840901603,-3961.436974164037,35.66208503956371
-2993.211605802904,0.0017337044840901603,-3961.436974164037,35.66208503956371
-2991.8009004502273,0.0017337044840901603,-3961.436974164037,35.66208503956371
-2990.3901950975514,0.0017337044840901603,-3961.436974164037,35.66208503956371
-2988.9794897448746,0.0017337044840901603,-3961.436974164037,35.66208503956371
-2987.5687843921987,0.0017337044840901603,-3961.436974164037,35.66208503956371
-2986.158079039522,0.0017337044840901603,-3961.436974164037,35.66208503956371
-2984.747373686846,0.0017337044840901603,-3961.436974164037,35.66208503956371
-2983.336668334169,0.0017337044840901603,-3961.436974164037,35.66208503956371
-2981.9259629814933,0.0017337044840901603,-3961.436974164037,35.66208503956371
-2980.515257628817,0.0017337044840901603,-3961.436974164037,35.66208503956371
-2979.1045522761406,0.0017337044840901603,-3961.436974164037,35.66208503956371
-2977.693846923464,0.0017337044840901603,-3961.436974164037,35.66208503956371
-2976.283141570788,0.0017337044840901603,-3961.436974164037,35.66208503956371
-2974.8724362181115,0.0017337044840901603,-3961.436974164037,35.66208503956371
-2973.461730865435,0.0017337044840901603,-3961.436974164037,35.66208503956371
-2972.0510255127588,0.0017337044840901603,-3961.436974164037,35.66208503956371
-2970.6403201600824,0.0017337044840901603,-3961.436974164037,35.66208503956371
-2969.229614807406,0.0017337044840901603,-3961.436974164037,35.66208503956371
-2967.8189094547297,0.0017337044840901603,-3961.436974164037,35.66208503956371
-2966.408204102054,0.0017337044840901603,-3961.436974164037,35.66208503956371
-2964.997498749377,0.0017337044840901603,-3961.436974164037,35.66208503956371
-2963.586793396701,0.0017337044840901603,-3961.436974164037,35.66208503956371
-2962.1760880440243,0.0017337044840901603,-3961.436974164037,35.66208503956371
-2960.7653826913483,0.0017337044840901603,-3961.436974164037,35.66208503956371
-2959.354677338672,0.0017337044840901603,-3961.436974164037,35.66208503956371
-2957.9439719859956,0.0017337044840901603,-3961.436974164037,35.66208503956371
-2956.5332666333193,0.0017337044840901603,-3961.436974164037,35.66208503956371
-2955.122561280643,0.0017337044840901603,-3961.436974164037,35.66208503956371
-2953.7118559279666,0.0017337044840901603,-3961.436974164037,35.66208503956371
-2952.30115057529,0.0017337044840901603,-3961.436974164037,35.66208503956371
-2950.890445222614,0.0017337044840901603,-3961.436974164037,35.66208503956371
-2949.4797398699375,0.0017337044840901603,-3961.436974164037,35.66208503956371
-2948.069034517261,0.0017337044840901603,-3961.436974164037,35.66208503956371
-2946.6583291645848,0.0017337044840901603,-3961.436974164037,35.66208503956371
-2945.2476238119084,0.0017337044840901603,-3961.436974164037,35.66208503956371
-2943.836918459232,0.0017337044840901603,-3961.436974164037,35.66208503956371
-2942.4262131065557,0.0017337044840901603,-3961.436974164037,35.66208503956371
-2941.0155077538793,0.0017337044840901603,-3961.436974164037,35.66208503956371
-2939.604802401203,0.0017337044840901603,-3961.436974164037,35.66208503956371
-2938.194097048527,0.0017337044840901603,-3961.436974164037,35.66208503956371
-2936.7833916958502,0.0017337044840901603,-3961.436974164037,35.66208503956371
-2935.3726863431743,0.0017337044840901603,-3961.436974164037,35.66208503956371
-2933.9619809904975,0.0017337044840901603,-3961.436974164037,35.66208503956371
-2932.5512756378216,0.0017337044840901603,-3961.436974164037,35.66208503956371
-2931.1405702851453,0.0017337044840901603,-3961.436974164037,35.66208503956371
-2929.729864932469,0.0017337044840901603,-3961.436974164037,35.66208503956371
-2928.3191595797925,0.0017337044840901603,-3961.436974164037,35.66208503956371
-2926.908454227116,0.0017337044840901603,-3961.436974164037,35.66208503956371
-2925.49774887444,0.0017337044840901603,-3961.436974164037,35.66208503956371
-2924.0870435217635,0.0017337044840901603,-3961.436974164037,35.66208503956371
-2922.676338169087,0.0017337044840901603,-3961.436974164037,35.66208503956371
-2921.2656328164107,0.0017337044840901603,-3961.436974164037,35.66208503956371
-2919.8549274637344,0.0017337044840901603,-3961.436974164037,35.66208503956371
-2918.444222111058,0.0017337044840901603,-3961.436974164037,35.66208503956371
-2917.033516758382,0.0017337044840901603,-3961.436974164037,35.66208503956371
-2915.6228114057053,0.0017337044840901603,-3961.436974164037,35.66208503956371
-2914.2121060530294,0.0017337044840901603,-3961.436974164037,35.66208503956371
-2912.8014007003526,0.0017337044840901603,-3961.436974164037,35.66208503956371
-2911.3906953476767,0.0017337044840901603,-3961.436974164037,35.66208503956371
-2909.979989995,0.0017337044840901603,-3961.436974164037,35.66208503956371
-2908.569284642324,0.0017337044840901603,-3961.436974164037,35.66208503956371
-2907.158579289647,0.0017337044840901603,-3961.436974164037,35.66208503956371
-2905.7478739369712,0.0017337044840901603,-3961.436974164037,35.66208503956371
-2904.3371685842944,0.0017337044840901603,-3961.436974164037,35.66208503956371
-2902.9264632316185,0.0017337044840901603,-3961.436974164037,35.66208503956371
-2901.5157578789417,0.0017337044840901603,-3961.436974164037,35.66208503956371
-2900.105052526266,0.0017337044840901603,-3961.436974164037,35.66208503956371
-2898.6943471735894,0.0017337044840901603,-3961.436974164037,35.66208503956371
-2897.283641820913,0.0017337044840901603,-3961.436974164037,35.66208503956371
-2895.872936468237,0.0017337044840901603,-3961.436974164037,35.66208503956371
-2894.4622311155604,0.0017337044840901603,-3961.436974164037,35.66208503956371
-2893.0515257628845,0.0017337044840901603,-3961.436974164037,35.66208503956371
-2891.6408204102077,0.0017337044840901603,-3961.436974164037,35.66208503956371
-2890.2301150575317,0.0017337044840901603,-3961.436974164037,35.66208503956371
-2888.819409704855,0.0017337044840901603,-3961.436974164037,35.66208503956371
-2887.408704352179,0.0017337044840901603,-3961.436974164037,35.66208503956371
-2885.997998999502,0.0017337044840901603,-3961.436974164037,35.66208503956371
-2884.5872936468263,0.0017337044840901603,-3961.436974164037,35.66208503956371
-2883.1765882941495,0.0017337044840901603,-3961.436974164037,35.66208503956371
-2881.7658829414736,0.0017337044840901603,-3961.436974164037,35.66208503956371
-2880.355177588797,0.0017337044840901603,-3961.436974164037,35.66208503956371
-2878.944472236121,0.0017337044840901603,-3961.436974164037,35.66208503956371
-2877.5337668834445,0.0017337044840901603,-3961.436974164037,35.66208503956371
-2876.123061530768,0.0017337044840901603,-3961.436974164037,35.66208503956371
-2874.712356178092,0.0017337044840901603,-3961.436974164037,35.66208503956371
-2873.3016508254154,0.0017337044840901603,-3961.436974164037,35.66208503956371
-2871.890945472739,0.0017337044840901603,-3961.436974164037,35.66208503956371
-2870.4802401200627,0.0017337044840901603,-3961.436974164037,35.66208503956371
-2869.069534767387,0.0017337044840901603,-3961.436974164037,35.66208503956371
-2867.65882941471,0.0017337044840901603,-3961.436974164037,35.66208503956371
-2866.248124062034,0.0017337044840901603,-3961.436974164037,35.66208503956371
-2864.8374187093573,0.0017337044840901603,-3961.436974164037,35.66208503956371
-2863.4267133566814,0.0017337044840901603,-3961.436974164037,35.66208503956371
-2862.0160080040046,0.0017337044840901603,-3961.436974164037,35.66208503956371
-2860.6053026513287,0.0017337044840901603,-3961.436974164037,35.66208503956371
-2859.194597298652,0.0017337044840901603,-3961.436974164037,35.66208503956371
-2857.783891945976,0.0017337044840901603,-3961.436974164037,35.66208503956371
-2856.3731865932996,0.0017337044840901603,-3961.436974164037,35.66208503956371
-2854.962481240623,0.0017337044840901603,-3961.436974164037,35.66208503956371
-2853.551775887947,0.0017337044840901603,-3961.436974164037,35.66208503956371
-2852.1410705352705,0.0017337044840901603,-3961.436974164037,35.66208503956371
-2850.730365182594,0.0017337044840901603,-3961.436974164037,35.66208503956371
-2849.319659829918,0.0017337044840901603,-3961.436974164037,35.66208503956371
-2847.9089544772414,0.0017337044840901603,-3961.436974164037,35.66208503956371
-2846.498249124565,0.0017337044840901603,-3961.436974164037,35.66208503956371
-2845.0875437718887,0.0017337044840901603,-3961.436974164037,35.66208503956371
-2843.6768384192123,0.0017337044840901603,-3961.436974164037,35.66208503956371
-2842.266133066536,0.0017337044840901603,-3961.436974164037,35.66208503956371
-2840.8554277138596,0.0017337044840901603,-3961.436974164037,35.66208503956371
-2839.4447223611833,0.0017337044840901603,-3961.436974164037,35.66208503956371
-2838.034017008507,0.0017337044840901603,-3961.436974164037,35.66208503956371
-2836.623311655831,0.0017337044840901603,-3961.436974164037,35.66208503956371
-2835.2126063031546,0.0017337044840901603,-3961.436974164037,35.66208503956371
-2833.8019009504783,0.0017337044840901603,-3961.436974164037,35.66208503956371
-2832.391195597802,0.0017337044840901603,-3961.436974164037,35.66208503956371
-2830.9804902451256,0.0017337044840901603,-3961.436974164037,35.66208503956371
-2829.569784892449,0.0017337044840901603,-3961.436974164037,35.66208503956371
-2828.159079539773,0.0017337044840901603,-3961.436974164037,35.66208503956371
-2826.7483741870965,0.0017337044840901603,-3961.436974164037,35.66208503956371
-2825.33766883442,0.0017337044840901603,-3961.436974164037,35.66208503956371
-2823.9269634817438,0.0017337044840901603,-3961.436974164037,35.66208503956371
-2822.5162581290674,0.0017337044840901603,-3961.436974164037,35.66208503956371
-2821.105552776391,0.0017337044840901603,-3961.436974164037,35.66208503956371
-2819.6948474237147,0.0017337044840901603,-3961.436974164037,35.66208503956371
-2818.2841420710383,0.0017337044840901603,-3961.436974164037,35.66208503956371
-2816.873436718362,0.0017337044840901603,-3961.436974164037,35.66208503956371
-2815.4627313656856,0.0017337044840901603,-3961.436974164037,35.66208503956371
-2814.0520260130097,0.0017337044840901603,-3961.436974164037,35.66208503956371
-2812.641320660333,0.0017337044840901603,-3961.436974164037,35.66208503956371
-2811.230615307657,0.0017337044840901603,-3961.436974164037,35.66208503956371
-2809.81990995498,0.0017337044840901603,-3961.436974164037,35.66208503956371
-2808.4092046023043,0.0017337044840901603,-3961.436974164037,35.66208503956371
-2806.9984992496275,0.0017337044840901603,-3961.436974164037,35.66208503956371
-2805.5877938969516,0.0017337044840901603,-3961.436974164037,35.66208503956371
-2804.1770885442747,0.0017337044840901603,-3961.436974164037,35.66208503956371
-2802.766383191599,0.0017337044840901603,-3961.436974164037,35.66208503956371
-2801.3556778389225,0.0017337044840901603,-3961.436974164037,35.66208503956371
-2799.944972486246,0.0017337044840901603,-3961.436974164037,35.66208503956371
-2798.5342671335698,0.0017337044840901603,-3961.436974164037,35.66208503956371
-2797.1235617808934,0.0017337044840901603,-3961.436974164037,35.66208503956371
-2795.712856428217,0.0017337044840901603,-3961.436974164037,35.66208503956371
-2794.3021510755407,0.0017337044840901603,-3961.436974164037,35.66208503956371
-2792.891445722865,0.0017337044840901603,-3961.436974164037,35.66208503956371
-2791.480740370188,0.0017337044840901603,-3961.436974164037,35.66208503956371
-2790.070035017512,0.0017337044840901603,-3961.436974164037,35.66208503956371
-2788.6593296648352,0.0017337044840901603,-3961.436974164037,35.66208503956371
-2787.2486243121593,0.0017337044840901603,-3961.436974164037,35.66208503956371
-2785.8379189594825,0.0017337044840901603,-3961.436974164037,35.66208503956371
-2784.4272136068066,0.0017337044840901603,-3961.436974164037,35.66208503956371
-2783.01650825413,0.0017337044840901603,-3961.436974164037,35.66208503956371
-2781.605802901454,0.0017337044840901603,-3961.436974164037,35.66208503956371
-2780.195097548777,0.0017337044840901603,-3961.436974164037,35.66208503956371
-2778.784392196101,0.0017337044840901603,-3961.436974164037,35.66208503956371
-2777.3736868434244,0.0017337044840901603,-3961.436974164037,35.66208503956371
-2775.9629814907485,0.0017337044840901603,-3961.436974164037,35.66208503956371
-2774.5522761380716,0.0017337044840901603,-3961.436974164037,35.66208503956371
-2773.1415707853957,0.0017337044840901603,-3961.436974164037,35.66208503956371
-2771.73086543272,0.0017337044840901603,-3961.436974164037,35.66208503956371
-2770.320160080043,0.0017337044840901603,-3961.436974164037,35.66208503956371
-2768.909454727367,0.0017337044840901603,-3961.436974164037,35.66208503956371
-2767.4987493746903,0.0017337044840901603,-3961.436974164037,35.66208503956371
-2766.0880440220144,0.0017337044840901603,-3961.436974164037,35.66208503956371
-2764.6773386693376,0.0017337044840901603,-3961.436974164037,35.66208503956371
-2763.2666333166617,0.0017337044840901603,-3961.436974164037,35.66208503956371
-2761.855927963985,0.0017337044840901603,-3961.436974164037,35.66208503956371
-2760.445222611309,0.0017337044840901603,-3961.436974164037,35.66208503956371
-2759.034517258632,0.0017337044840901603,-3961.436974164037,35.66208503956371
-2757.6238119059562,0.0017337044840901603,-3961.436974164037,35.66208503956371
-2756.2131065532794,0.0017337044840901603,-3961.436974164037,35.66208503956371
-2754.8024012006035,0.0017337044840901603,-3961.436974164037,35.66208503956371
-2753.3916958479267,0.0017337044840901603,-3961.436974164037,35.66208503956371
-2751.980990495251,0.0017337044840901603,-3961.436974164037,35.66208503956371
-2750.5702851425744,0.0017337044840901603,-3961.436974164037,35.66208503956371
-2749.159579789898,0.0017337044840901603,-3961.436974164037,35.66208503956371
-2747.7488744372217,0.0017337044840901603,-3961.436974164037,35.66208503956371
-2746.3381690845454,0.0017337044840901603,-3961.436974164037,35.66208503956371
-2744.927463731869,0.0017337044840901603,-3961.436974164037,35.66208503956371
-2743.5167583791927,0.0017337044840901603,-3961.436974164037,35.66208503956371
-2742.1060530265167,0.0017337044840901603,-3961.436974164037,35.66208503956371
-2740.69534767384,0.0017337044840901603,-3961.436974164037,35.66208503956371
-2739.284642321164,0.0017337044840901603,-3961.436974164037,35.66208503956371
-2737.873936968487,0.0017337044840901603,-3961.436974164037,35.66208503956371
-2736.4632316158113,0.0017337044840901603,-3961.436974164037,35.66208503956371
-2735.0525262631345,0.0017337044840901603,-3961.436974164037,35.66208503956371
-2733.6418209104586,0.0017337044840901603,-3961.436974164037,35.66208503956371
-2732.231115557782,0.0017337044840901603,-3961.436974164037,35.66208503956371
-2730.820410205106,0.0017337044840901603,-3961.436974164037,35.66208503956371
-2729.4097048524295,0.0017337044840901603,-3961.436974164037,35.66208503956371
-2727.998999499753,0.0017337044840901603,-3961.436974164037,35.66208503956371
-2726.588294147077,0.0017337044840901603,-3961.436974164037,35.66208503956371
-2725.1775887944004,0.0017337044840901603,-3961.436974164037,35.66208503956371
-2723.766883441724,0.0017337044840901603,-3961.436974164037,35.66208503956371
-2722.3561780890477,0.0017337044840901603,-3961.436974164037,35.66208503956371
-2720.9454727363714,0.0017337044840901603,-3961.436974164037,35.66208503956371
-2719.534767383695,0.0017337044840901603,-3961.436974164037,35.66208503956371
-2718.1240620310186,0.0017337044840901603,-3961.436974164037,35.66208503956371
-2716.7133566783423,0.0017337044840901603,-3961.436974164037,35.66208503956371
-2715.302651325666,0.0017337044840901603,-3961.436974164037,35.66208503956371
-2713.8919459729896,0.0017337044840901603,-3961.436974164037,35.66208503956371
-2712.481240620313,0.0017337044840901603,-3961.436974164037,35.66208503956371
-2711.070535267637,0.0017337044840901603,-3961.436974164037,35.66208503956371
-2709.6598299149605,0.0017337044840901603,-3961.436974164037,35.66208503956371
-2708.2491245622846,0.0017337044840901603,-3961.436974164037,35.66208503956371
-2706.838419209608,0.0017337044840901603,-3961.436974164037,35.66208503956371
-2705.427713856932,0.0017337044840901603,-3961.436974164037,35.66208503956371
-2704.0170085042555,0.0017337044840901603,-3961.436974164037,35.66208503956371
-2702.606303151579,0.0017337044840901603,-3961.436974164037,35.66208503956371
-2701.195597798903,0.0017337044840901603,-3961.436974164037,35.66208503956371
-2699.7848924462264,0.0017337044840901603,-3961.436974164037,35.66208503956371
-2698.37418709355,0.0017337044840901603,-3961.436974164037,35.66208503956371
-2696.9634817408737,0.0017337044840901603,-3961.436974164037,35.66208503956371
-2695.5527763881973,0.0017337044840901603,-3961.436974164037,35.66208503956371
-2694.142071035521,0.0017337044840901603,-3961.436974164037,35.66208503956371
-2692.7313656828446,0.0017337044840901603,-3961.436974164037,35.66208503956371
-2691.3206603301683,0.0017337044840901603,-3961.436974164037,35.66208503956371
-2689.909954977492,0.0017337044840901603,-3961.436974164037,35.66208503956371
-2688.4992496248155,0.0017337044840901603,-3961.436974164037,35.66208503956371
-2687.0885442721396,0.0017337044840901603,-3961.436974164037,35.66208503956371
-2685.677838919463,0.0017337044840901603,-3961.436974164037,35.66208503956371
-2684.267133566787,0.0017337044840901603,-3961.436974164037,35.66208503956371
-2682.85642821411,0.0017337044840901603,-3961.436974164037,35.66208503956371
-2681.445722861434,0.0017337044840901603,-3961.436974164037,35.66208503956371
-2680.0350175087574,0.0017337044840901603,-3961.436974164037,35.66208503956371
-2678.6243121560815,0.0017337044840901603,-3961.436974164037,35.66208503956371
-2677.2136068034047,0.0017337044840901603,-3961.436974164037,35.66208503956371
-2675.8029014507288,0.0017337044840901603,-3961.436974164037,35.66208503956371
-2674.3921960980524,0.0017337044840901603,-3961.436974164037,35.66208503956371
-2672.981490745376,0.0017337044840901603,-3961.436974164037,35.66208503956371
-2671.5707853926997,0.0017337044840901603,-3961.436974164037,35.66208503956371
-2670.1600800400233,0.0017337044840901603,-3961.436974164037,35.66208503956371
-2668.749374687347,0.0017337044840901603,-3961.436974164037,35.66208503956371
-2667.3386693346706,0.0017337044840901603,-3961.436974164037,35.66208503956371
-2665.9279639819947,0.0017337044840901603,-3961.436974164037,35.66208503956371
-2664.517258629318,0.0017337044840901603,-3961.436974164037,35.66208503956371
-2663.106553276642,0.0017337044840901603,-3961.436974164037,35.66208503956371
-2661.695847923965,0.0017337044840901603,-3961.436974164037,35.66208503956371
-2660.2851425712893,0.0017337044840901603,-3961.436974164037,35.66208503956371
-2658.8744372186125,0.0017337044840901603,-3961.436974164037,35.66208503956371
-2657.4637318659366,0.0017337044840901603,-3961.436974164037,35.66208503956371
-2656.0530265132597,0.0017337044840901603,-3961.436974164037,35.66208503956371
-2654.642321160584,0.0017337044840901603,-3961.436974164037,35.66208503956371
-2653.231615807907,0.0017337044840901603,-3961.436974164037,35.66208503956371
-2651.820910455231,0.0017337044840901603,-3961.436974164037,35.66208503956371
-2650.4102051025543,0.0017337044840901603,-3961.436974164037,35.66208503956371
-2648.9994997498784,0.0017337044840901603,-3961.436974164037,35.66208503956371
-2647.5887943972016,0.0017337044840901603,-3961.436974164037,35.66208503956371
-2646.1780890445257,0.0017337044840901603,-3961.436974164037,35.66208503956371
-2644.76738369185,0.0017337044840901603,-3961.436974164037,35.66208503956371
-2643.356678339173,0.0017337044840901603,-3961.436974164037,35.66208503956371
-2641.945972986497,0.0017337044840901603,-3961.436974164037,35.66208503956371
-2640.5352676338202,0.0017337044840901603,-3961.436974164037,35.66208503956371
-2639.1245622811443,0.0017337044840901603,-3961.436974164037,35.66208503956371
-2637.7138569284675,0.0017337044840901603,-3961.436974164037,35.66208503956371
-2636.3031515757916,0.0017337044840901603,-3961.436974164037,35.66208503956371
-2634.892446223115,0.0017337044840901603,-3961.436974164037,35.66208503956371
-2633.481740870439,0.0017337044840901603,-3961.436974164037,35.66208503956371
-2632.071035517762,0.0017337044840901603,-3961.436974164037,35.66208503956371
-2630.660330165086,0.0017337044840901603,-3961.436974164037,35.66208503956371
-2629.2496248124094,0.0017337044840901603,-3961.436974164037,35.66208503956371
-2627.8389194597335,0.0017337044840901603,-3961.436974164037,35.66208503956371
-2626.428214107057,0.0017337044840901603,-3961.436974164037,35.66208503956371
-2625.0175087543807,0.0017337044840901603,-3961.436974164037,35.66208503956371
-2623.6068034017044,0.0017337044840901603,-3961.436974164037,35.66208503956371
-2622.196098049028,0.0017337044840901603,-3961.436974164037,35.66208503956371
-2620.7853926963517,0.0017337044840901603,-3961.436974164037,35.66208503956371
-2619.3746873436753,0.0017337044840901603,-3961.436974164037,35.66208503956371
-2617.963981990999,0.0017337044840901603,-3961.436974164037,35.66208503956371
-2616.5532766383226,0.0017337044840901603,-3961.436974164037,35.66208503956371
-2615.142571285646,0.0017337044840901603,-3961.436974164037,35.66208503956371
-2613.73186593297,0.0017337044840901603,-3961.436974164037,35.66208503956371
-2612.321160580294,0.0017337044840901603,-3961.436974164037,35.66208503956371
-2610.910455227617,0.0017337044840901603,-3961.436974164037,35.66208503956371
-2609.4997498749412,0.0017337044840901603,-3961.436974164037,35.66208503956371
-2608.0890445222644,0.0017337044840901603,-3961.436974164037,35.66208503956371
-2606.6783391695885,0.0017337044840901603,-3961.436974164037,35.66208503956371
-2605.267633816912,0.0017337044840901603,-3961.436974164037,35.66208503956371
-2603.856928464236,0.0017337044840901603,-3961.436974164037,35.66208503956371
-2602.4462231115594,0.0017337044840901603,-3961.436974164037,35.66208503956371
-2601.035517758883,0.0017337044840901603,-3961.436974164037,35.66208503956371
-2599.6248124062067,0.0017337044840901603,-3961.436974164037,35.66208503956371
-2598.2141070535304,0.0017337044840901603,-3961.436974164037,35.66208503956371
-2596.803401700854,0.0017337044840901603,-3961.436974164037,35.66208503956371
-2595.3926963481777,0.0017337044840901603,-3961.436974164037,35.66208503956371
-2593.9819909955013,0.0017337044840901603,-3961.436974164037,35.66208503956371
-2592.571285642825,0.0017337044840901603,-3961.436974164037,35.66208503956371
-2591.1605802901486,0.0017337044840901603,-3961.436974164037,35.66208503956371
-2589.749874937472,0.0017337044840901603,-3961.436974164037,35.66208503956371
-2588.339169584796,0.0017337044840901603,-3961.436974164037,35.66208503956371
-2586.9284642321195,0.0017337044840901603,-3961.436974164037,35.66208503956371
-2585.517758879443,0.0017337044840901603,-3961.436974164037,35.66208503956371
-2584.1070535267672,0.0017337044840901603,-3961.436974164037,35.66208503956371
-2582.6963481740904,0.0017337044840901603,-3961.436974164037,35.66208503956371
-2581.2856428214145,0.0017337044840901603,-3961.436974164037,35.66208503956371
-2579.8749374687377,0.0017337044840901603,-3961.436974164037,35.66208503956371
-2578.464232116062,0.0017337044840901603,-3961.436974164037,35.66208503956371
-2577.0535267633854,0.0017337044840901603,-3961.436974164037,35.66208503956371
-2575.642821410709,0.0017337044840901603,-3961.436974164037,35.66208503956371
-2574.2321160580327,0.0017337044840901603,-3961.436974164037,35.66208503956371
-2572.8214107053564,0.0017337044840901603,-3961.436974164037,35.66208503956371
-2571.41070535268,0.0017337044840901603,-3961.436974164037,35.66208503956371
-2570.0000000000036,0.0017337044840901603,-3961.436974164037,35.66208503956371
