detuning,transfer,Eb,e_Eb
-5979.999999999999,-0.0006935229182270535,-3949.6218090747698,18.989743637750568
-5977.9989994997495,-0.0006935229182270535,-3949.6218090747698,18.989743637750568
-5975.997998999498,-0.0006935229182270535,-3949.6218090747698,18.989743637750568
-5973.996998499249,-0.0006935229182270535,-3949.6218090747698,18.989743637750568
-5971.995997998999,-0.0006935229182270535,-3949.6218090747698,18.989743637750568
-5969.9949974987485,-0.0006935229182270535,-3949.6218090747698,18.989743637750568
-5967.993996998498,-0.0006935229182270535,-3949.6218090747698,18.989743637750568
-5965.992996498248,-0.0006935229182270535,-3949.6218090747698,18.989743637750568
-5963.991995997998,-0.0006935229182270535,-3949.6218090747698,18.989743637750568
-5961.990995497748,-0.0006935229182270535,-3949.6218090747698,18.989743637750568
-5959.989994997498,-0.0006935229182270535,-3949.6218090747698,18.989743637750568
-5957.988994497247,-0.0006935229182270535,-3949.6218090747698,18.989743637750568
-5955.987993996998,-0.0006935229182270535,-3949.6218090747698,18.989743637750568
-5953.986993496748,-0.0006935229182270535,-3949.6218090747698,18.989743637750568
-5951.985992996497,-0.0006935229182270535,-3949.6218090747698,18.989743637750568
-5949.984992496247,-0.0006935229182270535,-3949.6218090747698,18.989743637750568
-5947.983991995997,-0.0006935229182270535,-3949.6218090747698,18.989743637750568
-5945.982991495747,-0.0006935229182270535,-3949.6218090747698,18.989743637750568
-5943.981990995497,-0.0006935229182270535,-3949.6218090747698,18.989743637750568
-5941.980990495246,-0.0006935229182270535,-3949.6218090747698,18.989743637750568
-5939.979989994997,-0.0006935229182270535,-3949.6218090747698,18.989743637750568
-5937.978989494747,-0.0006935229182270535,-3949.6218090747698,18.989743637750568
-5935.977988994496,-0.0006935229182270535,-3949.6218090747698,18.989743637750568
-5933.976988494246,-0.0006935229182270535,-3949.6218090747698,18.989743637750568
-5931.975987993997,-0.0006935229182270535,-3949.6218090747698,18.989743637750568
-5929.974987493745,-0.0006935229182270535,-3949.6218090747698,18.989743637750568
-5927.973986993496,-0.0006935229182270535,-3949.6218090747698,18.989743637750568
-5925.972986493246,-0.0006935229182270535,-3949.6218090747698,18.989743637750568
-5923.9719859929955,-0.0006935229182270535,-3949.6218090747698,18.989743637750568
-5921.970985492745,-0.0006935229182270535,-3949.6218090747698,18.989743637750568
-5919.9699849924955,-0.0006935229182270535,-3949.6218090747698,18.989743637750568
-5917.968984492245,-0.0006935229182270535,-3949.6218090747698,18.989743637750568
-5915.967983991995,-0.0006935229182270535,-3949.6218090747698,18.989743637750568
-5913.966983491745,-0.0006935229182270535,-3949.6218090747698,18.989743637750568
-5911.9659829914945,-0.0006935229182270535,-3949.6218090747698,18.989743637750568
-5909.964982491245,-0.0006935229182270535,-3949.6218090747698,18.989743637750568
-5907.963981990995,-0.0006935229182270535,-3949.6218090747698,18.989743637750568
-5905.962981490744,-0.0006935229182270535,-3949.6218090747698,18.989743637750568
-5903.961980990494,-0.0006935229182270535,-3949.6218090747698,18.989743637750568
-5901.960980490245,-0.0006935229182270535,-3949.6218090747698,18.989743637750568
-5899.959979989994,-0.0006935229182270535,-3949.6218090747698,18.989743637750568
-5897.958979489744,-0.0006935229182270535,-3949.6218090747698,18.989743637750568
-5895.957978989494,-0.0006935229182270535,-3949.6218090747698,18.989743637750568
-5893.956978489244,-0.0006935229182270535,-3949.6218090747698,18.989743637750568
-5891.955977988994,-0.0006935229182270535,-3949.6218090747698,18.989743637750568
-5889.954977488743,-0.0006935229182270535,-3949.6218090747698,18.989743637750568
-5887.953976988493,-0.0006935229182270535,-3949.6218090747698,18.989743637750568
-5885.952976488244,-0.0006935229182270535,-3949.6218090747698,18.989743637750568
-5883.951975987993,-0.0006935229182270535,-3949.6218090747698,18.989743637750568
-5881.950975487743,-0.0006935229182270535,-3949.6218090747698,18.989743637750568
-5879.949974987493,-0.0006935229182270535,-3949.6218090747698,18.989743637750568
-5877.948974487243,-0.0006935229182270535,-3949.6218090747698,18.989743637750568
-5875.947973986992,-0.0006935229182270535,-3949.6218090747698,18.989743637750568
-5873.9469734867425,-0.0006935229182270535,-3949.6218090747698,18.989743637750568
-5871.945972986492,-0.0006935229182270535,-3949.6218090747698,18.989743637750568
-5869.9449724862425,-0.0006935229182270535,-3949.6218090747698,18.989743637750568
-5867.943971985992,-0.0006935229182270535,-3949.6218090747698,18.989743637750568
-5865.9429714857415,-0.0006935229182270535,-3949.6218090747698,18.989743637750568
-5863.941970985492,-0.0006935229182270535,-3949.6218090747698,18.989743637750568
-5861.940970485242,-0.0006935229182270535,-3949.6218090747698,18.989743637750568
-5859.939969984991,-0.0006935229182270535,-3949.6218090747698,18.989743637750568
-5857.938969484741,-0.0006935229182270535,-3949.6218090747698,18.989743637750568
-5855.937968984492,-0.0006935229182270535,-3949.6218090747698,18.989743637750568
-5853.936968484241,-0.0006935229182270535,-3949.6218090747698,18.989743637750568
-5851.935967983991,-0.0006935229182270535,-3949.6218090747698,18.989743637750568
-5849.934967483741,-0.0006935229182270535,-3949.6218090747698,18.989743637750568
-5847.933966983491,-0.0006935229182270535,-3949.6218090747698,18.989743637750568
-5845.932966483241,-0.0006935229182270535,-3949.6218090747698,18.989743637750568
-5843.931965982991,-0.0006935229182270535,-3949.6218090747698,18.989743637750568
-5841.93096548274,-0.0006935229182270535,-3949.6218090747698,18.989743637750568
-5839.929964982491,-0.0006935229182270535,-3949.6218090747698,18.989743637750568
-5837.928964482239,-0.0006935229182270535,-3949.6218090747698,18.989743637750568
-5835.92796398199,-0.0006935229182270535,-3949.6218090747698,18.989743637750568
-5833.92696348174,-0.0006935229182270535,-3949.6218090747698,18.989743637750568
-5831.925962981491,-0.0006935229182270535,-3949.6218090747698,18.989743637750568
-5829.924962481239,-0.0006935229182270535,-3949.6218090747698,18.989743637750568
-5827.92396198099,-0.0006935229182270535,-3949.6218090747698,18.989743637750568
-5825.922961480739,-0.0006935229182270535,-3949.6218090747698,18.989743637750568
-5823.9219609804895,-0.0006935229182270535,-3949.6218090747698,18.989743637750568
-5821.920960480239,-0.0006935229182270535,-3949.6218090747698,18.989743637750568
-5819.919959979989,-0.0006935229182270535,-3949.6218090747698,18.989743637750568
-5817.918959479739,-0.0006935229182270535,-3949.6218090747698,18.989743637750568
-5815.917958979489,-0.0006935229182270535,-3949.6218090747698,18.989743637750568
-5813.916958479238,-0.0006935229182270535,-3949.6218090747698,18.989743637750568
-5811.915957978988,-0.0006935229182270535,-3949.6218090747698,18.989743637750568
-5809.914957478739,-0.0006935229182270535,-3949.6218090747698,18.989743637750568
-5807.913956978488,-0.0006935229182270535,-3949.6218090747698,18.989743637750568
-5805.912956478238,-0.0006935229182270535,-3949.6218090747698,18.989743637750568
-5803.911955977988,-0.0006935229182270535,-3949.6218090747698,18.989743637750568
-5801.910955477738,-0.0006935229182270535,-3949.6218090747698,18.989743637750568
-5799.909954977488,-0.0006935229182270535,-3949.6218090747698,18.989743637750568
-5797.908954477238,-0.0006935229182270535,-3949.6218090747698,18.989743637750568
-5795.907953976987,-0.0006935229182270535,-3949.6218090747698,18.989743637750568
-5793.906953476738,-0.0006935229182270535,-3949.6218090747698,18.989743637750568
-5791.905952976488,-0.0006935229182270535,-3949.6218090747698,18.989743637750568
-5789.904952476237,-0.0006935229182270535,-3949.6218090747698,18.989743637750568
-5787.903951975987,-0.0006935229182270535,-3949.6218090747698,18.989743637750568
-5785.902951475738,-0.0006935229182270535,-3949.6218090747698,18.989743637750568
-5783.901950975486,-0.0006935229182270535,-3949.6218090747698,18.989743637750568
-5781.900950475237,-0.0006935229182270535,-3949.6218090747698,18.989743637750568
-5779.899949974987,-0.0006935229182270535,-3949.6218090747698,18.989743637750568
-5777.898949474737,-0.0006935229182270535,-3949.6218090747698,18.989743637750568
-5775.897948974486,-0.0006935229182270535,-3949.6218090747698,18.989743637750568
-5773.896948474236,-0.0006935229182270535,-3949.6218090747698,18.989743637750568
-5771.895947973986,-0.0006935229182270535,-3949.6218090747698,18.989743637750568
-5769.8949474737365,-0.0006935229182270535,-3949.6218090747698,18.989743637750568
-5767.893946973485,-0.0006935229182270535,-3949.6218090747698,18.989743637750568
-5765.8929464732355,-0.0006935229182270535,-3949.6218090747698,18.989743637750568
-5763.891945972986,-0.0006935229182270535,-3949.6218090747698,18.989743637750568
-5761.890945472735,-0.0006935229182270535,-3949.6218090747698,18.989743637750568
-5759.889944972485,-0.0006935229182270535,-3949.6218090747698,18.989743637750568
-5757.888944472235,-0.0006935229182270535,-3949.6218090747698,18.989743637750568
-5755.887943971985,-0.0006935229182270535,-3949.6218090747698,18.989743637750568
-5753.886943471735,-0.0006935229182270535,-3949.6218090747698,18.989743637750568
-5751.885942971485,-0.0006935229182270535,-3949.6218090747698,18.989743637750568
-5749.884942471234,-0.0006935229182270535,-3949.6218090747698,18.989743637750568
-5747.883941970985,-0.0006935229182270535,-3949.6218090747698,18.989743637750568
-5745.882941470735,-0.0006935229182270535,-3949.6218090747698,18.989743637750568
-5743.881940970484,-0.0006935229182270535,-3949.6218090747698,18.989743637750568
-5741.880940470234,-0.0006935229182270535,-3949.6218090747698,18.989743637750568
-5739.879939969985,-0.0006935229182270535,-3949.6218090747698,18.989743637750568
-5737.878939469733,-0.0006935229182270535,-3949.6218090747698,18.989743637750568
-5735.877938969484,-0.0006935229182270535,-3949.6218090747698,18.989743637750568
-5733.876938469234,-0.0006935229182270535,-3949.6218090747698,18.989743637750568
-5731.875937968984,-0.0006935229182270535,-3949.6218090747698,18.989743637750568
-5729.874937468733,-0.0006935229182270535,-3949.6218090747698,18.989743637750568
-5727.873936968484,-0.0006935229182270535,-3949.6218090747698,18.989743637750568
-5725.872936468233,-0.0006935229182270535,-3949.6218090747698,18.989743637750568
-5723.8719359679835,-0.0006935229182270535,-3949.6218090747698,18.989743637750568
-5721.870935467733,-0.0006935229182270535,-3949.6218090747698,18.989743637750568
-5719.869934967483,-0.0006935229182270535,-3949.6218090747698,18.989743637750568
-5717.868934467233,-0.0006935229182270535,-3949.6218090747698,18.989743637750568
-5715.867933966983,-0.0006935229182270535,-3949.6218090747698,18.989743637750568
-5713.866933466732,-0.0006935229182270535,-3949.6218090747698,18.989743637750568
-5711.865932966482,-0.0006935229182270535,-3949.6218090747698,18.989743637750568
-5709.864932466232,-0.0006935229182270535,-3949.6218090747698,18.989743637750568
-5707.863931965982,-0.0006935229182270535,-3949.6218090747698,18.989743637750568
-5705.862931465732,-0.0006935229182270535,-3949.6218090747698,18.989743637750568
-5703.861930965481,-0.0006935229182270535,-3949.6218090747698,18.989743637750568
-5701.860930465232,-0.0006935229182270535,-3949.6218090747698,18.989743637750568
-5699.859929964982,-0.0006935229182270535,-3949.6218090747698,18.989743637750568
-5697.858929464731,-0.0006935229182270535,-3949.6218090747698,18.989743637750568
-5695.857928964481,-0.0006935229182270535,-3949.6218090747698,18.989743637750568
-5693.856928464232,-0.0006935229182270535,-3949.6218090747698,18.989743637750568
-5691.85592796398,-0.0006935229182270535,-3949.6218090747698,18.989743637750568
-5689.854927463731,-0.0006935229182270535,-3949.6218090747698,18.989743637750568
-5687.853926963481,-0.0006935229182270535,-3949.6218090747698,18.989743637750568
-5685.852926463231,-0.0006935229182270535,-3949.6218090747698,18.989743637750568
-5683.85192596298,-0.0006935229182270535,-3949.6218090747698,18.989743637750568
-5681.850925462731,-0.0006935229182270535,-3949.6218090747698,18.989743637750568
-5679.84992496248,-0.0006935229182270535,-3949.6218090747698,18.989743637750568
-5677.848924462231,-0.0006935229182270535,-3949.6218090747698,18.989743637750568
-5675.84792396198,-0.0006935229182270535,-3949.6218090747698,18.989743637750568
-5673.84692346173,-0.0006935229182270535,-3949.6218090747698,18.989743637750568
-5671.84592296148,-0.0006935229182270535,-3949.6218090747698,18.989743637750568
-5669.84492246123,-0.0006935229182270535,-3949.6218090747698,18.989743637750568
-5667.843921960979,-0.0006935229182270535,-3949.6218090747698,18.989743637750568
-5665.8429214607295,-0.0006935229182270535,-3949.6218090747698,18.989743637750568
-5663.84192096048,-0.0006935229182270535,-3949.6218090747698,18.989743637750568
-5661.840920460229,-0.0006935229182270535,-3949.6218090747698,18.989743637750568
-5659.839919959979,-0.0006935229182270535,-3949.6218090747698,18.989743637750568
-5657.838919459729,-0.0006935229182270535,-3949.6218090747698,18.989743637750568
-5655.837918959479,-0.0006935229182270535,-3949.6218090747698,18.989743637750568
-5653.836918459229,-0.0006935229182270535,-3949.6218090747698,18.989743637750568
-5651.835917958978,-0.0006935229182270535,-3949.6218090747698,18.989743637750568
-5649.834917458728,-0.0006935229182270535,-3949.6218090747698,18.989743637750568
-5647.833916958479,-0.0006935229182270535,-3949.6218090747698,18.989743637750568
-5645.832916458228,-0.0006935229182270535,-3949.6218090747698,18.989743637750568
-5643.831915957978,-0.0006935229182270535,-3949.6218090747698,18.989743637750568
-5641.830915457728,-0.0006935229182270535,-3949.6218090747698,18.989743637750568
-5639.829914957478,-0.0006935229182270535,-3949.6218090747698,18.989743637750568
-5637.828914457227,-0.0006935229182270535,-3949.6218090747698,18.989743637750568
-5635.827913956978,-0.0006935229182270535,-3949.6218090747698,18.989743637750568
-5633.826913456727,-0.0006935229182270535,-3949.6218090747698,18.989743637750568
-5631.825912956478,-0.0006935229182270535,-3949.6218090747698,18.989743637750568
-5629.824912456227,-0.0006935229182270535,-3949.6218090747698,18.989743637750568
-5627.823911955977,-0.0006935229182270535,-3949.6218090747698,18.989743637750568
-5625.822911455727,-0.0006935229182270535,-3949.6218090747698,18.989743637750568
-5623.8219109554775,-0.0006935229182270535,-3949.6218090747698,18.989743637750568
-5621.820910455226,-0.0006935229182270535,-3949.6218090747698,18.989743637750568
-5619.8199099549765,-0.0006935229182270535,-3949.6218090747698,18.989743637750568
-5617.818909454727,-0.0006935229182270535,-3949.6218090747698,18.989743637750568
-5615.8179089544765,-0.0006935229182270535,-3949.6218090747698,18.989743637750568
-5613.816908454226,-0.0006935229182270535,-3949.6218090747698,18.989743637750568
-5611.815907953976,-0.0006935229182270535,-3949.6218090747698,18.989743637750568
-5609.814907453726,-0.0006935229182270535,-3949.6218090747698,18.989743637750568
-5607.813906953476,-0.0006935229182270535,-3949.6218090747698,18.989743637750568
-5605.812906453226,-0.0006935229182270535,-3949.6218090747698,18.989743637750568
-5603.811905952975,-0.0006935229182270535,-3949.6218090747698,18.989743637750568
-5601.810905452726,-0.0006935229182270535,-3949.6218090747698,18.989743637750568
-5599.809904952474,-0.0006935229182270535,-3949.6218090747698,18.989743637750568
-5597.808904452225,-0.0006935229182270535,-3949.6218090747698,18.989743637750568
-5595.807903951975,-0.0006935229182270535,-3949.6218090747698,18.989743637750568
-5593.806903451726,-0.0006935229182270535,-3949.6218090747698,18.989743637750568
-5591.805902951474,-0.0006935229182270535,-3949.6218090747698,18.989743637750568
-5589.804902451225,-0.0006935229182270535,-3949.6218090747698,18.989743637750568
-5587.803901950974,-0.0006935229182270535,-3949.6218090747698,18.989743637750568
-5585.802901450725,-0.0006935229182270535,-3949.6218090747698,18.989743637750568
-5583.801900950474,-0.0006935229182270535,-3949.6218090747698,18.989743637750568
-5581.800900450224,-0.0006935229182270535,-3949.6218090747698,18.989743637750568
-5579.799899949974,-0.0006935229182270535,-3949.6218090747698,18.989743637750568
-5577.798899449725,-0.0006935229182270535,-3949.6218090747698,18.989743637750568
-5575.797898949473,-0.0006935229182270535,-3949.6218090747698,18.989743637750568
-5573.796898449224,-0.0006935229182270535,-3949.6218090747698,18.989743637750568
-5571.795897948974,-0.0006935229182270535,-3949.6218090747698,18.989743637750568
-5569.7948974487235,-0.0006935229182270535,-3949.6218090747698,18.989743637750568
-5567.793896948473,-0.0006935229182270535,-3949.6218090747698,18.989743637750568
-5565.7928964482235,-0.0006935229182270535,-3949.6218090747698,18.989743637750568
-5563.791895947973,-0.0006935229182270535,-3949.6218090747698,18.989743637750568
-5561.790895447723,-0.0006935229182270535,-3949.6218090747698,18.989743637750568
-5559.789894947473,-0.0006935229182270535,-3949.6218090747698,18.989743637750568
-5557.788894447222,-0.0006935229182270535,-3949.6218090747698,18.989743637750568
-5555.787893946973,-0.0006935229182270535,-3949.6218090747698,18.989743637750568
-5553.786893446723,-0.0006935229182270535,-3949.6218090747698,18.989743637750568
-5551.785892946472,-0.0006935229182270535,-3949.6218090747698,18.989743637750568
-5549.784892446222,-0.0006935229182270535,-3949.6218090747698,18.989743637750568
-5547.783891945973,-0.0006935229182270535,-3949.6218090747698,18.989743637750568
-5545.782891445721,-0.0006935229182270535,-3949.6218090747698,18.989743637750568
-5543.781890945472,-0.0006935229182270535,-3949.6218090747698,18.989743637750568
-5541.780890445222,-0.0006935229182270535,-3949.6218090747698,18.989743637750568
-5539.779889944972,-0.0006935229182270535,-3949.6218090747698,18.989743637750568
-5537.778889444721,-0.0006935229182270535,-3949.6218090747698,18.989743637750568
-5535.777888944471,-0.0006935229182270535,-3949.6218090747698,18.989743637750568
-5533.776888444221,-0.0006935229182270535,-3949.6218090747698,18.989743637750568
-5531.775887943972,-0.0006935229182270535,-3949.6218090747698,18.989743637750568
-5529.77488744372,-0.0006935229182270535,-3949.6218090747698,18.989743637750568
-5527.773886943471,-0.0006935229182270535,-3949.6218090747698,18.989743637750568
-5525.772886443221,-0.0006935229182270535,-3949.6218090747698,18.989743637750568
-5523.771885942971,-0.0006935229182270535,-3949.6218090747698,18.989743637750568
-5521.77088544272,-0.0006935229182270535,-3949.6218090747698,18.989743637750568
-5519.7698849424705,-0.0006935229182270535,-3949.6218090747698,18.989743637750568
-5517.76888444222,-0.0006935229182270535,-3949.6218090747698,18.989743637750568
-5515.7678839419705,-0.0006935229182270535,-3949.6218090747698,18.989743637750568
-5513.76688344172,-0.0006935229182270535,-3949.6218090747698,18.989743637750568
-5511.7658829414695,-0.0006935229182270535,-3949.6218090747698,18.989743637750568
-5509.76488244122,-0.0006935229182270535,-3949.6218090747698,18.989743637750568
-5507.763881940969,-0.0006935229182270535,-3949.6218090747698,18.989743637750568
-5505.762881440719,-0.0006935229182270535,-3949.6218090747698,18.989743637750568
-5503.761880940469,-0.0006935229182270535,-3949.6218090747698,18.989743637750568
-5501.76088044022,-0.0006935229182270535,-3949.6218090747698,18.989743637750568
-5499.759879939969,-0.0006935229182270535,-3949.6218090747698,18.989743637750568
-5497.758879439719,-0.0006935229182270535,-3949.6218090747698,18.989743637750568
-5495.757878939469,-0.0006935229182270535,-3949.6218090747698,18.989743637750568
-5493.756878439219,-0.0006935229182270535,-3949.6218090747698,18.989743637750568
-5491.755877938968,-0.0006935229182270535,-3949.6218090747698,18.989743637750568
-5489.754877438719,-0.0006935229182270535,-3949.6218090747698,18.989743637750568
-5487.753876938468,-0.0006935229182270535,-3949.6218090747698,18.989743637750568
-5485.752876438219,-0.0006935229182270535,-3949.6218090747698,18.989743637750568
-5483.751875937968,-0.0006935229182270535,-3949.6218090747698,18.989743637750568
-5481.750875437718,-0.0006935229182270535,-3949.6218090747698,18.989743637750568
-5479.749874937468,-0.0006935229182270535,-3949.6218090747698,18.989743637750568
-5477.748874437219,-0.0006935229182270535,-3949.6218090747698,18.989743637750568
-5475.747873936967,-0.0006935229182270535,-3949.6218090747698,18.989743637750568
-5473.746873436718,-0.0006935229182270535,-3949.6218090747698,18.989743637750568
-5471.745872936468,-0.0006935229182270535,-3949.6218090747698,18.989743637750568
-5469.7448724362175,-0.0006935229182270535,-3949.6218090747698,18.989743637750568
-5467.743871935967,-0.0006935229182270535,-3949.6218090747698,18.989743637750568
-5465.742871435717,-0.0006935229182270535,-3949.6218090747698,18.989743637750568
-5463.741870935467,-0.0006935229182270535,-3949.6218090747698,18.989743637750568
-5461.740870435217,-0.0006935229182270535,-3949.6218090747698,18.989743637750568
-5459.739869934966,-0.0006935229182270535,-3949.6218090747698,18.989743637750568
-5457.738869434716,-0.0006935229182270535,-3949.6218090747698,18.989743637750568
-5455.737868934467,-0.0006935229182270535,-3949.6218090747698,18.989743637750568
-5453.7368684342155,-0.0006935229182270535,-3949.6218090747698,18.989743637750568
-5451.735867933966,-0.0006935229182270535,-3949.6218090747698,18.989743637750568
-5449.734867433716,-0.0006935229182270535,-3949.6218090747698,18.989743637750568
-5447.733866933466,-0.0006935229182270535,-3949.6218090747698,18.989743637750568
-5445.732866433215,-0.0006935229182270535,-3949.6218090747698,18.989743637750568
-5443.731865932966,-0.0006935229182270535,-3949.6218090747698,18.989743637750568
-5441.730865432715,-0.0006935229182270535,-3949.6218090747698,18.989743637750568
-5439.729864932466,-0.0006935229182270535,-3949.6218090747698,18.989743637750568
-5437.728864432215,-0.0006935229182270535,-3949.6218090747698,18.989743637750568
-5435.727863931965,-0.0006935229182270535,-3949.6218090747698,18.989743637750568
-5433.726863431715,-0.0006935229182270535,-3949.6218090747698,18.989743637750568
-5431.725862931466,-0.0006935229182270535,-3949.6218090747698,18.989743637750568
-5429.724862431214,-0.0006935229182270535,-3949.6218090747698,18.989743637750568
-5427.723861930965,-0.0006935229182270535,-3949.6218090747698,18.989743637750568
-5425.722861430715,-0.0006935229182270535,-3949.6218090747698,18.989743637750568
-5423.721860930465,-0.0006935229182270535,-3949.6218090747698,18.989743637750568
-5421.720860430214,-0.0006935229182270535,-3949.6218090747698,18.989743637750568
-5419.7198599299645,-0.0006935229182270535,-3949.6218090747698,18.989743637750568
-5417.718859429714,-0.0006935229182270535,-3949.6218090747698,18.989743637750568
-5415.717858929464,-0.0006935229182270535,-3949.6218090747698,18.989743637750568
-5413.716858429213,-0.0006935229182270535,-3949.6218090747698,18.989743637750568
-5411.7158579289635,-0.0006935229182270535,-3949.6218090747698,18.989743637750568
-5409.714857428714,-0.0006935229182270535,-3949.6218090747698,18.989743637750568
-5407.713856928464,-0.0006935229182270535,-3949.6218090747698,18.989743637750568
-5405.712856428213,-0.0006935229182270535,-3949.6218090747698,18.989743637750568
-5403.711855927963,-0.0006935229182270535,-3949.6218090747698,18.989743637750568
-5401.710855427713,-0.0006935229182270535,-3949.6218090747698,18.989743637750568
-5399.709854927462,-0.0006935229182270535,-3949.6218090747698,18.989743637750568
-5397.708854427213,-0.0006935229182270535,-3949.6218090747698,18.989743637750568
-5395.707853926962,-0.0006935229182270535,-3949.6218090747698,18.989743637750568
-5393.706853426713,-0.0006935229182270535,-3949.6218090747698,18.989743637750568
-5391.705852926462,-0.0006935229182270535,-3949.6218090747698,18.989743637750568
-5389.704852426212,-0.0006935229182270535,-3949.6218090747698,18.989743637750568
-5387.703851925962,-0.0006935229182270535,-3949.6218090747698,18.989743637750568
-5385.702851425713,-0.0006935229182270535,-3949.6218090747698,18.989743637750568
-5383.701850925461,-0.0006935229182270535,-3949.6218090747698,18.989743637750568
-5381.700850425212,-0.0006935229182270535,-3949.6218090747698,18.989743637750568
-5379.699849924962,-0.0006935229182270535,-3949.6218090747698,18.989743637750568
-5377.698849424712,-0.0006935229182270535,-3949.6218090747698,18.989743637750568
-5375.697848924461,-0.0006935229182270535,-3949.6218090747698,18.989743637750568
-5373.696848424212,-0.0006935229182270535,-3949.6218090747698,18.989743637750568
-5371.695847923961,-0.0006935229182270535,-3949.6218090747698,18.989743637750568
-5369.6948474237115,-0.0006935229182270535,-3949.6218090747698,18.989743637750568
-5367.693846923461,-0.0006935229182270535,-3949.6218090747698,18.989743637750568
-5365.6928464232105,-0.0006935229182270535,-3949.6218090747698,18.989743637750568
-5363.691845922961,-0.0006935229182270535,-3949.6218090747698,18.989743637750568
-5361.6908454227105,-0.0006935229182270535,-3949.6218090747698,18.989743637750568
-5359.68984492246,-0.0006935229182270535,-3949.6218090747698,18.989743637750568
-5357.68884442221,-0.0006935229182270535,-3949.6218090747698,18.989743637750568
-5355.687843921961,-0.0006935229182270535,-3949.6218090747698,18.989743637750568
-5353.68684342171,-0.0006935229182270535,-3949.6218090747698,18.989743637750568
-5351.68584292146,-0.0006935229182270535,-3949.6218090747698,18.989743637750568
-5349.684842421209,-0.0006935229182270535,-3949.6218090747698,18.989743637750568
-5347.68384192096,-0.0006935229182270535,-3949.6218090747698,18.989743637750568
-5345.682841420709,-0.0006935229182270535,-3949.6218090747698,18.989743637750568
-5343.681840920459,-0.0006935229182270535,-3949.6218090747698,18.989743637750568
-5341.680840420209,-0.0006935229182270535,-3949.6218090747698,18.989743637750568
-5339.67983991996,-0.0006935229182270535,-3949.6218090747698,18.989743637750568
-5337.678839419708,-0.0006935229182270535,-3949.6218090747698,18.989743637750568
-5335.677838919459,-0.0006935229182270535,-3949.6218090747698,18.989743637750568
-5333.676838419209,-0.0006935229182270535,-3949.6218090747698,18.989743637750568
-5331.675837918959,-0.0006935229182270535,-3949.6218090747698,18.989743637750568
-5329.674837418708,-0.0006935229182270535,-3949.6218090747698,18.989743637750568
-5327.673836918459,-0.0006935229182270535,-3949.6218090747698,18.989743637750568
-5325.672836418208,-0.0006935229182270535,-3949.6218090747698,18.989743637750568
-5323.671835917958,-0.0006935229182270535,-3949.6218090747698,18.989743637750568
-5321.670835417708,-0.0006935229182270535,-3949.6218090747698,18.989743637750568
-5319.669834917458,-0.0006935229182270535,-3949.6218090747698,18.989743637750568
-5317.668834417208,-0.0006935229182270535,-3949.6218090747698,18.989743637750568
-5315.667833916958,-0.0006935229182270535,-3949.6218090747698,18.989743637750568
-5313.666833416707,-0.0006935229182270535,-3949.6218090747698,18.989743637750568
-5311.6658329164575,-0.0006935229182270535,-3949.6218090747698,18.989743637750568
-5309.664832416208,-0.0006935229182270535,-3949.6218090747698,18.989743637750568
-5307.6638319159565,-0.0006935229182270535,-3949.6218090747698,18.989743637750568
-5305.662831415707,-0.0006935229182270535,-3949.6218090747698,18.989743637750568
-5303.661830915457,-0.0006935229182270535,-3949.6218090747698,18.989743637750568
-5301.660830415207,-0.0006935229182270535,-3949.6218090747698,18.989743637750568
-5299.659829914956,-0.0006935229182270535,-3949.6218090747698,18.989743637750568
-5297.658829414707,-0.0006935229182270535,-3949.6218090747698,18.989743637750568
-5295.657828914456,-0.0006935229182270535,-3949.6218090747698,18.989743637750568
-5293.656828414207,-0.0006935229182270535,-3949.6218090747698,18.989743637750568
-5291.655827913955,-0.0006935229182270535,-3949.6218090747698,18.989743637750568
-5289.654827413706,-0.0006935229182270535,-3949.6218090747698,18.989743637750568
-5287.653826913456,-0.0006935229182270535,-3949.6218090747698,18.989743637750568
-5285.652826413206,-0.0006935229182270535,-3949.6218090747698,18.989743637750568
-5283.651825912955,-0.0006935229182270535,-3949.6218090747698,18.989743637750568
-5281.650825412706,-0.0006935229182270535,-3949.6218090747698,18.989743637750568
-5279.649824912455,-0.0006935229182270535,-3949.6218090747698,18.989743637750568
-5277.648824412206,-0.0006935229182270535,-3949.6218090747698,18.989743637750568
-5275.647823911955,-0.0006935229182270535,-3949.6218090747698,18.989743637750568
-5273.646823411705,-0.0006935229182270535,-3949.6218090747698,18.989743637750568
-5271.645822911455,-0.0006935229182270535,-3949.6218090747698,18.989743637750568
-5269.644822411205,-0.0006935229182270535,-3949.6218090747698,18.989743637750568
-5267.643821910954,-0.0006935229182270535,-3949.6218090747698,18.989743637750568
-5265.6428214107045,-0.0006935229182270535,-3949.6218090747698,18.989743637750568
-5263.641820910455,-0.0006935229182270535,-3949.6218090747698,18.989743637750568
-5261.6408204102045,-0.0006935229182270535,-3949.6218090747698,18.989743637750568
-5259.639819909954,-0.0006935229182270535,-3949.6218090747698,18.989743637750568
-5257.638819409704,-0.0006935229182270535,-3949.6218090747698,18.989743637750568
-5255.637818909454,-0.0006935229182270535,-3949.6218090747698,18.989743637750568
-5253.636818409203,-0.0006935229182270535,-3949.6218090747698,18.989743637750568
-5251.635817908954,-0.0006935229182270535,-3949.6218090747698,18.989743637750568
-5249.634817408703,-0.0006935229182270535,-3949.6218090747698,18.989743637750568
-5247.633816908454,-0.0006935229182270535,-3949.6218090747698,18.989743637750568
-5245.632816408203,-0.0006935229182270535,-3949.6218090747698,18.989743637750568
-5243.631815907953,-0.0006935229182270535,-3949.6218090747698,18.989743637750568
-5241.630815407703,-0.0006935229182270535,-3949.6218090747698,18.989743637750568
-5239.629814907454,-0.0006935229182270535,-3949.6218090747698,18.989743637750568
-5237.628814407202,-0.0006935229182270535,-3949.6218090747698,18.989743637750568
-5235.627813906953,-0.0006935229182270535,-3949.6218090747698,18.989743637750568
-5233.626813406703,-0.0006935229182270535,-3949.6218090747698,18.989743637750568
-5231.625812906453,-0.0006935229182270535,-3949.6218090747698,18.989743637750568
-5229.624812406202,-0.0006935229182270535,-3949.6218090747698,18.989743637750568
-5227.623811905952,-0.0006935229182270535,-3949.6218090747698,18.989743637750568
-5225.622811405702,-0.0006935229182270535,-3949.6218090747698,18.989743637750568
-5223.621810905453,-0.0006935229182270535,-3949.6218090747698,18.989743637750568
-5221.620810405201,-0.0006935229182270535,-3949.6218090747698,18.989743637750568
-5219.619809904952,-0.0006935229182270535,-3949.6218090747698,18.989743637750568
-5217.618809404702,-0.0006935229182270535,-3949.6218090747698,18.989743637750568
-5215.617808904451,-0.0006935229182270535,-3949.6218090747698,18.989743637750568
-5213.616808404201,-0.0006935229182270535,-3949.6218090747698,18.989743637750568
-5211.6158079039515,-0.0006935229182270535,-3949.6218090747698,18.989743637750568
-5209.614807403701,-0.0006935229182270535,-3949.6218090747698,18.989743637750568
-5207.613806903451,-0.0006935229182270535,-3949.6218090747698,18.989743637750568
-5205.612806403201,-0.0006935229182270535,-3949.6218090747698,18.989743637750568
-5203.61180590295,-0.0006935229182270535,-3949.6218090747698,18.989743637750568
-5201.610805402701,-0.0006935229182270535,-3949.6218090747698,18.989743637750568
-5199.60980490245,-0.0006935229182270535,-3949.6218090747698,18.989743637750568
-5197.6088044022,-0.0006935229182270535,-3949.6218090747698,18.989743637750568
-5195.60780390195,-0.0006935229182270535,-3949.6218090747698,18.989743637750568
-5193.606803401701,-0.0006935229182270535,-3949.6218090747698,18.989743637750568
-5191.605802901449,-0.0006935229182270535,-3949.6218090747698,18.989743637750568
-5189.6048024012,-0.0006935229182270535,-3949.6218090747698,18.989743637750568
-5187.60380190095,-0.0006935229182270535,-3949.6218090747698,18.989743637750568
-5185.6028014007,-0.0006935229182270535,-3949.6218090747698,18.989743637750568
-5183.601800900449,-0.0006935229182270535,-3949.6218090747698,18.989743637750568
-5181.6008004002,-0.0006935229182270535,-3949.6218090747698,18.989743637750568
-5179.599799899949,-0.0006935229182270535,-3949.6218090747698,18.989743637750568
-5177.598799399699,-0.0006935229182270535,-3949.6218090747698,18.989743637750568
-5175.597798899448,-0.0006935229182270535,-3949.6218090747698,18.989743637750568
-5173.596798399199,-0.0006935229182270535,-3949.6218090747698,18.989743637750568
-5171.595797898949,-0.0006935229182270535,-3949.6218090747698,18.989743637750568
-5169.5947973986995,-0.0006935229182270535,-3949.6218090747698,18.989743637750568
-5167.593796898448,-0.0006935229182270535,-3949.6218090747698,18.989743637750568
-5165.5927963981985,-0.0006935229182270535,-3949.6218090747698,18.989743637750568
-5163.591795897948,-0.0006935229182270535,-3949.6218090747698,18.989743637750568
-5161.590795397698,-0.0006935229182270535,-3949.6218090747698,18.989743637750568
-5159.589794897448,-0.0006935229182270535,-3949.6218090747698,18.989743637750568
-5157.5887943971975,-0.0006935229182270535,-3949.6218090747698,18.989743637750568
-5155.587793896948,-0.0006935229182270535,-3949.6218090747698,18.989743637750568
-5153.586793396697,-0.0006935229182270535,-3949.6218090747698,18.989743637750568
-5151.585792896447,-0.0006935229182270535,-3949.6218090747698,18.989743637750568
-5149.584792396197,-0.0006935229182270535,-3949.6218090747698,18.989743637750568
-5147.583791895948,-0.0006935229182270535,-3949.6218090747698,18.989743637750568
-5145.582791395696,-0.0006935229182270535,-3949.6218090747698,18.989743637750568
-5143.581790895447,-0.0006935229182270535,-3949.6218090747698,18.989743637750568
-5141.580790395197,-0.0006935229182270535,-3949.6218090747698,18.989743637750568
-5139.579789894947,-0.0006935229182270535,-3949.6218090747698,18.989743637750568
-5137.578789394696,-0.0006935229182270535,-3949.6218090747698,18.989743637750568
-5135.577788894447,-0.0006935229182270535,-3949.6218090747698,18.989743637750568
-5133.576788394196,-0.0006935229182270535,-3949.6218090747698,18.989743637750568
-5131.575787893947,-0.0006935229182270535,-3949.6218090747698,18.989743637750568
-5129.574787393696,-0.0006935229182270535,-3949.6218090747698,18.989743637750568
-5127.573786893446,-0.0006935229182270535,-3949.6218090747698,18.989743637750568
-5125.572786393196,-0.0006935229182270535,-3949.6218090747698,18.989743637750568
-5123.571785892946,-0.0006935229182270535,-3949.6218090747698,18.989743637750568
-5121.570785392695,-0.0006935229182270535,-3949.6218090747698,18.989743637750568
-5119.569784892446,-0.0006935229182270535,-3949.6218090747698,18.989743637750568
-5117.568784392196,-0.0006935229182270535,-3949.6218090747698,18.989743637750568
-5115.5677838919455,-0.0006935229182270535,-3949.6218090747698,18.989743637750568
-5113.566783391695,-0.0006935229182270535,-3949.6218090747698,18.989743637750568
-5111.5657828914445,-0.0006935229182270535,-3949.6218090747698,18.989743637750568
-5109.564782391195,-0.0006935229182270535,-3949.6218090747698,18.989743637750568
-5107.5637818909445,-0.0006935229182270535,-3949.6218090747698,18.989743637750568
-5105.562781390694,-0.0006935229182270535,-3949.6218090747698,18.989743637750568
-5103.561780890444,-0.0006935229182270535,-3949.6218090747698,18.989743637750568
-5101.560780390195,-0.0006935229182270535,-3949.6218090747698,18.989743637750568
-5099.5597798899435,-0.0006935229182270535,-3949.6218090747698,18.989743637750568
-5097.558779389694,-0.0006935229182270535,-3949.6218090747698,18.989743637750568
-5095.557778889444,-0.0006935229182270535,-3949.6218090747698,18.989743637750568
-5093.556778389194,-0.0006935229182270535,-3949.6218090747698,18.989743637750568
-5091.555777888943,-0.0006935229182270535,-3949.6218090747698,18.989743637750568
-5089.554777388694,-0.0006935229182270535,-3949.6218090747698,18.989743637750568
-5087.553776888443,-0.0006935229182270535,-3949.6218090747698,18.989743637750568
-5085.552776388193,-0.0006935229182270535,-3949.6218090747698,18.989743637750568
-5083.551775887943,-0.0006935229182270535,-3949.6218090747698,18.989743637750568
-5081.550775387693,-0.0006935229182270535,-3949.6218090747698,18.989743637750568
-5079.549774887443,-0.0006935229182270535,-3949.6218090747698,18.989743637750568
-5077.548774387194,-0.0006935229182270535,-3949.6218090747698,18.989743637750568
-5075.547773886942,-0.0006935229182270535,-3949.6218090747698,18.989743637750568
-5073.546773386693,-0.0006935229182270535,-3949.6218090747698,18.989743637750568
-5071.545772886443,-0.0006935229182270535,-3949.6218090747698,18.989743637750568
-5069.544772386192,-0.0006935229182270535,-3949.6218090747698,18.989743637750568
-5067.543771885942,-0.0006935229182270535,-3949.6218090747698,18.989743637750568
-5065.5427713856925,-0.0006935229182270535,-3949.6218090747698,18.989743637750568
-5063.541770885442,-0.0006935229182270535,-3949.6218090747698,18.989743637750568
-5061.5407703851915,-0.0006935229182270535,-3949.6218090747698,18.989743637750568
-5059.539769884942,-0.0006935229182270535,-3949.6218090747698,18.989743637750568
-5057.5387693846915,-0.0006935229182270535,-3949.6218090747698,18.989743637750568
-5055.537768884442,-0.0006935229182270535,-3949.6218090747698,18.989743637750568
-5053.5367683841905,-0.0006935229182270535,-3949.6218090747698,18.989743637750568
-5051.535767883941,-0.0006935229182270535,-3949.6218090747698,18.989743637750568
-5049.534767383691,-0.0006935229182270535,-3949.6218090747698,18.989743637750568
-5047.533766883441,-0.0006935229182270535,-3949.6218090747698,18.989743637750568
-5045.53276638319,-0.0006935229182270535,-3949.6218090747698,18.989743637750568
-5043.531765882941,-0.0006935229182270535,-3949.6218090747698,18.989743637750568
-5041.53076538269,-0.0006935229182270535,-3949.6218090747698,18.989743637750568
-5039.529764882441,-0.0006935229182270535,-3949.6218090747698,18.989743637750568
-5037.52876438219,-0.0006935229182270535,-3949.6218090747698,18.989743637750568
-5035.52776388194,-0.0006935229182270535,-3949.6218090747698,18.989743637750568
-5033.52676338169,-0.0006935229182270535,-3949.6218090747698,18.989743637750568
-5031.52576288144,-0.0006935229182270535,-3949.6218090747698,18.989743637750568
-5029.524762381189,-0.0006935229182270535,-3949.6218090747698,18.989743637750568
-5027.52376188094,-0.0006935229182270535,-3949.6218090747698,18.989743637750568
-5025.52276138069,-0.0006935229182270535,-3949.6218090747698,18.989743637750568
-5023.52176088044,-0.0006935229182270535,-3949.6218090747698,18.989743637750568
-5021.520760380189,-0.0006935229182270535,-3949.6218090747698,18.989743637750568
-5019.51975987994,-0.0006935229182270535,-3949.6218090747698,18.989743637750568
-5017.518759379689,-0.0006935229182270535,-3949.6218090747698,18.989743637750568
-5015.517758879439,-0.0006935229182270535,-3949.6218090747698,18.989743637750568
-5013.516758379189,-0.0006935229182270535,-3949.6218090747698,18.989743637750568
-5011.5157578789385,-0.0006935229182270535,-3949.6218090747698,18.989743637750568
-5009.514757378689,-0.0006935229182270535,-3949.6218090747698,18.989743637750568
-5007.5137568784385,-0.0006935229182270535,-3949.6218090747698,18.989743637750568
-5005.512756378188,-0.0006935229182270535,-3949.6218090747698,18.989743637750568
-5003.511755877938,-0.0006935229182270535,-3949.6218090747698,18.989743637750568
-5001.510755377689,-0.0006935229182270535,-3949.6218090747698,18.989743637750568
-4999.509754877437,-0.0006935229182270535,-3949.6218090747698,18.989743637750568
-4997.508754377188,-0.0006935229182270535,-3949.6218090747698,18.989743637750568
-4995.507753876938,-0.0006935229182270535,-3949.6218090747698,18.989743637750568
-4993.506753376688,-0.0006935229182270535,-3949.6218090747698,18.989743637750568
-4991.505752876437,-0.0006935229182270535,-3949.6218090747698,18.989743637750568
-4989.504752376187,-0.0006935229182270535,-3949.6218090747698,18.989743637750568
-4987.503751875937,-0.0006935229182270535,-3949.6218090747698,18.989743637750568
-4985.502751375688,-0.0006935229182270535,-3949.6218090747698,18.989743637750568
-4983.501750875436,-0.0006935229182270535,-3949.6218090747698,18.989743637750568
-4981.500750375187,-0.0006935229182270535,-3949.6218090747698,18.989743637750568
-4979.499749874937,-0.0006935229182270535,-3949.6218090747698,18.989743637750568
-4977.498749374686,-0.0006935229182270535,-3949.6218090747698,18.989743637750568
-4975.497748874436,-0.0006935229182270535,-3949.6218090747698,18.989743637750568
-4973.496748374187,-0.0006935229182270535,-3949.6218090747698,18.989743637750568
-4971.495747873936,-0.0006935229182270535,-3949.6218090747698,18.989743637750568
-4969.494747373687,-0.0006935229182270535,-3949.6218090747698,18.989743637750568
-4967.493746873436,-0.0006935229182270535,-3949.6218090747698,18.989743637750568
-4965.492746373186,-0.0006935229182270535,-3949.6218090747698,18.989743637750568
-4963.491745872936,-0.0006935229182270535,-3949.6218090747698,18.989743637750568
-4961.4907453726855,-0.0006935229182270535,-3949.6218090747698,18.989743637750568
-4959.489744872435,-0.0006935229182270535,-3949.6218090747698,18.989743637750568
-4957.4887443721855,-0.0006935229182270535,-3949.6218090747698,18.989743637750568
-4955.487743871936,-0.0006935229182270535,-3949.6218090747698,18.989743637750568
-4953.4867433716845,-0.0006935229182270535,-3949.6218090747698,18.989743637750568
-4951.485742871435,-0.0006935229182270535,-3949.6218090747698,18.989743637750568
-4949.484742371185,-0.0006935229182270535,-3949.6218090747698,18.989743637750568
-4947.483741870935,-0.0006935229182270535,-3949.6218090747698,18.989743637750568
-4945.482741370684,-0.0006935229182270535,-3949.6218090747698,18.989743637750568
-4943.481740870435,-0.0006935229182270535,-3949.6218090747698,18.989743637750568
-4941.480740370184,-0.0006935229182270535,-3949.6218090747698,18.989743637750568
-4939.479739869934,-0.0006935229182270535,-3949.6218090747698,18.989743637750568
-4937.478739369684,-0.0006935229182270535,-3949.6218090747698,18.989743637750568
-4935.477738869434,-0.0006935229182270535,-3949.6218090747698,18.989743637750568
-4933.476738369184,-0.0006935229182270535,-3949.6218090747698,18.989743637750568
-4931.475737868935,-0.0006935229182270535,-3949.6218090747698,18.989743637750568
-4929.474737368683,-0.0006935229182270535,-3949.6218090747698,18.989743637750568
-4927.473736868434,-0.0006935229182270535,-3949.6218090747698,18.989743637750568
-4925.472736368183,-0.0006935229182270535,-3949.6218090747698,18.989743637750568
-4923.471735867933,-0.0006935229182270535,-3949.6218090747698,18.989743637750568
-4921.470735367683,-0.0006935229182270535,-3949.6218090747698,18.989743637750568
-4919.469734867433,-0.0006935229182270535,-3949.6218090747698,18.989743637750568
-4917.468734367183,-0.0006935229182270535,-3949.6218090747698,18.989743637750568
-4915.467733866933,-0.0006935229182270535,-3949.6218090747698,18.989743637750568
-4913.466733366682,-0.0006935229182270535,-3949.6218090747698,18.989743637750568
-4911.4657328664325,-0.0006935229182270535,-3949.6218090747698,18.989743637750568
-4909.464732366183,-0.0006935229182270535,-3949.6218090747698,18.989743637750568
-4907.463731865932,-0.0006935229182270535,-3949.6218090747698,18.989743637750568
-4905.462731365682,-0.0006935229182270535,-3949.6218090747698,18.989743637750568
-4903.461730865432,-0.0006935229182270535,-3949.6218090747698,18.989743637750568
-4901.460730365182,-0.0006935229182270535,-3949.6218090747698,18.989743637750568
-4899.459729864931,-0.0006935229182270535,-3949.6218090747698,18.989743637750568
-4897.458729364682,-0.0006935229182270535,-3949.6218090747698,18.989743637750568
-4895.457728864431,-0.0006935229182270535,-3949.6218090747698,18.989743637750568
-4893.456728364182,-0.0006935229182270535,-3949.6218090747698,18.989743637750568
-4891.455727863931,-0.0006935229182270535,-3949.6218090747698,18.989743637750568
-4889.454727363681,-0.0006935229182270535,-3949.6218090747698,18.989743637750568
-4887.453726863431,-0.0006935229182270535,-3949.6218090747698,18.989743637750568
-4885.452726363181,-0.0006935229182270535,-3949.6218090747698,18.989743637750568
-4883.45172586293,-0.0006935229182270535,-3949.6218090747698,18.989743637750568
-4881.450725362681,-0.0006935229182270535,-3949.6218090747698,18.989743637750568
-4879.449724862431,-0.0006935229182270535,-3949.6218090747698,18.989743637750568
-4877.448724362181,-0.0006935229182270535,-3949.6218090747698,18.989743637750568
-4875.44772386193,-0.0006935229182270535,-3949.6218090747698,18.989743637750568
-4873.446723361681,-0.0006935229182270535,-3949.6218090747698,18.989743637750568
-4871.44572286143,-0.0006935229182270535,-3949.6218090747698,18.989743637750568
-4869.44472236118,-0.0006935229182270535,-3949.6218090747698,18.989743637750568
-4867.443721860929,-0.0006935229182270535,-3949.6218090747698,18.989743637750568
-4865.44272136068,-0.0006935229182270535,-3949.6218090747698,18.989743637750568
-4863.44172086043,-0.0006935229182270535,-3949.6218090747698,18.989743637750568
-4861.4407203601795,-0.0006935229182270535,-3949.6218090747698,18.989743637750568
-4859.439719859929,-0.0006935229182270535,-3949.6218090747698,18.989743637750568
-4857.438719359679,-0.0006935229182270535,-3949.6218090747698,18.989743637750568
-4855.437718859429,-0.0006935229182270535,-3949.6218090747698,18.989743637750568
-4853.4367183591785,-0.0006935229182270535,-3949.6218090747698,18.989743637750568
-4851.435717858929,-0.0006935229182270535,-3949.6218090747698,18.989743637750568
-4849.434717358678,-0.0006935229182270535,-3949.6218090747698,18.989743637750568
-4847.433716858428,-0.0006935229182270535,-3949.6218090747698,18.989743637750568
-4845.432716358178,-0.0006935229182270535,-3949.6218090747698,18.989743637750568
-4843.431715857928,-0.0006935229182270535,-3949.6218090747698,18.989743637750568
-4841.430715357678,-0.0006935229182270535,-3949.6218090747698,18.989743637750568
-4839.429714857429,-0.0006935229182270535,-3949.6218090747698,18.989743637750568
-4837.428714357177,-0.0006935229182270535,-3949.6218090747698,18.989743637750568
-4835.427713856928,-0.0006935229182270535,-3949.6218090747698,18.989743637750568
-4833.426713356678,-0.0006935229182270535,-3949.6218090747698,18.989743637750568
-4831.425712856427,-0.0006935229182270535,-3949.6218090747698,18.989743637750568
-4829.424712356177,-0.0006935229182270535,-3949.6218090747698,18.989743637750568
-4827.423711855928,-0.0006935229182270535,-3949.6218090747698,18.989743637750568
-4825.422711355677,-0.0006935229182270535,-3949.6218090747698,18.989743637750568
-4823.421710855428,-0.0006935229182270535,-3949.6218090747698,18.989743637750568
-4821.420710355177,-0.0006935229182270535,-3949.6218090747698,18.989743637750568
-4819.419709854927,-0.0006935229182270535,-3949.6218090747698,18.989743637750568
-4817.418709354677,-0.0006935229182270535,-3949.6218090747698,18.989743637750568
-4815.417708854426,-0.0006935229182270535,-3949.6218090747698,18.989743637750568
-4813.416708354176,-0.0006935229182270535,-3949.6218090747698,18.989743637750568
-4811.4157078539265,-0.0006935229182270535,-3949.6218090747698,18.989743637750568
-4809.414707353675,-0.0006935229182270535,-3949.6218090747698,18.989743637750568
-4807.4137068534255,-0.0006935229182270535,-3949.6218090747698,18.989743637750568
-4805.412706353176,-0.0006935229182270535,-3949.6218090747698,18.989743637750568
-4803.4117058529255,-0.0006935229182270535,-3949.6218090747698,18.989743637750568
-4801.410705352676,-0.0006935229182270535,-3949.6218090747698,18.989743637750568
-4799.409704852425,-0.0006935229182270535,-3949.6218090747698,18.989743637750568
-4797.408704352175,-0.0006935229182270535,-3949.6218090747698,18.989743637750568
-4795.407703851925,-0.0006935229182270535,-3949.6218090747698,18.989743637750568
-4793.406703351675,-0.0006935229182270535,-3949.6218090747698,18.989743637750568
-4791.405702851424,-0.0006935229182270535,-3949.6218090747698,18.989743637750568
-4789.404702351175,-0.0006935229182270535,-3949.6218090747698,18.989743637750568
-4787.403701850925,-0.0006935229182270535,-3949.6218090747698,18.989743637750568
-4785.402701350675,-0.0006935229182270535,-3949.6218090747698,18.989743637750568
-4783.401700850424,-0.0006935229182270535,-3949.6218090747698,18.989743637750568
-4781.400700350175,-0.0006935229182270535,-3949.6218090747698,18.989743637750568
-4779.399699849924,-0.0006935229182270535,-3949.6218090747698,18.989743637750568
-4777.398699349674,-0.0006935229182270535,-3949.6218090747698,18.989743637750568
-4775.397698849424,-0.0006935229182270535,-3949.6218090747698,18.989743637750568
-4773.396698349174,-0.0006935229182270535,-3949.6218090747698,18.989743637750568
-4771.395697848924,-0.0006935229182270535,-3949.6218090747698,18.989743637750568
-4769.3946973486745,-0.0006935229182270535,-3949.6218090747698,18.989743637750568
-4767.393696848423,-0.0006935229182270535,-3949.6218090747698,18.989743637750568
-4765.392696348174,-0.0006935229182270535,-3949.6218090747698,18.989743637750568
-4763.391695847924,-0.0006935229182270535,-3949.6218090747698,18.989743637750568
-4761.390695347673,-0.0006935229182270535,-3949.6218090747698,18.989743637750568
-4759.389694847423,-0.0006935229182270535,-3949.6218090747698,18.989743637750568
-4757.388694347173,-0.0006935229182270535,-3949.6218090747698,18.989743637750568
-4755.387693846922,-0.0006935229182270535,-3949.6218090747698,18.989743637750568
-4753.3866933466725,-0.0006935229182270535,-3949.6218090747698,18.989743637750568
-4751.385692846422,-0.0006935229182270535,-3949.6218090747698,18.989743637750568
-4749.384692346172,-0.0006935229182270535,-3949.6218090747698,18.989743637750568
-4747.383691845923,-0.0006935229182270535,-3949.6218090747698,18.989743637750568
-4745.382691345671,-0.0006935229182270535,-3949.6218090747698,18.989743637750568
-4743.381690845422,-0.0006935229182270535,-3949.6218090747698,18.989743637750568
-4741.380690345172,-0.0006935229182270535,-3949.6218090747698,18.989743637750568
-4739.379689844921,-0.0006935229182270535,-3949.6218090747698,18.989743637750568
-4737.378689344671,-0.0006935229182270535,-3949.6218090747698,18.989743637750568
-4735.377688844422,-0.0006935229182270535,-3949.6218090747698,18.989743637750568
-4733.376688344171,-0.0006935229182270535,-3949.6218090747698,18.989743637750568
-4731.375687843922,-0.0006935229182270535,-3949.6218090747698,18.989743637750568
-4729.374687343671,-0.0006935229182270535,-3949.6218090747698,18.989743637750568
-4727.373686843421,-0.0006935229182270535,-3949.6218090747698,18.989743637750568
-4725.372686343171,-0.0006935229182270535,-3949.6218090747698,18.989743637750568
-4723.371685842921,-0.0006935229182270535,-3949.6218090747698,18.989743637750568
-4721.37068534267,-0.0006935229182270535,-3949.6218090747698,18.989743637750568
-4719.369684842421,-0.0006935229182270535,-3949.6218090747698,18.989743637750568
-4717.368684342171,-0.0006935229182270535,-3949.6218090747698,18.989743637750568
-4715.36768384192,-0.0006935229182270535,-3949.6218090747698,18.989743637750568
-4713.36668334167,-0.0006935229182270535,-3949.6218090747698,18.989743637750568
-4711.3656828414205,-0.0006935229182270535,-3949.6218090747698,18.989743637750568
-4709.36468234117,-0.0006935229182270535,-3949.6218090747698,18.989743637750568
-4707.3636818409195,-0.0006935229182270535,-3949.6218090747698,18.989743637750568
-4705.36268134067,-0.0006935229182270535,-3949.6218090747698,18.989743637750568
-4703.3616808404195,-0.0006935229182270535,-3949.6218090747698,18.989743637750568
-4701.360680340169,-0.0006935229182270535,-3949.6218090747698,18.989743637750568
-4699.359679839919,-0.0006935229182270535,-3949.6218090747698,18.989743637750568
-4697.358679339669,-0.0006935229182270535,-3949.6218090747698,18.989743637750568
-4695.357678839419,-0.0006935229182270535,-3949.6218090747698,18.989743637750568
-4693.35667833917,-0.0006935229182270535,-3949.6218090747698,18.989743637750568
-4691.355677838918,-0.0006935229182270535,-3949.6218090747698,18.989743637750568
-4689.354677338669,-0.0006935229182270535,-3949.6218090747698,18.989743637750568
-4687.353676838418,-0.0006935229182270535,-3949.6218090747698,18.989743637750568
-4685.352676338168,-0.0006935229182270535,-3949.6218090747698,18.989743637750568
-4683.351675837918,-0.0006935229182270535,-3949.6218090747698,18.989743637750568
-4681.350675337668,-0.0006935229182270535,-3949.6218090747698,18.989743637750568
-4679.349674837418,-0.0006935229182270535,-3949.6218090747698,18.989743637750568
-4677.348674337169,-0.0006935229182270535,-3949.6218090747698,18.989743637750568
-4675.347673836917,-0.0006935229182270535,-3949.6218090747698,18.989743637750568
-4673.346673336668,-0.0006935229182270535,-3949.6218090747698,18.989743637750568
-4671.345672836418,-0.0006935229182270535,-3949.6218090747698,18.989743637750568
-4669.344672336167,-0.0006935229182270535,-3949.6218090747698,18.989743637750568
-4667.343671835917,-0.0006935229182270535,-3949.6218090747698,18.989743637750568
-4665.342671335668,-0.0006935229182270535,-3949.6218090747698,18.989743637750568
-4663.341670835416,-0.0006935229182270535,-3949.6218090747698,18.989743637750568
-4661.340670335167,-0.0006935229182270535,-3949.6218090747698,18.989743637750568
-4659.339669834917,-0.0006935229182270535,-3949.6218090747698,18.989743637750568
-4657.3386693346665,-0.0006935229182270535,-3949.6218090747698,18.989743637750568
-4655.337668834417,-0.0006935229182270535,-3949.6218090747698,18.989743637750568
-4653.3366683341665,-0.0006935229182270535,-3949.6218090747698,18.989743637750568
-4651.335667833916,-0.0006935229182270535,-3949.6218090747698,18.989743637750568
-4649.334667333666,-0.0006935229182270535,-3949.6218090747698,18.989743637750568
-4647.333666833416,-0.0006935229182270535,-3949.6218090747698,18.989743637750568
-4645.332666333165,-0.0006935229182270535,-3949.6218090747698,18.989743637750568
-4643.331665832916,-0.0006935229182270535,-3949.6218090747698,18.989743637750568
-4641.330665332666,-0.0006935229182270535,-3949.6218090747698,18.989743637750568
-4639.329664832416,-0.0006935229182270535,-3949.6218090747698,18.989743637750568
-4637.328664332165,-0.0006935229182270535,-3949.6218090747698,18.989743637750568
-4635.327663831916,-0.0006935229182270535,-3949.6218090747698,18.989743637750568
-4633.326663331665,-0.0006935229182270535,-3949.6218090747698,18.989743637750568
-4631.325662831415,-0.0006935229182270535,-3949.6218090747698,18.989743637750568
-4629.324662331164,-0.0006935229182270535,-3949.6218090747698,18.989743637750568
-4627.323661830915,-0.0006935229182270535,-3949.6218090747698,18.989743637750568
-4625.322661330665,-0.0006935229182270535,-3949.6218090747698,18.989743637750568
-4623.321660830415,-0.0006935229182270535,-3949.6218090747698,18.989743637750568
-4621.320660330164,-0.0006935229182270535,-3949.6218090747698,18.989743637750568
-4619.319659829915,-0.0006935229182270535,-3949.6218090747698,18.989743637750568
-4617.318659329664,-0.0006935229182270535,-3949.6218090747698,18.989743637750568
-4615.317658829414,-0.0006935229182270535,-3949.6218090747698,18.989743637750568
-4613.316658329164,-0.0006935229182270535,-3949.6218090747698,18.989743637750568
-4611.315657828914,-0.0006935229182270535,-3949.6218090747698,18.989743637750568
-4609.314657328663,-0.0006935229182270535,-3949.6218090747698,18.989743637750568
-4607.3136568284135,-0.0006935229182270535,-3949.6218090747698,18.989743637750568
-4605.312656328163,-0.0006935229182270535,-3949.6218090747698,18.989743637750568
-4603.3116558279135,-0.0006935229182270535,-3949.6218090747698,18.989743637750568
-4601.310655327664,-0.0006935229182270535,-3949.6218090747698,18.989743637750568
-4599.3096548274125,-0.0006935229182270535,-3949.6218090747698,18.989743637750568
-4597.308654327163,-0.0006935229182270535,-3949.6218090747698,18.989743637750568
-4595.307653826913,-0.0006935229182270535,-3949.6218090747698,18.989743637750568
-4593.306653326662,-0.0006935229182270535,-3949.6218090747698,18.989743637750568
-4591.305652826412,-0.0006935229182270535,-3949.6218090747698,18.989743637750568
-4589.304652326163,-0.0006935229182270535,-3949.6218090747698,18.989743637750568
-4587.303651825912,-0.0006935229182270535,-3949.6218090747698,18.989743637750568
-4585.302651325663,-0.0006935229182270535,-3949.6218090747698,18.989743637750568
-4583.301650825412,-0.0006935229182270535,-3949.6218090747698,18.989743637750568
-4581.300650325162,-0.0006935229182270535,-3949.6218090747698,18.989743637750568
-4579.299649824912,-0.0006935229182270535,-3949.6218090747698,18.989743637750568
-4577.298649324661,-0.0006935229182270535,-3949.6218090747698,18.989743637750568
-4575.297648824411,-0.0006935229182270535,-3949.6218090747698,18.989743637750568
-4573.296648324162,-0.0006935229182270535,-3949.6218090747698,18.989743637750568
-4571.29564782391,-0.0006935229182270535,-3949.6218090747698,18.989743637750568
-4569.294647323661,-0.0006935229182270535,-3949.6218090747698,18.989743637750568
-4567.293646823411,-0.0006935229182270535,-3949.6218090747698,18.989743637750568
-4565.292646323161,-0.0006935229182270535,-3949.6218090747698,18.989743637750568
-4563.291645822911,-0.0006935229182270535,-3949.6218090747698,18.989743637750568
-4561.290645322661,-0.0006935229182270535,-3949.6218090747698,18.989743637750568
-4559.28964482241,-0.0006935229182270535,-3949.6218090747698,18.989743637750568
-4557.2886443221605,-0.0006935229182270535,-3949.6218090747698,18.989743637750568
-4555.28764382191,-0.0006935229182270535,-3949.6218090747698,18.989743637750568
-4553.2866433216595,-0.0006935229182270535,-3949.6218090747698,18.989743637750568
-4551.28564282141,-0.0006935229182270535,-3949.6218090747698,18.989743637750568
-4549.28464232116,-0.0006935229182270535,-3949.6218090747698,18.989743637750568
-4547.28364182091,-0.0006935229182270535,-3949.6218090747698,18.989743637750568
-4545.282641320659,-0.0006935229182270535,-3949.6218090747698,18.989743637750568
-4543.28164082041,-0.0006935229182270535,-3949.6218090747698,18.989743637750568
-4541.280640320159,-0.0006935229182270535,-3949.6218090747698,18.989743637750568
-4539.279639819909,-0.0006935229182270535,-3949.6218090747698,18.989743637750568
-4537.278639319659,-0.0006935229182270535,-3949.6218090747698,18.989743637750568
-4535.277638819409,-0.0006935229182270535,-3949.6218090747698,18.989743637750568
-4533.276638319159,-0.0006935229182270535,-3949.6218090747698,18.989743637750568
-4531.27563781891,-0.0006935229182270535,-3949.6218090747698,18.989743637750568
-4529.274637318658,-0.0006935229182270535,-3949.6218090747698,18.989743637750568
-4527.273636818409,-0.0006935229182270535,-3949.6218090747698,18.989743637750568
-4525.272636318159,-0.0006935229182270535,-3949.6218090747698,18.989743637750568
-4523.271635817908,-0.0006935229182270535,-3949.6218090747698,18.989743637750568
-4521.270635317658,-0.0006935229182270535,-3949.6218090747698,18.989743637750568
-4519.269634817409,-0.0006935229182270535,-3949.6218090747698,18.989743637750568
-4517.268634317157,-0.0006935229182270535,-3949.6218090747698,18.989743637750568
-4515.267633816908,-0.0006935229182270535,-3949.6218090747698,18.989743637750568
-4513.266633316657,-0.0006935229182270535,-3949.6218090747698,18.989743637750568
-4511.265632816408,-0.0006935229182270535,-3949.6218090747698,18.989743637750568
-4509.264632316158,-0.0006935229182270535,-3949.6218090747698,18.989743637750568
-4507.263631815907,-0.0006935229182270535,-3949.6218090747698,18.989743637750568
-4505.262631315657,-0.0006935229182270535,-3949.6218090747698,18.989743637750568
-4503.261630815407,-0.0006935229182270535,-3949.6218090747698,18.989743637750568
-4501.260630315156,-0.0006935229182270535,-3949.6218090747698,18.989743637750568
-4499.2596298149065,-0.0006935229182270535,-3949.6218090747698,18.989743637750568
-4497.258629314657,-0.0006935229182270535,-3949.6218090747698,18.989743637750568
-4495.257628814406,-0.0006935229182270535,-3949.6218090747698,18.989743637750568
-4493.256628314157,-0.0006935229182270535,-3949.6218090747698,18.989743637750568
-4491.255627813906,-0.0006935229182270535,-3949.6218090747698,18.989743637750568
-4489.254627313656,-0.0006935229182270535,-3949.6218090747698,18.989743637750568
-4487.253626813406,-0.0006935229182270535,-3949.6218090747698,18.989743637750568
-4485.252626313156,-0.0006935229182270535,-3949.6218090747698,18.989743637750568
-4483.251625812905,-0.0006935229182270535,-3949.6218090747698,18.989743637750568
-4481.250625312656,-0.0006935229182270535,-3949.6218090747698,18.989743637750568
-4479.249624812406,-0.0006935229182270535,-3949.6218090747698,18.989743637750568
-4477.248624312155,-0.0006935229182270535,-3949.6218090747698,18.989743637750568
-4475.247623811905,-0.0006935229182270535,-3949.6218090747698,18.989743637750568
-4473.246623311656,-0.0006935229182270535,-3949.6218090747698,18.989743637750568
-4471.245622811405,-0.0006935229182270535,-3949.6218090747698,18.989743637750568
-4469.244622311155,-0.0006935229182270535,-3949.6218090747698,18.989743637750568
-4467.243621810905,-0.0006935229182270535,-3949.6218090747698,18.989743637750568
-4465.242621310655,-0.0006935229182270535,-3949.6218090747698,18.989743637750568
-4463.241620810404,-0.0006935229182270535,-3949.6218090747698,18.989743637750568
-4461.240620310155,-0.0006935229182270535,-3949.6218090747698,18.989743637750568
-4459.239619809904,-0.0006935229182270535,-3949.6218090747698,18.989743637750568
-4457.2386193096545,-0.0006935229182270535,-3949.6218090747698,18.989743637750568
-4455.237618809405,-0.0006935229182270535,-3949.6218090747698,18.989743637750568
-4453.2366183091535,-0.0006935229182270535,-3949.6218090747698,18.989743637750568
-4451.235617808904,-0.0006935229182270535,-3949.6218090747698,18.989743637750568
-4449.2346173086535,-0.0006935229182270535,-3949.6218090747698,18.989743637750568
-4447.233616808403,-0.0006935229182270535,-3949.6218090747698,18.989743637750568
-4445.232616308153,-0.0006935229182270535,-3949.6218090747698,18.989743637750568
-4443.231615807903,-0.0006935229182270535,-3949.6218090747698,18.989743637750568
-4441.230615307653,-0.0006935229182270535,-3949.6218090747698,18.989743637750568
-4439.229614807404,-0.0006935229182270535,-3949.6218090747698,18.989743637750568
-4437.228614307152,-0.0006935229182270535,-3949.6218090747698,18.989743637750568
-4435.227613806903,-0.0006935229182270535,-3949.6218090747698,18.989743637750568
-4433.226613306653,-0.0006935229182270535,-3949.6218090747698,18.989743637750568
-4431.225612806402,-0.0006935229182270535,-3949.6218090747698,18.989743637750568
-4429.224612306152,-0.0006935229182270535,-3949.6218090747698,18.989743637750568
-4427.223611805903,-0.0006935229182270535,-3949.6218090747698,18.989743637750568
-4425.222611305651,-0.0006935229182270535,-3949.6218090747698,18.989743637750568
-4423.221610805402,-0.0006935229182270535,-3949.6218090747698,18.989743637750568
-4421.220610305152,-0.0006935229182270535,-3949.6218090747698,18.989743637750568
-4419.219609804902,-0.0006935229182270535,-3949.6218090747698,18.989743637750568
-4417.218609304652,-0.0006935229182270535,-3949.6218090747698,18.989743637750568
-4415.217608804402,-0.0006935229182270535,-3949.6218090747698,18.989743637750568
-4413.216608304151,-0.0006935229182270535,-3949.6218090747698,18.989743637750568
-4411.215607803902,-0.0006935229182270535,-3949.6218090747698,18.989743637750568
-4409.214607303651,-0.0006935229182270535,-3949.6218090747698,18.989743637750568
-4407.213606803401,-0.0006935229182270535,-3949.6218090747698,18.989743637750568
-4405.212606303151,-0.0006935229182270535,-3949.6218090747698,18.989743637750568
-4403.211605802901,-0.0006935229182270535,-3949.6218090747698,18.989743637750568
-4401.210605302651,-0.0006935229182270535,-3949.6218090747698,18.989743637750568
-4399.2096048024005,-0.0006935229182270535,-3949.6218090747698,18.989743637750568
-4397.208604302151,-0.0006935229182270535,-3949.6218090747698,18.989743637750568
-4395.2076038019,-0.0006935229182270535,-3949.6218090747698,18.989743637750568
-4393.20660330165,-0.0006935229182270535,-3949.6218090747698,18.989743637750568
-4391.205602801399,-0.0006935229182270535,-3949.6218090747698,18.989743637750568
-4389.20460230115,-0.0006935229182270535,-3949.6218090747698,18.989743637750568
-4387.2036018009,-0.0006935229182270535,-3949.6218090747698,18.989743637750568
-4385.20260130065,-0.0006935229182270535,-3949.6218090747698,18.989743637750568
-4383.201600800399,-0.0006935229182270535,-3949.6218090747698,18.989743637750568
-4381.20060030015,-0.0006935229182270535,-3949.6218090747698,18.989743637750568
-4379.199599799899,-0.0006920228943479679,-3949.6218090747698,18.989743637750568
-4377.198599299649,-0.000691186349923258,-3949.6218090747698,18.989743637750568
-4375.197598799399,-0.0006901130513606948,-3949.6218090747698,18.989743637750568
-4373.196598299149,-0.0006888025917057741,-3949.6218090747698,18.989743637750568
-4371.195597798899,-0.0006872663607138669,-3949.6218090747698,18.989743637750568
-4369.194597298649,-0.0006855041190521335,-3949.6218090747698,18.989743637750568
-4367.193596798398,-0.0006835222204044083,-3949.6218090747698,18.989743637750568
-4365.192596298149,-0.0006813281629166905,-3949.6218090747698,18.989743637750568
-4363.191595797898,-0.0006789382856547991,-3949.6218090747698,18.989743637750568
-4361.190595297648,-0.0006763562806446635,-3949.6218090747698,18.989743637750568
-4359.189594797398,-0.0006736038362420774,-3949.6218090747698,18.989743637750568
-4357.1885942971485,-0.0006706939322222985,-3949.6218090747698,18.989743637750568
-4355.187593796898,-0.0006676379688752149,-3949.6218090747698,18.989743637750568
-4353.1865932966475,-0.0006644608078072188,-3949.6218090747698,18.989743637750568
-4351.185592796398,-0.0006611802737160637,-3949.6218090747698,18.989743637750568
-4349.1845922961475,-0.0006578128825144024,-3949.6218090747698,18.989743637750568
-4347.183591795897,-0.0006543845851003125,-3949.6218090747698,18.989743637750568
-4345.182591295647,-0.0006509169905916626,-3949.6218090747698,18.989743637750568
-4343.181590795397,-0.0006474315197316951,-3949.6218090747698,18.989743637750568
-4341.180590295147,-0.0006439531336961377,-3949.6218090747698,18.989743637750568
-4339.179589794897,-0.0006405045795004472,-3949.6218090747698,18.989743637750568
-4337.178589294646,-0.000637113303816201,-3949.6218090747698,18.989743637750568
-4335.177588794397,-0.0006338007615914128,-3949.6218090747698,18.989743637750568
-4333.176588294146,-0.0006305874798866054,-3949.6218090747698,18.989743637750568
-4331.175587793896,-0.0006275078523048993,-3949.6218090747698,18.989743637750568
-4329.174587293646,-0.0006245781695161163,-3949.6218090747698,18.989743637750568
-4327.173586793396,-0.0006218186769645258,-3949.6218090747698,18.989743637750568
-4325.172586293146,-0.0006192599823768079,-3949.6218090747698,18.989743637750568
-4323.171585792896,-0.000616916700733971,-3949.6218090747698,18.989743637750568
-4321.170585292645,-0.000614804583430928,-3949.6218090747698,18.989743637750568
-4319.169584792396,-0.000612951925594238,-3949.6218090747698,18.989743637750568
-4317.168584292145,-0.0006113697511071627,-3949.6218090747698,18.989743637750568
-4315.167583791895,-0.0006100672342187009,-3949.6218090747698,18.989743637750568
-4313.166583291645,-0.0006090678227423577,-3949.6218090747698,18.989743637750568
-4311.1655827913955,-0.0006083787989323375,-3949.6218090747698,18.989743637750568
-4309.164582291145,-0.0006080012494534389,-3949.6218090747698,18.989743637750568
-4307.163581790895,-0.0006079515902704122,-3949.6218090747698,18.989743637750568
-4305.162581290645,-0.0006082330681773417,-3949.6218090747698,18.989743637750568
-4303.1615807903945,-0.0006088378042243199,-3949.6218090747698,18.989743637750568
-4301.160580290144,-0.000609773544836156,-3949.6218090747698,18.989743637750568
-4299.159579789894,-0.0006110390117618468,-3949.6218090747698,18.989743637750568
-4297.158579289644,-0.0006126172458708543,-3949.6218090747698,18.989743637750568
-4295.157578789394,-0.0006145063935243237,-3949.6218090747698,18.989743637750568
-4293.156578289144,-0.0006166999490850989,-3949.6218090747698,18.989743637750568
-4291.155577788893,-0.0006191726006928835,-3949.6218090747698,18.989743637750568
-4289.154577288644,-0.0006219127776098199,-3949.6218090747698,18.989743637750568
-4287.153576788393,-0.0006249078593524454,-3949.6218090747698,18.989743637750568
-4285.152576288143,-0.0006281257076384451,-3949.6218090747698,18.989743637750568
-4283.151575787893,-0.0006315458708744976,-3949.6218090747698,18.989743637750568
-4281.150575287644,-0.0006351485939148122,-3949.6218090747698,18.989743637750568
-4279.149574787393,-0.000638897367954152,-3949.6218090747698,18.989743637750568
-4277.148574287143,-0.000642764288177791,-3949.6218090747698,18.989743637750568
-4275.147573786893,-0.0006467214976658171,-3949.6218090747698,18.989743637750568
-4273.146573286643,-0.0006507310990811479,-3949.6218090747698,18.989743637750568
-4271.145572786392,-0.0006547602311868635,-3949.6218090747698,18.989743637750568
-4269.144572286142,-0.0006587725048743436,-3949.6218090747698,18.989743637750568
-4267.143571785892,-0.0006627313693233154,-3949.6218090747698,18.989743637750568
-4265.142571285643,-0.0006666017726103843,-3949.6218090747698,18.989743637750568
-4263.141570785392,-0.0006703387285721022,-3949.6218090747698,18.989743637750568
-4261.140570285142,-0.0006739111270289471,-3949.6218090747698,18.989743637750568
-4259.139569784892,-0.000677283580886838,-3949.6218090747698,18.989743637750568
-4257.138569284642,-0.0006804064518068134,-3949.6218090747698,18.989743637750568
-4255.137568784392,-0.0006832534078661965,-3949.6218090747698,18.989743637750568
-4253.1365682841415,-0.000685792639011223,-3949.6218090747698,18.989743637750568
-4251.135567783891,-0.0006879737633094371,-3949.6218090747698,18.989743637750568
-4249.134567283641,-0.0006897753607666471,-3949.6218090747698,18.989743637750568
-4247.133566783391,-0.0006911724997696927,-3949.6218090747698,18.989743637750568
-4245.1325662831405,-0.0006921188493301854,-3949.6218090747698,18.989743637750568
-4243.131565782891,-0.0006925970903418021,-3949.6218090747698,18.989743637750568
-4241.130565282641,-0.0006925929691764078,-3949.6218090747698,18.989743637750568
-4239.12956478239,-0.0006920669436869132,-3949.6218090747698,18.989743637750568
-4237.12856428214,-0.0006910078542150738,-3949.6218090747698,18.989743637750568
-4235.127563781891,-0.0006894135697251792,-3949.6218090747698,18.989743637750568
-4233.12656328164,-0.0006872556881411094,-3949.6218090747698,18.989743637750568
-4231.12556278139,-0.0006845286089000506,-3949.6218090747698,18.989743637750568
-4229.12456228114,-0.0006812445692620724,-3949.6218090747698,18.989743637750568
-4227.12356178089,-0.0006773892211374113,-3949.6218090747698,18.989743637750568
-4225.122561280639,-0.0006729625365801421,-3949.6218090747698,18.989743637750568
-4223.12156078039,-0.000667992081888682,-3949.6218090747698,18.989743637750568
-4221.120560280139,-0.000662478236030992,-3949.6218090747698,18.989743637750568
-4219.11955977989,-0.0006564299981638657,-3949.6218090747698,18.989743637750568
-4217.118559279639,-0.0006498881386113573,-3949.6218090747698,18.989743637750568
-4215.117558779389,-0.0006428689570731257,-3949.6218090747698,18.989743637750568
-4213.116558279139,-0.0006353906164669338,-3949.6218090747698,18.989743637750568
-4211.1155577788895,-0.0006275060777062614,-3949.6218090747698,18.989743637750568
-4209.114557278639,-0.0006192464246229757,-3949.6218090747698,18.989743637750568
-4207.113556778389,-0.0006106414624986474,-3949.6218090747698,18.989743637750568
-4205.112556278138,-0.0006017517451727141,-3949.6218090747698,18.989743637750568
-4203.1115557778885,-0.0005926215464760672,-3949.6218090747698,18.989743637750568
-4201.110555277638,-0.0005832937842858882,-3949.6218090747698,18.989743637750568
-4199.1095547773875,-0.0005738335158718765,-3949.6218090747698,18.989743637750568
-4197.108554277138,-0.0005642924982384384,-3949.6218090747698,18.989743637750568
-4195.107553776888,-0.00055472951799633,-3949.6218090747698,18.989743637750568
-4193.106553276638,-0.0005452062757483093,-3949.6218090747698,18.989743637750568
-4191.105552776387,-0.0005357822231927714,-3949.6218090747698,18.989743637750568
-4189.104552276138,-0.0005265298650632738,-3949.6218090747698,18.989743637750568
-4187.103551775887,-0.0005175001949252658,-3949.6218090747698,18.989743637750568
-4185.102551275637,-0.0005087589476224879,-3949.6218090747698,18.989743637750568
-4183.101550775387,-0.000500389636611938,-3949.6218090747698,18.989743637750568
-4181.100550275137,-0.000492437388590327,-3949.6218090747698,18.989743637750568
-4179.099549774886,-0.000484958293475491,-3949.6218090747698,18.989743637750568
-4177.098549274637,-0.00047803795268412165,-3949.6218090747698,18.989743637750568
-4175.097548774386,-0.0004717160823384818,-3949.6218090747698,18.989743637750568
-4173.096548274137,-0.0004660384287195795,-3949.6218090747698,18.989743637750568
-4171.095547773886,-0.0004610868109731767,-3949.6218090747698,18.989743637750568
-4169.094547273636,-0.00045689275744533706,-3949.6218090747698,18.989743637750568
-4167.093546773386,-0.0004534859417111375,-3949.6218090747698,18.989743637750568
-4165.092546273137,-0.0004509372287089546,-3949.6218090747698,18.989743637750568
-4163.091545772886,-0.00044926923753813193,-3949.6218090747698,18.989743637750568
-4161.090545272636,-0.0004484906078184876,-3949.6218090747698,18.989743637750568
-4159.089544772386,-0.00044865446272664367,-3949.6218090747698,18.989743637750568
-4157.088544272136,-0.00044977316089217804,-3949.6218090747698,18.989743637750568
-4155.087543771885,-0.00045183060623296255,-3949.6218090747698,18.989743637750568
-4153.086543271635,-0.0004548563090024338,-3949.6218090747698,18.989743637750568
-4151.085542771385,-0.00045885014180575465,-3949.6218090747698,18.989743637750568
-4149.084542271135,-0.0004637692771036051,-3949.6218090747698,18.989743637750568
-4147.083541770885,-0.0004696151588733628,-3949.6218090747698,18.989743637750568
-4145.0825412706345,-0.0004763718953264626,-3949.6218090747698,18.989743637750568
-4143.081540770385,-0.0004839700083177224,-3949.6218090747698,18.989743637750568
-4141.080540270134,-0.0004923802673670271,-3949.6218090747698,18.989743637750568
-4139.079539769884,-0.0005015665958844563,-3949.6218090747698,18.989743637750568
-4137.078539269634,-0.000511435279753335,-3949.6218090747698,18.989743637750568
-4135.077538769384,-0.000521925788218527,-3949.6218090747698,18.989743637750568
-4133.076538269134,-0.0005329767564608887,-3949.6218090747698,18.989743637750568
-4131.075537768884,-0.0005444748676712079,-3949.6218090747698,18.989743637750568
-4129.074537268633,-0.0005563306920439374,-3949.6218090747698,18.989743637750568
-4127.073536768384,-0.000568450250153021,-3949.6218090747698,18.989743637750568
-4125.072536268133,-0.0005807092689737534,-3949.6218090747698,18.989743637750568
-4123.071535767883,-0.0005929922205731847,-3949.6218090747698,18.989743637750568
-4121.070535267633,-0.000605166128476219,-3949.6218090747698,18.989743637750568
-4119.069534767384,-0.0006171034315791688,-3949.6218090747698,18.989743637750568
-4117.068534267133,-0.0006286709766185168,-3949.6218090747698,18.989743637750568
-4115.067533766883,-0.0006396921622613665,-3949.6218090747698,18.989743637750568
-4113.066533266633,-0.0006500446706362173,-3949.6218090747698,18.989743637750568
-4111.065532766383,-0.0006595813235271673,-3949.6218090747698,18.989743637750568
-4109.064532266132,-0.000668089756166668,-3949.6218090747698,18.989743637750568
-4107.0635317658825,-0.0006754512389192108,-3949.6218090747698,18.989743637750568
-4105.062531265632,-0.0006815147959384277,-3949.6218090747698,18.989743637750568
-4103.0615307653825,-0.0006860415507961254,-3949.6218090747698,18.989743637750568
-4101.060530265132,-0.000688914688997078,-3949.6218090747698,18.989743637750568
-4099.0595297648815,-0.0006899908615257676,-3949.6218090747698,18.989743637750568
-4097.058529264632,-0.0006890140436135557,-3949.6218090747698,18.989743637750568
-4095.0575287643815,-0.0006858690188459211,-3949.6218090747698,18.989743637750568
-4093.056528264131,-0.0006804307657610607,-3949.6218090747698,18.989743637750568
-4091.0555277638814,-0.0006724433999508499,-3949.6218090747698,18.989743637750568
-4089.0545272636314,-0.0006617856333713118,-3949.6218090747698,18.989743637750568
-4087.053526763381,-0.0006483655001447756,-3949.6218090747698,18.989743637750568
-4085.052526263131,-0.0006319381879680223,-3949.6218090747698,18.989743637750568
-4083.051525762881,-0.0006123815930629624,-3949.6218090747698,18.989743637750568
-4081.050525262631,-0.0005896387571512822,-3949.6218090747698,18.989743637750568
-4079.0495247623808,-0.0005634944913872615,-3949.6218090747698,18.989743637750568
-4077.0485242621303,-0.0005338157963879731,-3949.6218090747698,18.989743637750568
-4075.0475237618803,-0.0005006072693635214,-3949.6218090747698,18.989743637750568
-4073.04652326163,-0.0004636873964892988,-3949.6218090747698,18.989743637750568
-4071.04552276138,-0.00042291772763360677,-3949.6218090747698,18.989743637750568
-4069.0445222611297,-0.00037836318496324497,-3949.6218090747698,18.989743637750568
-4067.0435217608797,-0.00032989241435522025,-3949.6218090747698,18.989743637750568
-4065.04252126063,-0.000277362601211751,-3949.6218090747698,18.989743637750568
-4063.0415207603796,-0.00022090481682068125,-3949.6218090747698,18.989743637750568
-4061.040520260129,-0.0001604472857208918,-3949.6218090747698,18.989743637750568
-4059.0395197598796,-9.584937997550826e-05,-3949.6218090747698,18.989743637750568
-4057.0385192596295,-2.7308103589278733e-05,-3949.6218090747698,18.989743637750568
-4055.037518759379,4.518681220484495e-05,-3949.6218090747698,18.989743637750568
-4053.036518259129,0.00012176427524227278,-3949.6218090747698,18.989743637750568
-4051.035517758879,0.00020216411953448313,-3949.6218090747698,18.989743637750568
-4049.0345172586285,0.0002863305326341409,-3949.6218090747698,18.989743637750568
-4047.033516758378,0.0003743627143727449,-3949.6218090747698,18.989743637750568
-4045.0325162581285,0.00046596196861422386,-3949.6218090747698,18.989743637750568
-4043.0315157578784,0.0005610048527856733,-3949.6218090747698,18.989743637750568
-4041.030515257628,0.0006595519964591778,-3949.6218090747698,18.989743637750568
-4039.029514757378,0.0007612566965942716,-3949.6218090747698,18.989743637750568
-4037.028514257128,0.0008659544236088716,-3949.6218090747698,18.989743637750568
-4035.027513756878,0.0009736193142525269,-3949.6218090747698,18.989743637750568
-4033.026513256628,0.0010839103341564486,-3949.6218090747698,18.989743637750568
-4031.0255127563773,0.0011966106632732565,-3949.6218090747698,18.989743637750568
-4029.0245122561273,0.0013116049095592912,-3949.6218090747698,18.989743637750568
-4027.0235117558777,0.0014285684518383548,-3949.6218090747698,18.989743637750568
-4025.0225112556273,0.0015472380666766744,-3949.6218090747698,18.989743637750568
-4023.0215107553768,0.001667419177365891,-3949.6218090747698,18.989743637750568
-4021.020510255127,0.0017887944908532758,-3949.6218090747698,18.989743637750568
-4019.019509754877,0.0019110676041918032,-3949.6218090747698,18.989743637750568
-4017.0185092546267,0.002033985000256921,-3949.6218090747698,18.989743637750568
-4015.017508754376,0.0021572270156465134,-3949.6218090747698,18.989743637750568
-4013.0165082541266,0.0022804906291243364,-3949.6218090747698,18.989743637750568
-4011.0155077538766,0.002403460969798085,-3949.6218090747698,18.989743637750568
-4009.014507253626,0.0025258175368352395,-3949.6218090747698,18.989743637750568
-4007.013506753376,0.002647265699430666,-3949.6218090747698,18.989743637750568
-4005.012506253126,0.0027674558798486625,-3949.6218090747698,18.989743637750568
-4003.011505752876,0.0028860545628341793,-3949.6218090747698,18.989743637750568
-4001.0105052526255,0.003002795894979847,-3949.6218090747698,18.989743637750568
-3999.0095047523755,0.0031173346891954145,-3949.6218090747698,18.989743637750568
-3997.0085042521255,0.0032294101163772276,-3949.6218090747698,18.989743637750568
-3995.0075037518754,0.003338564831328235,-3949.6218090747698,18.989743637750568
-3993.006503251625,0.0034445675312471495,-3949.6218090747698,18.989743637750568
-3991.005502751375,0.003547035420098284,-3949.6218090747698,18.989743637750568
-3989.0045022511254,0.0036458195628606502,-3949.6218090747698,18.989743637750568
-3987.003501750875,0.003740587474703172,-3949.6218090747698,18.989743637750568
-3985.0025012506244,0.003830922472372095,-3949.6218090747698,18.989743637750568
-3983.0015007503744,0.003916760139631852,-3949.6218090747698,18.989743637750568
-3981.000500250125,0.003997813362991893,-3949.6218090747698,18.989743637750568
-3978.9994997498743,0.004073628326525277,-3949.6218090747698,18.989743637750568
-3976.998499249624,0.004144238366113483,-3949.6218090747698,18.989743637750568
-3974.9974987493742,0.004209418532488644,-3949.6218090747698,18.989743637750568
-3972.996498249124,0.004268677678332463,-3949.6218090747698,18.989743637750568
-3970.9954977488737,0.004322019488094558,-3949.6218090747698,18.989743637750568
-3968.9944972486237,0.004369494261161812,-3949.6218090747698,18.989743637750568
-3966.9934967483737,0.004410589123757697,-3949.6218090747698,18.989743637750568
-3964.9924962481236,0.004445475589800088,-3949.6218090747698,18.989743637750568
-3962.9914957478736,0.004474057124128042,-3949.6218090747698,18.989743637750568
-3960.990495247623,0.004496105761631802,-3949.6218090747698,18.989743637750568
-3958.989494747373,0.004511446545819034,-3949.6218090747698,18.989743637750568
-3956.9884942471235,0.0045202834991690454,-3949.6218090747698,18.989743637750568
-3954.987493746873,0.004522260834222139,-3949.6218090747698,18.989743637750568
-3952.9864932466226,0.004517630702316673,-3949.6218090747698,18.989743637750568
-3950.9854927463725,0.004506477374526174,-3949.6218090747698,18.989743637750568
-3948.9844922461225,0.004488540557524933,-3949.6218090747698,18.989743637750568
-3946.983491745872,0.004464067038728061,-3949.6218090747698,18.989743637750568
-3944.982491245622,0.004433230963554524,-3949.6218090747698,18.989743637750568
-3942.9814907453724,0.0043958725660141335,-3949.6218090747698,18.989743637750568
-3940.980490245122,0.004352229130494886,-3949.6218090747698,18.989743637750568
-3938.9794897448714,0.004302557848099488,-3949.6218090747698,18.989743637750568
-3936.978489244622,0.004246799357293569,-3949.6218090747698,18.989743637750568
-3934.977488744372,0.004185180581489214,-3949.6218090747698,18.989743637750568
-3932.9764882441214,0.004118030406707349,-3949.6218090747698,18.989743637750568
-3930.975487743871,0.004045384756424631,-3949.6218090747698,18.989743637750568
-3928.9744872436213,0.003967462422769178,-3949.6218090747698,18.989743637750568
-3926.9734867433713,0.003884648675964297,-3949.6218090747698,18.989743637750568
-3924.972486243121,0.00379706502468465,-3949.6218090747698,18.989743637750568
-3922.9714857428708,0.003704927032170375,-3949.6218090747698,18.989743637750568
-3920.9704852426207,0.0036086578577746893,-3949.6218090747698,18.989743637750568
-3918.9694847423707,0.0035084509609427314,-3949.6218090747698,18.989743637750568
-3916.9684842421207,0.0034045256473662746,-3949.6218090747698,18.989743637750568
-3914.96748374187,0.0032973222332723243,-3949.6218090747698,18.989743637750568
-3912.96648324162,0.003187089395832288,-3949.6218090747698,18.989743637750568
-3910.9654827413706,0.003074058475461375,-3949.6218090747698,18.989743637750568
-3908.96448224112,0.0029586650431543396,-3949.6218090747698,18.989743637750568
-3906.9634817408696,0.0028411941392657565,-3949.6218090747698,18.989743637750568
-3904.96248124062,0.002721897913429316,-3949.6218090747698,18.989743637750568
-3902.9614807403696,0.0026011852488815163,-3949.6218090747698,18.989743637750568
-3900.960480240119,0.0024793665055425265,-3949.6218090747698,18.989743637750568
-3898.959479739869,0.0023567050830538318,-3949.6218090747698,18.989743637750568
-3896.9584792396195,0.0022335713947278886,-3949.6218090747698,18.989743637750568
-3894.957478739369,0.002110263504740559,-3949.6218090747698,18.989743637750568
-3892.9564782391185,0.0019870990809881597,-3949.6218090747698,18.989743637750568
-3890.955477738869,0.0018643732626380067,-3949.6218090747698,18.989743637750568
-3888.954477238619,0.0017423670323934706,-3949.6218090747698,18.989743637750568
-3886.9534767383684,0.0016214240634764327,-3949.6218090747698,18.989743637750568
-3884.9524762381184,0.0015017741021759647,-3949.6218090747698,18.989743637750568
-3882.9514757378683,0.0013836653142962792,-3949.6218090747698,18.989743637750568
-3880.9504752376183,0.001267446854915747,-3949.6218090747698,18.989743637750568
-3878.9494747373683,0.0011532936012350371,-3949.6218090747698,18.989743637750568
-3876.948474237118,0.0010414090977317234,-3949.6218090747698,18.989743637750568
-3874.947473736868,0.0009321263251214569,-3949.6218090747698,18.989743637750568
-3872.946473236618,0.0008255783409093776,-3949.6218090747698,18.989743637750568
-3870.9454727363677,0.0007219098225805842,-3949.6218090747698,18.989743637750568
-3868.9444722361172,0.0006214213481809703,-3949.6218090747698,18.989743637750568
-3866.943471735867,0.0005242151358761067,-3949.6218090747698,18.989743637750568
-3864.9424712356176,0.00043036848246223215,-3949.6218090747698,18.989743637750568
-3862.941470735367,0.00034013560123921074,-3949.6218090747698,18.989743637750568
-3860.9404702351167,0.0002535972771422829,-3949.6218090747698,18.989743637750568
-3858.939469734867,0.00017075874634021524,-3949.6218090747698,18.989743637750568
-3856.9384692346166,9.181779565998278e-05,-3949.6218090747698,18.989743637750568
-3854.937468734366,1.684104401467046e-05,-3949.6218090747698,18.989743637750568
-3852.9364682341165,-5.423879322278354e-05,-3949.6218090747698,18.989743637750568
-3850.9354677338665,-0.00012128638315677298,-3949.6218090747698,18.989743637750568
-3848.934467233616,-0.00018424431327456337,-3949.6218090747698,18.989743637750568
-3846.933466733366,-0.0002432487405643653,-3949.6218090747698,18.989743637750568
-3844.932466233116,-0.0002982352122795107,-3949.6218090747698,18.989743637750568
-3842.931465732866,-0.00034914174339521347,-3949.6218090747698,18.989743637750568
-3840.930465232616,-0.00039617122971015824,-3949.6218090747698,18.989743637750568
-3838.9294647323654,-0.0004393156460458087,-3949.6218090747698,18.989743637750568
-3836.9284642321154,-0.0004785308743009865,-3949.6218090747698,18.989743637750568
-3834.927463731866,-0.0005140660656002879,-3949.6218090747698,18.989743637750568
-3832.9264632316153,-0.0005459702421002671,-3949.6218090747698,18.989743637750568
-3830.925462731365,-0.0005742069152095202,-3949.6218090747698,18.989743637750568
-3828.924462231115,-0.0005990639953164899,-3949.6218090747698,18.989743637750568
-3826.9234617308653,-0.0006206392459855352,-3949.6218090747698,18.989743637750568
-3824.9224612306148,-0.000638907008483028,-3949.6218090747698,18.989743637750568
-3822.9214607303643,-0.0006541792460813008,-3949.6218090747698,18.989743637750568
-3820.9204602301147,-0.0006665921439690763,-3949.6218090747698,18.989743637750568
-3818.9194597298647,-0.0006761345429713271,-3949.6218090747698,18.989743637750568
-3816.918459229614,-0.0006831272560427794,-3949.6218090747698,18.989743637750568
-3814.917458729364,-0.0006877236675549098,-3949.6218090747698,18.989743637750568
-3812.916458229114,-0.0006899597531961091,-3949.6218090747698,18.989743637750568
-3810.9154577288637,-0.0006901199897536771,-3949.6218090747698,18.989743637750568
-3808.914457228613,-0.0006883760862057076,-3949.6218090747698,18.989743637750568
-3806.9134567283636,-0.0006848063188881562,-3949.6218090747698,18.989743637750568
-3804.9124562281136,-0.000679655116062693,-3949.6218090747698,18.989743637750568
-3802.911455727863,-0.0006730996014918292,-3949.6218090747698,18.989743637750568
-3800.910455227613,-0.000665248238510156,-3949.6218090747698,18.989743637750568
-3798.909454727363,-0.0006563087912645927,-3949.6218090747698,18.989743637750568
-3796.908454227113,-0.0006464517706531799,-3949.6218090747698,18.989743637750568
-3794.907453726863,-0.000635803105658215,-3949.6218090747698,18.989743637750568
-3792.9064532266125,-0.0006245364573501359,-3949.6218090747698,18.989743637750568
-3790.9054527263625,-0.000612808386343513,-3949.6218090747698,18.989743637750568
-3788.904452226113,-0.0006007482875299156,-3949.6218090747698,18.989743637750568
-3786.9034517258624,-0.0005885017022230201,-3949.6218090747698,18.989743637750568
-3784.902451225612,-0.0005762005330588734,-3949.6218090747698,18.989743637750568
-3782.9014507253623,-0.0005639686823787833,-3949.6218090747698,18.989743637750568
-3780.9004502251123,-0.0005519262401291953,-3949.6218090747698,18.989743637750568
-3778.899449724862,-0.0005401757900644683,-3949.6218090747698,18.989743637750568
-3776.8984492246113,-0.0005288247431498762,-3949.6218090747698,18.989743637750568
-3774.8974487243618,-0.0005179728977969329,-3949.6218090747698,18.989743637750568
-3772.8964482241113,-0.0005076819898717611,-3949.6218090747698,18.989743637750568
-3770.8954477238613,-0.0004980484281471628,-3949.6218090747698,18.989743637750568
-3768.894447223611,-0.0004891523133203081,-3949.6218090747698,18.989743637750568
-3766.893446723361,-0.0004810223524146113,-3949.6218090747698,18.989743637750568
-3764.8924462231107,-0.00047372068593167654,-3949.6218090747698,18.989743637750568
-3762.891445722861,-0.0004673143045078404,-3949.6218090747698,18.989743637750568
-3760.8904452226107,-0.00046179794924736833,-3949.6218090747698,18.989743637750568
-3758.8894447223606,-0.00045720621046298486,-3949.6218090747698,18.989743637750568
-3756.8884442221106,-0.0004535923032431572,-3949.6218090747698,18.989743637750568
-3754.8874437218606,-0.0004509189052511106,-3949.6218090747698,18.989743637750568
-3752.88644322161,-0.00044919347228207225,-3949.6218090747698,18.989743637750568
-3750.8854427213605,-0.0004484558451676889,-3949.6218090747698,18.989743637750568
-3748.88444222111,-0.0004486419102134001,-3949.6218090747698,18.989743637750568
-3746.88344172086,-0.0004497344368222839,-3949.6218090747698,18.989743637750568
-3744.8824412206095,-0.00045175955633008306,-3949.6218090747698,18.989743637750568
-3742.88144072036,-0.00045463311720986147,-3949.6218090747698,18.989743637750568
-3740.8804402201094,-0.00045832025538901713,-3949.6218090747698,18.989743637750568
-3738.879439719859,-0.00046282374406780304,-3949.6218090747698,18.989743637750568
-3736.8784392196094,-0.00046805592770973866,-3949.6218090747698,18.989743637750568
-3734.877438719359,-0.00047396632666287745,-3949.6218090747698,18.989743637750568
-3732.876438219109,-0.00048053442930118587,-3949.6218090747698,18.989743637750568
-3730.875437718859,-0.00048767608899464123,-3949.6218090747698,18.989743637750568
-3728.874437218609,-0.0004953297399052402,-3949.6218090747698,18.989743637750568
-3726.8734367183583,-0.0005034563167060848,-3949.6218090747698,18.989743637750568
-3724.8724362181088,-0.0005119774868478472,-3949.6218090747698,18.989743637750568
-3722.8714357178583,-0.0005208266969054793,-3949.6218090747698,18.989743637750568
-3720.8704352176082,-0.0005299519249772009,-3949.6218090747698,18.989743637750568
-3718.8694347173578,-0.0005392818437170647,-3949.6218090747698,18.989743637750568
-3716.868434217108,-0.0005487508090833399,-3949.6218090747698,18.989743637750568
-3714.8674337168577,-0.0005583001416291987,-3949.6218090747698,18.989743637750568
-3712.8664332166077,-0.000567865715308162,-3949.6218090747698,18.989743637750568
-3710.8654327163576,-0.0005773887167404808,-3949.6218090747698,18.989743637750568
-3708.8644322161076,-0.0005868090650362755,-3949.6218090747698,18.989743637750568
-3706.863431715857,-0.0005960698718664873,-3949.6218090747698,18.989743637750568
-3704.8624312156076,-0.0006051237724346225,-3949.6218090747698,18.989743637750568
-3702.861430715357,-0.0006139149130902065,-3949.6218090747698,18.989743637750568
-3700.860430215107,-0.0006223930712487176,-3949.6218090747698,18.989743637750568
-3698.859429714857,-0.0006305271573139231,-3949.6218090747698,18.989743637750568
-3696.858429214607,-0.000638267765941274,-3949.6218090747698,18.989743637750568
-3694.8574287143565,-0.0006455720367781036,-3949.6218090747698,18.989743637750568
-3692.856428214107,-0.0006524248439050504,-3949.6218090747698,18.989743637750568
-3690.8554277138564,-0.000658790970118123,-3949.6218090747698,18.989743637750568
-3688.854427213606,-0.000664632575840012,-3949.6218090747698,18.989743637750568
-3686.853426713356,-0.0006699524664049978,-3949.6218090747698,18.989743637750568
-3684.852426213106,-0.0006747294056245988,-3949.6218090747698,18.989743637750568
-3682.851425712856,-0.0006789316821013032,-3949.6218090747698,18.989743637750568
-3680.8504252126054,-0.0006825793425910407,-3949.6218090747698,18.989743637750568
-3678.849424712356,-0.0006856657686559496,-3949.6218090747698,18.989743637750568
-3676.8484242121053,-0.0006881657744440101,-3949.6218090747698,18.989743637750568
-3674.8474237118553,-0.0006901146350729324,-3949.6218090747698,18.989743637750568
-3672.8464232116053,-0.0006915199225604135,-3949.6218090747698,18.989743637750568
-3670.8454227113552,-0.0006923632457689885,-3949.6218090747698,18.989743637750568
-3668.8444222111048,-0.0006926922791081325,-3949.6218090747698,18.989743637750568
-3666.843421710855,-0.0006925248342505204,-3949.6218090747698,18.989743637750568
-3664.8424212106047,-0.0006918556710292983,-3949.6218090747698,18.989743637750568
-3662.8414207103547,-0.0006907360487228333,-3949.6218090747698,18.989743637750568
-3660.8404202101046,-0.0006891933854088688,-3949.6218090747698,18.989743637750568
-3658.8394197098546,-0.0006872361913462225,-3949.6218090747698,18.989743637750568
-3656.838419209604,-0.0006849143762038088,-3949.6218090747698,18.989743637750568
-3654.837418709354,-0.0006822627086801187,-3949.6218090747698,18.989743637750568
-3652.836418209104,-0.0006793013683608845,-3949.6218090747698,18.989743637750568
-3650.835417708854,-0.0006760772538901823,-3949.6218090747698,18.989743637750568
-3648.8344172086036,-0.0006726293034094523,-3949.6218090747698,18.989743637750568
-3646.833416708354,-0.0006689864971612968,-3949.6218090747698,18.989743637750568
-3644.8324162081035,-0.000665191771546906,-3949.6218090747698,18.989743637750568
-3642.831415707853,-0.0006612846401711321,-3949.6218090747698,18.989743637750568
-3640.8304152076034,-0.0006572991010416402,-3949.6218090747698,18.989743637750568
-3638.829414707353,-0.0006532742241930405,-3949.6218090747698,18.989743637750568
-3636.828414207103,-0.000649246203613819,-3949.6218090747698,18.989743637750568
-3634.827413706853,-0.0006452507467225024,-3949.6218090747698,18.989743637750568
-3632.826413206603,-0.0006413232171964203,-3949.6218090747698,18.989743637750568
-3630.8254127063524,-0.0006374928073989423,-3949.6218090747698,18.989743637750568
-3628.824412206103,-0.0006337939202772175,-3949.6218090747698,18.989743637750568
-3626.8234117058523,-0.0006302574906522529,-3949.6218090747698,18.989743637750568
-3624.8224112056023,-0.0006269025062762754,-3949.6218090747698,18.989743637750568
-3622.821410705352,-0.0006237630407562203,-3949.6218090747698,18.989743637750568
-3620.8204102051022,-0.0006208638395047588,-3949.6218090747698,18.989743637750568
-3618.8194097048518,-0.0006182162785090202,-3949.6218090747698,18.989743637750568
-3616.8184092046017,-0.0006158426583760563,-3949.6218090747698,18.989743637750568
-3614.8174087043517,-0.000613766202997743,-3949.6218090747698,18.989743637750568
-3612.8164082041017,-0.000611987398577378,-3949.6218090747698,18.989743637750568
-3610.815407703851,-0.0006105201599989713,-3949.6218090747698,18.989743637750568
-3608.8144072036016,-0.0006093837138135897,-3949.6218090747698,18.989743637750568
-3606.813406703351,-0.0006085678597034197,-3949.6218090747698,18.989743637750568
-3604.812406203101,-0.0006080775112126913,-3949.6218090747698,18.989743637750568
-3602.811405702851,-0.0006079275618265356,-3949.6218090747698,18.989743637750568
-3600.810405202601,-0.0006080981990090368,-3949.6218090747698,18.989743637750568
-3598.8094047023505,-0.0006085855492231128,-3949.6218090747698,18.989743637750568
-3596.8084042021,-0.0006093996758083611,-3949.6218090747698,18.989743637750568
-3594.8074037018505,-0.0006105129845717781,-3949.6218090747698,18.989743637750568
-3592.8064032016,-0.0006119144707202612,-3949.6218090747698,18.989743637750568
-3590.80540270135,-0.0006136067067631298,-3949.6218090747698,18.989743637750568
-3588.8044022011,-0.000615558798683199,-3949.6218090747698,18.989743637750568
-3586.80340170085,-0.0006177538308425724,-3949.6218090747698,18.989743637750568
-3584.8024012005994,-0.0006201853262813721,-3949.6218090747698,18.989743637750568
-3582.80140070035,-0.0006228228412018579,-3949.6218090747698,18.989743637750568
-3580.8004002000994,-0.0006256446144596646,-3949.6218090747698,18.989743637750568
-3578.7993996998493,-0.0006286365909687915,-3949.6218090747698,18.989743637750568
-3576.7983991995993,-0.0006317697434220088,-3949.6218090747698,18.989743637750568
-3574.7973986993493,-0.0006350196616652404,-3949.6218090747698,18.989743637750568
-3572.796398199099,-0.0006383666268847483,-3949.6218090747698,18.989743637750568
-3570.7953976988492,-0.0006417837450218919,-3949.6218090747698,18.989743637750568
-3568.7943971985987,-0.0006452462424266334,-3949.6218090747698,18.989743637750568
-3566.7933966983487,-0.0006487311315976727,-3949.6218090747698,18.989743637750568
-3564.7923961980982,-0.0006522136980920089,-3949.6218090747698,18.989743637750568
-3562.7913956978487,-0.0006556712244227456,-3949.6218090747698,18.989743637750568
-3560.790395197598,-0.00065907980907116,-3949.6218090747698,18.989743637750568
-3558.789394697348,-0.0006624170312115279,-3949.6218090747698,18.989743637750568
-3556.788394197098,-0.0006656645071052136,-3949.6218090747698,18.989743637750568
-3554.787393696848,-0.0006687991768442401,-3949.6218090747698,18.989743637750568
-3552.7863931965976,-0.0006718012622272771,-3949.6218090747698,18.989743637750568
-3550.785392696348,-0.0006746578176489611,-3949.6218090747698,18.989743637750568
-3548.7843921960975,-0.0006773494089359211,-3949.6218090747698,18.989743637750568
-3546.783391695847,-0.0006798585650733199,-3949.6218090747698,18.989743637750568
-3544.7823911955975,-0.0006821791044117069,-3949.6218090747698,18.989743637750568
-3542.781390695347,-0.0006842963495141614,-3949.6218090747698,18.989743637750568
-3540.780390195097,-0.000686195318620485,-3949.6218090747698,18.989743637750568
-3538.7793896948465,-0.0006878771395743317,-3949.6218090747698,18.989743637750568
-3536.778389194597,-0.0006893329026771594,-3949.6218090747698,18.989743637750568
-3534.7773886943464,-0.0006905502930502085,-3949.6218090747698,18.989743637750568
-3532.7763881940964,-0.0006915374264396538,-3949.6218090747698,18.989743637750568
-3530.7753876938464,-0.0006922920669597513,-3949.6218090747698,18.989743637750568
-3528.7743871935963,-0.0006928046203632023,-3949.6218090747698,18.989743637750568
-3526.773386693346,-0.0006930895609054827,-3949.6218090747698,18.989743637750568
-3524.7723861930963,-0.0006931504947723003,-3949.6218090747698,18.989743637750568
-3522.771385692846,-0.0006929813205352245,-3949.6218090747698,18.989743637750568
-3520.7703851925958,-0.0006926023259906897,-3949.6218090747698,18.989743637750568
-3518.7693846923457,-0.0006935229182270535,-3949.6218090747698,18.989743637750568
-3516.7683841920957,-0.0006935229182270535,-3949.6218090747698,18.989743637750568
-3514.767383691845,-0.0006935229182270535,-3949.6218090747698,18.989743637750568
-3512.7663831915957,-0.0006935229182270535,-3949.6218090747698,18.989743637750568
-3510.765382691345,-0.0006935229182270535,-3949.6218090747698,18.989743637750568
-3508.764382191095,-0.0006935229182270535,-3949.6218090747698,18.989743637750568
-3506.7633816908447,-0.0006935229182270535,-3949.6218090747698,18.989743637750568
-3504.762381190595,-0.0006935229182270535,-3949.6218090747698,18.989743637750568
-3502.7613806903446,-0.0006935229182270535,-3949.6218090747698,18.989743637750568
-3500.760380190094,-0.0006935229182270535,-3949.6218090747698,18.989743637750568
-3498.7593796898445,-0.0006935229182270535,-3949.6218090747698,18.989743637750568
-3496.758379189594,-0.0006935229182270535,-3949.6218090747698,18.989743637750568
-3494.757378689344,-0.0006935229182270535,-3949.6218090747698,18.989743637750568
-3492.756378189094,-0.0006935229182270535,-3949.6218090747698,18.989743637750568
-3490.755377688844,-0.0006935229182270535,-3949.6218090747698,18.989743637750568
-3488.7543771885935,-0.0006935229182270535,-3949.6218090747698,18.989743637750568
-3486.753376688344,-0.0006935229182270535,-3949.6218090747698,18.989743637750568
-3484.7523761880934,-0.0006935229182270535,-3949.6218090747698,18.989743637750568
-3482.7513756878434,-0.0006935229182270535,-3949.6218090747698,18.989743637750568
-3480.7503751875934,-0.0006935229182270535,-3949.6218090747698,18.989743637750568
-3478.7493746873433,-0.0006935229182270535,-3949.6218090747698,18.989743637750568
-3476.748374187093,-0.0006935229182270535,-3949.6218090747698,18.989743637750568
-3474.747373686843,-0.0006935229182270535,-3949.6218090747698,18.989743637750568
-3472.746373186593,-0.0006935229182270535,-3949.6218090747698,18.989743637750568
-3470.7453726863428,-0.0006935229182270535,-3949.6218090747698,18.989743637750568
-3468.7443721860923,-0.0006935229182270535,-3949.6218090747698,18.989743637750568
-3466.7433716858427,-0.0006935229182270535,-3949.6218090747698,18.989743637750568
-3464.742371185592,-0.0006935229182270535,-3949.6218090747698,18.989743637750568
-3462.741370685342,-0.0006935229182270535,-3949.6218090747698,18.989743637750568
-3460.740370185092,-0.0006935229182270535,-3949.6218090747698,18.989743637750568
-3458.739369684842,-0.0006935229182270535,-3949.6218090747698,18.989743637750568
-3456.7383691845916,-0.0006935229182270535,-3949.6218090747698,18.989743637750568
-3454.737368684342,-0.0006935229182270535,-3949.6218090747698,18.989743637750568
-3452.7363681840916,-0.0006935229182270535,-3949.6218090747698,18.989743637750568
-3450.735367683841,-0.0006935229182270535,-3949.6218090747698,18.989743637750568
-3448.7343671835915,-0.0006935229182270535,-3949.6218090747698,18.989743637750568
-3446.733366683341,-0.0006935229182270535,-3949.6218090747698,18.989743637750568
-3444.732366183091,-0.0006935229182270535,-3949.6218090747698,18.989743637750568
-3442.7313656828405,-0.0006935229182270535,-3949.6218090747698,18.989743637750568
-3440.730365182591,-0.0006935229182270535,-3949.6218090747698,18.989743637750568
-3438.7293646823405,-0.0006935229182270535,-3949.6218090747698,18.989743637750568
-3436.7283641820904,-0.0006935229182270535,-3949.6218090747698,18.989743637750568
-3434.7273636818404,-0.0006935229182270535,-3949.6218090747698,18.989743637750568
-3432.7263631815904,-0.0006935229182270535,-3949.6218090747698,18.989743637750568
-3430.72536268134,-0.0006935229182270535,-3949.6218090747698,18.989743637750568
-3428.7243621810903,-0.0006935229182270535,-3949.6218090747698,18.989743637750568
-3426.72336168084,-0.0006935229182270535,-3949.6218090747698,18.989743637750568
-3424.72236118059,-0.0006935229182270535,-3949.6218090747698,18.989743637750568
-3422.72136068034,-0.0006935229182270535,-3949.6218090747698,18.989743637750568
-3420.7203601800898,-0.0006935229182270535,-3949.6218090747698,18.989743637750568
-3418.7193596798393,-0.0006935229182270535,-3949.6218090747698,18.989743637750568
-3416.7183591795897,-0.0006935229182270535,-3949.6218090747698,18.989743637750568
-3414.717358679339,-0.0006935229182270535,-3949.6218090747698,18.989743637750568
-3412.716358179089,-0.0006935229182270535,-3949.6218090747698,18.989743637750568
-3410.7153576788387,-0.0006935229182270535,-3949.6218090747698,18.989743637750568
-3408.714357178589,-0.0006935229182270535,-3949.6218090747698,18.989743637750568
-3406.7133566783386,-0.0006935229182270535,-3949.6218090747698,18.989743637750568
-3404.712356178088,-0.0006935229182270535,-3949.6218090747698,18.989743637750568
-3402.7113556778386,-0.0006935229182270535,-3949.6218090747698,18.989743637750568
-3400.710355177588,-0.0006935229182270535,-3949.6218090747698,18.989743637750568
-3398.709354677338,-0.0006935229182270535,-3949.6218090747698,18.989743637750568
-3396.708354177088,-0.0006935229182270535,-3949.6218090747698,18.989743637750568
-3394.707353676838,-0.0006935229182270535,-3949.6218090747698,18.989743637750568
-3392.7063531765875,-0.0006935229182270535,-3949.6218090747698,18.989743637750568
-3390.705352676338,-0.0006935229182270535,-3949.6218090747698,18.989743637750568
-3388.7043521760875,-0.0006935229182270535,-3949.6218090747698,18.989743637750568
-3386.7033516758374,-0.0006935229182270535,-3949.6218090747698,18.989743637750568
-3384.702351175587,-0.0006935229182270535,-3949.6218090747698,18.989743637750568
-3382.7013506753374,-0.0006935229182270535,-3949.6218090747698,18.989743637750568
-3380.700350175087,-0.0006935229182270535,-3949.6218090747698,18.989743637750568
-3378.699349674837,-0.0006935229182270535,-3949.6218090747698,18.989743637750568
-3376.698349174587,-0.0006935229182270535,-3949.6218090747698,18.989743637750568
-3374.697348674337,-0.0006935229182270535,-3949.6218090747698,18.989743637750568
-3372.6963481740863,-0.0006935229182270535,-3949.6218090747698,18.989743637750568
-3370.6953476738367,-0.0006935229182270535,-3949.6218090747698,18.989743637750568
-3368.6943471735863,-0.0006935229182270535,-3949.6218090747698,18.989743637750568
-3366.6933466733362,-0.0006935229182270535,-3949.6218090747698,18.989743637750568
-3364.692346173086,-0.0006935229182270535,-3949.6218090747698,18.989743637750568
-3362.691345672836,-0.0006935229182270535,-3949.6218090747698,18.989743637750568
-3360.6903451725857,-0.0006935229182270535,-3949.6218090747698,18.989743637750568
-3358.689344672335,-0.0006935229182270535,-3949.6218090747698,18.989743637750568
-3356.6883441720856,-0.0006935229182270535,-3949.6218090747698,18.989743637750568
-3354.687343671835,-0.0006935229182270535,-3949.6218090747698,18.989743637750568
-3352.686343171585,-0.0006935229182270535,-3949.6218090747698,18.989743637750568
-3350.685342671335,-0.0006935229182270535,-3949.6218090747698,18.989743637750568
-3348.684342171085,-0.0006935229182270535,-3949.6218090747698,18.989743637750568
-3346.6833416708346,-0.0006935229182270535,-3949.6218090747698,18.989743637750568
-3344.682341170585,-0.0006935229182270535,-3949.6218090747698,18.989743637750568
-3342.6813406703345,-0.0006935229182270535,-3949.6218090747698,18.989743637750568
-3340.6803401700845,-0.0006935229182270535,-3949.6218090747698,18.989743637750568
-3338.6793396698345,-0.0006935229182270535,-3949.6218090747698,18.989743637750568
-3336.6783391695844,-0.0006935229182270535,-3949.6218090747698,18.989743637750568
-3334.677338669334,-0.0006935229182270535,-3949.6218090747698,18.989743637750568
-3332.6763381690844,-0.0006935229182270535,-3949.6218090747698,18.989743637750568
-3330.675337668834,-0.0006935229182270535,-3949.6218090747698,18.989743637750568
-3328.674337168584,-0.0006935229182270535,-3949.6218090747698,18.989743637750568
-3326.6733366683334,-0.0006935229182270535,-3949.6218090747698,18.989743637750568
-3324.672336168084,-0.0006935229182270535,-3949.6218090747698,18.989743637750568
-3322.6713356678333,-0.0006935229182270535,-3949.6218090747698,18.989743637750568
-3320.6703351675833,-0.0006935229182270535,-3949.6218090747698,18.989743637750568
-3318.6693346673333,-0.0006935229182270535,-3949.6218090747698,18.989743637750568
-3316.6683341670832,-0.0006935229182270535,-3949.6218090747698,18.989743637750568
-3314.6673336668327,-0.0006935229182270535,-3949.6218090747698,18.989743637750568
-3312.666333166583,-0.0006935229182270535,-3949.6218090747698,18.989743637750568
-3310.6653326663327,-0.0006935229182270535,-3949.6218090747698,18.989743637750568
-3308.664332166082,-0.0006935229182270535,-3949.6218090747698,18.989743637750568
-3306.6633316658326,-0.0006935229182270535,-3949.6218090747698,18.989743637750568
-3304.662331165582,-0.0006935229182270535,-3949.6218090747698,18.989743637750568
-3302.661330665332,-0.0006935229182270535,-3949.6218090747698,18.989743637750568
-3300.660330165082,-0.0006935229182270535,-3949.6218090747698,18.989743637750568
-3298.659329664832,-0.0006935229182270535,-3949.6218090747698,18.989743637750568
-3296.6583291645816,-0.0006935229182270535,-3949.6218090747698,18.989743637750568
-3294.6573286643315,-0.0006935229182270535,-3949.6218090747698,18.989743637750568
-3292.6563281640815,-0.0006935229182270535,-3949.6218090747698,18.989743637750568
-3290.6553276638315,-0.0006935229182270535,-3949.6218090747698,18.989743637750568
-3288.654327163581,-0.0006935229182270535,-3949.6218090747698,18.989743637750568
-3286.6533266633314,-0.0006935229182270535,-3949.6218090747698,18.989743637750568
-3284.652326163081,-0.0006935229182270535,-3949.6218090747698,18.989743637750568
-3282.651325662831,-0.0006935229182270535,-3949.6218090747698,18.989743637750568
-3280.650325162581,-0.0006935229182270535,-3949.6218090747698,18.989743637750568
-3278.649324662331,-0.0006935229182270535,-3949.6218090747698,18.989743637750568
-3276.6483241620804,-0.0006935229182270535,-3949.6218090747698,18.989743637750568
-3274.647323661831,-0.0006935229182270535,-3949.6218090747698,18.989743637750568
-3272.6463231615803,-0.0006935229182270535,-3949.6218090747698,18.989743637750568
-3270.6453226613303,-0.0006935229182270535,-3949.6218090747698,18.989743637750568
-3268.6443221610803,-0.0006935229182270535,-3949.6218090747698,18.989743637750568
-3266.64332166083,-0.0006935229182270535,-3949.6218090747698,18.989743637750568
-3264.6423211605797,-0.0006935229182270535,-3949.6218090747698,18.989743637750568
-3262.6413206603293,-0.0006935229182270535,-3949.6218090747698,18.989743637750568
-3260.6403201600797,-0.0006935229182270535,-3949.6218090747698,18.989743637750568
-3258.639319659829,-0.0006935229182270535,-3949.6218090747698,18.989743637750568
-3256.638319159579,-0.0006935229182270535,-3949.6218090747698,18.989743637750568
-3254.637318659329,-0.0006935229182270535,-3949.6218090747698,18.989743637750568
-3252.636318159079,-0.0006935229182270535,-3949.6218090747698,18.989743637750568
-3250.6353176588286,-0.0006935229182270535,-3949.6218090747698,18.989743637750568
-3248.634317158579,-0.0006935229182270535,-3949.6218090747698,18.989743637750568
-3246.6333166583286,-0.0006935229182270535,-3949.6218090747698,18.989743637750568
-3244.6323161580785,-0.0006935229182270535,-3949.6218090747698,18.989743637750568
-3242.6313156578285,-0.0006935229182270535,-3949.6218090747698,18.989743637750568
-3240.6303151575785,-0.0006935229182270535,-3949.6218090747698,18.989743637750568
-3238.629314657328,-0.0006935229182270535,-3949.6218090747698,18.989743637750568
-3236.6283141570784,-0.0006935229182270535,-3949.6218090747698,18.989743637750568
-3234.627313656828,-0.0006935229182270535,-3949.6218090747698,18.989743637750568
-3232.626313156578,-0.0006935229182270535,-3949.6218090747698,18.989743637750568
-3230.6253126563274,-0.0006935229182270535,-3949.6218090747698,18.989743637750568
-3228.624312156078,-0.0006935229182270535,-3949.6218090747698,18.989743637750568
-3226.6233116558274,-0.0006935229182270535,-3949.6218090747698,18.989743637750568
-3224.6223111555773,-0.0006935229182270535,-3949.6218090747698,18.989743637750568
-3222.6213106553273,-0.0006935229182270535,-3949.6218090747698,18.989743637750568
-3220.6203101550773,-0.0006935229182270535,-3949.6218090747698,18.989743637750568
-3218.619309654827,-0.0006935229182270535,-3949.6218090747698,18.989743637750568
-3216.618309154577,-0.0006935229182270535,-3949.6218090747698,18.989743637750568
-3214.6173086543267,-0.0006935229182270535,-3949.6218090747698,18.989743637750568
-3212.6163081540763,-0.0006935229182270535,-3949.6218090747698,18.989743637750568
-3210.6153076538267,-0.0006935229182270535,-3949.6218090747698,18.989743637750568
-3208.614307153576,-0.0006935229182270535,-3949.6218090747698,18.989743637750568
-3206.613306653326,-0.0006935229182270535,-3949.6218090747698,18.989743637750568
-3204.6123061530757,-0.0006935229182270535,-3949.6218090747698,18.989743637750568
-3202.611305652826,-0.0006935229182270535,-3949.6218090747698,18.989743637750568
-3200.6103051525756,-0.0006935229182270535,-3949.6218090747698,18.989743637750568
-3198.6093046523256,-0.0006935229182270535,-3949.6218090747698,18.989743637750568
-3196.6083041520756,-0.0006935229182270535,-3949.6218090747698,18.989743637750568
-3194.6073036518255,-0.0006935229182270535,-3949.6218090747698,18.989743637750568
-3192.606303151575,-0.0006935229182270535,-3949.6218090747698,18.989743637750568
-3190.6053026513255,-0.0006935229182270535,-3949.6218090747698,18.989743637750568
-3188.604302151075,-0.0006935229182270535,-3949.6218090747698,18.989743637750568
-3186.603301650825,-0.0006935229182270535,-3949.6218090747698,18.989743637750568
-3184.602301150575,-0.0006935229182270535,-3949.6218090747698,18.989743637750568
-3182.601300650325,-0.0006935229182270535,-3949.6218090747698,18.989743637750568
-3180.6003001500744,-0.0006935229182270535,-3949.6218090747698,18.989743637750568
-3178.599299649825,-0.0006935229182270535,-3949.6218090747698,18.989743637750568
-3176.5982991495744,-0.0006935229182270535,-3949.6218090747698,18.989743637750568
-3174.5972986493243,-0.0006935229182270535,-3949.6218090747698,18.989743637750568
-3172.596298149074,-0.0006935229182270535,-3949.6218090747698,18.989743637750568
-3170.5952976488243,-0.0006935229182270535,-3949.6218090747698,18.989743637750568
-3168.594297148574,-0.0006935229182270535,-3949.6218090747698,18.989743637750568
-3166.5932966483233,-0.0006935229182270535,-3949.6218090747698,18.989743637750568
-3164.5922961480737,-0.0006935229182270535,-3949.6218090747698,18.989743637750568
-3162.5912956478232,-0.0006935229182270535,-3949.6218090747698,18.989743637750568
-3160.590295147573,-0.0006935229182270535,-3949.6218090747698,18.989743637750568
-3158.589294647323,-0.0006935229182270535,-3949.6218090747698,18.989743637750568
-3156.588294147073,-0.0006935229182270535,-3949.6218090747698,18.989743637750568
-3154.5872936468227,-0.0006935229182270535,-3949.6218090747698,18.989743637750568
-3152.586293146573,-0.0006935229182270535,-3949.6218090747698,18.989743637750568
-3150.5852926463226,-0.0006935229182270535,-3949.6218090747698,18.989743637750568
-3148.5842921460726,-0.0006935229182270535,-3949.6218090747698,18.989743637750568
-3146.583291645822,-0.0006935229182270535,-3949.6218090747698,18.989743637750568
-3144.5822911455725,-0.0006935229182270535,-3949.6218090747698,18.989743637750568
-3142.581290645322,-0.0006935229182270535,-3949.6218090747698,18.989743637750568
-3140.580290145072,-0.0006935229182270535,-3949.6218090747698,18.989743637750568
-3138.579289644822,-0.0006935229182270535,-3949.6218090747698,18.989743637750568
-3136.578289144572,-0.0006935229182270535,-3949.6218090747698,18.989743637750568
-3134.5772886443215,-0.0006935229182270535,-3949.6218090747698,18.989743637750568
-3132.576288144072,-0.0006935229182270535,-3949.6218090747698,18.989743637750568
-3130.5752876438214,-0.0006935229182270535,-3949.6218090747698,18.989743637750568
-3128.5742871435714,-0.0006935229182270535,-3949.6218090747698,18.989743637750568
-3126.5732866433214,-0.0006935229182270535,-3949.6218090747698,18.989743637750568
-3124.5722861430713,-0.0006935229182270535,-3949.6218090747698,18.989743637750568
-3122.571285642821,-0.0006935229182270535,-3949.6218090747698,18.989743637750568
-3120.5702851425704,-0.0006935229182270535,-3949.6218090747698,18.989743637750568
-3118.569284642321,-0.0006935229182270535,-3949.6218090747698,18.989743637750568
-3116.5682841420703,-0.0006935229182270535,-3949.6218090747698,18.989743637750568
-3114.5672836418203,-0.0006935229182270535,-3949.6218090747698,18.989743637750568
-3112.5662831415702,-0.0006935229182270535,-3949.6218090747698,18.989743637750568
-3110.56528264132,-0.0006935229182270535,-3949.6218090747698,18.989743637750568
-3108.5642821410697,-0.0006935229182270535,-3949.6218090747698,18.989743637750568
-3106.56328164082,-0.0006935229182270535,-3949.6218090747698,18.989743637750568
-3104.5622811405697,-0.0006935229182270535,-3949.6218090747698,18.989743637750568
-3102.5612806403196,-0.0006935229182270535,-3949.6218090747698,18.989743637750568
-3100.5602801400696,-0.0006935229182270535,-3949.6218090747698,18.989743637750568
-3098.5592796398196,-0.0006935229182270535,-3949.6218090747698,18.989743637750568
-3096.558279139569,-0.0006935229182270535,-3949.6218090747698,18.989743637750568
-3094.5572786393195,-0.0006935229182270535,-3949.6218090747698,18.989743637750568
-3092.556278139069,-0.0006935229182270535,-3949.6218090747698,18.989743637750568
-3090.555277638819,-0.0006935229182270535,-3949.6218090747698,18.989743637750568
-3088.5542771385685,-0.0006935229182270535,-3949.6218090747698,18.989743637750568
-3086.553276638319,-0.0006935229182270535,-3949.6218090747698,18.989743637750568
-3084.5522761380685,-0.0006935229182270535,-3949.6218090747698,18.989743637750568
-3082.5512756378184,-0.0006935229182270535,-3949.6218090747698,18.989743637750568
-3080.5502751375684,-0.0006935229182270535,-3949.6218090747698,18.989743637750568
-3078.5492746373184,-0.0006935229182270535,-3949.6218090747698,18.989743637750568
-3076.548274137068,-0.0006935229182270535,-3949.6218090747698,18.989743637750568
-3074.5472736368183,-0.0006935229182270535,-3949.6218090747698,18.989743637750568
-3072.546273136568,-0.0006935229182270535,-3949.6218090747698,18.989743637750568
-3070.5452726363173,-0.0006935229182270535,-3949.6218090747698,18.989743637750568
-3068.544272136068,-0.0006935229182270535,-3949.6218090747698,18.989743637750568
-3066.5432716358173,-0.0006935229182270535,-3949.6218090747698,18.989743637750568
-3064.5422711355673,-0.0006935229182270535,-3949.6218090747698,18.989743637750568
-3062.5412706353172,-0.0006935229182270535,-3949.6218090747698,18.989743637750568
-3060.540270135067,-0.0006935229182270535,-3949.6218090747698,18.989743637750568
-3058.5392696348167,-0.0006935229182270535,-3949.6218090747698,18.989743637750568
-3056.5382691345667,-0.0006935229182270535,-3949.6218090747698,18.989743637750568
-3054.5372686343167,-0.0006935229182270535,-3949.6218090747698,18.989743637750568
-3052.5362681340666,-0.0006935229182270535,-3949.6218090747698,18.989743637750568
-3050.535267633816,-0.0006935229182270535,-3949.6218090747698,18.989743637750568
-3048.5342671335666,-0.0006935229182270535,-3949.6218090747698,18.989743637750568
-3046.533266633316,-0.0006935229182270535,-3949.6218090747698,18.989743637750568
-3044.532266133066,-0.0006935229182270535,-3949.6218090747698,18.989743637750568
-3042.531265632816,-0.0006935229182270535,-3949.6218090747698,18.989743637750568
-3040.530265132566,-0.0006935229182270535,-3949.6218090747698,18.989743637750568
-3038.5292646323155,-0.0006935229182270535,-3949.6218090747698,18.989743637750568
-3036.528264132066,-0.0006935229182270535,-3949.6218090747698,18.989743637750568
-3034.5272636318155,-0.0006935229182270535,-3949.6218090747698,18.989743637750568
-3032.5262631315654,-0.0006935229182270535,-3949.6218090747698,18.989743637750568
-3030.5252626313154,-0.0006935229182270535,-3949.6218090747698,18.989743637750568
-3028.5242621310654,-0.0006935229182270535,-3949.6218090747698,18.989743637750568
-3026.523261630815,-0.0006935229182270535,-3949.6218090747698,18.989743637750568
-3024.5222611305644,-0.0006935229182270535,-3949.6218090747698,18.989743637750568
-3022.521260630315,-0.0006935229182270535,-3949.6218090747698,18.989743637750568
-3020.5202601300643,-0.0006935229182270535,-3949.6218090747698,18.989743637750568
-3018.5192596298143,-0.0006935229182270535,-3949.6218090747698,18.989743637750568
-3016.5182591295643,-0.0006935229182270535,-3949.6218090747698,18.989743637750568
-3014.5172586293143,-0.0006935229182270535,-3949.6218090747698,18.989743637750568
-3012.5162581290638,-0.0006935229182270535,-3949.6218090747698,18.989743637750568
-3010.515257628814,-0.0006935229182270535,-3949.6218090747698,18.989743637750568
-3008.5142571285637,-0.0006935229182270535,-3949.6218090747698,18.989743637750568
-3006.5132566283137,-0.0006935229182270535,-3949.6218090747698,18.989743637750568
-3004.5122561280637,-0.0006935229182270535,-3949.6218090747698,18.989743637750568
-3002.5112556278136,-0.0006935229182270535,-3949.6218090747698,18.989743637750568
-3000.510255127563,-0.0006935229182270535,-3949.6218090747698,18.989743637750568
-2998.5092546273136,-0.0006935229182270535,-3949.6218090747698,18.989743637750568
-2996.508254127063,-0.0006935229182270535,-3949.6218090747698,18.989743637750568
-2994.507253626813,-0.0006935229182270535,-3949.6218090747698,18.989743637750568
-2992.5062531265626,-0.0006935229182270535,-3949.6218090747698,18.989743637750568
-2990.505252626313,-0.0006935229182270535,-3949.6218090747698,18.989743637750568
-2988.5042521260625,-0.0006935229182270535,-3949.6218090747698,18.989743637750568
-2986.5032516258125,-0.0006935229182270535,-3949.6218090747698,18.989743637750568
-2984.5022511255625,-0.0006935229182270535,-3949.6218090747698,18.989743637750568
-2982.5012506253124,-0.0006935229182270535,-3949.6218090747698,18.989743637750568
-2980.500250125062,-0.0006935229182270535,-3949.6218090747698,18.989743637750568
-2978.4992496248124,-0.0006935229182270535,-3949.6218090747698,18.989743637750568
-2976.498249124562,-0.0006935229182270535,-3949.6218090747698,18.989743637750568
-2974.4972486243114,-0.0006935229182270535,-3949.6218090747698,18.989743637750568
-2972.496248124062,-0.0006935229182270535,-3949.6218090747698,18.989743637750568
-2970.4952476238113,-0.0006935229182270535,-3949.6218090747698,18.989743637750568
-2968.4942471235613,-0.0006935229182270535,-3949.6218090747698,18.989743637750568
-2966.493246623311,-0.0006935229182270535,-3949.6218090747698,18.989743637750568
-2964.4922461230612,-0.0006935229182270535,-3949.6218090747698,18.989743637750568
-2962.4912456228108,-0.0006935229182270535,-3949.6218090747698,18.989743637750568
-2960.4902451225607,-0.0006935229182270535,-3949.6218090747698,18.989743637750568
-2958.4892446223107,-0.0006935229182270535,-3949.6218090747698,18.989743637750568
-2956.4882441220607,-0.0006935229182270535,-3949.6218090747698,18.989743637750568
-2954.48724362181,-0.0006935229182270535,-3949.6218090747698,18.989743637750568
-2952.4862431215606,-0.0006935229182270535,-3949.6218090747698,18.989743637750568
-2950.48524262131,-0.0006935229182270535,-3949.6218090747698,18.989743637750568
-2948.48424212106,-0.0006935229182270535,-3949.6218090747698,18.989743637750568
-2946.48324162081,-0.0006935229182270535,-3949.6218090747698,18.989743637750568
-2944.48224112056,-0.0006935229182270535,-3949.6218090747698,18.989743637750568
-2942.4812406203096,-0.0006935229182270535,-3949.6218090747698,18.989743637750568
-2940.48024012006,-0.0006935229182270535,-3949.6218090747698,18.989743637750568
-2938.4792396198095,-0.0006935229182270535,-3949.6218090747698,18.989743637750568
-2936.4782391195595,-0.0006935229182270535,-3949.6218090747698,18.989743637750568
-2934.477238619309,-0.0006935229182270535,-3949.6218090747698,18.989743637750568
-2932.4762381190594,-0.0006935229182270535,-3949.6218090747698,18.989743637750568
-2930.475237618809,-0.0006935229182270535,-3949.6218090747698,18.989743637750568
-2928.4742371185584,-0.0006935229182270535,-3949.6218090747698,18.989743637750568
-2926.473236618309,-0.0006935229182270535,-3949.6218090747698,18.989743637750568
-2924.4722361180584,-0.0006935229182270535,-3949.6218090747698,18.989743637750568
-2922.4712356178084,-0.0006935229182270535,-3949.6218090747698,18.989743637750568
-2920.4702351175583,-0.0006935229182270535,-3949.6218090747698,18.989743637750568
-2918.4692346173083,-0.0006935229182270535,-3949.6218090747698,18.989743637750568
-2916.468234117058,-0.0006935229182270535,-3949.6218090747698,18.989743637750568
-2914.4672336168082,-0.0006935229182270535,-3949.6218090747698,18.989743637750568
-2912.4662331165578,-0.0006935229182270535,-3949.6218090747698,18.989743637750568
-2910.4652326163077,-0.0006935229182270535,-3949.6218090747698,18.989743637750568
-2908.4642321160572,-0.0006935229182270535,-3949.6218090747698,18.989743637750568
-2906.4632316158077,-0.0006935229182270535,-3949.6218090747698,18.989743637750568
-2904.462231115557,-0.0006935229182270535,-3949.6218090747698,18.989743637750568
-2902.461230615307,-0.0006935229182270535,-3949.6218090747698,18.989743637750568
-2900.460230115057,-0.0006935229182270535,-3949.6218090747698,18.989743637750568
-2898.459229614807,-0.0006935229182270535,-3949.6218090747698,18.989743637750568
-2896.4582291145566,-0.0006935229182270535,-3949.6218090747698,18.989743637750568
-2894.457228614307,-0.0006935229182270535,-3949.6218090747698,18.989743637750568
-2892.4562281140566,-0.0006935229182270535,-3949.6218090747698,18.989743637750568
-2890.4552276138065,-0.0006935229182270535,-3949.6218090747698,18.989743637750568
-2888.4542271135565,-0.0006935229182270535,-3949.6218090747698,18.989743637750568
-2886.4532266133065,-0.0006935229182270535,-3949.6218090747698,18.989743637750568
-2884.452226113056,-0.0006935229182270535,-3949.6218090747698,18.989743637750568
-2882.451225612806,-0.0006935229182270535,-3949.6218090747698,18.989743637750568
-2880.450225112556,-0.0006935229182270535,-3949.6218090747698,18.989743637750568
-2878.4492246123054,-0.0006935229182270535,-3949.6218090747698,18.989743637750568
-2876.4482241120554,-0.0006935229182270535,-3949.6218090747698,18.989743637750568
-2874.4472236118054,-0.0006935229182270535,-3949.6218090747698,18.989743637750568
-2872.4462231115554,-0.0006935229182270535,-3949.6218090747698,18.989743637750568
-2870.445222611305,-0.0006935229182270535,-3949.6218090747698,18.989743637750568
-2868.4442221110553,-0.0006935229182270535,-3949.6218090747698,18.989743637750568
-2866.443221610805,-0.0006935229182270535,-3949.6218090747698,18.989743637750568
-2864.442221110555,-0.0006935229182270535,-3949.6218090747698,18.989743637750568
-2862.4412206103048,-0.0006935229182270535,-3949.6218090747698,18.989743637750568
-2860.4402201100547,-0.0006935229182270535,-3949.6218090747698,18.989743637750568
-2858.4392196098042,-0.0006935229182270535,-3949.6218090747698,18.989743637750568
-2856.4382191095547,-0.0006935229182270535,-3949.6218090747698,18.989743637750568
-2854.437218609304,-0.0006935229182270535,-3949.6218090747698,18.989743637750568
-2852.436218109054,-0.0006935229182270535,-3949.6218090747698,18.989743637750568
-2850.435217608804,-0.0006935229182270535,-3949.6218090747698,18.989743637750568
-2848.434217108554,-0.0006935229182270535,-3949.6218090747698,18.989743637750568
-2846.4332166083036,-0.0006935229182270535,-3949.6218090747698,18.989743637750568
-2844.4322161080536,-0.0006935229182270535,-3949.6218090747698,18.989743637750568
-2842.4312156078036,-0.0006935229182270535,-3949.6218090747698,18.989743637750568
-2840.4302151075535,-0.0006935229182270535,-3949.6218090747698,18.989743637750568
-2838.429214607303,-0.0006935229182270535,-3949.6218090747698,18.989743637750568
-2836.4282141070535,-0.0006935229182270535,-3949.6218090747698,18.989743637750568
-2834.427213606803,-0.0006935229182270535,-3949.6218090747698,18.989743637750568
-2832.4262131065525,-0.0006935229182270535,-3949.6218090747698,18.989743637750568
-2830.425212606303,-0.0006935229182270535,-3949.6218090747698,18.989743637750568
-2828.4242121060524,-0.0006935229182270535,-3949.6218090747698,18.989743637750568
-2826.4232116058024,-0.0006935229182270535,-3949.6218090747698,18.989743637750568
-2824.4222111055524,-0.0006935229182270535,-3949.6218090747698,18.989743637750568
-2822.4212106053023,-0.0006935229182270535,-3949.6218090747698,18.989743637750568
-2820.420210105052,-0.0006935229182270535,-3949.6218090747698,18.989743637750568
-2818.4192096048023,-0.0006935229182270535,-3949.6218090747698,18.989743637750568
-2816.418209104552,-0.0006935229182270535,-3949.6218090747698,18.989743637750568
-2814.417208604302,-0.0006935229182270535,-3949.6218090747698,18.989743637750568
-2812.4162081040513,-0.0006935229182270535,-3949.6218090747698,18.989743637750568
-2810.4152076038017,-0.0006935229182270535,-3949.6218090747698,18.989743637750568
-2808.4142071035512,-0.0006935229182270535,-3949.6218090747698,18.989743637750568
-2806.413206603301,-0.0006935229182270535,-3949.6218090747698,18.989743637750568
-2804.412206103051,-0.0006935229182270535,-3949.6218090747698,18.989743637750568
-2802.411205602801,-0.0006935229182270535,-3949.6218090747698,18.989743637750568
-2800.4102051025507,-0.0006935229182270535,-3949.6218090747698,18.989743637750568
-2798.409204602301,-0.0006935229182270535,-3949.6218090747698,18.989743637750568
-2796.4082041020506,-0.0006935229182270535,-3949.6218090747698,18.989743637750568
-2794.4072036018006,-0.0006935229182270535,-3949.6218090747698,18.989743637750568
-2792.4062031015505,-0.0006935229182270535,-3949.6218090747698,18.989743637750568
-2790.4052026013005,-0.0006935229182270535,-3949.6218090747698,18.989743637750568
-2788.40420210105,-0.0006935229182270535,-3949.6218090747698,18.989743637750568
-2786.4032016007995,-0.0006935229182270535,-3949.6218090747698,18.989743637750568
-2784.40220110055,-0.0006935229182270535,-3949.6218090747698,18.989743637750568
-2782.4012006002995,-0.0006935229182270535,-3949.6218090747698,18.989743637750568
-2780.4002001000495,-0.0006935229182270535,-3949.6218090747698,18.989743637750568
-2778.3991995997994,-0.0006935229182270535,-3949.6218090747698,18.989743637750568
-2776.3981990995494,-0.0006935229182270535,-3949.6218090747698,18.989743637750568
-2774.397198599299,-0.0006935229182270535,-3949.6218090747698,18.989743637750568
-2772.3961980990493,-0.0006935229182270535,-3949.6218090747698,18.989743637750568
-2770.395197598799,-0.0006935229182270535,-3949.6218090747698,18.989743637750568
-2768.394197098549,-0.0006935229182270535,-3949.6218090747698,18.989743637750568
-2766.393196598299,-0.0006935229182270535,-3949.6218090747698,18.989743637750568
-2764.3921960980488,-0.0006935229182270535,-3949.6218090747698,18.989743637750568
-2762.3911955977983,-0.0006935229182270535,-3949.6218090747698,18.989743637750568
-2760.3901950975487,-0.0006935229182270535,-3949.6218090747698,18.989743637750568
-2758.3891945972982,-0.0006935229182270535,-3949.6218090747698,18.989743637750568
-2756.388194097048,-0.0006935229182270535,-3949.6218090747698,18.989743637750568
-2754.3871935967977,-0.0006935229182270535,-3949.6218090747698,18.989743637750568
-2752.386193096548,-0.0006935229182270535,-3949.6218090747698,18.989743637750568
-2750.3851925962977,-0.0006935229182270535,-3949.6218090747698,18.989743637750568
-2748.3841920960476,-0.0006935229182270535,-3949.6218090747698,18.989743637750568
-2746.3831915957976,-0.0006935229182270535,-3949.6218090747698,18.989743637750568
-2744.3821910955476,-0.0006935229182270535,-3949.6218090747698,18.989743637750568
-2742.381190595297,-0.0006935229182270535,-3949.6218090747698,18.989743637750568
-2740.3801900950475,-0.0006935229182270535,-3949.6218090747698,18.989743637750568
-2738.379189594797,-0.0006935229182270535,-3949.6218090747698,18.989743637750568
-2736.3781890945465,-0.0006935229182270535,-3949.6218090747698,18.989743637750568
-2734.377188594297,-0.0006935229182270535,-3949.6218090747698,18.989743637750568
-2732.3761880940465,-0.0006935229182270535,-3949.6218090747698,18.989743637750568
-2730.3751875937965,-0.0006935229182270535,-3949.6218090747698,18.989743637750568
-2728.374187093546,-0.0006935229182270535,-3949.6218090747698,18.989743637750568
-2726.3731865932964,-0.0006935229182270535,-3949.6218090747698,18.989743637750568
-2724.372186093046,-0.0006935229182270535,-3949.6218090747698,18.989743637750568
-2722.371185592796,-0.0006935229182270535,-3949.6218090747698,18.989743637750568
-2720.370185092546,-0.0006935229182270535,-3949.6218090747698,18.989743637750568
-2718.369184592296,-0.0006935229182270535,-3949.6218090747698,18.989743637750568
-2716.3681840920453,-0.0006935229182270535,-3949.6218090747698,18.989743637750568
-2714.3671835917958,-0.0006935229182270535,-3949.6218090747698,18.989743637750568
-2712.3661830915453,-0.0006935229182270535,-3949.6218090747698,18.989743637750568
-2710.3651825912953,-0.0006935229182270535,-3949.6218090747698,18.989743637750568
-2708.364182091045,-0.0006935229182270535,-3949.6218090747698,18.989743637750568
-2706.363181590795,-0.0006935229182270535,-3949.6218090747698,18.989743637750568
-2704.3621810905447,-0.0006935229182270535,-3949.6218090747698,18.989743637750568
-2702.361180590295,-0.0006935229182270535,-3949.6218090747698,18.989743637750568
-2700.3601800900447,-0.0006935229182270535,-3949.6218090747698,18.989743637750568
-2698.3591795897946,-0.0006935229182270535,-3949.6218090747698,18.989743637750568
-2696.358179089544,-0.0006935229182270535,-3949.6218090747698,18.989743637750568
-2694.3571785892946,-0.0006935229182270535,-3949.6218090747698,18.989743637750568
-2692.356178089044,-0.0006935229182270535,-3949.6218090747698,18.989743637750568
-2690.3551775887936,-0.0006935229182270535,-3949.6218090747698,18.989743637750568
-2688.354177088544,-0.0006935229182270535,-3949.6218090747698,18.989743637750568
-2686.3531765882935,-0.0006935229182270535,-3949.6218090747698,18.989743637750568
-2684.3521760880435,-0.0006935229182270535,-3949.6218090747698,18.989743637750568
-2682.3511755877935,-0.0006935229182270535,-3949.6218090747698,18.989743637750568
-2680.3501750875434,-0.0006935229182270535,-3949.6218090747698,18.989743637750568
-2678.349174587293,-0.0006935229182270535,-3949.6218090747698,18.989743637750568
-2676.3481740870434,-0.0006935229182270535,-3949.6218090747698,18.989743637750568
-2674.347173586793,-0.0006935229182270535,-3949.6218090747698,18.989743637750568
-2672.346173086543,-0.0006935229182270535,-3949.6218090747698,18.989743637750568
-2670.345172586293,-0.0006935229182270535,-3949.6218090747698,18.989743637750568
-2668.344172086043,-0.0006935229182270535,-3949.6218090747698,18.989743637750568
-2666.3431715857923,-0.0006935229182270535,-3949.6218090747698,18.989743637750568
-2664.3421710855423,-0.0006935229182270535,-3949.6218090747698,18.989743637750568
-2662.3411705852923,-0.0006935229182270535,-3949.6218090747698,18.989743637750568
-2660.3401700850422,-0.0006935229182270535,-3949.6218090747698,18.989743637750568
-2658.3391695847918,-0.0006935229182270535,-3949.6218090747698,18.989743637750568
-2656.338169084542,-0.0006935229182270535,-3949.6218090747698,18.989743637750568
-2654.3371685842917,-0.0006935229182270535,-3949.6218090747698,18.989743637750568
-2652.3361680840417,-0.0006935229182270535,-3949.6218090747698,18.989743637750568
-2650.3351675837916,-0.0006935229182270535,-3949.6218090747698,18.989743637750568
-2648.3341670835416,-0.0006935229182270535,-3949.6218090747698,18.989743637750568
-2646.333166583291,-0.0006935229182270535,-3949.6218090747698,18.989743637750568
-2644.332166083041,-0.0006935229182270535,-3949.6218090747698,18.989743637750568
-2642.331165582791,-0.0006935229182270535,-3949.6218090747698,18.989743637750568
-2640.3301650825406,-0.0006935229182270535,-3949.6218090747698,18.989743637750568
-2638.329164582291,-0.0006935229182270535,-3949.6218090747698,18.989743637750568
-2636.3281640820405,-0.0006935229182270535,-3949.6218090747698,18.989743637750568
-2634.3271635817905,-0.0006935229182270535,-3949.6218090747698,18.989743637750568
-2632.32616308154,-0.0006935229182270535,-3949.6218090747698,18.989743637750568
-2630.3251625812904,-0.0006935229182270535,-3949.6218090747698,18.989743637750568
-2628.32416208104,-0.0006935229182270535,-3949.6218090747698,18.989743637750568
-2626.32316158079,-0.0006935229182270535,-3949.6218090747698,18.989743637750568
-2624.32216108054,-0.0006935229182270535,-3949.6218090747698,18.989743637750568
-2622.32116058029,-0.0006935229182270535,-3949.6218090747698,18.989743637750568
-2620.3201600800394,-0.0006935229182270535,-3949.6218090747698,18.989743637750568
-2618.31915957979,-0.0006935229182270535,-3949.6218090747698,18.989743637750568
-2616.3181590795393,-0.0006935229182270535,-3949.6218090747698,18.989743637750568
-2614.3171585792893,-0.0006935229182270535,-3949.6218090747698,18.989743637750568
-2612.3161580790393,-0.0006935229182270535,-3949.6218090747698,18.989743637750568
-2610.3151575787892,-0.0006935229182270535,-3949.6218090747698,18.989743637750568
-2608.3141570785388,-0.0006935229182270535,-3949.6218090747698,18.989743637750568
-2606.313156578289,-0.0006935229182270535,-3949.6218090747698,18.989743637750568
-2604.3121560780387,-0.0006935229182270535,-3949.6218090747698,18.989743637750568
-2602.3111555777887,-0.0006935229182270535,-3949.6218090747698,18.989743637750568
-2600.310155077538,-0.0006935229182270535,-3949.6218090747698,18.989743637750568
-2598.3091545772886,-0.0006935229182270535,-3949.6218090747698,18.989743637750568
-2596.308154077038,-0.0006935229182270535,-3949.6218090747698,18.989743637750568
-2594.3071535767876,-0.0006935229182270535,-3949.6218090747698,18.989743637750568
-2592.306153076538,-0.0006935229182270535,-3949.6218090747698,18.989743637750568
-2590.3051525762876,-0.0006935229182270535,-3949.6218090747698,18.989743637750568
-2588.3041520760376,-0.0006935229182270535,-3949.6218090747698,18.989743637750568
-2586.3031515757875,-0.0006935229182270535,-3949.6218090747698,18.989743637750568
-2584.3021510755375,-0.0006935229182270535,-3949.6218090747698,18.989743637750568
-2582.301150575287,-0.0006935229182270535,-3949.6218090747698,18.989743637750568
-2580.3001500750374,-0.0006935229182270535,-3949.6218090747698,18.989743637750568
-2578.299149574787,-0.0006935229182270535,-3949.6218090747698,18.989743637750568
-2576.298149074537,-0.0006935229182270535,-3949.6218090747698,18.989743637750568
-2574.2971485742864,-0.0006935229182270535,-3949.6218090747698,18.989743637750568
-2572.296148074037,-0.0006935229182270535,-3949.6218090747698,18.989743637750568
-2570.2951475737864,-0.0006935229182270535,-3949.6218090747698,18.989743637750568
-2568.2941470735364,-0.0006935229182270535,-3949.6218090747698,18.989743637750568
-2566.2931465732863,-0.0006935229182270535,-3949.6218090747698,18.989743637750568
-2564.2921460730363,-0.0006935229182270535,-3949.6218090747698,18.989743637750568
-2562.291145572786,-0.0006935229182270535,-3949.6218090747698,18.989743637750568
-2560.2901450725362,-0.0006935229182270535,-3949.6218090747698,18.989743637750568
-2558.2891445722857,-0.0006935229182270535,-3949.6218090747698,18.989743637750568
-2556.2881440720357,-0.0006935229182270535,-3949.6218090747698,18.989743637750568
-2554.2871435717857,-0.0006935229182270535,-3949.6218090747698,18.989743637750568
-2552.2861430715357,-0.0006935229182270535,-3949.6218090747698,18.989743637750568
-2550.285142571285,-0.0006935229182270535,-3949.6218090747698,18.989743637750568
-2548.2841420710347,-0.0006935229182270535,-3949.6218090747698,18.989743637750568
-2546.283141570785,-0.0006935229182270535,-3949.6218090747698,18.989743637750568
-2544.2821410705346,-0.0006935229182270535,-3949.6218090747698,18.989743637750568
-2542.2811405702846,-0.0006935229182270535,-3949.6218090747698,18.989743637750568
-2540.2801400700346,-0.0006935229182270535,-3949.6218090747698,18.989743637750568
-2538.2791395697845,-0.0006935229182270535,-3949.6218090747698,18.989743637750568
-2536.278139069534,-0.0006935229182270535,-3949.6218090747698,18.989743637750568
-2534.2771385692845,-0.0006935229182270535,-3949.6218090747698,18.989743637750568
-2532.276138069034,-0.0006935229182270535,-3949.6218090747698,18.989743637750568
-2530.275137568784,-0.0006935229182270535,-3949.6218090747698,18.989743637750568
-2528.274137068534,-0.0006935229182270535,-3949.6218090747698,18.989743637750568
-2526.273136568284,-0.0006935229182270535,-3949.6218090747698,18.989743637750568
-2524.2721360680334,-0.0006935229182270535,-3949.6218090747698,18.989743637750568
-2522.271135567784,-0.0006935229182270535,-3949.6218090747698,18.989743637750568
-2520.2701350675334,-0.0006935229182270535,-3949.6218090747698,18.989743637750568
-2518.2691345672833,-0.0006935229182270535,-3949.6218090747698,18.989743637750568
-2516.268134067033,-0.0006935229182270535,-3949.6218090747698,18.989743637750568
-2514.2671335667833,-0.0006935229182270535,-3949.6218090747698,18.989743637750568
-2512.266133066533,-0.0006935229182270535,-3949.6218090747698,18.989743637750568
-2510.265132566283,-0.0006935229182270535,-3949.6218090747698,18.989743637750568
-2508.2641320660327,-0.0006935229182270535,-3949.6218090747698,18.989743637750568
-2506.2631315657827,-0.0006935229182270535,-3949.6218090747698,18.989743637750568
-2504.2621310655322,-0.0006935229182270535,-3949.6218090747698,18.989743637750568
-2502.2611305652827,-0.0006935229182270535,-3949.6218090747698,18.989743637750568
-2500.260130065032,-0.0006935229182270535,-3949.6218090747698,18.989743637750568
-2498.2591295647817,-0.0006935229182270535,-3949.6218090747698,18.989743637750568
-2496.258129064532,-0.0006935229182270535,-3949.6218090747698,18.989743637750568
-2494.2571285642816,-0.0006935229182270535,-3949.6218090747698,18.989743637750568
-2492.2561280640316,-0.0006935229182270535,-3949.6218090747698,18.989743637750568
-2490.255127563781,-0.0006935229182270535,-3949.6218090747698,18.989743637750568
-2488.2541270635315,-0.0006935229182270535,-3949.6218090747698,18.989743637750568
-2486.253126563281,-0.0006935229182270535,-3949.6218090747698,18.989743637750568
-2484.252126063031,-0.0006935229182270535,-3949.6218090747698,18.989743637750568
-2482.251125562781,-0.0006935229182270535,-3949.6218090747698,18.989743637750568
-2480.250125062531,-0.0006935229182270535,-3949.6218090747698,18.989743637750568
-2478.2491245622805,-0.0006935229182270535,-3949.6218090747698,18.989743637750568
-2476.248124062031,-0.0006935229182270535,-3949.6218090747698,18.989743637750568
-2474.2471235617804,-0.0006935229182270535,-3949.6218090747698,18.989743637750568
-2472.2461230615304,-0.0006935229182270535,-3949.6218090747698,18.989743637750568
-2470.2451225612804,-0.0006935229182270535,-3949.6218090747698,18.989743637750568
-2468.2441220610303,-0.0006935229182270535,-3949.6218090747698,18.989743637750568
-2466.24312156078,-0.0006935229182270535,-3949.6218090747698,18.989743637750568
-2464.2421210605303,-0.0006935229182270535,-3949.6218090747698,18.989743637750568
-2462.24112056028,-0.0006935229182270535,-3949.6218090747698,18.989743637750568
-2460.2401200600298,-0.0006935229182270535,-3949.6218090747698,18.989743637750568
-2458.2391195597797,-0.0006935229182270535,-3949.6218090747698,18.989743637750568
-2456.2381190595297,-0.0006935229182270535,-3949.6218090747698,18.989743637750568
-2454.237118559279,-0.0006935229182270535,-3949.6218090747698,18.989743637750568
-2452.2361180590287,-0.0006935229182270535,-3949.6218090747698,18.989743637750568
-2450.235117558779,-0.0006935229182270535,-3949.6218090747698,18.989743637750568
-2448.2341170585287,-0.0006935229182270535,-3949.6218090747698,18.989743637750568
-2446.2331165582787,-0.0006935229182270535,-3949.6218090747698,18.989743637750568
-2444.2321160580286,-0.0006935229182270535,-3949.6218090747698,18.989743637750568
-2442.2311155577786,-0.0006935229182270535,-3949.6218090747698,18.989743637750568
-2440.230115057528,-0.0006935229182270535,-3949.6218090747698,18.989743637750568
-2438.2291145572785,-0.0006935229182270535,-3949.6218090747698,18.989743637750568
-2436.228114057028,-0.0006935229182270535,-3949.6218090747698,18.989743637750568
-2434.227113556778,-0.0006935229182270535,-3949.6218090747698,18.989743637750568
-2432.226113056528,-0.0006935229182270535,-3949.6218090747698,18.989743637750568
-2430.225112556278,-0.0006935229182270535,-3949.6218090747698,18.989743637750568
-2428.2241120560275,-0.0006935229182270535,-3949.6218090747698,18.989743637750568
-2426.223111555778,-0.0006935229182270535,-3949.6218090747698,18.989743637750568
-2424.2221110555274,-0.0006935229182270535,-3949.6218090747698,18.989743637750568
-2422.2211105552774,-0.0006935229182270535,-3949.6218090747698,18.989743637750568
-2420.220110055027,-0.0006935229182270535,-3949.6218090747698,18.989743637750568
-2418.2191095547773,-0.0006935229182270535,-3949.6218090747698,18.989743637750568
-2416.218109054527,-0.0006935229182270535,-3949.6218090747698,18.989743637750568
-2414.217108554277,-0.0006935229182270535,-3949.6218090747698,18.989743637750568
-2412.216108054027,-0.0006935229182270535,-3949.6218090747698,18.989743637750568
-2410.2151075537768,-0.0006935229182270535,-3949.6218090747698,18.989743637750568
-2408.2141070535263,-0.0006935229182270535,-3949.6218090747698,18.989743637750568
-2406.2131065532767,-0.0006935229182270535,-3949.6218090747698,18.989743637750568
-2404.212106053026,-0.0006935229182270535,-3949.6218090747698,18.989743637750568
-2402.2111055527757,-0.0006935229182270535,-3949.6218090747698,18.989743637750568
-2400.210105052526,-0.0006935229182270535,-3949.6218090747698,18.989743637750568
-2398.2091045522757,-0.0006935229182270535,-3949.6218090747698,18.989743637750568
-2396.2081040520256,-0.0006935229182270535,-3949.6218090747698,18.989743637750568
-2394.207103551775,-0.0006935229182270535,-3949.6218090747698,18.989743637750568
-2392.2061030515256,-0.0006935229182270535,-3949.6218090747698,18.989743637750568
-2390.205102551275,-0.0006935229182270535,-3949.6218090747698,18.989743637750568
-2388.204102051025,-0.0006935229182270535,-3949.6218090747698,18.989743637750568
-2386.203101550775,-0.0006935229182270535,-3949.6218090747698,18.989743637750568
-2384.202101050525,-0.0006935229182270535,-3949.6218090747698,18.989743637750568
-2382.2011005502745,-0.0006935229182270535,-3949.6218090747698,18.989743637750568
-2380.200100050025,-0.0006935229182270535,-3949.6218090747698,18.989743637750568
-2378.1990995497745,-0.0006935229182270535,-3949.6218090747698,18.989743637750568
-2376.1980990495244,-0.0006935229182270535,-3949.6218090747698,18.989743637750568
-2374.1970985492744,-0.0006935229182270535,-3949.6218090747698,18.989743637750568
-2372.1960980490244,-0.0006935229182270535,-3949.6218090747698,18.989743637750568
-2370.195097548774,-0.0006935229182270535,-3949.6218090747698,18.989743637750568
-2368.1940970485243,-0.0006935229182270535,-3949.6218090747698,18.989743637750568
-2366.193096548274,-0.0006935229182270535,-3949.6218090747698,18.989743637750568
-2364.192096048024,-0.0006935229182270535,-3949.6218090747698,18.989743637750568
-2362.1910955477733,-0.0006935229182270535,-3949.6218090747698,18.989743637750568
-2360.1900950475238,-0.0006935229182270535,-3949.6218090747698,18.989743637750568
-2358.1890945472733,-0.0006935229182270535,-3949.6218090747698,18.989743637750568
-2356.188094047023,-0.0006935229182270535,-3949.6218090747698,18.989743637750568
-2354.187093546773,-0.0006935229182270535,-3949.6218090747698,18.989743637750568
-2352.1860930465227,-0.0006935229182270535,-3949.6218090747698,18.989743637750568
-2350.1850925462727,-0.0006935229182270535,-3949.6218090747698,18.989743637750568
-2348.1840920460227,-0.0006935229182270535,-3949.6218090747698,18.989743637750568
-2346.1830915457726,-0.0006935229182270535,-3949.6218090747698,18.989743637750568
-2344.182091045522,-0.0006935229182270535,-3949.6218090747698,18.989743637750568
-2342.1810905452726,-0.0006935229182270535,-3949.6218090747698,18.989743637750568
-2340.180090045022,-0.0006935229182270535,-3949.6218090747698,18.989743637750568
-2338.179089544772,-0.0006935229182270535,-3949.6218090747698,18.989743637750568
-2336.1780890445216,-0.0006935229182270535,-3949.6218090747698,18.989743637750568
-2334.177088544272,-0.0006935229182270535,-3949.6218090747698,18.989743637750568
-2332.1760880440215,-0.0006935229182270535,-3949.6218090747698,18.989743637750568
-2330.1750875437715,-0.0006935229182270535,-3949.6218090747698,18.989743637750568
-2328.1740870435215,-0.0006935229182270535,-3949.6218090747698,18.989743637750568
-2326.1730865432714,-0.0006935229182270535,-3949.6218090747698,18.989743637750568
-2324.172086043021,-0.0006935229182270535,-3949.6218090747698,18.989743637750568
-2322.1710855427714,-0.0006935229182270535,-3949.6218090747698,18.989743637750568
-2320.170085042521,-0.0006935229182270535,-3949.6218090747698,18.989743637750568
-2318.169084542271,-0.0006935229182270535,-3949.6218090747698,18.989743637750568
-2316.168084042021,-0.0006935229182270535,-3949.6218090747698,18.989743637750568
-2314.167083541771,-0.0006935229182270535,-3949.6218090747698,18.989743637750568
-2312.1660830415203,-0.0006935229182270535,-3949.6218090747698,18.989743637750568
-2310.16508254127,-0.0006935229182270535,-3949.6218090747698,18.989743637750568
-2308.1640820410203,-0.0006935229182270535,-3949.6218090747698,18.989743637750568
-2306.16308154077,-0.0006935229182270535,-3949.6218090747698,18.989743637750568
-2304.1620810405198,-0.0006935229182270535,-3949.6218090747698,18.989743637750568
-2302.1610805402697,-0.0006935229182270535,-3949.6218090747698,18.989743637750568
-2300.1600800400197,-0.0006935229182270535,-3949.6218090747698,18.989743637750568
-2298.159079539769,-0.0006935229182270535,-3949.6218090747698,18.989743637750568
-2296.1580790395196,-0.0006935229182270535,-3949.6218090747698,18.989743637750568
-2294.157078539269,-0.0006935229182270535,-3949.6218090747698,18.989743637750568
-2292.156078039019,-0.0006935229182270535,-3949.6218090747698,18.989743637750568
-2290.155077538769,-0.0006935229182270535,-3949.6218090747698,18.989743637750568
-2288.154077038519,-0.0006935229182270535,-3949.6218090747698,18.989743637750568
-2286.1530765382686,-0.0006935229182270535,-3949.6218090747698,18.989743637750568
-2284.152076038019,-0.0006935229182270535,-3949.6218090747698,18.989743637750568
-2282.1510755377685,-0.0006935229182270535,-3949.6218090747698,18.989743637750568
-2280.1500750375185,-0.0006935229182270535,-3949.6218090747698,18.989743637750568
-2278.149074537268,-0.0006935229182270535,-3949.6218090747698,18.989743637750568
-2276.1480740370184,-0.0006935229182270535,-3949.6218090747698,18.989743637750568
-2274.147073536768,-0.0006935229182270535,-3949.6218090747698,18.989743637750568
-2272.146073036518,-0.0006935229182270535,-3949.6218090747698,18.989743637750568
-2270.145072536268,-0.0006935229182270535,-3949.6218090747698,18.989743637750568
-2268.144072036018,-0.0006935229182270535,-3949.6218090747698,18.989743637750568
-2266.1430715357674,-0.0006935229182270535,-3949.6218090747698,18.989743637750568
-2264.142071035518,-0.0006935229182270535,-3949.6218090747698,18.989743637750568
-2262.1410705352673,-0.0006935229182270535,-3949.6218090747698,18.989743637750568
-2260.140070035017,-0.0006935229182270535,-3949.6218090747698,18.989743637750568
-2258.1390695347673,-0.0006935229182270535,-3949.6218090747698,18.989743637750568
-2256.138069034517,-0.0006935229182270535,-3949.6218090747698,18.989743637750568
-2254.1370685342667,-0.0006935229182270535,-3949.6218090747698,18.989743637750568
-2252.1360680340167,-0.0006935229182270535,-3949.6218090747698,18.989743637750568
-2250.1350675337667,-0.0006935229182270535,-3949.6218090747698,18.989743637750568
-2248.134067033516,-0.0006935229182270535,-3949.6218090747698,18.989743637750568
-2246.133066533266,-0.0006935229182270535,-3949.6218090747698,18.989743637750568
-2244.132066033016,-0.0006935229182270535,-3949.6218090747698,18.989743637750568
-2242.131065532766,-0.0006935229182270535,-3949.6218090747698,18.989743637750568
-2240.1300650325156,-0.0006935229182270535,-3949.6218090747698,18.989743637750568
-2238.129064532266,-0.0006935229182270535,-3949.6218090747698,18.989743637750568
-2236.1280640320156,-0.0006935229182270535,-3949.6218090747698,18.989743637750568
-2234.1270635317655,-0.0006935229182270535,-3949.6218090747698,18.989743637750568
-2232.1260630315155,-0.0006935229182270535,-3949.6218090747698,18.989743637750568
-2230.1250625312655,-0.0006935229182270535,-3949.6218090747698,18.989743637750568
-2228.124062031015,-0.0006935229182270535,-3949.6218090747698,18.989743637750568
-2226.1230615307654,-0.0006935229182270535,-3949.6218090747698,18.989743637750568
-2224.122061030515,-0.0006935229182270535,-3949.6218090747698,18.989743637750568
-2222.121060530265,-0.0006935229182270535,-3949.6218090747698,18.989743637750568
-2220.120060030015,-0.0006935229182270535,-3949.6218090747698,18.989743637750568
-2218.119059529765,-0.0006935229182270535,-3949.6218090747698,18.989743637750568
-2216.1180590295144,-0.0006935229182270535,-3949.6218090747698,18.989743637750568
-2214.117058529264,-0.0006935229182270535,-3949.6218090747698,18.989743637750568
-2212.1160580290143,-0.0006935229182270535,-3949.6218090747698,18.989743637750568
-2210.115057528764,-0.0006935229182270535,-3949.6218090747698,18.989743637750568
-2208.114057028514,-0.0006935229182270535,-3949.6218090747698,18.989743637750568
-2206.1130565282638,-0.0006935229182270535,-3949.6218090747698,18.989743637750568
-2204.1120560280137,-0.0006935229182270535,-3949.6218090747698,18.989743637750568
-2202.1110555277633,-0.0006935229182270535,-3949.6218090747698,18.989743637750568
-2200.1100550275137,-0.0006935229182270535,-3949.6218090747698,18.989743637750568
-2198.109054527263,-0.0006935229182270535,-3949.6218090747698,18.989743637750568
-2196.108054027013,-0.0006935229182270535,-3949.6218090747698,18.989743637750568
-2194.107053526763,-0.0006935229182270535,-3949.6218090747698,18.989743637750568
-2192.106053026513,-0.0006935229182270535,-3949.6218090747698,18.989743637750568
-2190.1050525262626,-0.0006935229182270535,-3949.6218090747698,18.989743637750568
-2188.104052026013,-0.0006935229182270535,-3949.6218090747698,18.989743637750568
-2186.1030515257626,-0.0006935229182270535,-3949.6218090747698,18.989743637750568
-2184.1020510255125,-0.0006935229182270535,-3949.6218090747698,18.989743637750568
-2182.101050525262,-0.0006935229182270535,-3949.6218090747698,18.989743637750568
-2180.1000500250125,-0.0006935229182270535,-3949.6218090747698,18.989743637750568
-2178.099049524762,-0.0006935229182270535,-3949.6218090747698,18.989743637750568
-2176.098049024512,-0.0006935229182270535,-3949.6218090747698,18.989743637750568
-2174.097048524262,-0.0006935229182270535,-3949.6218090747698,18.989743637750568
-2172.096048024012,-0.0006935229182270535,-3949.6218090747698,18.989743637750568
-2170.0950475237614,-0.0006935229182270535,-3949.6218090747698,18.989743637750568
-2168.094047023512,-0.0006935229182270535,-3949.6218090747698,18.989743637750568
-2166.0930465232614,-0.0006935229182270535,-3949.6218090747698,18.989743637750568
-2164.092046023011,-0.0006935229182270535,-3949.6218090747698,18.989743637750568
-2162.0910455227613,-0.0006935229182270535,-3949.6218090747698,18.989743637750568
-2160.090045022511,-0.0006935229182270535,-3949.6218090747698,18.989743637750568
-2158.089044522261,-0.0006935229182270535,-3949.6218090747698,18.989743637750568
-2156.0880440220103,-0.0006935229182270535,-3949.6218090747698,18.989743637750568
-2154.0870435217607,-0.0006935229182270535,-3949.6218090747698,18.989743637750568
-2152.0860430215102,-0.0006935229182270535,-3949.6218090747698,18.989743637750568
-2150.08504252126,-0.0006935229182270535,-3949.6218090747698,18.989743637750568
-2148.08404202101,-0.0006935229182270535,-3949.6218090747698,18.989743637750568
-2146.08304152076,-0.0006935229182270535,-3949.6218090747698,18.989743637750568
-2144.0820410205097,-0.0006935229182270535,-3949.6218090747698,18.989743637750568
-2142.08104052026,-0.0006935229182270535,-3949.6218090747698,18.989743637750568
-2140.0800400200096,-0.0006935229182270535,-3949.6218090747698,18.989743637750568
-2138.0790395197596,-0.0006935229182270535,-3949.6218090747698,18.989743637750568
-2136.0780390195096,-0.0006935229182270535,-3949.6218090747698,18.989743637750568
-2134.0770385192595,-0.0006935229182270535,-3949.6218090747698,18.989743637750568
-2132.076038019009,-0.0006935229182270535,-3949.6218090747698,18.989743637750568
-2130.0750375187595,-0.0006935229182270535,-3949.6218090747698,18.989743637750568
-2128.074037018509,-0.0006935229182270535,-3949.6218090747698,18.989743637750568
-2126.073036518259,-0.0006935229182270535,-3949.6218090747698,18.989743637750568
-2124.0720360180085,-0.0006935229182270535,-3949.6218090747698,18.989743637750568
-2122.071035517759,-0.0006935229182270535,-3949.6218090747698,18.989743637750568
-2120.0700350175084,-0.0006935229182270535,-3949.6218090747698,18.989743637750568
-2118.069034517258,-0.0006935229182270535,-3949.6218090747698,18.989743637750568
-2116.0680340170084,-0.0006935229182270535,-3949.6218090747698,18.989743637750568
-2114.067033516758,-0.0006935229182270535,-3949.6218090747698,18.989743637750568
-2112.066033016508,-0.0006935229182270535,-3949.6218090747698,18.989743637750568
-2110.065032516258,-0.0006935229182270535,-3949.6218090747698,18.989743637750568
-2108.064032016008,-0.0006935229182270535,-3949.6218090747698,18.989743637750568
-2106.0630315157573,-0.0006935229182270535,-3949.6218090747698,18.989743637750568
-2104.0620310155077,-0.0006935229182270535,-3949.6218090747698,18.989743637750568
-2102.0610305152572,-0.0006935229182270535,-3949.6218090747698,18.989743637750568
-2100.060030015007,-0.0006935229182270535,-3949.6218090747698,18.989743637750568
-2098.0590295147567,-0.0006935229182270535,-3949.6218090747698,18.989743637750568
-2096.058029014507,-0.0006935229182270535,-3949.6218090747698,18.989743637750568
-2094.0570285142567,-0.0006935229182270535,-3949.6218090747698,18.989743637750568
-2092.0560280140066,-0.0006935229182270535,-3949.6218090747698,18.989743637750568
-2090.0550275137566,-0.0006935229182270535,-3949.6218090747698,18.989743637750568
-2088.0540270135066,-0.0006935229182270535,-3949.6218090747698,18.989743637750568
-2086.053026513256,-0.0006935229182270535,-3949.6218090747698,18.989743637750568
-2084.0520260130065,-0.0006935229182270535,-3949.6218090747698,18.989743637750568
-2082.051025512756,-0.0006935229182270535,-3949.6218090747698,18.989743637750568
-2080.050025012506,-0.0006935229182270535,-3949.6218090747698,18.989743637750568
-2078.049024512256,-0.0006935229182270535,-3949.6218090747698,18.989743637750568
-2076.048024012006,-0.0006935229182270535,-3949.6218090747698,18.989743637750568
-2074.0470235117555,-0.0006935229182270535,-3949.6218090747698,18.989743637750568
-2072.0460230115054,-0.0006935229182270535,-3949.6218090747698,18.989743637750568
-2070.0450225112554,-0.0006935229182270535,-3949.6218090747698,18.989743637750568
-2068.044022011005,-0.0006935229182270535,-3949.6218090747698,18.989743637750568
-2066.043021510755,-0.0006935229182270535,-3949.6218090747698,18.989743637750568
-2064.042021010505,-0.0006935229182270535,-3949.6218090747698,18.989743637750568
-2062.041020510255,-0.0006935229182270535,-3949.6218090747698,18.989743637750568
-2060.0400200100044,-0.0006935229182270535,-3949.6218090747698,18.989743637750568
-2058.039019509755,-0.0006935229182270535,-3949.6218090747698,18.989743637750568
-2056.0380190095043,-0.0006935229182270535,-3949.6218090747698,18.989743637750568
-2054.0370185092543,-0.0006935229182270535,-3949.6218090747698,18.989743637750568
-2052.0360180090042,-0.0006935229182270535,-3949.6218090747698,18.989743637750568
-2050.035017508754,-0.0006935229182270535,-3949.6218090747698,18.989743637750568
-2048.0340170085037,-0.0006935229182270535,-3949.6218090747698,18.989743637750568
-2046.033016508254,-0.0006935229182270535,-3949.6218090747698,18.989743637750568
-2044.0320160080037,-0.0006935229182270535,-3949.6218090747698,18.989743637750568
-2042.0310155077536,-0.0006935229182270535,-3949.6218090747698,18.989743637750568
-2040.0300150075034,-0.0006935229182270535,-3949.6218090747698,18.989743637750568
-2038.0290145072536,-0.0006935229182270535,-3949.6218090747698,18.989743637750568
-2036.028014007003,-0.0006935229182270535,-3949.6218090747698,18.989743637750568
-2034.0270135067533,-0.0006935229182270535,-3949.6218090747698,18.989743637750568
-2032.026013006503,-0.0006935229182270535,-3949.6218090747698,18.989743637750568
-2030.025012506253,-0.0006935229182270535,-3949.6218090747698,18.989743637750568
-2028.0240120060027,-0.0006935229182270535,-3949.6218090747698,18.989743637750568
-2026.0230115057527,-0.0006935229182270535,-3949.6218090747698,18.989743637750568
-2024.0220110055025,-0.0006935229182270535,-3949.6218090747698,18.989743637750568
-2022.0210105052522,-0.0006935229182270535,-3949.6218090747698,18.989743637750568
-2020.0200100050022,-0.0006935229182270535,-3949.6218090747698,18.989743637750568
-2018.019009504752,-0.0006935229182270535,-3949.6218090747698,18.989743637750568
-2016.0180090045021,-0.0006935229182270535,-3949.6218090747698,18.989743637750568
-2014.0170085042516,-0.0006935229182270535,-3949.6218090747698,18.989743637750568
-2012.0160080040018,-0.0006935229182270535,-3949.6218090747698,18.989743637750568
-2010.0150075037513,-0.0006935229182270535,-3949.6218090747698,18.989743637750568
-2008.0140070035015,-0.0006935229182270535,-3949.6218090747698,18.989743637750568
-2006.0130065032513,-0.0006935229182270535,-3949.6218090747698,18.989743637750568
-2004.0120060030013,-0.0006935229182270535,-3949.6218090747698,18.989743637750568
-2002.011005502751,-0.0006935229182270535,-3949.6218090747698,18.989743637750568
-2000.0100050025012,-0.0006935229182270535,-3949.6218090747698,18.989743637750568
-1998.0090045022507,-0.0006935229182270535,-3949.6218090747698,18.989743637750568
-1996.008004002001,-0.0006935229182270535,-3949.6218090747698,18.989743637750568
-1994.0070035017504,-0.0006935229182270535,-3949.6218090747698,18.989743637750568
-1992.0060030015006,-0.0006935229182270535,-3949.6218090747698,18.989743637750568
-1990.0050025012504,-0.0006935229182270535,-3949.6218090747698,18.989743637750568
-1988.0040020010003,-0.0006935229182270535,-3949.6218090747698,18.989743637750568
-1986.00300150075,-0.0006935229182270535,-3949.6218090747698,18.989743637750568
-1984.0020010005003,-0.0006935229182270535,-3949.6218090747698,18.989743637750568
-1982.0010005002498,-0.0006935229182270535,-3949.6218090747698,18.989743637750568
-1980.0,-0.0006935229182270535,-3949.6218090747698,18.989743637750568
