detuning,transfer,Eb,e_Eb
-5980.0,0.00011399736077835959,-3977.7025168068703,19.521453237488338
-5977.9989994997495,0.00011399736077835959,-3977.7025168068703,19.521453237488338
-5975.9979989995,0.00011399736077835959,-3977.7025168068703,19.521453237488338
-5973.9969984992495,0.00011399736077835959,-3977.7025168068703,19.521453237488338
-5971.995997998999,0.00011399736077835959,-3977.7025168068703,19.521453237488338
-5969.9949974987485,0.00011399736077835959,-3977.7025168068703,19.521453237488338
-5967.993996998499,0.00011399736077835959,-3977.7025168068703,19.521453237488338
-5965.992996498249,0.00011399736077835959,-3977.7025168068703,19.521453237488338
-5963.991995997999,0.00011399736077835959,-3977.7025168068703,19.521453237488338
-5961.990995497748,0.00011399736077835959,-3977.7025168068703,19.521453237488338
-5959.989994997499,0.00011399736077835959,-3977.7025168068703,19.521453237488338
-5957.988994497248,0.00011399736077835959,-3977.7025168068703,19.521453237488338
-5955.987993996998,0.00011399736077835959,-3977.7025168068703,19.521453237488338
-5953.986993496747,0.00011399736077835959,-3977.7025168068703,19.521453237488338
-5951.985992996499,0.00011399736077835959,-3977.7025168068703,19.521453237488338
-5949.984992496248,0.00011399736077835959,-3977.7025168068703,19.521453237488338
-5947.983991995998,0.00011399736077835959,-3977.7025168068703,19.521453237488338
-5945.982991495747,0.00011399736077835959,-3977.7025168068703,19.521453237488338
-5943.981990995498,0.00011399736077835959,-3977.7025168068703,19.521453237488338
-5941.980990495247,0.00011399736077835959,-3977.7025168068703,19.521453237488338
-5939.979989994997,0.00011399736077835959,-3977.7025168068703,19.521453237488338
-5937.978989494747,0.00011399736077835959,-3977.7025168068703,19.521453237488338
-5935.9779889944975,0.00011399736077835959,-3977.7025168068703,19.521453237488338
-5933.976988494247,0.00011399736077835959,-3977.7025168068703,19.521453237488338
-5931.975987993997,0.00011399736077835959,-3977.7025168068703,19.521453237488338
-5929.974987493746,0.00011399736077835959,-3977.7025168068703,19.521453237488338
-5927.9739869934965,0.00011399736077835959,-3977.7025168068703,19.521453237488338
-5925.972986493246,0.00011399736077835959,-3977.7025168068703,19.521453237488338
-5923.971985992996,0.00011399736077835959,-3977.7025168068703,19.521453237488338
-5921.970985492746,0.00011399736077835959,-3977.7025168068703,19.521453237488338
-5919.969984992496,0.00011399736077835959,-3977.7025168068703,19.521453237488338
-5917.968984492246,0.00011399736077835959,-3977.7025168068703,19.521453237488338
-5915.967983991995,0.00011399736077835959,-3977.7025168068703,19.521453237488338
-5913.966983491745,0.00011399736077835959,-3977.7025168068703,19.521453237488338
-5911.965982991495,0.00011399736077835959,-3977.7025168068703,19.521453237488338
-5909.964982491246,0.00011399736077835959,-3977.7025168068703,19.521453237488338
-5907.963981990995,0.00011399736077835959,-3977.7025168068703,19.521453237488338
-5905.962981490745,0.00011399736077835959,-3977.7025168068703,19.521453237488338
-5903.961980990495,0.00011399736077835959,-3977.7025168068703,19.521453237488338
-5901.960980490245,0.00011399736077835959,-3977.7025168068703,19.521453237488338
-5899.959979989994,0.00011399736077835959,-3977.7025168068703,19.521453237488338
-5897.958979489744,0.00011399736077835959,-3977.7025168068703,19.521453237488338
-5895.957978989495,0.00011399736077835959,-3977.7025168068703,19.521453237488338
-5893.956978489245,0.00011399736077835959,-3977.7025168068703,19.521453237488338
-5891.955977988994,0.00011399736077835959,-3977.7025168068703,19.521453237488338
-5889.954977488744,0.00011399736077835959,-3977.7025168068703,19.521453237488338
-5887.953976988494,0.00011399736077835959,-3977.7025168068703,19.521453237488338
-5885.952976488244,0.00011399736077835959,-3977.7025168068703,19.521453237488338
-5883.951975987993,0.00011399736077835959,-3977.7025168068703,19.521453237488338
-5881.950975487744,0.00011399736077835959,-3977.7025168068703,19.521453237488338
-5879.949974987494,0.00011399736077835959,-3977.7025168068703,19.521453237488338
-5877.9489744872435,0.00011399736077835959,-3977.7025168068703,19.521453237488338
-5875.947973986993,0.00011399736077835959,-3977.7025168068703,19.521453237488338
-5873.9469734867425,0.00011399736077835959,-3977.7025168068703,19.521453237488338
-5871.945972986493,0.00011399736077835959,-3977.7025168068703,19.521453237488338
-5869.9449724862425,0.00011399736077835959,-3977.7025168068703,19.521453237488338
-5867.943971985992,0.00011399736077835959,-3977.7025168068703,19.521453237488338
-5865.942971485742,0.00011399736077835959,-3977.7025168068703,19.521453237488338
-5863.941970985493,0.00011399736077835959,-3977.7025168068703,19.521453237488338
-5861.940970485242,0.00011399736077835959,-3977.7025168068703,19.521453237488338
-5859.939969984992,0.00011399736077835959,-3977.7025168068703,19.521453237488338
-5857.938969484741,0.00011399736077835959,-3977.7025168068703,19.521453237488338
-5855.937968984492,0.00011399736077835959,-3977.7025168068703,19.521453237488338
-5853.936968484241,0.00011399736077835959,-3977.7025168068703,19.521453237488338
-5851.935967983992,0.00011399736077835959,-3977.7025168068703,19.521453237488338
-5849.934967483742,0.00011399736077835959,-3977.7025168068703,19.521453237488338
-5847.933966983492,0.00011399736077835959,-3977.7025168068703,19.521453237488338
-5845.932966483241,0.00011399736077835959,-3977.7025168068703,19.521453237488338
-5843.931965982991,0.00011399736077835959,-3977.7025168068703,19.521453237488338
-5841.930965482741,0.00011399736077835959,-3977.7025168068703,19.521453237488338
-5839.929964982491,0.00011399736077835959,-3977.7025168068703,19.521453237488338
-5837.928964482241,0.00011399736077835959,-3977.7025168068703,19.521453237488338
-5835.927963981991,0.00011399736077835959,-3977.7025168068703,19.521453237488338
-5833.926963481741,0.00011399736077835959,-3977.7025168068703,19.521453237488338
-5831.925962981491,0.00011399736077835959,-3977.7025168068703,19.521453237488338
-5829.92496248124,0.00011399736077835959,-3977.7025168068703,19.521453237488338
-5827.92396198099,0.00011399736077835959,-3977.7025168068703,19.521453237488338
-5825.92296148074,0.00011399736077835959,-3977.7025168068703,19.521453237488338
-5823.92196098049,0.00011399736077835959,-3977.7025168068703,19.521453237488338
-5821.92096048024,0.00011399736077835959,-3977.7025168068703,19.521453237488338
-5819.9199599799895,0.00011399736077835959,-3977.7025168068703,19.521453237488338
-5817.91895947974,0.00011399736077835959,-3977.7025168068703,19.521453237488338
-5815.917958979489,0.00011399736077835959,-3977.7025168068703,19.521453237488338
-5813.916958479239,0.00011399736077835959,-3977.7025168068703,19.521453237488338
-5811.915957978988,0.00011399736077835959,-3977.7025168068703,19.521453237488338
-5809.91495747874,0.00011399736077835959,-3977.7025168068703,19.521453237488338
-5807.913956978489,0.00011399736077835959,-3977.7025168068703,19.521453237488338
-5805.912956478239,0.00011399736077835959,-3977.7025168068703,19.521453237488338
-5803.911955977988,0.00011399736077835959,-3977.7025168068703,19.521453237488338
-5801.910955477739,0.00011399736077835959,-3977.7025168068703,19.521453237488338
-5799.909954977488,0.00011399736077835959,-3977.7025168068703,19.521453237488338
-5797.908954477238,0.00011399736077835959,-3977.7025168068703,19.521453237488338
-5795.907953976988,0.00011399736077835959,-3977.7025168068703,19.521453237488338
-5793.906953476739,0.00011399736077835959,-3977.7025168068703,19.521453237488338
-5791.905952976488,0.00011399736077835959,-3977.7025168068703,19.521453237488338
-5789.904952476238,0.00011399736077835959,-3977.7025168068703,19.521453237488338
-5787.903951975987,0.00011399736077835959,-3977.7025168068703,19.521453237488338
-5785.902951475738,0.00011399736077835959,-3977.7025168068703,19.521453237488338
-5783.901950975487,0.00011399736077835959,-3977.7025168068703,19.521453237488338
-5781.900950475238,0.00011399736077835959,-3977.7025168068703,19.521453237488338
-5779.899949974987,0.00011399736077835959,-3977.7025168068703,19.521453237488338
-5777.8989494747375,0.00011399736077835959,-3977.7025168068703,19.521453237488338
-5775.897948974487,0.00011399736077835959,-3977.7025168068703,19.521453237488338
-5773.8969484742365,0.00011399736077835959,-3977.7025168068703,19.521453237488338
-5771.895947973986,0.00011399736077835959,-3977.7025168068703,19.521453237488338
-5769.8949474737365,0.00011399736077835959,-3977.7025168068703,19.521453237488338
-5767.893946973487,0.00011399736077835959,-3977.7025168068703,19.521453237488338
-5765.892946473236,0.00011399736077835959,-3977.7025168068703,19.521453237488338
-5763.891945972986,0.00011399736077835959,-3977.7025168068703,19.521453237488338
-5761.890945472736,0.00011399736077835959,-3977.7025168068703,19.521453237488338
-5759.889944972486,0.00011399736077835959,-3977.7025168068703,19.521453237488338
-5757.888944472235,0.00011399736077835959,-3977.7025168068703,19.521453237488338
-5755.887943971985,0.00011399736077835959,-3977.7025168068703,19.521453237488338
-5753.886943471736,0.00011399736077835959,-3977.7025168068703,19.521453237488338
-5751.885942971486,0.00011399736077835959,-3977.7025168068703,19.521453237488338
-5749.884942471235,0.00011399736077835959,-3977.7025168068703,19.521453237488338
-5747.883941970985,0.00011399736077835959,-3977.7025168068703,19.521453237488338
-5745.882941470735,0.00011399736077835959,-3977.7025168068703,19.521453237488338
-5743.881940970485,0.00011399736077835959,-3977.7025168068703,19.521453237488338
-5741.880940470234,0.00011399736077835959,-3977.7025168068703,19.521453237488338
-5739.879939969984,0.00011399736077835959,-3977.7025168068703,19.521453237488338
-5737.878939469735,0.00011399736077835959,-3977.7025168068703,19.521453237488338
-5735.877938969485,0.00011399736077835959,-3977.7025168068703,19.521453237488338
-5733.876938469234,0.00011399736077835959,-3977.7025168068703,19.521453237488338
-5731.8759379689845,0.00011399736077835959,-3977.7025168068703,19.521453237488338
-5729.874937468734,0.00011399736077835959,-3977.7025168068703,19.521453237488338
-5727.873936968484,0.00011399736077835959,-3977.7025168068703,19.521453237488338
-5725.872936468233,0.00011399736077835959,-3977.7025168068703,19.521453237488338
-5723.871935967984,0.00011399736077835959,-3977.7025168068703,19.521453237488338
-5721.870935467734,0.00011399736077835959,-3977.7025168068703,19.521453237488338
-5719.8699349674835,0.00011399736077835959,-3977.7025168068703,19.521453237488338
-5717.868934467233,0.00011399736077835959,-3977.7025168068703,19.521453237488338
-5715.867933966983,0.00011399736077835959,-3977.7025168068703,19.521453237488338
-5713.866933466733,0.00011399736077835959,-3977.7025168068703,19.521453237488338
-5711.865932966482,0.00011399736077835959,-3977.7025168068703,19.521453237488338
-5709.864932466233,0.00011399736077835959,-3977.7025168068703,19.521453237488338
-5707.863931965983,0.00011399736077835959,-3977.7025168068703,19.521453237488338
-5705.862931465733,0.00011399736077835959,-3977.7025168068703,19.521453237488338
-5703.861930965482,0.00011399736077835959,-3977.7025168068703,19.521453237488338
-5701.860930465232,0.00011399736077835959,-3977.7025168068703,19.521453237488338
-5699.859929964982,0.00011399736077835959,-3977.7025168068703,19.521453237488338
-5697.858929464732,0.00011399736077835959,-3977.7025168068703,19.521453237488338
-5695.857928964482,0.00011399736077835959,-3977.7025168068703,19.521453237488338
-5693.856928464232,0.00011399736077835959,-3977.7025168068703,19.521453237488338
-5691.855927963982,0.00011399736077835959,-3977.7025168068703,19.521453237488338
-5689.854927463732,0.00011399736077835959,-3977.7025168068703,19.521453237488338
-5687.853926963481,0.00011399736077835959,-3977.7025168068703,19.521453237488338
-5685.852926463231,0.00011399736077835959,-3977.7025168068703,19.521453237488338
-5683.851925962981,0.00011399736077835959,-3977.7025168068703,19.521453237488338
-5681.8509254627315,0.00011399736077835959,-3977.7025168068703,19.521453237488338
-5679.849924962481,0.00011399736077835959,-3977.7025168068703,19.521453237488338
-5677.848924462231,0.00011399736077835959,-3977.7025168068703,19.521453237488338
-5675.847923961981,0.00011399736077835959,-3977.7025168068703,19.521453237488338
-5673.8469234617305,0.00011399736077835959,-3977.7025168068703,19.521453237488338
-5671.84592296148,0.00011399736077835959,-3977.7025168068703,19.521453237488338
-5669.8449224612295,0.00011399736077835959,-3977.7025168068703,19.521453237488338
-5667.843921960981,0.00011399736077835959,-3977.7025168068703,19.521453237488338
-5665.84292146073,0.00011399736077835959,-3977.7025168068703,19.521453237488338
-5663.84192096048,0.00011399736077835959,-3977.7025168068703,19.521453237488338
-5661.840920460229,0.00011399736077835959,-3977.7025168068703,19.521453237488338
-5659.83991995998,0.00011399736077835959,-3977.7025168068703,19.521453237488338
-5657.838919459729,0.00011399736077835959,-3977.7025168068703,19.521453237488338
-5655.837918959479,0.00011399736077835959,-3977.7025168068703,19.521453237488338
-5653.836918459229,0.00011399736077835959,-3977.7025168068703,19.521453237488338
-5651.83591795898,0.00011399736077835959,-3977.7025168068703,19.521453237488338
-5649.834917458729,0.00011399736077835959,-3977.7025168068703,19.521453237488338
-5647.833916958479,0.00011399736077835959,-3977.7025168068703,19.521453237488338
-5645.832916458228,0.00011399736077835959,-3977.7025168068703,19.521453237488338
-5643.831915957979,0.00011399736077835959,-3977.7025168068703,19.521453237488338
-5641.830915457728,0.00011399736077835959,-3977.7025168068703,19.521453237488338
-5639.829914957479,0.00011399736077835959,-3977.7025168068703,19.521453237488338
-5637.828914457228,0.00011399736077835959,-3977.7025168068703,19.521453237488338
-5635.827913956979,0.00011399736077835959,-3977.7025168068703,19.521453237488338
-5633.826913456728,0.00011399736077835959,-3977.7025168068703,19.521453237488338
-5631.825912956478,0.00011399736077835959,-3977.7025168068703,19.521453237488338
-5629.824912456228,0.00011399736077835959,-3977.7025168068703,19.521453237488338
-5627.823911955978,0.00011399736077835959,-3977.7025168068703,19.521453237488338
-5625.822911455728,0.00011399736077835959,-3977.7025168068703,19.521453237488338
-5623.8219109554775,0.00011399736077835959,-3977.7025168068703,19.521453237488338
-5621.820910455227,0.00011399736077835959,-3977.7025168068703,19.521453237488338
-5619.819909954977,0.00011399736077835959,-3977.7025168068703,19.521453237488338
-5617.818909454727,0.00011399736077835959,-3977.7025168068703,19.521453237488338
-5615.8179089544765,0.00011399736077835959,-3977.7025168068703,19.521453237488338
-5613.816908454227,0.00011399736077835959,-3977.7025168068703,19.521453237488338
-5611.815907953977,0.00011399736077835959,-3977.7025168068703,19.521453237488338
-5609.814907453727,0.00011399736077835959,-3977.7025168068703,19.521453237488338
-5607.813906953476,0.00011399736077835959,-3977.7025168068703,19.521453237488338
-5605.812906453226,0.00011399736077835959,-3977.7025168068703,19.521453237488338
-5603.811905952976,0.00011399736077835959,-3977.7025168068703,19.521453237488338
-5601.810905452726,0.00011399736077835959,-3977.7025168068703,19.521453237488338
-5599.809904952475,0.00011399736077835959,-3977.7025168068703,19.521453237488338
-5597.808904452227,0.00011399736077835959,-3977.7025168068703,19.521453237488338
-5595.807903951976,0.00011399736077835959,-3977.7025168068703,19.521453237488338
-5593.806903451726,0.00011399736077835959,-3977.7025168068703,19.521453237488338
-5591.805902951475,0.00011399736077835959,-3977.7025168068703,19.521453237488338
-5589.804902451226,0.00011399736077835959,-3977.7025168068703,19.521453237488338
-5587.803901950975,0.00011399736077835959,-3977.7025168068703,19.521453237488338
-5585.802901450725,0.00011399736077835959,-3977.7025168068703,19.521453237488338
-5583.801900950474,0.00011399736077835959,-3977.7025168068703,19.521453237488338
-5581.8009004502255,0.00011399736077835959,-3977.7025168068703,19.521453237488338
-5579.799899949975,0.00011399736077835959,-3977.7025168068703,19.521453237488338
-5577.798899449725,0.00011399736077835959,-3977.7025168068703,19.521453237488338
-5575.797898949474,0.00011399736077835959,-3977.7025168068703,19.521453237488338
-5573.7968984492245,0.00011399736077835959,-3977.7025168068703,19.521453237488338
-5571.795897948974,0.00011399736077835959,-3977.7025168068703,19.521453237488338
-5569.7948974487235,0.00011399736077835959,-3977.7025168068703,19.521453237488338
-5567.793896948474,0.00011399736077835959,-3977.7025168068703,19.521453237488338
-5565.792896448224,0.00011399736077835959,-3977.7025168068703,19.521453237488338
-5563.791895947974,0.00011399736077835959,-3977.7025168068703,19.521453237488338
-5561.790895447723,0.00011399736077835959,-3977.7025168068703,19.521453237488338
-5559.789894947473,0.00011399736077835959,-3977.7025168068703,19.521453237488338
-5557.788894447223,0.00011399736077835959,-3977.7025168068703,19.521453237488338
-5555.787893946973,0.00011399736077835959,-3977.7025168068703,19.521453237488338
-5553.786893446723,0.00011399736077835959,-3977.7025168068703,19.521453237488338
-5551.785892946473,0.00011399736077835959,-3977.7025168068703,19.521453237488338
-5549.784892446223,0.00011399736077835959,-3977.7025168068703,19.521453237488338
-5547.783891945973,0.00011399736077835959,-3977.7025168068703,19.521453237488338
-5545.782891445722,0.00011399736077835959,-3977.7025168068703,19.521453237488338
-5543.781890945472,0.00011399736077835959,-3977.7025168068703,19.521453237488338
-5541.780890445222,0.00011399736077835959,-3977.7025168068703,19.521453237488338
-5539.779889944973,0.00011399736077835959,-3977.7025168068703,19.521453237488338
-5537.778889444722,0.00011399736077835959,-3977.7025168068703,19.521453237488338
-5535.777888944472,0.00011399736077835959,-3977.7025168068703,19.521453237488338
-5533.776888444222,0.00011399736077835959,-3977.7025168068703,19.521453237488338
-5531.775887943972,0.00011399736077835959,-3977.7025168068703,19.521453237488338
-5529.774887443721,0.00011399736077835959,-3977.7025168068703,19.521453237488338
-5527.773886943471,0.00011399736077835959,-3977.7025168068703,19.521453237488338
-5525.772886443222,0.00011399736077835959,-3977.7025168068703,19.521453237488338
-5523.7718859429715,0.00011399736077835959,-3977.7025168068703,19.521453237488338
-5521.770885442721,0.00011399736077835959,-3977.7025168068703,19.521453237488338
-5519.7698849424705,0.00011399736077835959,-3977.7025168068703,19.521453237488338
-5517.768884442221,0.00011399736077835959,-3977.7025168068703,19.521453237488338
-5515.7678839419705,0.00011399736077835959,-3977.7025168068703,19.521453237488338
-5513.76688344172,0.00011399736077835959,-3977.7025168068703,19.521453237488338
-5511.765882941471,0.00011399736077835959,-3977.7025168068703,19.521453237488338
-5509.764882441221,0.00011399736077835959,-3977.7025168068703,19.521453237488338
-5507.76388194097,0.00011399736077835959,-3977.7025168068703,19.521453237488338
-5505.76288144072,0.00011399736077835959,-3977.7025168068703,19.521453237488338
-5503.761880940469,0.00011399736077835959,-3977.7025168068703,19.521453237488338
-5501.76088044022,0.00011399736077835959,-3977.7025168068703,19.521453237488338
-5499.759879939969,0.00011399736077835959,-3977.7025168068703,19.521453237488338
-5497.75887943972,0.00011399736077835959,-3977.7025168068703,19.521453237488338
-5495.75787893947,0.00011399736077835959,-3977.7025168068703,19.521453237488338
-5493.75687843922,0.00011399736077835959,-3977.7025168068703,19.521453237488338
-5491.755877938969,0.00011399736077835959,-3977.7025168068703,19.521453237488338
-5489.754877438719,0.00011399736077835959,-3977.7025168068703,19.521453237488338
-5487.753876938468,0.00011399736077835959,-3977.7025168068703,19.521453237488338
-5485.752876438219,0.00011399736077835959,-3977.7025168068703,19.521453237488338
-5483.751875937969,0.00011399736077835959,-3977.7025168068703,19.521453237488338
-5481.750875437719,0.00011399736077835959,-3977.7025168068703,19.521453237488338
-5479.749874937469,0.00011399736077835959,-3977.7025168068703,19.521453237488338
-5477.748874437219,0.00011399736077835959,-3977.7025168068703,19.521453237488338
-5475.747873936968,0.00011399736077835959,-3977.7025168068703,19.521453237488338
-5473.746873436718,0.00011399736077835959,-3977.7025168068703,19.521453237488338
-5471.745872936468,0.00011399736077835959,-3977.7025168068703,19.521453237488338
-5469.744872436218,0.00011399736077835959,-3977.7025168068703,19.521453237488338
-5467.743871935968,0.00011399736077835959,-3977.7025168068703,19.521453237488338
-5465.7428714357175,0.00011399736077835959,-3977.7025168068703,19.521453237488338
-5463.741870935468,0.00011399736077835959,-3977.7025168068703,19.521453237488338
-5461.740870435217,0.00011399736077835959,-3977.7025168068703,19.521453237488338
-5459.739869934967,0.00011399736077835959,-3977.7025168068703,19.521453237488338
-5457.738869434716,0.00011399736077835959,-3977.7025168068703,19.521453237488338
-5455.737868934467,0.00011399736077835959,-3977.7025168068703,19.521453237488338
-5453.736868434217,0.00011399736077835959,-3977.7025168068703,19.521453237488338
-5451.735867933967,0.00011399736077835959,-3977.7025168068703,19.521453237488338
-5449.734867433716,0.00011399736077835959,-3977.7025168068703,19.521453237488338
-5447.733866933467,0.00011399736077835959,-3977.7025168068703,19.521453237488338
-5445.732866433216,0.00011399736077835959,-3977.7025168068703,19.521453237488338
-5443.731865932966,0.00011399736077835959,-3977.7025168068703,19.521453237488338
-5441.730865432715,0.00011399736077835959,-3977.7025168068703,19.521453237488338
-5439.729864932467,0.00011399736077835959,-3977.7025168068703,19.521453237488338
-5437.728864432216,0.00011399736077835959,-3977.7025168068703,19.521453237488338
-5435.727863931966,0.00011399736077835959,-3977.7025168068703,19.521453237488338
-5433.726863431715,0.00011399736077835959,-3977.7025168068703,19.521453237488338
-5431.725862931466,0.00011399736077835959,-3977.7025168068703,19.521453237488338
-5429.724862431215,0.00011399736077835959,-3977.7025168068703,19.521453237488338
-5427.723861930965,0.00011399736077835959,-3977.7025168068703,19.521453237488338
-5425.722861430715,0.00011399736077835959,-3977.7025168068703,19.521453237488338
-5423.7218609304655,0.00011399736077835959,-3977.7025168068703,19.521453237488338
-5421.720860430215,0.00011399736077835959,-3977.7025168068703,19.521453237488338
-5419.7198599299645,0.00011399736077835959,-3977.7025168068703,19.521453237488338
-5417.718859429714,0.00011399736077835959,-3977.7025168068703,19.521453237488338
-5415.7178589294645,0.00011399736077835959,-3977.7025168068703,19.521453237488338
-5413.716858429214,0.00011399736077835959,-3977.7025168068703,19.521453237488338
-5411.715857928964,0.00011399736077835959,-3977.7025168068703,19.521453237488338
-5409.714857428714,0.00011399736077835959,-3977.7025168068703,19.521453237488338
-5407.713856928464,0.00011399736077835959,-3977.7025168068703,19.521453237488338
-5405.712856428214,0.00011399736077835959,-3977.7025168068703,19.521453237488338
-5403.711855927963,0.00011399736077835959,-3977.7025168068703,19.521453237488338
-5401.710855427713,0.00011399736077835959,-3977.7025168068703,19.521453237488338
-5399.709854927463,0.00011399736077835959,-3977.7025168068703,19.521453237488338
-5397.708854427214,0.00011399736077835959,-3977.7025168068703,19.521453237488338
-5395.707853926963,0.00011399736077835959,-3977.7025168068703,19.521453237488338
-5393.706853426714,0.00011399736077835959,-3977.7025168068703,19.521453237488338
-5391.705852926463,0.00011399736077835959,-3977.7025168068703,19.521453237488338
-5389.704852426213,0.00011399736077835959,-3977.7025168068703,19.521453237488338
-5387.703851925962,0.00011399736077835959,-3977.7025168068703,19.521453237488338
-5385.702851425712,0.00011399736077835959,-3977.7025168068703,19.521453237488338
-5383.701850925463,0.00011399736077835959,-3977.7025168068703,19.521453237488338
-5381.700850425213,0.00011399736077835959,-3977.7025168068703,19.521453237488338
-5379.699849924962,0.00011399736077835959,-3977.7025168068703,19.521453237488338
-5377.6988494247125,0.00011399736077835959,-3977.7025168068703,19.521453237488338
-5375.697848924462,0.00011399736077835959,-3977.7025168068703,19.521453237488338
-5373.696848424212,0.00011399736077835959,-3977.7025168068703,19.521453237488338
-5371.695847923961,0.00011399736077835959,-3977.7025168068703,19.521453237488338
-5369.6948474237115,0.00011399736077835959,-3977.7025168068703,19.521453237488338
-5367.693846923462,0.00011399736077835959,-3977.7025168068703,19.521453237488338
-5365.692846423211,0.00011399736077835959,-3977.7025168068703,19.521453237488338
-5363.691845922961,0.00011399736077835959,-3977.7025168068703,19.521453237488338
-5361.690845422711,0.00011399736077835959,-3977.7025168068703,19.521453237488338
-5359.689844922461,0.00011399736077835959,-3977.7025168068703,19.521453237488338
-5357.68884442221,0.00011399736077835959,-3977.7025168068703,19.521453237488338
-5355.687843921961,0.00011399736077835959,-3977.7025168068703,19.521453237488338
-5353.68684342171,0.00011399736077835959,-3977.7025168068703,19.521453237488338
-5351.685842921461,0.00011399736077835959,-3977.7025168068703,19.521453237488338
-5349.68484242121,0.00011399736077835959,-3977.7025168068703,19.521453237488338
-5347.68384192096,0.00011399736077835959,-3977.7025168068703,19.521453237488338
-5345.68284142071,0.00011399736077835959,-3977.7025168068703,19.521453237488338
-5343.68184092046,0.00011399736077835959,-3977.7025168068703,19.521453237488338
-5341.68084042021,0.00011399736077835959,-3977.7025168068703,19.521453237488338
-5339.67983991996,0.00011399736077835959,-3977.7025168068703,19.521453237488338
-5337.67883941971,0.00011399736077835959,-3977.7025168068703,19.521453237488338
-5335.67783891946,0.00011399736077835959,-3977.7025168068703,19.521453237488338
-5333.676838419209,0.00011399736077835959,-3977.7025168068703,19.521453237488338
-5331.675837918959,0.00011399736077835959,-3977.7025168068703,19.521453237488338
-5329.674837418709,0.00011399736077835959,-3977.7025168068703,19.521453237488338
-5327.6738369184595,0.00011399736077835959,-3977.7025168068703,19.521453237488338
-5325.672836418209,0.00011399736077835959,-3977.7025168068703,19.521453237488338
-5323.671835917959,0.00011399736077835959,-3977.7025168068703,19.521453237488338
-5321.670835417709,0.00011399736077835959,-3977.7025168068703,19.521453237488338
-5319.6698349174585,0.00011399736077835959,-3977.7025168068703,19.521453237488338
-5317.668834417208,0.00011399736077835959,-3977.7025168068703,19.521453237488338
-5315.6678339169575,0.00011399736077835959,-3977.7025168068703,19.521453237488338
-5313.666833416708,0.00011399736077835959,-3977.7025168068703,19.521453237488338
-5311.665832916458,0.00011399736077835959,-3977.7025168068703,19.521453237488338
-5309.664832416208,0.00011399736077835959,-3977.7025168068703,19.521453237488338
-5307.663831915957,0.00011399736077835959,-3977.7025168068703,19.521453237488338
-5305.662831415708,0.00011399736077835959,-3977.7025168068703,19.521453237488338
-5303.661830915457,0.00011399736077835959,-3977.7025168068703,19.521453237488338
-5301.660830415207,0.00011399736077835959,-3977.7025168068703,19.521453237488338
-5299.659829914956,0.00011399736077835959,-3977.7025168068703,19.521453237488338
-5297.658829414708,0.00011399736077835959,-3977.7025168068703,19.521453237488338
-5295.657828914457,0.00011399736077835959,-3977.7025168068703,19.521453237488338
-5293.656828414207,0.00011399736077835959,-3977.7025168068703,19.521453237488338
-5291.655827913956,0.00011399736077835959,-3977.7025168068703,19.521453237488338
-5289.654827413707,0.00011399736077835959,-3977.7025168068703,19.521453237488338
-5287.653826913456,0.00011399736077835959,-3977.7025168068703,19.521453237488338
-5285.652826413206,0.00011399736077835959,-3977.7025168068703,19.521453237488338
-5283.651825912956,0.00011399736077835959,-3977.7025168068703,19.521453237488338
-5281.650825412707,0.00011399736077835959,-3977.7025168068703,19.521453237488338
-5279.649824912456,0.00011399736077835959,-3977.7025168068703,19.521453237488338
-5277.648824412206,0.00011399736077835959,-3977.7025168068703,19.521453237488338
-5275.647823911956,0.00011399736077835959,-3977.7025168068703,19.521453237488338
-5273.646823411706,0.00011399736077835959,-3977.7025168068703,19.521453237488338
-5271.645822911455,0.00011399736077835959,-3977.7025168068703,19.521453237488338
-5269.6448224112055,0.00011399736077835959,-3977.7025168068703,19.521453237488338
-5267.643821910955,0.00011399736077835959,-3977.7025168068703,19.521453237488338
-5265.642821410705,0.00011399736077835959,-3977.7025168068703,19.521453237488338
-5263.641820910455,0.00011399736077835959,-3977.7025168068703,19.521453237488338
-5261.6408204102045,0.00011399736077835959,-3977.7025168068703,19.521453237488338
-5259.639819909955,0.00011399736077835959,-3977.7025168068703,19.521453237488338
-5257.638819409704,0.00011399736077835959,-3977.7025168068703,19.521453237488338
-5255.637818909455,0.00011399736077835959,-3977.7025168068703,19.521453237488338
-5253.636818409204,0.00011399736077835959,-3977.7025168068703,19.521453237488338
-5251.635817908954,0.00011399736077835959,-3977.7025168068703,19.521453237488338
-5249.634817408704,0.00011399736077835959,-3977.7025168068703,19.521453237488338
-5247.633816908454,0.00011399736077835959,-3977.7025168068703,19.521453237488338
-5245.632816408203,0.00011399736077835959,-3977.7025168068703,19.521453237488338
-5243.631815907954,0.00011399736077835959,-3977.7025168068703,19.521453237488338
-5241.630815407704,0.00011399736077835959,-3977.7025168068703,19.521453237488338
-5239.629814907454,0.00011399736077835959,-3977.7025168068703,19.521453237488338
-5237.628814407203,0.00011399736077835959,-3977.7025168068703,19.521453237488338
-5235.627813906953,0.00011399736077835959,-3977.7025168068703,19.521453237488338
-5233.626813406703,0.00011399736077835959,-3977.7025168068703,19.521453237488338
-5231.625812906453,0.00011399736077835959,-3977.7025168068703,19.521453237488338
-5229.624812406202,0.00011399736077835959,-3977.7025168068703,19.521453237488338
-5227.6238119059535,0.00011399736077835959,-3977.7025168068703,19.521453237488338
-5225.622811405703,0.00011399736077835959,-3977.7025168068703,19.521453237488338
-5223.621810905453,0.00011399736077835959,-3977.7025168068703,19.521453237488338
-5221.620810405202,0.00011399736077835959,-3977.7025168068703,19.521453237488338
-5219.6198099049525,0.00011399736077835959,-3977.7025168068703,19.521453237488338
-5217.618809404702,0.00011399736077835959,-3977.7025168068703,19.521453237488338
-5215.6178089044515,0.00011399736077835959,-3977.7025168068703,19.521453237488338
-5213.616808404202,0.00011399736077835959,-3977.7025168068703,19.521453237488338
-5211.615807903952,0.00011399736077835959,-3977.7025168068703,19.521453237488338
-5209.614807403702,0.00011399736077835959,-3977.7025168068703,19.521453237488338
-5207.613806903451,0.00011399736077835959,-3977.7025168068703,19.521453237488338
-5205.612806403201,0.00011399736077835959,-3977.7025168068703,19.521453237488338
-5203.611805902951,0.00011399736077835959,-3977.7025168068703,19.521453237488338
-5201.610805402701,0.00011399736077835959,-3977.7025168068703,19.521453237488338
-5199.609804902451,0.00011399736077835959,-3977.7025168068703,19.521453237488338
-5197.608804402201,0.00011399736077835959,-3977.7025168068703,19.521453237488338
-5195.607803901951,0.00011399736077835959,-3977.7025168068703,19.521453237488338
-5193.606803401701,0.00011399736077835959,-3977.7025168068703,19.521453237488338
-5191.60580290145,0.00011399736077835959,-3977.7025168068703,19.521453237488338
-5189.6048024012,0.00011399736077835959,-3977.7025168068703,19.521453237488338
-5187.60380190095,0.00011399736077835959,-3977.7025168068703,19.521453237488338
-5185.6028014007,0.00011399736077835959,-3977.7025168068703,19.521453237488338
-5183.60180090045,0.00011399736077835959,-3977.7025168068703,19.521453237488338
-5181.6008004002,0.00011399736077835959,-3977.7025168068703,19.521453237488338
-5179.59979989995,0.00011399736077835959,-3977.7025168068703,19.521453237488338
-5177.5987993997,0.00011399736077835959,-3977.7025168068703,19.521453237488338
-5175.597798899449,0.00011399736077835959,-3977.7025168068703,19.521453237488338
-5173.596798399199,0.00011399736077835959,-3977.7025168068703,19.521453237488338
-5171.595797898949,0.00011399736077835959,-3977.7025168068703,19.521453237488338
-5169.5947973986995,0.00011399736077835959,-3977.7025168068703,19.521453237488338
-5167.593796898449,0.00011399736077835959,-3977.7025168068703,19.521453237488338
-5165.5927963981985,0.00011399736077835959,-3977.7025168068703,19.521453237488338
-5163.591795897949,0.00011399736077835959,-3977.7025168068703,19.521453237488338
-5161.5907953976985,0.00011399736077835959,-3977.7025168068703,19.521453237488338
-5159.589794897448,0.00011399736077835959,-3977.7025168068703,19.521453237488338
-5157.588794397198,0.00011399736077835959,-3977.7025168068703,19.521453237488338
-5155.587793896949,0.00011399736077835959,-3977.7025168068703,19.521453237488338
-5153.586793396698,0.00011399736077835959,-3977.7025168068703,19.521453237488338
-5151.585792896448,0.00011399736077835959,-3977.7025168068703,19.521453237488338
-5149.584792396197,0.00011399736077835959,-3977.7025168068703,19.521453237488338
-5147.583791895948,0.00011399736077835959,-3977.7025168068703,19.521453237488338
-5145.582791395697,0.00011399736077835959,-3977.7025168068703,19.521453237488338
-5143.581790895447,0.00011399736077835959,-3977.7025168068703,19.521453237488338
-5141.580790395198,0.00011399736077835959,-3977.7025168068703,19.521453237488338
-5139.579789894948,0.00011399736077835959,-3977.7025168068703,19.521453237488338
-5137.578789394697,0.00011399736077835959,-3977.7025168068703,19.521453237488338
-5135.577788894447,0.00011399736077835959,-3977.7025168068703,19.521453237488338
-5133.576788394196,0.00011399736077835959,-3977.7025168068703,19.521453237488338
-5131.575787893947,0.00011399736077835959,-3977.7025168068703,19.521453237488338
-5129.574787393696,0.00011399736077835959,-3977.7025168068703,19.521453237488338
-5127.573786893447,0.00011399736077835959,-3977.7025168068703,19.521453237488338
-5125.572786393197,0.00011399736077835959,-3977.7025168068703,19.521453237488338
-5123.5717858929465,0.00011399736077835959,-3977.7025168068703,19.521453237488338
-5121.570785392696,0.00011399736077835959,-3977.7025168068703,19.521453237488338
-5119.569784892446,0.00011399736077835959,-3977.7025168068703,19.521453237488338
-5117.568784392195,0.00011399736077835959,-3977.7025168068703,19.521453237488338
-5115.5677838919455,0.00011399736077835959,-3977.7025168068703,19.521453237488338
-5113.566783391696,0.00011399736077835959,-3977.7025168068703,19.521453237488338
-5111.565782891445,0.00011399736077835959,-3977.7025168068703,19.521453237488338
-5109.564782391196,0.00011399736077835959,-3977.7025168068703,19.521453237488338
-5107.563781890945,0.00011399736077835959,-3977.7025168068703,19.521453237488338
-5105.562781390695,0.00011399736077835959,-3977.7025168068703,19.521453237488338
-5103.561780890444,0.00011399736077835959,-3977.7025168068703,19.521453237488338
-5101.560780390195,0.00011399736077835959,-3977.7025168068703,19.521453237488338
-5099.559779889945,0.00011399736077835959,-3977.7025168068703,19.521453237488338
-5097.558779389695,0.00011399736077835959,-3977.7025168068703,19.521453237488338
-5095.557778889444,0.00011399736077835959,-3977.7025168068703,19.521453237488338
-5093.556778389195,0.00011399736077835959,-3977.7025168068703,19.521453237488338
-5091.555777888944,0.00011399736077835959,-3977.7025168068703,19.521453237488338
-5089.554777388694,0.00011399736077835959,-3977.7025168068703,19.521453237488338
-5087.553776888443,0.00011399736077835959,-3977.7025168068703,19.521453237488338
-5085.552776388195,0.00011399736077835959,-3977.7025168068703,19.521453237488338
-5083.551775887944,0.00011399736077835959,-3977.7025168068703,19.521453237488338
-5081.550775387694,0.00011399736077835959,-3977.7025168068703,19.521453237488338
-5079.549774887443,0.00011399736077835959,-3977.7025168068703,19.521453237488338
-5077.548774387194,0.00011399736077835959,-3977.7025168068703,19.521453237488338
-5075.547773886943,0.00011399736077835959,-3977.7025168068703,19.521453237488338
-5073.546773386693,0.00011399736077835959,-3977.7025168068703,19.521453237488338
-5071.545772886443,0.00011399736077835959,-3977.7025168068703,19.521453237488338
-5069.5447723861935,0.00011399736077835959,-3977.7025168068703,19.521453237488338
-5067.543771885943,0.00011399736077835959,-3977.7025168068703,19.521453237488338
-5065.5427713856925,0.00011399736077835959,-3977.7025168068703,19.521453237488338
-5063.541770885442,0.00011399736077835959,-3977.7025168068703,19.521453237488338
-5061.540770385192,0.00011399736077835959,-3977.7025168068703,19.521453237488338
-5059.539769884942,0.00011399736077835959,-3977.7025168068703,19.521453237488338
-5057.538769384692,0.00011399736077835959,-3977.7025168068703,19.521453237488338
-5055.537768884442,0.00011399736077835959,-3977.7025168068703,19.521453237488338
-5053.536768384192,0.00011399736077835959,-3977.7025168068703,19.521453237488338
-5051.535767883942,0.00011399736077835959,-3977.7025168068703,19.521453237488338
-5049.534767383691,0.00011399736077835959,-3977.7025168068703,19.521453237488338
-5047.533766883441,0.00011399736077835959,-3977.7025168068703,19.521453237488338
-5045.532766383191,0.00011399736077835959,-3977.7025168068703,19.521453237488338
-5043.531765882941,0.00011399736077835959,-3977.7025168068703,19.521453237488338
-5041.530765382691,0.00011399736077835959,-3977.7025168068703,19.521453237488338
-5039.529764882442,0.00011399736077835959,-3977.7025168068703,19.521453237488338
-5037.528764382191,0.00011399736077835959,-3977.7025168068703,19.521453237488338
-5035.527763881941,0.00011399736077835959,-3977.7025168068703,19.521453237488338
-5033.52676338169,0.00011399736077835959,-3977.7025168068703,19.521453237488338
-5031.52576288144,0.00011399736077835959,-3977.7025168068703,19.521453237488338
-5029.52476238119,0.00011399736077835959,-3977.7025168068703,19.521453237488338
-5027.523761880941,0.00011399736077835959,-3977.7025168068703,19.521453237488338
-5025.52276138069,0.00011399736077835959,-3977.7025168068703,19.521453237488338
-5023.5217608804405,0.00011399736077835959,-3977.7025168068703,19.521453237488338
-5021.52076038019,0.00011399736077835959,-3977.7025168068703,19.521453237488338
-5019.51975987994,0.00011399736077835959,-3977.7025168068703,19.521453237488338
-5017.518759379689,0.00011399736077835959,-3977.7025168068703,19.521453237488338
-5015.517758879439,0.00011399736077835959,-3977.7025168068703,19.521453237488338
-5013.51675837919,0.00011399736077835959,-3977.7025168068703,19.521453237488338
-5011.515757878939,0.00011399736077835959,-3977.7025168068703,19.521453237488338
-5009.514757378689,0.00011399736077835959,-3977.7025168068703,19.521453237488338
-5007.513756878439,0.00011399736077835959,-3977.7025168068703,19.521453237488338
-5005.512756378189,0.00011399736077835959,-3977.7025168068703,19.521453237488338
-5003.511755877938,0.00011399736077835959,-3977.7025168068703,19.521453237488338
-5001.510755377688,0.00011399736077835959,-3977.7025168068703,19.521453237488338
-4999.509754877438,0.00011399736077835959,-3977.7025168068703,19.521453237488338
-4997.508754377189,0.00011399736077835959,-3977.7025168068703,19.521453237488338
-4995.507753876938,0.00011399736077835959,-3977.7025168068703,19.521453237488338
-4993.506753376688,0.00011399736077835959,-3977.7025168068703,19.521453237488338
-4991.505752876438,0.00011399736077835959,-3977.7025168068703,19.521453237488338
-4989.504752376188,0.00011399736077835959,-3977.7025168068703,19.521453237488338
-4987.503751875937,0.00011399736077835959,-3977.7025168068703,19.521453237488338
-4985.502751375688,0.00011399736077835959,-3977.7025168068703,19.521453237488338
-4983.501750875438,0.00011399736077835959,-3977.7025168068703,19.521453237488338
-4981.500750375188,0.00011399736077835959,-3977.7025168068703,19.521453237488338
-4979.499749874937,0.00011399736077835959,-3977.7025168068703,19.521453237488338
-4977.498749374687,0.00011399736077835959,-3977.7025168068703,19.521453237488338
-4975.497748874437,0.00011399736077835959,-3977.7025168068703,19.521453237488338
-4973.496748374187,0.00011399736077835959,-3977.7025168068703,19.521453237488338
-4971.495747873937,0.00011399736077835959,-3977.7025168068703,19.521453237488338
-4969.494747373687,0.00011399736077835959,-3977.7025168068703,19.521453237488338
-4967.493746873437,0.00011399736077835959,-3977.7025168068703,19.521453237488338
-4965.4927463731865,0.00011399736077835959,-3977.7025168068703,19.521453237488338
-4963.491745872936,0.00011399736077835959,-3977.7025168068703,19.521453237488338
-4961.4907453726855,0.00011399736077835959,-3977.7025168068703,19.521453237488338
-4959.489744872436,0.00011399736077835959,-3977.7025168068703,19.521453237488338
-4957.488744372186,0.00011399736077835959,-3977.7025168068703,19.521453237488338
-4955.487743871936,0.00011399736077835959,-3977.7025168068703,19.521453237488338
-4953.486743371685,0.00011399736077835959,-3977.7025168068703,19.521453237488338
-4951.485742871436,0.00011399736077835959,-3977.7025168068703,19.521453237488338
-4949.484742371185,0.00011399736077835959,-3977.7025168068703,19.521453237488338
-4947.483741870935,0.00011399736077835959,-3977.7025168068703,19.521453237488338
-4945.482741370684,0.00011399736077835959,-3977.7025168068703,19.521453237488338
-4943.481740870436,0.00011399736077835959,-3977.7025168068703,19.521453237488338
-4941.480740370185,0.00011399736077835959,-3977.7025168068703,19.521453237488338
-4939.479739869935,0.00011399736077835959,-3977.7025168068703,19.521453237488338
-4937.478739369685,0.00011399736077835959,-3977.7025168068703,19.521453237488338
-4935.477738869435,0.00011399736077835959,-3977.7025168068703,19.521453237488338
-4933.476738369184,0.00011399736077835959,-3977.7025168068703,19.521453237488338
-4931.475737868934,0.00011399736077835959,-3977.7025168068703,19.521453237488338
-4929.474737368684,0.00011399736077835959,-3977.7025168068703,19.521453237488338
-4927.473736868435,0.00011399736077835959,-3977.7025168068703,19.521453237488338
-4925.472736368184,0.00011399736077835959,-3977.7025168068703,19.521453237488338
-4923.471735867934,0.00011399736077835959,-3977.7025168068703,19.521453237488338
-4921.470735367684,0.00011399736077835959,-3977.7025168068703,19.521453237488338
-4919.4697348674335,0.00011399736077835959,-3977.7025168068703,19.521453237488338
-4917.468734367183,0.00011399736077835959,-3977.7025168068703,19.521453237488338
-4915.4677338669335,0.00011399736077835959,-3977.7025168068703,19.521453237488338
-4913.466733366683,0.00011399736077835959,-3977.7025168068703,19.521453237488338
-4911.465732866433,0.00011399736077835959,-3977.7025168068703,19.521453237488338
-4909.464732366183,0.00011399736077835959,-3977.7025168068703,19.521453237488338
-4907.4637318659325,0.00011399736077835959,-3977.7025168068703,19.521453237488338
-4905.462731365683,0.00011399736077835959,-3977.7025168068703,19.521453237488338
-4903.461730865432,0.00011399736077835959,-3977.7025168068703,19.521453237488338
-4901.460730365182,0.00011399736077835959,-3977.7025168068703,19.521453237488338
-4899.459729864932,0.00011399736077835959,-3977.7025168068703,19.521453237488338
-4897.458729364682,0.00011399736077835959,-3977.7025168068703,19.521453237488338
-4895.457728864432,0.00011399736077835959,-3977.7025168068703,19.521453237488338
-4893.456728364182,0.00011399736077835959,-3977.7025168068703,19.521453237488338
-4891.455727863931,0.00011399736077835959,-3977.7025168068703,19.521453237488338
-4889.454727363682,0.00011399736077835959,-3977.7025168068703,19.521453237488338
-4887.453726863431,0.00011399736077835959,-3977.7025168068703,19.521453237488338
-4885.452726363182,0.00011399736077835959,-3977.7025168068703,19.521453237488338
-4883.451725862931,0.00011399736077835959,-3977.7025168068703,19.521453237488338
-4881.450725362681,0.00011399736077835959,-3977.7025168068703,19.521453237488338
-4879.449724862431,0.00011399736077835959,-3977.7025168068703,19.521453237488338
-4877.448724362181,0.00011399736077835959,-3977.7025168068703,19.521453237488338
-4875.44772386193,0.00011399736077835959,-3977.7025168068703,19.521453237488338
-4873.446723361681,0.00011399736077835959,-3977.7025168068703,19.521453237488338
-4871.445722861431,0.00011399736077835959,-3977.7025168068703,19.521453237488338
-4869.4447223611805,0.00011399736077835959,-3977.7025168068703,19.521453237488338
-4867.44372186093,0.00011399736077835959,-3977.7025168068703,19.521453237488338
-4865.44272136068,0.00011399736077835959,-3977.7025168068703,19.521453237488338
-4863.44172086043,0.00011399736077835959,-3977.7025168068703,19.521453237488338
-4861.4407203601795,0.00011399736077835959,-3977.7025168068703,19.521453237488338
-4859.439719859929,0.00011399736077835959,-3977.7025168068703,19.521453237488338
-4857.43871935968,0.00011399736077835959,-3977.7025168068703,19.521453237488338
-4855.43771885943,0.00011399736077835959,-3977.7025168068703,19.521453237488338
-4853.436718359179,0.00011399736077835959,-3977.7025168068703,19.521453237488338
-4851.435717858929,0.00011399736077835959,-3977.7025168068703,19.521453237488338
-4849.434717358678,0.00011399736077835959,-3977.7025168068703,19.521453237488338
-4847.433716858429,0.00011399736077835959,-3977.7025168068703,19.521453237488338
-4845.432716358178,0.00011399736077835959,-3977.7025168068703,19.521453237488338
-4843.431715857929,0.00011399736077835959,-3977.7025168068703,19.521453237488338
-4841.430715357679,0.00011399736077835959,-3977.7025168068703,19.521453237488338
-4839.429714857429,0.00011399736077835959,-3977.7025168068703,19.521453237488338
-4837.428714357178,0.00011399736077835959,-3977.7025168068703,19.521453237488338
-4835.427713856928,0.00011399736077835959,-3977.7025168068703,19.521453237488338
-4833.426713356678,0.00011399736077835959,-3977.7025168068703,19.521453237488338
-4831.425712856428,0.00011399736077835959,-3977.7025168068703,19.521453237488338
-4829.424712356178,0.00011399736077835959,-3977.7025168068703,19.521453237488338
-4827.423711855928,0.00011399736077835959,-3977.7025168068703,19.521453237488338
-4825.422711355678,0.00011399736077835959,-3977.7025168068703,19.521453237488338
-4823.421710855428,0.00011399736077835959,-3977.7025168068703,19.521453237488338
-4821.420710355177,0.00011399736077835959,-3977.7025168068703,19.521453237488338
-4819.4197098549275,0.00011399736077835959,-3977.7025168068703,19.521453237488338
-4817.418709354677,0.00011399736077835959,-3977.7025168068703,19.521453237488338
-4815.4177088544275,0.00011399736077835959,-3977.7025168068703,19.521453237488338
-4813.416708354177,0.00011399736077835959,-3977.7025168068703,19.521453237488338
-4811.4157078539265,0.00011399736077835959,-3977.7025168068703,19.521453237488338
-4809.414707353677,0.00011399736077835959,-3977.7025168068703,19.521453237488338
-4807.413706853426,0.00011399736077835959,-3977.7025168068703,19.521453237488338
-4805.412706353176,0.00011399736077835959,-3977.7025168068703,19.521453237488338
-4803.411705852926,0.00011399736077835959,-3977.7025168068703,19.521453237488338
-4801.410705352677,0.00011399736077835959,-3977.7025168068703,19.521453237488338
-4799.409704852426,0.00011399736077835959,-3977.7025168068703,19.521453237488338
-4797.408704352176,0.00011399736077835959,-3977.7025168068703,19.521453237488338
-4795.407703851925,0.00011399736077835959,-3977.7025168068703,19.521453237488338
-4793.406703351676,0.00011399736077835959,-3977.7025168068703,19.521453237488338
-4791.405702851425,0.00011399736077835959,-3977.7025168068703,19.521453237488338
-4789.404702351175,0.00011399736077835959,-3977.7025168068703,19.521453237488338
-4787.403701850926,0.00011399736077835959,-3977.7025168068703,19.521453237488338
-4785.402701350676,0.00011399736077835959,-3977.7025168068703,19.521453237488338
-4783.401700850425,0.00011399736077835959,-3977.7025168068703,19.521453237488338
-4781.400700350175,0.00011399736077835959,-3977.7025168068703,19.521453237488338
-4779.399699849924,0.00011399736077835959,-3977.7025168068703,19.521453237488338
-4777.398699349675,0.00011399736077835959,-3977.7025168068703,19.521453237488338
-4775.397698849424,0.00011399736077835959,-3977.7025168068703,19.521453237488338
-4773.396698349174,0.00011399736077835959,-3977.7025168068703,19.521453237488338
-4771.395697848925,0.00011399736077835959,-3977.7025168068703,19.521453237488338
-4769.3946973486745,0.00011399736077835959,-3977.7025168068703,19.521453237488338
-4767.393696848424,0.00011399736077835959,-3977.7025168068703,19.521453237488338
-4765.392696348174,0.00011399736077835959,-3977.7025168068703,19.521453237488338
-4763.391695847923,0.00011399736077835959,-3977.7025168068703,19.521453237488338
-4761.3906953476735,0.00011399736077835959,-3977.7025168068703,19.521453237488338
-4759.389694847423,0.00011399736077835959,-3977.7025168068703,19.521453237488338
-4757.388694347173,0.00011399736077835959,-3977.7025168068703,19.521453237488338
-4755.387693846924,0.00011399736077835959,-3977.7025168068703,19.521453237488338
-4753.386693346673,0.00011399736077835959,-3977.7025168068703,19.521453237488338
-4751.385692846423,0.00011399736077835959,-3977.7025168068703,19.521453237488338
-4749.384692346172,0.00011399736077835959,-3977.7025168068703,19.521453237488338
-4747.383691845922,0.00011399736077835959,-3977.7025168068703,19.521453237488338
-4745.382691345672,0.00011399736077835959,-3977.7025168068703,19.521453237488338
-4743.381690845423,0.00011399736077835959,-3977.7025168068703,19.521453237488338
-4741.380690345172,0.00011399736077835959,-3977.7025168068703,19.521453237488338
-4739.379689844923,0.00011399736077835959,-3977.7025168068703,19.521453237488338
-4737.378689344672,0.00011399736077835959,-3977.7025168068703,19.521453237488338
-4735.377688844422,0.00011399736077835959,-3977.7025168068703,19.521453237488338
-4733.376688344171,0.00011399736077835959,-3977.7025168068703,19.521453237488338
-4731.375687843921,0.00011399736077835959,-3977.7025168068703,19.521453237488338
-4729.374687343672,0.00011399736077835959,-3977.7025168068703,19.521453237488338
-4727.373686843422,0.00011399736077835959,-3977.7025168068703,19.521453237488338
-4725.372686343171,0.00011399736077835959,-3977.7025168068703,19.521453237488338
-4723.371685842922,0.00011399736077835959,-3977.7025168068703,19.521453237488338
-4721.370685342671,0.00011399736077835959,-3977.7025168068703,19.521453237488338
-4719.369684842421,0.00011399736077835959,-3977.7025168068703,19.521453237488338
-4717.36868434217,0.00011399736077835959,-3977.7025168068703,19.521453237488338
-4715.367683841921,0.00011399736077835959,-3977.7025168068703,19.521453237488338
-4713.366683341671,0.00011399736077835959,-3977.7025168068703,19.521453237488338
-4711.3656828414205,0.00011399736077835959,-3977.7025168068703,19.521453237488338
-4709.36468234117,0.00011399736077835959,-3977.7025168068703,19.521453237488338
-4707.36368184092,0.00011399736077835959,-3977.7025168068703,19.521453237488338
-4705.36268134067,0.00011399736077835959,-3977.7025168068703,19.521453237488338
-4703.3616808404195,0.00011399736077835959,-3977.7025168068703,19.521453237488338
-4701.360680340171,0.00011399736077835959,-3977.7025168068703,19.521453237488338
-4699.35967983992,0.00011399736077835959,-3977.7025168068703,19.521453237488338
-4697.35867933967,0.00011399736077835959,-3977.7025168068703,19.521453237488338
-4695.357678839419,0.00011399736077835959,-3977.7025168068703,19.521453237488338
-4693.356678339169,0.00011399736077835959,-3977.7025168068703,19.521453237488338
-4691.355677838919,0.00011399736077835959,-3977.7025168068703,19.521453237488338
-4689.354677338669,0.00011399736077835959,-3977.7025168068703,19.521453237488338
-4687.353676838419,0.00011399736077835959,-3977.7025168068703,19.521453237488338
-4685.35267633817,0.00011399736077835959,-3977.7025168068703,19.521453237488338
-4683.351675837919,0.00011399736077835959,-3977.7025168068703,19.521453237488338
-4681.350675337669,0.00011399736077835959,-3977.7025168068703,19.521453237488338
-4679.349674837418,0.00011399736077835959,-3977.7025168068703,19.521453237488338
-4677.348674337168,0.00011399736077835959,-3977.7025168068703,19.521453237488338
-4675.347673836918,0.00011399736077835959,-3977.7025168068703,19.521453237488338
-4673.346673336669,0.00011399736077835959,-3977.7025168068703,19.521453237488338
-4671.345672836418,0.00011399736077835959,-3977.7025168068703,19.521453237488338
-4669.3446723361685,0.00011399736077835959,-3977.7025168068703,19.521453237488338
-4667.343671835918,0.00011399736077835959,-3977.7025168068703,19.521453237488338
-4665.342671335668,0.00011399736077835959,-3977.7025168068703,19.521453237488338
-4663.341670835417,0.00011399736077835959,-3977.7025168068703,19.521453237488338
-4661.340670335167,0.00011399736077835959,-3977.7025168068703,19.521453237488338
-4659.339669834918,0.00011399736077835959,-3977.7025168068703,19.521453237488338
-4657.338669334667,0.00011399736077835959,-3977.7025168068703,19.521453237488338
-4655.337668834417,0.00011399736077835959,-3977.7025168068703,19.521453237488338
-4653.336668334167,0.00011399736077835959,-3977.7025168068703,19.521453237488338
-4651.335667833917,0.00011399736077835959,-3977.7025168068703,19.521453237488338
-4649.334667333666,0.00011399736077835959,-3977.7025168068703,19.521453237488338
-4647.333666833416,0.00011399736077835959,-3977.7025168068703,19.521453237488338
-4645.332666333166,0.00011399736077835959,-3977.7025168068703,19.521453237488338
-4643.331665832917,0.00011399736077835959,-3977.7025168068703,19.521453237488338
-4641.330665332666,0.00011399736077835959,-3977.7025168068703,19.521453237488338
-4639.329664832416,0.00011399736077835959,-3977.7025168068703,19.521453237488338
-4637.328664332166,0.00011399736077835959,-3977.7025168068703,19.521453237488338
-4635.327663831916,0.00011399736077835959,-3977.7025168068703,19.521453237488338
-4633.326663331665,0.00011399736077835959,-3977.7025168068703,19.521453237488338
-4631.325662831415,0.00011399736077835959,-3977.7025168068703,19.521453237488338
-4629.324662331165,0.00011399736077835959,-3977.7025168068703,19.521453237488338
-4627.323661830916,0.00011399736077835959,-3977.7025168068703,19.521453237488338
-4625.322661330665,0.00011399736077835959,-3977.7025168068703,19.521453237488338
-4623.321660830415,0.00011399736077835959,-3977.7025168068703,19.521453237488338
-4621.320660330165,0.00011399736077835959,-3977.7025168068703,19.521453237488338
-4619.319659829915,0.00011399736077835959,-3977.7025168068703,19.521453237488338
-4617.318659329664,0.00011399736077835959,-3977.7025168068703,19.521453237488338
-4615.3176588294145,0.00011399736077835959,-3977.7025168068703,19.521453237488338
-4613.316658329164,0.00011399736077835959,-3977.7025168068703,19.521453237488338
-4611.3156578289145,0.00011399736077835959,-3977.7025168068703,19.521453237488338
-4609.314657328664,0.00011399736077835959,-3977.7025168068703,19.521453237488338
-4607.3136568284135,0.00011399736077835959,-3977.7025168068703,19.521453237488338
-4605.312656328164,0.00011399736077835959,-3977.7025168068703,19.521453237488338
-4603.3116558279135,0.00011399736077835959,-3977.7025168068703,19.521453237488338
-4601.310655327664,0.00011399736077835959,-3977.7025168068703,19.521453237488338
-4599.309654827413,0.00011399736077835959,-3977.7025168068703,19.521453237488338
-4597.308654327163,0.00011399736077835959,-3977.7025168068703,19.521453237488338
-4595.307653826913,0.00011399736077835959,-3977.7025168068703,19.521453237488338
-4593.306653326663,0.00011399736077835959,-3977.7025168068703,19.521453237488338
-4591.305652826412,0.00011399736077835959,-3977.7025168068703,19.521453237488338
-4589.304652326163,0.00011399736077835959,-3977.7025168068703,19.521453237488338
-4587.303651825913,0.00011399736077835959,-3977.7025168068703,19.521453237488338
-4585.302651325663,0.00011399736077835959,-3977.7025168068703,19.521453237488338
-4583.301650825413,0.00011399736077835959,-3977.7025168068703,19.521453237488338
-4581.300650325163,0.00011399736077835959,-3977.7025168068703,19.521453237488338
-4579.299649824912,0.00011399736077835959,-3977.7025168068703,19.521453237488338
-4577.298649324662,0.00011399736077835959,-3977.7025168068703,19.521453237488338
-4575.297648824411,0.00011399736077835959,-3977.7025168068703,19.521453237488338
-4573.296648324163,0.00011399736077835959,-3977.7025168068703,19.521453237488338
-4571.295647823912,0.00011399736077835959,-3977.7025168068703,19.521453237488338
-4569.294647323662,0.00011399736077835959,-3977.7025168068703,19.521453237488338
-4567.293646823412,0.00011399736077835959,-3977.7025168068703,19.521453237488338
-4565.2926463231615,0.00011399736077835959,-3977.7025168068703,19.521453237488338
-4563.291645822911,0.00011399736077835959,-3977.7025168068703,19.521453237488338
-4561.290645322661,0.00011399736077835959,-3977.7025168068703,19.521453237488338
-4559.289644822411,0.00011399736077835959,-3977.7025168068703,19.521453237488338
-4557.288644322161,0.00011399736077835959,-3977.7025168068703,19.521453237488338
-4555.287643821911,0.00011399736077835959,-3977.7025168068703,19.521453237488338
-4553.28664332166,0.00011399736077835959,-3977.7025168068703,19.521453237488338
-4551.285642821411,0.00011399736077835959,-3977.7025168068703,19.521453237488338
-4549.28464232116,0.00011399736077835959,-3977.7025168068703,19.521453237488338
-4547.28364182091,0.00011399736077835959,-3977.7025168068703,19.521453237488338
-4545.28264132066,0.00011399736077835959,-3977.7025168068703,19.521453237488338
-4543.28164082041,0.00011399736077835959,-3977.7025168068703,19.521453237488338
-4541.28064032016,0.00011399736077835959,-3977.7025168068703,19.521453237488338
-4539.27963981991,0.00011399736077835959,-3977.7025168068703,19.521453237488338
-4537.278639319659,0.00011399736077835959,-3977.7025168068703,19.521453237488338
-4535.27763881941,0.00011399736077835959,-3977.7025168068703,19.521453237488338
-4533.276638319159,0.00011399736077835959,-3977.7025168068703,19.521453237488338
-4531.27563781891,0.00011399736077835959,-3977.7025168068703,19.521453237488338
-4529.274637318659,0.00011399736077835959,-3977.7025168068703,19.521453237488338
-4527.273636818409,0.00011399736077835959,-3977.7025168068703,19.521453237488338
-4525.272636318159,0.00011399736077835959,-3977.7025168068703,19.521453237488338
-4523.271635817909,0.00011399736077835959,-3977.7025168068703,19.521453237488338
-4521.270635317658,0.00011399736077835959,-3977.7025168068703,19.521453237488338
-4519.269634817409,0.00011399736077835959,-3977.7025168068703,19.521453237488338
-4517.268634317159,0.00011399736077835959,-3977.7025168068703,19.521453237488338
-4515.2676338169085,0.00011399736077835959,-3977.7025168068703,19.521453237488338
-4513.266633316658,0.00011399736077835959,-3977.7025168068703,19.521453237488338
-4511.265632816408,0.00011399736077835959,-3977.7025168068703,19.521453237488338
-4509.264632316158,0.00011399736077835959,-3977.7025168068703,19.521453237488338
-4507.2636318159075,0.00011399736077835959,-3977.7025168068703,19.521453237488338
-4505.262631315657,0.00011399736077835959,-3977.7025168068703,19.521453237488338
-4503.261630815408,0.00011399736077835959,-3977.7025168068703,19.521453237488338
-4501.260630315158,0.00011399736077835959,-3977.7025168068703,19.521453237488338
-4499.259629814907,0.00011399736077835959,-3977.7025168068703,19.521453237488338
-4497.258629314657,0.00011399736077835959,-3977.7025168068703,19.521453237488338
-4495.257628814406,0.00011399736077835959,-3977.7025168068703,19.521453237488338
-4493.256628314157,0.00011399736077835959,-3977.7025168068703,19.521453237488338
-4491.255627813906,0.00011399736077835959,-3977.7025168068703,19.521453237488338
-4489.254627313656,0.00011399736077835959,-3977.7025168068703,19.521453237488338
-4487.253626813407,0.00011399736077835959,-3977.7025168068703,19.521453237488338
-4485.252626313157,0.00011399736077835959,-3977.7025168068703,19.521453237488338
-4483.251625812906,0.00011399736077835959,-3977.7025168068703,19.521453237488338
-4481.250625312656,0.00011399736077835959,-3977.7025168068703,19.521453237488338
-4479.249624812405,0.00011399736077835959,-3977.7025168068703,19.521453237488338
-4477.248624312156,0.00011399736077835959,-3977.7025168068703,19.521453237488338
-4475.247623811905,0.00011399736077835959,-3977.7025168068703,19.521453237488338
-4473.246623311656,0.00011399736077835959,-3977.7025168068703,19.521453237488338
-4471.245622811406,0.00011399736077835959,-3977.7025168068703,19.521453237488338
-4469.244622311156,0.00011399736077835959,-3977.7025168068703,19.521453237488338
-4467.243621810905,0.00011399736077835959,-3977.7025168068703,19.521453237488338
-4465.2426213106555,0.00011399736077835959,-3977.7025168068703,19.521453237488338
-4463.241620810405,0.00011399736077835959,-3977.7025168068703,19.521453237488338
-4461.240620310155,0.00011399736077835959,-3977.7025168068703,19.521453237488338
-4459.239619809905,0.00011399736077835959,-3977.7025168068703,19.521453237488338
-4457.2386193096545,0.00011399736077835959,-3977.7025168068703,19.521453237488338
-4455.237618809405,0.00011399736077835959,-3977.7025168068703,19.521453237488338
-4453.236618309154,0.00011399736077835959,-3977.7025168068703,19.521453237488338
-4451.235617808904,0.00011399736077835959,-3977.7025168068703,19.521453237488338
-4449.234617308654,0.00011399736077835959,-3977.7025168068703,19.521453237488338
-4447.233616808404,0.00011399736077835959,-3977.7025168068703,19.521453237488338
-4445.232616308154,0.00011399736077835959,-3977.7025168068703,19.521453237488338
-4443.231615807904,0.00011399736077835959,-3977.7025168068703,19.521453237488338
-4441.230615307653,0.00011399736077835959,-3977.7025168068703,19.521453237488338
-4439.229614807404,0.00011399736077835959,-3977.7025168068703,19.521453237488338
-4437.228614307153,0.00011399736077835959,-3977.7025168068703,19.521453237488338
-4435.227613806903,0.00011399736077835959,-3977.7025168068703,19.521453237488338
-4433.226613306653,0.00011399736077835959,-3977.7025168068703,19.521453237488338
-4431.225612806404,0.00011399736077835959,-3977.7025168068703,19.521453237488338
-4429.224612306153,0.00011399736077835959,-3977.7025168068703,19.521453237488338
-4427.223611805903,0.00011399736077835959,-3977.7025168068703,19.521453237488338
-4425.222611305652,0.00011399736077835959,-3977.7025168068703,19.521453237488338
-4423.221610805403,0.00011399736077835959,-3977.7025168068703,19.521453237488338
-4421.220610305152,0.00011399736077835959,-3977.7025168068703,19.521453237488338
-4419.219609804902,0.00011399736077835959,-3977.7025168068703,19.521453237488338
-4417.218609304653,0.00011399736077835959,-3977.7025168068703,19.521453237488338
-4415.2176088044025,0.00011399736077835959,-3977.7025168068703,19.521453237488338
-4413.216608304152,0.00011399736077835959,-3977.7025168068703,19.521453237488338
-4411.215607803902,0.00011399736077835959,-3977.7025168068703,19.521453237488338
-4409.214607303651,0.00011399736077835959,-3977.7025168068703,19.521453237488338
-4407.2136068034015,0.00011399736077835959,-3977.7025168068703,19.521453237488338
-4405.212606303151,0.00011399736077835959,-3977.7025168068703,19.521453237488338
-4403.211605802901,0.00011399736077835959,-3977.7025168068703,19.521453237488338
-4401.210605302652,0.00011399736077835959,-3977.7025168068703,19.521453237488338
-4399.209604802401,0.00011399736077835959,-3977.7025168068703,19.521453237488338
-4397.208604302151,0.00011399736077835959,-3977.7025168068703,19.521453237488338
-4395.2076038019,0.00011399736077835959,-3977.7025168068703,19.521453237488338
-4393.20660330165,0.00011399736077835959,-3977.7025168068703,19.521453237488338
-4391.2056028014,0.00011399736077835959,-3977.7025168068703,19.521453237488338
-4389.204602301151,0.00011399736077835959,-3977.7025168068703,19.521453237488338
-4387.2036018009,0.00011399736077835959,-3977.7025168068703,19.521453237488338
-4385.202601300651,0.00011399736077835959,-3977.7025168068703,19.521453237488338
-4383.2016008004,0.00011399736077835959,-3977.7025168068703,19.521453237488338
-4381.20060030015,0.00011497502081748144,-3977.7025168068703,19.521453237488338
-4379.199599799899,0.00011549701790009466,-3977.7025168068703,19.521453237488338
-4377.198599299649,0.00011614930859145346,-3977.7025168068703,19.521453237488338
-4375.1975987994,0.0001169324980734615,-3977.7025168068703,19.521453237488338
-4373.19659829915,0.00011784310012113259,-3977.7025168068703,19.521453237488338
-4371.195597798899,0.0001188744710546472,-3977.7025168068703,19.521453237488338
-4369.19459729865,0.00012003009980482349,-3977.7025168068703,19.521453237488338
-4367.193596798399,0.00012129424805486771,-3977.7025168068703,19.521453237488338
-4365.192596298149,0.00012266580769261723,-3977.7025168068703,19.521453237488338
-4363.191595797898,0.00012413206271902878,-3977.7025168068703,19.521453237488338
-4361.190595297648,0.00012568885584011218,-3977.7025168068703,19.521453237488338
-4359.189594797399,0.00012732068171342648,-3977.7025168068703,19.521453237488338
-4357.1885942971485,0.00012902202545336434,-3977.7025168068703,19.521453237488338
-4355.187593796898,0.00013077638728356818,-3977.7025168068703,19.521453237488338
-4353.186593296648,0.00013257460322247343,-3977.7025168068703,19.521453237488338
-4351.185592796398,0.00013440151259508487,-3977.7025168068703,19.521453237488338
-4349.1845922961475,0.00013624440104829672,-3977.7025168068703,19.521453237488338
-4347.183591795898,0.0001380893216758501,-3977.7025168068703,19.521453237488338
-4345.182591295648,0.00013992170143445958,-3977.7025168068703,19.521453237488338
-4343.181590795398,0.0001417273382011272,-3977.7025168068703,19.521453237488338
-4341.180590295147,0.00014349155264322799,-3977.7025168068703,19.521453237488338
-4339.179589794897,0.00014520028702584103,-3977.7025168068703,19.521453237488338
-4337.178589294647,0.00014683930868523697,-3977.7025168068703,19.521453237488338
-4335.177588794397,0.00014839233911339078,-3977.7025168068703,19.521453237488338
-4333.176588294146,0.00014984979670756686,-3977.7025168068703,19.521453237488338
-4331.175587793898,0.00015119344813282866,-3977.7025168068703,19.521453237488338
-4329.174587293647,0.00015241808894759422,-3977.7025168068703,19.521453237488338
-4327.173586793397,0.00015350299767663103,-3977.7025168068703,19.521453237488338
-4325.172586293146,0.00015444787102703624,-3977.7025168068703,19.521453237488338
-4323.171585792896,0.00015523279349159702,-3977.7025168068703,19.521453237488338
-4321.170585292646,0.00015585908175135067,-3977.7025168068703,19.521453237488338
-4319.169584792396,0.00015631105998228467,-3977.7025168068703,19.521453237488338
-4317.168584292146,0.00015658986097871579,-3977.7025168068703,19.521453237488338
-4315.1675837918965,0.00015668568327156126,-3977.7025168068703,19.521453237488338
-4313.166583291646,0.00015659907453308548,-3977.7025168068703,19.521453237488338
-4311.1655827913955,0.00015632695184950574,-3977.7025168068703,19.521453237488338
-4309.164582291145,0.0001558691497296911,-3977.7025168068703,19.521453237488338
-4307.163581790895,0.00015522968261163063,-3977.7025168068703,19.521453237488338
-4305.162581290645,0.00015440785166193495,-3977.7025168068703,19.521453237488338
-4303.161580790395,0.00015341463493756882,-3977.7025168068703,19.521453237488338
-4301.160580290145,0.0001522493049173265,-3977.7025168068703,19.521453237488338
-4299.159579789895,0.00015092913295657875,-3977.7025168068703,19.521453237488338
-4297.158579289645,0.00014945419183738713,-3977.7025168068703,19.521453237488338
-4295.157578789394,0.00014784627388391317,-3977.7025168068703,19.521453237488338
-4293.156578289144,0.00014610912069384392,-3977.7025168068703,19.521453237488338
-4291.155577788893,0.00014426529211478457,-3977.7025168068703,19.521453237488338
-4289.154577288645,0.0001423249343606767,-3977.7025168068703,19.521453237488338
-4287.153576788394,0.00014030933311166399,-3977.7025168068703,19.521453237488338
-4285.152576288144,0.00013823447758441756,-3977.7025168068703,19.521453237488338
-4283.151575787894,0.00013612111678931908,-3977.7025168068703,19.521453237488338
-4281.150575287644,0.00013398921102146305,-3977.7025168068703,19.521453237488338
-4279.149574787393,0.00013185974775376956,-3977.7025168068703,19.521453237488338
-4277.148574287143,0.00012975485481096232,-3977.7025168068703,19.521453237488338
-4275.147573786893,0.0001276971806155327,-3977.7025168068703,19.521453237488338
-4273.146573286644,0.00012570767133898063,-3977.7025168068703,19.521453237488338
-4271.145572786393,0.00012381204367545374,-3977.7025168068703,19.521453237488338
-4269.144572286143,0.00012202782040089915,-3977.7025168068703,19.521453237488338
-4267.143571785893,0.00012038478241774044,-3977.7025168068703,19.521453237488338
-4265.142571285643,0.00011889469428740757,-3977.7025168068703,19.521453237488338
-4263.141570785392,0.00011759161306833082,-3977.7025168068703,19.521453237488338
-4261.1405702851425,0.00011648203170737704,-3977.7025168068703,19.521453237488338
-4259.139569784892,0.0001155985004529468,-3977.7025168068703,19.521453237488338
-4257.1385692846425,0.00011494697890140151,-3977.7025168068703,19.521453237488338
-4255.137568784392,0.00011455481554585019,-3977.7025168068703,19.521453237488338
-4253.1365682841415,0.0001144286719444817,-3977.7025168068703,19.521453237488338
-4251.135567783892,0.00011458809662692275,-3977.7025168068703,19.521453237488338
-4249.134567283641,0.0001150413993108344,-3977.7025168068703,19.521453237488338
-4247.133566783392,0.00011579798139304414,-3977.7025168068703,19.521453237488338
-4245.132566283141,0.0001168684741221854,-3977.7025168068703,19.521453237488338
-4243.131565782891,0.00011825125231572397,-3977.7025168068703,19.521453237488338
-4241.130565282641,0.00011995903803507118,-3977.7025168068703,19.521453237488338
-4239.129564782391,0.00012197810042837744,-3977.7025168068703,19.521453237488338
-4237.12856428214,0.00012432333102917995,-3977.7025168068703,19.521453237488338
-4235.127563781891,0.0001269694762299705,-3977.7025168068703,19.521453237488338
-4233.126563281641,0.00012993140927187126,-3977.7025168068703,19.521453237488338
-4231.125562781391,0.00013317614560440352,-3977.7025168068703,19.521453237488338
-4229.124562281141,0.0001367099815282328,-3977.7025168068703,19.521453237488338
-4227.123561780891,0.00014050121772822888,-3977.7025168068703,19.521453237488338
-4225.12256128064,0.0001445435263471428,-3977.7025168068703,19.521453237488338
-4223.12156078039,0.00014880717449217986,-3977.7025168068703,19.521453237488338
-4221.120560280139,0.0001532745203995749,-3977.7025168068703,19.521453237488338
-4219.11955977989,0.0001579167201671683,-3977.7025168068703,19.521453237488338
-4217.11855927964,0.00016270678218593146,-3977.7025168068703,19.521453237488338
-4215.11755877939,0.00016761534995672573,-3977.7025168068703,19.521453237488338
-4213.11655827914,0.00017260853508847316,-3977.7025168068703,19.521453237488338
-4211.1155577788895,0.00017765553000768732,-3977.7025168068703,19.521453237488338
-4209.114557278639,0.00018271971820850482,-3977.7025168068703,19.521453237488338
-4207.113556778389,0.00018776490941001153,-3977.7025168068703,19.521453237488338
-4205.112556278138,0.00019275604534660858,-3977.7025168068703,19.521453237488338
-4203.111555777889,0.00019765012747391386,-3977.7025168068703,19.521453237488338
-4201.110555277639,0.0002024201367766953,-3977.7025168068703,19.521453237488338
-4199.109554777388,0.00020701109768528662,-3977.7025168068703,19.521453237488338
-4197.108554277139,0.0002113996270125258,-3977.7025168068703,19.521453237488338
-4195.107553776888,0.00021553601583158277,-3977.7025168068703,19.521453237488338
-4193.106553276638,0.00021939496342496769,-3977.7025168068703,19.521453237488338
-4191.105552776387,0.00022293092216952394,-3977.7025168068703,19.521453237488338
-4189.104552276138,0.00022611736845150018,-3977.7025168068703,19.521453237488338
-4187.103551775888,0.00022891756994742972,-3977.7025168068703,19.521453237488338
-4185.102551275638,0.0002313020676052823,-3977.7025168068703,19.521453237488338
-4183.101550775387,0.00023324710801667193,-3977.7025168068703,19.521453237488338
-4181.100550275138,0.0002347190508431481,-3977.7025168068703,19.521453237488338
-4179.099549774887,0.00023571064547391697,-3977.7025168068703,19.521453237488338
-4177.098549274637,0.00023618348336804126,-3977.7025168068703,19.521453237488338
-4175.097548774387,0.00023614943896690921,-3977.7025168068703,19.521453237488338
-4173.096548274137,0.00023556558610310106,-3977.7025168068703,19.521453237488338
-4171.095547773887,0.00023446279866964548,-3977.7025168068703,19.521453237488338
-4169.094547273637,0.0002327996858382806,-3977.7025168068703,19.521453237488338
-4167.093546773386,0.00023061749400022884,-3977.7025168068703,19.521453237488338
-4165.092546273137,0.0002278921428278029,-3977.7025168068703,19.521453237488338
-4163.091545772886,0.00022466277379026454,-3977.7025168068703,19.521453237488338
-4161.0905452726365,0.000220927878273646,-3977.7025168068703,19.521453237488338
-4159.089544772386,0.00021672510873258264,-3977.7025168068703,19.521453237488338
-4157.088544272136,0.00021207526396970324,-3977.7025168068703,19.521453237488338
-4155.087543771886,0.00020701619394859148,-3977.7025168068703,19.521453237488338
-4153.0865432716355,0.00020158913756423795,-3977.7025168068703,19.521453237488338
-4151.085542771385,0.0001958350306741832,-3977.7025168068703,19.521453237488338
-4149.084542271135,0.00018981178568647385,-3977.7025168068703,19.521453237488338
-4147.083541770886,0.00018356739189153565,-3977.7025168068703,19.521453237488338
-4145.082541270635,0.0001771714999373638,-3977.7025168068703,19.521453237488338
-4143.081540770385,0.00017068368836203798,-3977.7025168068703,19.521453237488338
-4141.080540270134,0.0001641788033991973,-3977.7025168068703,19.521453237488338
-4139.079539769885,0.00015773496072668137,-3977.7025168068703,19.521453237488338
-4137.078539269634,0.0001514251058254417,-3977.7025168068703,19.521453237488338
-4135.077538769384,0.00014534506866226472,-3977.7025168068703,19.521453237488338
-4133.076538269134,0.00013956810187409045,-3977.7025168068703,19.521453237488338
-4131.075537768885,0.0001342013663508344,-3977.7025168068703,19.521453237488338
-4129.074537268634,0.00012932340018427318,-3977.7025168068703,19.521453237488338
-4127.073536768384,0.0001250439088271339,-3977.7025168068703,19.521453237488338
-4125.072536268134,0.00012145260680753978,-3977.7025168068703,19.521453237488338
-4123.071535767884,0.00011865193103584575,-3977.7025168068703,19.521453237488338
-4121.070535267633,0.00011674911785530457,-3977.7025168068703,19.521453237488338
-4119.069534767384,0.0001158285216671591,-3977.7025168068703,19.521453237488338
-4117.068534267133,0.00011602236452124306,-3977.7025168068703,19.521453237488338
-4115.067533766884,0.0001173856991021586,-3977.7025168068703,19.521453237488338
-4113.066533266633,0.00012008061695693514,-3977.7025168068703,19.521453237488338
-4111.0655327663835,0.0001241237677253779,-3977.7025168068703,19.521453237488338
-4109.064532266133,0.00012971299385917942,-3977.7025168068703,19.521453237488338
-4107.0635317658825,0.00013682807794192166,-3977.7025168068703,19.521453237488338
-4105.062531265633,0.0001456708081547474,-3977.7025168068703,19.521453237488338
-4103.0615307653825,0.00015621814920776318,-3977.7025168068703,19.521453237488338
-4101.060530265133,0.00016864647069445758,-3977.7025168068703,19.521453237488338
-4099.059529764882,0.00018295224198396038,-3977.7025168068703,19.521453237488338
-4097.058529264632,0.00019926363563774397,-3977.7025168068703,19.521453237488338
-4095.057528764382,0.00021760365315494844,-3977.7025168068703,19.521453237488338
-4093.0565282641323,0.00023804743416461517,-3977.7025168068703,19.521453237488338
-4091.055527763882,0.0002606463307041931,-3977.7025168068703,19.521453237488338
-4089.0545272636314,0.0002854157235410803,-3977.7025168068703,19.521453237488338
-4087.053526763382,0.00031243700721932674,-3977.7025168068703,19.521453237488338
-4085.0525262631318,0.00034166245437284036,-3977.7025168068703,19.521453237488338
-4083.0515257628813,0.0003732020519254455,-3977.7025168068703,19.521453237488338
-4081.050525262631,0.00040694064760934804,-3977.7025168068703,19.521453237488338
-4079.049524762381,0.0004430203155095262,-3977.7025168068703,19.521453237488338
-4077.048524262131,0.0004812680026471484,-3977.7025168068703,19.521453237488338
-4075.0475237618807,0.0005218217930545299,-3977.7025168068703,19.521453237488338
-4073.0465232616307,0.000564497431042491,-3977.7025168068703,19.521453237488338
-4071.0455227613807,0.000609373839945386,-3977.7025168068703,19.521453237488338
-4069.0445222611306,0.0006562971217233224,-3977.7025168068703,19.521453237488338
-4067.04352176088,0.0007052816756612209,-3977.7025168068703,19.521453237488338
-4065.04252126063,0.0007561984427213948,-3977.7025168068703,19.521453237488338
-4063.04152076038,0.0008089916623084336,-3977.7025168068703,19.521453237488338
-4061.04052026013,0.0008635576806695584,-3977.7025168068703,19.521453237488338
-4059.03951975988,0.0009197833858672757,-3977.7025168068703,19.521453237488338
-4057.0385192596295,0.0009775780800819127,-3977.7025168068703,19.521453237488338
-4055.0375187593795,0.0010367800070404348,-3977.7025168068703,19.521453237488338
-4053.0365182591295,0.0010973079561954501,-3977.7025168068703,19.521453237488338
-4051.0355177588795,0.0011589632437328053,-3977.7025168068703,19.521453237488338
-4049.034517258629,0.0012216604419545635,-3977.7025168068703,19.521453237488338
-4047.033516758379,0.0012851816800740956,-3977.7025168068703,19.521453237488338
-4045.032516258129,0.0013494220793309791,-3977.7025168068703,19.521453237488338
-4043.031515757879,0.001414164877771656,-3977.7025168068703,19.521453237488338
-4041.0305152576284,0.001479268906110328,-3977.7025168068703,19.521453237488338
-4039.0295147573784,0.0015445388380996466,-3977.7025168068703,19.521453237488338
-4037.028514257129,0.0016097952679714003,-3977.7025168068703,19.521453237488338
-4035.0275137568783,0.001674854912042063,-3977.7025168068703,19.521453237488338
-4033.026513256628,0.0017395223055160364,-3977.7025168068703,19.521453237488338
-4031.025512756378,0.0018036116327635795,-3977.7025168068703,19.521453237488338
-4029.024512256128,0.0018669303727648096,-3977.7025168068703,19.521453237488338
-4027.0235117558777,0.0019292771482849898,-3977.7025168068703,19.521453237488338
-4025.0225112556273,0.0019904819734166946,-3977.7025168068703,19.521453237488338
-4023.0215107553777,0.002050389503780564,-3977.7025168068703,19.521453237488338
-4021.0205102551276,0.0021087249558471967,-3977.7025168068703,19.521453237488338
-4019.019509754877,0.0021652889873337924,-3977.7025168068703,19.521453237488338
-4017.0185092546267,0.002220014650490643,-3977.7025168068703,19.521453237488338
-4015.017508754377,0.0022725772934678117,-3977.7025168068703,19.521453237488338
-4013.016508254127,0.002322967023416506,-3977.7025168068703,19.521453237488338
-4011.0155077538766,0.0023708599884963238,-3977.7025168068703,19.521453237488338
-4009.0145072536266,0.002416244436795411,-3977.7025168068703,19.521453237488338
-4007.0135067533765,0.002458840782661294,-3977.7025168068703,19.521453237488338
-4005.0125062531265,0.0024986124337570406,-3977.7025168068703,19.521453237488338
-4003.011505752876,0.0025353447930725973,-3977.7025168068703,19.521453237488338
-4001.010505252626,0.0025689654850791946,-3977.7025168068703,19.521453237488338
-3999.009504752376,0.002599339802001371,-3977.7025168068703,19.521453237488338
-3997.008504252126,0.002626248873996452,-3977.7025168068703,19.521453237488338
-3995.007503751876,0.0026498520457776554,-3977.7025168068703,19.521453237488338
-3993.0065032516254,0.002669880378323684,-3977.7025168068703,19.521453237488338
-3991.005502751376,0.0026863919988566543,-3977.7025168068703,19.521453237488338
-3989.0045022511254,0.0026992221315140295,-3977.7025168068703,19.521453237488338
-3987.0035017508753,0.002708463154896392,-3977.7025168068703,19.521453237488338
-3985.0025012506253,0.002713799315150499,-3977.7025168068703,19.521453237488338
-3983.0015007503753,0.0027155273846623524,-3977.7025168068703,19.521453237488338
-3981.000500250125,0.002713375803925317,-3977.7025168068703,19.521453237488338
-3978.9994997498748,0.0027075958440123515,-3977.7025168068703,19.521453237488338
-3976.9984992496247,0.0026980038207304736,-3977.7025168068703,19.521453237488338
-3974.9974987493747,0.0026847961324125745,-3977.7025168068703,19.521453237488338
-3972.9964982491247,0.002667895448188323,-3977.7025168068703,19.521453237488338
-3970.995497748874,0.0026474431211625663,-3977.7025168068703,19.521453237488338
-3968.994497248624,0.002623465219683071,-3977.7025168068703,19.521453237488338
-3966.993496748374,0.002596050730774694,-3977.7025168068703,19.521453237488338
-3964.992496248124,0.0025653224700551416,-3977.7025168068703,19.521453237488338
-3962.9914957478736,0.0025313224478521077,-3977.7025168068703,19.521453237488338
-3960.9904952476236,0.0024942601194931136,-3977.7025168068703,19.521453237488338
-3958.989494747374,0.002454138387961453,-3977.7025168068703,19.521453237488338
-3956.9884942471235,0.0024112401306153283,-3977.7025168068703,19.521453237488338
-3954.987493746873,0.0023655391812117737,-3977.7025168068703,19.521453237488338
-3952.986493246623,0.0023173692867876298,-3977.7025168068703,19.521453237488338
-3950.9854927463734,0.0022667070241414893,-3977.7025168068703,19.521453237488338
-3948.984492246123,0.0022138849153591432,-3977.7025168068703,19.521453237488338
-3946.9834917458725,0.0021589443003654785,-3977.7025168068703,19.521453237488338
-3944.982491245623,0.002102162432486553,-3977.7025168068703,19.521453237488338
-3942.981490745373,0.0020436502218985774,-3977.7025168068703,19.521453237488338
-3940.9804902451224,0.0019836405891381645,-3977.7025168068703,19.521453237488338
-3938.979489744872,0.0019222959820293247,-3977.7025168068703,19.521453237488338
-3936.9784892446223,0.0018598171570875326,-3977.7025168068703,19.521453237488338
-3934.9774887443723,0.0017963989382176078,-3977.7025168068703,19.521453237488338
-3932.976488244122,0.0017322228226862883,-3977.7025168068703,19.521453237488338
-3930.975487743872,0.0016675007350112512,-3977.7025168068703,19.521453237488338
-3928.9744872436218,0.0016023991844442984,-3977.7025168068703,19.521453237488338
-3926.9734867433717,0.0015371234272288966,-3977.7025168068703,19.521453237488338
-3924.9724862431212,0.001471855566562713,-3977.7025168068703,19.521453237488338
-3922.971485742871,0.0014067708728646216,-3977.7025168068703,19.521453237488338
-3920.970485242621,0.001342070284602166,-3977.7025168068703,19.521453237488338
-3918.969484742371,0.0012778935519977732,-3977.7025168068703,19.521453237488338
-3916.9684842421207,0.0012144497393733493,-3977.7025168068703,19.521453237488338
-3914.9674837418706,0.0011518556061104726,-3977.7025168068703,19.521453237488338
-3912.9664832416206,0.00109030932535887,-3977.7025168068703,19.521453237488338
-3910.9654827413706,0.0010299196898614436,-3977.7025168068703,19.521453237488338
-3908.9644822411205,0.0009708566595049272,-3977.7025168068703,19.521453237488338
-3906.96348174087,0.0009132318098953468,-3977.7025168068703,19.521453237488338
-3904.96248124062,0.0008571727954932988,-3977.7025168068703,19.521453237488338
-3902.96148074037,0.0008028039549724202,-3977.7025168068703,19.521453237488338
-3900.96048024012,0.0007501986039281672,-3977.7025168068703,19.521453237488338
-3898.95947973987,0.0006995020143600145,-3977.7025168068703,19.521453237488338
-3896.9584792396195,0.0006507239576037741,-3977.7025168068703,19.521453237488338
-3894.95747873937,0.0006040365969432915,-3977.7025168068703,19.521453237488338
-3892.9564782391194,0.0005593800040523388,-3977.7025168068703,19.521453237488338
-3890.9554777388694,0.000516956998451868,-3977.7025168068703,19.521453237488338
-3888.954477238619,0.00047665101045458287,-3977.7025168068703,19.521453237488338
-3886.9534767383693,0.00043864860181663443,-3977.7025168068703,19.521453237488338
-3884.952476238119,0.00040283296498743186,-3977.7025168068703,19.521453237488338
-3882.951475737869,0.0003693336046933731,-3977.7025168068703,19.521453237488338
-3880.950475237619,0.0003380600244480094,-3977.7025168068703,19.521453237488338
-3878.9494747373687,0.0003090720736794914,-3977.7025168068703,19.521453237488338
-3876.9484742371183,0.00028231318055228685,-3977.7025168068703,19.521453237488338
-3874.9474737368682,0.0002577770527243652,-3977.7025168068703,19.521453237488338
-3872.946473236618,0.00023543555521339315,-3977.7025168068703,19.521453237488338
-3870.945472736368,0.00021521838329771273,-3977.7025168068703,19.521453237488338
-3868.9444722361177,0.00019712394595006652,-3977.7025168068703,19.521453237488338
-3866.943471735868,0.00018102835473800093,-3977.7025168068703,19.521453237488338
-3864.9424712356176,0.00016695429697813528,-3977.7025168068703,19.521453237488338
-3862.9414707353676,0.00015472826575235754,-3977.7025168068703,19.521453237488338
-3860.940470235117,0.0001443939756987259,-3977.7025168068703,19.521453237488338
-3858.9394697348675,0.00013574466074507346,-3977.7025168068703,19.521453237488338
-3856.938469234617,0.00012881845569566986,-3977.7025168068703,19.521453237488338
-3854.937468734367,0.00012341473543346849,-3977.7025168068703,19.521453237488338
-3852.936468234117,0.00011952916766828724,-3977.7025168068703,19.521453237488338
-3850.935467733867,0.00011699761008152579,-3977.7025168068703,19.521453237488338
-3848.9344672336165,0.00011577166844254283,-3977.7025168068703,19.521453237488338
-3846.9334667333665,0.00011571915213535562,-3977.7025168068703,19.521453237488338
-3844.9324662331164,0.00011675614793299707,-3977.7025168068703,19.521453237488338
-3842.9314657328664,0.00011877609743992645,-3977.7025168068703,19.521453237488338
-3840.930465232616,0.00012167251014777347,-3977.7025168068703,19.521453237488338
-3838.929464732366,0.00012535755053238393,-3977.7025168068703,19.521453237488338
-3836.928464232116,0.00012971155462989742,-3977.7025168068703,19.521453237488338
-3834.927463731866,0.00013466016053606102,-3977.7025168068703,19.521453237488338
-3832.9264632316153,0.00014008164189389835,-3977.7025168068703,19.521453237488338
-3830.9254627313658,0.0001459072567966606,-3977.7025168068703,19.521453237488338
-3828.9244622311153,0.00015202315657526894,-3977.7025168068703,19.521453237488338
-3826.9234617308653,0.00015836097511195672,-3977.7025168068703,19.521453237488338
-3824.9224612306148,0.00016482318827523826,-3977.7025168068703,19.521453237488338
-3822.921460730365,0.00017133640503592213,-3977.7025168068703,19.521453237488338
-3820.9204602301147,0.00017782431346919332,-3977.7025168068703,19.521453237488338
-3818.9194597298647,0.00018421368405652656,-3977.7025168068703,19.521453237488338
-3816.9184592296147,0.00019044214268326768,-3977.7025168068703,19.521453237488338
-3814.9174587293646,0.0001964454851153601,-3977.7025168068703,19.521453237488338
-3812.916458229114,0.00020217068770880716,-3977.7025168068703,19.521453237488338
-3810.915457728864,0.00020757032706518322,-3977.7025168068703,19.521453237488338
-3808.9144572286145,0.00021258950256138344,-3977.7025168068703,19.521453237488338
-3806.913456728364,0.0002171998932714349,-3977.7025168068703,19.521453237488338
-3804.912456228114,0.00022135416505448424,-3977.7025168068703,19.521453237488338
-3802.911455727864,0.00022504295166428883,-3977.7025168068703,19.521453237488338
-3800.910455227614,0.00022821771791061796,-3977.7025168068703,19.521453237488338
-3798.9094547273635,0.00023089249743652362,-3977.7025168068703,19.521453237488338
-3796.9084542271135,0.00023301641597738568,-3977.7025168068703,19.521453237488338
-3794.9074537268634,0.00023462191703140656,-3977.7025168068703,19.521453237488338
-3792.9064532266134,0.00023566976097601862,-3977.7025168068703,19.521453237488338
-3790.905452726363,0.0002361941401069374,-3977.7025168068703,19.521453237488338
-3788.9044522261133,0.00023617552627291656,-3977.7025168068703,19.521453237488338
-3786.903451725863,0.00023564500355290546,-3977.7025168068703,19.521453237488338
-3784.902451225613,0.00023460314396275383,-3977.7025168068703,19.521453237488338
-3782.9014507253623,0.00023307712354897584,-3977.7025168068703,19.521453237488338
-3780.9004502251128,0.00023108570756336306,-3977.7025168068703,19.521453237488338
-3778.8994497248623,0.00022865229728742344,-3977.7025168068703,19.521453237488338
-3776.8984492246122,0.00022581086709253922,-3977.7025168068703,19.521453237488338
-3774.8974487243618,0.00022258194758238698,-3977.7025168068703,19.521453237488338
-3772.896448224112,0.0002190109107906992,-3977.7025168068703,19.521453237488338
-3770.8954477238617,0.00021511690624617094,-3977.7025168068703,19.521453237488338
-3768.8944472236117,0.000210952329688336,-3977.7025168068703,19.521453237488338
-3766.8934467233616,0.0002065368302712836,-3977.7025168068703,19.521453237488338
-3764.8924462231116,0.00020192423561906972,-3977.7025168068703,19.521453237488338
-3762.891445722861,0.00019713957197415943,-3977.7025168068703,19.521453237488338
-3760.890445222611,0.00019223103772275624,-3977.7025168068703,19.521453237488338
-3758.889444722361,0.00018723077020724703,-3977.7025168068703,19.521453237488338
-3756.888444222111,0.00018217977317141137,-3977.7025168068703,19.521453237488338
-3754.8874437218606,0.00017711384516784444,-3977.7025168068703,19.521453237488338
-3752.886443221611,0.00017206905854649682,-3977.7025168068703,19.521453237488338
-3750.8854427213605,0.0001670807456466058,-3977.7025168068703,19.521453237488338
-3748.8844422211105,0.0001621820866185936,-3977.7025168068703,19.521453237488338
-3746.88344172086,0.00015740389801492997,-3977.7025168068703,19.521453237488338
-3744.8824412206104,0.00015277852290353645,-3977.7025168068703,19.521453237488338
-3742.88144072036,0.0001483287987339732,-3977.7025168068703,19.521453237488338
-3740.88044022011,0.0001440874026150582,-3977.7025168068703,19.521453237488338
-3738.87943971986,0.00014006756862084638,-3977.7025168068703,19.521453237488338
-3736.87843921961,0.00013630406332931704,-3977.7025168068703,19.521453237488338
-3734.8774387193594,0.00013279729821652521,-3977.7025168068703,19.521453237488338
-3732.8764382191093,0.00012958320130221574,-3977.7025168068703,19.521453237488338
-3730.8754377188593,0.00012665406944986364,-3977.7025168068703,19.521453237488338
-3728.8744372186093,0.00012403833499348413,-3977.7025168068703,19.521453237488338
-3726.873436718359,0.00012172791847085026,-3977.7025168068703,19.521453237488338
-3724.872436218109,0.00011974022135211131,-3977.7025168068703,19.521453237488338
-3722.8714357178587,0.00011806806860294189,-3977.7025168068703,19.521453237488338
-3720.8704352176087,0.00011671713382638704,-3977.7025168068703,19.521453237488338
-3718.869434717358,0.0001156818788321358,-3977.7025168068703,19.521453237488338
-3716.8684342171086,0.00011495627663123669,-3977.7025168068703,19.521453237488338
-3714.867433716858,0.0001145368902771603,-3977.7025168068703,19.521453237488338
-3712.866433216608,0.00011440684620464573,-3977.7025168068703,19.521453237488338
-3710.8654327163576,0.000114564423296665,-3977.7025168068703,19.521453237488338
-3708.864432216108,0.00011498355266889522,-3977.7025168068703,19.521453237488338
-3706.8634317158576,0.00011566313276964942,-3977.7025168068703,19.521453237488338
-3704.8624312156076,0.00011657036644299166,-3977.7025168068703,19.521453237488338
-3702.8614307153575,0.00011770419088881032,-3977.7025168068703,19.521453237488338
-3700.8604302151075,0.00011902883330949843,-3977.7025168068703,19.521453237488338
-3698.859429714857,0.0001205368660487285,-3977.7025168068703,19.521453237488338
-3696.858429214607,0.00012219725013632793,-3977.7025168068703,19.521453237488338
-3694.857428714357,0.00012399483105268998,-3977.7025168068703,19.521453237488338
-3692.856428214107,0.0001259028504402283,-3977.7025168068703,19.521453237488338
-3690.8554277138564,0.00012790133145362955,-3977.7025168068703,19.521453237488338
-3688.854427213607,0.0001299663608341642,-3977.7025168068703,19.521453237488338
-3686.853426713357,0.0001320757198946192,-3977.7025168068703,19.521453237488338
-3684.8524262131064,0.00013420736900973532,-3977.7025168068703,19.521453237488338
-3682.8514257128563,0.00013633939647121412,-3977.7025168068703,19.521453237488338
-3680.8504252126063,0.00013845040293733235,-3977.7025168068703,19.521453237488338
-3678.8494247123563,0.00014052103208219617,-3977.7025168068703,19.521453237488338
-3676.848424212106,0.0001425298511487886,-3977.7025168068703,19.521453237488338
-3674.847423711856,0.00014446245591601115,-3977.7025168068703,19.521453237488338
-3672.8464232116057,0.00014629611162358182,-3977.7025168068703,19.521453237488338
-3670.8454227113557,0.00014802208061033754,-3977.7025168068703,19.521453237488338
-3668.844422211105,0.0001496168840445439,-3977.7025168068703,19.521453237488338
-3666.8434217108556,0.0001510763932891559,-3977.7025168068703,19.521453237488338
-3664.842421210605,0.00015238163082801582,-3977.7025168068703,19.521453237488338
-3662.841420710355,0.0001535291823779931,-3977.7025168068703,19.521453237488338
-3660.840420210105,0.00015450569935747141,-3977.7025168068703,19.521453237488338
-3658.839419709855,0.00015530813174791764,-3977.7025168068703,19.521453237488338
-3656.8384192096046,0.00015592978149874394,-3977.7025168068703,19.521453237488338
-3654.8374187093546,0.00015636730714196234,-3977.7025168068703,19.521453237488338
-3652.8364182091045,0.00015662114701572662,-3977.7025168068703,19.521453237488338
-3650.8354177088545,0.00015668733522514452,-3977.7025168068703,19.521453237488338
-3648.834417208604,0.0001565733998769486,-3977.7025168068703,19.521453237488338
-3646.8334167083544,0.00015627473699171126,-3977.7025168068703,19.521453237488338
-3644.832416208104,0.00015580541466943363,-3977.7025168068703,19.521453237488338
-3642.831415707854,0.00015516047380688224,-3977.7025168068703,19.521453237488338
-3640.8304152076034,0.00015435890565294424,-3977.7025168068703,19.521453237488338
-3638.829414707354,0.0001533977859790723,-3977.7025168068703,19.521453237488338
-3636.8284142071034,0.00015229709748761048,-3977.7025168068703,19.521453237488338
-3634.8274137068533,0.00015105942210748367,-3977.7025168068703,19.521453237488338
-3632.826413206603,0.00014970248562246134,-3977.7025168068703,19.521453237488338
-3630.8254127063533,0.00014823437131806537,-3977.7025168068703,19.521453237488338
-3628.824412206103,0.00014667089522565695,-3977.7025168068703,19.521453237488338
-3626.823411705853,0.00014502422665394558,-3977.7025168068703,19.521453237488338
-3624.8224112056027,0.00014330881528166616,-3977.7025168068703,19.521453237488338
-3622.8214107053527,0.00014153933027423002,-3977.7025168068703,19.521453237488338
-3620.8204102051022,0.00013972947168941117,-3977.7025168068703,19.521453237488338
-3618.819409704852,0.00013789465540784896,-3977.7025168068703,19.521453237488338
-3616.818409204602,0.0001360487028375049,-3977.7025168068703,19.521453237488338
-3614.817408704352,0.00013420602606814238,-3977.7025168068703,19.521453237488338
-3612.8164082041017,0.00013238122082992633,-3977.7025168068703,19.521453237488338
-3610.815407703852,0.0001305861712085724,-3977.7025168068703,19.521453237488338
-3608.8144072036016,0.0001288368224667565,-3977.7025168068703,19.521453237488338
-3606.8134067033516,0.00012714173760519247,-3977.7025168068703,19.521453237488338
-3604.812406203101,0.00012551681159158953,-3977.7025168068703,19.521453237488338
-3602.8114057028515,0.00012396889854905847,-3977.7025168068703,19.521453237488338
-3600.810405202601,0.00012251162465505994,-3977.7025168068703,19.521453237488338
-3598.809404702351,0.00012115103058649107,-3977.7025168068703,19.521453237488338
-3596.808404202101,0.00011989747778850273,-3977.7025168068703,19.521453237488338
-3594.807403701851,0.0001187567504158548,-3977.7025168068703,19.521453237488338
-3592.8064032016005,0.00011773496733992013,-3977.7025168068703,19.521453237488338
-3590.8054027013504,0.000116838156890605,-3977.7025168068703,19.521453237488338
-3588.8044022011004,0.00011606756749604354,-3977.7025168068703,19.521453237488338
-3586.8034017008504,0.00011542976405387085,-3977.7025168068703,19.521453237488338
-3584.8024012006,0.00011492095220458076,-3977.7025168068703,19.521453237488338
-3582.8014007003503,0.00011454805295503284,-3977.7025168068703,19.521453237488338
-3580.8004002001,0.00011430240885240694,-3977.7025168068703,19.521453237488338
-3578.79939969985,0.00011419166871690743,-3977.7025168068703,19.521453237488338
-3576.7983991995993,0.00011420330709536543,-3977.7025168068703,19.521453237488338
-3574.7973986993497,0.00011434194633118564,-3977.7025168068703,19.521453237488338
-3572.7963981990993,0.00011459598966459409,-3977.7025168068703,19.521453237488338
-3570.7953976988492,0.00011399736077835959,-3977.7025168068703,19.521453237488338
-3568.794397198599,0.00011399736077835959,-3977.7025168068703,19.521453237488338
-3566.793396698349,0.00011399736077835959,-3977.7025168068703,19.521453237488338
-3564.792396198099,0.00011399736077835959,-3977.7025168068703,19.521453237488338
-3562.7913956978487,0.00011399736077835959,-3977.7025168068703,19.521453237488338
-3560.790395197599,0.00011399736077835959,-3977.7025168068703,19.521453237488338
-3558.7893946973486,0.00011399736077835959,-3977.7025168068703,19.521453237488338
-3556.7883941970986,0.00011399736077835959,-3977.7025168068703,19.521453237488338
-3554.787393696848,0.00011399736077835959,-3977.7025168068703,19.521453237488338
-3552.7863931965985,0.00011399736077835959,-3977.7025168068703,19.521453237488338
-3550.785392696348,0.00011399736077835959,-3977.7025168068703,19.521453237488338
-3548.784392196098,0.00011399736077835959,-3977.7025168068703,19.521453237488338
-3546.783391695848,0.00011399736077835959,-3977.7025168068703,19.521453237488338
-3544.782391195598,0.00011399736077835959,-3977.7025168068703,19.521453237488338
-3542.7813906953475,0.00011399736077835959,-3977.7025168068703,19.521453237488338
-3540.7803901950974,0.00011399736077835959,-3977.7025168068703,19.521453237488338
-3538.7793896948474,0.00011399736077835959,-3977.7025168068703,19.521453237488338
-3536.7783891945974,0.00011399736077835959,-3977.7025168068703,19.521453237488338
-3534.777388694347,0.00011399736077835959,-3977.7025168068703,19.521453237488338
-3532.7763881940973,0.00011399736077835959,-3977.7025168068703,19.521453237488338
-3530.775387693847,0.00011399736077835959,-3977.7025168068703,19.521453237488338
-3528.774387193597,0.00011399736077835959,-3977.7025168068703,19.521453237488338
-3526.7733866933463,0.00011399736077835959,-3977.7025168068703,19.521453237488338
-3524.7723861930967,0.00011399736077835959,-3977.7025168068703,19.521453237488338
-3522.7713856928463,0.00011399736077835959,-3977.7025168068703,19.521453237488338
-3520.770385192596,0.00011399736077835959,-3977.7025168068703,19.521453237488338
-3518.769384692346,0.00011399736077835959,-3977.7025168068703,19.521453237488338
-3516.768384192096,0.00011399736077835959,-3977.7025168068703,19.521453237488338
-3514.7673836918457,0.00011399736077835959,-3977.7025168068703,19.521453237488338
-3512.7663831915957,0.00011399736077835959,-3977.7025168068703,19.521453237488338
-3510.7653826913456,0.00011399736077835959,-3977.7025168068703,19.521453237488338
-3508.7643821910956,0.00011399736077835959,-3977.7025168068703,19.521453237488338
-3506.763381690845,0.00011399736077835959,-3977.7025168068703,19.521453237488338
-3504.762381190595,0.00011399736077835959,-3977.7025168068703,19.521453237488338
-3502.761380690345,0.00011399736077835959,-3977.7025168068703,19.521453237488338
-3500.760380190095,0.00011399736077835959,-3977.7025168068703,19.521453237488338
-3498.7593796898445,0.00011399736077835959,-3977.7025168068703,19.521453237488338
-3496.758379189595,0.00011399736077835959,-3977.7025168068703,19.521453237488338
-3494.7573786893445,0.00011399736077835959,-3977.7025168068703,19.521453237488338
-3492.7563781890944,0.00011399736077835959,-3977.7025168068703,19.521453237488338
-3490.755377688844,0.00011399736077835959,-3977.7025168068703,19.521453237488338
-3488.7543771885944,0.00011399736077835959,-3977.7025168068703,19.521453237488338
-3486.753376688344,0.00011399736077835959,-3977.7025168068703,19.521453237488338
-3484.752376188094,0.00011399736077835959,-3977.7025168068703,19.521453237488338
-3482.751375687844,0.00011399736077835959,-3977.7025168068703,19.521453237488338
-3480.750375187594,0.00011399736077835959,-3977.7025168068703,19.521453237488338
-3478.7493746873433,0.00011399736077835959,-3977.7025168068703,19.521453237488338
-3476.7483741870933,0.00011399736077835959,-3977.7025168068703,19.521453237488338
-3474.7473736868433,0.00011399736077835959,-3977.7025168068703,19.521453237488338
-3472.7463731865932,0.00011399736077835959,-3977.7025168068703,19.521453237488338
-3470.7453726863428,0.00011399736077835959,-3977.7025168068703,19.521453237488338
-3468.744372186093,0.00011399736077835959,-3977.7025168068703,19.521453237488338
-3466.7433716858427,0.00011399736077835959,-3977.7025168068703,19.521453237488338
-3464.7423711855927,0.00011399736077835959,-3977.7025168068703,19.521453237488338
-3462.741370685342,0.00011399736077835959,-3977.7025168068703,19.521453237488338
-3460.7403701850926,0.00011399736077835959,-3977.7025168068703,19.521453237488338
-3458.739369684842,0.00011399736077835959,-3977.7025168068703,19.521453237488338
-3456.738369184592,0.00011399736077835959,-3977.7025168068703,19.521453237488338
-3454.737368684342,0.00011399736077835959,-3977.7025168068703,19.521453237488338
-3452.736368184092,0.00011399736077835959,-3977.7025168068703,19.521453237488338
-3450.7353676838416,0.00011399736077835959,-3977.7025168068703,19.521453237488338
-3448.7343671835915,0.00011399736077835959,-3977.7025168068703,19.521453237488338
-3446.733366683342,0.00011399736077835959,-3977.7025168068703,19.521453237488338
-3444.7323661830915,0.00011399736077835959,-3977.7025168068703,19.521453237488338
-3442.7313656828414,0.00011399736077835959,-3977.7025168068703,19.521453237488338
-3440.7303651825914,0.00011399736077835959,-3977.7025168068703,19.521453237488338
-3438.7293646823414,0.00011399736077835959,-3977.7025168068703,19.521453237488338
-3436.728364182091,0.00011399736077835959,-3977.7025168068703,19.521453237488338
-3434.727363681841,0.00011399736077835959,-3977.7025168068703,19.521453237488338
-3432.726363181591,0.00011399736077835959,-3977.7025168068703,19.521453237488338
-3430.725362681341,0.00011399736077835959,-3977.7025168068703,19.521453237488338
-3428.7243621810903,0.00011399736077835959,-3977.7025168068703,19.521453237488338
-3426.7233616808403,0.00011399736077835959,-3977.7025168068703,19.521453237488338
-3424.7223611805903,0.00011399736077835959,-3977.7025168068703,19.521453237488338
-3422.7213606803402,0.00011399736077835959,-3977.7025168068703,19.521453237488338
-3420.7203601800898,0.00011399736077835959,-3977.7025168068703,19.521453237488338
-3418.71935967984,0.00011399736077835959,-3977.7025168068703,19.521453237488338
-3416.7183591795897,0.00011399736077835959,-3977.7025168068703,19.521453237488338
-3414.7173586793397,0.00011399736077835959,-3977.7025168068703,19.521453237488338
-3412.716358179089,0.00011399736077835959,-3977.7025168068703,19.521453237488338
-3410.7153576788396,0.00011399736077835959,-3977.7025168068703,19.521453237488338
-3408.714357178589,0.00011399736077835959,-3977.7025168068703,19.521453237488338
-3406.713356678339,0.00011399736077835959,-3977.7025168068703,19.521453237488338
-3404.712356178089,0.00011399736077835959,-3977.7025168068703,19.521453237488338
-3402.711355677839,0.00011399736077835959,-3977.7025168068703,19.521453237488338
-3400.7103551775886,0.00011399736077835959,-3977.7025168068703,19.521453237488338
-3398.7093546773385,0.00011399736077835959,-3977.7025168068703,19.521453237488338
-3396.7083541770885,0.00011399736077835959,-3977.7025168068703,19.521453237488338
-3394.7073536768385,0.00011399736077835959,-3977.7025168068703,19.521453237488338
-3392.706353176588,0.00011399736077835959,-3977.7025168068703,19.521453237488338
-3390.7053526763384,0.00011399736077835959,-3977.7025168068703,19.521453237488338
-3388.704352176088,0.00011399736077835959,-3977.7025168068703,19.521453237488338
-3386.703351675838,0.00011399736077835959,-3977.7025168068703,19.521453237488338
-3384.7023511755874,0.00011399736077835959,-3977.7025168068703,19.521453237488338
-3382.701350675338,0.00011399736077835959,-3977.7025168068703,19.521453237488338
-3380.7003501750874,0.00011399736077835959,-3977.7025168068703,19.521453237488338
-3378.6993496748373,0.00011399736077835959,-3977.7025168068703,19.521453237488338
-3376.6983491745873,0.00011399736077835959,-3977.7025168068703,19.521453237488338
-3374.6973486743373,0.00011399736077835959,-3977.7025168068703,19.521453237488338
-3372.696348174087,0.00011399736077835959,-3977.7025168068703,19.521453237488338
-3370.6953476738367,0.00011399736077835959,-3977.7025168068703,19.521453237488338
-3368.6943471735867,0.00011399736077835959,-3977.7025168068703,19.521453237488338
-3366.6933466733367,0.00011399736077835959,-3977.7025168068703,19.521453237488338
-3364.692346173086,0.00011399736077835959,-3977.7025168068703,19.521453237488338
-3362.691345672836,0.00011399736077835959,-3977.7025168068703,19.521453237488338
-3360.690345172586,0.00011399736077835959,-3977.7025168068703,19.521453237488338
-3358.689344672336,0.00011399736077835959,-3977.7025168068703,19.521453237488338
-3356.6883441720856,0.00011399736077835959,-3977.7025168068703,19.521453237488338
-3354.687343671836,0.00011399736077835959,-3977.7025168068703,19.521453237488338
-3352.6863431715856,0.00011399736077835959,-3977.7025168068703,19.521453237488338
-3350.6853426713355,0.00011399736077835959,-3977.7025168068703,19.521453237488338
-3348.684342171085,0.00011399736077835959,-3977.7025168068703,19.521453237488338
-3346.6833416708355,0.00011399736077835959,-3977.7025168068703,19.521453237488338
-3344.682341170585,0.00011399736077835959,-3977.7025168068703,19.521453237488338
-3342.681340670335,0.00011399736077835959,-3977.7025168068703,19.521453237488338
-3340.680340170085,0.00011399736077835959,-3977.7025168068703,19.521453237488338
-3338.679339669835,0.00011399736077835959,-3977.7025168068703,19.521453237488338
-3336.6783391695844,0.00011399736077835959,-3977.7025168068703,19.521453237488338
-3334.6773386693344,0.00011399736077835959,-3977.7025168068703,19.521453237488338
-3332.6763381690844,0.00011399736077835959,-3977.7025168068703,19.521453237488338
-3330.6753376688343,0.00011399736077835959,-3977.7025168068703,19.521453237488338
-3328.674337168584,0.00011399736077835959,-3977.7025168068703,19.521453237488338
-3326.6733366683343,0.00011399736077835959,-3977.7025168068703,19.521453237488338
-3324.6723361680843,0.00011399736077835959,-3977.7025168068703,19.521453237488338
-3322.671335667834,0.00011399736077835959,-3977.7025168068703,19.521453237488338
-3320.6703351675837,0.00011399736077835959,-3977.7025168068703,19.521453237488338
-3318.6693346673337,0.00011399736077835959,-3977.7025168068703,19.521453237488338
-3316.6683341670837,0.00011399736077835959,-3977.7025168068703,19.521453237488338
-3314.667333666833,0.00011399736077835959,-3977.7025168068703,19.521453237488338
-3312.6663331665836,0.00011399736077835959,-3977.7025168068703,19.521453237488338
-3310.665332666333,0.00011399736077835959,-3977.7025168068703,19.521453237488338
-3308.664332166083,0.00011399736077835959,-3977.7025168068703,19.521453237488338
-3306.6633316658326,0.00011399736077835959,-3977.7025168068703,19.521453237488338
-3304.662331165583,0.00011399736077835959,-3977.7025168068703,19.521453237488338
-3302.6613306653326,0.00011399736077835959,-3977.7025168068703,19.521453237488338
-3300.6603301650825,0.00011399736077835959,-3977.7025168068703,19.521453237488338
-3298.659329664832,0.00011399736077835959,-3977.7025168068703,19.521453237488338
-3296.6583291645825,0.00011399736077835959,-3977.7025168068703,19.521453237488338
-3294.657328664332,0.00011399736077835959,-3977.7025168068703,19.521453237488338
-3292.656328164082,0.00011399736077835959,-3977.7025168068703,19.521453237488338
-3290.655327663832,0.00011399736077835959,-3977.7025168068703,19.521453237488338
-3288.654327163582,0.00011399736077835959,-3977.7025168068703,19.521453237488338
-3286.6533266633314,0.00011399736077835959,-3977.7025168068703,19.521453237488338
-3284.6523261630814,0.00011399736077835959,-3977.7025168068703,19.521453237488338
-3282.6513256628314,0.00011399736077835959,-3977.7025168068703,19.521453237488338
-3280.6503251625813,0.00011399736077835959,-3977.7025168068703,19.521453237488338
-3278.649324662331,0.00011399736077835959,-3977.7025168068703,19.521453237488338
-3276.6483241620813,0.00011399736077835959,-3977.7025168068703,19.521453237488338
-3274.647323661831,0.00011399736077835959,-3977.7025168068703,19.521453237488338
-3272.6463231615808,0.00011399736077835959,-3977.7025168068703,19.521453237488338
-3270.6453226613303,0.00011399736077835959,-3977.7025168068703,19.521453237488338
-3268.6443221610807,0.00011399736077835959,-3977.7025168068703,19.521453237488338
-3266.64332166083,0.00011399736077835959,-3977.7025168068703,19.521453237488338
-3264.64232116058,0.00011399736077835959,-3977.7025168068703,19.521453237488338
-3262.64132066033,0.00011399736077835959,-3977.7025168068703,19.521453237488338
-3260.64032016008,0.00011399736077835959,-3977.7025168068703,19.521453237488338
-3258.6393196598297,0.00011399736077835959,-3977.7025168068703,19.521453237488338
-3256.6383191595796,0.00011399736077835959,-3977.7025168068703,19.521453237488338
-3254.6373186593296,0.00011399736077835959,-3977.7025168068703,19.521453237488338
-3252.6363181590796,0.00011399736077835959,-3977.7025168068703,19.521453237488338
-3250.635317658829,0.00011399736077835959,-3977.7025168068703,19.521453237488338
-3248.6343171585795,0.00011399736077835959,-3977.7025168068703,19.521453237488338
-3246.633316658329,0.00011399736077835959,-3977.7025168068703,19.521453237488338
-3244.632316158079,0.00011399736077835959,-3977.7025168068703,19.521453237488338
-3242.6313156578285,0.00011399736077835959,-3977.7025168068703,19.521453237488338
-3240.630315157579,0.00011399736077835959,-3977.7025168068703,19.521453237488338
-3238.6293146573285,0.00011399736077835959,-3977.7025168068703,19.521453237488338
-3236.6283141570784,0.00011399736077835959,-3977.7025168068703,19.521453237488338
-3234.6273136568284,0.00011399736077835959,-3977.7025168068703,19.521453237488338
-3232.6263131565784,0.00011399736077835959,-3977.7025168068703,19.521453237488338
-3230.625312656328,0.00011399736077835959,-3977.7025168068703,19.521453237488338
-3228.624312156078,0.00011399736077835959,-3977.7025168068703,19.521453237488338
-3226.623311655828,0.00011399736077835959,-3977.7025168068703,19.521453237488338
-3224.622311155578,0.00011399736077835959,-3977.7025168068703,19.521453237488338
-3222.6213106553273,0.00011399736077835959,-3977.7025168068703,19.521453237488338
-3220.6203101550773,0.00011399736077835959,-3977.7025168068703,19.521453237488338
-3218.6193096548272,0.00011399736077835959,-3977.7025168068703,19.521453237488338
-3216.618309154577,0.00011399736077835959,-3977.7025168068703,19.521453237488338
-3214.6173086543267,0.00011399736077835959,-3977.7025168068703,19.521453237488338
-3212.616308154077,0.00011399736077835959,-3977.7025168068703,19.521453237488338
-3210.6153076538267,0.00011399736077835959,-3977.7025168068703,19.521453237488338
-3208.6143071535766,0.00011399736077835959,-3977.7025168068703,19.521453237488338
-3206.6133066533266,0.00011399736077835959,-3977.7025168068703,19.521453237488338
-3204.6123061530766,0.00011399736077835959,-3977.7025168068703,19.521453237488338
-3202.6113056528266,0.00011399736077835959,-3977.7025168068703,19.521453237488338
-3200.610305152576,0.00011399736077835959,-3977.7025168068703,19.521453237488338
-3198.6093046523265,0.00011399736077835959,-3977.7025168068703,19.521453237488338
-3196.608304152076,0.00011399736077835959,-3977.7025168068703,19.521453237488338
-3194.607303651826,0.00011399736077835959,-3977.7025168068703,19.521453237488338
-3192.6063031515755,0.00011399736077835959,-3977.7025168068703,19.521453237488338
-3190.605302651326,0.00011399736077835959,-3977.7025168068703,19.521453237488338
-3188.6043021510754,0.00011399736077835959,-3977.7025168068703,19.521453237488338
-3186.6033016508254,0.00011399736077835959,-3977.7025168068703,19.521453237488338
-3184.6023011505754,0.00011399736077835959,-3977.7025168068703,19.521453237488338
-3182.6013006503254,0.00011399736077835959,-3977.7025168068703,19.521453237488338
-3180.600300150075,0.00011399736077835959,-3977.7025168068703,19.521453237488338
-3178.599299649825,0.00011399736077835959,-3977.7025168068703,19.521453237488338
-3176.598299149575,0.00011399736077835959,-3977.7025168068703,19.521453237488338
-3174.597298649325,0.00011399736077835959,-3977.7025168068703,19.521453237488338
-3172.5962981490743,0.00011399736077835959,-3977.7025168068703,19.521453237488338
-3170.5952976488247,0.00011399736077835959,-3977.7025168068703,19.521453237488338
-3168.5942971485742,0.00011399736077835959,-3977.7025168068703,19.521453237488338
-3166.593296648324,0.00011399736077835959,-3977.7025168068703,19.521453237488338
-3164.5922961480737,0.00011399736077835959,-3977.7025168068703,19.521453237488338
-3162.591295647824,0.00011399736077835959,-3977.7025168068703,19.521453237488338
-3160.5902951475737,0.00011399736077835959,-3977.7025168068703,19.521453237488338
-3158.5892946473236,0.00011399736077835959,-3977.7025168068703,19.521453237488338
-3156.588294147073,0.00011399736077835959,-3977.7025168068703,19.521453237488338
-3154.5872936468236,0.00011399736077835959,-3977.7025168068703,19.521453237488338
-3152.586293146573,0.00011399736077835959,-3977.7025168068703,19.521453237488338
-3150.585292646323,0.00011399736077835959,-3977.7025168068703,19.521453237488338
-3148.584292146073,0.00011399736077835959,-3977.7025168068703,19.521453237488338
-3146.583291645823,0.00011399736077835959,-3977.7025168068703,19.521453237488338
-3144.5822911455725,0.00011399736077835959,-3977.7025168068703,19.521453237488338
-3142.5812906453225,0.00011399736077835959,-3977.7025168068703,19.521453237488338
-3140.5802901450725,0.00011399736077835959,-3977.7025168068703,19.521453237488338
-3138.5792896448224,0.00011399736077835959,-3977.7025168068703,19.521453237488338
-3136.578289144572,0.00011399736077835959,-3977.7025168068703,19.521453237488338
-3134.5772886443224,0.00011399736077835959,-3977.7025168068703,19.521453237488338
-3132.576288144072,0.00011399736077835959,-3977.7025168068703,19.521453237488338
-3130.575287643822,0.00011399736077835959,-3977.7025168068703,19.521453237488338
-3128.5742871435714,0.00011399736077835959,-3977.7025168068703,19.521453237488338
-3126.573286643322,0.00011399736077835959,-3977.7025168068703,19.521453237488338
-3124.5722861430713,0.00011399736077835959,-3977.7025168068703,19.521453237488338
-3122.5712856428213,0.00011399736077835959,-3977.7025168068703,19.521453237488338
-3120.5702851425713,0.00011399736077835959,-3977.7025168068703,19.521453237488338
-3118.5692846423212,0.00011399736077835959,-3977.7025168068703,19.521453237488338
-3116.5682841420708,0.00011399736077835959,-3977.7025168068703,19.521453237488338
-3114.5672836418207,0.00011399736077835959,-3977.7025168068703,19.521453237488338
-3112.5662831415707,0.00011399736077835959,-3977.7025168068703,19.521453237488338
-3110.5652826413207,0.00011399736077835959,-3977.7025168068703,19.521453237488338
-3108.56428214107,0.00011399736077835959,-3977.7025168068703,19.521453237488338
-3106.5632816408206,0.00011399736077835959,-3977.7025168068703,19.521453237488338
-3104.56228114057,0.00011399736077835959,-3977.7025168068703,19.521453237488338
-3102.56128064032,0.00011399736077835959,-3977.7025168068703,19.521453237488338
-3100.5602801400696,0.00011399736077835959,-3977.7025168068703,19.521453237488338
-3098.55927963982,0.00011399736077835959,-3977.7025168068703,19.521453237488338
-3096.5582791395695,0.00011399736077835959,-3977.7025168068703,19.521453237488338
-3094.5572786393195,0.00011399736077835959,-3977.7025168068703,19.521453237488338
-3092.556278139069,0.00011399736077835959,-3977.7025168068703,19.521453237488338
-3090.5552776388195,0.00011399736077835959,-3977.7025168068703,19.521453237488338
-3088.554277138569,0.00011399736077835959,-3977.7025168068703,19.521453237488338
-3086.553276638319,0.00011399736077835959,-3977.7025168068703,19.521453237488338
-3084.5522761380694,0.00011399736077835959,-3977.7025168068703,19.521453237488338
-3082.551275637819,0.00011399736077835959,-3977.7025168068703,19.521453237488338
-3080.550275137569,0.00011399736077835959,-3977.7025168068703,19.521453237488338
-3078.5492746373184,0.00011399736077835959,-3977.7025168068703,19.521453237488338
-3076.548274137069,0.00011399736077835959,-3977.7025168068703,19.521453237488338
-3074.5472736368183,0.00011399736077835959,-3977.7025168068703,19.521453237488338
-3072.5462731365683,0.00011399736077835959,-3977.7025168068703,19.521453237488338
-3070.5452726363183,0.00011399736077835959,-3977.7025168068703,19.521453237488338
-3068.5442721360682,0.00011399736077835959,-3977.7025168068703,19.521453237488338
-3066.5432716358177,0.00011399736077835959,-3977.7025168068703,19.521453237488338
-3064.5422711355677,0.00011399736077835959,-3977.7025168068703,19.521453237488338
-3062.5412706353177,0.00011399736077835959,-3977.7025168068703,19.521453237488338
-3060.5402701350677,0.00011399736077835959,-3977.7025168068703,19.521453237488338
-3058.539269634817,0.00011399736077835959,-3977.7025168068703,19.521453237488338
-3056.5382691345676,0.00011399736077835959,-3977.7025168068703,19.521453237488338
-3054.537268634317,0.00011399736077835959,-3977.7025168068703,19.521453237488338
-3052.536268134067,0.00011399736077835959,-3977.7025168068703,19.521453237488338
-3050.5352676338166,0.00011399736077835959,-3977.7025168068703,19.521453237488338
-3048.534267133567,0.00011399736077835959,-3977.7025168068703,19.521453237488338
-3046.5332666333165,0.00011399736077835959,-3977.7025168068703,19.521453237488338
-3044.5322661330665,0.00011399736077835959,-3977.7025168068703,19.521453237488338
-3042.5312656328165,0.00011399736077835959,-3977.7025168068703,19.521453237488338
-3040.5302651325665,0.00011399736077835959,-3977.7025168068703,19.521453237488338
-3038.529264632316,0.00011399736077835959,-3977.7025168068703,19.521453237488338
-3036.528264132066,0.00011399736077835959,-3977.7025168068703,19.521453237488338
-3034.527263631816,0.00011399736077835959,-3977.7025168068703,19.521453237488338
-3032.526263131566,0.00011399736077835959,-3977.7025168068703,19.521453237488338
-3030.5252626313154,0.00011399736077835959,-3977.7025168068703,19.521453237488338
-3028.524262131066,0.00011399736077835959,-3977.7025168068703,19.521453237488338
-3026.5232616308153,0.00011399736077835959,-3977.7025168068703,19.521453237488338
-3024.5222611305653,0.00011399736077835959,-3977.7025168068703,19.521453237488338
-3022.521260630315,0.00011399736077835959,-3977.7025168068703,19.521453237488338
-3020.5202601300653,0.00011399736077835959,-3977.7025168068703,19.521453237488338
-3018.5192596298148,0.00011399736077835959,-3977.7025168068703,19.521453237488338
-3016.5182591295647,0.00011399736077835959,-3977.7025168068703,19.521453237488338
-3014.5172586293143,0.00011399736077835959,-3977.7025168068703,19.521453237488338
-3012.5162581290647,0.00011399736077835959,-3977.7025168068703,19.521453237488338
-3010.515257628814,0.00011399736077835959,-3977.7025168068703,19.521453237488338
-3008.514257128564,0.00011399736077835959,-3977.7025168068703,19.521453237488338
-3006.513256628314,0.00011399736077835959,-3977.7025168068703,19.521453237488338
-3004.512256128064,0.00011399736077835959,-3977.7025168068703,19.521453237488338
-3002.5112556278136,0.00011399736077835959,-3977.7025168068703,19.521453237488338
-3000.5102551275636,0.00011399736077835959,-3977.7025168068703,19.521453237488338
-2998.5092546273136,0.00011399736077835959,-3977.7025168068703,19.521453237488338
-2996.5082541270635,0.00011399736077835959,-3977.7025168068703,19.521453237488338
-2994.507253626813,0.00011399736077835959,-3977.7025168068703,19.521453237488338
-2992.5062531265635,0.00011399736077835959,-3977.7025168068703,19.521453237488338
-2990.505252626313,0.00011399736077835959,-3977.7025168068703,19.521453237488338
-2988.504252126063,0.00011399736077835959,-3977.7025168068703,19.521453237488338
-2986.5032516258125,0.00011399736077835959,-3977.7025168068703,19.521453237488338
-2984.502251125563,0.00011399736077835959,-3977.7025168068703,19.521453237488338
-2982.5012506253124,0.00011399736077835959,-3977.7025168068703,19.521453237488338
-2980.5002501250624,0.00011399736077835959,-3977.7025168068703,19.521453237488338
-2978.4992496248124,0.00011399736077835959,-3977.7025168068703,19.521453237488338
-2976.4982491245623,0.00011399736077835959,-3977.7025168068703,19.521453237488338
-2974.497248624312,0.00011399736077835959,-3977.7025168068703,19.521453237488338
-2972.496248124062,0.00011399736077835959,-3977.7025168068703,19.521453237488338
-2970.495247623812,0.00011399736077835959,-3977.7025168068703,19.521453237488338
-2968.4942471235618,0.00011399736077835959,-3977.7025168068703,19.521453237488338
-2966.4932466233117,0.00011399736077835959,-3977.7025168068703,19.521453237488338
-2964.4922461230617,0.00011399736077835959,-3977.7025168068703,19.521453237488338
-2962.4912456228117,0.00011399736077835959,-3977.7025168068703,19.521453237488338
-2960.490245122561,0.00011399736077835959,-3977.7025168068703,19.521453237488338
-2958.489244622311,0.00011399736077835959,-3977.7025168068703,19.521453237488338
-2956.488244122061,0.00011399736077835959,-3977.7025168068703,19.521453237488338
-2954.487243621811,0.00011399736077835959,-3977.7025168068703,19.521453237488338
-2952.4862431215606,0.00011399736077835959,-3977.7025168068703,19.521453237488338
-2950.4852426213106,0.00011399736077835959,-3977.7025168068703,19.521453237488338
-2948.4842421210606,0.00011399736077835959,-3977.7025168068703,19.521453237488338
-2946.4832416208105,0.00011399736077835959,-3977.7025168068703,19.521453237488338
-2944.48224112056,0.00011399736077835959,-3977.7025168068703,19.521453237488338
-2942.4812406203105,0.00011399736077835959,-3977.7025168068703,19.521453237488338
-2940.48024012006,0.00011399736077835959,-3977.7025168068703,19.521453237488338
-2938.47923961981,0.00011399736077835959,-3977.7025168068703,19.521453237488338
-2936.4782391195595,0.00011399736077835959,-3977.7025168068703,19.521453237488338
-2934.47723861931,0.00011399736077835959,-3977.7025168068703,19.521453237488338
-2932.4762381190594,0.00011399736077835959,-3977.7025168068703,19.521453237488338
-2930.4752376188094,0.00011399736077835959,-3977.7025168068703,19.521453237488338
-2928.4742371185594,0.00011399736077835959,-3977.7025168068703,19.521453237488338
-2926.4732366183093,0.00011399736077835959,-3977.7025168068703,19.521453237488338
-2924.472236118059,0.00011399736077835959,-3977.7025168068703,19.521453237488338
-2922.471235617809,0.00011399736077835959,-3977.7025168068703,19.521453237488338
-2920.470235117559,0.00011399736077835959,-3977.7025168068703,19.521453237488338
-2918.4692346173088,0.00011399736077835959,-3977.7025168068703,19.521453237488338
-2916.4682341170583,0.00011399736077835959,-3977.7025168068703,19.521453237488338
-2914.4672336168087,0.00011399736077835959,-3977.7025168068703,19.521453237488338
-2912.466233116558,0.00011399736077835959,-3977.7025168068703,19.521453237488338
-2910.465232616308,0.00011399736077835959,-3977.7025168068703,19.521453237488338
-2908.4642321160577,0.00011399736077835959,-3977.7025168068703,19.521453237488338
-2906.463231615808,0.00011399736077835959,-3977.7025168068703,19.521453237488338
-2904.4622311155576,0.00011399736077835959,-3977.7025168068703,19.521453237488338
-2902.4612306153076,0.00011399736077835959,-3977.7025168068703,19.521453237488338
-2900.4602301150576,0.00011399736077835959,-3977.7025168068703,19.521453237488338
-2898.4592296148076,0.00011399736077835959,-3977.7025168068703,19.521453237488338
-2896.458229114557,0.00011399736077835959,-3977.7025168068703,19.521453237488338
-2894.457228614307,0.00011399736077835959,-3977.7025168068703,19.521453237488338
-2892.456228114057,0.00011399736077835959,-3977.7025168068703,19.521453237488338
-2890.455227613807,0.00011399736077835959,-3977.7025168068703,19.521453237488338
-2888.4542271135565,0.00011399736077835959,-3977.7025168068703,19.521453237488338
-2886.4532266133065,0.00011399736077835959,-3977.7025168068703,19.521453237488338
-2884.4522261130564,0.00011399736077835959,-3977.7025168068703,19.521453237488338
-2882.4512256128064,0.00011399736077835959,-3977.7025168068703,19.521453237488338
-2880.450225112556,0.00011399736077835959,-3977.7025168068703,19.521453237488338
-2878.4492246123064,0.00011399736077835959,-3977.7025168068703,19.521453237488338
-2876.448224112056,0.00011399736077835959,-3977.7025168068703,19.521453237488338
-2874.447223611806,0.00011399736077835959,-3977.7025168068703,19.521453237488338
-2872.4462231115554,0.00011399736077835959,-3977.7025168068703,19.521453237488338
-2870.445222611306,0.00011399736077835959,-3977.7025168068703,19.521453237488338
-2868.4442221110553,0.00011399736077835959,-3977.7025168068703,19.521453237488338
-2866.4432216108053,0.00011399736077835959,-3977.7025168068703,19.521453237488338
-2864.4422211105552,0.00011399736077835959,-3977.7025168068703,19.521453237488338
-2862.441220610305,0.00011399736077835959,-3977.7025168068703,19.521453237488338
-2860.4402201100547,0.00011399736077835959,-3977.7025168068703,19.521453237488338
-2858.4392196098047,0.00011399736077835959,-3977.7025168068703,19.521453237488338
-2856.4382191095547,0.00011399736077835959,-3977.7025168068703,19.521453237488338
-2854.4372186093046,0.00011399736077835959,-3977.7025168068703,19.521453237488338
-2852.436218109054,0.00011399736077835959,-3977.7025168068703,19.521453237488338
-2850.4352176088046,0.00011399736077835959,-3977.7025168068703,19.521453237488338
-2848.434217108554,0.00011399736077835959,-3977.7025168068703,19.521453237488338
-2846.433216608304,0.00011399736077835959,-3977.7025168068703,19.521453237488338
-2844.432216108054,0.00011399736077835959,-3977.7025168068703,19.521453237488338
-2842.431215607804,0.00011399736077835959,-3977.7025168068703,19.521453237488338
-2840.430215107554,0.00011399736077835959,-3977.7025168068703,19.521453237488338
-2838.4292146073035,0.00011399736077835959,-3977.7025168068703,19.521453237488338
-2836.428214107054,0.00011399736077835959,-3977.7025168068703,19.521453237488338
-2834.4272136068034,0.00011399736077835959,-3977.7025168068703,19.521453237488338
-2832.4262131065534,0.00011399736077835959,-3977.7025168068703,19.521453237488338
-2830.425212606303,0.00011399736077835959,-3977.7025168068703,19.521453237488338
-2828.4242121060533,0.00011399736077835959,-3977.7025168068703,19.521453237488338
-2826.423211605803,0.00011399736077835959,-3977.7025168068703,19.521453237488338
-2824.422211105553,0.00011399736077835959,-3977.7025168068703,19.521453237488338
-2822.421210605303,0.00011399736077835959,-3977.7025168068703,19.521453237488338
-2820.420210105053,0.00011399736077835959,-3977.7025168068703,19.521453237488338
-2818.4192096048023,0.00011399736077835959,-3977.7025168068703,19.521453237488338
-2816.4182091045523,0.00011399736077835959,-3977.7025168068703,19.521453237488338
-2814.4172086043022,0.00011399736077835959,-3977.7025168068703,19.521453237488338
-2812.416208104052,0.00011399736077835959,-3977.7025168068703,19.521453237488338
-2810.4152076038017,0.00011399736077835959,-3977.7025168068703,19.521453237488338
-2808.4142071035517,0.00011399736077835959,-3977.7025168068703,19.521453237488338
-2806.4132066033017,0.00011399736077835959,-3977.7025168068703,19.521453237488338
-2804.4122061030516,0.00011399736077835959,-3977.7025168068703,19.521453237488338
-2802.411205602801,0.00011399736077835959,-3977.7025168068703,19.521453237488338
-2800.4102051025516,0.00011399736077835959,-3977.7025168068703,19.521453237488338
-2798.409204602301,0.00011399736077835959,-3977.7025168068703,19.521453237488338
-2796.408204102051,0.00011399736077835959,-3977.7025168068703,19.521453237488338
-2794.4072036018006,0.00011399736077835959,-3977.7025168068703,19.521453237488338
-2792.406203101551,0.00011399736077835959,-3977.7025168068703,19.521453237488338
-2790.4052026013005,0.00011399736077835959,-3977.7025168068703,19.521453237488338
-2788.4042021010505,0.00011399736077835959,-3977.7025168068703,19.521453237488338
-2786.4032016008005,0.00011399736077835959,-3977.7025168068703,19.521453237488338
-2784.4022011005504,0.00011399736077835959,-3977.7025168068703,19.521453237488338
-2782.4012006003,0.00011399736077835959,-3977.7025168068703,19.521453237488338
-2780.40020010005,0.00011399736077835959,-3977.7025168068703,19.521453237488338
-2778.3991995998,0.00011399736077835959,-3977.7025168068703,19.521453237488338
-2776.39819909955,0.00011399736077835959,-3977.7025168068703,19.521453237488338
-2774.3971985992994,0.00011399736077835959,-3977.7025168068703,19.521453237488338
-2772.39619809905,0.00011399736077835959,-3977.7025168068703,19.521453237488338
-2770.3951975987993,0.00011399736077835959,-3977.7025168068703,19.521453237488338
-2768.3941970985493,0.00011399736077835959,-3977.7025168068703,19.521453237488338
-2766.393196598299,0.00011399736077835959,-3977.7025168068703,19.521453237488338
-2764.392196098049,0.00011399736077835959,-3977.7025168068703,19.521453237488338
-2762.3911955977987,0.00011399736077835959,-3977.7025168068703,19.521453237488338
-2760.3901950975487,0.00011399736077835959,-3977.7025168068703,19.521453237488338
-2758.3891945972987,0.00011399736077835959,-3977.7025168068703,19.521453237488338
-2756.3881940970487,0.00011399736077835959,-3977.7025168068703,19.521453237488338
-2754.387193596798,0.00011399736077835959,-3977.7025168068703,19.521453237488338
-2752.386193096548,0.00011399736077835959,-3977.7025168068703,19.521453237488338
-2750.385192596298,0.00011399736077835959,-3977.7025168068703,19.521453237488338
-2748.384192096048,0.00011399736077835959,-3977.7025168068703,19.521453237488338
-2746.3831915957976,0.00011399736077835959,-3977.7025168068703,19.521453237488338
-2744.3821910955476,0.00011399736077835959,-3977.7025168068703,19.521453237488338
-2742.3811905952975,0.00011399736077835959,-3977.7025168068703,19.521453237488338
-2740.3801900950475,0.00011399736077835959,-3977.7025168068703,19.521453237488338
-2738.379189594797,0.00011399736077835959,-3977.7025168068703,19.521453237488338
-2736.3781890945475,0.00011399736077835959,-3977.7025168068703,19.521453237488338
-2734.377188594297,0.00011399736077835959,-3977.7025168068703,19.521453237488338
-2732.376188094047,0.00011399736077835959,-3977.7025168068703,19.521453237488338
-2730.3751875937965,0.00011399736077835959,-3977.7025168068703,19.521453237488338
-2728.374187093547,0.00011399736077835959,-3977.7025168068703,19.521453237488338
-2726.3731865932964,0.00011399736077835959,-3977.7025168068703,19.521453237488338
-2724.3721860930464,0.00011399736077835959,-3977.7025168068703,19.521453237488338
-2722.371185592797,0.00011399736077835959,-3977.7025168068703,19.521453237488338
-2720.3701850925463,0.00011399736077835959,-3977.7025168068703,19.521453237488338
-2718.3691845922963,0.00011399736077835959,-3977.7025168068703,19.521453237488338
-2716.368184092046,0.00011399736077835959,-3977.7025168068703,19.521453237488338
-2714.367183591796,0.00011399736077835959,-3977.7025168068703,19.521453237488338
-2712.3661830915457,0.00011399736077835959,-3977.7025168068703,19.521453237488338
-2710.3651825912957,0.00011399736077835959,-3977.7025168068703,19.521453237488338
-2708.3641820910457,0.00011399736077835959,-3977.7025168068703,19.521453237488338
-2706.3631815907956,0.00011399736077835959,-3977.7025168068703,19.521453237488338
-2704.362181090545,0.00011399736077835959,-3977.7025168068703,19.521453237488338
-2702.361180590295,0.00011399736077835959,-3977.7025168068703,19.521453237488338
-2700.360180090045,0.00011399736077835959,-3977.7025168068703,19.521453237488338
-2698.359179589795,0.00011399736077835959,-3977.7025168068703,19.521453237488338
-2696.3581790895446,0.00011399736077835959,-3977.7025168068703,19.521453237488338
-2694.357178589295,0.00011399736077835959,-3977.7025168068703,19.521453237488338
-2692.3561780890445,0.00011399736077835959,-3977.7025168068703,19.521453237488338
-2690.3551775887945,0.00011399736077835959,-3977.7025168068703,19.521453237488338
-2688.354177088544,0.00011399736077835959,-3977.7025168068703,19.521453237488338
-2686.3531765882944,0.00011399736077835959,-3977.7025168068703,19.521453237488338
-2684.352176088044,0.00011399736077835959,-3977.7025168068703,19.521453237488338
-2682.351175587794,0.00011399736077835959,-3977.7025168068703,19.521453237488338
-2680.3501750875434,0.00011399736077835959,-3977.7025168068703,19.521453237488338
-2678.349174587294,0.00011399736077835959,-3977.7025168068703,19.521453237488338
-2676.3481740870434,0.00011399736077835959,-3977.7025168068703,19.521453237488338
-2674.3471735867934,0.00011399736077835959,-3977.7025168068703,19.521453237488338
-2672.3461730865433,0.00011399736077835959,-3977.7025168068703,19.521453237488338
-2670.3451725862933,0.00011399736077835959,-3977.7025168068703,19.521453237488338
-2668.344172086043,0.00011399736077835959,-3977.7025168068703,19.521453237488338
-2666.343171585793,0.00011399736077835959,-3977.7025168068703,19.521453237488338
-2664.3421710855428,0.00011399736077835959,-3977.7025168068703,19.521453237488338
-2662.3411705852927,0.00011399736077835959,-3977.7025168068703,19.521453237488338
-2660.3401700850422,0.00011399736077835959,-3977.7025168068703,19.521453237488338
-2658.3391695847927,0.00011399736077835959,-3977.7025168068703,19.521453237488338
-2656.338169084542,0.00011399736077835959,-3977.7025168068703,19.521453237488338
-2654.337168584292,0.00011399736077835959,-3977.7025168068703,19.521453237488338
-2652.3361680840417,0.00011399736077835959,-3977.7025168068703,19.521453237488338
-2650.335167583792,0.00011399736077835959,-3977.7025168068703,19.521453237488338
-2648.3341670835416,0.00011399736077835959,-3977.7025168068703,19.521453237488338
-2646.3331665832916,0.00011399736077835959,-3977.7025168068703,19.521453237488338
-2644.3321660830416,0.00011399736077835959,-3977.7025168068703,19.521453237488338
-2642.3311655827915,0.00011399736077835959,-3977.7025168068703,19.521453237488338
-2640.330165082541,0.00011399736077835959,-3977.7025168068703,19.521453237488338
-2638.329164582291,0.00011399736077835959,-3977.7025168068703,19.521453237488338
-2636.328164082041,0.00011399736077835959,-3977.7025168068703,19.521453237488338
-2634.327163581791,0.00011399736077835959,-3977.7025168068703,19.521453237488338
-2632.3261630815405,0.00011399736077835959,-3977.7025168068703,19.521453237488338
-2630.325162581291,0.00011399736077835959,-3977.7025168068703,19.521453237488338
-2628.3241620810404,0.00011399736077835959,-3977.7025168068703,19.521453237488338
-2626.3231615807904,0.00011399736077835959,-3977.7025168068703,19.521453237488338
-2624.32216108054,0.00011399736077835959,-3977.7025168068703,19.521453237488338
-2622.3211605802903,0.00011399736077835959,-3977.7025168068703,19.521453237488338
-2620.32016008004,0.00011399736077835959,-3977.7025168068703,19.521453237488338
-2618.31915957979,0.00011399736077835959,-3977.7025168068703,19.521453237488338
-2616.3181590795393,0.00011399736077835959,-3977.7025168068703,19.521453237488338
-2614.3171585792898,0.00011399736077835959,-3977.7025168068703,19.521453237488338
-2612.3161580790393,0.00011399736077835959,-3977.7025168068703,19.521453237488338
-2610.3151575787892,0.00011399736077835959,-3977.7025168068703,19.521453237488338
-2608.314157078539,0.00011399736077835959,-3977.7025168068703,19.521453237488338
-2606.313156578289,0.00011399736077835959,-3977.7025168068703,19.521453237488338
-2604.312156078039,0.00011399736077835959,-3977.7025168068703,19.521453237488338
-2602.3111555777887,0.00011399736077835959,-3977.7025168068703,19.521453237488338
-2600.310155077539,0.00011399736077835959,-3977.7025168068703,19.521453237488338
-2598.3091545772886,0.00011399736077835959,-3977.7025168068703,19.521453237488338
-2596.3081540770386,0.00011399736077835959,-3977.7025168068703,19.521453237488338
-2594.3071535767886,0.00011399736077835959,-3977.7025168068703,19.521453237488338
-2592.3061530765385,0.00011399736077835959,-3977.7025168068703,19.521453237488338
-2590.305152576288,0.00011399736077835959,-3977.7025168068703,19.521453237488338
-2588.304152076038,0.00011399736077835959,-3977.7025168068703,19.521453237488338
-2586.303151575788,0.00011399736077835959,-3977.7025168068703,19.521453237488338
-2584.302151075538,0.00011399736077835959,-3977.7025168068703,19.521453237488338
-2582.3011505752875,0.00011399736077835959,-3977.7025168068703,19.521453237488338
-2580.300150075038,0.00011399736077835959,-3977.7025168068703,19.521453237488338
-2578.2991495747874,0.00011399736077835959,-3977.7025168068703,19.521453237488338
-2576.2981490745374,0.00011399736077835959,-3977.7025168068703,19.521453237488338
-2574.297148574287,0.00011399736077835959,-3977.7025168068703,19.521453237488338
-2572.2961480740373,0.00011399736077835959,-3977.7025168068703,19.521453237488338
-2570.295147573787,0.00011399736077835959,-3977.7025168068703,19.521453237488338
-2568.294147073537,0.00011399736077835959,-3977.7025168068703,19.521453237488338
-2566.293146573287,0.00011399736077835959,-3977.7025168068703,19.521453237488338
-2564.2921460730367,0.00011399736077835959,-3977.7025168068703,19.521453237488338
-2562.2911455727863,0.00011399736077835959,-3977.7025168068703,19.521453237488338
-2560.2901450725362,0.00011399736077835959,-3977.7025168068703,19.521453237488338
-2558.289144572286,0.00011399736077835959,-3977.7025168068703,19.521453237488338
-2556.288144072036,0.00011399736077835959,-3977.7025168068703,19.521453237488338
-2554.2871435717857,0.00011399736077835959,-3977.7025168068703,19.521453237488338
-2552.286143071536,0.00011399736077835959,-3977.7025168068703,19.521453237488338
-2550.2851425712856,0.00011399736077835959,-3977.7025168068703,19.521453237488338
-2548.2841420710356,0.00011399736077835959,-3977.7025168068703,19.521453237488338
-2546.283141570785,0.00011399736077835959,-3977.7025168068703,19.521453237488338
-2544.2821410705355,0.00011399736077835959,-3977.7025168068703,19.521453237488338
-2542.281140570285,0.00011399736077835959,-3977.7025168068703,19.521453237488338
-2540.280140070035,0.00011399736077835959,-3977.7025168068703,19.521453237488338
-2538.2791395697845,0.00011399736077835959,-3977.7025168068703,19.521453237488338
-2536.278139069535,0.00011399736077835959,-3977.7025168068703,19.521453237488338
-2534.2771385692845,0.00011399736077835959,-3977.7025168068703,19.521453237488338
-2532.2761380690345,0.00011399736077835959,-3977.7025168068703,19.521453237488338
-2530.2751375687844,0.00011399736077835959,-3977.7025168068703,19.521453237488338
-2528.2741370685344,0.00011399736077835959,-3977.7025168068703,19.521453237488338
-2526.273136568284,0.00011399736077835959,-3977.7025168068703,19.521453237488338
-2524.272136068034,0.00011399736077835959,-3977.7025168068703,19.521453237488338
-2522.271135567784,0.00011399736077835959,-3977.7025168068703,19.521453237488338
-2520.270135067534,0.00011399736077835959,-3977.7025168068703,19.521453237488338
-2518.2691345672833,0.00011399736077835959,-3977.7025168068703,19.521453237488338
-2516.2681340670338,0.00011399736077835959,-3977.7025168068703,19.521453237488338
-2514.2671335667833,0.00011399736077835959,-3977.7025168068703,19.521453237488338
-2512.2661330665333,0.00011399736077835959,-3977.7025168068703,19.521453237488338
-2510.265132566283,0.00011399736077835959,-3977.7025168068703,19.521453237488338
-2508.264132066033,0.00011399736077835959,-3977.7025168068703,19.521453237488338
-2506.2631315657827,0.00011399736077835959,-3977.7025168068703,19.521453237488338
-2504.2621310655327,0.00011399736077835959,-3977.7025168068703,19.521453237488338
-2502.2611305652827,0.00011399736077835959,-3977.7025168068703,19.521453237488338
-2500.2601300650326,0.00011399736077835959,-3977.7025168068703,19.521453237488338
-2498.259129564782,0.00011399736077835959,-3977.7025168068703,19.521453237488338
-2496.258129064532,0.00011399736077835959,-3977.7025168068703,19.521453237488338
-2494.257128564282,0.00011399736077835959,-3977.7025168068703,19.521453237488338
-2492.256128064032,0.00011399736077835959,-3977.7025168068703,19.521453237488338
-2490.2551275637816,0.00011399736077835959,-3977.7025168068703,19.521453237488338
-2488.254127063532,0.00011399736077835959,-3977.7025168068703,19.521453237488338
-2486.2531265632815,0.00011399736077835959,-3977.7025168068703,19.521453237488338
-2484.2521260630315,0.00011399736077835959,-3977.7025168068703,19.521453237488338
-2482.2511255627815,0.00011399736077835959,-3977.7025168068703,19.521453237488338
-2480.2501250625314,0.00011399736077835959,-3977.7025168068703,19.521453237488338
-2478.2491245622814,0.00011399736077835959,-3977.7025168068703,19.521453237488338
-2476.248124062031,0.00011399736077835959,-3977.7025168068703,19.521453237488338
-2474.247123561781,0.00011399736077835959,-3977.7025168068703,19.521453237488338
-2472.246123061531,0.00011399736077835959,-3977.7025168068703,19.521453237488338
-2470.245122561281,0.00011399736077835959,-3977.7025168068703,19.521453237488338
-2468.2441220610303,0.00011399736077835959,-3977.7025168068703,19.521453237488338
-2466.2431215607808,0.00011399736077835959,-3977.7025168068703,19.521453237488338
-2464.2421210605303,0.00011399736077835959,-3977.7025168068703,19.521453237488338
-2462.2411205602803,0.00011399736077835959,-3977.7025168068703,19.521453237488338
-2460.2401200600298,0.00011399736077835959,-3977.7025168068703,19.521453237488338
-2458.23911955978,0.00011399736077835959,-3977.7025168068703,19.521453237488338
-2456.2381190595297,0.00011399736077835959,-3977.7025168068703,19.521453237488338
-2454.2371185592797,0.00011399736077835959,-3977.7025168068703,19.521453237488338
-2452.2361180590296,0.00011399736077835959,-3977.7025168068703,19.521453237488338
-2450.2351175587796,0.00011399736077835959,-3977.7025168068703,19.521453237488338
-2448.234117058529,0.00011399736077835959,-3977.7025168068703,19.521453237488338
-2446.233116558279,0.00011399736077835959,-3977.7025168068703,19.521453237488338
-2444.232116058029,0.00011399736077835959,-3977.7025168068703,19.521453237488338
-2442.231115557779,0.00011399736077835959,-3977.7025168068703,19.521453237488338
-2440.2301150575286,0.00011399736077835959,-3977.7025168068703,19.521453237488338
-2438.229114557279,0.00011399736077835959,-3977.7025168068703,19.521453237488338
-2436.2281140570285,0.00011399736077835959,-3977.7025168068703,19.521453237488338
-2434.2271135567785,0.00011399736077835959,-3977.7025168068703,19.521453237488338
-2432.226113056528,0.00011399736077835959,-3977.7025168068703,19.521453237488338
-2430.2251125562784,0.00011399736077835959,-3977.7025168068703,19.521453237488338
-2428.224112056028,0.00011399736077835959,-3977.7025168068703,19.521453237488338
-2426.223111555778,0.00011399736077835959,-3977.7025168068703,19.521453237488338
-2424.222111055528,0.00011399736077835959,-3977.7025168068703,19.521453237488338
-2422.221110555278,0.00011399736077835959,-3977.7025168068703,19.521453237488338
-2420.2201100550274,0.00011399736077835959,-3977.7025168068703,19.521453237488338
-2418.2191095547773,0.00011399736077835959,-3977.7025168068703,19.521453237488338
-2416.2181090545273,0.00011399736077835959,-3977.7025168068703,19.521453237488338
-2414.2171085542773,0.00011399736077835959,-3977.7025168068703,19.521453237488338
-2412.216108054027,0.00011399736077835959,-3977.7025168068703,19.521453237488338
-2410.215107553777,0.00011399736077835959,-3977.7025168068703,19.521453237488338
-2408.2141070535267,0.00011399736077835959,-3977.7025168068703,19.521453237488338
-2406.2131065532767,0.00011399736077835959,-3977.7025168068703,19.521453237488338
-2404.212106053026,0.00011399736077835959,-3977.7025168068703,19.521453237488338
-2402.2111055527766,0.00011399736077835959,-3977.7025168068703,19.521453237488338
-2400.210105052526,0.00011399736077835959,-3977.7025168068703,19.521453237488338
-2398.209104552276,0.00011399736077835959,-3977.7025168068703,19.521453237488338
-2396.2081040520256,0.00011399736077835959,-3977.7025168068703,19.521453237488338
-2394.207103551776,0.00011399736077835959,-3977.7025168068703,19.521453237488338
-2392.2061030515256,0.00011399736077835959,-3977.7025168068703,19.521453237488338
-2390.2051025512756,0.00011399736077835959,-3977.7025168068703,19.521453237488338
-2388.2041020510255,0.00011399736077835959,-3977.7025168068703,19.521453237488338
-2386.2031015507755,0.00011399736077835959,-3977.7025168068703,19.521453237488338
-2384.202101050525,0.00011399736077835959,-3977.7025168068703,19.521453237488338
-2382.201100550275,0.00011399736077835959,-3977.7025168068703,19.521453237488338
-2380.200100050025,0.00011399736077835959,-3977.7025168068703,19.521453237488338
-2378.199099549775,0.00011399736077835959,-3977.7025168068703,19.521453237488338
-2376.1980990495244,0.00011399736077835959,-3977.7025168068703,19.521453237488338
-2374.197098549275,0.00011399736077835959,-3977.7025168068703,19.521453237488338
-2372.1960980490244,0.00011399736077835959,-3977.7025168068703,19.521453237488338
-2370.1950975487744,0.00011399736077835959,-3977.7025168068703,19.521453237488338
-2368.194097048524,0.00011399736077835959,-3977.7025168068703,19.521453237488338
-2366.1930965482743,0.00011399736077835959,-3977.7025168068703,19.521453237488338
-2364.192096048024,0.00011399736077835959,-3977.7025168068703,19.521453237488338
-2362.191095547774,0.00011399736077835959,-3977.7025168068703,19.521453237488338
-2360.190095047524,0.00011399736077835959,-3977.7025168068703,19.521453237488338
-2358.1890945472737,0.00011399736077835959,-3977.7025168068703,19.521453237488338
-2356.1880940470237,0.00011399736077835959,-3977.7025168068703,19.521453237488338
-2354.187093546773,0.00011399736077835959,-3977.7025168068703,19.521453237488338
-2352.1860930465236,0.00011399736077835959,-3977.7025168068703,19.521453237488338
-2350.185092546273,0.00011399736077835959,-3977.7025168068703,19.521453237488338
-2348.184092046023,0.00011399736077835959,-3977.7025168068703,19.521453237488338
-2346.183091545773,0.00011399736077835959,-3977.7025168068703,19.521453237488338
-2344.182091045523,0.00011399736077835959,-3977.7025168068703,19.521453237488338
-2342.1810905452726,0.00011399736077835959,-3977.7025168068703,19.521453237488338
-2340.1800900450226,0.00011399736077835959,-3977.7025168068703,19.521453237488338
-2338.1790895447725,0.00011399736077835959,-3977.7025168068703,19.521453237488338
-2336.1780890445225,0.00011399736077835959,-3977.7025168068703,19.521453237488338
-2334.177088544272,0.00011399736077835959,-3977.7025168068703,19.521453237488338
-2332.176088044022,0.00011399736077835959,-3977.7025168068703,19.521453237488338
-2330.175087543772,0.00011399736077835959,-3977.7025168068703,19.521453237488338
-2328.174087043522,0.00011399736077835959,-3977.7025168068703,19.521453237488338
-2326.1730865432714,0.00011399736077835959,-3977.7025168068703,19.521453237488338
-2324.172086043022,0.00011399736077835959,-3977.7025168068703,19.521453237488338
-2322.1710855427714,0.00011399736077835959,-3977.7025168068703,19.521453237488338
-2320.1700850425214,0.00011399736077835959,-3977.7025168068703,19.521453237488338
-2318.169084542271,0.00011399736077835959,-3977.7025168068703,19.521453237488338
-2316.1680840420213,0.00011399736077835959,-3977.7025168068703,19.521453237488338
-2314.167083541771,0.00011399736077835959,-3977.7025168068703,19.521453237488338
-2312.166083041521,0.00011399736077835959,-3977.7025168068703,19.521453237488338
-2310.1650825412707,0.00011399736077835959,-3977.7025168068703,19.521453237488338
-2308.1640820410207,0.00011399736077835959,-3977.7025168068703,19.521453237488338
-2306.1630815407702,0.00011399736077835959,-3977.7025168068703,19.521453237488338
-2304.16208104052,0.00011399736077835959,-3977.7025168068703,19.521453237488338
-2302.16108054027,0.00011399736077835959,-3977.7025168068703,19.521453237488338
-2300.16008004002,0.00011399736077835959,-3977.7025168068703,19.521453237488338
-2298.1590795397697,0.00011399736077835959,-3977.7025168068703,19.521453237488338
-2296.15807903952,0.00011399736077835959,-3977.7025168068703,19.521453237488338
-2294.1570785392696,0.00011399736077835959,-3977.7025168068703,19.521453237488338
-2292.1560780390196,0.00011399736077835959,-3977.7025168068703,19.521453237488338
-2290.155077538769,0.00011399736077835959,-3977.7025168068703,19.521453237488338
-2288.1540770385195,0.00011399736077835959,-3977.7025168068703,19.521453237488338
-2286.153076538269,0.00011399736077835959,-3977.7025168068703,19.521453237488338
-2284.152076038019,0.00011399736077835959,-3977.7025168068703,19.521453237488338
-2282.151075537769,0.00011399736077835959,-3977.7025168068703,19.521453237488338
-2280.150075037519,0.00011399736077835959,-3977.7025168068703,19.521453237488338
-2278.1490745372685,0.00011399736077835959,-3977.7025168068703,19.521453237488338
-2276.1480740370184,0.00011399736077835959,-3977.7025168068703,19.521453237488338
-2274.1470735367684,0.00011399736077835959,-3977.7025168068703,19.521453237488338
-2272.1460730365184,0.00011399736077835959,-3977.7025168068703,19.521453237488338
-2270.145072536268,0.00011399736077835959,-3977.7025168068703,19.521453237488338
-2268.144072036018,0.00011399736077835959,-3977.7025168068703,19.521453237488338
-2266.143071535768,0.00011399736077835959,-3977.7025168068703,19.521453237488338
-2264.142071035518,0.00011399736077835959,-3977.7025168068703,19.521453237488338
-2262.1410705352673,0.00011399736077835959,-3977.7025168068703,19.521453237488338
-2260.1400700350177,0.00011399736077835959,-3977.7025168068703,19.521453237488338
-2258.1390695347673,0.00011399736077835959,-3977.7025168068703,19.521453237488338
-2256.1380690345172,0.00011399736077835959,-3977.7025168068703,19.521453237488338
-2254.1370685342667,0.00011399736077835959,-3977.7025168068703,19.521453237488338
-2252.136068034017,0.00011399736077835959,-3977.7025168068703,19.521453237488338
-2250.1350675337667,0.00011399736077835959,-3977.7025168068703,19.521453237488338
-2248.1340670335167,0.00011399736077835959,-3977.7025168068703,19.521453237488338
-2246.1330665332666,0.00011399736077835959,-3977.7025168068703,19.521453237488338
-2244.1320660330166,0.00011399736077835959,-3977.7025168068703,19.521453237488338
-2242.1310655327666,0.00011399736077835959,-3977.7025168068703,19.521453237488338
-2240.130065032516,0.00011399736077835959,-3977.7025168068703,19.521453237488338
-2238.1290645322665,0.00011399736077835959,-3977.7025168068703,19.521453237488338
-2236.128064032016,0.00011399736077835959,-3977.7025168068703,19.521453237488338
-2234.127063531766,0.00011399736077835959,-3977.7025168068703,19.521453237488338
-2232.126063031516,0.00011399736077835959,-3977.7025168068703,19.521453237488338
-2230.125062531266,0.00011399736077835959,-3977.7025168068703,19.521453237488338
-2228.1240620310155,0.00011399736077835959,-3977.7025168068703,19.521453237488338
-2226.1230615307654,0.00011399736077835959,-3977.7025168068703,19.521453237488338
-2224.1220610305154,0.00011399736077835959,-3977.7025168068703,19.521453237488338
-2222.1210605302654,0.00011399736077835959,-3977.7025168068703,19.521453237488338
-2220.120060030015,0.00011399736077835959,-3977.7025168068703,19.521453237488338
-2218.1190595297653,0.00011399736077835959,-3977.7025168068703,19.521453237488338
-2216.118059029515,0.00011399736077835959,-3977.7025168068703,19.521453237488338
-2214.117058529265,0.00011399736077835959,-3977.7025168068703,19.521453237488338
-2212.1160580290143,0.00011399736077835959,-3977.7025168068703,19.521453237488338
-2210.1150575287647,0.00011399736077835959,-3977.7025168068703,19.521453237488338
-2208.1140570285143,0.00011399736077835959,-3977.7025168068703,19.521453237488338
-2206.113056528264,0.00011399736077835959,-3977.7025168068703,19.521453237488338
-2204.1120560280137,0.00011399736077835959,-3977.7025168068703,19.521453237488338
-2202.111055527764,0.00011399736077835959,-3977.7025168068703,19.521453237488338
-2200.1100550275137,0.00011399736077835959,-3977.7025168068703,19.521453237488338
-2198.1090545272637,0.00011399736077835959,-3977.7025168068703,19.521453237488338
-2196.1080540270136,0.00011399736077835959,-3977.7025168068703,19.521453237488338
-2194.1070535267636,0.00011399736077835959,-3977.7025168068703,19.521453237488338
-2192.106053026513,0.00011399736077835959,-3977.7025168068703,19.521453237488338
-2190.105052526263,0.00011399736077835959,-3977.7025168068703,19.521453237488338
-2188.104052026013,0.00011399736077835959,-3977.7025168068703,19.521453237488338
-2186.103051525763,0.00011399736077835959,-3977.7025168068703,19.521453237488338
-2184.1020510255125,0.00011399736077835959,-3977.7025168068703,19.521453237488338
-2182.101050525263,0.00011399736077835959,-3977.7025168068703,19.521453237488338
-2180.1000500250125,0.00011399736077835959,-3977.7025168068703,19.521453237488338
-2178.0990495247624,0.00011399736077835959,-3977.7025168068703,19.521453237488338
-2176.098049024512,0.00011399736077835959,-3977.7025168068703,19.521453237488338
-2174.0970485242624,0.00011399736077835959,-3977.7025168068703,19.521453237488338
-2172.096048024012,0.00011399736077835959,-3977.7025168068703,19.521453237488338
-2170.095047523762,0.00011399736077835959,-3977.7025168068703,19.521453237488338
-2168.094047023512,0.00011399736077835959,-3977.7025168068703,19.521453237488338
-2166.093046523262,0.00011399736077835959,-3977.7025168068703,19.521453237488338
-2164.0920460230113,0.00011399736077835959,-3977.7025168068703,19.521453237488338
-2162.0910455227613,0.00011399736077835959,-3977.7025168068703,19.521453237488338
-2160.0900450225113,0.00011399736077835959,-3977.7025168068703,19.521453237488338
-2158.0890445222612,0.00011399736077835959,-3977.7025168068703,19.521453237488338
-2156.0880440220108,0.00011399736077835959,-3977.7025168068703,19.521453237488338
-2154.087043521761,0.00011399736077835959,-3977.7025168068703,19.521453237488338
-2152.0860430215107,0.00011399736077835959,-3977.7025168068703,19.521453237488338
-2150.0850425212607,0.00011399736077835959,-3977.7025168068703,19.521453237488338
-2148.08404202101,0.00011399736077835959,-3977.7025168068703,19.521453237488338
-2146.0830415207606,0.00011399736077835959,-3977.7025168068703,19.521453237488338
-2144.08204102051,0.00011399736077835959,-3977.7025168068703,19.521453237488338
-2142.08104052026,0.00011399736077835959,-3977.7025168068703,19.521453237488338
-2140.08004002001,0.00011399736077835959,-3977.7025168068703,19.521453237488338
-2138.07903951976,0.00011399736077835959,-3977.7025168068703,19.521453237488338
-2136.0780390195096,0.00011399736077835959,-3977.7025168068703,19.521453237488338
-2134.0770385192595,0.00011399736077835959,-3977.7025168068703,19.521453237488338
-2132.0760380190095,0.00011399736077835959,-3977.7025168068703,19.521453237488338
-2130.0750375187595,0.00011399736077835959,-3977.7025168068703,19.521453237488338
-2128.074037018509,0.00011399736077835959,-3977.7025168068703,19.521453237488338
-2126.073036518259,0.00011399736077835959,-3977.7025168068703,19.521453237488338
-2124.072036018009,0.00011399736077835959,-3977.7025168068703,19.521453237488338
-2122.071035517759,0.00011399736077835959,-3977.7025168068703,19.521453237488338
-2120.070035017509,0.00011399736077835959,-3977.7025168068703,19.521453237488338
-2118.069034517259,0.00011399736077835959,-3977.7025168068703,19.521453237488338
-2116.068034017009,0.00011399736077835959,-3977.7025168068703,19.521453237488338
-2114.0670335167583,0.00011399736077835959,-3977.7025168068703,19.521453237488338
-2112.0660330165083,0.00011399736077835959,-3977.7025168068703,19.521453237488338
-2110.0650325162583,0.00011399736077835959,-3977.7025168068703,19.521453237488338
-2108.0640320160082,0.00011399736077835959,-3977.7025168068703,19.521453237488338
-2106.0630315157578,0.00011399736077835959,-3977.7025168068703,19.521453237488338
-2104.062031015508,0.00011399736077835959,-3977.7025168068703,19.521453237488338
-2102.0610305152577,0.00011399736077835959,-3977.7025168068703,19.521453237488338
-2100.0600300150077,0.00011399736077835959,-3977.7025168068703,19.521453237488338
-2098.059029514757,0.00011399736077835959,-3977.7025168068703,19.521453237488338
-2096.0580290145076,0.00011399736077835959,-3977.7025168068703,19.521453237488338
-2094.057028514257,0.00011399736077835959,-3977.7025168068703,19.521453237488338
-2092.056028014007,0.00011399736077835959,-3977.7025168068703,19.521453237488338
-2090.055027513757,0.00011399736077835959,-3977.7025168068703,19.521453237488338
-2088.054027013507,0.00011399736077835959,-3977.7025168068703,19.521453237488338
-2086.0530265132566,0.00011399736077835959,-3977.7025168068703,19.521453237488338
-2084.0520260130065,0.00011399736077835959,-3977.7025168068703,19.521453237488338
-2082.0510255127565,0.00011399736077835959,-3977.7025168068703,19.521453237488338
-2080.0500250125065,0.00011399736077835959,-3977.7025168068703,19.521453237488338
-2078.049024512256,0.00011399736077835959,-3977.7025168068703,19.521453237488338
-2076.0480240120064,0.00011399736077835959,-3977.7025168068703,19.521453237488338
-2074.047023511756,0.00011399736077835959,-3977.7025168068703,19.521453237488338
-2072.046023011506,0.00011399736077835959,-3977.7025168068703,19.521453237488338
-2070.0450225112554,0.00011399736077835959,-3977.7025168068703,19.521453237488338
-2068.044022011006,0.00011399736077835959,-3977.7025168068703,19.521453237488338
-2066.0430215107554,0.00011399736077835959,-3977.7025168068703,19.521453237488338
-2064.0420210105053,0.00011399736077835959,-3977.7025168068703,19.521453237488338
-2062.041020510255,0.00011399736077835959,-3977.7025168068703,19.521453237488338
-2060.0400200100053,0.00011399736077835959,-3977.7025168068703,19.521453237488338
-2058.039019509755,0.00011399736077835959,-3977.7025168068703,19.521453237488338
-2056.0380190095048,0.00011399736077835959,-3977.7025168068703,19.521453237488338
-2054.0370185092547,0.00011399736077835959,-3977.7025168068703,19.521453237488338
-2052.0360180090047,0.00011399736077835959,-3977.7025168068703,19.521453237488338
-2050.035017508754,0.00011399736077835959,-3977.7025168068703,19.521453237488338
-2048.034017008504,0.00011399736077835959,-3977.7025168068703,19.521453237488338
-2046.033016508254,0.00011399736077835959,-3977.7025168068703,19.521453237488338
-2044.0320160080041,0.00011399736077835959,-3977.7025168068703,19.521453237488338
-2042.0310155077539,0.00011399736077835959,-3977.7025168068703,19.521453237488338
-2040.0300150075038,0.00011399736077835959,-3977.7025168068703,19.521453237488338
-2038.0290145072536,0.00011399736077835959,-3977.7025168068703,19.521453237488338
-2036.0280140070035,0.00011399736077835959,-3977.7025168068703,19.521453237488338
-2034.0270135067533,0.00011399736077835959,-3977.7025168068703,19.521453237488338
-2032.0260130065033,0.00011399736077835959,-3977.7025168068703,19.521453237488338
-2030.025012506253,0.00011399736077835959,-3977.7025168068703,19.521453237488338
-2028.0240120060032,0.00011399736077835959,-3977.7025168068703,19.521453237488338
-2026.0230115057527,0.00011399736077835959,-3977.7025168068703,19.521453237488338
-2024.022011005503,0.00011399736077835959,-3977.7025168068703,19.521453237488338
-2022.0210105052524,0.00011399736077835959,-3977.7025168068703,19.521453237488338
-2020.0200100050026,0.00011399736077835959,-3977.7025168068703,19.521453237488338
-2018.0190095047521,0.00011399736077835959,-3977.7025168068703,19.521453237488338
-2016.0180090045023,0.00011399736077835959,-3977.7025168068703,19.521453237488338
-2014.0170085042519,0.00011399736077835959,-3977.7025168068703,19.521453237488338
-2012.016008004002,0.00011399736077835959,-3977.7025168068703,19.521453237488338
-2010.0150075037518,0.00011399736077835959,-3977.7025168068703,19.521453237488338
-2008.0140070035018,0.00011399736077835959,-3977.7025168068703,19.521453237488338
-2006.0130065032515,0.00011399736077835959,-3977.7025168068703,19.521453237488338
-2004.0120060030015,0.00011399736077835959,-3977.7025168068703,19.521453237488338
-2002.0110055027517,0.00011399736077835959,-3977.7025168068703,19.521453237488338
-2000.0100050025012,0.00011399736077835959,-3977.7025168068703,19.521453237488338
-1998.0090045022514,0.00011399736077835959,-3977.7025168068703,19.521453237488338
-1996.0080040020011,0.00011399736077835959,-3977.7025168068703,19.521453237488338
-1994.0070035017511,0.00011399736077835959,-3977.7025168068703,19.521453237488338
-1992.0060030015009,0.00011399736077835959,-3977.7025168068703,19.521453237488338
-1990.0050025012508,0.00011399736077835959,-3977.7025168068703,19.521453237488338
-1988.0040020010006,0.00011399736077835959,-3977.7025168068703,19.521453237488338
-1986.0030015007505,0.00011399736077835959,-3977.7025168068703,19.521453237488338
-1984.0020010005003,0.00011399736077835959,-3977.7025168068703,19.521453237488338
-1982.0010005002505,0.00011399736077835959,-3977.7025168068703,19.521453237488338
-1980.0,0.00011399736077835959,-3977.7025168068703,19.521453237488338
