detuning,cyc,freq,VVA,cyc.1,ROIsum,fBg,fA1,fWidth1,fCtr1,fA2,fWidth2,fCtr2,box1,box2,box3,box4,box5,box6,box7,box8,box9,Nfit,BZ-2,BZ-1,BZ0,BZ1,BZ2,Excited,c5,c7,c9,fraction95,fraction75,fraction97,sum95,two2D_bg,two2D_a1,two2D_sh1,two2D_sv1,two2D_ch1,two2D_cv1,two2D_a2,two2D_sh2,two2D_sv2,two2D_ch2,two2D_cv2,two2D_chd,two2D_cvd,Rab,transfer,Delta,ScaledTransfer,e_detuning,e_cyc,e_freq,e_VVA,e_cyc.1,e_ROIsum,e_fBg,e_fA1,e_fWidth1,e_fCtr1,e_fA2,e_fWidth2,e_fCtr2,e_box1,e_box2,e_box3,e_box4,e_box5,e_box6,e_box7,e_box8,e_box9,e_Nfit,e_BZ-2,e_BZ-1,e_BZ0,e_BZ1,e_BZ2,e_Excited,e_c5,e_c7,e_c9,e_fraction95,e_fraction75,e_fraction97,e_sum95,e_two2D_bg,e_two2D_a1,e_two2D_sh1,e_two2D_sv1,e_two2D_ch1,e_two2D_cv1,e_two2D_a2,e_two2D_sh2,e_two2D_sv2,e_two2D_ch2,e_two2D_cv2,e_two2D_chd,e_two2D_cvd,e_Rab,e_transfer,e_Delta,e_ScaledTransfer,em_detuning,em_cyc,em_freq,em_VVA,em_cyc.1,em_ROIsum,em_fBg,em_fA1,em_fWidth1,em_fCtr1,em_fA2,em_fWidth2,em_fCtr2,em_box1,em_box2,em_box3,em_box4,em_box5,em_box6,em_box7,em_box8,em_box9,em_Nfit,em_BZ-2,em_BZ-1,em_BZ0,em_BZ1,em_BZ2,em_Excited,em_c5,em_c7,em_c9,em_fraction95,em_fraction75,em_fraction97,em_sum95,em_two2D_bg,em_two2D_a1,em_two2D_sh1,em_two2D_sv1,em_two2D_ch1,em_two2D_cv1,em_two2D_a2,em_two2D_sh2,em_two2D_sv2,em_two2D_ch2,em_two2D_cv2,em_two2D_chd,em_two2D_cvd,em_Rab,em_transfer,em_Delta,em_ScaledTransfer,filter
-5.0,116.71428571428571,42.2227,0.0,116.71428571428571,2856.2497142857146,-0.08634110201142857,-12.808294285714286,3.585964,118.60594285714285,0.15751562685714288,121.64222542857144,207.53527208602662,-4.055823142857143,-3.348236,-6.328734057142857,-3.6294733142857143,-3.8255013657142856,-177.5809142857143,2750.368571428571,-21.322198,1920.078,19887.366,-2.9376438,-2.2300555971428575,-4.092372142857143,-2.5112931171428574,-2.7073204168571428,0.7759372857142857,2891.8191428571427,-8.4631274,2061.5274285714286,0.5844185142857142,1.0051859428571428,-0.007630580114285713,4953.346571428571,-0.0016477428,0.6190310571428572,7.751639428571429,1.9349457142857143,118.36505714285714,87.14486,0.37603181714285716,7.188274511428571,2.9972585714285715,117.9894857142857,135.68225714285714,0.37558031428571426,-48.53738285714286,0.7120102981500013,-0.026421196547713268,-331.12582781456956,-0.002190356508265455,-5.0,69.97628649956289,0.0,0.0,69.97628649956289,334.46425818442407,0.1167742069897786,4.766467519708592,6.450372806711253,0.1331076395158409,0.8159787805461598,630.3082474105615,238.42558404480815,1.5644117405044196,1.3383773925985236,3.7985088491099637,2.3219815427480794,1.8906712835107593,29.539202657974837,132.64861350781706,7.1774491480091775,182.5615465889276,93242.05198351666,1.5336214966563675,1.3318878233256037,3.672347321777554,2.360182030912937,1.8816203358078667,0.30001165668408236,132.20565695762267,8.014316777247485,180.02413802766833,0.013612327664055589,0.004883517819231967,0.0070014009544229535,298.76444349966533,0.00033160782817205663,0.03135390720087917,0.21318781051599797,7.204062065556481,0.11975832105613675,0.6064120969226456,0.07759755651629566,1.2775297562933257,8.45542617796655,0.31697646706383253,0.9803280766228871,0.2998362481030537,0.8646879530605635,0.040143414798315,0.13392792632388692,0.0,0.011102824375583064,-5.0,11.828151253041446,0.0,0.0,11.828151253041446,56.534778171836614,0.019738443575991974,0.8056800608613992,1.0903120044354278,0.02249929757473651,0.1379255876293547,106.54153941790213,40.30127935832022,0.26443384772691086,0.2262270695574201,0.6420651830898413,0.3924865160509248,0.31958177591042874,4.993036561535068,22.421708017994032,1.2132103371075047,30.858533569890092,15760.783390697326,0.25922934660844893,0.22513013214094738,0.6207399927682345,0.39894357707197203,0.31805188651834376,0.05071122562294064,22.3468346953827,1.354666784606569,30.429633241583527,0.002300903328407054,0.0008254651725932849,0.0011834527611381711,50.50040811706793,5.60519533761793e-05,0.005299777614637221,0.03603531702277049,1.2177087412066732,0.020242850915947533,0.10250235276660309,0.01311638100925676,0.2159419418147178,1.4292278819702617,0.053578801957562316,0.16570568899753124,0.05068157616122619,0.1461589405083254,0.0067854755632255235,0.022637951351920066,0.0,0.0018767198521055025,1
-4.410000000000004,117.0,42.8127,4.0,117.0,2789.764,-0.0733899022,-13.224860000000001,1.357836,118.7366,0.141104648,-50.494932,397.3080000000001,-2.105966,-3.1810106,-4.224804000000001,-4.365342,-2.793638,-177.9016,2701.998,-18.19388,1810.4879999999998,3422.1160000000004,-0.9857697999999999,-2.0608120000000003,-1.9844098000000003,-3.2451412,-1.6734372,0.870857,2843.702,-5.311612,1952.1919999999998,0.592897,1.0032892,-0.005005839999999999,4795.894,-0.0015802759999999998,0.6091246,7.724036000000001,-1.395772,118.47999999999999,87.12982,0.3750894,7.2599599999999995,-1.524308,118.069,135.8432,0.41107759999999993,-48.7136,0.6876194030438858,-0.11887118863795947,-292.05298013245056,-0.009854598417153818,-4.410000000000004,64.82669203345178,0.0,0.0,64.82669203345178,170.2640669078475,0.05931476060554299,0.31162988142987785,7.972429615348134,0.22052392160488657,0.14724665682368657,84.9888234876982,222.1770283400152,2.686838870835019,2.304536150611832,3.979251476914974,2.191698414077539,1.2243120963504361,30.544770563878878,98.46610543735336,5.611597176116619,98.74616027978009,388.37041285350256,2.86850429720093,2.4160811987534694,4.042600658953986,2.297394681781343,1.281497530594265,0.37231974246539756,119.38519053886024,4.77249471975821,87.41309667321025,0.01582563712777464,0.002954178938385435,0.004460891901766954,136.29371346470845,0.00011517315086425313,0.007299000465817186,0.17427675642494606,8.002099380123319,0.16842951047842028,0.5676386324062197,0.02325180710826579,0.2751103117842005,8.810638869768185,0.1970507548831028,0.546939393351765,0.155152586863062,0.08189896214238289,0.04616724521946272,0.15939500987942357,0.0,0.013214083497087071,-4.410000000000004,28.991378028648448,0.0,0.0,28.991378028648448,76.14440554630389,0.026526367356624142,0.13936511973948124,3.5653789131501856,0.09862129587467218,0.06585070682346929,38.00815732924478,99.36058768143424,1.2015908719551758,1.0306198978747498,1.7795753603896634,0.9801573280111718,0.5475290146229695,13.66003666759355,44.03538104751676,2.5095825496285236,44.160625380535585,173.68452871801796,1.2828341204583078,1.0805043599143875,1.8079059758613112,1.0274261359219161,0.5731031182813786,0.16650645070356881,53.39068031033125,2.1343245231276335,39.092325257011765,0.007077440080989724,0.001321148984785599,0.001994971506525845,60.952401642593294,5.150699890306173e-05,0.0032642122418739716,0.07793893485287053,3.578647635332934,0.07532396696935217,0.2538557137430644,0.010398524258759024,0.12303307169212675,3.9402374876007156,0.0881237765872533,0.24459873262140863,0.0693863462221495,0.03662632932740999,0.02064661972892417,0.07128361547292833,0.0,0.005909517791968967,1
-4.380000000000003,108.5,42.8427,4.0,108.5,3003.0550000000003,-0.11381849336666666,-3.4609833333333335,4.8633999999999995,118.644,0.17995935166666666,-22.400076666666664,95.01053333423118,-3.7962183333333335,-2.9461704999999996,-6.696723333333334,-4.196326666666667,-4.189288333333334,-164.778,2842.26,-24.584216666666666,1890.265,4768.15,-2.758656666666667,-1.9086066666666666,-4.621596666666667,-3.1587650000000003,-3.151726666666667,0.7021793333333334,2973.5116666666668,-12.652246666666665,2021.5166666666667,0.5958165,1.00758,-0.011908998333333332,4995.028333333333,-0.0013560911666666668,0.62795,7.900431666666667,4.906605,118.38499999999999,87.06621666666666,0.37896799999999997,7.5306999999999995,4.102034499999999,117.9515,135.93800000000002,0.43325450000000004,-48.87175,0.679099944232664,-0.15842979350965267,-290.0662251655631,-0.01313406562380135,-4.380000000000003,76.7039764288658,0.0,0.0,76.7039764288658,414.3448503239784,0.17790582192305054,14.335317541431255,6.254014928044223,0.23537969326176594,0.2790156657301906,166.56285702145982,199.42121326960665,1.0508588201736075,3.3927314202131447,2.401511248890304,1.1418244580086145,1.591046914272696,24.60133649215016,209.02330693011265,4.836593157343985,211.9696817707663,2513.218273513066,0.9028462179057222,3.3684557831841384,2.2270969292841,1.0745639326675727,1.482789526003831,0.1232593119332842,216.91127010062598,3.7689313682616543,211.9877652758919,0.013705352177160561,0.0024427607332688154,0.0041821732334298,414.1246765126012,0.0005966042140114053,0.05268210291170993,0.3238547041756017,5.949507607070521,0.18383688422076777,0.3687434632188975,0.05879914766389051,0.3177763454381081,6.569815267005724,0.22513085084013176,0.6596159488672151,0.1498781844055365,0.628533120050168,0.0381190803552905,0.20077603639959202,0.0,0.016644632170137275,-4.380000000000003,31.31426724886491,0.0,0.0,31.31426724886491,169.1555768072694,0.07262974766365382,5.852368879545938,2.5531909029095337,0.0960933573840244,0.11390766854698696,67.99900163378781,81.41336939954634,0.4290113168547473,1.3850768023050504,0.9804128618892033,0.4661478829918438,0.6495421827996325,10.043453566046551,85.33340772132183,1.9745308881548995,86.5362602130844,1026.0170637242506,0.3685854250117754,1.3751663149880373,0.9092085140775527,0.4386888885056622,0.6053462891087859,0.050320403380515306,88.5536552009258,1.5386597879684485,86.54364277313753,0.005595186596530982,0.0009972528933692463,0.0017073650729714422,169.06569122516973,0.00024356265045369287,0.02150737845174688,0.13221312933836946,2.4288763096882886,0.07505109370733157,0.15053888847883926,0.024004651514515547,0.12973164977496163,2.682115851418475,0.09190928498615873,0.26928708348773944,0.06118751256138789,0.25659757176039905,0.01556204938910197,0.08196647362624378,0.0,0.006795142628858361,1
-4.350000000000001,131.5,42.8727,4.0,131.5,2878.221666666667,-0.010219418916666665,-13.447466666666665,7.346520000000001,118.57799999999999,0.003493843333333333,-1.4296299999999995,333.43411700000235,-4.204296666666667,-3.017781,-7.373493333333333,-2.8418000000000005,-4.226373333333334,-147.4425,2803.683333333333,-19.168433333333336,1892.575,3229.16,-3.2758928333333337,-2.0893773666666666,-5.516683333333333,-1.9133958333333334,-3.29797,0.6420195,2921.1266666666666,-8.491791666666666,2010.0216666666665,0.5929251666666667,1.0051383333333332,-0.00814849,4931.1483333333335,-0.0016935466666666667,0.6186440000000001,7.832375,0.09819166666666668,118.34666666666665,87.15248333333334,0.37675166666666665,7.492238333333333,-2.682736666666667,117.90666666666668,135.88033333333334,0.439884,-48.72783333333333,0.6879866893669496,-0.14306487911033328,-288.0794701986756,-0.011860291357268233,-4.350000000000001,76.7039764288658,0.0,0.0,76.7039764288658,333.33601746085975,0.023520863744827165,0.7680305453995092,0.24112484625189512,0.12623470204345644,0.04032085810790324,19.182902976051356,258.0300546352743,1.3592584135132904,1.3855955975788898,2.42502713632377,1.6869613058632966,2.4156392758163765,23.360963976257487,99.30664986125888,5.889049819000233,167.10596108457648,166.32592678232703,1.3325878056158877,1.3968490390807473,2.2133142252709317,1.7292255041506202,2.4269530109748727,0.1593896772313063,104.69497402772824,5.200041143473451,174.44323379445424,0.018938442992143485,0.0031952490774063806,0.005329463460934881,240.3998100179504,0.0001944048408519363,0.019660712337044143,0.2313623787697559,8.113318650080043,0.14682733623772856,0.7820460227292696,0.040808464522285905,0.22137741957269846,8.423541463098918,0.06268226756162149,0.7188954490512869,0.11295387357324227,0.2474236905930133,0.053819203512304,0.24102065444471787,0.0,0.019980970889642694,-4.350000000000001,31.31426724886491,0.0,0.0,31.31426724886491,136.08385927842838,0.009602352414059146,0.31354715718337794,0.098438806270698,0.05153510130645621,0.01646092139258749,7.831387346107116,105.34032869314792,0.5549149236154234,0.5656670339858364,0.9900131827326565,0.6886990691973768,0.9861806047293997,9.537073606895007,40.541770037552354,2.4041945210633666,68.22072293909916,67.90227526870267,0.5440266935356767,0.5702612322408048,0.9035817487262073,0.7059533558960024,0.9907994177666167,0.0650705632472677,42.74154416697859,2.122907907164788,71.21615197957392,0.007731586975589905,0.0013044549734573905,0.002175744347016288,98.1428114676657,7.936544393570235e-05,0.008026452200900052,0.09445329561040561,3.3122484688837543,0.05994200901241548,0.3192689518432877,0.016659985877678425,0.09037695308785547,3.4388964019616006,0.025589928574430425,0.293487838097439,0.04611322578754747,0.10101029870485748,0.02197159782802484,0.09839627014353755,0.0,0.008157197207504843,1
-4.32,136.5,42.9027,4.0,136.5,2951.568333333333,-0.20563845833333336,-13.807233333333334,4.942506666666667,118.56916666666666,0.22611223333333333,467.31985333333336,157.27611666667124,-4.180985,-3.928995,-6.130549166666666,-2.617277833333333,-4.0862316666666665,-144.3145,2821.418333333333,-27.783366666666666,1908.6433333333334,19754.856666666667,-3.272273333333333,-3.020286,-4.31313,-1.7085663333333334,-3.177521,0.7976389999999999,2936.3683333333333,-17.333193333333334,2023.595,0.5920598333333333,1.0104533333333334,-0.015988723333333333,4959.965,-0.0013568923833333333,0.6221521666666666,7.725555,0.03395833333333339,118.34683333333334,87.50501666666666,0.3435283333333334,7.522768333333333,-1.3635395999999995,117.88933333333334,136.45933333333335,0.45751933333333333,-48.95421666666667,0.6895708434069378,-0.10149232913586237,-286.0927152317881,-0.008413865104871488,-4.32,76.7039764288658,0.0,0.0,76.7039764288658,121.50970700592876,0.18396382555289073,0.5334694280525054,6.032896963942502,0.16208937863619233,0.585274336094183,810.7316575112184,188.94128978907693,0.9174156961105473,1.6059495873999283,4.207181619179776,2.855605107420872,1.354045489079546,20.722446146630467,93.94228662677253,9.876577671575648,87.09126194209526,38431.407049789195,0.999097752488047,1.5703386753512762,4.259112322317879,2.8573087558382393,1.4226682004058429,0.294073980334881,83.08228052158091,10.286150032508115,83.32022773612663,0.011785258782337644,0.0061741320577605625,0.009635557847075937,121.45168500272007,0.0006344349670742317,0.015431348216104342,0.17378885300847136,8.143078688742769,0.17057481252126136,0.6794873727058234,0.07975079784094116,0.2222940491706124,8.11636054072056,0.17020771623715109,0.6756998347392511,0.16113820699469963,0.4314242339816663,0.03333540694987947,0.14570478604053766,0.0,0.012079143569935667,-4.32,31.31426724886491,0.0,0.0,31.31426724886491,49.60613015993529,0.07510291728915997,0.2177879820171701,2.462919872074156,0.06617271173057532,0.2389372471628226,330.97981320388897,77.134958554428,0.3745333895818458,0.6556261736271669,1.7175747037011309,1.1657959033444467,0.55278675612703,8.459903213591355,38.3517779176461,4.032095950054319,35.55485880220088,15689.556228197293,0.4078799494595329,0.6410880796614457,1.7387753244798476,1.1664914148983885,0.5808018607129858,0.12005519974161884,33.91819899077451,4.1993031662262466,34.01534053433343,0.004811311750563572,0.0025205788576788827,0.003933700018734412,49.582442776316064,0.00025900699071855233,0.00629982152877718,0.07094900214238402,3.3243979537919506,0.06963687560799889,0.27739955829893415,0.03255812688169337,0.09075116555419242,3.3134903155375235,0.06948700917757523,0.275853302399014,0.06578439753399822,0.1761282059876969,0.013609122899205474,0.05948372981345243,0.0,0.004931289712693799,1
-4.290000000000006,104.5,42.93269999999999,4.0,104.5,2930.4166666666665,-0.1312085483333333,-13.803533333333334,4.838971666666667,118.681,0.9517202916666667,-388.3685333333333,321.75300000000834,-4.379875,-0.7854708333333332,-5.879755,-3.1270936666666667,-3.5142545,-185.86950000000002,2768.1783333333333,-19.467299999999998,1944.8500000000001,72300.07833333332,-3.209502333333333,0.3849010333333333,-3.539013833333333,-1.9567214999999998,-2.3438820000000002,0.6783348333333333,2916.235,-6.008030000000001,2092.9,0.5826746666666667,1.0036396666666667,-0.005169881666666667,5009.135,-0.0016411050000000001,0.6200648333333333,7.714228333333334,2.4455033333333334,118.43166666666667,87.16321666666666,0.3948588333333333,7.331611666666667,2.6506666666666665,117.97333333333334,135.91150000000002,0.4583033333333333,-48.748133333333335,0.7178971957627965,-0.01683878245528787,-284.1059602649011,-0.0013959601214729282,-4.290000000000006,76.7039764288658,0.0,0.0,76.7039764288658,166.6412413139879,0.1780044153973554,0.8725747203917081,5.9548054034751345,0.13772871886429397,2.1336528194074598,984.0605204032842,250.20272520017355,1.94776620360607,1.8778524521016464,1.9769643145059548,2.291101824352699,1.4794630481379045,23.157683863029135,82.02786780519581,5.579641039350113,190.0027989267527,168891.0051211856,2.0326602215246568,1.9128194084047154,1.8855848246282019,2.1987598041144696,1.4942145593909866,0.0973244071595952,78.02021526501964,6.151098847354024,175.77356035536192,0.0194993969821291,0.003715391589949421,0.005300366546375512,202.20434068041186,9.893065910020001e-05,0.009941059509260898,0.19672465055672797,7.616785171881026,0.1798173147020817,0.4910898631275797,0.03469315081347712,0.2042001637038194,8.380757850432541,0.16056234510826353,0.5893826431105852,0.1294305688957082,0.18838860545867794,0.06007316186954646,0.14065810183765798,0.0,0.011660765940104414,-4.290000000000006,31.31426724886491,0.0,0.0,31.31426724886491,68.03100188721162,0.07266999828098968,0.3562271379018981,2.431039126013698,0.05622751402412601,0.871060115966497,401.74102516762014,102.14483483237055,0.7951722228454666,0.7666300533138704,0.8070923017051188,0.9353384030706271,0.6039882602067553,9.454084848184232,33.48773680186694,2.2778789157166957,77.56831784519589,68949.46411544755,0.8298300605313382,0.7809052534473229,0.7697867811790663,0.8976399311703905,0.6100105394575847,0.039732522843313696,31.85161950356686,2.5111755889065184,71.75925552382314,0.007960595483030413,0.0015168022650006651,0.002163865581389652,82.5495764071507,4.0388272452119866e-05,0.00405842055005529,0.08031250228188502,3.10953952525093,0.07341011132292732,0.2004865970859669,0.01416341951040701,0.08336436774452524,3.4214300652306844,0.06554930290331738,0.2406144564789695,0.052839808485438115,0.07690932612137644,0.024524765636001263,0.05742342961511582,0.0,0.0047604877605468675,1
-4.260000000000005,135.5,42.962700000000005,4.0,135.5,2887.8333333333335,-0.09320823333333333,-13.668433333333333,4.841858333333334,118.70400000000001,0.17074061833333334,-65.56591666666667,273.34466666666765,-3.7924683333333333,-2.760521333333333,-6.018165,-2.339636666666667,-3.248366666666667,-163.74699999999999,2785.5333333333333,-22.285845,1915.0433333333333,5987.928333333333,-2.761397666666667,-1.7294501666666668,-3.956023333333333,-1.3085651666666667,-2.217293,0.7078661666666667,2915.9616666666666,-10.42853,2045.4733333333334,0.5877795,1.0063549999999999,-0.009717666666666666,4961.4366666666665,-0.0016937683333333334,0.6213495,7.7989299999999995,2.3391016666666666,118.46416666666666,87.59141666666666,0.38757250000000004,7.39127,2.5867066666666667,118.03416666666665,136.273,0.4300386666666667,-48.68148333333334,0.7020554672997944,-0.05326480524959485,-282.11920529801364,-0.004415731612656263,-4.260000000000005,76.7039764288658,0.0,0.0,76.7039764288658,131.31874072906228,0.1520093996859307,0.38652753416369573,6.050619035356355,0.140144211439496,0.3731479759585469,229.6282955404008,252.0686889041676,1.5960586494915114,2.1092232518865015,2.3469500267687846,2.0225128153636667,1.3468516431688633,36.193982444599825,64.85700907894739,9.860550479367264,98.4065789806081,6617.717032099262,1.4908468676777862,2.2727632783827194,2.711993638205419,1.9653526656955405,1.4231156047999756,0.16797964908930685,87.54316133580423,9.96849280795447,90.30346652630041,0.013218122540663615,0.00610792517963348,0.009600017414787677,121.89316792448469,0.0001222444155643384,0.026011146770182986,0.14145085832189214,7.655436969833707,0.16107193010163764,0.37870598842197506,0.024712354908021233,0.20846674842765703,8.445498177388156,0.18358694579589768,0.41807367771721377,0.07899938316636827,0.1297723763621022,0.039352198537249236,0.11403809862332881,0.0,0.009453928063354293,-4.260000000000005,31.31426724886491,0.0,0.0,31.31426724886491,53.61065140850693,0.06205757755621928,0.15779920503954117,2.47015487743234,0.0572136347385804,0.1523370232751274,93.74535909649934,102.90661132459374,0.6515882151349714,0.8610867867892941,0.9581383362324739,0.8256873993134716,0.5498498808321333,14.77613145808695,26.477763081079512,4.025552876234311,40.174317639230374,2701.671665128113,0.6086356850728613,0.9278517230287899,1.1071667665462346,0.8023518659288005,0.5809845127920364,0.06857740457342912,35.739345957144224,4.069620147348726,36.86623583232282,0.005396275930367774,0.0024935500128665518,0.0039191906980103825,49.762677424395456,4.9906073672895204e-05,0.010619006201931836,0.05774707109455855,3.1253190556884665,0.0657573401057084,0.15460607236169882,0.010088776644535924,0.08510619366415119,3.4478601930343857,0.07494905677265712,0.17067786421599254,0.032251363125369525,0.052979350799261256,0.01606546777882653,0.0465558588107234,0.0,0.0038595499700327294,1
-4.230000000000004,109.5,42.99269999999999,4.0,109.5,2820.236666666666,-0.18951886666666665,-13.68775,4.981178333333333,118.57,0.29378410666666666,-76.34998166666666,177.3629791650001,-5.1845083333333335,-3.419595166666667,-6.369136666666667,-3.8343233333333333,-3.715965833333333,-197.8551666666667,2721.0833333333335,-20.700599999999998,1942.3516666666667,5280.378333333333,-3.9386666666666668,-2.173754833333333,-3.8774541666666664,-2.588485566666667,-2.4701216666666665,0.764879,2878.683333333333,-6.373435000000001,2099.9533333333334,0.5784086666666667,1.0043525,-0.0065330883333333326,4978.635,-0.0016884283333333334,0.613027,7.694626666666667,-2.4697483333333334,118.33166666666666,87.45453333333334,0.39172199999999996,7.37058,-2.7122949999999997,117.89999999999999,136.185,0.4316681666666667,-48.7304,0.7298142090262553,0.02913281774727504,-280.13245033112605,0.0024151539405726885,-4.230000000000004,76.7039764288658,0.0,0.0,76.7039764288658,234.9603026612509,0.18615921311672615,0.8637365819507702,5.847761672214135,0.0777251568026703,0.2745949356831773,189.90133238104573,212.08589652568025,2.3899795982678738,2.8774511138964938,2.7323855692684855,1.790336997189821,2.7996398094155195,47.44517340432711,159.8532320182069,12.214180000311114,156.38266840243722,2236.98872896952,2.1054211221764323,2.7455673513436465,2.776862184096317,1.8503218534608747,3.049336116635335,0.15834130286567683,190.2695314196853,14.204675238128818,173.96744634174135,0.014686308667145273,0.008665708736162339,0.013057287042604856,335.09657114032063,8.187571982380776e-05,0.03379163920853796,0.20106193072450754,7.591144791669874,0.14996621841824326,0.3994685703114411,0.042011704312012864,0.2526028393347945,8.383517957179432,0.11158673756320445,0.3572970752749097,0.20309852672968035,0.17216414260815247,0.04404935538067598,0.11969459755201393,0.0,0.009922860241352657,-4.230000000000004,31.31426724886491,0.0,0.0,31.31426724886491,95.92214188832752,0.0759991805090014,0.3526189829925022,2.387338705721522,0.03173116239072584,0.11210291306269153,77.52689430137175,86.58370468810472,0.9757050852363695,1.1747144981415818,1.1154917375419884,0.7309020184569504,1.142948166108461,19.369410933078083,65.25980869655622,4.986418104544918,63.84295703347216,913.2468243887362,0.8595345738350366,1.12087317753944,1.1336492395110702,0.7553907334833286,1.2448862566660903,0.06464256620473334,77.6772109294468,5.799034382560456,71.02191256537972,0.005995660406586672,0.003537760777196037,0.005330615113239382,136.80260230833815,3.342562264856774e-05,0.013795378938857267,0.08208318949564386,3.099071883862884,0.0612234522965781,0.16308236092368927,0.017151206464852554,0.1031246773247477,3.4225568740916006,0.045555094848617944,0.14586592016872008,0.08291462633312119,0.07028571689895496,0.017983074030196135,0.04886511482836977,0.0,0.004050990730044057,1
-4.200000000000003,133.5,43.02270000000001,4.0,133.5,2844.0483333333336,-0.07622784666666667,-13.4746,7.227448333333334,118.56599999999999,0.04539912833333334,44.66576166666667,174.16771500000402,-2.9411618333333336,-3.6259108333333336,-5.896263333333334,-4.466825,-2.064642166666667,-197.7125,2759.5383333333334,-12.984681666666667,1851.1716666666669,3428.2833333333333,-1.6962166666666667,-2.38097,-3.4063813333333335,-3.221882166666667,-0.819699,0.7064195,2917.023333333333,1.3321783333333335,2008.6566666666668,0.592209,0.9993263333333333,0.0010514600000000004,4925.681666666666,-0.0016404716666666666,0.6257683333333334,7.656,2.5564966666666664,118.31866666666667,87.10138333333333,0.37452250000000004,7.364515,2.8425500000000006,117.907,135.66766666666666,0.41165383333333333,-48.566300000000005,0.6888545553856119,-0.09189835096126608,-278.1456953642386,-0.007618510038459765,-4.200000000000003,76.7039764288658,0.0,0.0,76.7039764288658,216.79974893128153,0.11484470273533832,0.581277520638808,0.3383653454133068,0.12918204209563727,0.08483196379632396,97.33959881559619,248.04541705681254,2.1689013967371054,1.9930894480389398,2.329276857418771,2.0194993035378843,1.3163809684449888,20.752798816063347,137.71005445016246,6.342871285789793,99.17865726388244,664.3302187516887,2.082090812828938,1.9797168031735244,2.261991496771521,2.136519124774727,1.267722078525889,0.15695705693437298,139.3040108061023,7.187756728085382,99.3371655860316,0.008038187905243336,0.004352934672915138,0.006764674718302425,224.44724060826985,0.00016643985405144604,0.03670120211473554,0.25840940068039253,7.551476987677753,0.11192616613940833,0.27363279347816616,0.0306938057382919,0.22908218296061345,8.38216976764847,0.13222707740853534,0.3153040860291318,0.0525780654167369,0.2099207088402638,0.023068556839579202,0.08804743707998652,0.0,0.007299263547582708,-4.200000000000003,31.31426724886491,0.0,0.0,31.31426724886491,88.5081268741904,0.046885153560532404,0.23730555408586623,0.13813707381719703,0.0527383478441747,0.034632504196541576,39.73872481090541,101.26411747083965,0.885450287402608,0.8136753599034615,0.9509232950582526,0.8244571382623033,0.5374102799668311,8.472294638998342,56.219894308964314,2.589466359056008,40.4895172784814,271.21167610886107,0.8500100149279289,0.8082160004981753,0.9234541616007682,0.8722302802326312,0.5175453713414893,0.06407745016969699,56.87062426635076,2.9343893965109866,40.55422803002308,0.0032815764707428917,0.00177707813871848,0.0027616668892910794,91.6302022776575,6.794878588155771e-05,0.014983203021309502,0.10549519606756165,3.0828775706966445,0.04569366598458776,0.11171012015231262,0.012530693720487578,0.09352240956940033,3.422006478020364,0.053981478305067436,0.12872235409766383,0.021464905322279997,0.08569977051700003,0.009417698893226665,0.035945215667629045,0.0,0.002979911864945833,1
-4.18,132.5,43.0427,4.0,132.5,2922.721666666667,-0.10922049983333333,-13.525783333333335,7.440300000000001,118.62666666666667,0.19732852666666667,-91.30242161666666,143.28733333936916,-3.0343485,-2.27982,-7.639995,-4.737305,-3.05488935,-162.69883333333334,2798.2983333333336,-18.27345,1964.3,4769.798333333333,-2.0098781666666667,-1.2553493333333334,-5.591048333333333,-3.71283,-2.0304173333333333,0.6038491666666667,2927.895,-6.492041666666666,2093.895,0.5840876666666667,1.0039418333333334,-0.005838025,5021.788333333333,-0.001667465,0.6046153333333334,7.811525,0.04540166666666664,118.41316666666667,87.52476666666666,0.381305,7.523421666666667,0.018936666666666824,117.95583333333333,136.30033333333333,0.4576481666666667,-48.77555,0.7133458950720196,-0.02868855103012895,-276.82119205298017,-0.0023783235686571183,-4.18,76.7039764288658,0.0,0.0,76.7039764288658,360.54906470086235,0.15581465025731941,0.9083364407897913,0.15888301558064666,0.18217427553490637,0.2711921367983553,132.13536789555224,226.36863599136476,1.602453612785562,0.9913863416650442,2.3023121227995995,1.1338700568010431,2.3058164232989613,9.960089505956597,131.2722394745617,8.323029317442057,242.3094700584357,2651.6480509254366,1.6312559641462057,1.017314127411129,2.364476663918819,1.1352335691477766,2.2758440168382954,0.14691682387584704,131.41101030735618,8.566925269872305,242.56722851613753,0.017325635822868543,0.005075036646829968,0.007259658594021485,371.64874225088784,0.0001116564073844399,0.019866266047414805,0.14752693093127126,8.208785849784162,0.19821646416649538,0.4595333052855547,0.046342893375360183,0.09391591503396365,9.005370072801377,0.22460046007670298,0.693522217860884,0.17809650411102027,0.27383391864413154,0.05152622908632651,0.15072974933581096,0.0,0.01249572050420587,-4.18,31.31426724886491,0.0,0.0,31.31426724886491,147.1935392924718,0.06361106459677536,0.37082679911846217,0.06486371949454231,0.07437233655361826,0.11071372623517063,53.94403805317281,92.41460865811115,0.6541989479673468,0.4047317791739775,0.9399149882471639,0.4629005122971891,0.9413456129353001,4.066189513673843,53.59166735085265,3.3978624903263324,98.92242691456097,1082.5307837021437,0.665957458671669,0.4153167533803299,0.9652935558865557,0.4634571638817694,0.9291094292366452,0.05997854218769501,53.648320306107244,3.497432595957037,99.02765636427036,0.007073161205885547,0.00207187503510979,0.0029637432103605628,151.72496367696982,4.558353743403425e-05,0.008110369151757378,0.060227617350071885,3.3512227899583333,0.0809215326377633,0.18760368629403618,0.018919406995639876,0.03834101175996507,3.6764269372155955,0.0916927538637111,0.28312925984041265,0.07270759334091438,0.11179222915748725,0.021035494938542173,0.061535162488391415,0.0,0.005101356533956287,1
-4.160000000000004,116.5,43.0627,4.0,116.5,2799.0616666666665,-0.009709683333333335,-13.416733333333333,7.263233333333333,118.6305,-0.03528365,-23.448233333333334,159.5059670770008,-4.666486666666667,-2.758876666666666,-7.957981666666666,-3.2215045,-2.7510376666666665,-183.96316666666667,2783.3799999999997,-25.579400000000003,1862.8533333333332,3338.7466666666664,-3.50812,-1.6005106666666666,-5.641258666666666,-2.0631346666666666,-1.59267135,0.5451705,2929.9133333333334,-12.258186666666667,2009.3883333333333,0.5937578333333333,1.00746,-0.011481433333333332,4939.298333333333,-0.0017161583333333331,0.6205124999999999,7.710541666666667,7.412588333333333,118.37516666666666,86.97856666666667,0.3743365,7.445553333333333,5.42433,117.88516666666668,135.61749999999998,0.48967199999999994,-48.63896666666667,0.6850141982068965,-0.13699160511333927,-275.4966887417221,-0.011356807905950185,-4.160000000000004,76.7039764288658,0.0,0.0,76.7039764288658,344.47176043424327,0.015377014749674485,0.9449902108840424,0.18793285701725132,0.12176493748202216,0.11922187406099186,59.34547731093471,247.4401041913971,1.3234612460463913,1.9995700438811006,3.1471450726867776,2.225744337639321,2.4974770122811276,36.43002310960929,176.4128414826992,4.797788583503864,209.36611671105402,246.31095393154303,1.1889626435342704,1.868681523362038,3.108261721974304,2.094866561339568,2.278870484163112,0.1727513110951694,188.33047726447955,5.63123538604689,209.74982282868967,0.014514341037975739,0.00369854025258616,0.00553390304991212,382.9447950510187,0.00011327298149455883,0.02515714258615238,0.1499436754807171,0.0916637198496037,0.10796002346547136,0.4061874969354327,0.04133613304966973,0.19064853282065058,6.629668946154099,0.13476114672511003,0.4215323237902376,0.12323631742307137,0.13533996699669637,0.04051317350316633,0.21668220161935584,0.0,0.01796327693506071,-4.160000000000004,31.31426724886491,0.0,0.0,31.31426724886491,140.6300073103572,0.006277639983992216,0.38579063809849573,0.07672326759928245,0.0497103275654747,0.0486721262712979,24.227689658951064,101.01699952833802,0.5403007911936132,0.8163210520772108,1.2848165957661468,0.9086563208508759,1.0195907207365664,14.872494656057015,72.0202409511844,1.958688987222491,85.47335922834543,100.55602586507575,0.48539196664826123,0.7628860373339592,1.2689425343102727,0.8552256924167898,0.9303449793481463,0.07052542742999388,76.8855953854672,2.2989422195532545,85.6300065949107,0.005925454915963087,0.001509922735330084,0.0022592064597193808,156.33655792161275,4.624350105089843e-05,0.010270360453752354,0.06121424918087101,0.03742155692615918,0.04407449501821722,0.165825351231686,0.016875405651914456,0.07783193760347427,2.706551013608771,0.055016007771475986,0.17208985056262407,0.05031101591103086,0.05525231015783693,0.016539433823933528,0.08846013838504811,0.0,0.007333477099867475,1
-4.140000000000001,129.5,43.08270000000001,4.0,129.5,2816.3333333333335,-0.04950391666666667,-13.45705,2.39669,118.63466666666666,0.07635846616666667,14.305158333333333,86.84541534616709,-4.425666666666667,-2.6703498333333333,-6.810928333333333,-3.16724445,-4.982715,-196.31345,2727.27,-15.187411666666668,1905.8083333333334,3295.5316666666663,-3.1895366666666667,-1.4342180000000002,-4.338665,-1.9311101666666666,-3.7465806666666666,0.7129675,2883.64,-0.9718995333333336,2062.1833333333334,0.5836116666666666,1.0007296666666667,-0.0014320768999999997,4945.821666666667,-0.0016829,0.6144036666666667,7.726805,2.4493016666666665,118.37466666666667,87.0224,0.386274,7.338583333333333,2.7457433333333334,117.984,135.772,0.3905935,-48.74975,0.7144590539444677,-0.01818949555749403,-274.1721854304636,-0.001507936247492579,-4.140000000000001,76.7039764288658,0.0,0.0,76.7039764288658,298.47873617171916,0.051980727657600825,0.49529203405667616,7.45024491033684,0.13347159498060382,0.08104324144834052,53.508396598855555,202.5323601801487,1.0693959859222713,1.29291962961824,2.328569367671203,2.7018707987292836,2.0695805498868607,57.566682464903245,52.87362972219701,7.562331487869113,162.12799948394667,208.90951174292346,0.8228743143558843,1.339499551683389,2.374319858559499,2.8832498297096922,2.235878148233187,0.12376382586967807,61.64561914686227,10.753653510372358,171.91206422664672,0.015253904361397659,0.006611432300694529,0.009893601818666206,229.11960399901793,0.00016870562539524284,0.016092428265077532,0.07139424255498455,7.581675303861059,0.06947421584060216,0.38251533302601276,0.0350029632745572,0.17422253616184835,8.392567340480902,0.19043844149750955,0.48109666388368255,0.1830060929398254,0.16181157869571675,0.04549977952857587,0.1322377410970182,0.0,0.01096270550529797,-4.140000000000001,31.31426724886491,0.0,0.0,31.31426724886491,121.85343378191872,0.02122104320328318,0.20220212618400749,3.0415497481821117,0.05448955047631663,0.033085764774935106,21.84471143694516,82.68348980715706,0.4365790830816846,0.5278322284988174,0.9506344635782872,1.1030341346354622,0.8449027214685724,23.50149970397279,21.585568944706225,3.087308901843607,66.18847862564729,85.28695103068883,0.3359370321024132,0.5468484020518545,0.9693120232713165,1.1770818139592059,0.9127934317017063,0.0505263703325633,25.166718631292905,4.390160661850234,70.18280633064235,0.006227380378439858,0.002699105934276106,0.004039046029000645,93.53768664435634,6.887378315924477e-05,0.00656970632863025,0.02914657747203482,3.0952059816533666,0.028362729848243267,0.15616123078408495,0.01428989991800736,0.07112605254835315,3.4262512693541773,0.07774616817996066,0.1964068905783811,0.07471192458715455,0.06605930037978519,0.01857520720902377,0.053985831737660604,0.0,0.004475505781396676,1
-4.1200000000000045,110.5,43.1027,4.0,110.5,2675.616666666667,-0.08479411999999999,-12.979783333333332,2.4669416666666666,118.75333333333333,0.03051067,41.86875166666667,83.50298000074709,-3.9000951666666666,-3.0507033333333333,-5.212966333333333,-2.1110855,-3.4838383333333334,-176.37333333333333,2632.8650000000002,-23.950366666666667,1829.8833333333332,3968.1316666666667,-2.789519,-1.9401266833333333,-2.991819166666667,-1.0005084999999998,-2.373263166666667,0.8184961666666667,2773.353333333333,-11.178771666666668,1970.3733333333332,0.5851891666666666,1.00714,-0.010517871666666666,4743.7266666666665,-0.0016845683333333334,0.5930385,7.736305000000001,2.477395,118.51133333333333,87.34923333333334,0.3676896666666667,5.069653333333333,2.7210716666666666,118.00716666666666,135.8275,0.50407,-48.47801666666667,0.710097611016041,-0.043909210403026734,-272.8476821192056,-0.003640138878849937,-4.1200000000000045,76.7039764288658,0.0,0.0,76.7039764288658,211.9966934333333,0.11547792726053026,0.7929144731095948,7.513376104853043,0.11656872079021191,0.281542001308711,138.73006581205047,204.02823652092053,1.9234666949006856,1.7165527657449586,3.6483664802627307,1.5855955799852308,1.2183842976732204,58.14726075978701,83.21366756729347,12.144144529882157,157.00466944223874,1657.2892073795292,1.8859104048787685,1.9108137680589814,3.8599061459761126,1.6817964792922775,1.2832070074232633,0.2663990809086373,90.34136365290631,15.06260720948723,166.48805778994085,0.017337194506801445,0.009594329387716434,0.013710163661747321,231.64403568118604,0.00010873368501373743,0.020996689917698957,0.1549626777969458,7.626040151564244,0.12037220055588659,0.6324931356676273,0.04082245626449569,6.021911444628413,8.401798801757673,0.11344675696848469,0.7796213824671584,0.16759565237439783,0.1541198159441734,0.050573014708770056,0.17914411862869675,0.0,0.014851313998866017,-4.1200000000000045,31.31426724886491,0.0,0.0,31.31426724886491,86.54728767814997,0.0471436663904218,0.3237059781310468,3.0673229504182924,0.04758898098416338,0.11493904072805596,56.63631220370882,83.29417876602251,0.7852519899573817,0.7007797321063953,1.489439378552921,0.6473166848960278,0.4974033066531066,23.73851980033951,33.971837527575765,4.957826243470464,64.09688789463787,676.5854857169033,0.769919698759769,0.7800864542048915,1.575800085445706,0.6865905375792158,0.5238670670917968,0.1087569693620955,36.88170726947317,6.149283643201819,67.9684649753922,0.007077880018841166,0.003916868570682436,0.00559715087688812,94.56828156299429,4.4390341022694465e-05,0.008571862764300428,0.06326324829630554,3.1133178548848814,0.049141745096313964,0.25821424136643706,0.016665697982516183,2.4584350525943215,3.4300199976389028,0.04631444459105322,0.31827909660129095,0.06842063857102378,0.06291915138581401,0.020646346798459173,0.07313528017682093,0.0,0.006063023551179089,1
-4.100000000000001,119.0,43.1227,4.0,119.0,2902.754,-0.1809930362,-13.70226,7.291516,118.465,0.074417102,-22.10933999999999,78.26654260013888,-4.41005,-3.7142880000000007,-5.902048,-1.3033584,-3.145952,-183.4882,2734.998,-19.6404,1907.1860000000001,4633.7919999999995,-3.2546720000000002,-2.5589142000000002,-3.591296,-0.1479807999999999,-1.9905713999999999,0.62749172,2881.156,-6.3535379999999995,2053.3419999999996,0.5838326,1.0039468,-0.005834674,4934.496,-0.0016106780000000002,0.6221324,7.678492,1.3461319999999997,118.24100000000001,86.99372,0.3921972,7.309182,1.5150600000000005,117.78920000000001,135.7126,0.45192879999999996,-48.71908,0.7130905112393908,-0.006591734020077259,-271.52317880794715,-0.000546464558694661,-4.100000000000001,64.82669203345178,0.0,0.0,64.82669203345178,227.84106693043742,0.18638868994702404,0.6980399078849293,0.23743129686290285,0.13439308017899887,0.14631764174787512,351.67237431688886,120.32449088317972,1.4540579104526752,1.5610158674625958,2.1538900385279653,2.3365687499435577,1.1095658468833656,23.69997541559907,114.73200325105462,7.497096986834304,89.23837784271964,2575.6192885925516,1.506124435918228,1.5552826631108572,2.333179679156751,2.412348463969437,1.1592888209198773,0.34466370847188427,111.74245871646113,7.0436825390253075,72.81293820469013,0.008255839799802305,0.004394223617432336,0.006498978448758698,164.829277830123,0.00013718246451350846,0.030471366211576357,0.12194464162069613,8.04820590774242,0.14730750150620184,0.41562203623003635,0.028477972622713146,0.19426695439523414,8.820421978706575,0.16086547174580298,0.45448465320623993,0.16057964459793775,0.08297389348463825,0.024010520273269872,0.08034415219942856,0.0,0.006660649768578315,-4.100000000000001,28.991378028648448,0.0,0.0,28.991378028648448,101.89362274450748,0.08335555619173549,0.3121729370076787,0.10618250395427667,0.060102412597164215,0.06543523865114198,157.27266695626292,53.81074819456872,0.6502744661986968,0.6981075187204332,0.9632489084416342,1.0449453117951006,0.4962129318286657,10.598951218870669,51.309711692817004,3.35280369929407,39.908615811626426,1151.8519626905188,0.6735593242573368,0.6955435517885562,1.043429673263129,1.0788350301705725,0.5184497218264852,0.15413829630406067,49.972746732594196,3.1500305938377804,32.56293589343572,0.003692123800741242,0.001965156543382747,0.0029064315191461164,73.71389398207081,6.134986319463151e-05,0.013627209243274993,0.05453530163114533,3.5992671013254904,0.065877917392704,0.18587182519144835,0.012735736529152913,0.08687882316191903,3.9446126269242208,0.07194122601123745,0.20325171585991406,0.07181340022474914,0.03710705323789561,0.010737831101233651,0.0359309971825023,0.0,0.002978733131371871,1
-4.080000000000005,103.5,43.1427,4.0,103.5,2842.7000000000003,-0.10998866,-13.625316666666668,4.952928333333333,118.59566666666667,-0.39268604,-27.947895000000017,312.0691833333461,-4.923203333333333,-4.2857449999999995,-7.106661666666667,-3.084068333333333,-3.645913333333333,-184.84066666666664,2787.1666666666665,-19.262833333333333,1911.4283333333333,27358.453333333335,-3.759310333333333,-3.121852666666667,-4.778875,-1.9201753333333336,-2.48202,0.6856611666666667,2934.4,-5.878056666666667,2058.6600000000003,0.5882951666666666,1.0035735000000001,-0.005529026666666666,4993.06,-0.0014223198333333331,0.620197,7.7403,4.9657,118.3205,87.10701666666667,0.3290866,7.260278333333333,4.179497256666667,117.7505,136.50266666666667,0.5700783333333334,-49.39554999999999,0.7002608737727432,-0.05311135860931283,-270.19867549668913,-0.004403010657849912,-4.080000000000005,76.7039764288658,0.0,0.0,76.7039764288658,379.6283045295753,0.1411887602139989,0.9017835558861492,5.929627470910519,0.1046244076048536,1.3684978365770957,772.126457802026,225.78771888885387,1.9884145567528582,2.3533155970396327,1.7781558289128285,1.2991434831059525,3.1146091805275775,42.835631274286904,173.3333448205125,5.910029114536296,203.95969194099757,47875.73891299628,1.8170188312487758,2.234916132685669,1.6264054257502956,1.3045548752837757,2.9586388580899836,0.09792917024342981,173.99719629925082,7.972225956601248,206.04301356755587,0.01023307764881451,0.00471851263641418,0.007227101673112581,377.74985278620574,0.0007633496334316055,0.024611900178572156,0.2236015224456219,5.979543925404345,0.11533906536815085,0.8131774453750369,0.1285763089854426,0.44211094926123107,6.767538437526315,0.14334678231478007,1.7796792594921857,0.22050240056531506,1.6725194345657088,0.02994174977021928,0.09670470513020947,0.0,0.00801696395086916,-4.080000000000005,31.31426724886491,0.0,0.0,31.31426724886491,154.9826063358939,0.057640069990077335,0.36815159505894385,2.420760278086779,0.042712735545475874,0.5586869022860942,315.2193064195952,92.17745024410986,0.8117668435278143,0.9607370694133751,0.7259290773320155,0.5303731060452737,1.271533873413437,17.487573238668013,70.76304170335752,2.4127592826011006,83.2661955584484,19545.188565924975,0.7417948315979591,0.9124006904990324,0.6639772346637095,0.5325822976508994,1.2078592559151915,0.03997941633842483,71.03405793467434,3.2546476179740944,84.11670805097721,0.00417763645631249,0.0019263247173482243,0.0029504519030567355,154.21573162294442,0.00031163618287466946,0.010047766172969328,0.09128493928354224,2.4411385852999006,0.04708697626024733,0.33197830191813016,0.052491058337460365,0.18049103923125326,2.7628359977686006,0.05852107882350448,0.7265510152616785,0.09001972807396783,0.6828031999290375,0.012223668157188785,0.03947953054921998,0.0,0.0032729118276527513,1
-4.060000000000002,125.5,43.1627,4.0,125.5,2797.9500000000003,-0.06116185999999999,-13.426400000000001,2.4887333333333332,118.58583333333333,0.0633483255,0.5282100000000014,203.93216666666873,-4.379033333333333,-4.349123333333334,-7.222205,-4.461903333333333,-2.8049976666666665,-183.42516666666666,2682.9150000000004,-26.23296666666667,1877.3116666666665,3323.77,-3.2240533333333334,-3.1941478333333335,-4.912253333333333,-3.3069249999999997,-1.6500173333333334,0.7111681666666666,2829.0183333333334,-12.950715166666667,2023.4166666666667,0.583724,1.0081296666666668,-0.012298849666666667,4852.435,-0.0016595400000000001,0.622472,7.612196666666667,4.890348333333333,118.38,86.95623333333333,0.38586766666666666,7.3191500000000005,5.448461666666667,117.94850000000001,135.71533333333335,0.4316976666666667,-48.759233333333334,0.7140987901061914,-0.016309494989124287,-268.8741721854306,-0.0013520814029538356,-4.060000000000002,76.7039764288658,0.0,0.0,76.7039764288658,311.6258526502576,0.15449259009187502,1.0828893129032164,7.411353646525489,0.21700084485242782,0.1663751315949247,51.81372250223564,245.13827038666497,2.283520287211538,1.7778719577704876,2.545075247993662,0.8810921923083117,1.4147318320334303,32.51295478677178,139.27214376895316,12.214558139149641,200.28674129024782,499.41252567391615,2.178998611387044,1.845773179589563,2.228805004370429,0.8060170344291737,1.302774813669295,0.0651572209948112,142.12051455249767,11.93182474047772,206.23828913823587,0.014901122293303946,0.007339069196203757,0.010927670183629841,336.1283242304939,6.84603832884392e-05,0.040722062555818554,0.23769219311257733,5.929562126394888,0.22298789204798086,0.530845705141028,0.03960674062664924,0.2724582547106985,6.550021726481269,0.25011097536893406,0.4972692094496379,0.10846614675495145,0.10850322883060497,0.04516239665076703,0.11515055194905005,0.0,0.009546152099375324,-4.060000000000002,31.31426724886491,0.0,0.0,31.31426724886491,127.22072160881135,0.06307133579434232,0.44208771075432535,3.025672456217148,0.08859022394021764,0.06792236304932825,21.15286363410669,100.07727981262418,0.9322432534936598,0.7258131874234428,1.0390226190953047,0.3597043812509255,0.577561851892457,13.273358209628451,56.85761460291248,4.986572479079305,81.76671973432168,203.88430984261637,0.8895724580218922,0.753533745151488,0.9099058328115303,0.32905507639046283,0.5318555905398674,0.026600324082507794,58.020457105901734,4.871147052414456,84.19642896887669,0.006083357702234294,0.002996162452946181,0.004461202671219811,137.22381374358218,2.794883444200612e-05,0.016624712422575412,0.0970374314948161,2.4207336012999816,0.09103442572272862,0.2167168516239086,0.01616938415167518,0.11123061670841042,2.6740351723371387,0.10210737812061667,0.2030093046581313,0.04428111898591141,0.04429625767990381,0.01843747122592653,0.047010015979169935,0.0,0.0038972002750779933,1
-4.040000000000006,113.5,43.18269999999999,4.0,113.5,2766.1133333333332,-0.19718525166666667,-13.548066666666665,4.741648333333333,118.5745,0.06781179,-113.66653333333333,312.14321666673953,-4.342038333333334,-3.625291666666667,-6.538531666666667,-4.657709666666666,-2.743815,-190.36166666666668,2731.435,-19.307816666666668,1909.9399999999998,4846.346666666667,-3.14338,-2.4266366666666666,-4.141216666666667,-3.459050333333334,-1.5451566666666665,0.7388013333333333,2883.066666666667,-5.5232335,2061.57,0.5840553333333334,1.0033955,-0.005124728166666667,4944.636666666666,-0.001723505,0.6092766666666667,7.704698333333333,-0.00020999999999989546,118.34783333333333,87.13788333333332,0.38163166666666665,7.488005,0.00706333333333357,117.97516666666667,135.8015,0.372865,-48.66356666666667,0.7139970168956228,-0.04303001185324573,-267.5496688741726,-0.003567252010834981,-4.040000000000006,76.7039764288658,0.0,0.0,76.7039764288658,334.42312244620075,0.1966451603531173,0.8980125515084232,6.152977889917748,0.1789131074013354,0.19070662310680989,337.0587707157057,234.81266275741413,1.7824234488966606,1.470261469146446,2.4675196476738877,3.041590755191215,2.261288293205888,17.33197458648802,93.28173299204943,3.5863857552787968,227.18310667829155,2270.8076316030533,1.7740433090316594,1.5205604485276696,2.479662030565187,3.05654641152407,2.261962265517855,0.0927440629812317,89.2621054348746,4.4237528587082595,227.1500433634121,0.020798934421423304,0.002747450727492646,0.0041703163719449595,303.81858459723435,0.00012230440789276565,0.019647269832388035,0.1623813492266483,8.087261399870785,0.15378090475305123,0.5257227954603727,0.04423727479249446,0.20491226998401044,8.895560457964786,0.203425088587095,0.6172904502744129,0.06205723579728636,0.23854987458949994,0.06168806011594242,0.19943613427919868,0.0,0.016533552290596533,-4.040000000000006,31.31426724886491,0.0,0.0,31.31426724886491,136.5276680302486,0.08028005054215236,0.36661208896840547,2.511942704820868,0.0730409702381727,0.07785565286349137,137.60366693053803,95.86186814998192,0.7276713258947645,0.6002317313139243,1.0073606778488582,1.2417242260975037,0.9231670799472504,7.075748995296854,38.082108025510706,1.464135853536519,92.74711492368196,927.0533335742401,0.7242501481210295,0.6207662036583859,1.0123177849063887,1.2478298472281566,0.9234422279914309,0.03786260516276068,36.44110194699265,1.8059895420022738,92.73361688190535,0.00849112942101606,0.0011216420626325694,0.0017025245295399893,124.03341777297146,4.993056543841657e-05,0.008020964321354645,0.06629190822499469,3.301610641031636,0.06278079147141931,0.21462543250458027,0.018059791808816002,0.08365508391604182,3.631597349682062,0.08304794465314143,0.25200777104419725,0.025334760425155,0.09738757849153228,0.025184045084365503,0.0814194608762043,0.0,0.006749794457930921,1
-4.020000000000003,117.5,43.2027,4.0,117.5,2710.775,-0.1661861166666667,-13.154766666666667,4.812556666666667,118.56433333333332,0.06196060166666666,9.255851666666663,192.11629866666667,-4.766866666666666,-2.021619,-6.855588333333333,-2.209738833333333,-2.9699805,-202.98533333333333,2646.5183333333334,-16.901733333333336,1823.495,3628.331666666667,-3.4887183333333334,-0.7434731666666666,-4.299294166666667,-0.9315923333333332,-1.6918351666666667,0.6046798333333333,2808.205,-2.2030381716666665,1985.1816666666666,0.5860908333333333,1.0015023333333333,-0.0023794382533333333,4793.388333333333,-0.0016104716666666668,0.60542,7.62106,0.01762666666666668,118.34666666666665,87.24916666666667,0.3754058333333334,7.32276,2.6608433333333337,117.93466666666666,136.0395,0.4121706666666667,-48.7903,0.7064249225514311,-0.02629286610000604,-266.2251655629141,-0.0021797177231961807,-4.020000000000003,76.7039764288658,0.0,0.0,76.7039764288658,424.81963992970003,0.16512266320873603,0.7985506462752795,5.958227516487321,0.130732806390237,0.1294124974467227,178.40593782584818,245.45270088867787,2.1385144846240034,2.2060946043419807,3.5275405785244582,2.7832426871547096,1.8795337234052227,21.266745822214233,187.39644664898705,5.838760273779586,159.3700183535159,1060.7286186092401,2.026331929368105,2.289133488973713,3.722418247857724,2.75336504449858,1.9170168132961605,0.4085514502450905,199.14532349518018,6.798681329472545,173.34668043163293,0.00705209981258537,0.0043818353536693696,0.006768975335524826,368.3121005026398,0.00017053587662620046,0.025752919259765528,0.10169072209400414,7.962748569155419,0.13188277623202183,0.3847778874450415,0.02990068217560709,0.2005754100581627,8.283066105508677,0.21150665868163362,0.3045631297448876,0.11818417790324841,0.11127021164714178,0.02039508503520155,0.07169559443777626,0.0,0.005943671461175188,-4.020000000000003,31.31426724886491,0.0,0.0,31.31426724886491,173.43189175677387,0.0674110449718067,0.3260069361906958,2.432436197800697,0.053371444716357436,0.05283243084728358,72.83391912600476,100.20564552754065,0.8730448824799584,0.9006343508241659,1.4401124107245162,1.1362540689769585,0.7673164294493613,8.682112625648461,76.50427898345147,2.3836639001988327,65.06253754401735,433.04064519331723,0.82724654607687,0.9345348335170967,1.5196708860794041,1.1240565724395035,0.78261883681864,0.16679043112909017,81.30073787078028,2.77555003016575,70.76848594379972,0.002879007692668506,0.0017888767922296367,0.002763422608920064,150.3627853873572,6.962098009540258e-05,0.01051358526225317,0.04151506345091297,3.250778490751271,0.0538409179383511,0.1570849147577349,0.012206902381894895,0.08188456826533323,3.3815475773730848,0.0863472318285007,0.12433737705667407,0.04824848858887822,0.045425873684497846,0.008326258599486148,0.029269603863012604,0.0,0.0024264937131036213,1
-4.0,122.5,43.2227,4.0,122.5,2484.721666666667,-0.14345032866666665,-12.573283333333334,4.79822,118.644,-0.07109673166666668,27.412783333333326,162.1812166878552,-2.1695206666666667,-2.9882311666666665,-6.1008666666666675,-3.5210299999999997,-3.701738333333333,-185.64533333333335,2544.145,-20.05125,1773.125,3600.7816666666663,-1.0005597166666667,-1.8192718333333335,-3.762945,-2.3520666666666665,-2.532779833333333,0.6344504999999999,2692.0183333333334,-6.608198333333333,1921.0,0.5839181666666667,1.004143,-0.006022413333333333,4613.018333333333,-0.0017353300000000002,0.5775345,7.767556666666667,4.889203333333334,118.413,87.22006666666668,0.35306166666666666,7.505168333333334,5.407176666666667,118.00166666666667,135.8225,0.41138716666666664,-48.60235,0.7129275226827471,-0.009314181678455357,-264.90066225165566,-0.0007721595205474248,-4.0,76.7039764288658,0.0,0.0,76.7039764288658,409.2567670505482,0.15196126163097162,1.2463065552530272,5.965169071733005,0.2811504935083701,0.32135754216421913,213.18424283423406,204.4574582268859,1.5324211401604542,1.4020059784865992,1.4723445660940464,0.7530661294202523,1.7494901299683483,21.814272517475036,198.52607161277348,5.115062103142055,191.71319065207808,757.7514218638369,1.572494857056239,1.4790685000283683,1.3648485128943797,0.8519201955738969,1.8545000913713017,0.16765818199270804,192.7261933849848,6.1327209990066125,180.95210228123915,0.009278996571109699,0.0038553700211522886,0.0055386292122100635,367.0999323027264,8.639792312318631e-05,0.04548422168950453,0.1912072668772467,6.010745053863678,0.29788856977064415,0.32437767905123294,0.04814202566434723,0.25967772360498437,6.740834079897433,0.2543176491450527,0.33055937439437066,0.14989843762817098,0.1534243364007164,0.02708487034610752,0.09005484707542881,0.0,0.007465680823209642,-4.0,31.31426724886491,0.0,0.0,31.31426724886491,167.07837550915372,0.06203792527757599,0.5088025205759543,2.435270075862908,0.11477920833786352,0.13119366721621123,87.0321026909091,83.46940779371285,0.6256083107411893,0.5723665439372697,0.6010821520816526,0.3074379599420562,0.7142263547429797,8.905639462972013,81.04792934842122,2.0882153592242356,78.26658234308351,309.3507225724729,0.6419683371564262,0.6038271866155315,0.5571970721312762,0.34779496345468325,0.7570964919674116,0.06844616618080228,78.68013897702792,2.5036728637362837,73.87338641215797,0.0037881344873755816,0.0015739482202410493,0.0022611359073979706,149.8679197919879,3.5271804414669066e-05,0.018568855747819583,0.07806003982690359,2.453876392653967,0.12161249935759065,0.13242663293730148,0.019653899676937175,0.1060129867332824,2.751933989418674,0.10382474549825628,0.13495029949330586,0.0611957809049048,0.0626352230511451,0.011057352016233774,0.036764737366528424,0.0,0.0030478514332241816,1
-3.980000000000004,121.5,43.24269999999999,4.0,121.5,2557.1283333333336,-0.17935525666666666,-12.7951,4.987936666666667,118.58483333333334,0.210312434,-75.92171666666667,212.4823333333346,-3.9531525833333334,-4.587391666666666,-4.451633666666667,-3.5527456666666666,-4.24721,-184.09166666666667,2587.8566666666666,-29.345866666666666,1765.3066666666666,5608.021666666667,-2.793975,-3.4282183333333336,-2.1332808333333335,-2.3935685283333332,-3.088033333333333,0.8737801666666667,2734.4933333333333,-16.01535,1911.9399999999998,0.5891108333333334,1.0103466666666667,-0.01564501,4646.433333333333,-0.0016853816666666667,0.5778791666666666,7.777111666666666,-2.5076816666666666,118.36833333333334,87.36786666666667,0.3592666666666666,7.384383333333333,2.8247549999999997,117.92433333333334,135.9135,0.44403333333333334,-48.54561666666667,0.6980673492114935,-0.06809643962965824,-263.57615894039765,-0.005645296172078052,-3.980000000000004,76.7039764288658,0.0,0.0,76.7039764288658,333.00806317064865,0.19531489722287756,0.6983184517109655,5.942011181519828,0.1592613156628591,0.2543515793433416,269.65159416371955,228.36601686824164,2.094875984254448,1.1752332463884207,3.1364465099179784,2.2479955188782443,1.691837587240572,22.97653977139871,118.84092202043303,4.772602301749712,167.58901380062673,3399.012200627804,2.1708636561124703,1.1474608504418207,3.2647496229426483,2.2082699597360134,1.7176757655700527,0.23144730485656267,121.60676916465914,4.935567592790113,172.08151672971732,0.012078982480601052,0.0030698707898975945,0.004331051366746878,290.90455999634406,9.928281007640076e-05,0.023806363841768572,0.15433266918143615,7.609752019130233,0.15242134583668956,0.6458696452587506,0.03158040315554356,0.17581704168443635,8.35775634092009,0.138213843976163,0.7095008809014982,0.14033421987764305,0.10187365541034667,0.03475313770285308,0.13406547444942776,0.0,0.01111422731986055,-3.980000000000004,31.31426724886491,0.0,0.0,31.31426724886491,135.94997250009942,0.07973697289336487,0.28508731411037336,2.425815906772629,0.06501815985638787,0.10383859744370283,110.08480233819388,93.23003598650135,0.8552295393056809,0.4797869637343687,1.2804489258053642,0.9177403275524679,0.6906898027334701,9.380133082448483,48.516603251991036,1.9484067307532178,68.41792838463061,1387.640920172114,0.8862513764380474,0.4684489305670837,1.3328284523588776,0.9015224359449311,0.7012381948651811,0.09448796654016026,49.64575562030571,2.0149370322254074,70.25198502533574,0.004931223948248331,0.0012532695019206418,0.0017681443163855906,118.76128930664974,4.0532037486139e-05,0.009718907340562742,0.06300604835604623,3.1066682526638476,0.062225753868029754,0.26367517853938655,0.012892645600410244,0.07177700670208488,3.4120397382941383,0.056425565521707625,0.28965252171064154,0.05729120535862764,0.041589745664578695,0.014187909055444993,0.05473200075420558,0.0,0.004537364303159832,1
-3.960000000000001,111.5,43.2627,4.0,111.5,2545.221666666667,-0.082586588,-12.724766666666667,4.932946666666667,118.58999999999999,-0.08361919833333332,-249.79961133333336,451.5925,-4.619291666666666,-3.766163666666667,-6.550846666666668,-2.976426,-3.4614883333333335,-152.9564,2594.6133333333332,-24.974466666666668,1839.915,7627.900000000001,-3.6561683333333335,-2.8030399999999998,-4.624596666666666,-2.0132980000000003,-2.4983638333333333,0.6903241666666666,2716.4466666666667,-13.898540000000002,1961.75,0.5813686666666666,1.0091583333333334,-0.013635708333333335,4678.195000000001,-0.0017707283333333332,0.5801093333333333,7.818346666666667,2.3382983333333334,118.3435,87.68835,0.3647571666666667,7.533796666666667,-0.06802833333333307,117.93466666666666,136.5085,0.4088965,-48.820249999999994,0.7209887057861737,0.0038683775787817947,-262.2516556291391,0.0003206942573857883,-3.960000000000001,76.7039764288658,0.0,0.0,76.7039764288658,331.8375595026378,0.14250203573844522,0.6596117848148766,5.982589776298109,0.16779392122481646,0.2690690783808203,529.7083839232553,118.17924460200275,2.024391708384686,2.434211775866814,2.182418944159592,2.536138202593857,1.6910146000956543,48.50081205423267,130.29169131862028,5.5070357927533635,195.18829726702353,10766.085979662246,1.948187087488434,2.509724117593087,2.35297984922665,2.715521733539984,1.7195387594515474,0.12272509452172636,138.09060035594993,6.3914116435260215,196.61401638743862,0.014569371375137254,0.004532806709607883,0.007414717323163215,325.47900975331754,0.00011610082556410468,0.01879183474455504,0.15360817109342426,7.657739455435701,0.21648163894427708,0.7461563073512213,0.03480107254908486,0.14759340793770803,8.904312960412874,0.15539326454729768,0.8317143139323743,0.18432159922347677,0.24707856847569867,0.043525422171943697,0.12437398527386093,0.0,0.010310788446373034,-3.960000000000001,31.31426724886491,0.0,0.0,31.31426724886491,135.47211637865232,0.05817621247784058,0.26928538352049086,2.442382048720288,0.06850158149025941,0.10984699126565704,216.2525421810446,48.24647457707834,0.8264544541772672,0.9937627961246308,0.8909688030291023,1.0353740855890365,0.6903538196384839,19.800373607249607,53.19136024247207,2.2482379479148653,79.68528867781465,4395.236196184076,0.7953440479709255,1.0245905805433049,0.9606000009426979,1.1086071054351643,0.701998758932446,0.050102310035510786,56.375251524445076,2.6092828771203274,80.26733607140577,0.005947920957032925,0.0018505105902005465,0.003027045671454173,132.8762493136629,4.73979635579889e-05,0.007671734409144019,0.06271027325017103,3.1262590414992983,0.08837825901581635,0.30461703689496483,0.014207478374472766,0.06025475647430486,3.6351705438437745,0.06343903460103309,0.3395459468172165,0.07524897777854969,0.10086940319046249,0.017769179193413934,0.0507754668662314,0.0,0.004209361756566341,1
-3.940000000000005,128.5,43.2827,4.0,128.5,2667.7549999999997,-0.15770739333333333,-13.164883333333334,7.328415,118.63816666666666,0.17910717666666665,-18.738433333333333,187.10236666667365,-4.773563333333333,-5.1079316666666665,-6.488133333333333,-3.7820061666666667,-4.516051666666667,-171.25400000000002,2700.435,-23.10745,1810.2749999999999,4144.62,-3.695221666666667,-4.029592999999999,-4.33145,-2.7036654999999996,-3.4377099999999996,0.7351163333333334,2836.845,-10.706523333333331,1946.6866666666667,0.5933325,1.0065933333333332,-0.01026331,4783.528333333334,-0.0017286183333333333,0.6086625,7.713111666666666,0.06650666666666656,118.41516666666666,87.14875,0.37067333333333335,7.359813333333332,0.03962500000000032,117.88783333333333,135.80616666666666,0.5272996666666666,-48.65723333333333,0.6860721142959377,-0.11841004417946166,-260.9271523178811,-0.009816368855366289,-3.940000000000005,76.7039764288658,0.0,0.0,76.7039764288658,194.41308934842837,0.16277539971554814,0.4689784106615853,0.19903137629529638,0.1072201784491429,0.33697051704950054,123.2431604686713,243.67541641629657,1.5594179140777713,2.816171914975481,2.1680194268194795,2.2635426257104516,1.1602079469718636,23.509731831733006,106.73777227392378,5.839318156343254,141.82956796803688,1499.5608638931599,1.6048101467702238,2.747903934876545,1.9013823121928948,2.3517746758996916,1.202527592032715,0.17521380477424336,102.0295031351227,5.543216845528114,135.22991128691424,0.012964579310567726,0.003287173050915719,0.005529433902778836,213.76330287649134,6.27358881077383e-05,0.01659128501051078,0.22186188364986614,8.098074461561012,0.16080225951978092,0.5010702735146048,0.01301682415440369,0.18721171188434435,8.827095679292821,0.1483757617222781,0.5301623965038109,0.1381403485570623,0.062066373074851904,0.03710522798936769,0.14837426355239586,0.0,0.012300447227822916,-3.940000000000005,31.31426724886491,0.0,0.0,31.31426724886491,79.36881137029414,0.0664527786634445,0.19145963441705172,0.08125421912122457,0.04377245455509292,0.1375676375221826,50.3138095726986,99.48007218002301,0.6366296975409733,1.1496973699410833,0.8850902246914967,0.9240874073383756,0.4736529109338515,9.597807829568863,43.575513058750495,2.38389165480173,57.90167866017933,612.1931591308961,0.655160998938005,1.121827083772272,0.7762360784709763,0.9601079909922546,0.49092983368298154,0.0715307362647539,41.65337023179119,2.26300880085734,55.207380102462594,0.005292767340122442,0.0013419827784952232,0.002257381938042386,87.26850296323656,2.5611819070716354e-05,0.006773363742139742,0.09057473471915033,3.306025054981351,0.065647247551677,0.20456108256459765,0.005314096208304026,0.07642886133159685,3.6036467208322462,0.06057415106939352,0.21643789204090552,0.056395561142502854,0.025338490703100628,0.01514814589393124,0.060573539444100266,0.0,0.0050216365526996685,1
-3.9200000000000017,120.0,43.3027,4.0,120.0,2779.108,-0.032916056,-13.285540000000001,4.244614,118.6848,0.052997543999999994,-13.886356000000001,300.001017358,-2.12053906,-1.8093894,-7.01634,-3.37498,-4.174448,-190.12439999999998,2734.578,-21.80154,1850.248,3224.166,-0.92337394,-0.612228,-4.6220156,-2.177822,-2.97728984,0.5831278,2886.016,-8.03416,2001.6919999999998,0.590695,1.0050522,-0.007679102,4887.7080000000005,-0.001685774,0.6162236,7.773282,1.590284,118.4392,87.10378,0.36916859999999996,7.4103319999999995,1.772906,118.05160000000001,135.7606,0.38774600000000004,-48.65674,0.6931313424413873,-0.07403516218354085,-259.60264900662264,-0.006137625108551045,-3.9200000000000017,64.82669203345178,0.0,0.0,64.82669203345178,288.7259000678671,0.043143007432293476,0.622107067151628,6.5751819788185335,0.15420992185977955,0.07432922448466471,36.96784577698138,273.8594292450485,1.8380746470722886,2.187384299916638,2.472169705461176,2.8846855938126086,1.9851040652872587,25.679271617396008,126.52013029553834,10.298029807832176,129.57218285573492,230.39432139269394,1.9379657232129563,2.063250946878372,2.429480759684423,2.8602635400029137,1.931301844096393,0.27470587638909366,124.92597720250176,9.130392359137694,134.0523972929989,0.0073597851531141826,0.005698798487400607,0.008549039888494498,254.99631050272075,0.00013437528262295867,0.01980807669361166,0.1565018471775973,8.012325597723173,0.1303944017203209,0.4996795993434193,0.02602184545338778,0.20801593825954764,8.907271755250314,0.17613290436485818,0.547555750586185,0.07030870883823709,0.14190571870083116,0.02095589836005995,0.0844717039306126,0.0,0.007002829948846638,-3.9200000000000017,28.991378028648448,0.0,0.0,28.991378028648448,129.1221478833124,0.019294139474477372,0.27821473828681337,2.940510773813964,0.06896477361667958,0.03324103973251041,16.53252322781178,122.47366001424447,0.8220119717145145,0.978227997505878,1.1055879026653648,1.290070616295868,0.8877655264786981,11.484119389835689,56.581522372590854,4.605418936926368,57.94644177169122,103.03547285279953,0.8666846190337425,0.9227138743721696,1.08649682573644,1.2791487418021408,0.8637044416940471,0.12285220268493358,55.86859543607659,4.083235595255312,59.95005457879086,0.003291395980431402,0.0025485801615801476,0.003823246866606184,114.03781685914542,6.009445328813637e-05,0.00885844119808899,0.06998975377867823,3.5832209388741303,0.05831414922641061,0.223463510220349,0.011637323066753783,0.09302755567034957,3.983453027760714,0.07876902944685847,0.244874375956326,0.031443010474507684,0.06346216668220432,0.009371762652534083,0.03777689443281719,0.0,0.0031317607600984915,1
-3.9000000000000057,134.5,43.3227,4.0,134.5,2727.5633333333335,-0.15228768,-13.417483333333335,7.3461783333333335,118.61200000000001,0.1808325333333333,254.74779999999998,198.88115064033332,-3.7188883333333336,-5.601615,-5.883193333333334,-2.9219233333333334,-2.585121,-178.56966666666668,2754.273333333333,-18.116906666666665,1847.4166666666667,12286.153333333334,-2.594482833333333,-4.4772083333333335,-3.63438,-1.7975171666666665,-1.4607141666666665,0.747792,2896.5116666666668,-5.186216666666667,1989.6566666666665,0.5929678333333334,1.0031055,-0.004718333333333334,4886.166666666667,-0.0014702131166666667,0.6152601666666667,7.733396666666667,4.914008333333333,118.40783333333333,86.88655,0.3675371666666667,7.478538333333333,4.011576166666667,117.99433333333333,135.774,0.4134758333333333,-48.88738333333333,0.6867276646429556,-0.10126028457677627,-258.2781456953646,-0.008394628265643413,-3.9000000000000057,76.7039764288658,0.0,0.0,76.7039764288658,166.03742007953105,0.16310058683690626,0.48704418451169984,0.18903992133056632,0.11214989968787689,0.28518927993980886,959.92046909486,220.9459655034342,2.295961524585433,1.702117613618401,2.0391250295424914,1.8068353290066772,2.8684913477878924,39.271530663658446,97.57670842299751,7.439627002495936,111.27790592326338,18921.901865222393,2.1144953973701073,1.7223856891929479,1.9854800233595904,1.9878794546247935,2.964867652126173,0.06907209740553703,99.57636053133618,7.118271915274568,110.31002160577552,0.008544590953735956,0.0043130046951052855,0.006540209016276671,197.88620696417064,0.0006869322311106691,0.02301751421345632,0.1393068606590023,5.9860694603701905,0.12863812291333906,0.27301634932728414,0.02986201342452758,0.14421691709597306,6.760226919788135,0.21538585530778626,0.6403823857665093,0.18522551057715206,0.6375887057238895,0.024606497966210266,0.09020798334166814,0.0,0.007478376047546022,-3.9000000000000057,31.31426724886491,0.0,0.0,31.31426724886491,67.78449290049883,0.06658553574981982,0.19883495570726772,0.07717522471262686,0.04578500482326947,0.11642803599404702,391.88589048924604,90.20081270166466,0.9373223673828077,0.6948866059281424,0.8324693073527963,0.7376374342166875,1.1710566889447895,16.032535257337738,39.835524402779555,3.0372150054577594,45.42901485957085,7724.834088802023,0.863239131170053,0.7031610131324435,0.8105688252867036,0.8115483889988083,1.2104021504321174,0.028198565684563918,40.65187895753128,2.9060223404677705,45.03387774158965,0.0034883146495756925,0.0017607767935393477,0.002670029150171294,80.78670569950084,0.00028043890901545795,0.009396860828371212,0.056871787713925266,2.443802623794069,0.05251629376785096,0.1114584578815486,0.012191115930372313,0.05887630986039966,2.7598510831512924,0.08793090721950068,0.26143501423234744,0.07561799804341851,0.2602944991308449,0.010045560729007865,0.03682725498542865,0.0,0.003053034236856564,1
-3.8800000000000026,115.5,43.3427,4.0,115.5,2893.0533333333333,-0.2148319,-9.048816666666667,7.39528,118.58533333333334,0.7242911833333333,-414.7003366666666,300.98411333333337,-2.8440583333333334,-3.3220491666666665,-5.8528899999999995,-1.57475235,-2.6568316666666667,-181.72799999999998,2764.0049999999997,-19.5395,1923.1266666666668,45545.119999999995,-1.6997661666666666,-2.17775535,-3.5643049999999996,-0.43045816666666664,-1.5125393666666669,0.16307816666666666,2908.76,-6.3801195,2067.8799999999997,0.5849543333333332,1.0040291666666665,-0.005981986000000001,4976.64,-0.00164059,0.6223368333333333,7.68456,0.06711666666666671,118.33333333333333,87.01006666666666,0.38411900000000004,7.379715,-2.6330999999999998,117.93483333333334,135.786,0.39856183333333334,-48.77578333333333,0.7104580135267158,-0.03247231409902644,-256.95364238410616,-0.0026920031572680047,-3.8800000000000026,76.7039764288658,0.0,0.0,76.7039764288658,406.7228662697325,0.16805591070472944,11.244001095947414,0.2950063719989791,0.12907620488171806,1.2937466351614237,931.6898976514605,225.80161922109298,2.4736401373746886,2.575632389811125,3.7410839063298225,2.7076643236875677,1.0735545747174045,24.96166177160486,123.4961668635914,10.611227714265677,185.9495992646036,99573.09841672619,2.53614066703473,2.643741811052837,3.5983187985210536,2.7774585526823197,1.1411851820062888,1.0791125863364615,108.90709233103237,9.518630677902022,169.781494986939,0.014906413554798026,0.005797060510868096,0.008535570253821357,258.88223693409316,0.000180439424184406,0.026896328116801826,0.2783354308743319,8.077461941099237,0.11596321255754438,0.3236323758011059,0.032812825583908495,0.3801120746700899,8.418749732438897,0.13803827971495988,0.33233116013999814,0.08880856484239946,0.08885596022027333,0.04349428200711898,0.1454856480229766,0.0,0.012060976702204807,-3.8800000000000026,31.31426724886491,0.0,0.0,31.31426724886491,166.04391484718067,0.0686085382475534,4.590344225394334,0.12043584704452964,0.05269513998252473,0.5281698520980264,380.36080795866025,92.18312503098336,1.0098593573060117,1.0514975200037457,1.5272911092410206,1.1053993312954413,0.43827681984803984,10.190555745394846,50.41709900090115,4.332015574071727,75.91360601221481,40650.54720481845,1.0353750916928097,1.0793030747901577,1.4690074980402015,1.1338927059667923,0.46588689965675983,0.44054586858989814,44.46113426353405,3.8859647018103822,69.31300508081678,0.0060855178506936496,0.0023666400432774686,0.0034846319642567705,105.68823065980428,7.366408645556756e-05,0.010980379973439479,0.11362996382996872,3.29761002874068,0.047341783283315064,0.13212236415955994,0.013395779949919551,0.15518010466873644,3.436940186111284,0.05635389171220491,0.13567362799502652,0.03625594477545871,0.0362752938574516,0.01775646627435948,0.05939426709240748,0.0,0.004923873119999593,1
-3.8600000000000065,118.5,43.3627,4.0,118.5,2865.2066666666665,-0.1397128,-13.409999999999998,4.850181666666667,118.65083333333332,0.008679949999999994,-171.40916833333335,135.6535367617505,-2.5229361666666668,-2.5357618333333334,-7.338478333333334,-3.501376666666667,-5.186741666666666,-207.292,2719.2516666666666,-19.273916666666665,1850.4916666666668,6781.873333333333,-1.2176733333333334,-1.2305005786666667,-4.7279583333333335,-2.1961144999999997,-3.8814816666666663,0.6343485,2884.3683333333333,-4.263400366666667,2015.6050000000002,0.5890650000000001,1.0025766666666667,-0.00404038585,4899.973333333333,-0.0015595566666666667,0.6164411666666666,7.695865,-0.058501666666666896,118.41266666666667,87.06266666666666,0.37730966666666665,7.32294,0.03765166666666694,117.99416666666667,135.7635,0.4185135,-48.70088333333333,0.6985156072144668,-0.07993827752963657,-255.62913907284812,-0.006627002154515359,-3.8600000000000065,76.7039764288658,0.0,0.0,76.7039764288658,230.92849470489062,0.14281122406023974,0.6664514686006779,5.921400173923113,0.16745437189475276,0.314654943236929,413.09276525169923,207.8667792964213,2.1675631913666016,2.1341274073181684,2.7835322949333037,1.7286469507527173,1.7311198766049296,33.797064511581475,87.99448469459139,2.784966212661595,139.1276794051661,6337.889625554129,2.1403457780266875,2.253016668598703,2.7199604291416932,1.6522115775333073,1.592756384742082,0.19102714530113254,86.89503631777052,4.193522633343152,150.30605400315702,0.015016028902476235,0.002556792261148016,0.004137050124497925,215.3575813076167,8.97346650223127e-05,0.01750031775044857,0.17968790195781129,7.996394458818091,0.17851573226655368,0.3269343766976174,0.029976149657130198,0.1294099806042797,8.789993013752438,0.1431746020307581,0.47714976684474797,0.12833504477226787,0.2290649114697955,0.042857104356502085,0.18674071784105573,0.0,0.015481083377229574,-3.8600000000000065,31.31426724886491,0.0,0.0,31.31426724886491,94.27616318266485,0.05830243808164458,0.27207767273335765,2.4174014981565315,0.06836296105673276,0.12845734266248013,168.64441521699607,84.86125729199311,0.8849039673478103,0.8712538656697184,1.1363723008574746,0.7057171624603664,0.706726730211976,13.797593809550031,35.9235979468155,1.1369576953187153,56.79863727336346,2587.432604781126,0.873792504880942,0.9197902033420084,1.1104191953264515,0.6745125520125749,0.6502400711963578,0.07798650550137932,35.47475002652511,1.7119984460838589,61.36218959315792,0.00613026812899188,0.0010438060696849123,0.0016889436408895893,87.9193644072669,3.663402359070656e-05,0.007144474804195025,0.07335727879131468,3.2645143676871924,0.07287874251872521,0.1334704003806709,0.012237711852212316,0.05283140335065886,3.588499621053732,0.05845078651690093,0.1947955766095992,0.05239256263488168,0.09351535851280014,0.01749633958777335,0.0762365788186056,0.0,0.0063201258232825006,1
-3.8400000000000034,127.5,43.3827,4.0,127.5,2843.595,-0.05890208833333333,-13.5846,7.181593333333333,118.63433333333334,0.05638665,65.75714833333333,166.55172464859987,-4.868988000000001,-2.87982,-5.235621666666667,-3.2547585,-4.176441666666666,-199.84316666666666,2756.1800000000003,-19.450016666666667,1887.0416666666667,3461.03,-3.6106306666666668,-1.6214628333333334,-2.7189038333333335,-1.9963986833333334,-2.918081666666667,0.8311636666666667,2915.3633333333332,-4.9788966666666665,2046.2233333333334,0.5877255,1.0029251666666668,-0.0043947,4961.588333333333,-0.0016500283333333334,0.6377276666666667,7.608571666666667,0.013643333333333452,118.38566666666667,86.83093333333333,0.39137516666666666,7.350516666666667,-2.7125183333333336,118.01516666666667,135.48333333333332,0.3707685,-48.652433333333335,0.7018611898596093,-0.046247492820002324,-254.30463576158965,-0.003833985970556632,-3.8400000000000034,76.7039764288658,0.0,0.0,76.7039764288658,347.9348402646679,0.05035134250181237,0.7946866803967457,0.21316787634788376,0.18592543308183315,0.10770469022069096,73.73565914895191,258.01574530323103,2.5578141265025494,1.6510100919255462,2.4593821274085625,2.534714043059986,1.6076370061978127,21.592145529489805,178.73097448399915,8.461451627094883,150.35389272202653,318.7860456168054,2.614110546070052,1.737040828621874,2.432377658948085,2.601100563005706,1.6331806849631387,0.19843567910803409,169.16581140013693,8.521839018668839,143.98810751817896,0.009663742334106384,0.0048714963785952345,0.007500357970254486,298.61141467912233,8.884115204490924e-05,0.03213410443542291,0.21807229584857088,7.914281281366405,0.15833087717393127,0.5854403117881986,0.037017925578922785,0.24335111453754737,8.13477332342928,0.23574682747954234,0.6202711235150815,0.09616669670265274,0.08019041505483289,0.028237641959198544,0.09137881776630781,0.0,0.007575439963537844,-3.8400000000000034,31.31426724886491,0.0,0.0,31.31426724886491,142.04380373086792,0.02055584949892535,0.32442947872637373,0.08702542110083568,0.07590374020941174,0.04397025565753703,30.10245679378572,105.33448693280357,1.044223244468985,0.6740220475671895,1.0040385491119241,1.0347926748939857,0.6563150594666998,8.814956499861156,72.96661478603298,3.454373161604158,61.38171966835439,130.14385814679585,1.0672061615166542,0.7091439487508121,0.993014021028049,1.061894858171671,0.6667432226548022,0.08101102676289061,69.06165330903816,3.4790262109797974,58.782898741423466,0.003945206287382193,0.0019887800685624043,0.0030620083192234035,121.9075995557474,3.6269248445174326e-05,0.013118693201348642,0.08902764197770884,3.230991803367986,0.06463830993390131,0.239005006456163,0.015112504834113734,0.09934767649242944,3.321007302601041,0.0962432393008024,0.2532246257991317,0.03925988952841479,0.03273759985772315,0.011527969056573455,0.037305246137704036,0.0,0.0030926604146259535,1
-3.8200000000000003,124.5,43.4027,4.0,124.5,2932.2450000000003,-0.12672962866666668,-13.760366666666668,4.829833333333333,118.59816666666666,0.24502601833333335,-59.41660566666666,215.2280164337346,-4.633638333333334,-2.8652994999999994,-7.803951666666666,-5.125345,-3.95861,-185.9958333333333,2760.036666666667,-19.67912,1905.5566666666666,4282.018333333333,-3.4624699999999997,-1.6941351333333337,-5.461614999999999,-3.9541826666666666,-2.7874455,0.6962273333333333,2908.191666666667,-6.210698333333333,2053.7083333333335,0.5866735,1.0039696666666666,-0.005869371666666667,4961.900000000001,-0.0016278833333333333,0.6216338333333333,7.693191666666666,2.6296216666666665,118.36766666666666,86.93863333333333,0.3871181666666667,7.343485,-2.73908,117.92083333333333,135.6185,0.4468216666666667,-48.67971666666667,0.7058399923561463,-0.05799718433173118,-252.98013245033113,-0.004808052880295209,-3.8200000000000003,76.7039764288658,0.0,0.0,76.7039764288658,290.18667948408637,0.15124432003265414,0.6667186323080131,5.962122732257923,0.18722223870754887,0.42042580002528773,125.55546387129748,245.96974301975035,0.6019497818063122,2.1746397463243192,2.4540494358461213,2.6754372263594597,2.019148143767564,29.316998341690216,140.85578989401415,11.518570946606182,197.3521109759574,1661.7763872966382,0.7012496347806536,2.069878213130141,2.3533263524020636,2.6777964504963157,2.0782511629438583,0.06842218598573614,135.64394013986288,13.006268455224836,192.05250536420144,0.01774956322561205,0.00794584423876196,0.012122613727906068,296.58995242590396,8.52145974975336e-05,0.030344546326591705,0.13363685470956993,7.6007312183668665,0.20328272594262875,0.43972563112316365,0.03483949008476827,0.13024119789836092,8.389387840785524,0.15155252114915346,0.5491039063783854,0.1717302099115548,0.12203860727927963,0.052149730617239064,0.17126843052687668,0.0,0.01419840773628483,-3.8200000000000003,31.31426724886491,0.0,0.0,31.31426724886491,118.46821581476321,0.06174523509570045,0.27218674186015124,2.434026412980033,0.0764331588891741,0.17163811412722565,51.25780348385451,100.41672709364877,0.2457449693675223,0.8877929588116721,1.0018614868979865,1.0922426739046287,0.8243137778863904,11.968614454526938,57.504135426168354,4.702436897538694,80.5686619253692,678.4173692470669,0.28628396458761013,0.8450242419787757,0.9607414602717008,1.0932058231253212,0.8484424844263654,0.027933240458477265,55.37640667388159,5.309786862159608,78.40510699423712,0.007246228843336369,0.0032438773267667058,0.0049490363303714095,121.08234104663374,3.478871375093428e-05,0.012388109162732558,0.05455701747814956,3.1029855261735877,0.08298982534691217,0.17951723717917478,0.014223162267739353,0.05317074638997151,3.424953244039009,0.06187105767463034,0.22417073106600494,0.07010856461739258,0.04982205279235666,0.021290038372638823,0.06992004397302629,0.0,0.005796475685647169,1
-3.8000000000000043,102.5,43.4227,4.0,102.5,2978.9166666666665,-0.21922748333333333,-14.049783333333332,2.5963233333333333,118.70433333333334,0.5058988666666666,-206.73733666666666,191.8117883333342,-3.5645900000000004,-3.875911,-5.827298333333334,-3.0473248,-2.2880766666666665,-187.346,2782.7666666666664,-18.183946666666667,1989.8133333333335,14435.589999999998,-2.3849248333333333,-2.696245,-3.467964,-1.8676578333333334,-1.1084108333333333,0.7283348333333333,2931.9950000000003,-4.61777,2139.04,0.5786226666666666,1.00282,-0.0042887183333333335,5071.031666666667,-0.0016498233333333333,0.636211,7.676323333333333,7.284461666666666,118.4615,87.17386666666665,0.40046966666666667,7.3893683333333335,8.076383333333334,117.9655,135.8555,0.49602366666666664,-48.68156666666667,0.7290409714842783,0.028820287972873088,-251.6556291390731,0.0023892447572337796,-3.8000000000000043,76.7039764288658,0.0,0.0,76.7039764288658,244.52551667804843,0.15763423038604804,0.9962129599973427,7.552594406598747,0.20656201651481548,0.5233326839112636,509.4757638000411,220.83888429663563,1.9543307979766371,2.3908371955342336,3.231492952413275,2.135133177941423,1.092398947082368,39.295513102643156,106.84373442868173,7.518244516286144,182.66426193064348,13761.891013470495,1.7903605752809029,2.2551232890563653,3.0650380703028794,2.0805547961718687,1.3036835408041962,0.1995082810626332,95.60318838825414,5.821407726421506,164.74229766517175,0.013661832419798845,0.003528234686071773,0.005380810911382843,245.6997324717037,7.420845818817869e-05,0.032817928795096096,0.19622872161502447,0.0682024074110781,0.20201658347769255,0.3375263466259555,0.040327271659097726,0.2637283752209207,0.06488907971813596,0.21557991557656994,0.4330444549927853,0.07718525052538643,0.11709153114835655,0.04061357105687257,0.11730549422798829,0.0,0.009724800020830541,-3.8000000000000043,31.31426724886491,0.0,0.0,31.31426724886491,99.8271241586061,0.06435390507369085,0.40670223785685994,3.083333755060872,0.08432859011694166,0.21364967355063857,207.99260960413764,90.15709698204834,0.7978522072748394,0.9760551978542674,1.319251473468741,0.871664469807261,0.44597000265090075,16.0423260470544,43.6187719272843,3.069310471063131,74.5723726620285,5618.268479799329,0.7309116441723269,0.920650227542505,1.2512965524078081,0.8493829387535563,0.532226576839189,0.0814489146772039,39.02983822239939,2.376579752404703,67.25576138889522,0.00557741972998666,0.0014403957789441057,0.0021967068558813464,100.30649574900153,3.0295476193283007e-05,0.013397863327162763,0.08011004013924303,0.027843516231092533,0.08247292485011826,0.1377945539965596,0.016463539713898436,0.10766665833075309,0.02649085586470233,0.08801013199247859,0.1767896584456599,0.03151074657601399,0.04780241741911273,0.016580420953600853,0.04788976748059477,0.0,0.003970132983607008,1
-3.770000000000003,105.5,43.4527,4.0,105.5,2952.8916666666664,-0.13665308,-13.597133333333334,-2.4824,118.60266666666666,0.24358169666666665,36.86617666666666,95.72822457500092,-4.00058,-4.018299666666667,-6.4022250000000005,-4.080738333333334,-4.100482833333333,-161.032,2793.931666666667,-21.497615,1940.1750000000002,5250.371666666667,-2.986607,-3.004323,-4.374273333333334,-3.066763333333333,-3.08651,0.7132185,2922.2000000000003,-9.836891666666666,2068.445,0.5864971666666666,1.0059683333333334,-0.008956101666666666,4990.641666666667,-0.00166121,0.606826,7.852696666666667,2.469305,118.401,87.34276666666666,0.3811326666666666,7.503176666666666,2.744118333333333,117.93183333333333,135.98616666666666,0.4689815,-48.64328333333333,0.7060551871653256,-0.04975891987583436,-249.66887417218564,-0.004125088498451295,-3.770000000000003,76.7039764288658,0.0,0.0,76.7039764288658,428.7831919941205,0.14788823842551374,1.1676551402989954,7.662105246194416,0.13326614974053688,0.2814272152528895,225.3619686075112,200.23251008954745,1.9796545084837405,2.6562952938317435,0.9588872838191154,1.7863681451304112,2.2421426165639344,52.740571551700114,137.7973490915795,8.347535752600885,219.676016055463,3120.825327309535,2.0299932584966878,2.8267264799463,1.118433945187049,1.7363883944517327,2.3529372948550926,0.09066401640066471,152.37080113985087,8.798242357449393,236.50698905106393,0.01564774849512436,0.005183841882876759,0.007425952212572922,385.7904394573128,0.00016736282872848438,0.0483397199826395,0.12217551173073368,7.759402743793493,0.07148706176644896,0.23643565438965414,0.05213550473014208,0.1015475767641289,8.548820470054139,0.13746478336892792,0.23483561626522523,0.10891035389117051,0.27129601852343244,0.045765878989369436,0.1537584671067752,0.0,0.012746805714118702,-3.770000000000003,31.31426724886491,0.0,0.0,31.31426724886491,175.05000511123805,0.060375120516928164,0.476693214878407,3.1280413681130668,0.05440567780827537,0.11489217951699772,92.0036384195872,81.74457993934595,0.8081905687975661,1.084428012674014,0.3914640943666909,0.7292817413885924,0.915350890188399,21.53124817406862,56.25553219708948,3.4078672005852875,89.6823580105549,1274.0716047104436,0.8287412774344396,1.15400625304701,0.4565987461193666,0.7088775936162117,0.9605826281932579,0.037013429702159005,62.20511908195334,3.5918674015154624,96.55357396285243,0.006388166572743005,0.00211629458671941,0.0030316322958492364,157.4982873857504,6.832558871560004e-05,0.019734608044414414,0.04987794380061967,3.1677629051743015,0.029184470756437375,0.09652445170928105,0.021284230678551147,0.04145662461470352,3.49004134238208,0.05611976280935009,0.09587123888030594,0.04446246578988469,0.1107561357718438,0.0186838418589861,0.06277163134068509,0.0,0.00520386164166396,1
-3.740000000000002,121.0,43.4827,4.0,121.0,2791.552,-0.108150938,-13.2775,7.221728000000001,118.60999999999999,0.145083348,-57.506240000000005,338.2766000476418,-3.93699,-2.978472,-7.321996,-2.654096,-2.112832,-193.252,2712.6040000000003,-15.9333,1809.8919999999998,4134.704,-2.7201294000000003,-1.7616133999999999,-4.888275999999999,-1.437236,-0.8959717999999999,25.167896199999998,2866.534,-1.9394438,1963.8239999999998,0.5938106000000001,1.0012158,-0.0020090124,4830.358,-0.00158862,0.6244949999999999,7.602862,1.4603519999999999,118.4114,87.36748,0.3675246,7.311780000000001,1.6873900000000002,117.9404,136.0502,0.470956,-48.68256,0.6846048595470514,-0.12056682941997057,-247.6821192052981,-0.009995169561078023,-3.740000000000002,64.82669203345178,0.0,0.0,64.82669203345178,330.75407256751953,0.1633494155898368,0.7852289411375508,0.14164825403089149,0.24490712525363303,0.25009138230269856,115.11058473495389,231.48176742998515,1.6656766700053163,1.1916884443595146,2.3631456816984433,2.4892085361074106,2.1700116232108067,29.646314180686943,89.87448458822992,5.536125540935647,137.1239425483384,2277.951549469391,1.7069447249125556,1.2545371813672164,2.3935289426555926,2.5354870516589116,2.221328288448423,54.89793389571965,112.24129244622945,5.515408426092958,150.69847736457052,0.012118093777488322,0.003422015663318927,0.005482823658383406,249.82357238659444,0.0002605117990610022,0.028179176513872816,0.1698491217816567,7.97258040205428,0.19161497853769424,0.5995492073216314,0.02856097862118872,0.2841741928817606,8.853300227330484,0.16546540423907427,0.801072218966555,0.10054697369140453,0.2449096731450214,0.03458866191860534,0.13782265336522995,0.0,0.011425703042622899,-3.740000000000002,28.991378028648448,0.0,0.0,28.991378028648448,147.9177180191744,0.0730520794687478,0.35116505805674897,0.0633470249814464,0.10952579604823577,0.11184426628314437,51.4790184794213,103.52179350504872,0.7449132525334745,0.5329392739177701,1.05683087700256,1.113207899381782,0.9704587002928049,13.258234758066397,40.19309139640786,2.47583060830098,61.32369137617207,1018.7309028129066,0.7633688877478306,0.5610460835676156,1.0704186843782202,1.1339042807159694,0.9934082106627871,24.5511024030238,50.19583195844054,2.466565632883796,67.3944078985786,0.00541937628883622,0.001530371928650031,0.002451993281757876,111.7244980476529,0.00011650441832823336,0.012602110846997033,0.07595883644448492,3.565446347015195,0.08569282350348952,0.2681265566854565,0.012772857940179237,0.1270865625469507,3.959316226705061,0.07399837836061038,0.3582503872991627,0.044965973621172696,0.10952693549990453,0.015468519860151965,0.06163616435280886,0.0,0.005109729738806196,1
-3.710000000000001,119.5,43.5127,4.0,119.5,3021.536666666667,-0.09358653333333333,-13.849699999999999,2.3789666666666665,118.51416666666667,0.040249571666666664,-63.49265,338.64445,-4.379061666666667,-2.7392566666666665,-5.271496666666667,-3.1756603333333335,-2.6595326666666668,-209.8755,2852.271666666666,-17.143293333333332,1960.2966666666669,3468.763333333334,-3.057532833333333,-1.4177291666666665,-2.6284411666666667,-1.8541288333333332,-1.3380058333333331,0.7728945,3019.4449999999997,-1.945724,2127.471666666667,0.5869416666666667,1.001319,-0.0021394758333333334,5146.918333333333,-0.0013346265,0.6253148333333333,7.73144,2.4794133333333335,118.35633333333334,87.04478333333333,0.3037630833333333,7.545556666666667,-1.4243442166666664,117.873,135.92999999999998,0.48354549999999996,-48.88518333333334,0.7041746221010109,-0.04085335719821786,-245.69536423841066,-0.003386804101094147,-3.710000000000001,76.7039764288658,0.0,0.0,76.7039764288658,342.42738311453223,0.14212624717970523,1.0949425263455612,7.620324271332991,0.2134529612506428,0.07738223372530814,142.00650963788598,249.970663154489,2.8453149291944237,2.66297784136982,1.3788545293201406,2.249601278426172,1.9453254527740766,29.804566608155863,183.30748052566423,7.273986438993866,164.20834396176923,435.4664708868719,2.7913296376766694,2.7206217299919087,1.569626571269793,2.1470142241140757,2.043746451838918,0.11668631547315217,182.9170811870777,7.977301186586351,173.17865277414163,0.010226725725600844,0.004869330754836876,0.007589777569084892,345.02120656079484,0.0007830660068688334,0.05072248815039212,0.1472336487356067,7.737639579718524,0.16303455666412484,0.48216133157550767,0.19609069294140827,0.32269057523681516,8.01893452098613,0.22375075418867033,0.5974766941061435,0.15758460091360452,0.3699688820247814,0.029435208209634568,0.10878370068295874,0.0,0.009018330655609249,-3.710000000000001,31.31426724886491,0.0,0.0,31.31426724886491,139.79539376452206,0.058022797441159096,0.44700841453675866,3.110984356551976,0.08714180652502412,0.031591164630632135,57.97391479440704,102.05009589893828,1.161594955674931,1.0871561512823773,0.5629150043933019,0.9183958761428054,0.7941757904908571,12.167663365795969,74.83496555384029,2.9695925285765683,67.03777570229428,177.77844229389703,1.1395555527026144,1.1106891702680344,0.6407973643875479,0.8765148865961688,0.834355995104824,0.04763698881244138,74.67558569126412,3.2567195719392235,70.69988893987825,0.004175043294519354,0.0019878959563652664,0.003098513717579881,140.85431775222386,0.0003196853586245649,0.020707369075471133,0.060107885395068346,3.158878130645611,0.06655857904466277,0.19684153934348084,0.08005369016920422,0.13173787568923037,3.2737163095342443,0.09134586288752469,0.2439188389608335,0.06433364392640915,0.15103916361144362,0.012016873431031179,0.04441075983415048,0.0,0.003681718072990325,1
-3.6799999999999997,126.5,43.5427,4.0,126.5,2766.931666666667,-0.09044981166666667,-13.344533333333333,2.249048333333333,118.53949999999999,0.10592623833333333,-112.96987000000001,178.0805007016514,-4.4798,-2.5444761666666666,-6.316838333333333,-4.208686666666666,-4.923313333333334,-183.12066666666666,2736.6299999999997,-21.603003333333334,1862.89,4381.51,-3.326738666666667,-1.391413,-4.010715,-3.0556249999999996,-3.770251666666667,0.7421013333333333,2882.491666666667,-8.342763833333334,2008.7533333333333,0.5895528333333333,1.0051681666666668,-0.008072140666666667,4891.243333333333,-0.001707875,0.6148381666666667,7.706131666666667,7.399473333333333,118.377,86.66695,0.3760055,7.385971666666666,5.461983333333333,117.88533333333334,135.39016666666666,0.4916206666666667,-48.723000000000006,0.6967925889693939,-0.07176805825518216,-243.70860927152316,-0.005949678819463527,-3.6799999999999997,76.7039764288658,0.0,0.0,76.7039764288658,273.53047489569946,0.15613978232323258,0.5639334771643436,7.675948260780336,0.10778636277377358,0.14532762391000667,210.68058781523789,250.76302789849018,1.6429245472510297,1.3170450583591158,2.080842473897692,1.6854247714527835,2.689148834100981,25.480988227827165,103.97629787600624,8.977309902374245,133.35641146941524,2589.1220152630895,1.6234551560725865,1.2511303628524086,1.9598820801339047,1.6656716624923413,2.689464148282454,0.12599449330294826,106.48261894162182,8.668321708472302,128.13388992248164,0.012036488348628374,0.00545514217657678,0.008541071151578745,212.50710243816948,0.0001935924795801738,0.03251819163124953,0.21654446290927562,0.18309253623964783,0.1542504457043789,0.6147863197892455,0.031120884805866295,0.20551353643170686,6.632634083809138,0.11026090271109772,0.8529509755353268,0.13936160019842866,0.30759434325097745,0.03477663732799012,0.12582471862795658,0.0,0.010431056400103396,-3.6799999999999997,31.31426724886491,0.0,0.0,31.31426724886491,111.66834876593789,0.06374379920685941,0.23022487798768523,3.1336927551526346,0.044003598337710836,0.05932975401843544,86.00998980949264,102.3735774511006,0.670721137776349,0.5376813935389877,0.8495003826933282,0.6880717816510459,1.0978404143246159,10.402569883340258,42.44814585664094,3.6649714206085946,54.44252700478426,1057.0046365335081,0.6627727921113773,0.5107718317819285,0.8001185087254264,0.680007608686599,1.0979691408001613,0.051437036498789265,43.47134714703207,3.53882751867461,52.310441511337935,0.00491387579151574,0.002227052467824787,0.0034868776963622406,86.75566128181171,7.903379883526626e-05,0.013275496142433917,0.08840390679212716,0.07474721491652911,0.0629724807621016,0.25098546405452926,0.012705048019717724,0.08390054991542716,2.7077615259874306,0.04501382503680796,0.3482157776117814,0.056894135037316856,0.12557486478856622,0.01419750273723373,0.05136772627795986,0.0,0.004258460943074348,1
-3.6500000000000057,122.0,43.5727,4.0,122.0,2942.7,-0.08698312799999999,-13.61676,4.285857999999999,118.58220000000001,0.11040631599999999,-54.78532200000001,107.26137280000587,-4.167514,-3.189054,-4.699944,-3.68102,-2.470617,-178.2962,2764.542,-23.73826,1909.784,4223.126,-3.0448320000000004,-2.0663676,-2.4545754000000004,-2.55833552,-1.3479345999999999,0.7620707999999999,2906.56,-10.82742,2051.8,0.586264,1.006594,-0.009979662,4958.36,-0.00160587,0.6235492,7.757022000000001,7.362337999999999,118.3312,87.01688,0.3803158,7.359478,8.155888000000001,117.90060000000001,135.64759999999998,0.4307054,-48.6308,0.705841193338111,-0.025714430758158945,-241.72185430463614,-0.0021317645726514076,-3.6500000000000057,64.82669203345178,0.0,0.0,64.82669203345178,137.36199310580787,0.1604398440487827,0.42937781498349387,6.546540282677562,0.11794151092808204,0.21276116162971634,145.91782552102887,220.0915796930517,1.414961068556305,1.2755711264880527,2.132073457934787,2.219111717084113,2.0793195736266705,23.35139367789425,21.331799502151696,5.651115245949245,56.3159646991864,2288.169192472445,1.4326715696976753,1.334384397701352,2.078367605748752,2.2106105553051294,2.051406316354905,0.16729184918787884,34.629704734519464,5.947736491931195,63.72964420110943,0.005628921344271929,0.0036666646969691083,0.005695607116086923,92.9225970902665,9.267466455294029e-05,0.02680916195445133,0.16332834221285633,0.18432468193380921,0.09028122728452315,0.3678050189978372,0.025054497753896402,0.1807346819788609,0.18596593161114172,0.21026958886152816,0.3295850421363246,0.2114888337969643,0.1846205839011441,0.016414147837783763,0.05327331884440203,0.0,0.0044164374023339175,-3.6500000000000057,28.991378028648448,0.0,0.0,28.991378028648448,61.43015082188877,0.07175087951850864,0.192023596466684,2.9277018179015433,0.052745047160845146,0.09514968407517314,65.25643539879485,98.42794669379518,0.6327898269615276,0.5704527497926537,0.9534922369930445,0.9924169298132716,0.9298999827150229,10.443060726626074,9.539870753841472,2.5272555677255912,25.18526505717186,1023.3003716778375,0.6407102038550659,0.5967548442750675,0.9294742497375384,0.9886150946881656,0.9174167945684012,0.07481518937314802,15.486874765426366,2.6599086216428565,28.500763323111194,0.002517330153158306,0.0016397823026243188,0.0025471529369403795,41.55624874793201,4.144536994647293e-05,0.011989421709990858,0.07304265516805904,0.08243250374700496,0.0403749922600605,0.1644874049889531,0.01120471202396563,0.08082700695930783,0.08316649291631797,0.09403541885906191,0.14739491171679087,0.09458068177043343,0.08256483512973231,0.0073406300716031365,0.023824552464620695,0.0,0.0019750908499982455,1
-3.6200000000000045,112.5,43.6027,4.0,112.5,3099.3233333333337,-0.15342736666666668,-8.879416666666666,2.220666666666667,118.50166666666667,-0.004120266666666668,9.090244999999996,329.7905,-4.246378333333333,-3.091473333333333,-8.439158333333333,-4.1221266666666665,-2.6007178333333334,-182.26583333333335,2887.8799999999997,-22.535183333333332,1996.1433333333334,4541.06,-3.0986975,-1.9437902333333332,-6.143788166666667,-2.974445333333333,-1.4530386666666668,0.6313026666666667,3033.0616666666665,-9.336861666666666,2141.326666666667,0.58644,1.0055166666666666,-0.008159766666666667,5174.39,-0.0016668333333333333,0.6413226666666666,7.792936666666667,2.461961666666667,118.25266666666666,87.23649999999999,0.4043455,7.43694,0.003945000000000161,117.86916666666667,136.00166666666667,0.38339883333333336,-48.765283333333336,0.705935738427041,-0.0429439592746505,-239.73509933774866,-0.0035601181240241136,-3.6200000000000045,76.7039764288658,0.0,0.0,76.7039764288658,362.5522209925996,0.14906927531668848,11.886346791241902,7.784125133998468,0.08330106041741943,0.23209940431538953,201.70791808081324,181.90787812159206,2.5314553599178216,1.4838628997001935,5.911702671195217,2.329377383368068,1.6716390028364878,46.081440122533785,145.7016369159934,6.575997453289247,171.1831539219519,1694.7496618911005,2.421157466485297,1.6066757181665274,5.761939891801039,2.2660223745633816,1.768008193868984,0.28344864260579317,125.27495255104549,7.0957945776816755,152.0446034118497,0.013307801982295963,0.00428239963883176,0.00621554646261024,249.01479506246199,0.00013453421715930362,0.03704020208728166,0.37502649141982825,7.649473179063814,0.11427627341957508,0.5341478821450091,0.04475759597990043,0.4099912476138974,8.84072491831015,0.12411513472040925,0.6495797615895043,0.09875660123235645,0.13217728120470085,0.03870188886132533,0.13536285156004832,0.0,0.011221781812814365,-3.6200000000000045,31.31426724886491,0.0,0.0,31.31426724886491,148.01132442410545,0.060857276808725,4.85258075738513,3.1778557787116632,0.034007515509238445,0.09475418502943873,82.34691272951693,74.2635802650487,1.0334623230720337,0.6057844920853547,2.4134425092461,0.9509643346052002,0.6824437651807128,18.812669152137286,59.48244418874078,2.684639718400052,69.8852299448492,691.8786522312516,0.9884333966364401,0.6559226152712843,2.35230211058331,0.925099760568364,0.7217863226731148,0.11571742377811754,51.14328521690587,2.8968460058212933,62.07194941714367,0.005432887409103934,0.0017482823316361305,0.0025374862176593413,101.6598643844593,5.492336416417981e-05,0.01512159918056875,0.15310392400080547,3.1228843483019735,0.046653093264122515,0.21806495974059295,0.018272212044066618,0.16737822594351998,3.609210834361394,0.050669791570299126,0.2651898271888388,0.04031721362513095,0.05396114908998042,0.015799979965358486,0.055261652741703374,0.0,0.004581273241039934,1
-3.5900000000000034,120.5,43.6327,4.0,120.5,3018.6650000000004,-0.11415689333333333,-13.680516666666668,4.904023333333334,118.56,0.2617182866666667,15.83234166666667,243.8360000090605,-2.9152471666666666,-3.670541666666667,-4.251781,-2.3118898333333333,-3.7681533333333337,-184.64233333333334,2825.5516666666667,-17.4073,1970.9916666666668,3858.2233333333334,-1.7526051666666664,-2.507899666666667,-1.9264961666666665,-1.1492436666666668,-2.60551065,1.6182605,2972.626666666667,-4.036904333333333,2118.066666666667,0.58421,1.0023616666666666,-0.003335750666666667,5090.691666666667,-0.00161644,0.6193961666666666,7.806796666666667,2.55734,118.34116666666667,87.11476666666665,0.38566949999999994,7.530636666666666,5.484335000000001,117.91566666666667,135.86233333333334,0.4253706666666666,-48.74751666666666,0.7123883917425067,-0.017347379065224575,-237.7483443708612,-0.0014381235372230381,-3.5900000000000034,76.7039764288658,0.0,0.0,76.7039764288658,290.1649581703483,0.16936743046597755,0.8723295373118269,6.147550904513656,0.14286497121407826,0.4742684961979815,33.33193966916682,226.42452510869427,1.1568273351508285,1.354136577386737,2.386503154618908,2.1653442232218336,1.75051190838185,24.485684067770435,161.77162908454204,4.160693895013187,176.62835734011315,1226.1016249832908,1.1891646254006074,1.458972903362042,2.5761422536296723,2.1713310610399943,1.791247536765071,2.0738239702337085,159.87813830122815,4.940691436801803,165.39574246837972,0.012608038800701707,0.0028776477662610595,0.003867511940855137,302.1419499782623,0.00010747370487705353,0.029720620178029046,0.13875243445311747,7.639234261557895,0.12421500177782946,0.42191950733127687,0.03739705056150818,0.2950332509170222,6.5455514994376145,0.14664742297997102,0.6195161552910948,0.06977005132481033,0.2697553737493798,0.037519072141326236,0.1090261529970802,0.0,0.009038430313216389,-3.5900000000000034,31.31426724886491,0.0,0.0,31.31426724886491,118.45934812556301,0.06914396394799252,0.35612704232868597,2.509727147307275,0.05832438026531645,0.19361930279369305,13.607707387781977,92.43742529471646,0.472272781937192,0.552823942772722,0.9742858330597853,0.883998077396115,0.7146434940335247,9.996238661505528,66.04299101931844,1.6985961697825653,72.10822493154151,500.5538923343929,0.48547442539989805,0.5956231936306524,1.051705671036037,0.8864421937006635,0.731273744681946,0.8466350905708926,65.26997664402145,2.017028832783783,67.52252911271736,0.005147210286488525,0.0011747947811332317,0.0015789051382026865,123.34893455604359,4.387595628587484e-05,0.01213339237920615,0.05664544416318442,3.118704327733982,0.05071056212576459,0.1722479175813491,0.015267281960126364,0.12044682031687026,2.6722102097885814,0.05986855973250419,0.25291641131233455,0.028483504178929798,0.11012717017662473,0.015317097061486784,0.04450974057690957,0.0,0.0036899237238473487,1
