detuning,transfer,Eb,e_Eb
-5979.999999999999,0.00020824715856045502,-4001.298882296971,14.819496291866248
-5977.9989994997495,0.00020824715856045502,-4001.298882296971,14.819496291866248
-5975.997998999498,0.00020824715856045502,-4001.298882296971,14.819496291866248
-5973.996998499249,0.00020824715856045502,-4001.298882296971,14.819496291866248
-5971.995997998999,0.00020824715856045502,-4001.298882296971,14.819496291866248
-5969.9949974987485,0.00020824715856045502,-4001.298882296971,14.819496291866248
-5967.993996998498,0.00020824715856045502,-4001.298882296971,14.819496291866248
-5965.992996498248,0.00020824715856045502,-4001.298882296971,14.819496291866248
-5963.991995997998,0.00020824715856045502,-4001.298882296971,14.819496291866248
-5961.990995497748,0.00020824715856045502,-4001.298882296971,14.819496291866248
-5959.989994997498,0.00020824715856045502,-4001.298882296971,14.819496291866248
-5957.988994497247,0.00020824715856045502,-4001.298882296971,14.819496291866248
-5955.987993996998,0.00020824715856045502,-4001.298882296971,14.819496291866248
-5953.986993496748,0.00020824715856045502,-4001.298882296971,14.819496291866248
-5951.985992996497,0.00020824715856045502,-4001.298882296971,14.819496291866248
-5949.984992496247,0.00020824715856045502,-4001.298882296971,14.819496291866248
-5947.983991995997,0.00020824715856045502,-4001.298882296971,14.819496291866248
-5945.982991495747,0.00020824715856045502,-4001.298882296971,14.819496291866248
-5943.981990995497,0.00020824715856045502,-4001.298882296971,14.819496291866248
-5941.980990495246,0.00020824715856045502,-4001.298882296971,14.819496291866248
-5939.979989994997,0.00020824715856045502,-4001.298882296971,14.819496291866248
-5937.978989494747,0.00020824715856045502,-4001.298882296971,14.819496291866248
-5935.977988994496,0.00020824715856045502,-4001.298882296971,14.819496291866248
-5933.976988494246,0.00020824715856045502,-4001.298882296971,14.819496291866248
-5931.975987993997,0.00020824715856045502,-4001.298882296971,14.819496291866248
-5929.974987493745,0.00020824715856045502,-4001.298882296971,14.819496291866248
-5927.973986993496,0.00020824715856045502,-4001.298882296971,14.819496291866248
-5925.972986493246,0.00020824715856045502,-4001.298882296971,14.819496291866248
-5923.9719859929955,0.00020824715856045502,-4001.298882296971,14.819496291866248
-5921.970985492745,0.00020824715856045502,-4001.298882296971,14.819496291866248
-5919.9699849924955,0.00020824715856045502,-4001.298882296971,14.819496291866248
-5917.968984492245,0.00020824715856045502,-4001.298882296971,14.819496291866248
-5915.967983991995,0.00020824715856045502,-4001.298882296971,14.819496291866248
-5913.966983491745,0.00020824715856045502,-4001.298882296971,14.819496291866248
-5911.9659829914945,0.00020824715856045502,-4001.298882296971,14.819496291866248
-5909.964982491245,0.00020824715856045502,-4001.298882296971,14.819496291866248
-5907.963981990995,0.00020824715856045502,-4001.298882296971,14.819496291866248
-5905.962981490744,0.00020824715856045502,-4001.298882296971,14.819496291866248
-5903.961980990494,0.00020824715856045502,-4001.298882296971,14.819496291866248
-5901.960980490245,0.00020824715856045502,-4001.298882296971,14.819496291866248
-5899.959979989994,0.00020824715856045502,-4001.298882296971,14.819496291866248
-5897.958979489744,0.00020824715856045502,-4001.298882296971,14.819496291866248
-5895.957978989494,0.00020824715856045502,-4001.298882296971,14.819496291866248
-5893.956978489244,0.00020824715856045502,-4001.298882296971,14.819496291866248
-5891.955977988994,0.00020824715856045502,-4001.298882296971,14.819496291866248
-5889.954977488743,0.00020824715856045502,-4001.298882296971,14.819496291866248
-5887.953976988493,0.00020824715856045502,-4001.298882296971,14.819496291866248
-5885.952976488244,0.00020824715856045502,-4001.298882296971,14.819496291866248
-5883.951975987993,0.00020824715856045502,-4001.298882296971,14.819496291866248
-5881.950975487743,0.00020824715856045502,-4001.298882296971,14.819496291866248
-5879.949974987493,0.00020824715856045502,-4001.298882296971,14.819496291866248
-5877.948974487243,0.00020824715856045502,-4001.298882296971,14.819496291866248
-5875.947973986992,0.00020824715856045502,-4001.298882296971,14.819496291866248
-5873.9469734867425,0.00020824715856045502,-4001.298882296971,14.819496291866248
-5871.945972986492,0.00020824715856045502,-4001.298882296971,14.819496291866248
-5869.9449724862425,0.00020824715856045502,-4001.298882296971,14.819496291866248
-5867.943971985992,0.00020824715856045502,-4001.298882296971,14.819496291866248
-5865.9429714857415,0.00020824715856045502,-4001.298882296971,14.819496291866248
-5863.941970985492,0.00020824715856045502,-4001.298882296971,14.819496291866248
-5861.940970485242,0.00020824715856045502,-4001.298882296971,14.819496291866248
-5859.939969984991,0.00020824715856045502,-4001.298882296971,14.819496291866248
-5857.938969484741,0.00020824715856045502,-4001.298882296971,14.819496291866248
-5855.937968984492,0.00020824715856045502,-4001.298882296971,14.819496291866248
-5853.936968484241,0.00020824715856045502,-4001.298882296971,14.819496291866248
-5851.935967983991,0.00020824715856045502,-4001.298882296971,14.819496291866248
-5849.934967483741,0.00020824715856045502,-4001.298882296971,14.819496291866248
-5847.933966983491,0.00020824715856045502,-4001.298882296971,14.819496291866248
-5845.932966483241,0.00020824715856045502,-4001.298882296971,14.819496291866248
-5843.931965982991,0.00020824715856045502,-4001.298882296971,14.819496291866248
-5841.93096548274,0.00020824715856045502,-4001.298882296971,14.819496291866248
-5839.929964982491,0.00020824715856045502,-4001.298882296971,14.819496291866248
-5837.928964482239,0.00020824715856045502,-4001.298882296971,14.819496291866248
-5835.92796398199,0.00020824715856045502,-4001.298882296971,14.819496291866248
-5833.92696348174,0.00020824715856045502,-4001.298882296971,14.819496291866248
-5831.925962981491,0.00020824715856045502,-4001.298882296971,14.819496291866248
-5829.924962481239,0.00020824715856045502,-4001.298882296971,14.819496291866248
-5827.92396198099,0.00020824715856045502,-4001.298882296971,14.819496291866248
-5825.922961480739,0.00020824715856045502,-4001.298882296971,14.819496291866248
-5823.9219609804895,0.00020824715856045502,-4001.298882296971,14.819496291866248
-5821.920960480239,0.00020824715856045502,-4001.298882296971,14.819496291866248
-5819.919959979989,0.00020824715856045502,-4001.298882296971,14.819496291866248
-5817.918959479739,0.00020824715856045502,-4001.298882296971,14.819496291866248
-5815.917958979489,0.00020824715856045502,-4001.298882296971,14.819496291866248
-5813.916958479238,0.00020824715856045502,-4001.298882296971,14.819496291866248
-5811.915957978988,0.00020824715856045502,-4001.298882296971,14.819496291866248
-5809.914957478739,0.00020824715856045502,-4001.298882296971,14.819496291866248
-5807.913956978488,0.00020824715856045502,-4001.298882296971,14.819496291866248
-5805.912956478238,0.00020824715856045502,-4001.298882296971,14.819496291866248
-5803.911955977988,0.00020824715856045502,-4001.298882296971,14.819496291866248
-5801.910955477738,0.00020824715856045502,-4001.298882296971,14.819496291866248
-5799.909954977488,0.00020824715856045502,-4001.298882296971,14.819496291866248
-5797.908954477238,0.00020824715856045502,-4001.298882296971,14.819496291866248
-5795.907953976987,0.00020824715856045502,-4001.298882296971,14.819496291866248
-5793.906953476738,0.00020824715856045502,-4001.298882296971,14.819496291866248
-5791.905952976488,0.00020824715856045502,-4001.298882296971,14.819496291866248
-5789.904952476237,0.00020824715856045502,-4001.298882296971,14.819496291866248
-5787.903951975987,0.00020824715856045502,-4001.298882296971,14.819496291866248
-5785.902951475738,0.00020824715856045502,-4001.298882296971,14.819496291866248
-5783.901950975486,0.00020824715856045502,-4001.298882296971,14.819496291866248
-5781.900950475237,0.00020824715856045502,-4001.298882296971,14.819496291866248
-5779.899949974987,0.00020824715856045502,-4001.298882296971,14.819496291866248
-5777.898949474737,0.00020824715856045502,-4001.298882296971,14.819496291866248
-5775.897948974486,0.00020824715856045502,-4001.298882296971,14.819496291866248
-5773.896948474236,0.00020824715856045502,-4001.298882296971,14.819496291866248
-5771.895947973986,0.00020824715856045502,-4001.298882296971,14.819496291866248
-5769.8949474737365,0.00020824715856045502,-4001.298882296971,14.819496291866248
-5767.893946973485,0.00020824715856045502,-4001.298882296971,14.819496291866248
-5765.8929464732355,0.00020824715856045502,-4001.298882296971,14.819496291866248
-5763.891945972986,0.00020824715856045502,-4001.298882296971,14.819496291866248
-5761.890945472735,0.00020824715856045502,-4001.298882296971,14.819496291866248
-5759.889944972485,0.00020824715856045502,-4001.298882296971,14.819496291866248
-5757.888944472235,0.00020824715856045502,-4001.298882296971,14.819496291866248
-5755.887943971985,0.00020824715856045502,-4001.298882296971,14.819496291866248
-5753.886943471735,0.00020824715856045502,-4001.298882296971,14.819496291866248
-5751.885942971485,0.00020824715856045502,-4001.298882296971,14.819496291866248
-5749.884942471234,0.00020824715856045502,-4001.298882296971,14.819496291866248
-5747.883941970985,0.00020824715856045502,-4001.298882296971,14.819496291866248
-5745.882941470735,0.00020824715856045502,-4001.298882296971,14.819496291866248
-5743.881940970484,0.00020824715856045502,-4001.298882296971,14.819496291866248
-5741.880940470234,0.00020824715856045502,-4001.298882296971,14.819496291866248
-5739.879939969985,0.00020824715856045502,-4001.298882296971,14.819496291866248
-5737.878939469733,0.00020824715856045502,-4001.298882296971,14.819496291866248
-5735.877938969484,0.00020824715856045502,-4001.298882296971,14.819496291866248
-5733.876938469234,0.00020824715856045502,-4001.298882296971,14.819496291866248
-5731.875937968984,0.00020824715856045502,-4001.298882296971,14.819496291866248
-5729.874937468733,0.00020824715856045502,-4001.298882296971,14.819496291866248
-5727.873936968484,0.00020824715856045502,-4001.298882296971,14.819496291866248
-5725.872936468233,0.00020824715856045502,-4001.298882296971,14.819496291866248
-5723.8719359679835,0.00020824715856045502,-4001.298882296971,14.819496291866248
-5721.870935467733,0.00020824715856045502,-4001.298882296971,14.819496291866248
-5719.869934967483,0.00020824715856045502,-4001.298882296971,14.819496291866248
-5717.868934467233,0.00020824715856045502,-4001.298882296971,14.819496291866248
-5715.867933966983,0.00020824715856045502,-4001.298882296971,14.819496291866248
-5713.866933466732,0.00020824715856045502,-4001.298882296971,14.819496291866248
-5711.865932966482,0.00020824715856045502,-4001.298882296971,14.819496291866248
-5709.864932466232,0.00020824715856045502,-4001.298882296971,14.819496291866248
-5707.863931965982,0.00020824715856045502,-4001.298882296971,14.819496291866248
-5705.862931465732,0.00020824715856045502,-4001.298882296971,14.819496291866248
-5703.861930965481,0.00020824715856045502,-4001.298882296971,14.819496291866248
-5701.860930465232,0.00020824715856045502,-4001.298882296971,14.819496291866248
-5699.859929964982,0.00020824715856045502,-4001.298882296971,14.819496291866248
-5697.858929464731,0.00020824715856045502,-4001.298882296971,14.819496291866248
-5695.857928964481,0.00020824715856045502,-4001.298882296971,14.819496291866248
-5693.856928464232,0.00020824715856045502,-4001.298882296971,14.819496291866248
-5691.85592796398,0.00020824715856045502,-4001.298882296971,14.819496291866248
-5689.854927463731,0.00020824715856045502,-4001.298882296971,14.819496291866248
-5687.853926963481,0.00020824715856045502,-4001.298882296971,14.819496291866248
-5685.852926463231,0.00020824715856045502,-4001.298882296971,14.819496291866248
-5683.85192596298,0.00020824715856045502,-4001.298882296971,14.819496291866248
-5681.850925462731,0.00020824715856045502,-4001.298882296971,14.819496291866248
-5679.84992496248,0.00020824715856045502,-4001.298882296971,14.819496291866248
-5677.848924462231,0.00020824715856045502,-4001.298882296971,14.819496291866248
-5675.84792396198,0.00020824715856045502,-4001.298882296971,14.819496291866248
-5673.84692346173,0.00020824715856045502,-4001.298882296971,14.819496291866248
-5671.84592296148,0.00020824715856045502,-4001.298882296971,14.819496291866248
-5669.84492246123,0.00020824715856045502,-4001.298882296971,14.819496291866248
-5667.843921960979,0.00020824715856045502,-4001.298882296971,14.819496291866248
-5665.8429214607295,0.00020824715856045502,-4001.298882296971,14.819496291866248
-5663.84192096048,0.00020824715856045502,-4001.298882296971,14.819496291866248
-5661.840920460229,0.00020824715856045502,-4001.298882296971,14.819496291866248
-5659.839919959979,0.00020824715856045502,-4001.298882296971,14.819496291866248
-5657.838919459729,0.00020824715856045502,-4001.298882296971,14.819496291866248
-5655.837918959479,0.00020824715856045502,-4001.298882296971,14.819496291866248
-5653.836918459229,0.00020824715856045502,-4001.298882296971,14.819496291866248
-5651.835917958978,0.00020824715856045502,-4001.298882296971,14.819496291866248
-5649.834917458728,0.00020824715856045502,-4001.298882296971,14.819496291866248
-5647.833916958479,0.00020824715856045502,-4001.298882296971,14.819496291866248
-5645.832916458228,0.00020824715856045502,-4001.298882296971,14.819496291866248
-5643.831915957978,0.00020824715856045502,-4001.298882296971,14.819496291866248
-5641.830915457728,0.00020824715856045502,-4001.298882296971,14.819496291866248
-5639.829914957478,0.00020824715856045502,-4001.298882296971,14.819496291866248
-5637.828914457227,0.00020824715856045502,-4001.298882296971,14.819496291866248
-5635.827913956978,0.00020824715856045502,-4001.298882296971,14.819496291866248
-5633.826913456727,0.00020824715856045502,-4001.298882296971,14.819496291866248
-5631.825912956478,0.00020824715856045502,-4001.298882296971,14.819496291866248
-5629.824912456227,0.00020824715856045502,-4001.298882296971,14.819496291866248
-5627.823911955977,0.00020824715856045502,-4001.298882296971,14.819496291866248
-5625.822911455727,0.00020824715856045502,-4001.298882296971,14.819496291866248
-5623.8219109554775,0.00020824715856045502,-4001.298882296971,14.819496291866248
-5621.820910455226,0.00020824715856045502,-4001.298882296971,14.819496291866248
-5619.8199099549765,0.00020824715856045502,-4001.298882296971,14.819496291866248
-5617.818909454727,0.00020824715856045502,-4001.298882296971,14.819496291866248
-5615.8179089544765,0.00020824715856045502,-4001.298882296971,14.819496291866248
-5613.816908454226,0.00020824715856045502,-4001.298882296971,14.819496291866248
-5611.815907953976,0.00020824715856045502,-4001.298882296971,14.819496291866248
-5609.814907453726,0.00020824715856045502,-4001.298882296971,14.819496291866248
-5607.813906953476,0.00020824715856045502,-4001.298882296971,14.819496291866248
-5605.812906453226,0.00020824715856045502,-4001.298882296971,14.819496291866248
-5603.811905952975,0.00020824715856045502,-4001.298882296971,14.819496291866248
-5601.810905452726,0.00020824715856045502,-4001.298882296971,14.819496291866248
-5599.809904952474,0.00020824715856045502,-4001.298882296971,14.819496291866248
-5597.808904452225,0.00020824715856045502,-4001.298882296971,14.819496291866248
-5595.807903951975,0.00020824715856045502,-4001.298882296971,14.819496291866248
-5593.806903451726,0.00020824715856045502,-4001.298882296971,14.819496291866248
-5591.805902951474,0.00020824715856045502,-4001.298882296971,14.819496291866248
-5589.804902451225,0.00020824715856045502,-4001.298882296971,14.819496291866248
-5587.803901950974,0.00020824715856045502,-4001.298882296971,14.819496291866248
-5585.802901450725,0.00020824715856045502,-4001.298882296971,14.819496291866248
-5583.801900950474,0.00020824715856045502,-4001.298882296971,14.819496291866248
-5581.800900450224,0.00020824715856045502,-4001.298882296971,14.819496291866248
-5579.799899949974,0.00020824715856045502,-4001.298882296971,14.819496291866248
-5577.798899449725,0.00020824715856045502,-4001.298882296971,14.819496291866248
-5575.797898949473,0.00020824715856045502,-4001.298882296971,14.819496291866248
-5573.796898449224,0.00020824715856045502,-4001.298882296971,14.819496291866248
-5571.795897948974,0.00020824715856045502,-4001.298882296971,14.819496291866248
-5569.7948974487235,0.00020824715856045502,-4001.298882296971,14.819496291866248
-5567.793896948473,0.00020824715856045502,-4001.298882296971,14.819496291866248
-5565.7928964482235,0.00020824715856045502,-4001.298882296971,14.819496291866248
-5563.791895947973,0.00020824715856045502,-4001.298882296971,14.819496291866248
-5561.790895447723,0.00020824715856045502,-4001.298882296971,14.819496291866248
-5559.789894947473,0.00020824715856045502,-4001.298882296971,14.819496291866248
-5557.788894447222,0.00020824715856045502,-4001.298882296971,14.819496291866248
-5555.787893946973,0.00020824715856045502,-4001.298882296971,14.819496291866248
-5553.786893446723,0.00020824715856045502,-4001.298882296971,14.819496291866248
-5551.785892946472,0.00020824715856045502,-4001.298882296971,14.819496291866248
-5549.784892446222,0.00020824715856045502,-4001.298882296971,14.819496291866248
-5547.783891945973,0.00020824715856045502,-4001.298882296971,14.819496291866248
-5545.782891445721,0.00020824715856045502,-4001.298882296971,14.819496291866248
-5543.781890945472,0.00020824715856045502,-4001.298882296971,14.819496291866248
-5541.780890445222,0.00020824715856045502,-4001.298882296971,14.819496291866248
-5539.779889944972,0.00020824715856045502,-4001.298882296971,14.819496291866248
-5537.778889444721,0.00020824715856045502,-4001.298882296971,14.819496291866248
-5535.777888944471,0.00020824715856045502,-4001.298882296971,14.819496291866248
-5533.776888444221,0.00020824715856045502,-4001.298882296971,14.819496291866248
-5531.775887943972,0.00020824715856045502,-4001.298882296971,14.819496291866248
-5529.77488744372,0.00020824715856045502,-4001.298882296971,14.819496291866248
-5527.773886943471,0.00020824715856045502,-4001.298882296971,14.819496291866248
-5525.772886443221,0.00020824715856045502,-4001.298882296971,14.819496291866248
-5523.771885942971,0.00020824715856045502,-4001.298882296971,14.819496291866248
-5521.77088544272,0.00020824715856045502,-4001.298882296971,14.819496291866248
-5519.7698849424705,0.00020824715856045502,-4001.298882296971,14.819496291866248
-5517.76888444222,0.00020824715856045502,-4001.298882296971,14.819496291866248
-5515.7678839419705,0.00020824715856045502,-4001.298882296971,14.819496291866248
-5513.76688344172,0.00020824715856045502,-4001.298882296971,14.819496291866248
-5511.7658829414695,0.00020824715856045502,-4001.298882296971,14.819496291866248
-5509.76488244122,0.00020824715856045502,-4001.298882296971,14.819496291866248
-5507.763881940969,0.00020824715856045502,-4001.298882296971,14.819496291866248
-5505.762881440719,0.00020824715856045502,-4001.298882296971,14.819496291866248
-5503.761880940469,0.00020824715856045502,-4001.298882296971,14.819496291866248
-5501.76088044022,0.00020824715856045502,-4001.298882296971,14.819496291866248
-5499.759879939969,0.00020824715856045502,-4001.298882296971,14.819496291866248
-5497.758879439719,0.00020824715856045502,-4001.298882296971,14.819496291866248
-5495.757878939469,0.00020824715856045502,-4001.298882296971,14.819496291866248
-5493.756878439219,0.00020824715856045502,-4001.298882296971,14.819496291866248
-5491.755877938968,0.00020824715856045502,-4001.298882296971,14.819496291866248
-5489.754877438719,0.00020824715856045502,-4001.298882296971,14.819496291866248
-5487.753876938468,0.00020824715856045502,-4001.298882296971,14.819496291866248
-5485.752876438219,0.00020824715856045502,-4001.298882296971,14.819496291866248
-5483.751875937968,0.00020824715856045502,-4001.298882296971,14.819496291866248
-5481.750875437718,0.00020824715856045502,-4001.298882296971,14.819496291866248
-5479.749874937468,0.00020824715856045502,-4001.298882296971,14.819496291866248
-5477.748874437219,0.00020824715856045502,-4001.298882296971,14.819496291866248
-5475.747873936967,0.00020824715856045502,-4001.298882296971,14.819496291866248
-5473.746873436718,0.00020824715856045502,-4001.298882296971,14.819496291866248
-5471.745872936468,0.00020824715856045502,-4001.298882296971,14.819496291866248
-5469.7448724362175,0.00020824715856045502,-4001.298882296971,14.819496291866248
-5467.743871935967,0.00020824715856045502,-4001.298882296971,14.819496291866248
-5465.742871435717,0.00020824715856045502,-4001.298882296971,14.819496291866248
-5463.741870935467,0.00020824715856045502,-4001.298882296971,14.819496291866248
-5461.740870435217,0.00020824715856045502,-4001.298882296971,14.819496291866248
-5459.739869934966,0.00020824715856045502,-4001.298882296971,14.819496291866248
-5457.738869434716,0.00020824715856045502,-4001.298882296971,14.819496291866248
-5455.737868934467,0.00020824715856045502,-4001.298882296971,14.819496291866248
-5453.7368684342155,0.00020824715856045502,-4001.298882296971,14.819496291866248
-5451.735867933966,0.00020824715856045502,-4001.298882296971,14.819496291866248
-5449.734867433716,0.00020824715856045502,-4001.298882296971,14.819496291866248
-5447.733866933466,0.00020824715856045502,-4001.298882296971,14.819496291866248
-5445.732866433215,0.00020824715856045502,-4001.298882296971,14.819496291866248
-5443.731865932966,0.00020824715856045502,-4001.298882296971,14.819496291866248
-5441.730865432715,0.00020824715856045502,-4001.298882296971,14.819496291866248
-5439.729864932466,0.00020824715856045502,-4001.298882296971,14.819496291866248
-5437.728864432215,0.00020824715856045502,-4001.298882296971,14.819496291866248
-5435.727863931965,0.00020824715856045502,-4001.298882296971,14.819496291866248
-5433.726863431715,0.00020824715856045502,-4001.298882296971,14.819496291866248
-5431.725862931466,0.00020824715856045502,-4001.298882296971,14.819496291866248
-5429.724862431214,0.00020824715856045502,-4001.298882296971,14.819496291866248
-5427.723861930965,0.00020824715856045502,-4001.298882296971,14.819496291866248
-5425.722861430715,0.00020824715856045502,-4001.298882296971,14.819496291866248
-5423.721860930465,0.00020824715856045502,-4001.298882296971,14.819496291866248
-5421.720860430214,0.00020824715856045502,-4001.298882296971,14.819496291866248
-5419.7198599299645,0.00020824715856045502,-4001.298882296971,14.819496291866248
-5417.718859429714,0.00020824715856045502,-4001.298882296971,14.819496291866248
-5415.717858929464,0.00020824715856045502,-4001.298882296971,14.819496291866248
-5413.716858429213,0.00020824715856045502,-4001.298882296971,14.819496291866248
-5411.7158579289635,0.00020824715856045502,-4001.298882296971,14.819496291866248
-5409.714857428714,0.00020824715856045502,-4001.298882296971,14.819496291866248
-5407.713856928464,0.00020824715856045502,-4001.298882296971,14.819496291866248
-5405.712856428213,0.00020824715856045502,-4001.298882296971,14.819496291866248
-5403.711855927963,0.00020824715856045502,-4001.298882296971,14.819496291866248
-5401.710855427713,0.00020824715856045502,-4001.298882296971,14.819496291866248
-5399.709854927462,0.00020824715856045502,-4001.298882296971,14.819496291866248
-5397.708854427213,0.00020824715856045502,-4001.298882296971,14.819496291866248
-5395.707853926962,0.00020824715856045502,-4001.298882296971,14.819496291866248
-5393.706853426713,0.00020824715856045502,-4001.298882296971,14.819496291866248
-5391.705852926462,0.00020824715856045502,-4001.298882296971,14.819496291866248
-5389.704852426212,0.00020824715856045502,-4001.298882296971,14.819496291866248
-5387.703851925962,0.00020824715856045502,-4001.298882296971,14.819496291866248
-5385.702851425713,0.00020824715856045502,-4001.298882296971,14.819496291866248
-5383.701850925461,0.00020824715856045502,-4001.298882296971,14.819496291866248
-5381.700850425212,0.00020824715856045502,-4001.298882296971,14.819496291866248
-5379.699849924962,0.00020824715856045502,-4001.298882296971,14.819496291866248
-5377.698849424712,0.00020824715856045502,-4001.298882296971,14.819496291866248
-5375.697848924461,0.00020824715856045502,-4001.298882296971,14.819496291866248
-5373.696848424212,0.00020824715856045502,-4001.298882296971,14.819496291866248
-5371.695847923961,0.00020824715856045502,-4001.298882296971,14.819496291866248
-5369.6948474237115,0.00020824715856045502,-4001.298882296971,14.819496291866248
-5367.693846923461,0.00020824715856045502,-4001.298882296971,14.819496291866248
-5365.6928464232105,0.00020824715856045502,-4001.298882296971,14.819496291866248
-5363.691845922961,0.00020824715856045502,-4001.298882296971,14.819496291866248
-5361.6908454227105,0.00020824715856045502,-4001.298882296971,14.819496291866248
-5359.68984492246,0.00020824715856045502,-4001.298882296971,14.819496291866248
-5357.68884442221,0.00020824715856045502,-4001.298882296971,14.819496291866248
-5355.687843921961,0.00020824715856045502,-4001.298882296971,14.819496291866248
-5353.68684342171,0.00020824715856045502,-4001.298882296971,14.819496291866248
-5351.68584292146,0.00020824715856045502,-4001.298882296971,14.819496291866248
-5349.684842421209,0.00020824715856045502,-4001.298882296971,14.819496291866248
-5347.68384192096,0.00020824715856045502,-4001.298882296971,14.819496291866248
-5345.682841420709,0.00020824715856045502,-4001.298882296971,14.819496291866248
-5343.681840920459,0.00020824715856045502,-4001.298882296971,14.819496291866248
-5341.680840420209,0.00020824715856045502,-4001.298882296971,14.819496291866248
-5339.67983991996,0.00020824715856045502,-4001.298882296971,14.819496291866248
-5337.678839419708,0.00020824715856045502,-4001.298882296971,14.819496291866248
-5335.677838919459,0.00020824715856045502,-4001.298882296971,14.819496291866248
-5333.676838419209,0.00020824715856045502,-4001.298882296971,14.819496291866248
-5331.675837918959,0.00020824715856045502,-4001.298882296971,14.819496291866248
-5329.674837418708,0.00020824715856045502,-4001.298882296971,14.819496291866248
-5327.673836918459,0.00020824715856045502,-4001.298882296971,14.819496291866248
-5325.672836418208,0.00020824715856045502,-4001.298882296971,14.819496291866248
-5323.671835917958,0.00020824715856045502,-4001.298882296971,14.819496291866248
-5321.670835417708,0.00020824715856045502,-4001.298882296971,14.819496291866248
-5319.669834917458,0.00020824715856045502,-4001.298882296971,14.819496291866248
-5317.668834417208,0.00020824715856045502,-4001.298882296971,14.819496291866248
-5315.667833916958,0.00020824715856045502,-4001.298882296971,14.819496291866248
-5313.666833416707,0.00020824715856045502,-4001.298882296971,14.819496291866248
-5311.6658329164575,0.00020824715856045502,-4001.298882296971,14.819496291866248
-5309.664832416208,0.00020824715856045502,-4001.298882296971,14.819496291866248
-5307.6638319159565,0.00020824715856045502,-4001.298882296971,14.819496291866248
-5305.662831415707,0.00020824715856045502,-4001.298882296971,14.819496291866248
-5303.661830915457,0.00020824715856045502,-4001.298882296971,14.819496291866248
-5301.660830415207,0.00020824715856045502,-4001.298882296971,14.819496291866248
-5299.659829914956,0.00020824715856045502,-4001.298882296971,14.819496291866248
-5297.658829414707,0.00020824715856045502,-4001.298882296971,14.819496291866248
-5295.657828914456,0.00020824715856045502,-4001.298882296971,14.819496291866248
-5293.656828414207,0.00020824715856045502,-4001.298882296971,14.819496291866248
-5291.655827913955,0.00020824715856045502,-4001.298882296971,14.819496291866248
-5289.654827413706,0.00020824715856045502,-4001.298882296971,14.819496291866248
-5287.653826913456,0.00020824715856045502,-4001.298882296971,14.819496291866248
-5285.652826413206,0.00020824715856045502,-4001.298882296971,14.819496291866248
-5283.651825912955,0.00020824715856045502,-4001.298882296971,14.819496291866248
-5281.650825412706,0.00020824715856045502,-4001.298882296971,14.819496291866248
-5279.649824912455,0.00020824715856045502,-4001.298882296971,14.819496291866248
-5277.648824412206,0.00020824715856045502,-4001.298882296971,14.819496291866248
-5275.647823911955,0.00020824715856045502,-4001.298882296971,14.819496291866248
-5273.646823411705,0.00020824715856045502,-4001.298882296971,14.819496291866248
-5271.645822911455,0.00020824715856045502,-4001.298882296971,14.819496291866248
-5269.644822411205,0.00020824715856045502,-4001.298882296971,14.819496291866248
-5267.643821910954,0.00020824715856045502,-4001.298882296971,14.819496291866248
-5265.6428214107045,0.00020824715856045502,-4001.298882296971,14.819496291866248
-5263.641820910455,0.00020824715856045502,-4001.298882296971,14.819496291866248
-5261.6408204102045,0.00020824715856045502,-4001.298882296971,14.819496291866248
-5259.639819909954,0.00020824715856045502,-4001.298882296971,14.819496291866248
-5257.638819409704,0.00020824715856045502,-4001.298882296971,14.819496291866248
-5255.637818909454,0.00020824715856045502,-4001.298882296971,14.819496291866248
-5253.636818409203,0.00020824715856045502,-4001.298882296971,14.819496291866248
-5251.635817908954,0.00020824715856045502,-4001.298882296971,14.819496291866248
-5249.634817408703,0.00020824715856045502,-4001.298882296971,14.819496291866248
-5247.633816908454,0.00020824715856045502,-4001.298882296971,14.819496291866248
-5245.632816408203,0.00020824715856045502,-4001.298882296971,14.819496291866248
-5243.631815907953,0.00020824715856045502,-4001.298882296971,14.819496291866248
-5241.630815407703,0.00020824715856045502,-4001.298882296971,14.819496291866248
-5239.629814907454,0.00020824715856045502,-4001.298882296971,14.819496291866248
-5237.628814407202,0.00020824715856045502,-4001.298882296971,14.819496291866248
-5235.627813906953,0.00020824715856045502,-4001.298882296971,14.819496291866248
-5233.626813406703,0.00020824715856045502,-4001.298882296971,14.819496291866248
-5231.625812906453,0.00020824715856045502,-4001.298882296971,14.819496291866248
-5229.624812406202,0.00020824715856045502,-4001.298882296971,14.819496291866248
-5227.623811905952,0.00020824715856045502,-4001.298882296971,14.819496291866248
-5225.622811405702,0.00020824715856045502,-4001.298882296971,14.819496291866248
-5223.621810905453,0.00020824715856045502,-4001.298882296971,14.819496291866248
-5221.620810405201,0.00020824715856045502,-4001.298882296971,14.819496291866248
-5219.619809904952,0.00020824715856045502,-4001.298882296971,14.819496291866248
-5217.618809404702,0.00020824715856045502,-4001.298882296971,14.819496291866248
-5215.617808904451,0.00020824715856045502,-4001.298882296971,14.819496291866248
-5213.616808404201,0.00020824715856045502,-4001.298882296971,14.819496291866248
-5211.6158079039515,0.00020824715856045502,-4001.298882296971,14.819496291866248
-5209.614807403701,0.00020824715856045502,-4001.298882296971,14.819496291866248
-5207.613806903451,0.00020824715856045502,-4001.298882296971,14.819496291866248
-5205.612806403201,0.00020824715856045502,-4001.298882296971,14.819496291866248
-5203.61180590295,0.00020824715856045502,-4001.298882296971,14.819496291866248
-5201.610805402701,0.00020824715856045502,-4001.298882296971,14.819496291866248
-5199.60980490245,0.00020824715856045502,-4001.298882296971,14.819496291866248
-5197.6088044022,0.00020824715856045502,-4001.298882296971,14.819496291866248
-5195.60780390195,0.00020824715856045502,-4001.298882296971,14.819496291866248
-5193.606803401701,0.00020824715856045502,-4001.298882296971,14.819496291866248
-5191.605802901449,0.00020824715856045502,-4001.298882296971,14.819496291866248
-5189.6048024012,0.00020824715856045502,-4001.298882296971,14.819496291866248
-5187.60380190095,0.00020824715856045502,-4001.298882296971,14.819496291866248
-5185.6028014007,0.00020824715856045502,-4001.298882296971,14.819496291866248
-5183.601800900449,0.00020824715856045502,-4001.298882296971,14.819496291866248
-5181.6008004002,0.00020824715856045502,-4001.298882296971,14.819496291866248
-5179.599799899949,0.00020824715856045502,-4001.298882296971,14.819496291866248
-5177.598799399699,0.00020824715856045502,-4001.298882296971,14.819496291866248
-5175.597798899448,0.00020824715856045502,-4001.298882296971,14.819496291866248
-5173.596798399199,0.00020824715856045502,-4001.298882296971,14.819496291866248
-5171.595797898949,0.00020824715856045502,-4001.298882296971,14.819496291866248
-5169.5947973986995,0.00020824715856045502,-4001.298882296971,14.819496291866248
-5167.593796898448,0.00020824715856045502,-4001.298882296971,14.819496291866248
-5165.5927963981985,0.00020824715856045502,-4001.298882296971,14.819496291866248
-5163.591795897948,0.00020824715856045502,-4001.298882296971,14.819496291866248
-5161.590795397698,0.00020824715856045502,-4001.298882296971,14.819496291866248
-5159.589794897448,0.00020824715856045502,-4001.298882296971,14.819496291866248
-5157.5887943971975,0.00020824715856045502,-4001.298882296971,14.819496291866248
-5155.587793896948,0.00020824715856045502,-4001.298882296971,14.819496291866248
-5153.586793396697,0.00020824715856045502,-4001.298882296971,14.819496291866248
-5151.585792896447,0.00020824715856045502,-4001.298882296971,14.819496291866248
-5149.584792396197,0.00020824715856045502,-4001.298882296971,14.819496291866248
-5147.583791895948,0.00020824715856045502,-4001.298882296971,14.819496291866248
-5145.582791395696,0.00020824715856045502,-4001.298882296971,14.819496291866248
-5143.581790895447,0.00020824715856045502,-4001.298882296971,14.819496291866248
-5141.580790395197,0.00020824715856045502,-4001.298882296971,14.819496291866248
-5139.579789894947,0.00020824715856045502,-4001.298882296971,14.819496291866248
-5137.578789394696,0.00020824715856045502,-4001.298882296971,14.819496291866248
-5135.577788894447,0.00020824715856045502,-4001.298882296971,14.819496291866248
-5133.576788394196,0.00020824715856045502,-4001.298882296971,14.819496291866248
-5131.575787893947,0.00020824715856045502,-4001.298882296971,14.819496291866248
-5129.574787393696,0.00020824715856045502,-4001.298882296971,14.819496291866248
-5127.573786893446,0.00020824715856045502,-4001.298882296971,14.819496291866248
-5125.572786393196,0.00020824715856045502,-4001.298882296971,14.819496291866248
-5123.571785892946,0.00020824715856045502,-4001.298882296971,14.819496291866248
-5121.570785392695,0.00020824715856045502,-4001.298882296971,14.819496291866248
-5119.569784892446,0.00020824715856045502,-4001.298882296971,14.819496291866248
-5117.568784392196,0.00020824715856045502,-4001.298882296971,14.819496291866248
-5115.5677838919455,0.00020824715856045502,-4001.298882296971,14.819496291866248
-5113.566783391695,0.00020824715856045502,-4001.298882296971,14.819496291866248
-5111.5657828914445,0.00020824715856045502,-4001.298882296971,14.819496291866248
-5109.564782391195,0.00020824715856045502,-4001.298882296971,14.819496291866248
-5107.5637818909445,0.00020824715856045502,-4001.298882296971,14.819496291866248
-5105.562781390694,0.00020824715856045502,-4001.298882296971,14.819496291866248
-5103.561780890444,0.00020824715856045502,-4001.298882296971,14.819496291866248
-5101.560780390195,0.00020824715856045502,-4001.298882296971,14.819496291866248
-5099.5597798899435,0.00020824715856045502,-4001.298882296971,14.819496291866248
-5097.558779389694,0.00020824715856045502,-4001.298882296971,14.819496291866248
-5095.557778889444,0.00020824715856045502,-4001.298882296971,14.819496291866248
-5093.556778389194,0.00020824715856045502,-4001.298882296971,14.819496291866248
-5091.555777888943,0.00020824715856045502,-4001.298882296971,14.819496291866248
-5089.554777388694,0.00020824715856045502,-4001.298882296971,14.819496291866248
-5087.553776888443,0.00020824715856045502,-4001.298882296971,14.819496291866248
-5085.552776388193,0.00020824715856045502,-4001.298882296971,14.819496291866248
-5083.551775887943,0.00020824715856045502,-4001.298882296971,14.819496291866248
-5081.550775387693,0.00020824715856045502,-4001.298882296971,14.819496291866248
-5079.549774887443,0.00020824715856045502,-4001.298882296971,14.819496291866248
-5077.548774387194,0.00020824715856045502,-4001.298882296971,14.819496291866248
-5075.547773886942,0.00020824715856045502,-4001.298882296971,14.819496291866248
-5073.546773386693,0.00020824715856045502,-4001.298882296971,14.819496291866248
-5071.545772886443,0.00020824715856045502,-4001.298882296971,14.819496291866248
-5069.544772386192,0.00020824715856045502,-4001.298882296971,14.819496291866248
-5067.543771885942,0.00020824715856045502,-4001.298882296971,14.819496291866248
-5065.5427713856925,0.00020824715856045502,-4001.298882296971,14.819496291866248
-5063.541770885442,0.00020824715856045502,-4001.298882296971,14.819496291866248
-5061.5407703851915,0.00020824715856045502,-4001.298882296971,14.819496291866248
-5059.539769884942,0.00020824715856045502,-4001.298882296971,14.819496291866248
-5057.5387693846915,0.00020824715856045502,-4001.298882296971,14.819496291866248
-5055.537768884442,0.00020824715856045502,-4001.298882296971,14.819496291866248
-5053.5367683841905,0.00020824715856045502,-4001.298882296971,14.819496291866248
-5051.535767883941,0.00020824715856045502,-4001.298882296971,14.819496291866248
-5049.534767383691,0.00020824715856045502,-4001.298882296971,14.819496291866248
-5047.533766883441,0.00020824715856045502,-4001.298882296971,14.819496291866248
-5045.53276638319,0.00020824715856045502,-4001.298882296971,14.819496291866248
-5043.531765882941,0.00020824715856045502,-4001.298882296971,14.819496291866248
-5041.53076538269,0.00020824715856045502,-4001.298882296971,14.819496291866248
-5039.529764882441,0.00020824715856045502,-4001.298882296971,14.819496291866248
-5037.52876438219,0.00020824715856045502,-4001.298882296971,14.819496291866248
-5035.52776388194,0.00020824715856045502,-4001.298882296971,14.819496291866248
-5033.52676338169,0.00020824715856045502,-4001.298882296971,14.819496291866248
-5031.52576288144,0.00020824715856045502,-4001.298882296971,14.819496291866248
-5029.524762381189,0.00020824715856045502,-4001.298882296971,14.819496291866248
-5027.52376188094,0.00020824715856045502,-4001.298882296971,14.819496291866248
-5025.52276138069,0.00020824715856045502,-4001.298882296971,14.819496291866248
-5023.52176088044,0.00020824715856045502,-4001.298882296971,14.819496291866248
-5021.520760380189,0.00020824715856045502,-4001.298882296971,14.819496291866248
-5019.51975987994,0.00020824715856045502,-4001.298882296971,14.819496291866248
-5017.518759379689,0.00020824715856045502,-4001.298882296971,14.819496291866248
-5015.517758879439,0.00020824715856045502,-4001.298882296971,14.819496291866248
-5013.516758379189,0.00020824715856045502,-4001.298882296971,14.819496291866248
-5011.5157578789385,0.00020824715856045502,-4001.298882296971,14.819496291866248
-5009.514757378689,0.00020824715856045502,-4001.298882296971,14.819496291866248
-5007.5137568784385,0.00020824715856045502,-4001.298882296971,14.819496291866248
-5005.512756378188,0.00020824715856045502,-4001.298882296971,14.819496291866248
-5003.511755877938,0.00020824715856045502,-4001.298882296971,14.819496291866248
-5001.510755377689,0.00020824715856045502,-4001.298882296971,14.819496291866248
-4999.509754877437,0.00020824715856045502,-4001.298882296971,14.819496291866248
-4997.508754377188,0.00020824715856045502,-4001.298882296971,14.819496291866248
-4995.507753876938,0.00020824715856045502,-4001.298882296971,14.819496291866248
-4993.506753376688,0.00020824715856045502,-4001.298882296971,14.819496291866248
-4991.505752876437,0.00020824715856045502,-4001.298882296971,14.819496291866248
-4989.504752376187,0.00020824715856045502,-4001.298882296971,14.819496291866248
-4987.503751875937,0.00020824715856045502,-4001.298882296971,14.819496291866248
-4985.502751375688,0.00020824715856045502,-4001.298882296971,14.819496291866248
-4983.501750875436,0.00020824715856045502,-4001.298882296971,14.819496291866248
-4981.500750375187,0.00020824715856045502,-4001.298882296971,14.819496291866248
-4979.499749874937,0.00020824715856045502,-4001.298882296971,14.819496291866248
-4977.498749374686,0.00020824715856045502,-4001.298882296971,14.819496291866248
-4975.497748874436,0.00020824715856045502,-4001.298882296971,14.819496291866248
-4973.496748374187,0.00020824715856045502,-4001.298882296971,14.819496291866248
-4971.495747873936,0.00020824715856045502,-4001.298882296971,14.819496291866248
-4969.494747373687,0.00020824715856045502,-4001.298882296971,14.819496291866248
-4967.493746873436,0.00020824715856045502,-4001.298882296971,14.819496291866248
-4965.492746373186,0.00020824715856045502,-4001.298882296971,14.819496291866248
-4963.491745872936,0.00020824715856045502,-4001.298882296971,14.819496291866248
-4961.4907453726855,0.00020824715856045502,-4001.298882296971,14.819496291866248
-4959.489744872435,0.00020824715856045502,-4001.298882296971,14.819496291866248
-4957.4887443721855,0.00020824715856045502,-4001.298882296971,14.819496291866248
-4955.487743871936,0.00020824715856045502,-4001.298882296971,14.819496291866248
-4953.4867433716845,0.00020824715856045502,-4001.298882296971,14.819496291866248
-4951.485742871435,0.00020824715856045502,-4001.298882296971,14.819496291866248
-4949.484742371185,0.00020824715856045502,-4001.298882296971,14.819496291866248
-4947.483741870935,0.00020824715856045502,-4001.298882296971,14.819496291866248
-4945.482741370684,0.00020824715856045502,-4001.298882296971,14.819496291866248
-4943.481740870435,0.00020824715856045502,-4001.298882296971,14.819496291866248
-4941.480740370184,0.00020824715856045502,-4001.298882296971,14.819496291866248
-4939.479739869934,0.00020824715856045502,-4001.298882296971,14.819496291866248
-4937.478739369684,0.00020824715856045502,-4001.298882296971,14.819496291866248
-4935.477738869434,0.00020824715856045502,-4001.298882296971,14.819496291866248
-4933.476738369184,0.00020824715856045502,-4001.298882296971,14.819496291866248
-4931.475737868935,0.00020824715856045502,-4001.298882296971,14.819496291866248
-4929.474737368683,0.00020824715856045502,-4001.298882296971,14.819496291866248
-4927.473736868434,0.00020824715856045502,-4001.298882296971,14.819496291866248
-4925.472736368183,0.00020824715856045502,-4001.298882296971,14.819496291866248
-4923.471735867933,0.00020824715856045502,-4001.298882296971,14.819496291866248
-4921.470735367683,0.00020824715856045502,-4001.298882296971,14.819496291866248
-4919.469734867433,0.00020824715856045502,-4001.298882296971,14.819496291866248
-4917.468734367183,0.00020824715856045502,-4001.298882296971,14.819496291866248
-4915.467733866933,0.00020824715856045502,-4001.298882296971,14.819496291866248
-4913.466733366682,0.00020824715856045502,-4001.298882296971,14.819496291866248
-4911.4657328664325,0.00020824715856045502,-4001.298882296971,14.819496291866248
-4909.464732366183,0.00020824715856045502,-4001.298882296971,14.819496291866248
-4907.463731865932,0.00020824715856045502,-4001.298882296971,14.819496291866248
-4905.462731365682,0.00020824715856045502,-4001.298882296971,14.819496291866248
-4903.461730865432,0.00020824715856045502,-4001.298882296971,14.819496291866248
-4901.460730365182,0.00020824715856045502,-4001.298882296971,14.819496291866248
-4899.459729864931,0.00020824715856045502,-4001.298882296971,14.819496291866248
-4897.458729364682,0.00020824715856045502,-4001.298882296971,14.819496291866248
-4895.457728864431,0.00020824715856045502,-4001.298882296971,14.819496291866248
-4893.456728364182,0.00020824715856045502,-4001.298882296971,14.819496291866248
-4891.455727863931,0.00020824715856045502,-4001.298882296971,14.819496291866248
-4889.454727363681,0.00020824715856045502,-4001.298882296971,14.819496291866248
-4887.453726863431,0.00020824715856045502,-4001.298882296971,14.819496291866248
-4885.452726363181,0.00020824715856045502,-4001.298882296971,14.819496291866248
-4883.45172586293,0.00020824715856045502,-4001.298882296971,14.819496291866248
-4881.450725362681,0.00020824715856045502,-4001.298882296971,14.819496291866248
-4879.449724862431,0.00020824715856045502,-4001.298882296971,14.819496291866248
-4877.448724362181,0.00020824715856045502,-4001.298882296971,14.819496291866248
-4875.44772386193,0.00020824715856045502,-4001.298882296971,14.819496291866248
-4873.446723361681,0.00020824715856045502,-4001.298882296971,14.819496291866248
-4871.44572286143,0.00020824715856045502,-4001.298882296971,14.819496291866248
-4869.44472236118,0.00020824715856045502,-4001.298882296971,14.819496291866248
-4867.443721860929,0.00020824715856045502,-4001.298882296971,14.819496291866248
-4865.44272136068,0.00020824715856045502,-4001.298882296971,14.819496291866248
-4863.44172086043,0.00020824715856045502,-4001.298882296971,14.819496291866248
-4861.4407203601795,0.00020824715856045502,-4001.298882296971,14.819496291866248
-4859.439719859929,0.00020824715856045502,-4001.298882296971,14.819496291866248
-4857.438719359679,0.00020824715856045502,-4001.298882296971,14.819496291866248
-4855.437718859429,0.00020824715856045502,-4001.298882296971,14.819496291866248
-4853.4367183591785,0.00020824715856045502,-4001.298882296971,14.819496291866248
-4851.435717858929,0.00020824715856045502,-4001.298882296971,14.819496291866248
-4849.434717358678,0.00020824715856045502,-4001.298882296971,14.819496291866248
-4847.433716858428,0.00020824715856045502,-4001.298882296971,14.819496291866248
-4845.432716358178,0.00020824715856045502,-4001.298882296971,14.819496291866248
-4843.431715857928,0.00020824715856045502,-4001.298882296971,14.819496291866248
-4841.430715357678,0.00020824715856045502,-4001.298882296971,14.819496291866248
-4839.429714857429,0.00020824715856045502,-4001.298882296971,14.819496291866248
-4837.428714357177,0.00020824715856045502,-4001.298882296971,14.819496291866248
-4835.427713856928,0.00020824715856045502,-4001.298882296971,14.819496291866248
-4833.426713356678,0.00020824715856045502,-4001.298882296971,14.819496291866248
-4831.425712856427,0.00020824715856045502,-4001.298882296971,14.819496291866248
-4829.424712356177,0.00020824715856045502,-4001.298882296971,14.819496291866248
-4827.423711855928,0.00020824715856045502,-4001.298882296971,14.819496291866248
-4825.422711355677,0.00020824715856045502,-4001.298882296971,14.819496291866248
-4823.421710855428,0.00020824715856045502,-4001.298882296971,14.819496291866248
-4821.420710355177,0.00020824715856045502,-4001.298882296971,14.819496291866248
-4819.419709854927,0.00020824715856045502,-4001.298882296971,14.819496291866248
-4817.418709354677,0.00020824715856045502,-4001.298882296971,14.819496291866248
-4815.417708854426,0.00020824715856045502,-4001.298882296971,14.819496291866248
-4813.416708354176,0.00020824715856045502,-4001.298882296971,14.819496291866248
-4811.4157078539265,0.00020824715856045502,-4001.298882296971,14.819496291866248
-4809.414707353675,0.00020824715856045502,-4001.298882296971,14.819496291866248
-4807.4137068534255,0.00020824715856045502,-4001.298882296971,14.819496291866248
-4805.412706353176,0.00020824715856045502,-4001.298882296971,14.819496291866248
-4803.4117058529255,0.00020824715856045502,-4001.298882296971,14.819496291866248
-4801.410705352676,0.00020824715856045502,-4001.298882296971,14.819496291866248
-4799.409704852425,0.00020824715856045502,-4001.298882296971,14.819496291866248
-4797.408704352175,0.00020824715856045502,-4001.298882296971,14.819496291866248
-4795.407703851925,0.00020824715856045502,-4001.298882296971,14.819496291866248
-4793.406703351675,0.00020824715856045502,-4001.298882296971,14.819496291866248
-4791.405702851424,0.00020824715856045502,-4001.298882296971,14.819496291866248
-4789.404702351175,0.00020824715856045502,-4001.298882296971,14.819496291866248
-4787.403701850925,0.00020824715856045502,-4001.298882296971,14.819496291866248
-4785.402701350675,0.00020824715856045502,-4001.298882296971,14.819496291866248
-4783.401700850424,0.00020824715856045502,-4001.298882296971,14.819496291866248
-4781.400700350175,0.00020824715856045502,-4001.298882296971,14.819496291866248
-4779.399699849924,0.00020824715856045502,-4001.298882296971,14.819496291866248
-4777.398699349674,0.00020824715856045502,-4001.298882296971,14.819496291866248
-4775.397698849424,0.00020824715856045502,-4001.298882296971,14.819496291866248
-4773.396698349174,0.00020824715856045502,-4001.298882296971,14.819496291866248
-4771.395697848924,0.00020824715856045502,-4001.298882296971,14.819496291866248
-4769.3946973486745,0.00020824715856045502,-4001.298882296971,14.819496291866248
-4767.393696848423,0.00020824715856045502,-4001.298882296971,14.819496291866248
-4765.392696348174,0.00020824715856045502,-4001.298882296971,14.819496291866248
-4763.391695847924,0.00020824715856045502,-4001.298882296971,14.819496291866248
-4761.390695347673,0.00020824715856045502,-4001.298882296971,14.819496291866248
-4759.389694847423,0.00020824715856045502,-4001.298882296971,14.819496291866248
-4757.388694347173,0.00020824715856045502,-4001.298882296971,14.819496291866248
-4755.387693846922,0.00020824715856045502,-4001.298882296971,14.819496291866248
-4753.3866933466725,0.00020824715856045502,-4001.298882296971,14.819496291866248
-4751.385692846422,0.00020824715856045502,-4001.298882296971,14.819496291866248
-4749.384692346172,0.00020824715856045502,-4001.298882296971,14.819496291866248
-4747.383691845923,0.00020824715856045502,-4001.298882296971,14.819496291866248
-4745.382691345671,0.00020824715856045502,-4001.298882296971,14.819496291866248
-4743.381690845422,0.00020824715856045502,-4001.298882296971,14.819496291866248
-4741.380690345172,0.00020824715856045502,-4001.298882296971,14.819496291866248
-4739.379689844921,0.00020824715856045502,-4001.298882296971,14.819496291866248
-4737.378689344671,0.00020824715856045502,-4001.298882296971,14.819496291866248
-4735.377688844422,0.00020824715856045502,-4001.298882296971,14.819496291866248
-4733.376688344171,0.00020824715856045502,-4001.298882296971,14.819496291866248
-4731.375687843922,0.00020824715856045502,-4001.298882296971,14.819496291866248
-4729.374687343671,0.00020824715856045502,-4001.298882296971,14.819496291866248
-4727.373686843421,0.00020824715856045502,-4001.298882296971,14.819496291866248
-4725.372686343171,0.00020824715856045502,-4001.298882296971,14.819496291866248
-4723.371685842921,0.00020824715856045502,-4001.298882296971,14.819496291866248
-4721.37068534267,0.00020824715856045502,-4001.298882296971,14.819496291866248
-4719.369684842421,0.00020824715856045502,-4001.298882296971,14.819496291866248
-4717.368684342171,0.00020824715856045502,-4001.298882296971,14.819496291866248
-4715.36768384192,0.00020824715856045502,-4001.298882296971,14.819496291866248
-4713.36668334167,0.00020824715856045502,-4001.298882296971,14.819496291866248
-4711.3656828414205,0.00020824715856045502,-4001.298882296971,14.819496291866248
-4709.36468234117,0.00020824715856045502,-4001.298882296971,14.819496291866248
-4707.3636818409195,0.00020824715856045502,-4001.298882296971,14.819496291866248
-4705.36268134067,0.00020824715856045502,-4001.298882296971,14.819496291866248
-4703.3616808404195,0.00020824715856045502,-4001.298882296971,14.819496291866248
-4701.360680340169,0.00020824715856045502,-4001.298882296971,14.819496291866248
-4699.359679839919,0.00020824715856045502,-4001.298882296971,14.819496291866248
-4697.358679339669,0.00020824715856045502,-4001.298882296971,14.819496291866248
-4695.357678839419,0.00020824715856045502,-4001.298882296971,14.819496291866248
-4693.35667833917,0.00020824715856045502,-4001.298882296971,14.819496291866248
-4691.355677838918,0.00020824715856045502,-4001.298882296971,14.819496291866248
-4689.354677338669,0.00020824715856045502,-4001.298882296971,14.819496291866248
-4687.353676838418,0.00020824715856045502,-4001.298882296971,14.819496291866248
-4685.352676338168,0.00020824715856045502,-4001.298882296971,14.819496291866248
-4683.351675837918,0.00020824715856045502,-4001.298882296971,14.819496291866248
-4681.350675337668,0.00020824715856045502,-4001.298882296971,14.819496291866248
-4679.349674837418,0.00020824715856045502,-4001.298882296971,14.819496291866248
-4677.348674337169,0.00020824715856045502,-4001.298882296971,14.819496291866248
-4675.347673836917,0.00020824715856045502,-4001.298882296971,14.819496291866248
-4673.346673336668,0.00020824715856045502,-4001.298882296971,14.819496291866248
-4671.345672836418,0.00020824715856045502,-4001.298882296971,14.819496291866248
-4669.344672336167,0.00020824715856045502,-4001.298882296971,14.819496291866248
-4667.343671835917,0.00020824715856045502,-4001.298882296971,14.819496291866248
-4665.342671335668,0.00020824715856045502,-4001.298882296971,14.819496291866248
-4663.341670835416,0.00020824715856045502,-4001.298882296971,14.819496291866248
-4661.340670335167,0.00020824715856045502,-4001.298882296971,14.819496291866248
-4659.339669834917,0.00020824715856045502,-4001.298882296971,14.819496291866248
-4657.3386693346665,0.00020824715856045502,-4001.298882296971,14.819496291866248
-4655.337668834417,0.00020824715856045502,-4001.298882296971,14.819496291866248
-4653.3366683341665,0.00020824715856045502,-4001.298882296971,14.819496291866248
-4651.335667833916,0.00020824715856045502,-4001.298882296971,14.819496291866248
-4649.334667333666,0.00020824715856045502,-4001.298882296971,14.819496291866248
-4647.333666833416,0.00020824715856045502,-4001.298882296971,14.819496291866248
-4645.332666333165,0.00020824715856045502,-4001.298882296971,14.819496291866248
-4643.331665832916,0.00020824715856045502,-4001.298882296971,14.819496291866248
-4641.330665332666,0.00020824715856045502,-4001.298882296971,14.819496291866248
-4639.329664832416,0.00020824715856045502,-4001.298882296971,14.819496291866248
-4637.328664332165,0.00020824715856045502,-4001.298882296971,14.819496291866248
-4635.327663831916,0.00020824715856045502,-4001.298882296971,14.819496291866248
-4633.326663331665,0.00020824715856045502,-4001.298882296971,14.819496291866248
-4631.325662831415,0.00020824715856045502,-4001.298882296971,14.819496291866248
-4629.324662331164,0.00020824715856045502,-4001.298882296971,14.819496291866248
-4627.323661830915,0.00020824715856045502,-4001.298882296971,14.819496291866248
-4625.322661330665,0.00020824715856045502,-4001.298882296971,14.819496291866248
-4623.321660830415,0.00020824715856045502,-4001.298882296971,14.819496291866248
-4621.320660330164,0.00020824715856045502,-4001.298882296971,14.819496291866248
-4619.319659829915,0.00020824715856045502,-4001.298882296971,14.819496291866248
-4617.318659329664,0.00020824715856045502,-4001.298882296971,14.819496291866248
-4615.317658829414,0.00020824715856045502,-4001.298882296971,14.819496291866248
-4613.316658329164,0.00020824715856045502,-4001.298882296971,14.819496291866248
-4611.315657828914,0.00020824715856045502,-4001.298882296971,14.819496291866248
-4609.314657328663,0.00020824715856045502,-4001.298882296971,14.819496291866248
-4607.3136568284135,0.00020824715856045502,-4001.298882296971,14.819496291866248
-4605.312656328163,0.00020824715856045502,-4001.298882296971,14.819496291866248
-4603.3116558279135,0.00020824715856045502,-4001.298882296971,14.819496291866248
-4601.310655327664,0.00020824715856045502,-4001.298882296971,14.819496291866248
-4599.3096548274125,0.00020824715856045502,-4001.298882296971,14.819496291866248
-4597.308654327163,0.00020824715856045502,-4001.298882296971,14.819496291866248
-4595.307653826913,0.00020824715856045502,-4001.298882296971,14.819496291866248
-4593.306653326662,0.00020824715856045502,-4001.298882296971,14.819496291866248
-4591.305652826412,0.00020824715856045502,-4001.298882296971,14.819496291866248
-4589.304652326163,0.00020824715856045502,-4001.298882296971,14.819496291866248
-4587.303651825912,0.00020824715856045502,-4001.298882296971,14.819496291866248
-4585.302651325663,0.00020824715856045502,-4001.298882296971,14.819496291866248
-4583.301650825412,0.00020824715856045502,-4001.298882296971,14.819496291866248
-4581.300650325162,0.00020824715856045502,-4001.298882296971,14.819496291866248
-4579.299649824912,0.00020824715856045502,-4001.298882296971,14.819496291866248
-4577.298649324661,0.00020824715856045502,-4001.298882296971,14.819496291866248
-4575.297648824411,0.00020824715856045502,-4001.298882296971,14.819496291866248
-4573.296648324162,0.00020824715856045502,-4001.298882296971,14.819496291866248
-4571.29564782391,0.00020824715856045502,-4001.298882296971,14.819496291866248
-4569.294647323661,0.00020824715856045502,-4001.298882296971,14.819496291866248
-4567.293646823411,0.00020824715856045502,-4001.298882296971,14.819496291866248
-4565.292646323161,0.00020824715856045502,-4001.298882296971,14.819496291866248
-4563.291645822911,0.00020824715856045502,-4001.298882296971,14.819496291866248
-4561.290645322661,0.00020824715856045502,-4001.298882296971,14.819496291866248
-4559.28964482241,0.00020824715856045502,-4001.298882296971,14.819496291866248
-4557.2886443221605,0.00020824715856045502,-4001.298882296971,14.819496291866248
-4555.28764382191,0.00020824715856045502,-4001.298882296971,14.819496291866248
-4553.2866433216595,0.00020824715856045502,-4001.298882296971,14.819496291866248
-4551.28564282141,0.00020824715856045502,-4001.298882296971,14.819496291866248
-4549.28464232116,0.00020824715856045502,-4001.298882296971,14.819496291866248
-4547.28364182091,0.00020824715856045502,-4001.298882296971,14.819496291866248
-4545.282641320659,0.00020824715856045502,-4001.298882296971,14.819496291866248
-4543.28164082041,0.00020824715856045502,-4001.298882296971,14.819496291866248
-4541.280640320159,0.00020824715856045502,-4001.298882296971,14.819496291866248
-4539.279639819909,0.00020824715856045502,-4001.298882296971,14.819496291866248
-4537.278639319659,0.00020824715856045502,-4001.298882296971,14.819496291866248
-4535.277638819409,0.00020824715856045502,-4001.298882296971,14.819496291866248
-4533.276638319159,0.00020824715856045502,-4001.298882296971,14.819496291866248
-4531.27563781891,0.00020824715856045502,-4001.298882296971,14.819496291866248
-4529.274637318658,0.00020824715856045502,-4001.298882296971,14.819496291866248
-4527.273636818409,0.00020824715856045502,-4001.298882296971,14.819496291866248
-4525.272636318159,0.00020824715856045502,-4001.298882296971,14.819496291866248
-4523.271635817908,0.00020824715856045502,-4001.298882296971,14.819496291866248
-4521.270635317658,0.00020824715856045502,-4001.298882296971,14.819496291866248
-4519.269634817409,0.00020824715856045502,-4001.298882296971,14.819496291866248
-4517.268634317157,0.00020824715856045502,-4001.298882296971,14.819496291866248
-4515.267633816908,0.00020824715856045502,-4001.298882296971,14.819496291866248
-4513.266633316657,0.00020824715856045502,-4001.298882296971,14.819496291866248
-4511.265632816408,0.00020824715856045502,-4001.298882296971,14.819496291866248
-4509.264632316158,0.00020824715856045502,-4001.298882296971,14.819496291866248
-4507.263631815907,0.00020824715856045502,-4001.298882296971,14.819496291866248
-4505.262631315657,0.00020824715856045502,-4001.298882296971,14.819496291866248
-4503.261630815407,0.00020824715856045502,-4001.298882296971,14.819496291866248
-4501.260630315156,0.00020824715856045502,-4001.298882296971,14.819496291866248
-4499.2596298149065,0.00020824715856045502,-4001.298882296971,14.819496291866248
-4497.258629314657,0.00020824715856045502,-4001.298882296971,14.819496291866248
-4495.257628814406,0.00020824715856045502,-4001.298882296971,14.819496291866248
-4493.256628314157,0.00020824715856045502,-4001.298882296971,14.819496291866248
-4491.255627813906,0.00020824715856045502,-4001.298882296971,14.819496291866248
-4489.254627313656,0.00020824715856045502,-4001.298882296971,14.819496291866248
-4487.253626813406,0.00020824715856045502,-4001.298882296971,14.819496291866248
-4485.252626313156,0.00020824715856045502,-4001.298882296971,14.819496291866248
-4483.251625812905,0.00020824715856045502,-4001.298882296971,14.819496291866248
-4481.250625312656,0.00020824715856045502,-4001.298882296971,14.819496291866248
-4479.249624812406,0.00020824715856045502,-4001.298882296971,14.819496291866248
-4477.248624312155,0.00020824715856045502,-4001.298882296971,14.819496291866248
-4475.247623811905,0.00020824715856045502,-4001.298882296971,14.819496291866248
-4473.246623311656,0.00020824715856045502,-4001.298882296971,14.819496291866248
-4471.245622811405,0.00020824715856045502,-4001.298882296971,14.819496291866248
-4469.244622311155,0.00020824715856045502,-4001.298882296971,14.819496291866248
-4467.243621810905,0.00020824715856045502,-4001.298882296971,14.819496291866248
-4465.242621310655,0.00020824715856045502,-4001.298882296971,14.819496291866248
-4463.241620810404,0.00020824715856045502,-4001.298882296971,14.819496291866248
-4461.240620310155,0.00020824715856045502,-4001.298882296971,14.819496291866248
-4459.239619809904,0.00020824715856045502,-4001.298882296971,14.819496291866248
-4457.2386193096545,0.00020824715856045502,-4001.298882296971,14.819496291866248
-4455.237618809405,0.00020824715856045502,-4001.298882296971,14.819496291866248
-4453.2366183091535,0.00020824715856045502,-4001.298882296971,14.819496291866248
-4451.235617808904,0.00020824715856045502,-4001.298882296971,14.819496291866248
-4449.2346173086535,0.00020824715856045502,-4001.298882296971,14.819496291866248
-4447.233616808403,0.00020824715856045502,-4001.298882296971,14.819496291866248
-4445.232616308153,0.00020824715856045502,-4001.298882296971,14.819496291866248
-4443.231615807903,0.00020824715856045502,-4001.298882296971,14.819496291866248
-4441.230615307653,0.00020824715856045502,-4001.298882296971,14.819496291866248
-4439.229614807404,0.00020824715856045502,-4001.298882296971,14.819496291866248
-4437.228614307152,0.00020824715856045502,-4001.298882296971,14.819496291866248
-4435.227613806903,0.00020824715856045502,-4001.298882296971,14.819496291866248
-4433.226613306653,0.00020824715856045502,-4001.298882296971,14.819496291866248
-4431.225612806402,0.0002097114763617655,-4001.298882296971,14.819496291866248
-4429.224612306152,0.0002105653107549024,-4001.298882296971,14.819496291866248
-4427.223611805903,0.00021166502915174448,-4001.298882296971,14.819496291866248
-4425.222611305651,0.0002130121134511205,-4001.298882296971,14.819496291866248
-4423.221610805402,0.00021461267146287487,-4001.298882296971,14.819496291866248
-4421.220610305152,0.00021644995612803936,-4001.298882296971,14.819496291866248
-4419.219609804902,0.00021851269003049097,-4001.298882296971,14.819496291866248
-4417.218609304652,0.0002208203544961464,-4001.298882296971,14.819496291866248
-4415.217608804402,0.00022333258520221638,-4001.298882296971,14.819496291866248
-4413.216608304151,0.0002260435247514955,-4001.298882296971,14.819496291866248
-4411.215607803902,0.00022894989864972082,-4001.298882296971,14.819496291866248
-4409.214607303651,0.0002320246868567571,-4001.298882296971,14.819496291866248
-4407.213606803401,0.00023525113828539712,-4001.298882296971,14.819496291866248
-4405.212606303151,0.0002386179672912922,-4001.298882296971,14.819496291866248
-4403.211605802901,0.00024209769768632197,-4001.298882296971,14.819496291866248
-4401.210605302651,0.0002456692717058808,-4001.298882296971,14.819496291866248
-4399.2096048024005,0.00024931376162162864,-4001.298882296971,14.819496291866248
-4397.208604302151,0.0002530040082685457,-4001.298882296971,14.819496291866248
-4395.2076038019,0.0002567164661219168,-4001.298882296971,14.819496291866248
-4393.20660330165,0.00026042625759471695,-4001.298882296971,14.819496291866248
-4391.205602801399,0.0002641075106261912,-4001.298882296971,14.819496291866248
-4389.20460230115,0.0002677357071272453,-4001.298882296971,14.819496291866248
-4387.2036018009,0.00027128196373349075,-4001.298882296971,14.819496291866248
-4385.20260130065,0.0002747231899962045,-4001.298882296971,14.819496291866248
-4383.201600800399,0.00027803539441446446,-4001.298882296971,14.819496291866248
-4381.20060030015,0.00028118726237876706,-4001.298882296971,14.819496291866248
-4379.199599799899,0.00028415706924068935,-4001.298882296971,14.819496291866248
-4377.198599299649,0.00028692641347340066,-4001.298882296971,14.819496291866248
-4375.197598799399,0.0002894664134132451,-4001.298882296971,14.819496291866248
-4373.196598299149,0.0002917560950055758,-4001.298882296971,14.819496291866248
-4371.195597798899,0.00029378354445895333,-4001.298882296971,14.819496291866248
-4369.194597298649,0.00029552386422904104,-4001.298882296971,14.819496291866248
-4367.193596798398,0.00029695839922467117,-4001.298882296971,14.819496291866248
-4365.192596298149,0.00029808354562518163,-4001.298882296971,14.819496291866248
-4363.191595797898,0.0002988807661176494,-4001.298882296971,14.819496291866248
-4361.190595297648,0.00029933439285552193,-4001.298882296971,14.819496291866248
-4359.189594797398,0.0002994503423075657,-4001.298882296971,14.819496291866248
-4357.1885942971485,0.00029921832720747733,-4001.298882296971,14.819496291866248
-4355.187593796898,0.0002986266142024596,-4001.298882296971,14.819496291866248
-4353.1865932966475,0.00029769107715179753,-4001.298882296971,14.819496291866248
-4351.185592796398,0.000296410898358203,-4001.298882296971,14.819496291866248
-4349.1845922961475,0.00029477951955346113,-4001.298882296971,14.819496291866248
-4347.183591795897,0.00029282232641474575,-4001.298882296971,14.819496291866248
-4345.182591295647,0.0002905483827797569,-4001.298882296971,14.819496291866248
-4343.181590795397,0.0002879578054484575,-4001.298882296971,14.819496291866248
-4341.180590295147,0.0002850841197138827,-4001.298882296971,14.819496291866248
-4339.179589794897,0.0002819457993329126,-4001.298882296971,14.819496291866248
-4337.178589294646,0.00027855133592759145,-4001.298882296971,14.819496291866248
-4335.177588794397,0.00027494012316498574,-4001.298882296971,14.819496291866248
-4333.176588294146,0.00027113804664637093,-4001.298882296971,14.819496291866248
-4331.175587793896,0.000267165366203305,-4001.298882296971,14.819496291866248
-4329.174587293646,0.0002630626008673134,-4001.298882296971,14.819496291866248
-4327.173586793396,0.00025886215345321986,-4001.298882296971,14.819496291866248
-4325.172586293146,0.00025459581111326465,-4001.298882296971,14.819496291866248
-4323.171585792896,0.000250303249684768,-4001.298882296971,14.819496291866248
-4321.170585292645,0.00024602058236735617,-4001.298882296971,14.819496291866248
-4319.169584792396,0.00024178963171443655,-4001.298882296971,14.819496291866248
-4317.168584292145,0.00023764844478395047,-4001.298882296971,14.819496291866248
-4315.167583791895,0.00023363447442627415,-4001.298882296971,14.819496291866248
-4313.166583291645,0.0002297946693939003,-4001.298882296971,14.819496291866248
-4311.1655827913955,0.0002261658927108522,-4001.298882296971,14.819496291866248
-4309.164582291145,0.00022278281972631648,-4001.298882296971,14.819496291866248
-4307.163581790895,0.0002196946305382451,-4001.298882296971,14.819496291866248
-4305.162581290645,0.00021693630998979405,-4001.298882296971,14.819496291866248
-4303.1615807903945,0.00021453603853049285,-4001.298882296971,14.819496291866248
-4301.160580290144,0.00021254110795233504,-4001.298882296971,14.819496291866248
-4299.159579789894,0.00021098441923336506,-4001.298882296971,14.819496291866248
-4297.158579289644,0.0002098833278240577,-4001.298882296971,14.819496291866248
-4295.157578789394,0.00020928028647606607,-4001.298882296971,14.819496291866248
-4293.156578289144,0.0002092044023902779,-4001.298882296971,14.819496291866248
-4291.155577788893,0.00020966127251269276,-4001.298882296971,14.819496291866248
-4289.154577288644,0.00021068219754622608,-4001.298882296971,14.819496291866248
-4287.153576788393,0.0002122929399094104,-4001.298882296971,14.819496291866248
-4285.152576288143,0.00021448378149313554,-4001.298882296971,14.819496291866248
-4283.151575787893,0.0002172733215109385,-4001.298882296971,14.819496291866248
-4281.150575287644,0.00022068206870545952,-4001.298882296971,14.819496291866248
-4279.149574787393,0.00022468358996838634,-4001.298882296971,14.819496291866248
-4277.148574287143,0.00022928263060956823,-4001.298882296971,14.819496291866248
-4275.147573786893,0.00023449147340796133,-4001.298882296971,14.819496291866248
-4273.146573286643,0.00024026895438711602,-4001.298882296971,14.819496291866248
-4271.145572786392,0.00024660254551926296,-4001.298882296971,14.819496291866248
-4269.144572286142,0.0002534950564292342,-4001.298882296971,14.819496291866248
-4267.143571785892,0.0002608916838225406,-4001.298882296971,14.819496291866248
-4265.142571285643,0.00026876464129554727,-4001.298882296971,14.819496291866248
-4263.141570785392,0.00027710311469342653,-4001.298882296971,14.819496291866248
-4261.140570285142,0.00028584231385901605,-4001.298882296971,14.819496291866248
-4259.139569784892,0.0002949410646823015,-4001.298882296971,14.819496291866248
-4257.138569284642,0.0003043705299013541,-4001.298882296971,14.819496291866248
-4255.137568784392,0.00031406248071965044,-4001.298882296971,14.819496291866248
-4253.1365682841415,0.00032396466327497015,-4001.298882296971,14.819496291866248
-4251.135567783891,0.0003340272387940132,-4001.298882296971,14.819496291866248
-4249.134567283641,0.00034418493841205204,-4001.298882296971,14.819496291866248
-4247.133566783391,0.0003543763838361898,-4001.298882296971,14.819496291866248
-4245.1325662831405,0.0003645364863988259,-4001.298882296971,14.819496291866248
-4243.131565782891,0.0003745991277215952,-4001.298882296971,14.819496291866248
-4241.130565282641,0.00038450107928327974,-4001.298882296971,14.819496291866248
-4239.12956478239,0.0003941666903364811,-4001.298882296971,14.819496291866248
-4237.12856428214,0.0004035353999624088,-4001.298882296971,14.819496291866248
-4235.127563781891,0.00041253682233239166,-4001.298882296971,14.819496291866248
-4233.12656328164,0.00042109361753309783,-4001.298882296971,14.819496291866248
-4231.12556278139,0.0004291447077961378,-4001.298882296971,14.819496291866248
-4229.12456228114,0.0004366387581194828,-4001.298882296971,14.819496291866248
-4227.12356178089,0.00044349417819349496,-4001.298882296971,14.819496291866248
-4225.122561280639,0.00044965307472931676,-4001.298882296971,14.819496291866248
-4223.12156078039,0.00045507953404244844,-4001.298882296971,14.819496291866248
-4221.120560280139,0.0004597003123431945,-4001.298882296971,14.819496291866248
-4219.11955977989,0.00046346191669131723,-4001.298882296971,14.819496291866248
-4217.118559279639,0.000466349437480716,-4001.298882296971,14.819496291866248
-4215.117558779389,0.0004683049707333623,-4001.298882296971,14.819496291866248
-4213.116558279139,0.0004692814883696514,-4001.298882296971,14.819496291866248
-4211.1155577788895,0.00046928950495461015,-4001.298882296971,14.819496291866248
-4209.114557278639,0.0004682927010481793,-4001.298882296971,14.819496291866248
-4207.113556778389,0.0004662536921855438,-4001.298882296971,14.819496291866248
-4205.112556278138,0.0004632111711896973,-4001.298882296971,14.819496291866248
-4203.1115557778885,0.0004591553625805989,-4001.298882296971,14.819496291866248
-4201.110555277638,0.0004540630164542292,-4001.298882296971,14.819496291866248
-4199.1095547773875,0.0004480016569535462,-4001.298882296971,14.819496291866248
-4197.108554277138,0.0004409912468845895,-4001.298882296971,14.819496291866248
-4195.107553776888,0.0004330285602300594,-4001.298882296971,14.819496291866248
-4193.106553276638,0.0004242081894976731,-4001.298882296971,14.819496291866248
-4191.105552776387,0.00041458086686884125,-4001.298882296971,14.819496291866248
-4189.104552276138,0.0004041706765626089,-4001.298882296971,14.819496291866248
-4187.103551775887,0.00039309501003407865,-4001.298882296971,14.819496291866248
-4185.102551275637,0.00038143270006745487,-4001.298882296971,14.819496291866248
-4183.101550775387,0.0003692468311842299,-4001.298882296971,14.819496291866248
-4181.100550275137,0.0003566671171078787,-4001.298882296971,14.819496291866248
-4179.099549774886,0.00034379900532486093,-4001.298882296971,14.819496291866248
-4177.098549274637,0.0003307505605322837,-4001.298882296971,14.819496291866248
-4175.097548774386,0.0003176573428793133,-4001.298882296971,14.819496291866248
-4173.096548274137,0.0003046488694221128,-4001.298882296971,14.819496291866248
-4171.095547773886,0.00029187589469517687,-4001.298882296971,14.819496291866248
-4169.094547273636,0.0002794800437604743,-4001.298882296971,14.819496291866248
-4167.093546773386,0.0002676054149871957,-4001.298882296971,14.819496291866248
-4165.092546273137,0.0002564404079220947,-4001.298882296971,14.819496291866248
-4163.091545772886,0.0002461348938288984,-4001.298882296971,14.819496291866248
-4161.090545272636,0.00023683843978897017,-4001.298882296971,14.819496291866248
-4159.089544772386,0.00022876796200868097,-4001.298882296971,14.819496291866248
-4157.088544272136,0.00022208413113355196,-4001.298882296971,14.819496291866248
-4155.087543771885,0.00021693029795733293,-4001.298882296971,14.819496291866248
-4153.086543271635,0.0002135410274742585,-4001.298882296971,14.819496291866248
-4151.085542771385,0.00021209011730639334,-4001.298882296971,14.819496291866248
-4149.084542271135,0.0002127042328995375,-4001.298882296971,14.819496291866248
-4147.083541770885,0.00021562054757011493,-4001.298882296971,14.819496291866248
-4145.0825412706345,0.00022103090847562664,-4001.298882296971,14.819496291866248
-4143.081540770385,0.00022902762128662593,-4001.298882296971,14.819496291866248
-4141.080540270134,0.00023984150015017236,-4001.298882296971,14.819496291866248
-4139.079539769884,0.0002536819309732269,-4001.298882296971,14.819496291866248
-4137.078539269634,0.00027059669941396236,-4001.298882296971,14.819496291866248
-4135.077538769384,0.00029078941113489686,-4001.298882296971,14.819496291866248
-4133.076538269134,0.0003144974541369584,-4001.298882296971,14.819496291866248
-4131.075537768884,0.0003417077338894951,-4001.298882296971,14.819496291866248
-4129.074537268633,0.0003725928125738369,-4001.298882296971,14.819496291866248
-4127.073536768384,0.000407398528739758,-4001.298882296971,14.819496291866248
-4125.072536268133,0.00044605202278658426,-4001.298882296971,14.819496291866248
-4123.071535767883,0.0004886774729955801,-4001.298882296971,14.819496291866248
-4121.070535267633,0.0005355346690009337,-4001.298882296971,14.819496291866248
-4119.069534767384,0.0005864797022436443,-4001.298882296971,14.819496291866248
-4117.068534267133,0.0006415787227331718,-4001.298882296971,14.819496291866248
-4115.067533766883,0.0007011015160735593,-4001.298882296971,14.819496291866248
-4113.066533266633,0.000764825418595878,-4001.298882296971,14.819496291866248
-4111.065532766383,0.0008327617127331451,-4001.298882296971,14.819496291866248
-4109.064532266132,0.0009051543860168548,-4001.298882296971,14.819496291866248
-4107.0635317658825,0.000981734860452759,-4001.298882296971,14.819496291866248
-4105.062531265632,0.001062458329462345,-4001.298882296971,14.819496291866248
-4103.0615307653825,0.001147490957612821,-4001.298882296971,14.819496291866248
-4101.060530265132,0.0012365610481741762,-4001.298882296971,14.819496291866248
-4099.0595297648815,0.001329544564156217,-4001.298882296971,14.819496291866248
-4097.058529264632,0.0014265411568204784,-4001.298882296971,14.819496291866248
-4095.0575287643815,0.0015272693784812784,-4001.298882296971,14.819496291866248
-4093.056528264131,0.0016315487109876817,-4001.298882296971,14.819496291866248
-4091.0555277638814,0.0017393720319616645,-4001.298882296971,14.819496291866248
-4089.0545272636314,0.0018504654335143812,-4001.298882296971,14.819496291866248
-4087.053526763381,0.0019645923935486956,-4001.298882296971,14.819496291866248
-4085.052526263131,0.002081653182595925,-4001.298882296971,14.819496291866248
-4083.051525762881,0.002201372666547274,-4001.298882296971,14.819496291866248
-4081.050525262631,0.0023234634503677687,-4001.298882296971,14.819496291866248
-4079.0495247623808,0.0024477516659943176,-4001.298882296971,14.819496291866248
-4077.0485242621303,0.00257394968866537,-4001.298882296971,14.819496291866248
-4075.0475237618803,0.002701737591181046,-4001.298882296971,14.819496291866248
-4073.04652326163,0.0028308719235622926,-4001.298882296971,14.819496291866248
-4071.04552276138,0.002961043454844651,-4001.298882296971,14.819496291866248
-4069.0445222611297,0.003091927334822427,-4001.298882296971,14.819496291866248
-4067.0435217608797,0.003223220589218194,-4001.298882296971,14.819496291866248
-4065.04252126063,0.003354593054345804,-4001.298882296971,14.819496291866248
-4063.0415207603796,0.0034857171696060616,-4001.298882296971,14.819496291866248
-4061.040520260129,0.0036162572402085465,-4001.298882296971,14.819496291866248
-4059.0395197598796,0.00374584795086744,-4001.298882296971,14.819496291866248
-4057.0385192596295,0.003874190304349465,-4001.298882296971,14.819496291866248
-4055.037518759379,0.004000931442123028,-4001.298882296971,14.819496291866248
-4053.036518259129,0.004125661586373969,-4001.298882296971,14.819496291866248
-4051.035517758879,0.004248132538817427,-4001.298882296971,14.819496291866248
-4049.0345172586285,0.004368156227298646,-4001.298882296971,14.819496291866248
-4047.033516758378,0.004484954070671196,-4001.298882296971,14.819496291866248
-4045.0325162581285,0.004598505332987499,-4001.298882296971,14.819496291866248
-4043.0315157578784,0.004708486909198355,-4001.298882296971,14.819496291866248
-4041.030515257628,0.00481437750028515,-4001.298882296971,14.819496291866248
-4039.029514757378,0.0049160920796462,-4001.298882296971,14.819496291866248
-4037.028514257128,0.00501334949318134,-4001.298882296971,14.819496291866248
-4035.027513756878,0.005105578536259496,-4001.298882296971,14.819496291866248
-4033.026513256628,0.005192788905027255,-4001.298882296971,14.819496291866248
-4031.0255127563773,0.005274739311493882,-4001.298882296971,14.819496291866248
-4029.0245122561273,0.005350882228198808,-4001.298882296971,14.819496291866248
-4027.0235117558777,0.005421260371328447,-4001.298882296971,14.819496291866248
-4025.0225112556273,0.005485705604885818,-4001.298882296971,14.819496291866248
-4023.0215107553768,0.0055436595690444715,-4001.298882296971,14.819496291866248
-4021.020510255127,0.005595140473851321,-4001.298882296971,14.819496291866248
-4019.019509754877,0.005640327993872911,-4001.298882296971,14.819496291866248
-4017.0185092546267,0.005678630637390242,-4001.298882296971,14.819496291866248
-4015.017508754376,0.005710122458808228,-4001.298882296971,14.819496291866248
-4013.0165082541266,0.00573501953628573,-4001.298882296971,14.819496291866248
-4011.0155077538766,0.005752594966261216,-4001.298882296971,14.819496291866248
-4009.014507253626,0.005763074872436686,-4001.298882296971,14.819496291866248
-4007.013506753376,0.005766598955029695,-4001.298882296971,14.819496291866248
-4005.012506253126,0.005762912095656609,-4001.298882296971,14.819496291866248
-4003.011505752876,0.005752088726854525,-4001.298882296971,14.819496291866248
-4001.0105052526255,0.005734342407140168,-4001.298882296971,14.819496291866248
-3999.0095047523755,0.00570951971356451,-4001.298882296971,14.819496291866248
-3997.0085042521255,0.005677691328590211,-4001.298882296971,14.819496291866248
-3995.0075037518754,0.0056391636344727625,-4001.298882296971,14.819496291866248
-3993.006503251625,0.005593886120862269,-4001.298882296971,14.819496291866248
-3991.005502751375,0.005541927555347639,-4001.298882296971,14.819496291866248
-3989.0045022511254,0.005483675834222954,-4001.298882296971,14.819496291866248
-3987.003501750875,0.005419179277283537,-4001.298882296971,14.819496291866248
-3985.0025012506244,0.005348509708057418,-4001.298882296971,14.819496291866248
-3983.0015007503744,0.0052721207021753334,-4001.298882296971,14.819496291866248
-3981.000500250125,0.005190150365387811,-4001.298882296971,14.819496291866248
-3978.9994997498743,0.005102681227179268,-4001.298882296971,14.819496291866248
-3976.998499249624,0.005010212940961467,-4001.298882296971,14.819496291866248
-3974.9974987493742,0.004912959985824963,-4001.298882296971,14.819496291866248
-3972.996498249124,0.0048110252643567206,-4001.298882296971,14.819496291866248
-3970.9954977488737,0.004704932103152511,-4001.298882296971,14.819496291866248
-3968.9944972486237,0.0045949543863036185,-4001.298882296971,14.819496291866248
-3966.9934967483737,0.004481226251367276,-4001.298882296971,14.819496291866248
-3964.9924962481236,0.004364270608779602,-4001.298882296971,14.819496291866248
-3962.9914957478736,0.0042444006867180546,-4001.298882296971,14.819496291866248
-3960.990495247623,0.004121794551234927,-4001.298882296971,14.819496291866248
-3958.989494747373,0.00399694857164466,-4001.298882296971,14.819496291866248
-3956.9884942471235,0.003870187636477552,-4001.298882296971,14.819496291866248
-3954.987493746873,0.003741765750344842,-4001.298882296971,14.819496291866248
-3952.9864932466226,0.0036121132415681575,-4001.298882296971,14.819496291866248
-3950.9854927463725,0.0034815543817373605,-4001.298882296971,14.819496291866248
-3948.9844922461225,0.0033503961396570015,-4001.298882296971,14.819496291866248
-3946.983491745872,0.0032190034690828375,-4001.298882296971,14.819496291866248
-3944.982491245622,0.0030876956826172974,-4001.298882296971,14.819496291866248
-3942.9814907453724,0.0029568122589017387,-4001.298882296971,14.819496291866248
-3940.980490245122,0.002826661717910157,-4001.298882296971,14.819496291866248
-3938.9794897448714,0.0026975302963175947,-4001.298882296971,14.819496291866248
-3936.978489244622,0.002569767277163948,-4001.298882296971,14.819496291866248
-3934.977488744372,0.002443637291791457,-4001.298882296971,14.819496291866248
-3932.9764882441214,0.0023193769927166326,-4001.298882296971,14.819496291866248
-3930.975487743871,0.0021973224845808293,-4001.298882296971,14.819496291866248
-3928.9744872436213,0.002077708842771176,-4001.298882296971,14.819496291866248
-3926.9734867433713,0.001960706843081655,-4001.298882296971,14.819496291866248
-3924.972486243121,0.0018466216926748293,-4001.298882296971,14.819496291866248
-3922.9714857428708,0.0017356662285165458,-4001.298882296971,14.819496291866248
-3920.9704852426207,0.0016279358946023738,-4001.298882296971,14.819496291866248
-3918.9694847423707,0.0015236894556714617,-4001.298882296971,14.819496291866248
-3916.9684842421207,0.001423125167492034,-4001.298882296971,14.819496291866248
-3914.96748374187,0.0013262569042556528,-4001.298882296971,14.819496291866248
-3912.96648324162,0.0012332853855521533,-4001.298882296971,14.819496291866248
-3910.9654827413706,0.001144399473647036,-4001.298882296971,14.819496291866248
-3908.96448224112,0.001059529879879122,-4001.298882296971,14.819496291866248
-3906.9634817408696,0.000978811844813146,-4001.298882296971,14.819496291866248
-3904.96248124062,0.0009024276291375354,-4001.298882296971,14.819496291866248
-3902.9614807403696,0.0008302276485619197,-4001.298882296971,14.819496291866248
-3900.960480240119,0.0007622785834392734,-4001.298882296971,14.819496291866248
-3898.959479739869,0.0006987564821964107,-4001.298882296971,14.819496291866248
-3896.9584792396195,0.0006394335138590113,-4001.298882296971,14.819496291866248
-3894.957478739369,0.0005843155868231309,-4001.298882296971,14.819496291866248
-3892.9564782391185,0.0005335701854281205,-4001.298882296971,14.819496291866248
-3890.955477738869,0.00048690614746969407,-4001.298882296971,14.819496291866248
-3888.954477238619,0.00044427125040000107,-4001.298882296971,14.819496291866248
-3886.9534767383684,0.000405809641062959,-4001.298882296971,14.819496291866248
-3884.9524762381184,0.0003711908110783981,-4001.298882296971,14.819496291866248
-3882.9514757378683,0.000340313592755791,-4001.298882296971,14.819496291866248
-3880.9504752376183,0.00031326589552199783,-4001.298882296971,14.819496291866248
-3878.9494747373683,0.00028973058008898345,-4001.298882296971,14.819496291866248
-3876.948474237118,0.000269560633539665,-4001.298882296971,14.819496291866248
-3874.947473736868,0.0002527772630800583,-4001.298882296971,14.819496291866248
-3872.946473236618,0.00023909068527325805,-4001.298882296971,14.819496291866248
-3870.9454727363677,0.0002283178476432804,-4001.298882296971,14.819496291866248
-3868.9444722361172,0.00022042243299025995,-4001.298882296971,14.819496291866248
-3866.943471735867,0.0002151436520439582,-4001.298882296971,14.819496291866248
-3864.9424712356176,0.00021227599045790132,-4001.298882296971,14.819496291866248
-3862.941470735367,0.00021173778013412165,-4001.298882296971,14.819496291866248
-3860.9404702351167,0.00021329611803042563,-4001.298882296971,14.819496291866248
-3858.939469734867,0.00021673607526240973,-4001.298882296971,14.819496291866248
-3856.9384692346166,0.00022194193955218578,-4001.298882296971,14.819496291866248
-3854.937468734366,0.0002287095499674536,-4001.298882296971,14.819496291866248
-3852.9364682341165,0.0002368270251727201,-4001.298882296971,14.819496291866248
-3850.9354677338665,0.0002461571375188131,-4001.298882296971,14.819496291866248
-3848.934467233616,0.0002565222273765967,-4001.298882296971,14.819496291866248
-3846.933466733366,0.0002677250660161228,-4001.298882296971,14.819496291866248
-3844.932466233116,0.000279622465005708,-4001.298882296971,14.819496291866248
-3842.931465732866,0.00029205495090930305,-4001.298882296971,14.819496291866248
-3840.930465232616,0.0003048532635881845,-4001.298882296971,14.819496291866248
-3838.9294647323654,0.0003178776199154149,-4001.298882296971,14.819496291866248
-3836.9284642321154,0.00033098607124224454,-4001.298882296971,14.819496291866248
-3834.927463731866,0.0003440433808182539,-4001.298882296971,14.819496291866248
-3832.9264632316153,0.0003569249354871514,-4001.298882296971,14.819496291866248
-3830.925462731365,0.00036950204199427586,-4001.298882296971,14.819496291866248
-3828.924462231115,0.00038167944760859364,-4001.298882296971,14.819496291866248
-3826.9234617308653,0.00039335601457370545,-4001.298882296971,14.819496291866248
-3824.9224612306148,0.0004044174312072307,-4001.298882296971,14.819496291866248
-3822.9214607303643,0.0004148104867195551,-4001.298882296971,14.819496291866248
-3820.9204602301147,0.00042445328088860576,-4001.298882296971,14.819496291866248
-3818.9194597298647,0.00043324576565943404,-4001.298882296971,14.819496291866248
-3816.918459229614,0.00044117704108033353,-4001.298882296971,14.819496291866248
-3814.917458729364,0.0004482020467803488,-4001.298882296971,14.819496291866248
-3812.916458229114,0.0004542277497274827,-4001.298882296971,14.819496291866248
-3810.9154577288637,0.00045928241920571494,-4001.298882296971,14.819496291866248
-3808.914457228613,0.00046334733734978474,-4001.298882296971,14.819496291866248
-3806.9134567283636,0.0004663538792685818,-4001.298882296971,14.819496291866248
-3804.9124562281136,0.0004683523524097294,-4001.298882296971,14.819496291866248
-3802.911455727863,0.0004693512558600914,-4001.298882296971,14.819496291866248
-3800.910455227613,0.000469311187304883,-4001.298882296971,14.819496291866248
-3798.909454727363,0.0004682943963259646,-4001.298882296971,14.819496291866248
-3796.908454227113,0.00046633458313517475,-4001.298882296971,14.819496291866248
-3794.907453726863,0.00046342080919838135,-4001.298882296971,14.819496291866248
-3792.9064532266125,0.0004596219017174472,-4001.298882296971,14.819496291866248
-3790.9054527263625,0.00045499198870824903,-4001.298882296971,14.819496291866248
-3788.904452226113,0.00044954574078934564,-4001.298882296971,14.819496291866248
-3786.9034517258624,0.00044335471252200805,-4001.298882296971,14.819496291866248
-3784.902451225612,0.0004364874527976124,-4001.298882296971,14.819496291866248
-3782.9014507253623,0.00042897973847310104,-4001.298882296971,14.819496291866248
-3780.9004502251123,0.00042090332363945197,-4001.298882296971,14.819496291866248
-3778.899449724862,0.0004123344581727711,-4001.298882296971,14.819496291866248
-3776.8984492246113,0.0004033243976652404,-4001.298882296971,14.819496291866248
-3774.8974487243618,0.00039394361871085404,-4001.298882296971,14.819496291866248
-3772.8964482241113,0.00038426920737566353,-4001.298882296971,14.819496291866248
-3770.8954477238613,0.0003743616407306232,-4001.298882296971,14.819496291866248
-3768.894447223611,0.00036428949390530105,-4001.298882296971,14.819496291866248
-3766.893446723361,0.0003541240827792877,-4001.298882296971,14.819496291866248
-3764.8924462231107,0.00034392868798309895,-4001.298882296971,14.819496291866248
-3762.891445722861,0.00033376960333072634,-4001.298882296971,14.819496291866248
-3760.8904452226107,0.00032370682436091974,-4001.298882296971,14.819496291866248
-3758.8894447223606,0.000313800790583431,-4001.298882296971,14.819496291866248
-3756.8884442221106,0.000304115243970183,-4001.298882296971,14.819496291866248
-3754.8874437218606,0.00029469426531355625,-4001.298882296971,14.819496291866248
-3752.88644322161,0.0002855902823934623,-4001.298882296971,14.819496291866248
-3750.8854427213605,0.0002768630469718294,-4001.298882296971,14.819496291866248
-3748.88444222111,0.0002685399271204875,-4001.298882296971,14.819496291866248
-3746.88344172086,0.00026066027625563123,-4001.298882296971,14.819496291866248
-3744.8824412206095,0.00025328186266994113,-4001.298882296971,14.819496291866248
-3742.88144072036,0.0002464093178801804,-4001.298882296971,14.819496291866248
-3740.8804402201094,0.00024006850558906505,-4001.298882296971,14.819496291866248
-3738.879439719859,0.0002343130623931976,-4001.298882296971,14.819496291866248
-3736.8784392196094,0.00022912732535172817,-4001.298882296971,14.819496291866248
-3734.877438719359,0.00022452334276691535,-4001.298882296971,14.819496291866248
-3732.876438219109,0.0002205435184281087,-4001.298882296971,14.819496291866248
-3730.875437718859,0.00021715943133353372,-4001.298882296971,14.819496291866248
-3728.874437218609,0.00021436865276343873,-4001.298882296971,14.819496291866248
-3726.8734367183583,0.00021219765088666766,-4001.298882296971,14.819496291866248
-3724.8724362181088,0.00021061125100622512,-4001.298882296971,14.819496291866248
-3722.8714357178583,0.00020959270522515535,-4001.298882296971,14.819496291866248
-3720.8704352176082,0.00020915231992490194,-4001.298882296971,14.819496291866248
-3718.8694347173578,0.00020925089421906242,-4001.298882296971,14.819496291866248
-3716.868434217108,0.00020985954350308635,-4001.298882296971,14.819496291866248
-3714.8674337168577,0.00021097259132985772,-4001.298882296971,14.819496291866248
-3712.8664332166077,0.00021254937640404896,-4001.298882296971,14.819496291866248
-3710.8654327163576,0.0002145512741152824,-4001.298882296971,14.819496291866248
-3708.8644322161076,0.00021696015775983017,-4001.298882296971,14.819496291866248
-3706.863431715857,0.00021973413342089534,-4001.298882296971,14.819496291866248
-3704.8624312156076,0.00022282963680703575,-4001.298882296971,14.819496291866248
-3702.861430715357,0.00022621816030238533,-4001.298882296971,14.819496291866248
-3700.860430215107,0.00022985836892134553,-4001.298882296971,14.819496291866248
-3698.859429714857,0.00023370437712301,-4001.298882296971,14.819496291866248
-3696.858429214607,0.0002377216999114559,-4001.298882296971,14.819496291866248
-3694.8574287143565,0.0002418694713449768,-4001.298882296971,14.819496291866248
-3692.856428214107,0.00024610428004903206,-4001.298882296971,14.819496291866248
-3690.8554277138564,0.00025038860120797895,-4001.298882296971,14.819496291866248
-3688.854427213606,0.00025468295498477317,-4001.298882296971,14.819496291866248
-3686.853426713356,0.00025894964166521507,-4001.298882296971,14.819496291866248
-3684.852426213106,0.00026315163646644085,-4001.298882296971,14.819496291866248
-3682.851425712856,0.0002672515768217942,-4001.298882296971,14.819496291866248
-3680.8504252126054,0.00027122022322198064,-4001.298882296971,14.819496291866248
-3678.849424712356,0.0002750251127621303,-4001.298882296971,14.819496291866248
-3676.8484242121053,0.0002786321138995491,-4001.298882296971,14.819496291866248
-3674.8474237118553,0.00028201845716075026,-4001.298882296971,14.819496291866248
-3672.8464232116053,0.0002851609190192239,-4001.298882296971,14.819496291866248
-3670.8454227113552,0.00028802468943718476,-4001.298882296971,14.819496291866248
-3668.8444222111048,0.00029060426820543017,-4001.298882296971,14.819496291866248
-3666.843421710855,0.0002928826273589645,-4001.298882296971,14.819496291866248
-3664.8424212106047,0.0002948275774707579,-4001.298882296971,14.819496291866248
-3662.8414207103547,0.00029644605373727246,-4001.298882296971,14.819496291866248
-3660.8404202101046,0.00029772970450004147,-4001.298882296971,14.819496291866248
-3658.8394197098546,0.00029865255723763543,-4001.298882296971,14.819496291866248
-3656.838419209604,0.0002992304639242044,-4001.298882296971,14.819496291866248
-3654.837418709354,0.0002994638742759978,-4001.298882296971,14.819496291866248
-3652.836418209104,0.0002993366375286227,-4001.298882296971,14.819496291866248
-3650.835417708854,0.00029886928845125843,-4001.298882296971,14.819496291866248
-3648.8344172086036,0.00029807140773508567,-4001.298882296971,14.819496291866248
-3646.833416708354,0.0002969370466347988,-4001.298882296971,14.819496291866248
-3644.8324162081035,0.0002954897876110889,-4001.298882296971,14.819496291866248
-3642.831415707853,0.00029374712629395383,-4001.298882296971,14.819496291866248
-3640.8304152076034,0.00029171280852639445,-4001.298882296971,14.819496291866248
-3638.829414707353,0.0002894121901895434,-4001.298882296971,14.819496291866248
-3636.828414207103,0.0002868688213553091,-4001.298882296971,14.819496291866248
-3634.827413706853,0.000284094865091691,-4001.298882296971,14.819496291866248
-3632.826413206603,0.0002811165296947879,-4001.298882296971,14.819496291866248
-3630.8254127063524,0.00027796110260806415,-4001.298882296971,14.819496291866248
-3628.824412206103,0.0002746472831960752,-4001.298882296971,14.819496291866248
-3626.8234117058523,0.0002712015233786921,-4001.298882296971,14.819496291866248
-3624.8224112056023,0.0002676523425173346,-4001.298882296971,14.819496291866248
-3622.821410705352,0.00026402256332705177,-4001.298882296971,14.819496291866248
-3620.8204102051022,0.00026033856562560336,-4001.298882296971,14.819496291866248
-3618.8194097048518,0.0002566273752290288,-4001.298882296971,14.819496291866248
-3616.8184092046017,0.00025291374776689236,-4001.298882296971,14.819496291866248
-3614.8174087043517,0.00024922360847146215,-4001.298882296971,14.819496291866248
-3612.8164082041017,0.0002455800947250305,-4001.298882296971,14.819496291866248
-3610.815407703851,0.00024200745382297218,-4001.298882296971,14.819496291866248
-3608.8144072036016,0.00023853083488204014,-4001.298882296971,14.819496291866248
-3606.813406703351,0.00023516762441611673,-4001.298882296971,14.819496291866248
-3604.812406203101,0.00023193936974350162,-4001.298882296971,14.819496291866248
-3602.811405702851,0.00022887038797375137,-4001.298882296971,14.819496291866248
-3600.810405202601,0.00022597068653955297,-4001.298882296971,14.819496291866248
-3598.8094047023505,0.0002232569634655177,-4001.298882296971,14.819496291866248
-3596.8084042021,0.00022075247093875956,-4001.298882296971,14.819496291866248
-3594.8074037018505,0.00021845904651247207,-4001.298882296971,14.819496291866248
-3592.8064032016,0.00021638751654936338,-4001.298882296971,14.819496291866248
-3590.80540270135,0.0002145593790795118,-4001.298882296971,14.819496291866248
-3588.8044022011,0.0002129681626366433,-4001.298882296971,14.819496291866248
-3586.80340170085,0.00021161860949309676,-4001.298882296971,14.819496291866248
-3584.8024012005994,0.00021052858158483577,-4001.298882296971,14.819496291866248
-3582.80140070035,0.00020968473996876329,-4001.298882296971,14.819496291866248
-3580.8004002000994,0.00020908617953084674,-4001.298882296971,14.819496291866248
-3578.7993996998493,0.00020874404357298769,-4001.298882296971,14.819496291866248
-3576.7983991995993,0.0002086422368871637,-4001.298882296971,14.819496291866248
-3574.7973986993493,0.00020877347238421447,-4001.298882296971,14.819496291866248
-3572.796398199099,0.0002091406655741331,-4001.298882296971,14.819496291866248
-3570.7953976988492,0.00020824715856045502,-4001.298882296971,14.819496291866248
-3568.7943971985987,0.00020824715856045502,-4001.298882296971,14.819496291866248
-3566.7933966983487,0.00020824715856045502,-4001.298882296971,14.819496291866248
-3564.7923961980982,0.00020824715856045502,-4001.298882296971,14.819496291866248
-3562.7913956978487,0.00020824715856045502,-4001.298882296971,14.819496291866248
-3560.790395197598,0.00020824715856045502,-4001.298882296971,14.819496291866248
-3558.789394697348,0.00020824715856045502,-4001.298882296971,14.819496291866248
-3556.788394197098,0.00020824715856045502,-4001.298882296971,14.819496291866248
-3554.787393696848,0.00020824715856045502,-4001.298882296971,14.819496291866248
-3552.7863931965976,0.00020824715856045502,-4001.298882296971,14.819496291866248
-3550.785392696348,0.00020824715856045502,-4001.298882296971,14.819496291866248
-3548.7843921960975,0.00020824715856045502,-4001.298882296971,14.819496291866248
-3546.783391695847,0.00020824715856045502,-4001.298882296971,14.819496291866248
-3544.7823911955975,0.00020824715856045502,-4001.298882296971,14.819496291866248
-3542.781390695347,0.00020824715856045502,-4001.298882296971,14.819496291866248
-3540.780390195097,0.00020824715856045502,-4001.298882296971,14.819496291866248
-3538.7793896948465,0.00020824715856045502,-4001.298882296971,14.819496291866248
-3536.778389194597,0.00020824715856045502,-4001.298882296971,14.819496291866248
-3534.7773886943464,0.00020824715856045502,-4001.298882296971,14.819496291866248
-3532.7763881940964,0.00020824715856045502,-4001.298882296971,14.819496291866248
-3530.7753876938464,0.00020824715856045502,-4001.298882296971,14.819496291866248
-3528.7743871935963,0.00020824715856045502,-4001.298882296971,14.819496291866248
-3526.773386693346,0.00020824715856045502,-4001.298882296971,14.819496291866248
-3524.7723861930963,0.00020824715856045502,-4001.298882296971,14.819496291866248
-3522.771385692846,0.00020824715856045502,-4001.298882296971,14.819496291866248
-3520.7703851925958,0.00020824715856045502,-4001.298882296971,14.819496291866248
-3518.7693846923457,0.00020824715856045502,-4001.298882296971,14.819496291866248
-3516.7683841920957,0.00020824715856045502,-4001.298882296971,14.819496291866248
-3514.767383691845,0.00020824715856045502,-4001.298882296971,14.819496291866248
-3512.7663831915957,0.00020824715856045502,-4001.298882296971,14.819496291866248
-3510.765382691345,0.00020824715856045502,-4001.298882296971,14.819496291866248
-3508.764382191095,0.00020824715856045502,-4001.298882296971,14.819496291866248
-3506.7633816908447,0.00020824715856045502,-4001.298882296971,14.819496291866248
-3504.762381190595,0.00020824715856045502,-4001.298882296971,14.819496291866248
-3502.7613806903446,0.00020824715856045502,-4001.298882296971,14.819496291866248
-3500.760380190094,0.00020824715856045502,-4001.298882296971,14.819496291866248
-3498.7593796898445,0.00020824715856045502,-4001.298882296971,14.819496291866248
-3496.758379189594,0.00020824715856045502,-4001.298882296971,14.819496291866248
-3494.757378689344,0.00020824715856045502,-4001.298882296971,14.819496291866248
-3492.756378189094,0.00020824715856045502,-4001.298882296971,14.819496291866248
-3490.755377688844,0.00020824715856045502,-4001.298882296971,14.819496291866248
-3488.7543771885935,0.00020824715856045502,-4001.298882296971,14.819496291866248
-3486.753376688344,0.00020824715856045502,-4001.298882296971,14.819496291866248
-3484.7523761880934,0.00020824715856045502,-4001.298882296971,14.819496291866248
-3482.7513756878434,0.00020824715856045502,-4001.298882296971,14.819496291866248
-3480.7503751875934,0.00020824715856045502,-4001.298882296971,14.819496291866248
-3478.7493746873433,0.00020824715856045502,-4001.298882296971,14.819496291866248
-3476.748374187093,0.00020824715856045502,-4001.298882296971,14.819496291866248
-3474.747373686843,0.00020824715856045502,-4001.298882296971,14.819496291866248
-3472.746373186593,0.00020824715856045502,-4001.298882296971,14.819496291866248
-3470.7453726863428,0.00020824715856045502,-4001.298882296971,14.819496291866248
-3468.7443721860923,0.00020824715856045502,-4001.298882296971,14.819496291866248
-3466.7433716858427,0.00020824715856045502,-4001.298882296971,14.819496291866248
-3464.742371185592,0.00020824715856045502,-4001.298882296971,14.819496291866248
-3462.741370685342,0.00020824715856045502,-4001.298882296971,14.819496291866248
-3460.740370185092,0.00020824715856045502,-4001.298882296971,14.819496291866248
-3458.739369684842,0.00020824715856045502,-4001.298882296971,14.819496291866248
-3456.7383691845916,0.00020824715856045502,-4001.298882296971,14.819496291866248
-3454.737368684342,0.00020824715856045502,-4001.298882296971,14.819496291866248
-3452.7363681840916,0.00020824715856045502,-4001.298882296971,14.819496291866248
-3450.735367683841,0.00020824715856045502,-4001.298882296971,14.819496291866248
-3448.7343671835915,0.00020824715856045502,-4001.298882296971,14.819496291866248
-3446.733366683341,0.00020824715856045502,-4001.298882296971,14.819496291866248
-3444.732366183091,0.00020824715856045502,-4001.298882296971,14.819496291866248
-3442.7313656828405,0.00020824715856045502,-4001.298882296971,14.819496291866248
-3440.730365182591,0.00020824715856045502,-4001.298882296971,14.819496291866248
-3438.7293646823405,0.00020824715856045502,-4001.298882296971,14.819496291866248
-3436.7283641820904,0.00020824715856045502,-4001.298882296971,14.819496291866248
-3434.7273636818404,0.00020824715856045502,-4001.298882296971,14.819496291866248
-3432.7263631815904,0.00020824715856045502,-4001.298882296971,14.819496291866248
-3430.72536268134,0.00020824715856045502,-4001.298882296971,14.819496291866248
-3428.7243621810903,0.00020824715856045502,-4001.298882296971,14.819496291866248
-3426.72336168084,0.00020824715856045502,-4001.298882296971,14.819496291866248
-3424.72236118059,0.00020824715856045502,-4001.298882296971,14.819496291866248
-3422.72136068034,0.00020824715856045502,-4001.298882296971,14.819496291866248
-3420.7203601800898,0.00020824715856045502,-4001.298882296971,14.819496291866248
-3418.7193596798393,0.00020824715856045502,-4001.298882296971,14.819496291866248
-3416.7183591795897,0.00020824715856045502,-4001.298882296971,14.819496291866248
-3414.717358679339,0.00020824715856045502,-4001.298882296971,14.819496291866248
-3412.716358179089,0.00020824715856045502,-4001.298882296971,14.819496291866248
-3410.7153576788387,0.00020824715856045502,-4001.298882296971,14.819496291866248
-3408.714357178589,0.00020824715856045502,-4001.298882296971,14.819496291866248
-3406.7133566783386,0.00020824715856045502,-4001.298882296971,14.819496291866248
-3404.712356178088,0.00020824715856045502,-4001.298882296971,14.819496291866248
-3402.7113556778386,0.00020824715856045502,-4001.298882296971,14.819496291866248
-3400.710355177588,0.00020824715856045502,-4001.298882296971,14.819496291866248
-3398.709354677338,0.00020824715856045502,-4001.298882296971,14.819496291866248
-3396.708354177088,0.00020824715856045502,-4001.298882296971,14.819496291866248
-3394.707353676838,0.00020824715856045502,-4001.298882296971,14.819496291866248
-3392.7063531765875,0.00020824715856045502,-4001.298882296971,14.819496291866248
-3390.705352676338,0.00020824715856045502,-4001.298882296971,14.819496291866248
-3388.7043521760875,0.00020824715856045502,-4001.298882296971,14.819496291866248
-3386.7033516758374,0.00020824715856045502,-4001.298882296971,14.819496291866248
-3384.702351175587,0.00020824715856045502,-4001.298882296971,14.819496291866248
-3382.7013506753374,0.00020824715856045502,-4001.298882296971,14.819496291866248
-3380.700350175087,0.00020824715856045502,-4001.298882296971,14.819496291866248
-3378.699349674837,0.00020824715856045502,-4001.298882296971,14.819496291866248
-3376.698349174587,0.00020824715856045502,-4001.298882296971,14.819496291866248
-3374.697348674337,0.00020824715856045502,-4001.298882296971,14.819496291866248
-3372.6963481740863,0.00020824715856045502,-4001.298882296971,14.819496291866248
-3370.6953476738367,0.00020824715856045502,-4001.298882296971,14.819496291866248
-3368.6943471735863,0.00020824715856045502,-4001.298882296971,14.819496291866248
-3366.6933466733362,0.00020824715856045502,-4001.298882296971,14.819496291866248
-3364.692346173086,0.00020824715856045502,-4001.298882296971,14.819496291866248
-3362.691345672836,0.00020824715856045502,-4001.298882296971,14.819496291866248
-3360.6903451725857,0.00020824715856045502,-4001.298882296971,14.819496291866248
-3358.689344672335,0.00020824715856045502,-4001.298882296971,14.819496291866248
-3356.6883441720856,0.00020824715856045502,-4001.298882296971,14.819496291866248
-3354.687343671835,0.00020824715856045502,-4001.298882296971,14.819496291866248
-3352.686343171585,0.00020824715856045502,-4001.298882296971,14.819496291866248
-3350.685342671335,0.00020824715856045502,-4001.298882296971,14.819496291866248
-3348.684342171085,0.00020824715856045502,-4001.298882296971,14.819496291866248
-3346.6833416708346,0.00020824715856045502,-4001.298882296971,14.819496291866248
-3344.682341170585,0.00020824715856045502,-4001.298882296971,14.819496291866248
-3342.6813406703345,0.00020824715856045502,-4001.298882296971,14.819496291866248
-3340.6803401700845,0.00020824715856045502,-4001.298882296971,14.819496291866248
-3338.6793396698345,0.00020824715856045502,-4001.298882296971,14.819496291866248
-3336.6783391695844,0.00020824715856045502,-4001.298882296971,14.819496291866248
-3334.677338669334,0.00020824715856045502,-4001.298882296971,14.819496291866248
-3332.6763381690844,0.00020824715856045502,-4001.298882296971,14.819496291866248
-3330.675337668834,0.00020824715856045502,-4001.298882296971,14.819496291866248
-3328.674337168584,0.00020824715856045502,-4001.298882296971,14.819496291866248
-3326.6733366683334,0.00020824715856045502,-4001.298882296971,14.819496291866248
-3324.672336168084,0.00020824715856045502,-4001.298882296971,14.819496291866248
-3322.6713356678333,0.00020824715856045502,-4001.298882296971,14.819496291866248
-3320.6703351675833,0.00020824715856045502,-4001.298882296971,14.819496291866248
-3318.6693346673333,0.00020824715856045502,-4001.298882296971,14.819496291866248
-3316.6683341670832,0.00020824715856045502,-4001.298882296971,14.819496291866248
-3314.6673336668327,0.00020824715856045502,-4001.298882296971,14.819496291866248
-3312.666333166583,0.00020824715856045502,-4001.298882296971,14.819496291866248
-3310.6653326663327,0.00020824715856045502,-4001.298882296971,14.819496291866248
-3308.664332166082,0.00020824715856045502,-4001.298882296971,14.819496291866248
-3306.6633316658326,0.00020824715856045502,-4001.298882296971,14.819496291866248
-3304.662331165582,0.00020824715856045502,-4001.298882296971,14.819496291866248
-3302.661330665332,0.00020824715856045502,-4001.298882296971,14.819496291866248
-3300.660330165082,0.00020824715856045502,-4001.298882296971,14.819496291866248
-3298.659329664832,0.00020824715856045502,-4001.298882296971,14.819496291866248
-3296.6583291645816,0.00020824715856045502,-4001.298882296971,14.819496291866248
-3294.6573286643315,0.00020824715856045502,-4001.298882296971,14.819496291866248
-3292.6563281640815,0.00020824715856045502,-4001.298882296971,14.819496291866248
-3290.6553276638315,0.00020824715856045502,-4001.298882296971,14.819496291866248
-3288.654327163581,0.00020824715856045502,-4001.298882296971,14.819496291866248
-3286.6533266633314,0.00020824715856045502,-4001.298882296971,14.819496291866248
-3284.652326163081,0.00020824715856045502,-4001.298882296971,14.819496291866248
-3282.651325662831,0.00020824715856045502,-4001.298882296971,14.819496291866248
-3280.650325162581,0.00020824715856045502,-4001.298882296971,14.819496291866248
-3278.649324662331,0.00020824715856045502,-4001.298882296971,14.819496291866248
-3276.6483241620804,0.00020824715856045502,-4001.298882296971,14.819496291866248
-3274.647323661831,0.00020824715856045502,-4001.298882296971,14.819496291866248
-3272.6463231615803,0.00020824715856045502,-4001.298882296971,14.819496291866248
-3270.6453226613303,0.00020824715856045502,-4001.298882296971,14.819496291866248
-3268.6443221610803,0.00020824715856045502,-4001.298882296971,14.819496291866248
-3266.64332166083,0.00020824715856045502,-4001.298882296971,14.819496291866248
-3264.6423211605797,0.00020824715856045502,-4001.298882296971,14.819496291866248
-3262.6413206603293,0.00020824715856045502,-4001.298882296971,14.819496291866248
-3260.6403201600797,0.00020824715856045502,-4001.298882296971,14.819496291866248
-3258.639319659829,0.00020824715856045502,-4001.298882296971,14.819496291866248
-3256.638319159579,0.00020824715856045502,-4001.298882296971,14.819496291866248
-3254.637318659329,0.00020824715856045502,-4001.298882296971,14.819496291866248
-3252.636318159079,0.00020824715856045502,-4001.298882296971,14.819496291866248
-3250.6353176588286,0.00020824715856045502,-4001.298882296971,14.819496291866248
-3248.634317158579,0.00020824715856045502,-4001.298882296971,14.819496291866248
-3246.6333166583286,0.00020824715856045502,-4001.298882296971,14.819496291866248
-3244.6323161580785,0.00020824715856045502,-4001.298882296971,14.819496291866248
-3242.6313156578285,0.00020824715856045502,-4001.298882296971,14.819496291866248
-3240.6303151575785,0.00020824715856045502,-4001.298882296971,14.819496291866248
-3238.629314657328,0.00020824715856045502,-4001.298882296971,14.819496291866248
-3236.6283141570784,0.00020824715856045502,-4001.298882296971,14.819496291866248
-3234.627313656828,0.00020824715856045502,-4001.298882296971,14.819496291866248
-3232.626313156578,0.00020824715856045502,-4001.298882296971,14.819496291866248
-3230.6253126563274,0.00020824715856045502,-4001.298882296971,14.819496291866248
-3228.624312156078,0.00020824715856045502,-4001.298882296971,14.819496291866248
-3226.6233116558274,0.00020824715856045502,-4001.298882296971,14.819496291866248
-3224.6223111555773,0.00020824715856045502,-4001.298882296971,14.819496291866248
-3222.6213106553273,0.00020824715856045502,-4001.298882296971,14.819496291866248
-3220.6203101550773,0.00020824715856045502,-4001.298882296971,14.819496291866248
-3218.619309654827,0.00020824715856045502,-4001.298882296971,14.819496291866248
-3216.618309154577,0.00020824715856045502,-4001.298882296971,14.819496291866248
-3214.6173086543267,0.00020824715856045502,-4001.298882296971,14.819496291866248
-3212.6163081540763,0.00020824715856045502,-4001.298882296971,14.819496291866248
-3210.6153076538267,0.00020824715856045502,-4001.298882296971,14.819496291866248
-3208.614307153576,0.00020824715856045502,-4001.298882296971,14.819496291866248
-3206.613306653326,0.00020824715856045502,-4001.298882296971,14.819496291866248
-3204.6123061530757,0.00020824715856045502,-4001.298882296971,14.819496291866248
-3202.611305652826,0.00020824715856045502,-4001.298882296971,14.819496291866248
-3200.6103051525756,0.00020824715856045502,-4001.298882296971,14.819496291866248
-3198.6093046523256,0.00020824715856045502,-4001.298882296971,14.819496291866248
-3196.6083041520756,0.00020824715856045502,-4001.298882296971,14.819496291866248
-3194.6073036518255,0.00020824715856045502,-4001.298882296971,14.819496291866248
-3192.606303151575,0.00020824715856045502,-4001.298882296971,14.819496291866248
-3190.6053026513255,0.00020824715856045502,-4001.298882296971,14.819496291866248
-3188.604302151075,0.00020824715856045502,-4001.298882296971,14.819496291866248
-3186.603301650825,0.00020824715856045502,-4001.298882296971,14.819496291866248
-3184.602301150575,0.00020824715856045502,-4001.298882296971,14.819496291866248
-3182.601300650325,0.00020824715856045502,-4001.298882296971,14.819496291866248
-3180.6003001500744,0.00020824715856045502,-4001.298882296971,14.819496291866248
-3178.599299649825,0.00020824715856045502,-4001.298882296971,14.819496291866248
-3176.5982991495744,0.00020824715856045502,-4001.298882296971,14.819496291866248
-3174.5972986493243,0.00020824715856045502,-4001.298882296971,14.819496291866248
-3172.596298149074,0.00020824715856045502,-4001.298882296971,14.819496291866248
-3170.5952976488243,0.00020824715856045502,-4001.298882296971,14.819496291866248
-3168.594297148574,0.00020824715856045502,-4001.298882296971,14.819496291866248
-3166.5932966483233,0.00020824715856045502,-4001.298882296971,14.819496291866248
-3164.5922961480737,0.00020824715856045502,-4001.298882296971,14.819496291866248
-3162.5912956478232,0.00020824715856045502,-4001.298882296971,14.819496291866248
-3160.590295147573,0.00020824715856045502,-4001.298882296971,14.819496291866248
-3158.589294647323,0.00020824715856045502,-4001.298882296971,14.819496291866248
-3156.588294147073,0.00020824715856045502,-4001.298882296971,14.819496291866248
-3154.5872936468227,0.00020824715856045502,-4001.298882296971,14.819496291866248
-3152.586293146573,0.00020824715856045502,-4001.298882296971,14.819496291866248
-3150.5852926463226,0.00020824715856045502,-4001.298882296971,14.819496291866248
-3148.5842921460726,0.00020824715856045502,-4001.298882296971,14.819496291866248
-3146.583291645822,0.00020824715856045502,-4001.298882296971,14.819496291866248
-3144.5822911455725,0.00020824715856045502,-4001.298882296971,14.819496291866248
-3142.581290645322,0.00020824715856045502,-4001.298882296971,14.819496291866248
-3140.580290145072,0.00020824715856045502,-4001.298882296971,14.819496291866248
-3138.579289644822,0.00020824715856045502,-4001.298882296971,14.819496291866248
-3136.578289144572,0.00020824715856045502,-4001.298882296971,14.819496291866248
-3134.5772886443215,0.00020824715856045502,-4001.298882296971,14.819496291866248
-3132.576288144072,0.00020824715856045502,-4001.298882296971,14.819496291866248
-3130.5752876438214,0.00020824715856045502,-4001.298882296971,14.819496291866248
-3128.5742871435714,0.00020824715856045502,-4001.298882296971,14.819496291866248
-3126.5732866433214,0.00020824715856045502,-4001.298882296971,14.819496291866248
-3124.5722861430713,0.00020824715856045502,-4001.298882296971,14.819496291866248
-3122.571285642821,0.00020824715856045502,-4001.298882296971,14.819496291866248
-3120.5702851425704,0.00020824715856045502,-4001.298882296971,14.819496291866248
-3118.569284642321,0.00020824715856045502,-4001.298882296971,14.819496291866248
-3116.5682841420703,0.00020824715856045502,-4001.298882296971,14.819496291866248
-3114.5672836418203,0.00020824715856045502,-4001.298882296971,14.819496291866248
-3112.5662831415702,0.00020824715856045502,-4001.298882296971,14.819496291866248
-3110.56528264132,0.00020824715856045502,-4001.298882296971,14.819496291866248
-3108.5642821410697,0.00020824715856045502,-4001.298882296971,14.819496291866248
-3106.56328164082,0.00020824715856045502,-4001.298882296971,14.819496291866248
-3104.5622811405697,0.00020824715856045502,-4001.298882296971,14.819496291866248
-3102.5612806403196,0.00020824715856045502,-4001.298882296971,14.819496291866248
-3100.5602801400696,0.00020824715856045502,-4001.298882296971,14.819496291866248
-3098.5592796398196,0.00020824715856045502,-4001.298882296971,14.819496291866248
-3096.558279139569,0.00020824715856045502,-4001.298882296971,14.819496291866248
-3094.5572786393195,0.00020824715856045502,-4001.298882296971,14.819496291866248
-3092.556278139069,0.00020824715856045502,-4001.298882296971,14.819496291866248
-3090.555277638819,0.00020824715856045502,-4001.298882296971,14.819496291866248
-3088.5542771385685,0.00020824715856045502,-4001.298882296971,14.819496291866248
-3086.553276638319,0.00020824715856045502,-4001.298882296971,14.819496291866248
-3084.5522761380685,0.00020824715856045502,-4001.298882296971,14.819496291866248
-3082.5512756378184,0.00020824715856045502,-4001.298882296971,14.819496291866248
-3080.5502751375684,0.00020824715856045502,-4001.298882296971,14.819496291866248
-3078.5492746373184,0.00020824715856045502,-4001.298882296971,14.819496291866248
-3076.548274137068,0.00020824715856045502,-4001.298882296971,14.819496291866248
-3074.5472736368183,0.00020824715856045502,-4001.298882296971,14.819496291866248
-3072.546273136568,0.00020824715856045502,-4001.298882296971,14.819496291866248
-3070.5452726363173,0.00020824715856045502,-4001.298882296971,14.819496291866248
-3068.544272136068,0.00020824715856045502,-4001.298882296971,14.819496291866248
-3066.5432716358173,0.00020824715856045502,-4001.298882296971,14.819496291866248
-3064.5422711355673,0.00020824715856045502,-4001.298882296971,14.819496291866248
-3062.5412706353172,0.00020824715856045502,-4001.298882296971,14.819496291866248
-3060.540270135067,0.00020824715856045502,-4001.298882296971,14.819496291866248
-3058.5392696348167,0.00020824715856045502,-4001.298882296971,14.819496291866248
-3056.5382691345667,0.00020824715856045502,-4001.298882296971,14.819496291866248
-3054.5372686343167,0.00020824715856045502,-4001.298882296971,14.819496291866248
-3052.5362681340666,0.00020824715856045502,-4001.298882296971,14.819496291866248
-3050.535267633816,0.00020824715856045502,-4001.298882296971,14.819496291866248
-3048.5342671335666,0.00020824715856045502,-4001.298882296971,14.819496291866248
-3046.533266633316,0.00020824715856045502,-4001.298882296971,14.819496291866248
-3044.532266133066,0.00020824715856045502,-4001.298882296971,14.819496291866248
-3042.531265632816,0.00020824715856045502,-4001.298882296971,14.819496291866248
-3040.530265132566,0.00020824715856045502,-4001.298882296971,14.819496291866248
-3038.5292646323155,0.00020824715856045502,-4001.298882296971,14.819496291866248
-3036.528264132066,0.00020824715856045502,-4001.298882296971,14.819496291866248
-3034.5272636318155,0.00020824715856045502,-4001.298882296971,14.819496291866248
-3032.5262631315654,0.00020824715856045502,-4001.298882296971,14.819496291866248
-3030.5252626313154,0.00020824715856045502,-4001.298882296971,14.819496291866248
-3028.5242621310654,0.00020824715856045502,-4001.298882296971,14.819496291866248
-3026.523261630815,0.00020824715856045502,-4001.298882296971,14.819496291866248
-3024.5222611305644,0.00020824715856045502,-4001.298882296971,14.819496291866248
-3022.521260630315,0.00020824715856045502,-4001.298882296971,14.819496291866248
-3020.5202601300643,0.00020824715856045502,-4001.298882296971,14.819496291866248
-3018.5192596298143,0.00020824715856045502,-4001.298882296971,14.819496291866248
-3016.5182591295643,0.00020824715856045502,-4001.298882296971,14.819496291866248
-3014.5172586293143,0.00020824715856045502,-4001.298882296971,14.819496291866248
-3012.5162581290638,0.00020824715856045502,-4001.298882296971,14.819496291866248
-3010.515257628814,0.00020824715856045502,-4001.298882296971,14.819496291866248
-3008.5142571285637,0.00020824715856045502,-4001.298882296971,14.819496291866248
-3006.5132566283137,0.00020824715856045502,-4001.298882296971,14.819496291866248
-3004.5122561280637,0.00020824715856045502,-4001.298882296971,14.819496291866248
-3002.5112556278136,0.00020824715856045502,-4001.298882296971,14.819496291866248
-3000.510255127563,0.00020824715856045502,-4001.298882296971,14.819496291866248
-2998.5092546273136,0.00020824715856045502,-4001.298882296971,14.819496291866248
-2996.508254127063,0.00020824715856045502,-4001.298882296971,14.819496291866248
-2994.507253626813,0.00020824715856045502,-4001.298882296971,14.819496291866248
-2992.5062531265626,0.00020824715856045502,-4001.298882296971,14.819496291866248
-2990.505252626313,0.00020824715856045502,-4001.298882296971,14.819496291866248
-2988.5042521260625,0.00020824715856045502,-4001.298882296971,14.819496291866248
-2986.5032516258125,0.00020824715856045502,-4001.298882296971,14.819496291866248
-2984.5022511255625,0.00020824715856045502,-4001.298882296971,14.819496291866248
-2982.5012506253124,0.00020824715856045502,-4001.298882296971,14.819496291866248
-2980.500250125062,0.00020824715856045502,-4001.298882296971,14.819496291866248
-2978.4992496248124,0.00020824715856045502,-4001.298882296971,14.819496291866248
-2976.498249124562,0.00020824715856045502,-4001.298882296971,14.819496291866248
-2974.4972486243114,0.00020824715856045502,-4001.298882296971,14.819496291866248
-2972.496248124062,0.00020824715856045502,-4001.298882296971,14.819496291866248
-2970.4952476238113,0.00020824715856045502,-4001.298882296971,14.819496291866248
-2968.4942471235613,0.00020824715856045502,-4001.298882296971,14.819496291866248
-2966.493246623311,0.00020824715856045502,-4001.298882296971,14.819496291866248
-2964.4922461230612,0.00020824715856045502,-4001.298882296971,14.819496291866248
-2962.4912456228108,0.00020824715856045502,-4001.298882296971,14.819496291866248
-2960.4902451225607,0.00020824715856045502,-4001.298882296971,14.819496291866248
-2958.4892446223107,0.00020824715856045502,-4001.298882296971,14.819496291866248
-2956.4882441220607,0.00020824715856045502,-4001.298882296971,14.819496291866248
-2954.48724362181,0.00020824715856045502,-4001.298882296971,14.819496291866248
-2952.4862431215606,0.00020824715856045502,-4001.298882296971,14.819496291866248
-2950.48524262131,0.00020824715856045502,-4001.298882296971,14.819496291866248
-2948.48424212106,0.00020824715856045502,-4001.298882296971,14.819496291866248
-2946.48324162081,0.00020824715856045502,-4001.298882296971,14.819496291866248
-2944.48224112056,0.00020824715856045502,-4001.298882296971,14.819496291866248
-2942.4812406203096,0.00020824715856045502,-4001.298882296971,14.819496291866248
-2940.48024012006,0.00020824715856045502,-4001.298882296971,14.819496291866248
-2938.4792396198095,0.00020824715856045502,-4001.298882296971,14.819496291866248
-2936.4782391195595,0.00020824715856045502,-4001.298882296971,14.819496291866248
-2934.477238619309,0.00020824715856045502,-4001.298882296971,14.819496291866248
-2932.4762381190594,0.00020824715856045502,-4001.298882296971,14.819496291866248
-2930.475237618809,0.00020824715856045502,-4001.298882296971,14.819496291866248
-2928.4742371185584,0.00020824715856045502,-4001.298882296971,14.819496291866248
-2926.473236618309,0.00020824715856045502,-4001.298882296971,14.819496291866248
-2924.4722361180584,0.00020824715856045502,-4001.298882296971,14.819496291866248
-2922.4712356178084,0.00020824715856045502,-4001.298882296971,14.819496291866248
-2920.4702351175583,0.00020824715856045502,-4001.298882296971,14.819496291866248
-2918.4692346173083,0.00020824715856045502,-4001.298882296971,14.819496291866248
-2916.468234117058,0.00020824715856045502,-4001.298882296971,14.819496291866248
-2914.4672336168082,0.00020824715856045502,-4001.298882296971,14.819496291866248
-2912.4662331165578,0.00020824715856045502,-4001.298882296971,14.819496291866248
-2910.4652326163077,0.00020824715856045502,-4001.298882296971,14.819496291866248
-2908.4642321160572,0.00020824715856045502,-4001.298882296971,14.819496291866248
-2906.4632316158077,0.00020824715856045502,-4001.298882296971,14.819496291866248
-2904.462231115557,0.00020824715856045502,-4001.298882296971,14.819496291866248
-2902.461230615307,0.00020824715856045502,-4001.298882296971,14.819496291866248
-2900.460230115057,0.00020824715856045502,-4001.298882296971,14.819496291866248
-2898.459229614807,0.00020824715856045502,-4001.298882296971,14.819496291866248
-2896.4582291145566,0.00020824715856045502,-4001.298882296971,14.819496291866248
-2894.457228614307,0.00020824715856045502,-4001.298882296971,14.819496291866248
-2892.4562281140566,0.00020824715856045502,-4001.298882296971,14.819496291866248
-2890.4552276138065,0.00020824715856045502,-4001.298882296971,14.819496291866248
-2888.4542271135565,0.00020824715856045502,-4001.298882296971,14.819496291866248
-2886.4532266133065,0.00020824715856045502,-4001.298882296971,14.819496291866248
-2884.452226113056,0.00020824715856045502,-4001.298882296971,14.819496291866248
-2882.451225612806,0.00020824715856045502,-4001.298882296971,14.819496291866248
-2880.450225112556,0.00020824715856045502,-4001.298882296971,14.819496291866248
-2878.4492246123054,0.00020824715856045502,-4001.298882296971,14.819496291866248
-2876.4482241120554,0.00020824715856045502,-4001.298882296971,14.819496291866248
-2874.4472236118054,0.00020824715856045502,-4001.298882296971,14.819496291866248
-2872.4462231115554,0.00020824715856045502,-4001.298882296971,14.819496291866248
-2870.445222611305,0.00020824715856045502,-4001.298882296971,14.819496291866248
-2868.4442221110553,0.00020824715856045502,-4001.298882296971,14.819496291866248
-2866.443221610805,0.00020824715856045502,-4001.298882296971,14.819496291866248
-2864.442221110555,0.00020824715856045502,-4001.298882296971,14.819496291866248
-2862.4412206103048,0.00020824715856045502,-4001.298882296971,14.819496291866248
-2860.4402201100547,0.00020824715856045502,-4001.298882296971,14.819496291866248
-2858.4392196098042,0.00020824715856045502,-4001.298882296971,14.819496291866248
-2856.4382191095547,0.00020824715856045502,-4001.298882296971,14.819496291866248
-2854.437218609304,0.00020824715856045502,-4001.298882296971,14.819496291866248
-2852.436218109054,0.00020824715856045502,-4001.298882296971,14.819496291866248
-2850.435217608804,0.00020824715856045502,-4001.298882296971,14.819496291866248
-2848.434217108554,0.00020824715856045502,-4001.298882296971,14.819496291866248
-2846.4332166083036,0.00020824715856045502,-4001.298882296971,14.819496291866248
-2844.4322161080536,0.00020824715856045502,-4001.298882296971,14.819496291866248
-2842.4312156078036,0.00020824715856045502,-4001.298882296971,14.819496291866248
-2840.4302151075535,0.00020824715856045502,-4001.298882296971,14.819496291866248
-2838.429214607303,0.00020824715856045502,-4001.298882296971,14.819496291866248
-2836.4282141070535,0.00020824715856045502,-4001.298882296971,14.819496291866248
-2834.427213606803,0.00020824715856045502,-4001.298882296971,14.819496291866248
-2832.4262131065525,0.00020824715856045502,-4001.298882296971,14.819496291866248
-2830.425212606303,0.00020824715856045502,-4001.298882296971,14.819496291866248
-2828.4242121060524,0.00020824715856045502,-4001.298882296971,14.819496291866248
-2826.4232116058024,0.00020824715856045502,-4001.298882296971,14.819496291866248
-2824.4222111055524,0.00020824715856045502,-4001.298882296971,14.819496291866248
-2822.4212106053023,0.00020824715856045502,-4001.298882296971,14.819496291866248
-2820.420210105052,0.00020824715856045502,-4001.298882296971,14.819496291866248
-2818.4192096048023,0.00020824715856045502,-4001.298882296971,14.819496291866248
-2816.418209104552,0.00020824715856045502,-4001.298882296971,14.819496291866248
-2814.417208604302,0.00020824715856045502,-4001.298882296971,14.819496291866248
-2812.4162081040513,0.00020824715856045502,-4001.298882296971,14.819496291866248
-2810.4152076038017,0.00020824715856045502,-4001.298882296971,14.819496291866248
-2808.4142071035512,0.00020824715856045502,-4001.298882296971,14.819496291866248
-2806.413206603301,0.00020824715856045502,-4001.298882296971,14.819496291866248
-2804.412206103051,0.00020824715856045502,-4001.298882296971,14.819496291866248
-2802.411205602801,0.00020824715856045502,-4001.298882296971,14.819496291866248
-2800.4102051025507,0.00020824715856045502,-4001.298882296971,14.819496291866248
-2798.409204602301,0.00020824715856045502,-4001.298882296971,14.819496291866248
-2796.4082041020506,0.00020824715856045502,-4001.298882296971,14.819496291866248
-2794.4072036018006,0.00020824715856045502,-4001.298882296971,14.819496291866248
-2792.4062031015505,0.00020824715856045502,-4001.298882296971,14.819496291866248
-2790.4052026013005,0.00020824715856045502,-4001.298882296971,14.819496291866248
-2788.40420210105,0.00020824715856045502,-4001.298882296971,14.819496291866248
-2786.4032016007995,0.00020824715856045502,-4001.298882296971,14.819496291866248
-2784.40220110055,0.00020824715856045502,-4001.298882296971,14.819496291866248
-2782.4012006002995,0.00020824715856045502,-4001.298882296971,14.819496291866248
-2780.4002001000495,0.00020824715856045502,-4001.298882296971,14.819496291866248
-2778.3991995997994,0.00020824715856045502,-4001.298882296971,14.819496291866248
-2776.3981990995494,0.00020824715856045502,-4001.298882296971,14.819496291866248
-2774.397198599299,0.00020824715856045502,-4001.298882296971,14.819496291866248
-2772.3961980990493,0.00020824715856045502,-4001.298882296971,14.819496291866248
-2770.395197598799,0.00020824715856045502,-4001.298882296971,14.819496291866248
-2768.394197098549,0.00020824715856045502,-4001.298882296971,14.819496291866248
-2766.393196598299,0.00020824715856045502,-4001.298882296971,14.819496291866248
-2764.3921960980488,0.00020824715856045502,-4001.298882296971,14.819496291866248
-2762.3911955977983,0.00020824715856045502,-4001.298882296971,14.819496291866248
-2760.3901950975487,0.00020824715856045502,-4001.298882296971,14.819496291866248
-2758.3891945972982,0.00020824715856045502,-4001.298882296971,14.819496291866248
-2756.388194097048,0.00020824715856045502,-4001.298882296971,14.819496291866248
-2754.3871935967977,0.00020824715856045502,-4001.298882296971,14.819496291866248
-2752.386193096548,0.00020824715856045502,-4001.298882296971,14.819496291866248
-2750.3851925962977,0.00020824715856045502,-4001.298882296971,14.819496291866248
-2748.3841920960476,0.00020824715856045502,-4001.298882296971,14.819496291866248
-2746.3831915957976,0.00020824715856045502,-4001.298882296971,14.819496291866248
-2744.3821910955476,0.00020824715856045502,-4001.298882296971,14.819496291866248
-2742.381190595297,0.00020824715856045502,-4001.298882296971,14.819496291866248
-2740.3801900950475,0.00020824715856045502,-4001.298882296971,14.819496291866248
-2738.379189594797,0.00020824715856045502,-4001.298882296971,14.819496291866248
-2736.3781890945465,0.00020824715856045502,-4001.298882296971,14.819496291866248
-2734.377188594297,0.00020824715856045502,-4001.298882296971,14.819496291866248
-2732.3761880940465,0.00020824715856045502,-4001.298882296971,14.819496291866248
-2730.3751875937965,0.00020824715856045502,-4001.298882296971,14.819496291866248
-2728.374187093546,0.00020824715856045502,-4001.298882296971,14.819496291866248
-2726.3731865932964,0.00020824715856045502,-4001.298882296971,14.819496291866248
-2724.372186093046,0.00020824715856045502,-4001.298882296971,14.819496291866248
-2722.371185592796,0.00020824715856045502,-4001.298882296971,14.819496291866248
-2720.370185092546,0.00020824715856045502,-4001.298882296971,14.819496291866248
-2718.369184592296,0.00020824715856045502,-4001.298882296971,14.819496291866248
-2716.3681840920453,0.00020824715856045502,-4001.298882296971,14.819496291866248
-2714.3671835917958,0.00020824715856045502,-4001.298882296971,14.819496291866248
-2712.3661830915453,0.00020824715856045502,-4001.298882296971,14.819496291866248
-2710.3651825912953,0.00020824715856045502,-4001.298882296971,14.819496291866248
-2708.364182091045,0.00020824715856045502,-4001.298882296971,14.819496291866248
-2706.363181590795,0.00020824715856045502,-4001.298882296971,14.819496291866248
-2704.3621810905447,0.00020824715856045502,-4001.298882296971,14.819496291866248
-2702.361180590295,0.00020824715856045502,-4001.298882296971,14.819496291866248
-2700.3601800900447,0.00020824715856045502,-4001.298882296971,14.819496291866248
-2698.3591795897946,0.00020824715856045502,-4001.298882296971,14.819496291866248
-2696.358179089544,0.00020824715856045502,-4001.298882296971,14.819496291866248
-2694.3571785892946,0.00020824715856045502,-4001.298882296971,14.819496291866248
-2692.356178089044,0.00020824715856045502,-4001.298882296971,14.819496291866248
-2690.3551775887936,0.00020824715856045502,-4001.298882296971,14.819496291866248
-2688.354177088544,0.00020824715856045502,-4001.298882296971,14.819496291866248
-2686.3531765882935,0.00020824715856045502,-4001.298882296971,14.819496291866248
-2684.3521760880435,0.00020824715856045502,-4001.298882296971,14.819496291866248
-2682.3511755877935,0.00020824715856045502,-4001.298882296971,14.819496291866248
-2680.3501750875434,0.00020824715856045502,-4001.298882296971,14.819496291866248
-2678.349174587293,0.00020824715856045502,-4001.298882296971,14.819496291866248
-2676.3481740870434,0.00020824715856045502,-4001.298882296971,14.819496291866248
-2674.347173586793,0.00020824715856045502,-4001.298882296971,14.819496291866248
-2672.346173086543,0.00020824715856045502,-4001.298882296971,14.819496291866248
-2670.345172586293,0.00020824715856045502,-4001.298882296971,14.819496291866248
-2668.344172086043,0.00020824715856045502,-4001.298882296971,14.819496291866248
-2666.3431715857923,0.00020824715856045502,-4001.298882296971,14.819496291866248
-2664.3421710855423,0.00020824715856045502,-4001.298882296971,14.819496291866248
-2662.3411705852923,0.00020824715856045502,-4001.298882296971,14.819496291866248
-2660.3401700850422,0.00020824715856045502,-4001.298882296971,14.819496291866248
-2658.3391695847918,0.00020824715856045502,-4001.298882296971,14.819496291866248
-2656.338169084542,0.00020824715856045502,-4001.298882296971,14.819496291866248
-2654.3371685842917,0.00020824715856045502,-4001.298882296971,14.819496291866248
-2652.3361680840417,0.00020824715856045502,-4001.298882296971,14.819496291866248
-2650.3351675837916,0.00020824715856045502,-4001.298882296971,14.819496291866248
-2648.3341670835416,0.00020824715856045502,-4001.298882296971,14.819496291866248
-2646.333166583291,0.00020824715856045502,-4001.298882296971,14.819496291866248
-2644.332166083041,0.00020824715856045502,-4001.298882296971,14.819496291866248
-2642.331165582791,0.00020824715856045502,-4001.298882296971,14.819496291866248
-2640.3301650825406,0.00020824715856045502,-4001.298882296971,14.819496291866248
-2638.329164582291,0.00020824715856045502,-4001.298882296971,14.819496291866248
-2636.3281640820405,0.00020824715856045502,-4001.298882296971,14.819496291866248
-2634.3271635817905,0.00020824715856045502,-4001.298882296971,14.819496291866248
-2632.32616308154,0.00020824715856045502,-4001.298882296971,14.819496291866248
-2630.3251625812904,0.00020824715856045502,-4001.298882296971,14.819496291866248
-2628.32416208104,0.00020824715856045502,-4001.298882296971,14.819496291866248
-2626.32316158079,0.00020824715856045502,-4001.298882296971,14.819496291866248
-2624.32216108054,0.00020824715856045502,-4001.298882296971,14.819496291866248
-2622.32116058029,0.00020824715856045502,-4001.298882296971,14.819496291866248
-2620.3201600800394,0.00020824715856045502,-4001.298882296971,14.819496291866248
-2618.31915957979,0.00020824715856045502,-4001.298882296971,14.819496291866248
-2616.3181590795393,0.00020824715856045502,-4001.298882296971,14.819496291866248
-2614.3171585792893,0.00020824715856045502,-4001.298882296971,14.819496291866248
-2612.3161580790393,0.00020824715856045502,-4001.298882296971,14.819496291866248
-2610.3151575787892,0.00020824715856045502,-4001.298882296971,14.819496291866248
-2608.3141570785388,0.00020824715856045502,-4001.298882296971,14.819496291866248
-2606.313156578289,0.00020824715856045502,-4001.298882296971,14.819496291866248
-2604.3121560780387,0.00020824715856045502,-4001.298882296971,14.819496291866248
-2602.3111555777887,0.00020824715856045502,-4001.298882296971,14.819496291866248
-2600.310155077538,0.00020824715856045502,-4001.298882296971,14.819496291866248
-2598.3091545772886,0.00020824715856045502,-4001.298882296971,14.819496291866248
-2596.308154077038,0.00020824715856045502,-4001.298882296971,14.819496291866248
-2594.3071535767876,0.00020824715856045502,-4001.298882296971,14.819496291866248
-2592.306153076538,0.00020824715856045502,-4001.298882296971,14.819496291866248
-2590.3051525762876,0.00020824715856045502,-4001.298882296971,14.819496291866248
-2588.3041520760376,0.00020824715856045502,-4001.298882296971,14.819496291866248
-2586.3031515757875,0.00020824715856045502,-4001.298882296971,14.819496291866248
-2584.3021510755375,0.00020824715856045502,-4001.298882296971,14.819496291866248
-2582.301150575287,0.00020824715856045502,-4001.298882296971,14.819496291866248
-2580.3001500750374,0.00020824715856045502,-4001.298882296971,14.819496291866248
-2578.299149574787,0.00020824715856045502,-4001.298882296971,14.819496291866248
-2576.298149074537,0.00020824715856045502,-4001.298882296971,14.819496291866248
-2574.2971485742864,0.00020824715856045502,-4001.298882296971,14.819496291866248
-2572.296148074037,0.00020824715856045502,-4001.298882296971,14.819496291866248
-2570.2951475737864,0.00020824715856045502,-4001.298882296971,14.819496291866248
-2568.2941470735364,0.00020824715856045502,-4001.298882296971,14.819496291866248
-2566.2931465732863,0.00020824715856045502,-4001.298882296971,14.819496291866248
-2564.2921460730363,0.00020824715856045502,-4001.298882296971,14.819496291866248
-2562.291145572786,0.00020824715856045502,-4001.298882296971,14.819496291866248
-2560.2901450725362,0.00020824715856045502,-4001.298882296971,14.819496291866248
-2558.2891445722857,0.00020824715856045502,-4001.298882296971,14.819496291866248
-2556.2881440720357,0.00020824715856045502,-4001.298882296971,14.819496291866248
-2554.2871435717857,0.00020824715856045502,-4001.298882296971,14.819496291866248
-2552.2861430715357,0.00020824715856045502,-4001.298882296971,14.819496291866248
-2550.285142571285,0.00020824715856045502,-4001.298882296971,14.819496291866248
-2548.2841420710347,0.00020824715856045502,-4001.298882296971,14.819496291866248
-2546.283141570785,0.00020824715856045502,-4001.298882296971,14.819496291866248
-2544.2821410705346,0.00020824715856045502,-4001.298882296971,14.819496291866248
-2542.2811405702846,0.00020824715856045502,-4001.298882296971,14.819496291866248
-2540.2801400700346,0.00020824715856045502,-4001.298882296971,14.819496291866248
-2538.2791395697845,0.00020824715856045502,-4001.298882296971,14.819496291866248
-2536.278139069534,0.00020824715856045502,-4001.298882296971,14.819496291866248
-2534.2771385692845,0.00020824715856045502,-4001.298882296971,14.819496291866248
-2532.276138069034,0.00020824715856045502,-4001.298882296971,14.819496291866248
-2530.275137568784,0.00020824715856045502,-4001.298882296971,14.819496291866248
-2528.274137068534,0.00020824715856045502,-4001.298882296971,14.819496291866248
-2526.273136568284,0.00020824715856045502,-4001.298882296971,14.819496291866248
-2524.2721360680334,0.00020824715856045502,-4001.298882296971,14.819496291866248
-2522.271135567784,0.00020824715856045502,-4001.298882296971,14.819496291866248
-2520.2701350675334,0.00020824715856045502,-4001.298882296971,14.819496291866248
-2518.2691345672833,0.00020824715856045502,-4001.298882296971,14.819496291866248
-2516.268134067033,0.00020824715856045502,-4001.298882296971,14.819496291866248
-2514.2671335667833,0.00020824715856045502,-4001.298882296971,14.819496291866248
-2512.266133066533,0.00020824715856045502,-4001.298882296971,14.819496291866248
-2510.265132566283,0.00020824715856045502,-4001.298882296971,14.819496291866248
-2508.2641320660327,0.00020824715856045502,-4001.298882296971,14.819496291866248
-2506.2631315657827,0.00020824715856045502,-4001.298882296971,14.819496291866248
-2504.2621310655322,0.00020824715856045502,-4001.298882296971,14.819496291866248
-2502.2611305652827,0.00020824715856045502,-4001.298882296971,14.819496291866248
-2500.260130065032,0.00020824715856045502,-4001.298882296971,14.819496291866248
-2498.2591295647817,0.00020824715856045502,-4001.298882296971,14.819496291866248
-2496.258129064532,0.00020824715856045502,-4001.298882296971,14.819496291866248
-2494.2571285642816,0.00020824715856045502,-4001.298882296971,14.819496291866248
-2492.2561280640316,0.00020824715856045502,-4001.298882296971,14.819496291866248
-2490.255127563781,0.00020824715856045502,-4001.298882296971,14.819496291866248
-2488.2541270635315,0.00020824715856045502,-4001.298882296971,14.819496291866248
-2486.253126563281,0.00020824715856045502,-4001.298882296971,14.819496291866248
-2484.252126063031,0.00020824715856045502,-4001.298882296971,14.819496291866248
-2482.251125562781,0.00020824715856045502,-4001.298882296971,14.819496291866248
-2480.250125062531,0.00020824715856045502,-4001.298882296971,14.819496291866248
-2478.2491245622805,0.00020824715856045502,-4001.298882296971,14.819496291866248
-2476.248124062031,0.00020824715856045502,-4001.298882296971,14.819496291866248
-2474.2471235617804,0.00020824715856045502,-4001.298882296971,14.819496291866248
-2472.2461230615304,0.00020824715856045502,-4001.298882296971,14.819496291866248
-2470.2451225612804,0.00020824715856045502,-4001.298882296971,14.819496291866248
-2468.2441220610303,0.00020824715856045502,-4001.298882296971,14.819496291866248
-2466.24312156078,0.00020824715856045502,-4001.298882296971,14.819496291866248
-2464.2421210605303,0.00020824715856045502,-4001.298882296971,14.819496291866248
-2462.24112056028,0.00020824715856045502,-4001.298882296971,14.819496291866248
-2460.2401200600298,0.00020824715856045502,-4001.298882296971,14.819496291866248
-2458.2391195597797,0.00020824715856045502,-4001.298882296971,14.819496291866248
-2456.2381190595297,0.00020824715856045502,-4001.298882296971,14.819496291866248
-2454.237118559279,0.00020824715856045502,-4001.298882296971,14.819496291866248
-2452.2361180590287,0.00020824715856045502,-4001.298882296971,14.819496291866248
-2450.235117558779,0.00020824715856045502,-4001.298882296971,14.819496291866248
-2448.2341170585287,0.00020824715856045502,-4001.298882296971,14.819496291866248
-2446.2331165582787,0.00020824715856045502,-4001.298882296971,14.819496291866248
-2444.2321160580286,0.00020824715856045502,-4001.298882296971,14.819496291866248
-2442.2311155577786,0.00020824715856045502,-4001.298882296971,14.819496291866248
-2440.230115057528,0.00020824715856045502,-4001.298882296971,14.819496291866248
-2438.2291145572785,0.00020824715856045502,-4001.298882296971,14.819496291866248
-2436.228114057028,0.00020824715856045502,-4001.298882296971,14.819496291866248
-2434.227113556778,0.00020824715856045502,-4001.298882296971,14.819496291866248
-2432.226113056528,0.00020824715856045502,-4001.298882296971,14.819496291866248
-2430.225112556278,0.00020824715856045502,-4001.298882296971,14.819496291866248
-2428.2241120560275,0.00020824715856045502,-4001.298882296971,14.819496291866248
-2426.223111555778,0.00020824715856045502,-4001.298882296971,14.819496291866248
-2424.2221110555274,0.00020824715856045502,-4001.298882296971,14.819496291866248
-2422.2211105552774,0.00020824715856045502,-4001.298882296971,14.819496291866248
-2420.220110055027,0.00020824715856045502,-4001.298882296971,14.819496291866248
-2418.2191095547773,0.00020824715856045502,-4001.298882296971,14.819496291866248
-2416.218109054527,0.00020824715856045502,-4001.298882296971,14.819496291866248
-2414.217108554277,0.00020824715856045502,-4001.298882296971,14.819496291866248
-2412.216108054027,0.00020824715856045502,-4001.298882296971,14.819496291866248
-2410.2151075537768,0.00020824715856045502,-4001.298882296971,14.819496291866248
-2408.2141070535263,0.00020824715856045502,-4001.298882296971,14.819496291866248
-2406.2131065532767,0.00020824715856045502,-4001.298882296971,14.819496291866248
-2404.212106053026,0.00020824715856045502,-4001.298882296971,14.819496291866248
-2402.2111055527757,0.00020824715856045502,-4001.298882296971,14.819496291866248
-2400.210105052526,0.00020824715856045502,-4001.298882296971,14.819496291866248
-2398.2091045522757,0.00020824715856045502,-4001.298882296971,14.819496291866248
-2396.2081040520256,0.00020824715856045502,-4001.298882296971,14.819496291866248
-2394.207103551775,0.00020824715856045502,-4001.298882296971,14.819496291866248
-2392.2061030515256,0.00020824715856045502,-4001.298882296971,14.819496291866248
-2390.205102551275,0.00020824715856045502,-4001.298882296971,14.819496291866248
-2388.204102051025,0.00020824715856045502,-4001.298882296971,14.819496291866248
-2386.203101550775,0.00020824715856045502,-4001.298882296971,14.819496291866248
-2384.202101050525,0.00020824715856045502,-4001.298882296971,14.819496291866248
-2382.2011005502745,0.00020824715856045502,-4001.298882296971,14.819496291866248
-2380.200100050025,0.00020824715856045502,-4001.298882296971,14.819496291866248
-2378.1990995497745,0.00020824715856045502,-4001.298882296971,14.819496291866248
-2376.1980990495244,0.00020824715856045502,-4001.298882296971,14.819496291866248
-2374.1970985492744,0.00020824715856045502,-4001.298882296971,14.819496291866248
-2372.1960980490244,0.00020824715856045502,-4001.298882296971,14.819496291866248
-2370.195097548774,0.00020824715856045502,-4001.298882296971,14.819496291866248
-2368.1940970485243,0.00020824715856045502,-4001.298882296971,14.819496291866248
-2366.193096548274,0.00020824715856045502,-4001.298882296971,14.819496291866248
-2364.192096048024,0.00020824715856045502,-4001.298882296971,14.819496291866248
-2362.1910955477733,0.00020824715856045502,-4001.298882296971,14.819496291866248
-2360.1900950475238,0.00020824715856045502,-4001.298882296971,14.819496291866248
-2358.1890945472733,0.00020824715856045502,-4001.298882296971,14.819496291866248
-2356.188094047023,0.00020824715856045502,-4001.298882296971,14.819496291866248
-2354.187093546773,0.00020824715856045502,-4001.298882296971,14.819496291866248
-2352.1860930465227,0.00020824715856045502,-4001.298882296971,14.819496291866248
-2350.1850925462727,0.00020824715856045502,-4001.298882296971,14.819496291866248
-2348.1840920460227,0.00020824715856045502,-4001.298882296971,14.819496291866248
-2346.1830915457726,0.00020824715856045502,-4001.298882296971,14.819496291866248
-2344.182091045522,0.00020824715856045502,-4001.298882296971,14.819496291866248
-2342.1810905452726,0.00020824715856045502,-4001.298882296971,14.819496291866248
-2340.180090045022,0.00020824715856045502,-4001.298882296971,14.819496291866248
-2338.179089544772,0.00020824715856045502,-4001.298882296971,14.819496291866248
-2336.1780890445216,0.00020824715856045502,-4001.298882296971,14.819496291866248
-2334.177088544272,0.00020824715856045502,-4001.298882296971,14.819496291866248
-2332.1760880440215,0.00020824715856045502,-4001.298882296971,14.819496291866248
-2330.1750875437715,0.00020824715856045502,-4001.298882296971,14.819496291866248
-2328.1740870435215,0.00020824715856045502,-4001.298882296971,14.819496291866248
-2326.1730865432714,0.00020824715856045502,-4001.298882296971,14.819496291866248
-2324.172086043021,0.00020824715856045502,-4001.298882296971,14.819496291866248
-2322.1710855427714,0.00020824715856045502,-4001.298882296971,14.819496291866248
-2320.170085042521,0.00020824715856045502,-4001.298882296971,14.819496291866248
-2318.169084542271,0.00020824715856045502,-4001.298882296971,14.819496291866248
-2316.168084042021,0.00020824715856045502,-4001.298882296971,14.819496291866248
-2314.167083541771,0.00020824715856045502,-4001.298882296971,14.819496291866248
-2312.1660830415203,0.00020824715856045502,-4001.298882296971,14.819496291866248
-2310.16508254127,0.00020824715856045502,-4001.298882296971,14.819496291866248
-2308.1640820410203,0.00020824715856045502,-4001.298882296971,14.819496291866248
-2306.16308154077,0.00020824715856045502,-4001.298882296971,14.819496291866248
-2304.1620810405198,0.00020824715856045502,-4001.298882296971,14.819496291866248
-2302.1610805402697,0.00020824715856045502,-4001.298882296971,14.819496291866248
-2300.1600800400197,0.00020824715856045502,-4001.298882296971,14.819496291866248
-2298.159079539769,0.00020824715856045502,-4001.298882296971,14.819496291866248
-2296.1580790395196,0.00020824715856045502,-4001.298882296971,14.819496291866248
-2294.157078539269,0.00020824715856045502,-4001.298882296971,14.819496291866248
-2292.156078039019,0.00020824715856045502,-4001.298882296971,14.819496291866248
-2290.155077538769,0.00020824715856045502,-4001.298882296971,14.819496291866248
-2288.154077038519,0.00020824715856045502,-4001.298882296971,14.819496291866248
-2286.1530765382686,0.00020824715856045502,-4001.298882296971,14.819496291866248
-2284.152076038019,0.00020824715856045502,-4001.298882296971,14.819496291866248
-2282.1510755377685,0.00020824715856045502,-4001.298882296971,14.819496291866248
-2280.1500750375185,0.00020824715856045502,-4001.298882296971,14.819496291866248
-2278.149074537268,0.00020824715856045502,-4001.298882296971,14.819496291866248
-2276.1480740370184,0.00020824715856045502,-4001.298882296971,14.819496291866248
-2274.147073536768,0.00020824715856045502,-4001.298882296971,14.819496291866248
-2272.146073036518,0.00020824715856045502,-4001.298882296971,14.819496291866248
-2270.145072536268,0.00020824715856045502,-4001.298882296971,14.819496291866248
-2268.144072036018,0.00020824715856045502,-4001.298882296971,14.819496291866248
-2266.1430715357674,0.00020824715856045502,-4001.298882296971,14.819496291866248
-2264.142071035518,0.00020824715856045502,-4001.298882296971,14.819496291866248
-2262.1410705352673,0.00020824715856045502,-4001.298882296971,14.819496291866248
-2260.140070035017,0.00020824715856045502,-4001.298882296971,14.819496291866248
-2258.1390695347673,0.00020824715856045502,-4001.298882296971,14.819496291866248
-2256.138069034517,0.00020824715856045502,-4001.298882296971,14.819496291866248
-2254.1370685342667,0.00020824715856045502,-4001.298882296971,14.819496291866248
-2252.1360680340167,0.00020824715856045502,-4001.298882296971,14.819496291866248
-2250.1350675337667,0.00020824715856045502,-4001.298882296971,14.819496291866248
-2248.134067033516,0.00020824715856045502,-4001.298882296971,14.819496291866248
-2246.133066533266,0.00020824715856045502,-4001.298882296971,14.819496291866248
-2244.132066033016,0.00020824715856045502,-4001.298882296971,14.819496291866248
-2242.131065532766,0.00020824715856045502,-4001.298882296971,14.819496291866248
-2240.1300650325156,0.00020824715856045502,-4001.298882296971,14.819496291866248
-2238.129064532266,0.00020824715856045502,-4001.298882296971,14.819496291866248
-2236.1280640320156,0.00020824715856045502,-4001.298882296971,14.819496291866248
-2234.1270635317655,0.00020824715856045502,-4001.298882296971,14.819496291866248
-2232.1260630315155,0.00020824715856045502,-4001.298882296971,14.819496291866248
-2230.1250625312655,0.00020824715856045502,-4001.298882296971,14.819496291866248
-2228.124062031015,0.00020824715856045502,-4001.298882296971,14.819496291866248
-2226.1230615307654,0.00020824715856045502,-4001.298882296971,14.819496291866248
-2224.122061030515,0.00020824715856045502,-4001.298882296971,14.819496291866248
-2222.121060530265,0.00020824715856045502,-4001.298882296971,14.819496291866248
-2220.120060030015,0.00020824715856045502,-4001.298882296971,14.819496291866248
-2218.119059529765,0.00020824715856045502,-4001.298882296971,14.819496291866248
-2216.1180590295144,0.00020824715856045502,-4001.298882296971,14.819496291866248
-2214.117058529264,0.00020824715856045502,-4001.298882296971,14.819496291866248
-2212.1160580290143,0.00020824715856045502,-4001.298882296971,14.819496291866248
-2210.115057528764,0.00020824715856045502,-4001.298882296971,14.819496291866248
-2208.114057028514,0.00020824715856045502,-4001.298882296971,14.819496291866248
-2206.1130565282638,0.00020824715856045502,-4001.298882296971,14.819496291866248
-2204.1120560280137,0.00020824715856045502,-4001.298882296971,14.819496291866248
-2202.1110555277633,0.00020824715856045502,-4001.298882296971,14.819496291866248
-2200.1100550275137,0.00020824715856045502,-4001.298882296971,14.819496291866248
-2198.109054527263,0.00020824715856045502,-4001.298882296971,14.819496291866248
-2196.108054027013,0.00020824715856045502,-4001.298882296971,14.819496291866248
-2194.107053526763,0.00020824715856045502,-4001.298882296971,14.819496291866248
-2192.106053026513,0.00020824715856045502,-4001.298882296971,14.819496291866248
-2190.1050525262626,0.00020824715856045502,-4001.298882296971,14.819496291866248
-2188.104052026013,0.00020824715856045502,-4001.298882296971,14.819496291866248
-2186.1030515257626,0.00020824715856045502,-4001.298882296971,14.819496291866248
-2184.1020510255125,0.00020824715856045502,-4001.298882296971,14.819496291866248
-2182.101050525262,0.00020824715856045502,-4001.298882296971,14.819496291866248
-2180.1000500250125,0.00020824715856045502,-4001.298882296971,14.819496291866248
-2178.099049524762,0.00020824715856045502,-4001.298882296971,14.819496291866248
-2176.098049024512,0.00020824715856045502,-4001.298882296971,14.819496291866248
-2174.097048524262,0.00020824715856045502,-4001.298882296971,14.819496291866248
-2172.096048024012,0.00020824715856045502,-4001.298882296971,14.819496291866248
-2170.0950475237614,0.00020824715856045502,-4001.298882296971,14.819496291866248
-2168.094047023512,0.00020824715856045502,-4001.298882296971,14.819496291866248
-2166.0930465232614,0.00020824715856045502,-4001.298882296971,14.819496291866248
-2164.092046023011,0.00020824715856045502,-4001.298882296971,14.819496291866248
-2162.0910455227613,0.00020824715856045502,-4001.298882296971,14.819496291866248
-2160.090045022511,0.00020824715856045502,-4001.298882296971,14.819496291866248
-2158.089044522261,0.00020824715856045502,-4001.298882296971,14.819496291866248
-2156.0880440220103,0.00020824715856045502,-4001.298882296971,14.819496291866248
-2154.0870435217607,0.00020824715856045502,-4001.298882296971,14.819496291866248
-2152.0860430215102,0.00020824715856045502,-4001.298882296971,14.819496291866248
-2150.08504252126,0.00020824715856045502,-4001.298882296971,14.819496291866248
-2148.08404202101,0.00020824715856045502,-4001.298882296971,14.819496291866248
-2146.08304152076,0.00020824715856045502,-4001.298882296971,14.819496291866248
-2144.0820410205097,0.00020824715856045502,-4001.298882296971,14.819496291866248
-2142.08104052026,0.00020824715856045502,-4001.298882296971,14.819496291866248
-2140.0800400200096,0.00020824715856045502,-4001.298882296971,14.819496291866248
-2138.0790395197596,0.00020824715856045502,-4001.298882296971,14.819496291866248
-2136.0780390195096,0.00020824715856045502,-4001.298882296971,14.819496291866248
-2134.0770385192595,0.00020824715856045502,-4001.298882296971,14.819496291866248
-2132.076038019009,0.00020824715856045502,-4001.298882296971,14.819496291866248
-2130.0750375187595,0.00020824715856045502,-4001.298882296971,14.819496291866248
-2128.074037018509,0.00020824715856045502,-4001.298882296971,14.819496291866248
-2126.073036518259,0.00020824715856045502,-4001.298882296971,14.819496291866248
-2124.0720360180085,0.00020824715856045502,-4001.298882296971,14.819496291866248
-2122.071035517759,0.00020824715856045502,-4001.298882296971,14.819496291866248
-2120.0700350175084,0.00020824715856045502,-4001.298882296971,14.819496291866248
-2118.069034517258,0.00020824715856045502,-4001.298882296971,14.819496291866248
-2116.0680340170084,0.00020824715856045502,-4001.298882296971,14.819496291866248
-2114.067033516758,0.00020824715856045502,-4001.298882296971,14.819496291866248
-2112.066033016508,0.00020824715856045502,-4001.298882296971,14.819496291866248
-2110.065032516258,0.00020824715856045502,-4001.298882296971,14.819496291866248
-2108.064032016008,0.00020824715856045502,-4001.298882296971,14.819496291866248
-2106.0630315157573,0.00020824715856045502,-4001.298882296971,14.819496291866248
-2104.0620310155077,0.00020824715856045502,-4001.298882296971,14.819496291866248
-2102.0610305152572,0.00020824715856045502,-4001.298882296971,14.819496291866248
-2100.060030015007,0.00020824715856045502,-4001.298882296971,14.819496291866248
-2098.0590295147567,0.00020824715856045502,-4001.298882296971,14.819496291866248
-2096.058029014507,0.00020824715856045502,-4001.298882296971,14.819496291866248
-2094.0570285142567,0.00020824715856045502,-4001.298882296971,14.819496291866248
-2092.0560280140066,0.00020824715856045502,-4001.298882296971,14.819496291866248
-2090.0550275137566,0.00020824715856045502,-4001.298882296971,14.819496291866248
-2088.0540270135066,0.00020824715856045502,-4001.298882296971,14.819496291866248
-2086.053026513256,0.00020824715856045502,-4001.298882296971,14.819496291866248
-2084.0520260130065,0.00020824715856045502,-4001.298882296971,14.819496291866248
-2082.051025512756,0.00020824715856045502,-4001.298882296971,14.819496291866248
-2080.050025012506,0.00020824715856045502,-4001.298882296971,14.819496291866248
-2078.049024512256,0.00020824715856045502,-4001.298882296971,14.819496291866248
-2076.048024012006,0.00020824715856045502,-4001.298882296971,14.819496291866248
-2074.0470235117555,0.00020824715856045502,-4001.298882296971,14.819496291866248
-2072.0460230115054,0.00020824715856045502,-4001.298882296971,14.819496291866248
-2070.0450225112554,0.00020824715856045502,-4001.298882296971,14.819496291866248
-2068.044022011005,0.00020824715856045502,-4001.298882296971,14.819496291866248
-2066.043021510755,0.00020824715856045502,-4001.298882296971,14.819496291866248
-2064.042021010505,0.00020824715856045502,-4001.298882296971,14.819496291866248
-2062.041020510255,0.00020824715856045502,-4001.298882296971,14.819496291866248
-2060.0400200100044,0.00020824715856045502,-4001.298882296971,14.819496291866248
-2058.039019509755,0.00020824715856045502,-4001.298882296971,14.819496291866248
-2056.0380190095043,0.00020824715856045502,-4001.298882296971,14.819496291866248
-2054.0370185092543,0.00020824715856045502,-4001.298882296971,14.819496291866248
-2052.0360180090042,0.00020824715856045502,-4001.298882296971,14.819496291866248
-2050.035017508754,0.00020824715856045502,-4001.298882296971,14.819496291866248
-2048.0340170085037,0.00020824715856045502,-4001.298882296971,14.819496291866248
-2046.033016508254,0.00020824715856045502,-4001.298882296971,14.819496291866248
-2044.0320160080037,0.00020824715856045502,-4001.298882296971,14.819496291866248
-2042.0310155077536,0.00020824715856045502,-4001.298882296971,14.819496291866248
-2040.0300150075034,0.00020824715856045502,-4001.298882296971,14.819496291866248
-2038.0290145072536,0.00020824715856045502,-4001.298882296971,14.819496291866248
-2036.028014007003,0.00020824715856045502,-4001.298882296971,14.819496291866248
-2034.0270135067533,0.00020824715856045502,-4001.298882296971,14.819496291866248
-2032.026013006503,0.00020824715856045502,-4001.298882296971,14.819496291866248
-2030.025012506253,0.00020824715856045502,-4001.298882296971,14.819496291866248
-2028.0240120060027,0.00020824715856045502,-4001.298882296971,14.819496291866248
-2026.0230115057527,0.00020824715856045502,-4001.298882296971,14.819496291866248
-2024.0220110055025,0.00020824715856045502,-4001.298882296971,14.819496291866248
-2022.0210105052522,0.00020824715856045502,-4001.298882296971,14.819496291866248
-2020.0200100050022,0.00020824715856045502,-4001.298882296971,14.819496291866248
-2018.019009504752,0.00020824715856045502,-4001.298882296971,14.819496291866248
-2016.0180090045021,0.00020824715856045502,-4001.298882296971,14.819496291866248
-2014.0170085042516,0.00020824715856045502,-4001.298882296971,14.819496291866248
-2012.0160080040018,0.00020824715856045502,-4001.298882296971,14.819496291866248
-2010.0150075037513,0.00020824715856045502,-4001.298882296971,14.819496291866248
-2008.0140070035015,0.00020824715856045502,-4001.298882296971,14.819496291866248
-2006.0130065032513,0.00020824715856045502,-4001.298882296971,14.819496291866248
-2004.0120060030013,0.00020824715856045502,-4001.298882296971,14.819496291866248
-2002.011005502751,0.00020824715856045502,-4001.298882296971,14.819496291866248
-2000.0100050025012,0.00020824715856045502,-4001.298882296971,14.819496291866248
-1998.0090045022507,0.00020824715856045502,-4001.298882296971,14.819496291866248
-1996.008004002001,0.00020824715856045502,-4001.298882296971,14.819496291866248
-1994.0070035017504,0.00020824715856045502,-4001.298882296971,14.819496291866248
-1992.0060030015006,0.00020824715856045502,-4001.298882296971,14.819496291866248
-1990.0050025012504,0.00020824715856045502,-4001.298882296971,14.819496291866248
-1988.0040020010003,0.00020824715856045502,-4001.298882296971,14.819496291866248
-1986.00300150075,0.00020824715856045502,-4001.298882296971,14.819496291866248
-1984.0020010005003,0.00020824715856045502,-4001.298882296971,14.819496291866248
-1982.0010005002498,0.00020824715856045502,-4001.298882296971,14.819496291866248
-1980.0,0.00020824715856045502,-4001.298882296971,14.819496291866248
