detuning,transfer,Eb,e_Eb
-5980.0,-0.00034733685059567946,-3919.3004275528765,43.97131827110852
-5977.9989994997495,-0.00034733685059567946,-3919.3004275528765,43.97131827110852
-5975.9979989995,-0.00034733685059567946,-3919.3004275528765,43.97131827110852
-5973.9969984992495,-0.00034733685059567946,-3919.3004275528765,43.97131827110852
-5971.995997999,-0.00034733685059567946,-3919.3004275528765,43.97131827110852
-5969.994997498749,-0.00034733685059567946,-3919.3004275528765,43.97131827110852
-5967.9939969985,-0.00034733685059567946,-3919.3004275528765,43.97131827110852
-5965.992996498249,-0.00034733685059567946,-3919.3004275528765,43.97131827110852
-5963.991995997999,-0.00034733685059567946,-3919.3004275528765,43.97131827110852
-5961.990995497749,-0.00034733685059567946,-3919.3004275528765,43.97131827110852
-5959.989994997499,-0.00034733685059567946,-3919.3004275528765,43.97131827110852
-5957.988994497249,-0.00034733685059567946,-3919.3004275528765,43.97131827110852
-5955.987993996999,-0.00034733685059567946,-3919.3004275528765,43.97131827110852
-5953.986993496749,-0.00034733685059567946,-3919.3004275528765,43.97131827110852
-5951.985992996499,-0.00034733685059567946,-3919.3004275528765,43.97131827110852
-5949.984992496248,-0.00034733685059567946,-3919.3004275528765,43.97131827110852
-5947.983991995999,-0.00034733685059567946,-3919.3004275528765,43.97131827110852
-5945.982991495748,-0.00034733685059567946,-3919.3004275528765,43.97131827110852
-5943.981990995499,-0.00034733685059567946,-3919.3004275528765,43.97131827110852
-5941.980990495248,-0.00034733685059567946,-3919.3004275528765,43.97131827110852
-5939.979989994998,-0.00034733685059567946,-3919.3004275528765,43.97131827110852
-5937.978989494748,-0.00034733685059567946,-3919.3004275528765,43.97131827110852
-5935.9779889944975,-0.00034733685059567946,-3919.3004275528765,43.97131827110852
-5933.976988494248,-0.00034733685059567946,-3919.3004275528765,43.97131827110852
-5931.9759879939975,-0.00034733685059567946,-3919.3004275528765,43.97131827110852
-5929.974987493748,-0.00034733685059567946,-3919.3004275528765,43.97131827110852
-5927.973986993497,-0.00034733685059567946,-3919.3004275528765,43.97131827110852
-5925.972986493247,-0.00034733685059567946,-3919.3004275528765,43.97131827110852
-5923.971985992997,-0.00034733685059567946,-3919.3004275528765,43.97131827110852
-5921.970985492747,-0.00034733685059567946,-3919.3004275528765,43.97131827110852
-5919.969984992497,-0.00034733685059567946,-3919.3004275528765,43.97131827110852
-5917.968984492247,-0.00034733685059567946,-3919.3004275528765,43.97131827110852
-5915.967983991997,-0.00034733685059567946,-3919.3004275528765,43.97131827110852
-5913.966983491747,-0.00034733685059567946,-3919.3004275528765,43.97131827110852
-5911.965982991495,-0.00034733685059567946,-3919.3004275528765,43.97131827110852
-5909.964982491246,-0.00034733685059567946,-3919.3004275528765,43.97131827110852
-5907.963981990995,-0.00034733685059567946,-3919.3004275528765,43.97131827110852
-5905.962981490746,-0.00034733685059567946,-3919.3004275528765,43.97131827110852
-5903.961980990495,-0.00034733685059567946,-3919.3004275528765,43.97131827110852
-5901.960980490246,-0.00034733685059567946,-3919.3004275528765,43.97131827110852
-5899.959979989995,-0.00034733685059567946,-3919.3004275528765,43.97131827110852
-5897.958979489745,-0.00034733685059567946,-3919.3004275528765,43.97131827110852
-5895.957978989495,-0.00034733685059567946,-3919.3004275528765,43.97131827110852
-5893.956978489245,-0.00034733685059567946,-3919.3004275528765,43.97131827110852
-5891.955977988995,-0.00034733685059567946,-3919.3004275528765,43.97131827110852
-5889.954977488745,-0.00034733685059567946,-3919.3004275528765,43.97131827110852
-5887.953976988494,-0.00034733685059567946,-3919.3004275528765,43.97131827110852
-5885.9529764882445,-0.00034733685059567946,-3919.3004275528765,43.97131827110852
-5883.951975987994,-0.00034733685059567946,-3919.3004275528765,43.97131827110852
-5881.9509754877445,-0.00034733685059567946,-3919.3004275528765,43.97131827110852
-5879.949974987494,-0.00034733685059567946,-3919.3004275528765,43.97131827110852
-5877.948974487244,-0.00034733685059567946,-3919.3004275528765,43.97131827110852
-5875.947973986994,-0.00034733685059567946,-3919.3004275528765,43.97131827110852
-5873.946973486743,-0.00034733685059567946,-3919.3004275528765,43.97131827110852
-5871.945972986494,-0.00034733685059567946,-3919.3004275528765,43.97131827110852
-5869.944972486243,-0.00034733685059567946,-3919.3004275528765,43.97131827110852
-5867.943971985994,-0.00034733685059567946,-3919.3004275528765,43.97131827110852
-5865.942971485743,-0.00034733685059567946,-3919.3004275528765,43.97131827110852
-5863.941970985494,-0.00034733685059567946,-3919.3004275528765,43.97131827110852
-5861.940970485243,-0.00034733685059567946,-3919.3004275528765,43.97131827110852
-5859.939969984993,-0.00034733685059567946,-3919.3004275528765,43.97131827110852
-5857.938969484743,-0.00034733685059567946,-3919.3004275528765,43.97131827110852
-5855.937968984493,-0.00034733685059567946,-3919.3004275528765,43.97131827110852
-5853.936968484243,-0.00034733685059567946,-3919.3004275528765,43.97131827110852
-5851.935967983993,-0.00034733685059567946,-3919.3004275528765,43.97131827110852
-5849.934967483743,-0.00034733685059567946,-3919.3004275528765,43.97131827110852
-5847.933966983493,-0.00034733685059567946,-3919.3004275528765,43.97131827110852
-5845.932966483242,-0.00034733685059567946,-3919.3004275528765,43.97131827110852
-5843.931965982993,-0.00034733685059567946,-3919.3004275528765,43.97131827110852
-5841.930965482741,-0.00034733685059567946,-3919.3004275528765,43.97131827110852
-5839.929964982492,-0.00034733685059567946,-3919.3004275528765,43.97131827110852
-5837.928964482241,-0.00034733685059567946,-3919.3004275528765,43.97131827110852
-5835.927963981991,-0.00034733685059567946,-3919.3004275528765,43.97131827110852
-5833.926963481741,-0.00034733685059567946,-3919.3004275528765,43.97131827110852
-5831.925962981491,-0.00034733685059567946,-3919.3004275528765,43.97131827110852
-5829.924962481241,-0.00034733685059567946,-3919.3004275528765,43.97131827110852
-5827.9239619809905,-0.00034733685059567946,-3919.3004275528765,43.97131827110852
-5825.922961480741,-0.00034733685059567946,-3919.3004275528765,43.97131827110852
-5823.92196098049,-0.00034733685059567946,-3919.3004275528765,43.97131827110852
-5821.92096048024,-0.00034733685059567946,-3919.3004275528765,43.97131827110852
-5819.91995997999,-0.00034733685059567946,-3919.3004275528765,43.97131827110852
-5817.91895947974,-0.00034733685059567946,-3919.3004275528765,43.97131827110852
-5815.91795897949,-0.00034733685059567946,-3919.3004275528765,43.97131827110852
-5813.91695847924,-0.00034733685059567946,-3919.3004275528765,43.97131827110852
-5811.91595797899,-0.00034733685059567946,-3919.3004275528765,43.97131827110852
-5809.91495747874,-0.00034733685059567946,-3919.3004275528765,43.97131827110852
-5807.913956978489,-0.00034733685059567946,-3919.3004275528765,43.97131827110852
-5805.91295647824,-0.00034733685059567946,-3919.3004275528765,43.97131827110852
-5803.911955977989,-0.00034733685059567946,-3919.3004275528765,43.97131827110852
-5801.91095547774,-0.00034733685059567946,-3919.3004275528765,43.97131827110852
-5799.909954977489,-0.00034733685059567946,-3919.3004275528765,43.97131827110852
-5797.90895447724,-0.00034733685059567946,-3919.3004275528765,43.97131827110852
-5795.907953976989,-0.00034733685059567946,-3919.3004275528765,43.97131827110852
-5793.906953476739,-0.00034733685059567946,-3919.3004275528765,43.97131827110852
-5791.905952976489,-0.00034733685059567946,-3919.3004275528765,43.97131827110852
-5789.904952476239,-0.00034733685059567946,-3919.3004275528765,43.97131827110852
-5787.903951975989,-0.00034733685059567946,-3919.3004275528765,43.97131827110852
-5785.9029514757385,-0.00034733685059567946,-3919.3004275528765,43.97131827110852
-5783.901950975489,-0.00034733685059567946,-3919.3004275528765,43.97131827110852
-5781.9009504752385,-0.00034733685059567946,-3919.3004275528765,43.97131827110852
-5779.899949974988,-0.00034733685059567946,-3919.3004275528765,43.97131827110852
-5777.898949474738,-0.00034733685059567946,-3919.3004275528765,43.97131827110852
-5775.897948974488,-0.00034733685059567946,-3919.3004275528765,43.97131827110852
-5773.896948474238,-0.00034733685059567946,-3919.3004275528765,43.97131827110852
-5771.895947973987,-0.00034733685059567946,-3919.3004275528765,43.97131827110852
-5769.8949474737365,-0.00034733685059567946,-3919.3004275528765,43.97131827110852
-5767.893946973487,-0.00034733685059567946,-3919.3004275528765,43.97131827110852
-5765.892946473236,-0.00034733685059567946,-3919.3004275528765,43.97131827110852
-5763.891945972987,-0.00034733685059567946,-3919.3004275528765,43.97131827110852
-5761.890945472736,-0.00034733685059567946,-3919.3004275528765,43.97131827110852
-5759.889944972487,-0.00034733685059567946,-3919.3004275528765,43.97131827110852
-5757.888944472236,-0.00034733685059567946,-3919.3004275528765,43.97131827110852
-5755.887943971986,-0.00034733685059567946,-3919.3004275528765,43.97131827110852
-5753.886943471736,-0.00034733685059567946,-3919.3004275528765,43.97131827110852
-5751.885942971486,-0.00034733685059567946,-3919.3004275528765,43.97131827110852
-5749.884942471236,-0.00034733685059567946,-3919.3004275528765,43.97131827110852
-5747.883941970986,-0.00034733685059567946,-3919.3004275528765,43.97131827110852
-5745.882941470736,-0.00034733685059567946,-3919.3004275528765,43.97131827110852
-5743.881940970486,-0.00034733685059567946,-3919.3004275528765,43.97131827110852
-5741.880940470235,-0.00034733685059567946,-3919.3004275528765,43.97131827110852
-5739.879939969986,-0.00034733685059567946,-3919.3004275528765,43.97131827110852
-5737.878939469735,-0.00034733685059567946,-3919.3004275528765,43.97131827110852
-5735.8779389694855,-0.00034733685059567946,-3919.3004275528765,43.97131827110852
-5733.876938469235,-0.00034733685059567946,-3919.3004275528765,43.97131827110852
-5731.8759379689845,-0.00034733685059567946,-3919.3004275528765,43.97131827110852
-5729.874937468735,-0.00034733685059567946,-3919.3004275528765,43.97131827110852
-5727.8739369684845,-0.00034733685059567946,-3919.3004275528765,43.97131827110852
-5725.872936468235,-0.00034733685059567946,-3919.3004275528765,43.97131827110852
-5723.871935967984,-0.00034733685059567946,-3919.3004275528765,43.97131827110852
-5721.870935467735,-0.00034733685059567946,-3919.3004275528765,43.97131827110852
-5719.869934967484,-0.00034733685059567946,-3919.3004275528765,43.97131827110852
-5717.868934467234,-0.00034733685059567946,-3919.3004275528765,43.97131827110852
-5715.867933966984,-0.00034733685059567946,-3919.3004275528765,43.97131827110852
-5713.866933466734,-0.00034733685059567946,-3919.3004275528765,43.97131827110852
-5711.865932966484,-0.00034733685059567946,-3919.3004275528765,43.97131827110852
-5709.864932466234,-0.00034733685059567946,-3919.3004275528765,43.97131827110852
-5707.863931965984,-0.00034733685059567946,-3919.3004275528765,43.97131827110852
-5705.862931465734,-0.00034733685059567946,-3919.3004275528765,43.97131827110852
-5703.861930965482,-0.00034733685059567946,-3919.3004275528765,43.97131827110852
-5701.860930465233,-0.00034733685059567946,-3919.3004275528765,43.97131827110852
-5699.859929964982,-0.00034733685059567946,-3919.3004275528765,43.97131827110852
-5697.858929464733,-0.00034733685059567946,-3919.3004275528765,43.97131827110852
-5695.857928964482,-0.00034733685059567946,-3919.3004275528765,43.97131827110852
-5693.856928464233,-0.00034733685059567946,-3919.3004275528765,43.97131827110852
-5691.855927963982,-0.00034733685059567946,-3919.3004275528765,43.97131827110852
-5689.854927463732,-0.00034733685059567946,-3919.3004275528765,43.97131827110852
-5687.853926963482,-0.00034733685059567946,-3919.3004275528765,43.97131827110852
-5685.852926463232,-0.00034733685059567946,-3919.3004275528765,43.97131827110852
-5683.851925962982,-0.00034733685059567946,-3919.3004275528765,43.97131827110852
-5681.8509254627315,-0.00034733685059567946,-3919.3004275528765,43.97131827110852
-5679.849924962482,-0.00034733685059567946,-3919.3004275528765,43.97131827110852
-5677.8489244622315,-0.00034733685059567946,-3919.3004275528765,43.97131827110852
-5675.847923961981,-0.00034733685059567946,-3919.3004275528765,43.97131827110852
-5673.846923461731,-0.00034733685059567946,-3919.3004275528765,43.97131827110852
-5671.845922961481,-0.00034733685059567946,-3919.3004275528765,43.97131827110852
-5669.844922461231,-0.00034733685059567946,-3919.3004275528765,43.97131827110852
-5667.843921960981,-0.00034733685059567946,-3919.3004275528765,43.97131827110852
-5665.84292146073,-0.00034733685059567946,-3919.3004275528765,43.97131827110852
-5663.841920960481,-0.00034733685059567946,-3919.3004275528765,43.97131827110852
-5661.84092046023,-0.00034733685059567946,-3919.3004275528765,43.97131827110852
-5659.839919959981,-0.00034733685059567946,-3919.3004275528765,43.97131827110852
-5657.83891945973,-0.00034733685059567946,-3919.3004275528765,43.97131827110852
-5655.837918959481,-0.00034733685059567946,-3919.3004275528765,43.97131827110852
-5653.83691845923,-0.00034733685059567946,-3919.3004275528765,43.97131827110852
-5651.83591795898,-0.00034733685059567946,-3919.3004275528765,43.97131827110852
-5649.83491745873,-0.00034733685059567946,-3919.3004275528765,43.97131827110852
-5647.83391695848,-0.00034733685059567946,-3919.3004275528765,43.97131827110852
-5645.83291645823,-0.00034733685059567946,-3919.3004275528765,43.97131827110852
-5643.83191595798,-0.00034733685059567946,-3919.3004275528765,43.97131827110852
-5641.83091545773,-0.00034733685059567946,-3919.3004275528765,43.97131827110852
-5639.82991495748,-0.00034733685059567946,-3919.3004275528765,43.97131827110852
-5637.828914457229,-0.00034733685059567946,-3919.3004275528765,43.97131827110852
-5635.8279139569795,-0.00034733685059567946,-3919.3004275528765,43.97131827110852
-5633.826913456728,-0.00034733685059567946,-3919.3004275528765,43.97131827110852
-5631.8259129564785,-0.00034733685059567946,-3919.3004275528765,43.97131827110852
-5629.824912456228,-0.00034733685059567946,-3919.3004275528765,43.97131827110852
-5627.823911955978,-0.00034733685059567946,-3919.3004275528765,43.97131827110852
-5625.822911455728,-0.00034733685059567946,-3919.3004275528765,43.97131827110852
-5623.8219109554775,-0.00034733685059567946,-3919.3004275528765,43.97131827110852
-5621.820910455228,-0.00034733685059567946,-3919.3004275528765,43.97131827110852
-5619.819909954977,-0.00034733685059567946,-3919.3004275528765,43.97131827110852
-5617.818909454728,-0.00034733685059567946,-3919.3004275528765,43.97131827110852
-5615.817908954477,-0.00034733685059567946,-3919.3004275528765,43.97131827110852
-5613.816908454227,-0.00034733685059567946,-3919.3004275528765,43.97131827110852
-5611.815907953977,-0.00034733685059567946,-3919.3004275528765,43.97131827110852
-5609.814907453727,-0.00034733685059567946,-3919.3004275528765,43.97131827110852
-5607.813906953477,-0.00034733685059567946,-3919.3004275528765,43.97131827110852
-5605.812906453227,-0.00034733685059567946,-3919.3004275528765,43.97131827110852
-5603.811905952977,-0.00034733685059567946,-3919.3004275528765,43.97131827110852
-5601.810905452727,-0.00034733685059567946,-3919.3004275528765,43.97131827110852
-5599.809904952476,-0.00034733685059567946,-3919.3004275528765,43.97131827110852
-5597.808904452227,-0.00034733685059567946,-3919.3004275528765,43.97131827110852
-5595.807903951976,-0.00034733685059567946,-3919.3004275528765,43.97131827110852
-5593.806903451727,-0.00034733685059567946,-3919.3004275528765,43.97131827110852
-5591.805902951476,-0.00034733685059567946,-3919.3004275528765,43.97131827110852
-5589.804902451227,-0.00034733685059567946,-3919.3004275528765,43.97131827110852
-5587.803901950976,-0.00034733685059567946,-3919.3004275528765,43.97131827110852
-5585.802901450726,-0.00034733685059567946,-3919.3004275528765,43.97131827110852
-5583.801900950476,-0.00034733685059567946,-3919.3004275528765,43.97131827110852
-5581.8009004502255,-0.00034733685059567946,-3919.3004275528765,43.97131827110852
-5579.799899949976,-0.00034733685059567946,-3919.3004275528765,43.97131827110852
-5577.7988994497255,-0.00034733685059567946,-3919.3004275528765,43.97131827110852
-5575.797898949476,-0.00034733685059567946,-3919.3004275528765,43.97131827110852
-5573.796898449225,-0.00034733685059567946,-3919.3004275528765,43.97131827110852
-5571.795897948975,-0.00034733685059567946,-3919.3004275528765,43.97131827110852
-5569.794897448725,-0.00034733685059567946,-3919.3004275528765,43.97131827110852
-5567.793896948475,-0.00034733685059567946,-3919.3004275528765,43.97131827110852
-5565.792896448225,-0.00034733685059567946,-3919.3004275528765,43.97131827110852
-5563.791895947974,-0.00034733685059567946,-3919.3004275528765,43.97131827110852
-5561.790895447724,-0.00034733685059567946,-3919.3004275528765,43.97131827110852
-5559.789894947474,-0.00034733685059567946,-3919.3004275528765,43.97131827110852
-5557.788894447223,-0.00034733685059567946,-3919.3004275528765,43.97131827110852
-5555.787893946974,-0.00034733685059567946,-3919.3004275528765,43.97131827110852
-5553.786893446723,-0.00034733685059567946,-3919.3004275528765,43.97131827110852
-5551.785892946474,-0.00034733685059567946,-3919.3004275528765,43.97131827110852
-5549.784892446223,-0.00034733685059567946,-3919.3004275528765,43.97131827110852
-5547.783891945973,-0.00034733685059567946,-3919.3004275528765,43.97131827110852
-5545.782891445723,-0.00034733685059567946,-3919.3004275528765,43.97131827110852
-5543.781890945473,-0.00034733685059567946,-3919.3004275528765,43.97131827110852
-5541.780890445223,-0.00034733685059567946,-3919.3004275528765,43.97131827110852
-5539.779889944973,-0.00034733685059567946,-3919.3004275528765,43.97131827110852
-5537.778889444723,-0.00034733685059567946,-3919.3004275528765,43.97131827110852
-5535.777888944473,-0.00034733685059567946,-3919.3004275528765,43.97131827110852
-5533.776888444222,-0.00034733685059567946,-3919.3004275528765,43.97131827110852
-5531.7758879439725,-0.00034733685059567946,-3919.3004275528765,43.97131827110852
-5529.774887443722,-0.00034733685059567946,-3919.3004275528765,43.97131827110852
-5527.7738869434725,-0.00034733685059567946,-3919.3004275528765,43.97131827110852
-5525.772886443222,-0.00034733685059567946,-3919.3004275528765,43.97131827110852
-5523.7718859429715,-0.00034733685059567946,-3919.3004275528765,43.97131827110852
-5521.770885442722,-0.00034733685059567946,-3919.3004275528765,43.97131827110852
-5519.769884942471,-0.00034733685059567946,-3919.3004275528765,43.97131827110852
-5517.768884442222,-0.00034733685059567946,-3919.3004275528765,43.97131827110852
-5515.767883941971,-0.00034733685059567946,-3919.3004275528765,43.97131827110852
-5513.766883441722,-0.00034733685059567946,-3919.3004275528765,43.97131827110852
-5511.765882941471,-0.00034733685059567946,-3919.3004275528765,43.97131827110852
-5509.764882441221,-0.00034733685059567946,-3919.3004275528765,43.97131827110852
-5507.763881940971,-0.00034733685059567946,-3919.3004275528765,43.97131827110852
-5505.762881440721,-0.00034733685059567946,-3919.3004275528765,43.97131827110852
-5503.761880940471,-0.00034733685059567946,-3919.3004275528765,43.97131827110852
-5501.760880440221,-0.00034733685059567946,-3919.3004275528765,43.97131827110852
-5499.759879939971,-0.00034733685059567946,-3919.3004275528765,43.97131827110852
-5497.758879439721,-0.00034733685059567946,-3919.3004275528765,43.97131827110852
-5495.757878939469,-0.00034733685059567946,-3919.3004275528765,43.97131827110852
-5493.75687843922,-0.00034733685059567946,-3919.3004275528765,43.97131827110852
-5491.755877938969,-0.00034733685059567946,-3919.3004275528765,43.97131827110852
-5489.75487743872,-0.00034733685059567946,-3919.3004275528765,43.97131827110852
-5487.753876938469,-0.00034733685059567946,-3919.3004275528765,43.97131827110852
-5485.75287643822,-0.00034733685059567946,-3919.3004275528765,43.97131827110852
-5483.751875937969,-0.00034733685059567946,-3919.3004275528765,43.97131827110852
-5481.750875437719,-0.00034733685059567946,-3919.3004275528765,43.97131827110852
-5479.749874937469,-0.00034733685059567946,-3919.3004275528765,43.97131827110852
-5477.748874437219,-0.00034733685059567946,-3919.3004275528765,43.97131827110852
-5475.747873936969,-0.00034733685059567946,-3919.3004275528765,43.97131827110852
-5473.7468734367185,-0.00034733685059567946,-3919.3004275528765,43.97131827110852
-5471.745872936469,-0.00034733685059567946,-3919.3004275528765,43.97131827110852
-5469.744872436218,-0.00034733685059567946,-3919.3004275528765,43.97131827110852
-5467.743871935968,-0.00034733685059567946,-3919.3004275528765,43.97131827110852
-5465.742871435718,-0.00034733685059567946,-3919.3004275528765,43.97131827110852
-5463.741870935468,-0.00034733685059567946,-3919.3004275528765,43.97131827110852
-5461.740870435218,-0.00034733685059567946,-3919.3004275528765,43.97131827110852
-5459.739869934968,-0.00034733685059567946,-3919.3004275528765,43.97131827110852
-5457.738869434718,-0.00034733685059567946,-3919.3004275528765,43.97131827110852
-5455.737868934468,-0.00034733685059567946,-3919.3004275528765,43.97131827110852
-5453.736868434217,-0.00034733685059567946,-3919.3004275528765,43.97131827110852
-5451.735867933968,-0.00034733685059567946,-3919.3004275528765,43.97131827110852
-5449.734867433717,-0.00034733685059567946,-3919.3004275528765,43.97131827110852
-5447.733866933468,-0.00034733685059567946,-3919.3004275528765,43.97131827110852
-5445.732866433217,-0.00034733685059567946,-3919.3004275528765,43.97131827110852
-5443.731865932967,-0.00034733685059567946,-3919.3004275528765,43.97131827110852
-5441.730865432717,-0.00034733685059567946,-3919.3004275528765,43.97131827110852
-5439.729864932467,-0.00034733685059567946,-3919.3004275528765,43.97131827110852
-5437.728864432217,-0.00034733685059567946,-3919.3004275528765,43.97131827110852
-5435.727863931967,-0.00034733685059567946,-3919.3004275528765,43.97131827110852
-5433.726863431717,-0.00034733685059567946,-3919.3004275528765,43.97131827110852
-5431.7258629314665,-0.00034733685059567946,-3919.3004275528765,43.97131827110852
-5429.724862431216,-0.00034733685059567946,-3919.3004275528765,43.97131827110852
-5427.723861930966,-0.00034733685059567946,-3919.3004275528765,43.97131827110852
-5425.722861430715,-0.00034733685059567946,-3919.3004275528765,43.97131827110852
-5423.7218609304655,-0.00034733685059567946,-3919.3004275528765,43.97131827110852
-5421.720860430215,-0.00034733685059567946,-3919.3004275528765,43.97131827110852
-5419.7198599299645,-0.00034733685059567946,-3919.3004275528765,43.97131827110852
-5417.718859429715,-0.00034733685059567946,-3919.3004275528765,43.97131827110852
-5415.7178589294645,-0.00034733685059567946,-3919.3004275528765,43.97131827110852
-5413.716858429215,-0.00034733685059567946,-3919.3004275528765,43.97131827110852
-5411.715857928964,-0.00034733685059567946,-3919.3004275528765,43.97131827110852
-5409.714857428715,-0.00034733685059567946,-3919.3004275528765,43.97131827110852
-5407.713856928464,-0.00034733685059567946,-3919.3004275528765,43.97131827110852
-5405.712856428214,-0.00034733685059567946,-3919.3004275528765,43.97131827110852
-5403.711855927964,-0.00034733685059567946,-3919.3004275528765,43.97131827110852
-5401.710855427714,-0.00034733685059567946,-3919.3004275528765,43.97131827110852
-5399.709854927464,-0.00034733685059567946,-3919.3004275528765,43.97131827110852
-5397.708854427214,-0.00034733685059567946,-3919.3004275528765,43.97131827110852
-5395.707853926964,-0.00034733685059567946,-3919.3004275528765,43.97131827110852
-5393.706853426714,-0.00034733685059567946,-3919.3004275528765,43.97131827110852
-5391.705852926463,-0.00034733685059567946,-3919.3004275528765,43.97131827110852
-5389.704852426214,-0.00034733685059567946,-3919.3004275528765,43.97131827110852
-5387.703851925963,-0.00034733685059567946,-3919.3004275528765,43.97131827110852
-5385.702851425714,-0.00034733685059567946,-3919.3004275528765,43.97131827110852
-5383.701850925463,-0.00034733685059567946,-3919.3004275528765,43.97131827110852
-5381.7008504252135,-0.00034733685059567946,-3919.3004275528765,43.97131827110852
-5379.699849924963,-0.00034733685059567946,-3919.3004275528765,43.97131827110852
-5377.6988494247125,-0.00034733685059567946,-3919.3004275528765,43.97131827110852
-5375.697848924463,-0.00034733685059567946,-3919.3004275528765,43.97131827110852
-5373.6968484242125,-0.00034733685059567946,-3919.3004275528765,43.97131827110852
-5371.695847923963,-0.00034733685059567946,-3919.3004275528765,43.97131827110852
-5369.694847423712,-0.00034733685059567946,-3919.3004275528765,43.97131827110852
-5367.693846923463,-0.00034733685059567946,-3919.3004275528765,43.97131827110852
-5365.692846423212,-0.00034733685059567946,-3919.3004275528765,43.97131827110852
-5363.691845922962,-0.00034733685059567946,-3919.3004275528765,43.97131827110852
-5361.690845422712,-0.00034733685059567946,-3919.3004275528765,43.97131827110852
-5359.689844922461,-0.00034733685059567946,-3919.3004275528765,43.97131827110852
-5357.688844422211,-0.00034733685059567946,-3919.3004275528765,43.97131827110852
-5355.687843921961,-0.00034733685059567946,-3919.3004275528765,43.97131827110852
-5353.686843421711,-0.00034733685059567946,-3919.3004275528765,43.97131827110852
-5351.685842921461,-0.00034733685059567946,-3919.3004275528765,43.97131827110852
-5349.68484242121,-0.00034733685059567946,-3919.3004275528765,43.97131827110852
-5347.683841920961,-0.00034733685059567946,-3919.3004275528765,43.97131827110852
-5345.68284142071,-0.00034733685059567946,-3919.3004275528765,43.97131827110852
-5343.681840920461,-0.00034733685059567946,-3919.3004275528765,43.97131827110852
-5341.68084042021,-0.00034733685059567946,-3919.3004275528765,43.97131827110852
-5339.679839919961,-0.00034733685059567946,-3919.3004275528765,43.97131827110852
-5337.67883941971,-0.00034733685059567946,-3919.3004275528765,43.97131827110852
-5335.67783891946,-0.00034733685059567946,-3919.3004275528765,43.97131827110852
-5333.67683841921,-0.00034733685059567946,-3919.3004275528765,43.97131827110852
-5331.67583791896,-0.00034733685059567946,-3919.3004275528765,43.97131827110852
-5329.67483741871,-0.00034733685059567946,-3919.3004275528765,43.97131827110852
-5327.6738369184595,-0.00034733685059567946,-3919.3004275528765,43.97131827110852
-5325.672836418209,-0.00034733685059567946,-3919.3004275528765,43.97131827110852
-5323.6718359179595,-0.00034733685059567946,-3919.3004275528765,43.97131827110852
-5321.670835417709,-0.00034733685059567946,-3919.3004275528765,43.97131827110852
-5319.669834917459,-0.00034733685059567946,-3919.3004275528765,43.97131827110852
-5317.668834417209,-0.00034733685059567946,-3919.3004275528765,43.97131827110852
-5315.667833916958,-0.00034733685059567946,-3919.3004275528765,43.97131827110852
-5313.666833416709,-0.00034733685059567946,-3919.3004275528765,43.97131827110852
-5311.665832916458,-0.00034733685059567946,-3919.3004275528765,43.97131827110852
-5309.664832416209,-0.00034733685059567946,-3919.3004275528765,43.97131827110852
-5307.663831915958,-0.00034733685059567946,-3919.3004275528765,43.97131827110852
-5305.662831415709,-0.00034733685059567946,-3919.3004275528765,43.97131827110852
-5303.661830915458,-0.00034733685059567946,-3919.3004275528765,43.97131827110852
-5301.660830415208,-0.00034733685059567946,-3919.3004275528765,43.97131827110852
-5299.659829914958,-0.00034733685059567946,-3919.3004275528765,43.97131827110852
-5297.658829414708,-0.00034733685059567946,-3919.3004275528765,43.97131827110852
-5295.657828914458,-0.00034733685059567946,-3919.3004275528765,43.97131827110852
-5293.656828414208,-0.00034733685059567946,-3919.3004275528765,43.97131827110852
-5291.655827913958,-0.00034733685059567946,-3919.3004275528765,43.97131827110852
-5289.654827413707,-0.00034733685059567946,-3919.3004275528765,43.97131827110852
-5287.653826913456,-0.00034733685059567946,-3919.3004275528765,43.97131827110852
-5285.652826413207,-0.00034733685059567946,-3919.3004275528765,43.97131827110852
-5283.651825912956,-0.00034733685059567946,-3919.3004275528765,43.97131827110852
-5281.650825412707,-0.00034733685059567946,-3919.3004275528765,43.97131827110852
-5279.649824912456,-0.00034733685059567946,-3919.3004275528765,43.97131827110852
-5277.6488244122065,-0.00034733685059567946,-3919.3004275528765,43.97131827110852
-5275.647823911956,-0.00034733685059567946,-3919.3004275528765,43.97131827110852
-5273.646823411706,-0.00034733685059567946,-3919.3004275528765,43.97131827110852
-5271.645822911456,-0.00034733685059567946,-3919.3004275528765,43.97131827110852
-5269.6448224112055,-0.00034733685059567946,-3919.3004275528765,43.97131827110852
-5267.643821910956,-0.00034733685059567946,-3919.3004275528765,43.97131827110852
-5265.642821410705,-0.00034733685059567946,-3919.3004275528765,43.97131827110852
-5263.641820910456,-0.00034733685059567946,-3919.3004275528765,43.97131827110852
-5261.640820410205,-0.00034733685059567946,-3919.3004275528765,43.97131827110852
-5259.639819909955,-0.00034733685059567946,-3919.3004275528765,43.97131827110852
-5257.638819409705,-0.00034733685059567946,-3919.3004275528765,43.97131827110852
-5255.637818909455,-0.00034733685059567946,-3919.3004275528765,43.97131827110852
-5253.636818409205,-0.00034733685059567946,-3919.3004275528765,43.97131827110852
-5251.635817908955,-0.00034733685059567946,-3919.3004275528765,43.97131827110852
-5249.634817408705,-0.00034733685059567946,-3919.3004275528765,43.97131827110852
-5247.633816908455,-0.00034733685059567946,-3919.3004275528765,43.97131827110852
-5245.632816408204,-0.00034733685059567946,-3919.3004275528765,43.97131827110852
-5243.631815907955,-0.00034733685059567946,-3919.3004275528765,43.97131827110852
-5241.630815407704,-0.00034733685059567946,-3919.3004275528765,43.97131827110852
-5239.629814907455,-0.00034733685059567946,-3919.3004275528765,43.97131827110852
-5237.628814407204,-0.00034733685059567946,-3919.3004275528765,43.97131827110852
-5235.6278139069545,-0.00034733685059567946,-3919.3004275528765,43.97131827110852
-5233.626813406704,-0.00034733685059567946,-3919.3004275528765,43.97131827110852
-5231.625812906454,-0.00034733685059567946,-3919.3004275528765,43.97131827110852
-5229.624812406204,-0.00034733685059567946,-3919.3004275528765,43.97131827110852
-5227.6238119059535,-0.00034733685059567946,-3919.3004275528765,43.97131827110852
-5225.622811405704,-0.00034733685059567946,-3919.3004275528765,43.97131827110852
-5223.6218109054535,-0.00034733685059567946,-3919.3004275528765,43.97131827110852
-5221.620810405204,-0.00034733685059567946,-3919.3004275528765,43.97131827110852
-5219.6198099049525,-0.00034733685059567946,-3919.3004275528765,43.97131827110852
-5217.618809404702,-0.00034733685059567946,-3919.3004275528765,43.97131827110852
-5215.617808904452,-0.00034733685059567946,-3919.3004275528765,43.97131827110852
-5213.616808404202,-0.00034733685059567946,-3919.3004275528765,43.97131827110852
-5211.6158079039515,-0.00034733685059567946,-3919.3004275528765,43.97131827110852
-5209.614807403702,-0.00034733685059567946,-3919.3004275528765,43.97131827110852
-5207.613806903451,-0.00034733685059567946,-3919.3004275528765,43.97131827110852
-5205.612806403202,-0.00034733685059567946,-3919.3004275528765,43.97131827110852
-5203.611805902951,-0.00034733685059567946,-3919.3004275528765,43.97131827110852
-5201.610805402702,-0.00034733685059567946,-3919.3004275528765,43.97131827110852
-5199.609804902451,-0.00034733685059567946,-3919.3004275528765,43.97131827110852
-5197.608804402201,-0.00034733685059567946,-3919.3004275528765,43.97131827110852
-5195.607803901951,-0.00034733685059567946,-3919.3004275528765,43.97131827110852
-5193.606803401701,-0.00034733685059567946,-3919.3004275528765,43.97131827110852
-5191.605802901451,-0.00034733685059567946,-3919.3004275528765,43.97131827110852
-5189.604802401201,-0.00034733685059567946,-3919.3004275528765,43.97131827110852
-5187.603801900951,-0.00034733685059567946,-3919.3004275528765,43.97131827110852
-5185.602801400701,-0.00034733685059567946,-3919.3004275528765,43.97131827110852
-5183.60180090045,-0.00034733685059567946,-3919.3004275528765,43.97131827110852
-5181.600800400201,-0.00034733685059567946,-3919.3004275528765,43.97131827110852
-5179.59979989995,-0.00034733685059567946,-3919.3004275528765,43.97131827110852
-5177.5987993997005,-0.00034733685059567946,-3919.3004275528765,43.97131827110852
-5175.59779889945,-0.00034733685059567946,-3919.3004275528765,43.97131827110852
-5173.5967983992,-0.00034733685059567946,-3919.3004275528765,43.97131827110852
-5171.59579789895,-0.00034733685059567946,-3919.3004275528765,43.97131827110852
-5169.5947973986995,-0.00034733685059567946,-3919.3004275528765,43.97131827110852
-5167.59379689845,-0.00034733685059567946,-3919.3004275528765,43.97131827110852
-5165.592796398199,-0.00034733685059567946,-3919.3004275528765,43.97131827110852
-5163.59179589795,-0.00034733685059567946,-3919.3004275528765,43.97131827110852
-5161.590795397699,-0.00034733685059567946,-3919.3004275528765,43.97131827110852
-5159.58979489745,-0.00034733685059567946,-3919.3004275528765,43.97131827110852
-5157.588794397199,-0.00034733685059567946,-3919.3004275528765,43.97131827110852
-5155.587793896949,-0.00034733685059567946,-3919.3004275528765,43.97131827110852
-5153.586793396699,-0.00034733685059567946,-3919.3004275528765,43.97131827110852
-5151.585792896448,-0.00034733685059567946,-3919.3004275528765,43.97131827110852
-5149.584792396198,-0.00034733685059567946,-3919.3004275528765,43.97131827110852
-5147.583791895948,-0.00034733685059567946,-3919.3004275528765,43.97131827110852
-5145.582791395698,-0.00034733685059567946,-3919.3004275528765,43.97131827110852
-5143.581790895448,-0.00034733685059567946,-3919.3004275528765,43.97131827110852
-5141.580790395197,-0.00034733685059567946,-3919.3004275528765,43.97131827110852
-5139.579789894948,-0.00034733685059567946,-3919.3004275528765,43.97131827110852
-5137.578789394697,-0.00034733685059567946,-3919.3004275528765,43.97131827110852
-5135.577788894448,-0.00034733685059567946,-3919.3004275528765,43.97131827110852
-5133.576788394197,-0.00034733685059567946,-3919.3004275528765,43.97131827110852
-5131.575787893948,-0.00034733685059567946,-3919.3004275528765,43.97131827110852
-5129.574787393697,-0.00034733685059567946,-3919.3004275528765,43.97131827110852
-5127.573786893447,-0.00034733685059567946,-3919.3004275528765,43.97131827110852
-5125.572786393197,-0.00034733685059567946,-3919.3004275528765,43.97131827110852
-5123.5717858929465,-0.00034733685059567946,-3919.3004275528765,43.97131827110852
-5121.570785392697,-0.00034733685059567946,-3919.3004275528765,43.97131827110852
-5119.5697848924465,-0.00034733685059567946,-3919.3004275528765,43.97131827110852
-5117.568784392197,-0.00034733685059567946,-3919.3004275528765,43.97131827110852
-5115.567783891946,-0.00034733685059567946,-3919.3004275528765,43.97131827110852
-5113.566783391696,-0.00034733685059567946,-3919.3004275528765,43.97131827110852
-5111.565782891446,-0.00034733685059567946,-3919.3004275528765,43.97131827110852
-5109.564782391196,-0.00034733685059567946,-3919.3004275528765,43.97131827110852
-5107.563781890946,-0.00034733685059567946,-3919.3004275528765,43.97131827110852
-5105.562781390696,-0.00034733685059567946,-3919.3004275528765,43.97131827110852
-5103.561780890445,-0.00034733685059567946,-3919.3004275528765,43.97131827110852
-5101.560780390196,-0.00034733685059567946,-3919.3004275528765,43.97131827110852
-5099.559779889945,-0.00034733685059567946,-3919.3004275528765,43.97131827110852
-5097.558779389696,-0.00034733685059567946,-3919.3004275528765,43.97131827110852
-5095.557778889445,-0.00034733685059567946,-3919.3004275528765,43.97131827110852
-5093.556778389195,-0.00034733685059567946,-3919.3004275528765,43.97131827110852
-5091.555777888945,-0.00034733685059567946,-3919.3004275528765,43.97131827110852
-5089.554777388695,-0.00034733685059567946,-3919.3004275528765,43.97131827110852
-5087.553776888445,-0.00034733685059567946,-3919.3004275528765,43.97131827110852
-5085.552776388195,-0.00034733685059567946,-3919.3004275528765,43.97131827110852
-5083.551775887945,-0.00034733685059567946,-3919.3004275528765,43.97131827110852
-5081.550775387694,-0.00034733685059567946,-3919.3004275528765,43.97131827110852
-5079.549774887443,-0.00034733685059567946,-3919.3004275528765,43.97131827110852
-5077.548774387194,-0.00034733685059567946,-3919.3004275528765,43.97131827110852
-5075.547773886943,-0.00034733685059567946,-3919.3004275528765,43.97131827110852
-5073.5467733866935,-0.00034733685059567946,-3919.3004275528765,43.97131827110852
-5071.545772886443,-0.00034733685059567946,-3919.3004275528765,43.97131827110852
-5069.5447723861935,-0.00034733685059567946,-3919.3004275528765,43.97131827110852
-5067.543771885943,-0.00034733685059567946,-3919.3004275528765,43.97131827110852
-5065.5427713856925,-0.00034733685059567946,-3919.3004275528765,43.97131827110852
-5063.541770885443,-0.00034733685059567946,-3919.3004275528765,43.97131827110852
-5061.540770385192,-0.00034733685059567946,-3919.3004275528765,43.97131827110852
-5059.539769884943,-0.00034733685059567946,-3919.3004275528765,43.97131827110852
-5057.538769384692,-0.00034733685059567946,-3919.3004275528765,43.97131827110852
-5055.537768884443,-0.00034733685059567946,-3919.3004275528765,43.97131827110852
-5053.536768384192,-0.00034733685059567946,-3919.3004275528765,43.97131827110852
-5051.535767883942,-0.00034733685059567946,-3919.3004275528765,43.97131827110852
-5049.534767383692,-0.00034733685059567946,-3919.3004275528765,43.97131827110852
-5047.533766883442,-0.00034733685059567946,-3919.3004275528765,43.97131827110852
-5045.532766383192,-0.00034733685059567946,-3919.3004275528765,43.97131827110852
-5043.531765882942,-0.00034733685059567946,-3919.3004275528765,43.97131827110852
-5041.530765382692,-0.00034733685059567946,-3919.3004275528765,43.97131827110852
-5039.529764882442,-0.00034733685059567946,-3919.3004275528765,43.97131827110852
-5037.528764382191,-0.00034733685059567946,-3919.3004275528765,43.97131827110852
-5035.527763881942,-0.00034733685059567946,-3919.3004275528765,43.97131827110852
-5033.526763381691,-0.00034733685059567946,-3919.3004275528765,43.97131827110852
-5031.525762881442,-0.00034733685059567946,-3919.3004275528765,43.97131827110852
-5029.524762381191,-0.00034733685059567946,-3919.3004275528765,43.97131827110852
-5027.5237618809415,-0.00034733685059567946,-3919.3004275528765,43.97131827110852
-5025.522761380691,-0.00034733685059567946,-3919.3004275528765,43.97131827110852
-5023.5217608804405,-0.00034733685059567946,-3919.3004275528765,43.97131827110852
-5021.520760380191,-0.00034733685059567946,-3919.3004275528765,43.97131827110852
-5019.5197598799405,-0.00034733685059567946,-3919.3004275528765,43.97131827110852
-5017.518759379691,-0.00034733685059567946,-3919.3004275528765,43.97131827110852
-5015.51775887944,-0.00034733685059567946,-3919.3004275528765,43.97131827110852
-5013.516758379191,-0.00034733685059567946,-3919.3004275528765,43.97131827110852
-5011.515757878939,-0.00034733685059567946,-3919.3004275528765,43.97131827110852
-5009.514757378689,-0.00034733685059567946,-3919.3004275528765,43.97131827110852
-5007.513756878439,-0.00034733685059567946,-3919.3004275528765,43.97131827110852
-5005.512756378189,-0.00034733685059567946,-3919.3004275528765,43.97131827110852
-5003.511755877939,-0.00034733685059567946,-3919.3004275528765,43.97131827110852
-5001.510755377689,-0.00034733685059567946,-3919.3004275528765,43.97131827110852
-4999.509754877438,-0.00034733685059567946,-3919.3004275528765,43.97131827110852
-4997.508754377189,-0.00034733685059567946,-3919.3004275528765,43.97131827110852
-4995.507753876938,-0.00034733685059567946,-3919.3004275528765,43.97131827110852
-4993.506753376689,-0.00034733685059567946,-3919.3004275528765,43.97131827110852
-4991.505752876438,-0.00034733685059567946,-3919.3004275528765,43.97131827110852
-4989.504752376188,-0.00034733685059567946,-3919.3004275528765,43.97131827110852
-4987.503751875938,-0.00034733685059567946,-3919.3004275528765,43.97131827110852
-4985.502751375688,-0.00034733685059567946,-3919.3004275528765,43.97131827110852
-4983.501750875438,-0.00034733685059567946,-3919.3004275528765,43.97131827110852
-4981.500750375188,-0.00034733685059567946,-3919.3004275528765,43.97131827110852
-4979.499749874938,-0.00034733685059567946,-3919.3004275528765,43.97131827110852
-4977.498749374688,-0.00034733685059567946,-3919.3004275528765,43.97131827110852
-4975.497748874437,-0.00034733685059567946,-3919.3004275528765,43.97131827110852
-4973.4967483741875,-0.00034733685059567946,-3919.3004275528765,43.97131827110852
-4971.495747873937,-0.00034733685059567946,-3919.3004275528765,43.97131827110852
-4969.4947473736875,-0.00034733685059567946,-3919.3004275528765,43.97131827110852
-4967.493746873437,-0.00034733685059567946,-3919.3004275528765,43.97131827110852
-4965.492746373187,-0.00034733685059567946,-3919.3004275528765,43.97131827110852
-4963.491745872937,-0.00034733685059567946,-3919.3004275528765,43.97131827110852
-4961.490745372686,-0.00034733685059567946,-3919.3004275528765,43.97131827110852
-4959.489744872437,-0.00034733685059567946,-3919.3004275528765,43.97131827110852
-4957.488744372186,-0.00034733685059567946,-3919.3004275528765,43.97131827110852
-4955.487743871937,-0.00034733685059567946,-3919.3004275528765,43.97131827110852
-4953.486743371686,-0.00034733685059567946,-3919.3004275528765,43.97131827110852
-4951.485742871437,-0.00034733685059567946,-3919.3004275528765,43.97131827110852
-4949.484742371186,-0.00034733685059567946,-3919.3004275528765,43.97131827110852
-4947.483741870936,-0.00034733685059567946,-3919.3004275528765,43.97131827110852
-4945.482741370686,-0.00034733685059567946,-3919.3004275528765,43.97131827110852
-4943.481740870435,-0.00034733685059567946,-3919.3004275528765,43.97131827110852
-4941.480740370185,-0.00034733685059567946,-3919.3004275528765,43.97131827110852
-4939.479739869935,-0.00034733685059567946,-3919.3004275528765,43.97131827110852
-4937.478739369685,-0.00034733685059567946,-3919.3004275528765,43.97131827110852
-4935.477738869435,-0.00034733685059567946,-3919.3004275528765,43.97131827110852
-4933.476738369184,-0.00034733685059567946,-3919.3004275528765,43.97131827110852
-4931.475737868935,-0.00034733685059567946,-3919.3004275528765,43.97131827110852
-4929.474737368684,-0.00034733685059567946,-3919.3004275528765,43.97131827110852
-4927.473736868435,-0.00034733685059567946,-3919.3004275528765,43.97131827110852
-4925.472736368184,-0.00034733685059567946,-3919.3004275528765,43.97131827110852
-4923.4717358679345,-0.00034733685059567946,-3919.3004275528765,43.97131827110852
-4921.470735367684,-0.00034733685059567946,-3919.3004275528765,43.97131827110852
-4919.4697348674335,-0.00034733685059567946,-3919.3004275528765,43.97131827110852
-4917.468734367184,-0.00034733685059567946,-3919.3004275528765,43.97131827110852
-4915.4677338669335,-0.00034733685059567946,-3919.3004275528765,43.97131827110852
-4913.466733366684,-0.00034733685059567946,-3919.3004275528765,43.97131827110852
-4911.465732866433,-0.00034733685059567946,-3919.3004275528765,43.97131827110852
-4909.464732366184,-0.00034733685059567946,-3919.3004275528765,43.97131827110852
-4907.463731865933,-0.00034733685059567946,-3919.3004275528765,43.97131827110852
-4905.462731365683,-0.00034733685059567946,-3919.3004275528765,43.97131827110852
-4903.461730865433,-0.00034733685059567946,-3919.3004275528765,43.97131827110852
-4901.460730365183,-0.00034733685059567946,-3919.3004275528765,43.97131827110852
-4899.459729864932,-0.00034733685059567946,-3919.3004275528765,43.97131827110852
-4897.458729364683,-0.00034733685059567946,-3919.3004275528765,43.97131827110852
-4895.457728864433,-0.00034733685059567946,-3919.3004275528765,43.97131827110852
-4893.456728364183,-0.00034733685059567946,-3919.3004275528765,43.97131827110852
-4891.455727863932,-0.00034733685059567946,-3919.3004275528765,43.97131827110852
-4889.454727363683,-0.00034733685059567946,-3919.3004275528765,43.97131827110852
-4887.453726863432,-0.00034733685059567946,-3919.3004275528765,43.97131827110852
-4885.452726363182,-0.00034733685059567946,-3919.3004275528765,43.97131827110852
-4883.451725862932,-0.00034733685059567946,-3919.3004275528765,43.97131827110852
-4881.4507253626825,-0.00034733685059567946,-3919.3004275528765,43.97131827110852
-4879.449724862432,-0.00034733685059567946,-3919.3004275528765,43.97131827110852
-4877.448724362182,-0.00034733685059567946,-3919.3004275528765,43.97131827110852
-4875.447723861932,-0.00034733685059567946,-3919.3004275528765,43.97131827110852
-4873.446723361681,-0.00034733685059567946,-3919.3004275528765,43.97131827110852
-4871.44572286143,-0.00034733685059567946,-3919.3004275528765,43.97131827110852
-4869.4447223611805,-0.00034733685059567946,-3919.3004275528765,43.97131827110852
-4867.443721860931,-0.00034733685059567946,-3919.3004275528765,43.97131827110852
-4865.4427213606805,-0.00034733685059567946,-3919.3004275528765,43.97131827110852
-4863.44172086043,-0.00034733685059567946,-3919.3004275528765,43.97131827110852
-4861.44072036018,-0.00034733685059567946,-3919.3004275528765,43.97131827110852
-4859.43971985993,-0.00034733685059567946,-3919.3004275528765,43.97131827110852
-4857.438719359679,-0.00034733685059567946,-3919.3004275528765,43.97131827110852
-4855.43771885943,-0.00034733685059567946,-3919.3004275528765,43.97131827110852
-4853.436718359179,-0.00034733685059567946,-3919.3004275528765,43.97131827110852
-4851.43571785893,-0.00034733685059567946,-3919.3004275528765,43.97131827110852
-4849.434717358679,-0.00034733685059567946,-3919.3004275528765,43.97131827110852
-4847.43371685843,-0.00034733685059567946,-3919.3004275528765,43.97131827110852
-4845.432716358179,-0.00034733685059567946,-3919.3004275528765,43.97131827110852
-4843.431715857929,-0.00034733685059567946,-3919.3004275528765,43.97131827110852
-4841.430715357679,-0.00034733685059567946,-3919.3004275528765,43.97131827110852
-4839.429714857429,-0.00034733685059567946,-3919.3004275528765,43.97131827110852
-4837.428714357179,-0.00034733685059567946,-3919.3004275528765,43.97131827110852
-4835.427713856929,-0.00034733685059567946,-3919.3004275528765,43.97131827110852
-4833.426713356679,-0.00034733685059567946,-3919.3004275528765,43.97131827110852
-4831.425712856429,-0.00034733685059567946,-3919.3004275528765,43.97131827110852
-4829.424712356178,-0.00034733685059567946,-3919.3004275528765,43.97131827110852
-4827.423711855929,-0.00034733685059567946,-3919.3004275528765,43.97131827110852
-4825.422711355678,-0.00034733685059567946,-3919.3004275528765,43.97131827110852
-4823.4217108554285,-0.00034733685059567946,-3919.3004275528765,43.97131827110852
-4821.420710355178,-0.00034733685059567946,-3919.3004275528765,43.97131827110852
-4819.419709854928,-0.00034733685059567946,-3919.3004275528765,43.97131827110852
-4817.418709354678,-0.00034733685059567946,-3919.3004275528765,43.97131827110852
-4815.4177088544275,-0.00034733685059567946,-3919.3004275528765,43.97131827110852
-4813.416708354178,-0.00034733685059567946,-3919.3004275528765,43.97131827110852
-4811.415707853927,-0.00034733685059567946,-3919.3004275528765,43.97131827110852
-4809.414707353678,-0.00034733685059567946,-3919.3004275528765,43.97131827110852
-4807.413706853427,-0.00034733685059567946,-3919.3004275528765,43.97131827110852
-4805.412706353178,-0.00034733685059567946,-3919.3004275528765,43.97131827110852
-4803.411705852926,-0.00034733685059567946,-3919.3004275528765,43.97131827110852
-4801.410705352676,-0.00034733685059567946,-3919.3004275528765,43.97131827110852
-4799.409704852426,-0.00034733685059567946,-3919.3004275528765,43.97131827110852
-4797.408704352176,-0.00034733685059567946,-3919.3004275528765,43.97131827110852
-4795.407703851925,-0.00034733685059567946,-3919.3004275528765,43.97131827110852
-4793.406703351676,-0.00034733685059567946,-3919.3004275528765,43.97131827110852
-4791.405702851426,-0.00034733685059567946,-3919.3004275528765,43.97131827110852
-4789.404702351176,-0.00034733685059567946,-3919.3004275528765,43.97131827110852
-4787.403701850925,-0.00034733685059567946,-3919.3004275528765,43.97131827110852
-4785.402701350676,-0.00034733685059567946,-3919.3004275528765,43.97131827110852
-4783.401700850425,-0.00034733685059567946,-3919.3004275528765,43.97131827110852
-4781.400700350175,-0.00034733685059567946,-3919.3004275528765,43.97131827110852
-4779.399699849925,-0.00034733685059567946,-3919.3004275528765,43.97131827110852
-4777.398699349676,-0.00034733685059567946,-3919.3004275528765,43.97131827110852
-4775.397698849425,-0.00034733685059567946,-3919.3004275528765,43.97131827110852
-4773.396698349175,-0.00034733685059567946,-3919.3004275528765,43.97131827110852
-4771.395697848925,-0.00034733685059567946,-3919.3004275528765,43.97131827110852
-4769.3946973486745,-0.00034733685059567946,-3919.3004275528765,43.97131827110852
-4767.393696848424,-0.00034733685059567946,-3919.3004275528765,43.97131827110852
-4765.3926963481745,-0.00034733685059567946,-3919.3004275528765,43.97131827110852
-4763.391695847925,-0.00034733685059567946,-3919.3004275528765,43.97131827110852
-4761.390695347674,-0.00034733685059567946,-3919.3004275528765,43.97131827110852
-4759.389694847424,-0.00034733685059567946,-3919.3004275528765,43.97131827110852
-4757.388694347174,-0.00034733685059567946,-3919.3004275528765,43.97131827110852
-4755.387693846924,-0.00034733685059567946,-3919.3004275528765,43.97131827110852
-4753.386693346673,-0.00034733685059567946,-3919.3004275528765,43.97131827110852
-4751.385692846424,-0.00034733685059567946,-3919.3004275528765,43.97131827110852
-4749.384692346173,-0.00034733685059567946,-3919.3004275528765,43.97131827110852
-4747.383691845924,-0.00034733685059567946,-3919.3004275528765,43.97131827110852
-4745.382691345673,-0.00034733685059567946,-3919.3004275528765,43.97131827110852
-4743.381690845424,-0.00034733685059567946,-3919.3004275528765,43.97131827110852
-4741.380690345173,-0.00034733685059567946,-3919.3004275528765,43.97131827110852
-4739.379689844923,-0.00034733685059567946,-3919.3004275528765,43.97131827110852
-4737.378689344673,-0.00034733685059567946,-3919.3004275528765,43.97131827110852
-4735.377688844422,-0.00034733685059567946,-3919.3004275528765,43.97131827110852
-4733.376688344172,-0.00034733685059567946,-3919.3004275528765,43.97131827110852
-4731.375687843922,-0.00034733685059567946,-3919.3004275528765,43.97131827110852
-4729.374687343672,-0.00034733685059567946,-3919.3004275528765,43.97131827110852
-4727.373686843422,-0.00034733685059567946,-3919.3004275528765,43.97131827110852
-4725.372686343171,-0.00034733685059567946,-3919.3004275528765,43.97131827110852
-4723.371685842922,-0.00034733685059567946,-3919.3004275528765,43.97131827110852
-4721.370685342671,-0.00034733685059567946,-3919.3004275528765,43.97131827110852
-4719.3696848424215,-0.00034733685059567946,-3919.3004275528765,43.97131827110852
-4717.368684342171,-0.00034733685059567946,-3919.3004275528765,43.97131827110852
-4715.3676838419215,-0.00034733685059567946,-3919.3004275528765,43.97131827110852
-4713.366683341671,-0.00034733685059567946,-3919.3004275528765,43.97131827110852
-4711.3656828414205,-0.00034733685059567946,-3919.3004275528765,43.97131827110852
-4709.364682341171,-0.00034733685059567946,-3919.3004275528765,43.97131827110852
-4707.36368184092,-0.00034733685059567946,-3919.3004275528765,43.97131827110852
-4705.362681340671,-0.00034733685059567946,-3919.3004275528765,43.97131827110852
-4703.36168084042,-0.00034733685059567946,-3919.3004275528765,43.97131827110852
-4701.360680340171,-0.00034733685059567946,-3919.3004275528765,43.97131827110852
-4699.35967983992,-0.00034733685059567946,-3919.3004275528765,43.97131827110852
-4697.35867933967,-0.00034733685059567946,-3919.3004275528765,43.97131827110852
-4695.35767883942,-0.00034733685059567946,-3919.3004275528765,43.97131827110852
-4693.35667833917,-0.00034733685059567946,-3919.3004275528765,43.97131827110852
-4691.35567783892,-0.00034733685059567946,-3919.3004275528765,43.97131827110852
-4689.35467733867,-0.00034733685059567946,-3919.3004275528765,43.97131827110852
-4687.35367683842,-0.00034733685059567946,-3919.3004275528765,43.97131827110852
-4685.35267633817,-0.00034733685059567946,-3919.3004275528765,43.97131827110852
-4683.351675837919,-0.00034733685059567946,-3919.3004275528765,43.97131827110852
-4681.35067533767,-0.00034733685059567946,-3919.3004275528765,43.97131827110852
-4679.349674837419,-0.00034733685059567946,-3919.3004275528765,43.97131827110852
-4677.348674337169,-0.00034733685059567946,-3919.3004275528765,43.97131827110852
-4675.347673836919,-0.00034733685059567946,-3919.3004275528765,43.97131827110852
-4673.3466733366695,-0.00034733685059567946,-3919.3004275528765,43.97131827110852
-4671.345672836419,-0.00034733685059567946,-3919.3004275528765,43.97131827110852
-4669.3446723361685,-0.00034733685059567946,-3919.3004275528765,43.97131827110852
-4667.343671835919,-0.00034733685059567946,-3919.3004275528765,43.97131827110852
-4665.342671335668,-0.00034733685059567946,-3919.3004275528765,43.97131827110852
-4663.341670835417,-0.00034733685059567946,-3919.3004275528765,43.97131827110852
-4661.3406703351675,-0.00034733685059567946,-3919.3004275528765,43.97131827110852
-4659.339669834918,-0.00034733685059567946,-3919.3004275528765,43.97131827110852
-4657.338669334667,-0.00034733685059567946,-3919.3004275528765,43.97131827110852
-4655.337668834417,-0.00034733685059567946,-3919.3004275528765,43.97131827110852
-4653.336668334167,-0.00034733685059567946,-3919.3004275528765,43.97131827110852
-4651.335667833917,-0.00034733685059567946,-3919.3004275528765,43.97131827110852
-4649.334667333666,-0.00034733685059567946,-3919.3004275528765,43.97131827110852
-4647.333666833417,-0.00034733685059567946,-3919.3004275528765,43.97131827110852
-4645.332666333166,-0.00034733685059567946,-3919.3004275528765,43.97131827110852
-4643.331665832917,-0.00034733685059567946,-3919.3004275528765,43.97131827110852
-4641.330665332666,-0.00034733685059567946,-3919.3004275528765,43.97131827110852
-4639.329664832417,-0.00034733685059567946,-3919.3004275528765,43.97131827110852
-4637.328664332166,-0.00034733685059567946,-3919.3004275528765,43.97131827110852
-4635.327663831916,-0.00034733685059567946,-3919.3004275528765,43.97131827110852
-4633.326663331666,-0.00034733685059567946,-3919.3004275528765,43.97131827110852
-4631.325662831416,-0.00034733685059567946,-3919.3004275528765,43.97131827110852
-4629.324662331166,-0.00034733685059567946,-3919.3004275528765,43.97131827110852
-4627.323661830916,-0.00034733685059567946,-3919.3004275528765,43.97131827110852
-4625.322661330666,-0.00034733685059567946,-3919.3004275528765,43.97131827110852
-4623.321660830416,-0.00034733685059567946,-3919.3004275528765,43.97131827110852
-4621.320660330165,-0.00034733685059567946,-3919.3004275528765,43.97131827110852
-4619.3196598299155,-0.00034733685059567946,-3919.3004275528765,43.97131827110852
-4617.318659329665,-0.00034733685059567946,-3919.3004275528765,43.97131827110852
-4615.317658829415,-0.00034733685059567946,-3919.3004275528765,43.97131827110852
-4613.316658329165,-0.00034733685059567946,-3919.3004275528765,43.97131827110852
-4611.315657828915,-0.00034733685059567946,-3919.3004275528765,43.97131827110852
-4609.314657328665,-0.00034733685059567946,-3919.3004275528765,43.97131827110852
-4607.313656828414,-0.00034733685059567946,-3919.3004275528765,43.97131827110852
-4605.312656328165,-0.00034733685059567946,-3919.3004275528765,43.97131827110852
-4603.311655827914,-0.00034733685059567946,-3919.3004275528765,43.97131827110852
-4601.310655327665,-0.00034733685059567946,-3919.3004275528765,43.97131827110852
-4599.309654827414,-0.00034733685059567946,-3919.3004275528765,43.97131827110852
-4597.308654327165,-0.00034733685059567946,-3919.3004275528765,43.97131827110852
-4595.307653826913,-0.00034733685059567946,-3919.3004275528765,43.97131827110852
-4593.306653326663,-0.00034733685059567946,-3919.3004275528765,43.97131827110852
-4591.305652826413,-0.00034733685059567946,-3919.3004275528765,43.97131827110852
-4589.304652326163,-0.00034733685059567946,-3919.3004275528765,43.97131827110852
-4587.303651825913,-0.00034733685059567946,-3919.3004275528765,43.97131827110852
-4585.302651325663,-0.00034733685059567946,-3919.3004275528765,43.97131827110852
-4583.301650825413,-0.00034733685059567946,-3919.3004275528765,43.97131827110852
-4581.300650325163,-0.00034733685059567946,-3919.3004275528765,43.97131827110852
-4579.299649824912,-0.00034733685059567946,-3919.3004275528765,43.97131827110852
-4577.298649324663,-0.00034733685059567946,-3919.3004275528765,43.97131827110852
-4575.297648824412,-0.00034733685059567946,-3919.3004275528765,43.97131827110852
-4573.296648324162,-0.00034733685059567946,-3919.3004275528765,43.97131827110852
-4571.295647823912,-0.00034733685059567946,-3919.3004275528765,43.97131827110852
-4569.2946473236625,-0.00034733685059567946,-3919.3004275528765,43.97131827110852
-4567.293646823412,-0.00034733685059567946,-3919.3004275528765,43.97131827110852
-4565.2926463231615,-0.00034733685059567946,-3919.3004275528765,43.97131827110852
-4563.291645822912,-0.00034733685059567946,-3919.3004275528765,43.97131827110852
-4561.2906453226615,-0.00034733685059567946,-3919.3004275528765,43.97131827110852
-4559.289644822411,-0.00034733685059567946,-3919.3004275528765,43.97131827110852
-4557.288644322161,-0.00034733685059567946,-3919.3004275528765,43.97131827110852
-4555.287643821912,-0.00034733685059567946,-3919.3004275528765,43.97131827110852
-4553.286643321661,-0.00034733685059567946,-3919.3004275528765,43.97131827110852
-4551.285642821411,-0.00034733685059567946,-3919.3004275528765,43.97131827110852
-4549.284642321161,-0.00034733685059567946,-3919.3004275528765,43.97131827110852
-4547.283641820911,-0.00034733685059567946,-3919.3004275528765,43.97131827110852
-4545.28264132066,-0.00034733685059567946,-3919.3004275528765,43.97131827110852
-4543.281640820411,-0.00034733685059567946,-3919.3004275528765,43.97131827110852
-4541.280640320161,-0.00034733685059567946,-3919.3004275528765,43.97131827110852
-4539.279639819911,-0.00034733685059567946,-3919.3004275528765,43.97131827110852
-4537.27863931966,-0.00034733685059567946,-3919.3004275528765,43.97131827110852
-4535.277638819411,-0.00034733685059567946,-3919.3004275528765,43.97131827110852
-4533.27663831916,-0.00034733685059567946,-3919.3004275528765,43.97131827110852
-4531.27563781891,-0.00034733685059567946,-3919.3004275528765,43.97131827110852
-4529.27463731866,-0.00034733685059567946,-3919.3004275528765,43.97131827110852
-4527.273636818409,-0.00034733685059567946,-3919.3004275528765,43.97131827110852
-4525.272636318159,-0.00034733685059567946,-3919.3004275528765,43.97131827110852
-4523.271635817909,-0.00034733685059567946,-3919.3004275528765,43.97131827110852
-4521.270635317659,-0.00034733685059567946,-3919.3004275528765,43.97131827110852
-4519.269634817409,-0.00034733685059567946,-3919.3004275528765,43.97131827110852
-4517.268634317158,-0.00034733685059567946,-3919.3004275528765,43.97131827110852
-4515.2676338169085,-0.00034733685059567946,-3919.3004275528765,43.97131827110852
-4513.266633316658,-0.00034733685059567946,-3919.3004275528765,43.97131827110852
-4511.2656328164085,-0.00034733685059567946,-3919.3004275528765,43.97131827110852
-4509.264632316158,-0.00034733685059567946,-3919.3004275528765,43.97131827110852
-4507.263631815908,-0.00034733685059567946,-3919.3004275528765,43.97131827110852
-4505.262631315658,-0.00034733685059567946,-3919.3004275528765,43.97131827110852
-4503.261630815407,-0.00034733685059567946,-3919.3004275528765,43.97131827110852
-4501.260630315158,-0.00034733685059567946,-3919.3004275528765,43.97131827110852
-4499.259629814907,-0.00034733685059567946,-3919.3004275528765,43.97131827110852
-4497.258629314658,-0.00034733685059567946,-3919.3004275528765,43.97131827110852
-4495.257628814407,-0.00034733685059567946,-3919.3004275528765,43.97131827110852
-4493.256628314158,-0.00034733685059567946,-3919.3004275528765,43.97131827110852
-4491.255627813907,-0.00034733685059567946,-3919.3004275528765,43.97131827110852
-4489.254627313657,-0.00034733685059567946,-3919.3004275528765,43.97131827110852
-4487.253626813407,-0.00034733685059567946,-3919.3004275528765,43.97131827110852
-4485.252626313157,-0.00034733685059567946,-3919.3004275528765,43.97131827110852
-4483.251625812907,-0.00034733685059567946,-3919.3004275528765,43.97131827110852
-4481.250625312657,-0.00034733685059567946,-3919.3004275528765,43.97131827110852
-4479.249624812407,-0.00034733685059567946,-3919.3004275528765,43.97131827110852
-4477.248624312157,-0.00034733685059567946,-3919.3004275528765,43.97131827110852
-4475.247623811906,-0.00034733685059567946,-3919.3004275528765,43.97131827110852
-4473.246623311657,-0.00034733685059567946,-3919.3004275528765,43.97131827110852
-4471.245622811406,-0.00034733685059567946,-3919.3004275528765,43.97131827110852
-4469.244622311156,-0.00034733685059567946,-3919.3004275528765,43.97131827110852
-4467.243621810906,-0.00034733685059567946,-3919.3004275528765,43.97131827110852
-4465.242621310656,-0.00034733685059567946,-3919.3004275528765,43.97131827110852
-4463.241620810406,-0.00034733685059567946,-3919.3004275528765,43.97131827110852
-4461.2406203101555,-0.00034733685059567946,-3919.3004275528765,43.97131827110852
-4459.239619809906,-0.00034733685059567946,-3919.3004275528765,43.97131827110852
-4457.2386193096545,-0.00034733685059567946,-3919.3004275528765,43.97131827110852
-4455.237618809404,-0.00034733685059567946,-3919.3004275528765,43.97131827110852
-4453.236618309154,-0.00034733685059567946,-3919.3004275528765,43.97131827110852
-4451.235617808905,-0.00034733685059567946,-3919.3004275528765,43.97131827110852
-4449.234617308654,-0.00034733685059567946,-3919.3004275528765,43.97131827110852
-4447.233616808404,-0.00034733685059567946,-3919.3004275528765,43.97131827110852
-4445.232616308154,-0.00034733685059567946,-3919.3004275528765,43.97131827110852
-4443.231615807904,-0.00034733685059567946,-3919.3004275528765,43.97131827110852
-4441.230615307653,-0.00034733685059567946,-3919.3004275528765,43.97131827110852
-4439.229614807404,-0.00034733685059567946,-3919.3004275528765,43.97131827110852
-4437.228614307154,-0.00034733685059567946,-3919.3004275528765,43.97131827110852
-4435.227613806904,-0.00034733685059567946,-3919.3004275528765,43.97131827110852
-4433.226613306653,-0.00034733685059567946,-3919.3004275528765,43.97131827110852
-4431.225612806404,-0.00034733685059567946,-3919.3004275528765,43.97131827110852
-4429.224612306153,-0.00034733685059567946,-3919.3004275528765,43.97131827110852
-4427.223611805903,-0.00034733685059567946,-3919.3004275528765,43.97131827110852
-4425.222611305653,-0.00034733685059567946,-3919.3004275528765,43.97131827110852
-4423.221610805403,-0.00034733685059567946,-3919.3004275528765,43.97131827110852
-4421.220610305153,-0.00034733685059567946,-3919.3004275528765,43.97131827110852
-4419.219609804903,-0.00034733685059567946,-3919.3004275528765,43.97131827110852
-4417.218609304653,-0.00034733685059567946,-3919.3004275528765,43.97131827110852
-4415.2176088044025,-0.00034733685059567946,-3919.3004275528765,43.97131827110852
-4413.216608304152,-0.00034733685059567946,-3919.3004275528765,43.97131827110852
-4411.2156078039025,-0.00034733685059567946,-3919.3004275528765,43.97131827110852
-4409.214607303652,-0.00034733685059567946,-3919.3004275528765,43.97131827110852
-4407.213606803402,-0.00034733685059567946,-3919.3004275528765,43.97131827110852
-4405.212606303152,-0.00034733685059567946,-3919.3004275528765,43.97131827110852
-4403.211605802902,-0.00034733685059567946,-3919.3004275528765,43.97131827110852
-4401.210605302652,-0.00034733685059567946,-3919.3004275528765,43.97131827110852
-4399.209604802401,-0.00034733685059567946,-3919.3004275528765,43.97131827110852
-4397.208604302152,-0.00034733685059567946,-3919.3004275528765,43.97131827110852
-4395.207603801901,-0.00034733685059567946,-3919.3004275528765,43.97131827110852
-4393.206603301652,-0.00034733685059567946,-3919.3004275528765,43.97131827110852
-4391.205602801401,-0.00034733685059567946,-3919.3004275528765,43.97131827110852
-4389.204602301152,-0.00034733685059567946,-3919.3004275528765,43.97131827110852
-4387.2036018009,-0.00034733685059567946,-3919.3004275528765,43.97131827110852
-4385.20260130065,-0.00034733685059567946,-3919.3004275528765,43.97131827110852
-4383.2016008004,-0.00034733685059567946,-3919.3004275528765,43.97131827110852
-4381.20060030015,-0.00034733685059567946,-3919.3004275528765,43.97131827110852
-4379.1995997999,-0.00034733685059567946,-3919.3004275528765,43.97131827110852
-4377.19859929965,-0.00034733685059567946,-3919.3004275528765,43.97131827110852
-4375.1975987994,-0.00034733685059567946,-3919.3004275528765,43.97131827110852
-4373.19659829915,-0.00034733685059567946,-3919.3004275528765,43.97131827110852
-4371.195597798899,-0.00034733685059567946,-3919.3004275528765,43.97131827110852
-4369.19459729865,-0.00034733685059567946,-3919.3004275528765,43.97131827110852
-4367.193596798399,-0.00034733685059567946,-3919.3004275528765,43.97131827110852
-4365.1925962981495,-0.00034733685059567946,-3919.3004275528765,43.97131827110852
-4363.191595797899,-0.00034733685059567946,-3919.3004275528765,43.97131827110852
-4361.190595297649,-0.00034733685059567946,-3919.3004275528765,43.97131827110852
-4359.189594797399,-0.00034733685059567946,-3919.3004275528765,43.97131827110852
-4357.1885942971485,-0.00034733685059567946,-3919.3004275528765,43.97131827110852
-4355.187593796899,-0.00034733685059567946,-3919.3004275528765,43.97131827110852
-4353.186593296648,-0.00034733685059567946,-3919.3004275528765,43.97131827110852
-4351.185592796398,-0.00034733685059567946,-3919.3004275528765,43.97131827110852
-4349.184592296148,-0.00034733685059567946,-3919.3004275528765,43.97131827110852
-4347.183591795899,-0.00034733685059567946,-3919.3004275528765,43.97131827110852
-4345.182591295648,-0.00034733685059567946,-3919.3004275528765,43.97131827110852
-4343.181590795398,-0.00034733685059567946,-3919.3004275528765,43.97131827110852
-4341.180590295148,-0.00034733685059567946,-3919.3004275528765,43.97131827110852
-4339.179589794898,-0.00034650363585661103,-3919.3004275528765,43.97131827110852
-4337.178589294647,-0.00034610078728960147,-3919.3004275528765,43.97131827110852
-4335.177588794398,-0.00034559661950940785,-3919.3004275528765,43.97131827110852
-4333.176588294148,-0.00034498706531315326,-3919.3004275528765,43.97131827110852
-4331.175587793898,-0.0003442771678399554,-3919.3004275528765,43.97131827110852
-4329.174587293647,-0.00034347055805150986,-3919.3004275528765,43.97131827110852
-4327.173586793398,-0.00034256573493506585,-3919.3004275528765,43.97131827110852
-4325.172586293147,-0.0003415726043090308,-3919.3004275528765,43.97131827110852
-4323.171585792897,-0.0003404933003202192,-3919.3004275528765,43.97131827110852
-4321.170585292647,-0.0003393335488717522,-3919.3004275528765,43.97131827110852
-4319.169584792396,-0.00033810249361413184,-3919.3004275528765,43.97131827110852
-4317.168584292146,-0.00033680357075894303,-3919.3004275528765,43.97131827110852
-4315.167583791896,-0.0003354477563700573,-3919.3004275528765,43.97131827110852
-4313.166583291646,-0.0003340431396941379,-3919.3004275528765,43.97131827110852
-4311.1655827913955,-0.000332597284136785,-3919.3004275528765,43.97131827110852
-4309.164582291145,-0.0003311217116538531,-3919.3004275528765,43.97131827110852
-4307.1635817908955,-0.00032962534107493403,-3919.3004275528765,43.97131827110852
-4305.162581290645,-0.00032811890323419736,-3919.3004275528765,43.97131827110852
-4303.161580790395,-0.0003266188050431813,-3919.3004275528765,43.97131827110852
-4301.160580290145,-0.00032511882160077884,-3919.3004275528765,43.97131827110852
-4299.159579789895,-0.0003236468449880539,-3919.3004275528765,43.97131827110852
-4297.158579289645,-0.0003222081491505138,-3919.3004275528765,43.97131827110852
-4295.157578789395,-0.0003208148910366697,-3919.3004275528765,43.97131827110852
-4293.156578289145,-0.00031947557750571816,-3919.3004275528765,43.97131827110852
-4291.155577788894,-0.0003182027460070453,-3919.3004275528765,43.97131827110852
-4289.154577288645,-0.0003170067285354288,-3919.3004275528765,43.97131827110852
-4287.153576788394,-0.0003158948604650642,-3919.3004275528765,43.97131827110852
-4285.152576288144,-0.00031488228594108483,-3919.3004275528765,43.97131827110852
-4283.151575787894,-0.00031397160859995897,-3919.3004275528765,43.97131827110852
-4281.150575287644,-0.00031317377074979567,-3919.3004275528765,43.97131827110852
-4279.149574787394,-0.00031249770881980636,-3919.3004275528765,43.97131827110852
-4277.148574287144,-0.00031194511335079966,-3919.3004275528765,43.97131827110852
-4275.147573786894,-0.00031152852174618054,-3919.3004275528765,43.97131827110852
-4273.146573286644,-0.00031124775984373715,-3919.3004275528765,43.97131827110852
-4271.145572786393,-0.00031110580528541604,-3919.3004275528765,43.97131827110852
-4269.144572286144,-0.000311112191391382,-3919.3004275528765,43.97131827110852
-4267.143571785893,-0.0003112613588696626,-3919.3004275528765,43.97131827110852
-4265.1425712856435,-0.00031155659323438707,-3919.3004275528765,43.97131827110852
-4263.141570785393,-0.0003119979944220512,-3919.3004275528765,43.97131827110852
-4261.140570285143,-0.0003125789919362207,-3919.3004275528765,43.97131827110852
-4259.139569784893,-0.00031330447922620416,-3919.3004275528765,43.97131827110852
-4257.1385692846425,-0.00031416300679691205,-3919.3004275528765,43.97131827110852
-4255.137568784393,-0.000315151151539135,-3919.3004275528765,43.97131827110852
-4253.1365682841415,-0.00031626539615017954,-3919.3004275528765,43.97131827110852
-4251.135567783892,-0.0003174923079861474,-3919.3004275528765,43.97131827110852
-4249.134567283641,-0.0003188274215969792,-3919.3004275528765,43.97131827110852
-4247.133566783392,-0.00032025921019771734,-3919.3004275528765,43.97131827110852
-4245.132566283141,-0.00032177295737844503,-3919.3004275528765,43.97131827110852
-4243.131565782892,-0.00032336214105472557,-3919.3004275528765,43.97131827110852
-4241.130565282641,-0.0003250090259904247,-3919.3004275528765,43.97131827110852
-4239.129564782391,-0.0003267011268217723,-3919.3004275528765,43.97131827110852
-4237.128564282141,-0.0003284240598335503,-3919.3004275528765,43.97131827110852
-4235.127563781891,-0.00033016167223502035,-3919.3004275528765,43.97131827110852
-4233.126563281641,-0.0003318981314922797,-3919.3004275528765,43.97131827110852
-4231.125562781391,-0.00033361694381207283,-3919.3004275528765,43.97131827110852
-4229.124562281141,-0.0003353020681812533,-3919.3004275528765,43.97131827110852
-4227.123561780891,-0.00033693363212956227,-3919.3004275528765,43.97131827110852
-4225.12256128064,-0.000338497999655401,-3919.3004275528765,43.97131827110852
-4223.121560780391,-0.0003399760662816828,-3919.3004275528765,43.97131827110852
-4221.12056028014,-0.000341349884388793,-3919.3004275528765,43.97131827110852
-4219.119559779891,-0.00034260709134341166,-3919.3004275528765,43.97131827110852
-4217.11855927964,-0.00034372440815278073,-3919.3004275528765,43.97131827110852
-4215.11755877939,-0.000344691842465885,-3919.3004275528765,43.97131827110852
-4213.11655827914,-0.0003454949026223813,-3919.3004275528765,43.97131827110852
-4211.1155577788895,-0.00034611170463008656,-3919.3004275528765,43.97131827110852
-4209.11455727864,-0.0003465392147062738,-3919.3004275528765,43.97131827110852
-4207.1135567783895,-0.00034675820868480974,-3919.3004275528765,43.97131827110852
-4205.112556278139,-0.00034675879678029475,-3919.3004275528765,43.97131827110852
-4203.111555777889,-0.0003465384367158604,-3919.3004275528765,43.97131827110852
-4201.110555277639,-0.0003460746059757541,-3919.3004275528765,43.97131827110852
-4199.109554777389,-0.0003453738650303306,-3919.3004275528765,43.97131827110852
-4197.108554277139,-0.00034442814669432794,-3919.3004275528765,43.97131827110852
-4195.107553776888,-0.000343226799223677,-3919.3004275528765,43.97131827110852
-4193.106553276639,-0.00034178059738434747,-3919.3004275528765,43.97131827110852
-4191.105552776388,-0.000340078544950316,-3919.3004275528765,43.97131827110852
-4189.104552276139,-0.0003381281254143859,-3919.3004275528765,43.97131827110852
-4187.103551775888,-0.0003359388857872936,-3919.3004275528765,43.97131827110852
-4185.102551275639,-0.00033350139374338744,-3919.3004275528765,43.97131827110852
-4183.101550775387,-0.0003308393745983649,-3919.3004275528765,43.97131827110852
-4181.100550275138,-0.0003279568190836916,-3919.3004275528765,43.97131827110852
-4179.099549774887,-0.0003248625160609645,-3919.3004275528765,43.97131827110852
-4177.098549274638,-0.000321578577569513,-3919.3004275528765,43.97131827110852
-4175.097548774387,-0.00031811144285171465,-3919.3004275528765,43.97131827110852
-4173.096548274137,-0.00031448465317508235,-3919.3004275528765,43.97131827110852
-4171.095547773887,-0.0003107182697690092,-3919.3004275528765,43.97131827110852
-4169.094547273637,-0.00030682684244571926,-3919.3004275528765,43.97131827110852
-4167.093546773387,-0.0003028396028682362,-3919.3004275528765,43.97131827110852
-4165.092546273137,-0.0002987770820420585,-3919.3004275528765,43.97131827110852
-4163.091545772887,-0.00029466464410220623,-3919.3004275528765,43.97131827110852
-4161.0905452726365,-0.0002905301913717292,-3919.3004275528765,43.97131827110852
-4159.089544772386,-0.00028639782669395036,-3919.3004275528765,43.97131827110852
-4157.0885442721365,-0.0002822979579188437,-3919.3004275528765,43.97131827110852
-4155.087543771886,-0.00027825747557923985,-3919.3004275528765,43.97131827110852
-4153.086543271636,-0.0002743086788888397,-3919.3004275528765,43.97131827110852
-4151.085542771386,-0.0002704753343649581,-3919.3004275528765,43.97131827110852
-4149.084542271135,-0.00026679082641376136,-3919.3004275528765,43.97131827110852
-4147.083541770886,-0.00026328184954880856,-3919.3004275528765,43.97131827110852
-4145.082541270635,-0.00025997366746569696,-3919.3004275528765,43.97131827110852
-4143.081540770386,-0.0002569066053149215,-3919.3004275528765,43.97131827110852
-4141.080540270135,-0.00025409313832133935,-3919.3004275528765,43.97131827110852
-4139.079539769885,-0.0002515627757540688,-3919.3004275528765,43.97131827110852
-4137.078539269635,-0.00024934737546041837,-3919.3004275528765,43.97131827110852
-4135.077538769385,-0.00024745463635375846,-3919.3004275528765,43.97131827110852
-4133.076538269135,-0.0002459206493370527,-3919.3004275528765,43.97131827110852
-4131.075537768885,-0.0002447553742016425,-3919.3004275528765,43.97131827110852
-4129.074537268634,-0.00024396763312915687,-3919.3004275528765,43.97131827110852
-4127.073536768385,-0.0002435950607723549,-3919.3004275528765,43.97131827110852
-4125.072536268134,-0.00024362284910791818,-3919.3004275528765,43.97131827110852
-4123.071535767885,-0.00024407019427263483,-3919.3004275528765,43.97131827110852
-4121.070535267634,-0.00024494666622587683,-3919.3004275528765,43.97131827110852
-4119.0695347673845,-0.0002462371418915428,-3919.3004275528765,43.97131827110852
-4117.068534267134,-0.00024796181618024805,-3919.3004275528765,43.97131827110852
-4115.067533766884,-0.0002500990686387536,-3919.3004275528765,43.97131827110852
-4113.066533266633,-0.00025264088241287307,-3919.3004275528765,43.97131827110852
-4111.0655327663835,-0.0002555869011907242,-3919.3004275528765,43.97131827110852
-4109.064532266133,-0.00025890086198906525,-3919.3004275528765,43.97131827110852
-4107.0635317658825,-0.00026257269372507465,-3919.3004275528765,43.97131827110852
-4105.062531265633,-0.0002665806361738357,-3919.3004275528765,43.97131827110852
-4103.0615307653825,-0.00027088540742506385,-3919.3004275528765,43.97131827110852
-4101.060530265133,-0.0002754665161867765,-3919.3004275528765,43.97131827110852
-4099.059529764882,-0.0002802763635913087,-3919.3004275528765,43.97131827110852
-4097.058529264632,-0.00028527655964090144,-3919.3004275528765,43.97131827110852
-4095.0575287643824,-0.00029042717088153543,-3919.3004275528765,43.97131827110852
-4093.056528264132,-0.0002956734193513743,-3919.3004275528765,43.97131827110852
-4091.0555277638823,-0.0003009666361719966,-3919.3004275528765,43.97131827110852
-4089.054527263632,-0.0003062499540254303,-3919.3004275528765,43.97131827110852
-4087.053526763382,-0.00031146729988610364,-3919.3004275528765,43.97131827110852
-4085.0525262631318,-0.0003165488123051119,-3919.3004275528765,43.97131827110852
-4083.0515257628813,-0.0003214387678278729,-3919.3004275528765,43.97131827110852
-4081.0505252626317,-0.0003260667079901933,-3919.3004275528765,43.97131827110852
-4079.049524762381,-0.0003303555814861557,-3919.3004275528765,43.97131827110852
-4077.048524262131,-0.00033424876747071116,-3919.3004275528765,43.97131827110852
-4075.047523761881,-0.00033765536467362004,-3919.3004275528765,43.97131827110852
-4073.046523261631,-0.000340510043943788,-3919.3004275528765,43.97131827110852
-4071.045522761381,-0.00034274820767319275,-3919.3004275528765,43.97131827110852
-4069.0445222611306,-0.000344254244165874,-3919.3004275528765,43.97131827110852
-4067.043521760881,-0.00034499546289708206,-3919.3004275528765,43.97131827110852
-4065.0425212606306,-0.0003448718173074515,-3919.3004275528765,43.97131827110852
-4063.0415207603805,-0.00034379868789871003,-3919.3004275528765,43.97131827110852
-4061.04052026013,-0.00034173791577890746,-3919.3004275528765,43.97131827110852
-4059.03951975988,-0.00033855644660652206,-3919.3004275528765,43.97131827110852
-4057.03851925963,-0.00033422774053193957,-3919.3004275528765,43.97131827110852
-4055.0375187593795,-0.00032868301728684277,-3919.3004275528765,43.97131827110852
-4053.03651825913,-0.0003217992615969263,-3919.3004275528765,43.97131827110852
-4051.0355177588795,-0.000313582981325046,-3919.3004275528765,43.97131827110852
-4049.0345172586294,-0.0003039208334208618,-3919.3004275528765,43.97131827110852
-4047.0335167583794,-0.0002927637580977293,-3919.3004275528765,43.97131827110852
-4045.032516258129,-0.00028010411445652237,-3919.3004275528765,43.97131827110852
-4043.0315157578793,-0.00026579508507990735,-3919.3004275528765,43.97131827110852
-4041.030515257629,-0.00024988094633422644,-3919.3004275528765,43.97131827110852
-4039.0295147573793,-0.0002323007638793748,-3919.3004275528765,43.97131827110852
-4037.028514257129,-0.0002129706077458695,-3919.3004275528765,43.97131827110852
-4035.0275137568788,-0.00019194489065790915,-3919.3004275528765,43.97131827110852
-4033.0265132566287,-0.00016912514104449488,-3919.3004275528765,43.97131827110852
-4031.0255127563782,-0.0001445310869722183,-3919.3004275528765,43.97131827110852
-4029.0245122561287,-0.00011819342503825711,-3919.3004275528765,43.97131827110852
-4027.0235117558777,-8.999420370624987e-05,-3919.3004275528765,43.97131827110852
-4025.0225112556277,-6.005603771123589e-05,-3919.3004275528765,43.97131827110852
-4023.0215107553777,-2.8344854081053465e-05,-3919.3004275528765,43.97131827110852
-4021.0205102551276,5.146894591955562e-06,-3919.3004275528765,43.97131827110852
-4019.0195097548776,4.032084532708545e-05,-3919.3004275528765,43.97131827110852
-4017.018509254627,7.722855335269861e-05,-3919.3004275528765,43.97131827110852
-4015.0175087543776,0.00011577102301226654,-3919.3004275528765,43.97131827110852
-4013.016508254127,0.00015588610430171813,-3919.3004275528765,43.97131827110852
-4011.015507753877,0.00019759618449386308,-3919.3004275528765,43.97131827110852
-4009.014507253627,0.00024074672482013665,-3919.3004275528765,43.97131827110852
-4007.013506753377,0.00028531440318620334,-3919.3004275528765,43.97131827110852
-4005.012506253127,0.00033122185792425977,-3919.3004275528765,43.97131827110852
-4003.0115057528765,0.00037834057063559196,-3919.3004275528765,43.97131827110852
-4001.010505252627,0.000426645331772164,-3919.3004275528765,43.97131827110852
-3999.0095047523764,0.00047598336274350475,-3919.3004275528765,43.97131827110852
-3997.0085042521264,0.0005262574591040284,-3919.3004275528765,43.97131827110852
-3995.0075037518764,0.0005773881285418527,-3919.3004275528765,43.97131827110852
-3993.0065032516263,0.0006292176631854206,-3919.3004275528765,43.97131827110852
-3991.005502751376,0.0006816516252790189,-3919.3004275528765,43.97131827110852
-3989.0045022511254,0.0007345553989018114,-3919.3004275528765,43.97131827110852
-3987.003501750876,0.0007877907469206698,-3919.3004275528765,43.97131827110852
-3985.0025012506253,0.0008412380292958304,-3919.3004275528765,43.97131827110852
-3983.0015007503753,0.000894748333549054,-3919.3004275528765,43.97131827110852
-3981.0005002501252,0.0009481854297259832,-3919.3004275528765,43.97131827110852
-3978.9994997498748,0.0010014003418111128,-3919.3004275528765,43.97131827110852
-3976.998499249625,0.0010542622563587218,-3919.3004275528765,43.97131827110852
-3974.9974987493747,0.0011066058547045824,-3919.3004275528765,43.97131827110852
-3972.9964982491247,0.0011582965250723754,-3919.3004275528765,43.97131827110852
-3970.9954977488746,0.0012092052097166478,-3919.3004275528765,43.97131827110852
-3968.9944972486246,0.0012591302747855765,-3919.3004275528765,43.97131827110852
-3966.9934967483746,0.0013079890197742502,-3919.3004275528765,43.97131827110852
-3964.992496248124,0.001355609471138578,-3919.3004275528765,43.97131827110852
-3962.9914957478745,0.0014018340734137462,-3919.3004275528765,43.97131827110852
-3960.990495247624,0.0014465828138943266,-3919.3004275528765,43.97131827110852
-3958.989494747374,0.001489637021874335,-3919.3004275528765,43.97131827110852
-3956.9884942471235,0.0015309292509870839,-3919.3004275528765,43.97131827110852
-3954.9874937468735,0.0015703449241251106,-3919.3004275528765,43.97131827110852
-3952.9864932466235,0.0016076688121439446,-3919.3004275528765,43.97131827110852
-3950.985492746373,0.001642902680561829,-3919.3004275528765,43.97131827110852
-3948.9844922461234,0.0016758624704532048,-3919.3004275528765,43.97131827110852
-3946.983491745873,0.001706449285675162,-3919.3004275528765,43.97131827110852
-3944.982491245623,0.0017346465277972528,-3919.3004275528765,43.97131827110852
-3942.981490745373,0.001760215900246356,-3919.3004275528765,43.97131827110852
-3940.980490245123,0.0017832083303476309,-3919.3004275528765,43.97131827110852
-3938.979489744873,0.0018035284024257455,-3919.3004275528765,43.97131827110852
-3936.9784892446223,0.0018210198219952814,-3919.3004275528765,43.97131827110852
-3934.9774887443727,0.0018357661863603438,-3919.3004275528765,43.97131827110852
-3932.9764882441223,0.0018476029378821177,-3919.3004275528765,43.97131827110852
-3930.9754877438722,0.0018566025650098186,-3919.3004275528765,43.97131827110852
-3928.974487243622,0.001862681904000602,-3919.3004275528765,43.97131827110852
-3926.9734867433717,0.0018656913489136697,-3919.3004275528765,43.97131827110852
-3924.972486243122,0.0018658134771710722,-3919.3004275528765,43.97131827110852
-3922.971485742871,0.0018629806794448474,-3919.3004275528765,43.97131827110852
-3920.970485242621,0.0018571439993137332,-3919.3004275528765,43.97131827110852
-3918.969484742371,0.0018484494703092627,-3919.3004275528765,43.97131827110852
-3916.968484242121,0.0018367842855518757,-3919.3004275528765,43.97131827110852
-3914.967483741871,0.001822271450042098,-3919.3004275528765,43.97131827110852
-3912.9664832416206,0.0018049927721007614,-3919.3004275528765,43.97131827110852
-3910.965482741371,0.0017848498443055949,-3919.3004275528765,43.97131827110852
-3908.9644822411205,0.0017620750228075953,-3919.3004275528765,43.97131827110852
-3906.9634817408705,0.001736658009566656,-3919.3004275528765,43.97131827110852
-3904.9624812406205,0.0017086644434481605,-3919.3004275528765,43.97131827110852
-3902.9614807403705,0.0016782728851698048,-3919.3004275528765,43.97131827110852
-3900.9604802401204,0.0016454470547201962,-3919.3004275528765,43.97131827110852
-3898.95947973987,0.0016103907660521477,-3919.3004275528765,43.97131827110852
-3896.9584792396204,0.001573208660490644,-3919.3004275528765,43.97131827110852
-3894.95747873937,0.0015339301226630956,-3919.3004275528765,43.97131827110852
-3892.95647823912,0.001492784532634673,-3919.3004275528765,43.97131827110852
-3890.95547773887,0.001449827047298023,-3919.3004275528765,43.97131827110852
-3888.95447723862,0.0014052026809014597,-3919.3004275528765,43.97131827110852
-3886.9534767383693,0.0013590901429967788,-3919.3004275528765,43.97131827110852
-3884.952476238119,0.0013115396044273732,-3919.3004275528765,43.97131827110852
-3882.9514757378693,0.0012627690012934137,-3919.3004275528765,43.97131827110852
-3880.950475237619,0.0012129005511323883,-3919.3004275528765,43.97131827110852
-3878.9494747373687,0.001162052193862076,-3919.3004275528765,43.97131827110852
-3876.9484742371187,0.001110412049755323,-3919.3004275528765,43.97131827110852
-3874.9474737368682,0.001058093301709253,-3919.3004275528765,43.97131827110852
-3872.9464732366187,0.0010052572702707535,-3919.3004275528765,43.97131827110852
-3870.945472736368,0.0009520167371752487,-3919.3004275528765,43.97131827110852
-3868.944472236118,0.0008985785141967661,-3919.3004275528765,43.97131827110852
-3866.943471735868,0.0008450590049709398,-3919.3004275528765,43.97131827110852
-3864.942471235618,0.0007915943727581479,-3919.3004275528765,43.97131827110852
-3862.941470735368,0.000738326929934894,-3919.3004275528765,43.97131827110852
-3860.9404702351176,0.0006853794096926953,-3919.3004275528765,43.97131827110852
-3858.939469734868,0.0006329029853475427,-3919.3004275528765,43.97131827110852
-3856.9384692346175,0.0005810089127444529,-3919.3004275528765,43.97131827110852
-3854.9374687343675,0.0005298100217598022,-3919.3004275528765,43.97131827110852
-3852.936468234117,0.0004794510396096618,-3919.3004275528765,43.97131827110852
-3850.935467733867,0.0004300202912201807,-3919.3004275528765,43.97131827110852
-3848.934467233617,0.00038163976220783854,-3919.3004275528765,43.97131827110852
-3846.9334667333665,0.00033441243364373493,-3919.3004275528765,43.97131827110852
-3844.932466233117,0.0002883888079293505,-3919.3004275528765,43.97131827110852
-3842.9314657328664,0.00024372938032966385,-3919.3004275528765,43.97131827110852
-3840.9304652326164,0.00020045035717596775,-3919.3004275528765,43.97131827110852
-3838.9294647323663,0.0001586290192679958,-3919.3004275528765,43.97131827110852
-3836.9284642321163,0.0001183878526878483,-3919.3004275528765,43.97131827110852
-3834.9274637318663,7.97028559303224e-05,-3919.3004275528765,43.97131827110852
-3832.926463231616,4.2687375445483425e-05,-3919.3004275528765,43.97131827110852
-3830.925462731366,7.365010810206417e-06,-3919.3004275528765,43.97131827110852
-3828.9244622311157,-2.625942635410989e-05,-3919.3004275528765,43.97131827110852
-3826.9234617308657,-5.809247714924539e-05,-3919.3004275528765,43.97131827110852
-3824.9224612306157,-8.81805080954381e-05,-3919.3004275528765,43.97131827110852
-3822.9214607303657,-0.00011649467070087659,-3919.3004275528765,43.97131827110852
-3820.9204602301156,-0.00014298308075069637,-3919.3004275528765,43.97131827110852
-3818.9194597298647,-0.00016772819888739689,-3919.3004275528765,43.97131827110852
-3816.9184592296147,-0.00019065807188987067,-3919.3004275528765,43.97131827110852
-3814.9174587293646,-0.0002118313729693348,-3919.3004275528765,43.97131827110852
-3812.9164582291146,-0.00023129980385801655,-3919.3004275528765,43.97131827110852
-3810.9154577288646,-0.0002489886800963167,-3919.3004275528765,43.97131827110852
-3808.9144572286145,-0.0002650400811206624,-3919.3004275528765,43.97131827110852
-3806.913456728364,-0.00027944574927447484,-3919.3004275528765,43.97131827110852
-3804.912456228114,-0.0002922336766583965,-3919.3004275528765,43.97131827110852
-3802.911455727864,-0.0003035138091279752,-3919.3004275528765,43.97131827110852
-3800.910455227614,-0.00031326018078560854,-3919.3004275528765,43.97131827110852
-3798.909454727364,-0.00032158877170961346,-3919.3004275528765,43.97131827110852
-3796.908454227114,-0.0003285648738170479,-3919.3004275528765,43.97131827110852
-3794.907453726864,-0.00033419317022701764,-3919.3004275528765,43.97131827110852
-3792.9064532266134,-0.00033861393930004354,-3919.3004275528765,43.97131827110852
-3790.9054527263634,-0.00034185679521987387,-3919.3004275528765,43.97131827110852
-3788.9044522261133,-0.0003439971445235333,-3919.3004275528765,43.97131827110852
-3786.9034517258633,-0.0003451426867160684,-3919.3004275528765,43.97131827110852
-3784.9024512256133,-0.00034531135385741456,-3919.3004275528765,43.97131827110852
-3782.901450725363,-0.00034462867939350807,-3919.3004275528765,43.97131827110852
-3780.9004502251128,-0.00034316182659952193,-3919.3004275528765,43.97131827110852
-3778.8994497248623,-0.00034096466594129416,-3919.3004275528765,43.97131827110852
-3776.8984492246122,-0.0003381479517957303,-3919.3004275528765,43.97131827110852
-3774.897448724362,-0.00033476235813071156,-3919.3004275528765,43.97131827110852
-3772.896448224112,-0.00033089310995728494,-3919.3004275528765,43.97131827110852
-3770.895447723862,-0.0003266225958025367,-3919.3004275528765,43.97131827110852
-3768.894447223612,-0.0003219998458440482,-3919.3004275528765,43.97131827110852
-3766.8934467233616,-0.0003171164191935742,-3919.3004275528765,43.97131827110852
-3764.8924462231116,-0.0003120323675984508,-3919.3004275528765,43.97131827110852
-3762.8914457228616,-0.0003068106908226185,-3919.3004275528765,43.97131827110852
-3760.8904452226116,-0.0003015177262470981,-3919.3004275528765,43.97131827110852
-3758.8894447223615,-0.00029621050669143586,-3919.3004275528765,43.97131827110852
-3756.8884442221115,-0.0002909455330942966,-3919.3004275528765,43.97131827110852
-3754.8874437218615,-0.00028577276356094884,-3919.3004275528765,43.97131827110852
-3752.886443221611,-0.0002807485972359354,-3919.3004275528765,43.97131827110852
-3750.8854427213605,-0.00027590870151539184,-3919.3004275528765,43.97131827110852
-3748.8844422211105,-0.0002712997171061024,-3919.3004275528765,43.97131827110852
-3746.8834417208604,-0.00026696107147430496,-3919.3004275528765,43.97131827110852
-3744.8824412206104,-0.0002629131379594945,-3919.3004275528765,43.97131827110852
-3742.8814407203604,-0.0002592068587618291,-3919.3004275528765,43.97131827110852
-3740.88044022011,-0.00025585150655419944,-3919.3004275528765,43.97131827110852
-3738.87943971986,-0.0002528678965812526,-3919.3004275528765,43.97131827110852
-3736.87843921961,-0.00025028973521554865,-3919.3004275528765,43.97131827110852
-3734.87743871936,-0.00024810880817513774,-3919.3004275528765,43.97131827110852
-3732.87643821911,-0.00024634994568848437,-3919.3004275528765,43.97131827110852
-3730.8754377188598,-0.0002450159508340086,-3919.3004275528765,43.97131827110852
-3728.8744372186097,-0.00024409647620152848,-3919.3004275528765,43.97131827110852
-3726.8734367183592,-0.00024361660792060003,-3919.3004275528765,43.97131827110852
-3724.872436218109,-0.00024354780363194332,-3919.3004275528765,43.97131827110852
-3722.871435717859,-0.00024388859797255704,-3919.3004275528765,43.97131827110852
-3720.870435217609,-0.0002446396335019869,-3919.3004275528765,43.97131827110852
-3718.869434717359,-0.0002457687861905097,-3919.3004275528765,43.97131827110852
-3716.868434217109,-0.0002472769294661407,-3919.3004275528765,43.97131827110852
-3714.867433716858,-0.00024913780285021667,-3919.3004275528765,43.97131827110852
-3712.866433216608,-0.0002513243188165822,-3919.3004275528765,43.97131827110852
-3710.865432716358,-0.0002538342258603891,-3919.3004275528765,43.97131827110852
-3708.864432216108,-0.00025662347080909146,-3919.3004275528765,43.97131827110852
-3706.863431715858,-0.00025967455378315545,-3919.3004275528765,43.97131827110852
-3704.862431215608,-0.00026296402794211165,-3919.3004275528765,43.97131827110852
-3702.861430715358,-0.00026645799311909185,-3919.3004275528765,43.97131827110852
-3700.8604302151075,-0.000270132876309335,-3919.3004275528765,43.97131827110852
-3698.8594297148575,-0.00027395621109856376,-3919.3004275528765,43.97131827110852
-3696.8584292146074,-0.00027789867630017,-3919.3004275528765,43.97131827110852
-3694.8574287143574,-0.00028193455795869136,-3919.3004275528765,43.97131827110852
-3692.8564282141074,-0.0002860330981547031,-3919.3004275528765,43.97131827110852
-3690.8554277138574,-0.00029016638523768026,-3919.3004275528765,43.97131827110852
-3688.854427213607,-0.00029430622782331066,-3919.3004275528765,43.97131827110852
-3686.853426713357,-0.0002984252322402878,-3919.3004275528765,43.97131827110852
-3684.852426213107,-0.0003024953866541573,-3919.3004275528765,43.97131827110852
-3682.851425712857,-0.0003064938443911389,-3919.3004275528765,43.97131827110852
-3680.8504252126063,-0.0003103969186427591,-3919.3004275528765,43.97131827110852
-3678.8494247123563,-0.0003141775273979895,-3919.3004275528765,43.97131827110852
-3676.8484242121062,-0.0003178215059524821,-3919.3004275528765,43.97131827110852
-3674.8474237118558,-0.00032130356948585983,-3919.3004275528765,43.97131827110852
-3672.8464232116057,-0.0003246077378196638,-3919.3004275528765,43.97131827110852
-3670.8454227113557,-0.0003277235899836054,-3919.3004275528765,43.97131827110852
-3668.8444222111057,-0.0003306239126976019,-3919.3004275528765,43.97131827110852
-3666.8434217108556,-0.0003333093889370032,-3919.3004275528765,43.97131827110852
-3664.8424212106056,-0.00033576587692601197,-3919.3004275528765,43.97131827110852
-3662.841420710355,-0.0003379794638556272,-3919.3004275528765,43.97131827110852
-3660.840420210105,-0.0003399548013584485,-3919.3004275528765,43.97131827110852
-3658.839419709855,-0.00034167614798759105,-3919.3004275528765,43.97131827110852
-3656.838419209605,-0.0003431474322117998,-3919.3004275528765,43.97131827110852
-3654.837418709355,-0.0003443724852460678,-3919.3004275528765,43.97131827110852
-3652.836418209105,-0.00034533778051829575,-3919.3004275528765,43.97131827110852
-3650.835417708855,-0.00034606215713796926,-3919.3004275528765,43.97131827110852
-3648.8344172086045,-0.0003465434670410907,-3919.3004275528765,43.97131827110852
-3646.833416708354,-0.0003467859419051982,-3919.3004275528765,43.97131827110852
-3644.832416208104,-0.0003468063120581088,-3919.3004275528765,43.97131827110852
-3642.831415707854,-0.00034660231132536935,-3919.3004275528765,43.97131827110852
-3640.830415207604,-0.0003461937104271864,-3919.3004275528765,43.97131827110852
-3638.829414707354,-0.00034559176926197976,-3919.3004275528765,43.97131827110852
-3636.8284142071034,-0.00034480230284120693,-3919.3004275528765,43.97131827110852
-3634.8274137068533,-0.00034384919148214895,-3919.3004275528765,43.97131827110852
-3632.8264132066033,-0.00034274123462884975,-3919.3004275528765,43.97131827110852
-3630.8254127063533,-0.0003414949868926578,-3919.3004275528765,43.97131827110852
-3628.8244122061033,-0.00034013042696212474,-3919.3004275528765,43.97131827110852
-3626.8234117058532,-0.000338657730140288,-3919.3004275528765,43.97131827110852
-3624.822411205603,-0.0003370992617563532,-3919.3004275528765,43.97131827110852
-3622.8214107053527,-0.00033547083934208703,-3919.3004275528765,43.97131827110852
-3620.8204102051027,-0.00033378797221883576,-3919.3004275528765,43.97131827110852
-3618.8194097048527,-0.00033207000450733034,-3919.3004275528765,43.97131827110852
-3616.8184092046026,-0.00033033251817470526,-3919.3004275528765,43.97131827110852
-3614.8174087043526,-0.0003285925391694179,-3919.3004275528765,43.97131827110852
-3612.8164082041026,-0.0003268655366514166,-3919.3004275528765,43.97131827110852
-3610.8154077038516,-0.000325168812286493,-3919.3004275528765,43.97131827110852
-3608.8144072036016,-0.00032351470425417365,-3919.3004275528765,43.97131827110852
-3606.8134067033516,-0.0003219194886606506,-3919.3004275528765,43.97131827110852
-3604.8124062031015,-0.0003203965044031778,-3919.3004275528765,43.97131827110852
-3602.8114057028515,-0.000318955164950098,-3919.3004275528765,43.97131827110852
-3600.8104052026015,-0.0003176103814663891,-3919.3004275528765,43.97131827110852
-3598.8094047023515,-0.0003163711983109348,-3919.3004275528765,43.97131827110852
-3596.808404202101,-0.00031524443995767755,-3919.3004275528765,43.97131827110852
-3594.807403701851,-0.0003142448297087895,-3919.3004275528765,43.97131827110852
-3592.806403201601,-0.0003133716769384081,-3919.3004275528765,43.97131827110852
-3590.805402701351,-0.00031263460843811456,-3919.3004275528765,43.97131827110852
-3588.804402201101,-0.0003120389143775573,-3919.3004275528765,43.97131827110852
-3586.803401700851,-0.0003115826660834178,-3919.3004275528765,43.97131827110852
-3584.8024012006003,-0.00031127588158213077,-3919.3004275528765,43.97131827110852
-3582.8014007003503,-0.00031111303207908273,-3919.3004275528765,43.97131827110852
-3580.8004002001003,-0.00031109395080685656,-3919.3004275528765,43.97131827110852
-3578.7993996998503,-0.00031122414819315737,-3919.3004275528765,43.97131827110852
-3576.7983991995998,-0.0003114910837046873,-3919.3004275528765,43.97131827110852
-3574.7973986993497,-0.00031189742780920494,-3919.3004275528765,43.97131827110852
-3572.7963981990997,-0.0003124373077265858,-3919.3004275528765,43.97131827110852
-3570.7953976988492,-0.0003131013666571094,-3919.3004275528765,43.97131827110852
-3568.794397198599,-0.00031389064586755827,-3919.3004275528765,43.97131827110852
-3566.793396698349,-0.00031479092115627063,-3919.3004275528765,43.97131827110852
-3564.792396198099,-0.00031579513287414393,-3919.3004275528765,43.97131827110852
-3562.791395697849,-0.0003168987705180025,-3919.3004275528765,43.97131827110852
-3560.790395197599,-0.000318087306942885,-3919.3004275528765,43.97131827110852
-3558.7893946973486,-0.000319354211127159,-3919.3004275528765,43.97131827110852
-3556.7883941970986,-0.0003206882035270544,-3919.3004275528765,43.97131827110852
-3554.7873936968485,-0.0003220782817755835,-3919.3004275528765,43.97131827110852
-3552.7863931965985,-0.00032351443758286204,-3919.3004275528765,43.97131827110852
-3550.7853926963485,-0.000324984375927179,-3919.3004275528765,43.97131827110852
-3548.7843921960985,-0.00032647788783978106,-3919.3004275528765,43.97131827110852
-3546.7833916958484,-0.00032798403297580234,-3919.3004275528765,43.97131827110852
-3544.782391195598,-0.00032949173296116676,-3919.3004275528765,43.97131827110852
-3542.7813906953475,-0.00033099006879301634,-3919.3004275528765,43.97131827110852
-3540.7803901950974,-0.0003324688509719045,-3919.3004275528765,43.97131827110852
-3538.7793896948474,-0.0003339186636563734,-3919.3004275528765,43.97131827110852
-3536.7783891945974,-0.00033532784361219004,-3919.3004275528765,43.97131827110852
-3534.7773886943473,-0.00033668967830405354,-3919.3004275528765,43.97131827110852
-3532.776388194097,-0.00033799397870972424,-3919.3004275528765,43.97131827110852
-3530.775387693847,-0.00033923253933275204,-3919.3004275528765,43.97131827110852
-3528.774387193597,-0.0003404004697982063,-3919.3004275528765,43.97131827110852
-3526.7733866933468,-0.00034148665372871456,-3919.3004275528765,43.97131827110852
-3524.7723861930967,-0.0003424890173789073,-3919.3004275528765,43.97131827110852
-3522.7713856928467,-0.000343402009085465,-3919.3004275528765,43.97131827110852
-3520.7703851925967,-0.0003442178716060825,-3919.3004275528765,43.97131827110852
-3518.769384692346,-0.0003449379849375401,-3919.3004275528765,43.97131827110852
-3516.768384192096,-0.00034555568399399566,-3919.3004275528765,43.97131827110852
-3514.767383691846,-0.00034607031666278196,-3919.3004275528765,43.97131827110852
-3512.766383191596,-0.0003464835510618494,-3919.3004275528765,43.97131827110852
-3510.765382691346,-0.00034678874398909353,-3919.3004275528765,43.97131827110852
-3508.764382191096,-0.0003469925139023491,-3919.3004275528765,43.97131827110852
-3506.763381690845,-0.0003470942790207632,-3919.3004275528765,43.97131827110852
-3504.762381190595,-0.00034709388542329006,-3919.3004275528765,43.97131827110852
-3502.761380690345,-0.00034699856717188286,-3919.3004275528765,43.97131827110852
-3500.760380190095,-0.0003468074303164104,-3919.3004275528765,43.97131827110852
-3498.759379689845,-0.00034733685059567946,-3919.3004275528765,43.97131827110852
-3496.758379189595,-0.00034733685059567946,-3919.3004275528765,43.97131827110852
-3494.757378689345,-0.00034733685059567946,-3919.3004275528765,43.97131827110852
-3492.7563781890944,-0.00034733685059567946,-3919.3004275528765,43.97131827110852
-3490.7553776888444,-0.00034733685059567946,-3919.3004275528765,43.97131827110852
-3488.7543771885944,-0.00034733685059567946,-3919.3004275528765,43.97131827110852
-3486.7533766883444,-0.00034733685059567946,-3919.3004275528765,43.97131827110852
-3484.7523761880943,-0.00034733685059567946,-3919.3004275528765,43.97131827110852
-3482.7513756878443,-0.00034733685059567946,-3919.3004275528765,43.97131827110852
-3480.7503751875943,-0.00034733685059567946,-3919.3004275528765,43.97131827110852
-3478.749374687344,-0.00034733685059567946,-3919.3004275528765,43.97131827110852
-3476.7483741870938,-0.00034733685059567946,-3919.3004275528765,43.97131827110852
-3474.7473736868437,-0.00034733685059567946,-3919.3004275528765,43.97131827110852
-3472.7463731865932,-0.00034733685059567946,-3919.3004275528765,43.97131827110852
-3470.745372686343,-0.00034733685059567946,-3919.3004275528765,43.97131827110852
-3468.744372186093,-0.00034733685059567946,-3919.3004275528765,43.97131827110852
-3466.7433716858427,-0.00034733685059567946,-3919.3004275528765,43.97131827110852
-3464.7423711855927,-0.00034733685059567946,-3919.3004275528765,43.97131827110852
-3462.7413706853426,-0.00034733685059567946,-3919.3004275528765,43.97131827110852
-3460.7403701850926,-0.00034733685059567946,-3919.3004275528765,43.97131827110852
-3458.7393696848426,-0.00034733685059567946,-3919.3004275528765,43.97131827110852
-3456.7383691845926,-0.00034733685059567946,-3919.3004275528765,43.97131827110852
-3454.7373686843425,-0.00034733685059567946,-3919.3004275528765,43.97131827110852
-3452.736368184092,-0.00034733685059567946,-3919.3004275528765,43.97131827110852
-3450.735367683842,-0.00034733685059567946,-3919.3004275528765,43.97131827110852
-3448.734367183592,-0.00034733685059567946,-3919.3004275528765,43.97131827110852
-3446.733366683342,-0.00034733685059567946,-3919.3004275528765,43.97131827110852
-3444.732366183092,-0.00034733685059567946,-3919.3004275528765,43.97131827110852
-3442.731365682842,-0.00034733685059567946,-3919.3004275528765,43.97131827110852
-3440.7303651825914,-0.00034733685059567946,-3919.3004275528765,43.97131827110852
-3438.729364682341,-0.00034733685059567946,-3919.3004275528765,43.97131827110852
-3436.728364182091,-0.00034733685059567946,-3919.3004275528765,43.97131827110852
-3434.727363681841,-0.00034733685059567946,-3919.3004275528765,43.97131827110852
-3432.726363181591,-0.00034733685059567946,-3919.3004275528765,43.97131827110852
-3430.725362681341,-0.00034733685059567946,-3919.3004275528765,43.97131827110852
-3428.724362181091,-0.00034733685059567946,-3919.3004275528765,43.97131827110852
-3426.7233616808403,-0.00034733685059567946,-3919.3004275528765,43.97131827110852
-3424.7223611805903,-0.00034733685059567946,-3919.3004275528765,43.97131827110852
-3422.7213606803402,-0.00034733685059567946,-3919.3004275528765,43.97131827110852
-3420.72036018009,-0.00034733685059567946,-3919.3004275528765,43.97131827110852
-3418.71935967984,-0.00034733685059567946,-3919.3004275528765,43.97131827110852
-3416.71835917959,-0.00034733685059567946,-3919.3004275528765,43.97131827110852
-3414.7173586793397,-0.00034733685059567946,-3919.3004275528765,43.97131827110852
-3412.7163581790896,-0.00034733685059567946,-3919.3004275528765,43.97131827110852
-3410.7153576788396,-0.00034733685059567946,-3919.3004275528765,43.97131827110852
-3408.7143571785896,-0.00034733685059567946,-3919.3004275528765,43.97131827110852
-3406.7133566783396,-0.00034733685059567946,-3919.3004275528765,43.97131827110852
-3404.7123561780895,-0.00034733685059567946,-3919.3004275528765,43.97131827110852
-3402.711355677839,-0.00034733685059567946,-3919.3004275528765,43.97131827110852
-3400.7103551775886,-0.00034733685059567946,-3919.3004275528765,43.97131827110852
-3398.7093546773385,-0.00034733685059567946,-3919.3004275528765,43.97131827110852
-3396.7083541770885,-0.00034733685059567946,-3919.3004275528765,43.97131827110852
-3394.7073536768385,-0.00034733685059567946,-3919.3004275528765,43.97131827110852
-3392.7063531765884,-0.00034733685059567946,-3919.3004275528765,43.97131827110852
-3390.7053526763384,-0.00034733685059567946,-3919.3004275528765,43.97131827110852
-3388.704352176088,-0.00034733685059567946,-3919.3004275528765,43.97131827110852
-3386.703351675838,-0.00034733685059567946,-3919.3004275528765,43.97131827110852
-3384.702351175588,-0.00034733685059567946,-3919.3004275528765,43.97131827110852
-3382.701350675338,-0.00034733685059567946,-3919.3004275528765,43.97131827110852
-3380.700350175088,-0.00034733685059567946,-3919.3004275528765,43.97131827110852
-3378.699349674838,-0.00034733685059567946,-3919.3004275528765,43.97131827110852
-3376.6983491745877,-0.00034733685059567946,-3919.3004275528765,43.97131827110852
-3374.6973486743373,-0.00034733685059567946,-3919.3004275528765,43.97131827110852
-3372.6963481740872,-0.00034733685059567946,-3919.3004275528765,43.97131827110852
-3370.695347673837,-0.00034733685059567946,-3919.3004275528765,43.97131827110852
-3368.6943471735867,-0.00034733685059567946,-3919.3004275528765,43.97131827110852
-3366.6933466733367,-0.00034733685059567946,-3919.3004275528765,43.97131827110852
-3364.6923461730867,-0.00034733685059567946,-3919.3004275528765,43.97131827110852
-3362.691345672836,-0.00034733685059567946,-3919.3004275528765,43.97131827110852
-3360.690345172586,-0.00034733685059567946,-3919.3004275528765,43.97131827110852
-3358.689344672336,-0.00034733685059567946,-3919.3004275528765,43.97131827110852
-3356.688344172086,-0.00034733685059567946,-3919.3004275528765,43.97131827110852
-3354.687343671836,-0.00034733685059567946,-3919.3004275528765,43.97131827110852
-3352.686343171586,-0.00034733685059567946,-3919.3004275528765,43.97131827110852
-3350.685342671336,-0.00034733685059567946,-3919.3004275528765,43.97131827110852
-3348.6843421710855,-0.00034733685059567946,-3919.3004275528765,43.97131827110852
-3346.6833416708355,-0.00034733685059567946,-3919.3004275528765,43.97131827110852
-3344.6823411705855,-0.00034733685059567946,-3919.3004275528765,43.97131827110852
-3342.6813406703354,-0.00034733685059567946,-3919.3004275528765,43.97131827110852
-3340.6803401700854,-0.00034733685059567946,-3919.3004275528765,43.97131827110852
-3338.6793396698354,-0.00034733685059567946,-3919.3004275528765,43.97131827110852
-3336.678339169585,-0.00034733685059567946,-3919.3004275528765,43.97131827110852
-3334.6773386693344,-0.00034733685059567946,-3919.3004275528765,43.97131827110852
-3332.6763381690844,-0.00034733685059567946,-3919.3004275528765,43.97131827110852
-3330.6753376688343,-0.00034733685059567946,-3919.3004275528765,43.97131827110852
-3328.6743371685843,-0.00034733685059567946,-3919.3004275528765,43.97131827110852
-3326.6733366683343,-0.00034733685059567946,-3919.3004275528765,43.97131827110852
-3324.6723361680843,-0.00034733685059567946,-3919.3004275528765,43.97131827110852
-3322.671335667834,-0.00034733685059567946,-3919.3004275528765,43.97131827110852
-3320.6703351675837,-0.00034733685059567946,-3919.3004275528765,43.97131827110852
-3318.6693346673337,-0.00034733685059567946,-3919.3004275528765,43.97131827110852
-3316.6683341670837,-0.00034733685059567946,-3919.3004275528765,43.97131827110852
-3314.6673336668337,-0.00034733685059567946,-3919.3004275528765,43.97131827110852
-3312.6663331665836,-0.00034733685059567946,-3919.3004275528765,43.97131827110852
-3310.665332666333,-0.00034733685059567946,-3919.3004275528765,43.97131827110852
-3308.664332166083,-0.00034733685059567946,-3919.3004275528765,43.97131827110852
-3306.663331665833,-0.00034733685059567946,-3919.3004275528765,43.97131827110852
-3304.662331165583,-0.00034733685059567946,-3919.3004275528765,43.97131827110852
-3302.661330665333,-0.00034733685059567946,-3919.3004275528765,43.97131827110852
-3300.660330165083,-0.00034733685059567946,-3919.3004275528765,43.97131827110852
-3298.6593296648325,-0.00034733685059567946,-3919.3004275528765,43.97131827110852
-3296.658329164582,-0.00034733685059567946,-3919.3004275528765,43.97131827110852
-3294.657328664332,-0.00034733685059567946,-3919.3004275528765,43.97131827110852
-3292.656328164082,-0.00034733685059567946,-3919.3004275528765,43.97131827110852
-3290.655327663832,-0.00034733685059567946,-3919.3004275528765,43.97131827110852
-3288.654327163582,-0.00034733685059567946,-3919.3004275528765,43.97131827110852
-3286.653326663332,-0.00034733685059567946,-3919.3004275528765,43.97131827110852
-3284.6523261630814,-0.00034733685059567946,-3919.3004275528765,43.97131827110852
-3282.6513256628314,-0.00034733685059567946,-3919.3004275528765,43.97131827110852
-3280.6503251625813,-0.00034733685059567946,-3919.3004275528765,43.97131827110852
-3278.6493246623313,-0.00034733685059567946,-3919.3004275528765,43.97131827110852
-3276.6483241620813,-0.00034733685059567946,-3919.3004275528765,43.97131827110852
-3274.6473236618313,-0.00034733685059567946,-3919.3004275528765,43.97131827110852
-3272.646323161581,-0.00034733685059567946,-3919.3004275528765,43.97131827110852
-3270.6453226613307,-0.00034733685059567946,-3919.3004275528765,43.97131827110852
-3268.6443221610807,-0.00034733685059567946,-3919.3004275528765,43.97131827110852
-3266.6433216608307,-0.00034733685059567946,-3919.3004275528765,43.97131827110852
-3264.64232116058,-0.00034733685059567946,-3919.3004275528765,43.97131827110852
-3262.64132066033,-0.00034733685059567946,-3919.3004275528765,43.97131827110852
-3260.64032016008,-0.00034733685059567946,-3919.3004275528765,43.97131827110852
-3258.6393196598297,-0.00034733685059567946,-3919.3004275528765,43.97131827110852
-3256.6383191595796,-0.00034733685059567946,-3919.3004275528765,43.97131827110852
-3254.6373186593296,-0.00034733685059567946,-3919.3004275528765,43.97131827110852
-3252.6363181590796,-0.00034733685059567946,-3919.3004275528765,43.97131827110852
-3250.6353176588295,-0.00034733685059567946,-3919.3004275528765,43.97131827110852
-3248.6343171585795,-0.00034733685059567946,-3919.3004275528765,43.97131827110852
-3246.6333166583295,-0.00034733685059567946,-3919.3004275528765,43.97131827110852
-3244.632316158079,-0.00034733685059567946,-3919.3004275528765,43.97131827110852
-3242.631315657829,-0.00034733685059567946,-3919.3004275528765,43.97131827110852
-3240.630315157579,-0.00034733685059567946,-3919.3004275528765,43.97131827110852
-3238.629314657329,-0.00034733685059567946,-3919.3004275528765,43.97131827110852
-3236.628314157079,-0.00034733685059567946,-3919.3004275528765,43.97131827110852
-3234.627313656829,-0.00034733685059567946,-3919.3004275528765,43.97131827110852
-3232.6263131565784,-0.00034733685059567946,-3919.3004275528765,43.97131827110852
-3230.625312656328,-0.00034733685059567946,-3919.3004275528765,43.97131827110852
-3228.624312156078,-0.00034733685059567946,-3919.3004275528765,43.97131827110852
-3226.623311655828,-0.00034733685059567946,-3919.3004275528765,43.97131827110852
-3224.622311155578,-0.00034733685059567946,-3919.3004275528765,43.97131827110852
-3222.6213106553278,-0.00034733685059567946,-3919.3004275528765,43.97131827110852
-3220.6203101550777,-0.00034733685059567946,-3919.3004275528765,43.97131827110852
-3218.6193096548272,-0.00034733685059567946,-3919.3004275528765,43.97131827110852
-3216.618309154577,-0.00034733685059567946,-3919.3004275528765,43.97131827110852
-3214.617308654327,-0.00034733685059567946,-3919.3004275528765,43.97131827110852
-3212.616308154077,-0.00034733685059567946,-3919.3004275528765,43.97131827110852
-3210.615307653827,-0.00034733685059567946,-3919.3004275528765,43.97131827110852
-3208.614307153577,-0.00034733685059567946,-3919.3004275528765,43.97131827110852
-3206.6133066533266,-0.00034733685059567946,-3919.3004275528765,43.97131827110852
-3204.6123061530766,-0.00034733685059567946,-3919.3004275528765,43.97131827110852
-3202.6113056528266,-0.00034733685059567946,-3919.3004275528765,43.97131827110852
-3200.6103051525765,-0.00034733685059567946,-3919.3004275528765,43.97131827110852
-3198.6093046523265,-0.00034733685059567946,-3919.3004275528765,43.97131827110852
-3196.608304152076,-0.00034733685059567946,-3919.3004275528765,43.97131827110852
-3194.607303651826,-0.00034733685059567946,-3919.3004275528765,43.97131827110852
-3192.6063031515755,-0.00034733685059567946,-3919.3004275528765,43.97131827110852
-3190.6053026513255,-0.00034733685059567946,-3919.3004275528765,43.97131827110852
-3188.6043021510754,-0.00034733685059567946,-3919.3004275528765,43.97131827110852
-3186.6033016508254,-0.00034733685059567946,-3919.3004275528765,43.97131827110852
-3184.6023011505754,-0.00034733685059567946,-3919.3004275528765,43.97131827110852
-3182.6013006503254,-0.00034733685059567946,-3919.3004275528765,43.97131827110852
-3180.6003001500753,-0.00034733685059567946,-3919.3004275528765,43.97131827110852
-3178.599299649825,-0.00034733685059567946,-3919.3004275528765,43.97131827110852
-3176.598299149575,-0.00034733685059567946,-3919.3004275528765,43.97131827110852
-3174.597298649325,-0.00034733685059567946,-3919.3004275528765,43.97131827110852
-3172.5962981490748,-0.00034733685059567946,-3919.3004275528765,43.97131827110852
-3170.5952976488247,-0.00034733685059567946,-3919.3004275528765,43.97131827110852
-3168.5942971485747,-0.00034733685059567946,-3919.3004275528765,43.97131827110852
-3166.593296648324,-0.00034733685059567946,-3919.3004275528765,43.97131827110852
-3164.592296148074,-0.00034733685059567946,-3919.3004275528765,43.97131827110852
-3162.5912956478237,-0.00034733685059567946,-3919.3004275528765,43.97131827110852
-3160.5902951475737,-0.00034733685059567946,-3919.3004275528765,43.97131827110852
-3158.5892946473236,-0.00034733685059567946,-3919.3004275528765,43.97131827110852
-3156.5882941470736,-0.00034733685059567946,-3919.3004275528765,43.97131827110852
-3154.5872936468236,-0.00034733685059567946,-3919.3004275528765,43.97131827110852
-3152.586293146573,-0.00034733685059567946,-3919.3004275528765,43.97131827110852
-3150.585292646323,-0.00034733685059567946,-3919.3004275528765,43.97131827110852
-3148.584292146073,-0.00034733685059567946,-3919.3004275528765,43.97131827110852
-3146.583291645823,-0.00034733685059567946,-3919.3004275528765,43.97131827110852
-3144.582291145573,-0.00034733685059567946,-3919.3004275528765,43.97131827110852
-3142.581290645323,-0.00034733685059567946,-3919.3004275528765,43.97131827110852
-3140.5802901450725,-0.00034733685059567946,-3919.3004275528765,43.97131827110852
-3138.5792896448224,-0.00034733685059567946,-3919.3004275528765,43.97131827110852
-3136.5782891445724,-0.00034733685059567946,-3919.3004275528765,43.97131827110852
-3134.5772886443224,-0.00034733685059567946,-3919.3004275528765,43.97131827110852
-3132.5762881440724,-0.00034733685059567946,-3919.3004275528765,43.97131827110852
-3130.5752876438223,-0.00034733685059567946,-3919.3004275528765,43.97131827110852
-3128.5742871435723,-0.00034733685059567946,-3919.3004275528765,43.97131827110852
-3126.5732866433214,-0.00034733685059567946,-3919.3004275528765,43.97131827110852
-3124.5722861430713,-0.00034733685059567946,-3919.3004275528765,43.97131827110852
-3122.5712856428213,-0.00034733685059567946,-3919.3004275528765,43.97131827110852
-3120.5702851425713,-0.00034733685059567946,-3919.3004275528765,43.97131827110852
-3118.5692846423212,-0.00034733685059567946,-3919.3004275528765,43.97131827110852
-3116.568284142071,-0.00034733685059567946,-3919.3004275528765,43.97131827110852
-3114.5672836418207,-0.00034733685059567946,-3919.3004275528765,43.97131827110852
-3112.5662831415707,-0.00034733685059567946,-3919.3004275528765,43.97131827110852
-3110.5652826413207,-0.00034733685059567946,-3919.3004275528765,43.97131827110852
-3108.5642821410706,-0.00034733685059567946,-3919.3004275528765,43.97131827110852
-3106.5632816408206,-0.00034733685059567946,-3919.3004275528765,43.97131827110852
-3104.5622811405706,-0.00034733685059567946,-3919.3004275528765,43.97131827110852
-3102.5612806403205,-0.00034733685059567946,-3919.3004275528765,43.97131827110852
-3100.56028014007,-0.00034733685059567946,-3919.3004275528765,43.97131827110852
-3098.55927963982,-0.00034733685059567946,-3919.3004275528765,43.97131827110852
-3096.55827913957,-0.00034733685059567946,-3919.3004275528765,43.97131827110852
-3094.55727863932,-0.00034733685059567946,-3919.3004275528765,43.97131827110852
-3092.5562781390695,-0.00034733685059567946,-3919.3004275528765,43.97131827110852
-3090.5552776388195,-0.00034733685059567946,-3919.3004275528765,43.97131827110852
-3088.554277138569,-0.00034733685059567946,-3919.3004275528765,43.97131827110852
-3086.553276638319,-0.00034733685059567946,-3919.3004275528765,43.97131827110852
-3084.552276138069,-0.00034733685059567946,-3919.3004275528765,43.97131827110852
-3082.551275637819,-0.00034733685059567946,-3919.3004275528765,43.97131827110852
-3080.550275137569,-0.00034733685059567946,-3919.3004275528765,43.97131827110852
-3078.549274637319,-0.00034733685059567946,-3919.3004275528765,43.97131827110852
-3076.548274137069,-0.00034733685059567946,-3919.3004275528765,43.97131827110852
-3074.5472736368183,-0.00034733685059567946,-3919.3004275528765,43.97131827110852
-3072.5462731365683,-0.00034733685059567946,-3919.3004275528765,43.97131827110852
-3070.5452726363183,-0.00034733685059567946,-3919.3004275528765,43.97131827110852
-3068.5442721360682,-0.00034733685059567946,-3919.3004275528765,43.97131827110852
-3066.543271635818,-0.00034733685059567946,-3919.3004275528765,43.97131827110852
-3064.542271135568,-0.00034733685059567946,-3919.3004275528765,43.97131827110852
-3062.5412706353177,-0.00034733685059567946,-3919.3004275528765,43.97131827110852
-3060.5402701350677,-0.00034733685059567946,-3919.3004275528765,43.97131827110852
-3058.539269634817,-0.00034733685059567946,-3919.3004275528765,43.97131827110852
-3056.538269134567,-0.00034733685059567946,-3919.3004275528765,43.97131827110852
-3054.537268634317,-0.00034733685059567946,-3919.3004275528765,43.97131827110852
-3052.536268134067,-0.00034733685059567946,-3919.3004275528765,43.97131827110852
-3050.535267633817,-0.00034733685059567946,-3919.3004275528765,43.97131827110852
-3048.5342671335666,-0.00034733685059567946,-3919.3004275528765,43.97131827110852
-3046.5332666333165,-0.00034733685059567946,-3919.3004275528765,43.97131827110852
-3044.5322661330665,-0.00034733685059567946,-3919.3004275528765,43.97131827110852
-3042.5312656328165,-0.00034733685059567946,-3919.3004275528765,43.97131827110852
-3040.5302651325665,-0.00034733685059567946,-3919.3004275528765,43.97131827110852
-3038.5292646323164,-0.00034733685059567946,-3919.3004275528765,43.97131827110852
-3036.528264132066,-0.00034733685059567946,-3919.3004275528765,43.97131827110852
-3034.527263631816,-0.00034733685059567946,-3919.3004275528765,43.97131827110852
-3032.526263131566,-0.00034733685059567946,-3919.3004275528765,43.97131827110852
-3030.525262631316,-0.00034733685059567946,-3919.3004275528765,43.97131827110852
-3028.524262131066,-0.00034733685059567946,-3919.3004275528765,43.97131827110852
-3026.523261630816,-0.00034733685059567946,-3919.3004275528765,43.97131827110852
-3024.5222611305658,-0.00034733685059567946,-3919.3004275528765,43.97131827110852
-3022.521260630315,-0.00034733685059567946,-3919.3004275528765,43.97131827110852
-3020.520260130065,-0.00034733685059567946,-3919.3004275528765,43.97131827110852
-3018.5192596298148,-0.00034733685059567946,-3919.3004275528765,43.97131827110852
-3016.5182591295647,-0.00034733685059567946,-3919.3004275528765,43.97131827110852
-3014.5172586293147,-0.00034733685059567946,-3919.3004275528765,43.97131827110852
-3012.5162581290647,-0.00034733685059567946,-3919.3004275528765,43.97131827110852
-3010.515257628814,-0.00034733685059567946,-3919.3004275528765,43.97131827110852
-3008.514257128564,-0.00034733685059567946,-3919.3004275528765,43.97131827110852
-3006.513256628314,-0.00034733685059567946,-3919.3004275528765,43.97131827110852
-3004.512256128064,-0.00034733685059567946,-3919.3004275528765,43.97131827110852
-3002.511255627814,-0.00034733685059567946,-3919.3004275528765,43.97131827110852
-3000.510255127564,-0.00034733685059567946,-3919.3004275528765,43.97131827110852
-2998.509254627314,-0.00034733685059567946,-3919.3004275528765,43.97131827110852
-2996.5082541270635,-0.00034733685059567946,-3919.3004275528765,43.97131827110852
-2994.5072536268135,-0.00034733685059567946,-3919.3004275528765,43.97131827110852
-2992.5062531265635,-0.00034733685059567946,-3919.3004275528765,43.97131827110852
-2990.5052526263134,-0.00034733685059567946,-3919.3004275528765,43.97131827110852
-2988.504252126063,-0.00034733685059567946,-3919.3004275528765,43.97131827110852
-2986.503251625813,-0.00034733685059567946,-3919.3004275528765,43.97131827110852
-2984.5022511255625,-0.00034733685059567946,-3919.3004275528765,43.97131827110852
-2982.5012506253124,-0.00034733685059567946,-3919.3004275528765,43.97131827110852
-2980.5002501250624,-0.00034733685059567946,-3919.3004275528765,43.97131827110852
-2978.4992496248124,-0.00034733685059567946,-3919.3004275528765,43.97131827110852
-2976.4982491245623,-0.00034733685059567946,-3919.3004275528765,43.97131827110852
-2974.4972486243123,-0.00034733685059567946,-3919.3004275528765,43.97131827110852
-2972.4962481240623,-0.00034733685059567946,-3919.3004275528765,43.97131827110852
-2970.495247623812,-0.00034733685059567946,-3919.3004275528765,43.97131827110852
-2968.4942471235618,-0.00034733685059567946,-3919.3004275528765,43.97131827110852
-2966.4932466233117,-0.00034733685059567946,-3919.3004275528765,43.97131827110852
-2964.4922461230617,-0.00034733685059567946,-3919.3004275528765,43.97131827110852
-2962.4912456228117,-0.00034733685059567946,-3919.3004275528765,43.97131827110852
-2960.4902451225616,-0.00034733685059567946,-3919.3004275528765,43.97131827110852
-2958.489244622311,-0.00034733685059567946,-3919.3004275528765,43.97131827110852
-2956.488244122061,-0.00034733685059567946,-3919.3004275528765,43.97131827110852
-2954.4872436218106,-0.00034733685059567946,-3919.3004275528765,43.97131827110852
-2952.4862431215606,-0.00034733685059567946,-3919.3004275528765,43.97131827110852
-2950.4852426213106,-0.00034733685059567946,-3919.3004275528765,43.97131827110852
-2948.4842421210606,-0.00034733685059567946,-3919.3004275528765,43.97131827110852
-2946.4832416208105,-0.00034733685059567946,-3919.3004275528765,43.97131827110852
-2944.48224112056,-0.00034733685059567946,-3919.3004275528765,43.97131827110852
-2942.48124062031,-0.00034733685059567946,-3919.3004275528765,43.97131827110852
-2940.48024012006,-0.00034733685059567946,-3919.3004275528765,43.97131827110852
-2938.47923961981,-0.00034733685059567946,-3919.3004275528765,43.97131827110852
-2936.47823911956,-0.00034733685059567946,-3919.3004275528765,43.97131827110852
-2934.47723861931,-0.00034733685059567946,-3919.3004275528765,43.97131827110852
-2932.4762381190594,-0.00034733685059567946,-3919.3004275528765,43.97131827110852
-2930.4752376188094,-0.00034733685059567946,-3919.3004275528765,43.97131827110852
-2928.4742371185594,-0.00034733685059567946,-3919.3004275528765,43.97131827110852
-2926.4732366183093,-0.00034733685059567946,-3919.3004275528765,43.97131827110852
-2924.4722361180593,-0.00034733685059567946,-3919.3004275528765,43.97131827110852
-2922.4712356178093,-0.00034733685059567946,-3919.3004275528765,43.97131827110852
-2920.4702351175592,-0.00034733685059567946,-3919.3004275528765,43.97131827110852
-2918.4692346173083,-0.00034733685059567946,-3919.3004275528765,43.97131827110852
-2916.4682341170583,-0.00034733685059567946,-3919.3004275528765,43.97131827110852
-2914.4672336168082,-0.00034733685059567946,-3919.3004275528765,43.97131827110852
-2912.466233116558,-0.00034733685059567946,-3919.3004275528765,43.97131827110852
-2910.465232616308,-0.00034733685059567946,-3919.3004275528765,43.97131827110852
-2908.464232116058,-0.00034733685059567946,-3919.3004275528765,43.97131827110852
-2906.4632316158077,-0.00034733685059567946,-3919.3004275528765,43.97131827110852
-2904.4622311155576,-0.00034733685059567946,-3919.3004275528765,43.97131827110852
-2902.4612306153076,-0.00034733685059567946,-3919.3004275528765,43.97131827110852
-2900.4602301150576,-0.00034733685059567946,-3919.3004275528765,43.97131827110852
-2898.4592296148076,-0.00034733685059567946,-3919.3004275528765,43.97131827110852
-2896.4582291145575,-0.00034733685059567946,-3919.3004275528765,43.97131827110852
-2894.4572286143075,-0.00034733685059567946,-3919.3004275528765,43.97131827110852
-2892.456228114057,-0.00034733685059567946,-3919.3004275528765,43.97131827110852
-2890.455227613807,-0.00034733685059567946,-3919.3004275528765,43.97131827110852
-2888.454227113557,-0.00034733685059567946,-3919.3004275528765,43.97131827110852
-2886.453226613307,-0.00034733685059567946,-3919.3004275528765,43.97131827110852
-2884.4522261130564,-0.00034733685059567946,-3919.3004275528765,43.97131827110852
-2882.4512256128064,-0.00034733685059567946,-3919.3004275528765,43.97131827110852
-2880.4502251125564,-0.00034733685059567946,-3919.3004275528765,43.97131827110852
-2878.449224612306,-0.00034733685059567946,-3919.3004275528765,43.97131827110852
-2876.448224112056,-0.00034733685059567946,-3919.3004275528765,43.97131827110852
-2874.447223611806,-0.00034733685059567946,-3919.3004275528765,43.97131827110852
-2872.446223111556,-0.00034733685059567946,-3919.3004275528765,43.97131827110852
-2870.445222611306,-0.00034733685059567946,-3919.3004275528765,43.97131827110852
-2868.4442221110558,-0.00034733685059567946,-3919.3004275528765,43.97131827110852
-2866.4432216108053,-0.00034733685059567946,-3919.3004275528765,43.97131827110852
-2864.4422211105552,-0.00034733685059567946,-3919.3004275528765,43.97131827110852
-2862.441220610305,-0.00034733685059567946,-3919.3004275528765,43.97131827110852
-2860.440220110055,-0.00034733685059567946,-3919.3004275528765,43.97131827110852
-2858.439219609805,-0.00034733685059567946,-3919.3004275528765,43.97131827110852
-2856.438219109555,-0.00034733685059567946,-3919.3004275528765,43.97131827110852
-2854.437218609305,-0.00034733685059567946,-3919.3004275528765,43.97131827110852
-2852.4362181090546,-0.00034733685059567946,-3919.3004275528765,43.97131827110852
-2850.435217608804,-0.00034733685059567946,-3919.3004275528765,43.97131827110852
-2848.434217108554,-0.00034733685059567946,-3919.3004275528765,43.97131827110852
-2846.433216608304,-0.00034733685059567946,-3919.3004275528765,43.97131827110852
-2844.432216108054,-0.00034733685059567946,-3919.3004275528765,43.97131827110852
-2842.431215607804,-0.00034733685059567946,-3919.3004275528765,43.97131827110852
-2840.4302151075535,-0.00034733685059567946,-3919.3004275528765,43.97131827110852
-2838.4292146073035,-0.00034733685059567946,-3919.3004275528765,43.97131827110852
-2836.4282141070535,-0.00034733685059567946,-3919.3004275528765,43.97131827110852
-2834.4272136068034,-0.00034733685059567946,-3919.3004275528765,43.97131827110852
-2832.4262131065534,-0.00034733685059567946,-3919.3004275528765,43.97131827110852
-2830.4252126063034,-0.00034733685059567946,-3919.3004275528765,43.97131827110852
-2828.4242121060533,-0.00034733685059567946,-3919.3004275528765,43.97131827110852
-2826.423211605803,-0.00034733685059567946,-3919.3004275528765,43.97131827110852
-2824.422211105553,-0.00034733685059567946,-3919.3004275528765,43.97131827110852
-2822.421210605303,-0.00034733685059567946,-3919.3004275528765,43.97131827110852
-2820.420210105053,-0.00034733685059567946,-3919.3004275528765,43.97131827110852
-2818.4192096048027,-0.00034733685059567946,-3919.3004275528765,43.97131827110852
-2816.4182091045527,-0.00034733685059567946,-3919.3004275528765,43.97131827110852
-2814.417208604302,-0.00034733685059567946,-3919.3004275528765,43.97131827110852
-2812.4162081040517,-0.00034733685059567946,-3919.3004275528765,43.97131827110852
-2810.4152076038017,-0.00034733685059567946,-3919.3004275528765,43.97131827110852
-2808.4142071035517,-0.00034733685059567946,-3919.3004275528765,43.97131827110852
-2806.4132066033017,-0.00034733685059567946,-3919.3004275528765,43.97131827110852
-2804.4122061030516,-0.00034733685059567946,-3919.3004275528765,43.97131827110852
-2802.4112056028016,-0.00034733685059567946,-3919.3004275528765,43.97131827110852
-2800.410205102551,-0.00034733685059567946,-3919.3004275528765,43.97131827110852
-2798.409204602301,-0.00034733685059567946,-3919.3004275528765,43.97131827110852
-2796.408204102051,-0.00034733685059567946,-3919.3004275528765,43.97131827110852
-2794.407203601801,-0.00034733685059567946,-3919.3004275528765,43.97131827110852
-2792.406203101551,-0.00034733685059567946,-3919.3004275528765,43.97131827110852
-2790.405202601301,-0.00034733685059567946,-3919.3004275528765,43.97131827110852
-2788.4042021010505,-0.00034733685059567946,-3919.3004275528765,43.97131827110852
-2786.4032016008005,-0.00034733685059567946,-3919.3004275528765,43.97131827110852
-2784.4022011005504,-0.00034733685059567946,-3919.3004275528765,43.97131827110852
-2782.4012006003004,-0.00034733685059567946,-3919.3004275528765,43.97131827110852
-2780.40020010005,-0.00034733685059567946,-3919.3004275528765,43.97131827110852
-2778.3991995998,-0.00034733685059567946,-3919.3004275528765,43.97131827110852
-2776.39819909955,-0.00034733685059567946,-3919.3004275528765,43.97131827110852
-2774.3971985992994,-0.00034733685059567946,-3919.3004275528765,43.97131827110852
-2772.3961980990493,-0.00034733685059567946,-3919.3004275528765,43.97131827110852
-2770.3951975987993,-0.00034733685059567946,-3919.3004275528765,43.97131827110852
-2768.3941970985493,-0.00034733685059567946,-3919.3004275528765,43.97131827110852
-2766.3931965982993,-0.00034733685059567946,-3919.3004275528765,43.97131827110852
-2764.392196098049,-0.00034733685059567946,-3919.3004275528765,43.97131827110852
-2762.3911955977987,-0.00034733685059567946,-3919.3004275528765,43.97131827110852
-2760.3901950975487,-0.00034733685059567946,-3919.3004275528765,43.97131827110852
-2758.3891945972987,-0.00034733685059567946,-3919.3004275528765,43.97131827110852
-2756.3881940970487,-0.00034733685059567946,-3919.3004275528765,43.97131827110852
-2754.3871935967986,-0.00034733685059567946,-3919.3004275528765,43.97131827110852
-2752.3861930965486,-0.00034733685059567946,-3919.3004275528765,43.97131827110852
-2750.3851925962986,-0.00034733685059567946,-3919.3004275528765,43.97131827110852
-2748.384192096048,-0.00034733685059567946,-3919.3004275528765,43.97131827110852
-2746.3831915957976,-0.00034733685059567946,-3919.3004275528765,43.97131827110852
-2744.3821910955476,-0.00034733685059567946,-3919.3004275528765,43.97131827110852
-2742.3811905952975,-0.00034733685059567946,-3919.3004275528765,43.97131827110852
-2740.3801900950475,-0.00034733685059567946,-3919.3004275528765,43.97131827110852
-2738.3791895947975,-0.00034733685059567946,-3919.3004275528765,43.97131827110852
-2736.378189094547,-0.00034733685059567946,-3919.3004275528765,43.97131827110852
-2734.377188594297,-0.00034733685059567946,-3919.3004275528765,43.97131827110852
-2732.376188094047,-0.00034733685059567946,-3919.3004275528765,43.97131827110852
-2730.375187593797,-0.00034733685059567946,-3919.3004275528765,43.97131827110852
-2728.374187093547,-0.00034733685059567946,-3919.3004275528765,43.97131827110852
-2726.373186593297,-0.00034733685059567946,-3919.3004275528765,43.97131827110852
-2724.372186093047,-0.00034733685059567946,-3919.3004275528765,43.97131827110852
-2722.3711855927963,-0.00034733685059567946,-3919.3004275528765,43.97131827110852
-2720.3701850925463,-0.00034733685059567946,-3919.3004275528765,43.97131827110852
-2718.3691845922963,-0.00034733685059567946,-3919.3004275528765,43.97131827110852
-2716.3681840920462,-0.00034733685059567946,-3919.3004275528765,43.97131827110852
-2714.367183591796,-0.00034733685059567946,-3919.3004275528765,43.97131827110852
-2712.366183091546,-0.00034733685059567946,-3919.3004275528765,43.97131827110852
-2710.3651825912953,-0.00034733685059567946,-3919.3004275528765,43.97131827110852
-2708.364182091045,-0.00034733685059567946,-3919.3004275528765,43.97131827110852
-2706.363181590795,-0.00034733685059567946,-3919.3004275528765,43.97131827110852
-2704.362181090545,-0.00034733685059567946,-3919.3004275528765,43.97131827110852
-2702.361180590295,-0.00034733685059567946,-3919.3004275528765,43.97131827110852
-2700.360180090045,-0.00034733685059567946,-3919.3004275528765,43.97131827110852
-2698.359179589795,-0.00034733685059567946,-3919.3004275528765,43.97131827110852
-2696.3581790895446,-0.00034733685059567946,-3919.3004275528765,43.97131827110852
-2694.3571785892946,-0.00034733685059567946,-3919.3004275528765,43.97131827110852
-2692.3561780890445,-0.00034733685059567946,-3919.3004275528765,43.97131827110852
-2690.3551775887945,-0.00034733685059567946,-3919.3004275528765,43.97131827110852
-2688.3541770885445,-0.00034733685059567946,-3919.3004275528765,43.97131827110852
-2686.3531765882944,-0.00034733685059567946,-3919.3004275528765,43.97131827110852
-2684.352176088044,-0.00034733685059567946,-3919.3004275528765,43.97131827110852
-2682.351175587794,-0.00034733685059567946,-3919.3004275528765,43.97131827110852
-2680.350175087544,-0.00034733685059567946,-3919.3004275528765,43.97131827110852
-2678.3491745872934,-0.00034733685059567946,-3919.3004275528765,43.97131827110852
-2676.3481740870434,-0.00034733685059567946,-3919.3004275528765,43.97131827110852
-2674.3471735867934,-0.00034733685059567946,-3919.3004275528765,43.97131827110852
-2672.3461730865433,-0.00034733685059567946,-3919.3004275528765,43.97131827110852
-2670.345172586293,-0.00034733685059567946,-3919.3004275528765,43.97131827110852
-2668.344172086043,-0.00034733685059567946,-3919.3004275528765,43.97131827110852
-2666.343171585793,-0.00034733685059567946,-3919.3004275528765,43.97131827110852
-2664.3421710855428,-0.00034733685059567946,-3919.3004275528765,43.97131827110852
-2662.3411705852927,-0.00034733685059567946,-3919.3004275528765,43.97131827110852
-2660.3401700850427,-0.00034733685059567946,-3919.3004275528765,43.97131827110852
-2658.339169584792,-0.00034733685059567946,-3919.3004275528765,43.97131827110852
-2656.338169084542,-0.00034733685059567946,-3919.3004275528765,43.97131827110852
-2654.337168584292,-0.00034733685059567946,-3919.3004275528765,43.97131827110852
-2652.336168084042,-0.00034733685059567946,-3919.3004275528765,43.97131827110852
-2650.335167583792,-0.00034733685059567946,-3919.3004275528765,43.97131827110852
-2648.334167083542,-0.00034733685059567946,-3919.3004275528765,43.97131827110852
-2646.333166583292,-0.00034733685059567946,-3919.3004275528765,43.97131827110852
-2644.332166083041,-0.00034733685059567946,-3919.3004275528765,43.97131827110852
-2642.331165582791,-0.00034733685059567946,-3919.3004275528765,43.97131827110852
-2640.330165082541,-0.00034733685059567946,-3919.3004275528765,43.97131827110852
-2638.329164582291,-0.00034733685059567946,-3919.3004275528765,43.97131827110852
-2636.328164082041,-0.00034733685059567946,-3919.3004275528765,43.97131827110852
-2634.327163581791,-0.00034733685059567946,-3919.3004275528765,43.97131827110852
-2632.3261630815405,-0.00034733685059567946,-3919.3004275528765,43.97131827110852
-2630.3251625812904,-0.00034733685059567946,-3919.3004275528765,43.97131827110852
-2628.3241620810404,-0.00034733685059567946,-3919.3004275528765,43.97131827110852
-2626.3231615807904,-0.00034733685059567946,-3919.3004275528765,43.97131827110852
-2624.3221610805404,-0.00034733685059567946,-3919.3004275528765,43.97131827110852
-2622.3211605802903,-0.00034733685059567946,-3919.3004275528765,43.97131827110852
-2620.3201600800403,-0.00034733685059567946,-3919.3004275528765,43.97131827110852
-2618.31915957979,-0.00034733685059567946,-3919.3004275528765,43.97131827110852
-2616.31815907954,-0.00034733685059567946,-3919.3004275528765,43.97131827110852
-2614.3171585792898,-0.00034733685059567946,-3919.3004275528765,43.97131827110852
-2612.3161580790397,-0.00034733685059567946,-3919.3004275528765,43.97131827110852
-2610.3151575787897,-0.00034733685059567946,-3919.3004275528765,43.97131827110852
-2608.314157078539,-0.00034733685059567946,-3919.3004275528765,43.97131827110852
-2606.313156578289,-0.00034733685059567946,-3919.3004275528765,43.97131827110852
-2604.3121560780387,-0.00034733685059567946,-3919.3004275528765,43.97131827110852
-2602.3111555777887,-0.00034733685059567946,-3919.3004275528765,43.97131827110852
-2600.3101550775386,-0.00034733685059567946,-3919.3004275528765,43.97131827110852
-2598.3091545772886,-0.00034733685059567946,-3919.3004275528765,43.97131827110852
-2596.3081540770386,-0.00034733685059567946,-3919.3004275528765,43.97131827110852
-2594.3071535767886,-0.00034733685059567946,-3919.3004275528765,43.97131827110852
-2592.306153076538,-0.00034733685059567946,-3919.3004275528765,43.97131827110852
-2590.305152576288,-0.00034733685059567946,-3919.3004275528765,43.97131827110852
-2588.304152076038,-0.00034733685059567946,-3919.3004275528765,43.97131827110852
-2586.303151575788,-0.00034733685059567946,-3919.3004275528765,43.97131827110852
-2584.302151075538,-0.00034733685059567946,-3919.3004275528765,43.97131827110852
-2582.301150575288,-0.00034733685059567946,-3919.3004275528765,43.97131827110852
-2580.300150075038,-0.00034733685059567946,-3919.3004275528765,43.97131827110852
-2578.2991495747874,-0.00034733685059567946,-3919.3004275528765,43.97131827110852
-2576.2981490745374,-0.00034733685059567946,-3919.3004275528765,43.97131827110852
-2574.297148574287,-0.00034733685059567946,-3919.3004275528765,43.97131827110852
-2572.296148074037,-0.00034733685059567946,-3919.3004275528765,43.97131827110852
-2570.295147573787,-0.00034733685059567946,-3919.3004275528765,43.97131827110852
-2568.294147073537,-0.00034733685059567946,-3919.3004275528765,43.97131827110852
-2566.2931465732863,-0.00034733685059567946,-3919.3004275528765,43.97131827110852
-2564.2921460730363,-0.00034733685059567946,-3919.3004275528765,43.97131827110852
-2562.2911455727863,-0.00034733685059567946,-3919.3004275528765,43.97131827110852
-2560.2901450725362,-0.00034733685059567946,-3919.3004275528765,43.97131827110852
-2558.289144572286,-0.00034733685059567946,-3919.3004275528765,43.97131827110852
-2556.288144072036,-0.00034733685059567946,-3919.3004275528765,43.97131827110852
-2554.287143571786,-0.00034733685059567946,-3919.3004275528765,43.97131827110852
-2552.2861430715357,-0.00034733685059567946,-3919.3004275528765,43.97131827110852
-2550.2851425712856,-0.00034733685059567946,-3919.3004275528765,43.97131827110852
-2548.2841420710356,-0.00034733685059567946,-3919.3004275528765,43.97131827110852
-2546.2831415707856,-0.00034733685059567946,-3919.3004275528765,43.97131827110852
-2544.2821410705355,-0.00034733685059567946,-3919.3004275528765,43.97131827110852
-2542.2811405702855,-0.00034733685059567946,-3919.3004275528765,43.97131827110852
-2540.2801400700346,-0.00034733685059567946,-3919.3004275528765,43.97131827110852
-2538.2791395697845,-0.00034733685059567946,-3919.3004275528765,43.97131827110852
-2536.2781390695345,-0.00034733685059567946,-3919.3004275528765,43.97131827110852
-2534.2771385692845,-0.00034733685059567946,-3919.3004275528765,43.97131827110852
-2532.2761380690345,-0.00034733685059567946,-3919.3004275528765,43.97131827110852
-2530.2751375687844,-0.00034733685059567946,-3919.3004275528765,43.97131827110852
-2528.2741370685344,-0.00034733685059567946,-3919.3004275528765,43.97131827110852
-2526.273136568284,-0.00034733685059567946,-3919.3004275528765,43.97131827110852
-2524.272136068034,-0.00034733685059567946,-3919.3004275528765,43.97131827110852
-2522.271135567784,-0.00034733685059567946,-3919.3004275528765,43.97131827110852
-2520.270135067534,-0.00034733685059567946,-3919.3004275528765,43.97131827110852
-2518.269134567284,-0.00034733685059567946,-3919.3004275528765,43.97131827110852
-2516.2681340670338,-0.00034733685059567946,-3919.3004275528765,43.97131827110852
-2514.2671335667833,-0.00034733685059567946,-3919.3004275528765,43.97131827110852
-2512.2661330665333,-0.00034733685059567946,-3919.3004275528765,43.97131827110852
-2510.2651325662832,-0.00034733685059567946,-3919.3004275528765,43.97131827110852
-2508.264132066033,-0.00034733685059567946,-3919.3004275528765,43.97131827110852
-2506.263131565783,-0.00034733685059567946,-3919.3004275528765,43.97131827110852
-2504.2621310655327,-0.00034733685059567946,-3919.3004275528765,43.97131827110852
-2502.2611305652827,-0.00034733685059567946,-3919.3004275528765,43.97131827110852
-2500.260130065032,-0.00034733685059567946,-3919.3004275528765,43.97131827110852
-2498.259129564782,-0.00034733685059567946,-3919.3004275528765,43.97131827110852
-2496.258129064532,-0.00034733685059567946,-3919.3004275528765,43.97131827110852
-2494.257128564282,-0.00034733685059567946,-3919.3004275528765,43.97131827110852
-2492.256128064032,-0.00034733685059567946,-3919.3004275528765,43.97131827110852
-2490.255127563782,-0.00034733685059567946,-3919.3004275528765,43.97131827110852
-2488.2541270635315,-0.00034733685059567946,-3919.3004275528765,43.97131827110852
-2486.2531265632815,-0.00034733685059567946,-3919.3004275528765,43.97131827110852
-2484.2521260630315,-0.00034733685059567946,-3919.3004275528765,43.97131827110852
-2482.2511255627815,-0.00034733685059567946,-3919.3004275528765,43.97131827110852
-2480.2501250625314,-0.00034733685059567946,-3919.3004275528765,43.97131827110852
-2478.2491245622814,-0.00034733685059567946,-3919.3004275528765,43.97131827110852
-2476.2481240620314,-0.00034733685059567946,-3919.3004275528765,43.97131827110852
-2474.247123561781,-0.00034733685059567946,-3919.3004275528765,43.97131827110852
-2472.246123061531,-0.00034733685059567946,-3919.3004275528765,43.97131827110852
-2470.2451225612804,-0.00034733685059567946,-3919.3004275528765,43.97131827110852
-2468.2441220610303,-0.00034733685059567946,-3919.3004275528765,43.97131827110852
-2466.2431215607803,-0.00034733685059567946,-3919.3004275528765,43.97131827110852
-2464.2421210605303,-0.00034733685059567946,-3919.3004275528765,43.97131827110852
-2462.24112056028,-0.00034733685059567946,-3919.3004275528765,43.97131827110852
-2460.2401200600298,-0.00034733685059567946,-3919.3004275528765,43.97131827110852
-2458.2391195597797,-0.00034733685059567946,-3919.3004275528765,43.97131827110852
-2456.2381190595297,-0.00034733685059567946,-3919.3004275528765,43.97131827110852
-2454.2371185592797,-0.00034733685059567946,-3919.3004275528765,43.97131827110852
-2452.2361180590296,-0.00034733685059567946,-3919.3004275528765,43.97131827110852
-2450.2351175587796,-0.00034733685059567946,-3919.3004275528765,43.97131827110852
-2448.234117058529,-0.00034733685059567946,-3919.3004275528765,43.97131827110852
-2446.233116558279,-0.00034733685059567946,-3919.3004275528765,43.97131827110852
-2444.232116058029,-0.00034733685059567946,-3919.3004275528765,43.97131827110852
-2442.231115557779,-0.00034733685059567946,-3919.3004275528765,43.97131827110852
-2440.230115057529,-0.00034733685059567946,-3919.3004275528765,43.97131827110852
-2438.229114557279,-0.00034733685059567946,-3919.3004275528765,43.97131827110852
-2436.228114057028,-0.00034733685059567946,-3919.3004275528765,43.97131827110852
-2434.227113556778,-0.00034733685059567946,-3919.3004275528765,43.97131827110852
-2432.226113056528,-0.00034733685059567946,-3919.3004275528765,43.97131827110852
-2430.225112556278,-0.00034733685059567946,-3919.3004275528765,43.97131827110852
-2428.224112056028,-0.00034733685059567946,-3919.3004275528765,43.97131827110852
-2426.223111555778,-0.00034733685059567946,-3919.3004275528765,43.97131827110852
-2424.222111055528,-0.00034733685059567946,-3919.3004275528765,43.97131827110852
-2422.2211105552774,-0.00034733685059567946,-3919.3004275528765,43.97131827110852
-2420.2201100550274,-0.00034733685059567946,-3919.3004275528765,43.97131827110852
-2418.2191095547773,-0.00034733685059567946,-3919.3004275528765,43.97131827110852
-2416.2181090545273,-0.00034733685059567946,-3919.3004275528765,43.97131827110852
-2414.2171085542773,-0.00034733685059567946,-3919.3004275528765,43.97131827110852
-2412.2161080540272,-0.00034733685059567946,-3919.3004275528765,43.97131827110852
-2410.2151075537768,-0.00034733685059567946,-3919.3004275528765,43.97131827110852
-2408.2141070535267,-0.00034733685059567946,-3919.3004275528765,43.97131827110852
-2406.2131065532767,-0.00034733685059567946,-3919.3004275528765,43.97131827110852
-2404.2121060530267,-0.00034733685059567946,-3919.3004275528765,43.97131827110852
-2402.2111055527766,-0.00034733685059567946,-3919.3004275528765,43.97131827110852
-2400.210105052526,-0.00034733685059567946,-3919.3004275528765,43.97131827110852
-2398.209104552276,-0.00034733685059567946,-3919.3004275528765,43.97131827110852
-2396.2081040520256,-0.00034733685059567946,-3919.3004275528765,43.97131827110852
-2394.2071035517756,-0.00034733685059567946,-3919.3004275528765,43.97131827110852
-2392.2061030515256,-0.00034733685059567946,-3919.3004275528765,43.97131827110852
-2390.2051025512756,-0.00034733685059567946,-3919.3004275528765,43.97131827110852
-2388.2041020510255,-0.00034733685059567946,-3919.3004275528765,43.97131827110852
-2386.2031015507755,-0.00034733685059567946,-3919.3004275528765,43.97131827110852
-2384.202101050525,-0.00034733685059567946,-3919.3004275528765,43.97131827110852
-2382.201100550275,-0.00034733685059567946,-3919.3004275528765,43.97131827110852
-2380.200100050025,-0.00034733685059567946,-3919.3004275528765,43.97131827110852
-2378.199099549775,-0.00034733685059567946,-3919.3004275528765,43.97131827110852
-2376.198099049525,-0.00034733685059567946,-3919.3004275528765,43.97131827110852
-2374.197098549275,-0.00034733685059567946,-3919.3004275528765,43.97131827110852
-2372.196098049025,-0.00034733685059567946,-3919.3004275528765,43.97131827110852
-2370.1950975487744,-0.00034733685059567946,-3919.3004275528765,43.97131827110852
-2368.1940970485243,-0.00034733685059567946,-3919.3004275528765,43.97131827110852
-2366.193096548274,-0.00034733685059567946,-3919.3004275528765,43.97131827110852
-2364.192096048024,-0.00034733685059567946,-3919.3004275528765,43.97131827110852
-2362.191095547774,-0.00034733685059567946,-3919.3004275528765,43.97131827110852
-2360.1900950475238,-0.00034733685059567946,-3919.3004275528765,43.97131827110852
-2358.1890945472733,-0.00034733685059567946,-3919.3004275528765,43.97131827110852
-2356.1880940470232,-0.00034733685059567946,-3919.3004275528765,43.97131827110852
-2354.187093546773,-0.00034733685059567946,-3919.3004275528765,43.97131827110852
-2352.186093046523,-0.00034733685059567946,-3919.3004275528765,43.97131827110852
-2350.185092546273,-0.00034733685059567946,-3919.3004275528765,43.97131827110852
-2348.184092046023,-0.00034733685059567946,-3919.3004275528765,43.97131827110852
-2346.183091545773,-0.00034733685059567946,-3919.3004275528765,43.97131827110852
-2344.1820910455226,-0.00034733685059567946,-3919.3004275528765,43.97131827110852
-2342.1810905452726,-0.00034733685059567946,-3919.3004275528765,43.97131827110852
-2340.1800900450226,-0.00034733685059567946,-3919.3004275528765,43.97131827110852
-2338.1790895447725,-0.00034733685059567946,-3919.3004275528765,43.97131827110852
-2336.1780890445225,-0.00034733685059567946,-3919.3004275528765,43.97131827110852
-2334.1770885442725,-0.00034733685059567946,-3919.3004275528765,43.97131827110852
-2332.1760880440215,-0.00034733685059567946,-3919.3004275528765,43.97131827110852
-2330.1750875437715,-0.00034733685059567946,-3919.3004275528765,43.97131827110852
-2328.1740870435215,-0.00034733685059567946,-3919.3004275528765,43.97131827110852
-2326.1730865432714,-0.00034733685059567946,-3919.3004275528765,43.97131827110852
-2324.1720860430214,-0.00034733685059567946,-3919.3004275528765,43.97131827110852
-2322.1710855427714,-0.00034733685059567946,-3919.3004275528765,43.97131827110852
-2320.1700850425214,-0.00034733685059567946,-3919.3004275528765,43.97131827110852
-2318.169084542271,-0.00034733685059567946,-3919.3004275528765,43.97131827110852
-2316.168084042021,-0.00034733685059567946,-3919.3004275528765,43.97131827110852
-2314.167083541771,-0.00034733685059567946,-3919.3004275528765,43.97131827110852
-2312.166083041521,-0.00034733685059567946,-3919.3004275528765,43.97131827110852
-2310.1650825412707,-0.00034733685059567946,-3919.3004275528765,43.97131827110852
-2308.1640820410207,-0.00034733685059567946,-3919.3004275528765,43.97131827110852
-2306.1630815407707,-0.00034733685059567946,-3919.3004275528765,43.97131827110852
-2304.16208104052,-0.00034733685059567946,-3919.3004275528765,43.97131827110852
-2302.16108054027,-0.00034733685059567946,-3919.3004275528765,43.97131827110852
-2300.16008004002,-0.00034733685059567946,-3919.3004275528765,43.97131827110852
-2298.15907953977,-0.00034733685059567946,-3919.3004275528765,43.97131827110852
-2296.1580790395196,-0.00034733685059567946,-3919.3004275528765,43.97131827110852
-2294.1570785392696,-0.00034733685059567946,-3919.3004275528765,43.97131827110852
-2292.156078039019,-0.00034733685059567946,-3919.3004275528765,43.97131827110852
-2290.155077538769,-0.00034733685059567946,-3919.3004275528765,43.97131827110852
-2288.154077038519,-0.00034733685059567946,-3919.3004275528765,43.97131827110852
-2286.153076538269,-0.00034733685059567946,-3919.3004275528765,43.97131827110852
-2284.152076038019,-0.00034733685059567946,-3919.3004275528765,43.97131827110852
-2282.151075537769,-0.00034733685059567946,-3919.3004275528765,43.97131827110852
-2280.150075037519,-0.00034733685059567946,-3919.3004275528765,43.97131827110852
-2278.1490745372685,-0.00034733685059567946,-3919.3004275528765,43.97131827110852
-2276.1480740370184,-0.00034733685059567946,-3919.3004275528765,43.97131827110852
-2274.1470735367684,-0.00034733685059567946,-3919.3004275528765,43.97131827110852
-2272.1460730365184,-0.00034733685059567946,-3919.3004275528765,43.97131827110852
-2270.1450725362683,-0.00034733685059567946,-3919.3004275528765,43.97131827110852
-2268.1440720360183,-0.00034733685059567946,-3919.3004275528765,43.97131827110852
-2266.143071535768,-0.00034733685059567946,-3919.3004275528765,43.97131827110852
-2264.142071035518,-0.00034733685059567946,-3919.3004275528765,43.97131827110852
-2262.1410705352673,-0.00034733685059567946,-3919.3004275528765,43.97131827110852
-2260.1400700350173,-0.00034733685059567946,-3919.3004275528765,43.97131827110852
-2258.1390695347673,-0.00034733685059567946,-3919.3004275528765,43.97131827110852
-2256.1380690345172,-0.00034733685059567946,-3919.3004275528765,43.97131827110852
-2254.137068534267,-0.00034733685059567946,-3919.3004275528765,43.97131827110852
-2252.1360680340167,-0.00034733685059567946,-3919.3004275528765,43.97131827110852
-2250.1350675337667,-0.00034733685059567946,-3919.3004275528765,43.97131827110852
-2248.1340670335167,-0.00034733685059567946,-3919.3004275528765,43.97131827110852
-2246.1330665332666,-0.00034733685059567946,-3919.3004275528765,43.97131827110852
-2244.1320660330166,-0.00034733685059567946,-3919.3004275528765,43.97131827110852
-2242.1310655327666,-0.00034733685059567946,-3919.3004275528765,43.97131827110852
-2240.130065032516,-0.00034733685059567946,-3919.3004275528765,43.97131827110852
-2238.129064532266,-0.00034733685059567946,-3919.3004275528765,43.97131827110852
-2236.128064032016,-0.00034733685059567946,-3919.3004275528765,43.97131827110852
-2234.127063531766,-0.00034733685059567946,-3919.3004275528765,43.97131827110852
-2232.126063031516,-0.00034733685059567946,-3919.3004275528765,43.97131827110852
-2230.125062531266,-0.00034733685059567946,-3919.3004275528765,43.97131827110852
-2228.124062031016,-0.00034733685059567946,-3919.3004275528765,43.97131827110852
-2226.123061530765,-0.00034733685059567946,-3919.3004275528765,43.97131827110852
-2224.122061030515,-0.00034733685059567946,-3919.3004275528765,43.97131827110852
-2222.121060530265,-0.00034733685059567946,-3919.3004275528765,43.97131827110852
-2220.120060030015,-0.00034733685059567946,-3919.3004275528765,43.97131827110852
-2218.119059529765,-0.00034733685059567946,-3919.3004275528765,43.97131827110852
-2216.118059029515,-0.00034733685059567946,-3919.3004275528765,43.97131827110852
-2214.1170585292643,-0.00034733685059567946,-3919.3004275528765,43.97131827110852
-2212.1160580290143,-0.00034733685059567946,-3919.3004275528765,43.97131827110852
-2210.1150575287643,-0.00034733685059567946,-3919.3004275528765,43.97131827110852
-2208.1140570285143,-0.00034733685059567946,-3919.3004275528765,43.97131827110852
-2206.113056528264,-0.00034733685059567946,-3919.3004275528765,43.97131827110852
-2204.112056028014,-0.00034733685059567946,-3919.3004275528765,43.97131827110852
-2202.111055527764,-0.00034733685059567946,-3919.3004275528765,43.97131827110852
-2200.1100550275137,-0.00034733685059567946,-3919.3004275528765,43.97131827110852
-2198.1090545272637,-0.00034733685059567946,-3919.3004275528765,43.97131827110852
-2196.1080540270136,-0.00034733685059567946,-3919.3004275528765,43.97131827110852
-2194.1070535267636,-0.00034733685059567946,-3919.3004275528765,43.97131827110852
-2192.106053026513,-0.00034733685059567946,-3919.3004275528765,43.97131827110852
-2190.105052526263,-0.00034733685059567946,-3919.3004275528765,43.97131827110852
-2188.1040520260126,-0.00034733685059567946,-3919.3004275528765,43.97131827110852
-2186.1030515257626,-0.00034733685059567946,-3919.3004275528765,43.97131827110852
-2184.1020510255125,-0.00034733685059567946,-3919.3004275528765,43.97131827110852
-2182.1010505252625,-0.00034733685059567946,-3919.3004275528765,43.97131827110852
-2180.1000500250125,-0.00034733685059567946,-3919.3004275528765,43.97131827110852
-2178.0990495247624,-0.00034733685059567946,-3919.3004275528765,43.97131827110852
-2176.0980490245124,-0.00034733685059567946,-3919.3004275528765,43.97131827110852
-2174.097048524262,-0.00034733685059567946,-3919.3004275528765,43.97131827110852
-2172.096048024012,-0.00034733685059567946,-3919.3004275528765,43.97131827110852
-2170.095047523762,-0.00034733685059567946,-3919.3004275528765,43.97131827110852
-2168.094047023512,-0.00034733685059567946,-3919.3004275528765,43.97131827110852
-2166.093046523262,-0.00034733685059567946,-3919.3004275528765,43.97131827110852
-2164.092046023012,-0.00034733685059567946,-3919.3004275528765,43.97131827110852
-2162.0910455227613,-0.00034733685059567946,-3919.3004275528765,43.97131827110852
-2160.0900450225113,-0.00034733685059567946,-3919.3004275528765,43.97131827110852
-2158.089044522261,-0.00034733685059567946,-3919.3004275528765,43.97131827110852
-2156.0880440220108,-0.00034733685059567946,-3919.3004275528765,43.97131827110852
-2154.0870435217607,-0.00034733685059567946,-3919.3004275528765,43.97131827110852
-2152.0860430215107,-0.00034733685059567946,-3919.3004275528765,43.97131827110852
-2150.0850425212607,-0.00034733685059567946,-3919.3004275528765,43.97131827110852
-2148.08404202101,-0.00034733685059567946,-3919.3004275528765,43.97131827110852
-2146.08304152076,-0.00034733685059567946,-3919.3004275528765,43.97131827110852
-2144.08204102051,-0.00034733685059567946,-3919.3004275528765,43.97131827110852
-2142.08104052026,-0.00034733685059567946,-3919.3004275528765,43.97131827110852
-2140.08004002001,-0.00034733685059567946,-3919.3004275528765,43.97131827110852
-2138.07903951976,-0.00034733685059567946,-3919.3004275528765,43.97131827110852
-2136.0780390195096,-0.00034733685059567946,-3919.3004275528765,43.97131827110852
-2134.0770385192595,-0.00034733685059567946,-3919.3004275528765,43.97131827110852
-2132.0760380190095,-0.00034733685059567946,-3919.3004275528765,43.97131827110852
-2130.0750375187595,-0.00034733685059567946,-3919.3004275528765,43.97131827110852
-2128.0740370185094,-0.00034733685059567946,-3919.3004275528765,43.97131827110852
-2126.0730365182594,-0.00034733685059567946,-3919.3004275528765,43.97131827110852
-2124.072036018009,-0.00034733685059567946,-3919.3004275528765,43.97131827110852
-2122.0710355177584,-0.00034733685059567946,-3919.3004275528765,43.97131827110852
-2120.0700350175084,-0.00034733685059567946,-3919.3004275528765,43.97131827110852
-2118.0690345172584,-0.00034733685059567946,-3919.3004275528765,43.97131827110852
-2116.0680340170084,-0.00034733685059567946,-3919.3004275528765,43.97131827110852
-2114.0670335167583,-0.00034733685059567946,-3919.3004275528765,43.97131827110852
-2112.0660330165083,-0.00034733685059567946,-3919.3004275528765,43.97131827110852
-2110.065032516258,-0.00034733685059567946,-3919.3004275528765,43.97131827110852
-2108.064032016008,-0.00034733685059567946,-3919.3004275528765,43.97131827110852
-2106.0630315157578,-0.00034733685059567946,-3919.3004275528765,43.97131827110852
-2104.0620310155077,-0.00034733685059567946,-3919.3004275528765,43.97131827110852
-2102.0610305152577,-0.00034733685059567946,-3919.3004275528765,43.97131827110852
-2100.0600300150077,-0.00034733685059567946,-3919.3004275528765,43.97131827110852
-2098.0590295147576,-0.00034733685059567946,-3919.3004275528765,43.97131827110852
-2096.058029014507,-0.00034733685059567946,-3919.3004275528765,43.97131827110852
-2094.057028514257,-0.00034733685059567946,-3919.3004275528765,43.97131827110852
-2092.056028014007,-0.00034733685059567946,-3919.3004275528765,43.97131827110852
-2090.0550275137566,-0.00034733685059567946,-3919.3004275528765,43.97131827110852
-2088.0540270135066,-0.00034733685059567946,-3919.3004275528765,43.97131827110852
-2086.0530265132566,-0.00034733685059567946,-3919.3004275528765,43.97131827110852
-2084.052026013006,-0.00034733685059567946,-3919.3004275528765,43.97131827110852
-2082.051025512756,-0.00034733685059567946,-3919.3004275528765,43.97131827110852
-2080.050025012506,-0.00034733685059567946,-3919.3004275528765,43.97131827110852
-2078.049024512256,-0.00034733685059567946,-3919.3004275528765,43.97131827110852
-2076.048024012006,-0.00034733685059567946,-3919.3004275528765,43.97131827110852
-2074.047023511756,-0.00034733685059567946,-3919.3004275528765,43.97131827110852
-2072.046023011506,-0.00034733685059567946,-3919.3004275528765,43.97131827110852
-2070.0450225112554,-0.00034733685059567946,-3919.3004275528765,43.97131827110852
-2068.0440220110054,-0.00034733685059567946,-3919.3004275528765,43.97131827110852
-2066.0430215107554,-0.00034733685059567946,-3919.3004275528765,43.97131827110852
-2064.0420210105053,-0.00034733685059567946,-3919.3004275528765,43.97131827110852
-2062.0410205102553,-0.00034733685059567946,-3919.3004275528765,43.97131827110852
-2060.0400200100053,-0.00034733685059567946,-3919.3004275528765,43.97131827110852
-2058.039019509755,-0.00034733685059567946,-3919.3004275528765,43.97131827110852
-2056.0380190095043,-0.00034733685059567946,-3919.3004275528765,43.97131827110852
-2054.0370185092543,-0.00034733685059567946,-3919.3004275528765,43.97131827110852
-2052.0360180090042,-0.00034733685059567946,-3919.3004275528765,43.97131827110852
-2050.035017508754,-0.00034733685059567946,-3919.3004275528765,43.97131827110852
-2048.034017008504,-0.00034733685059567946,-3919.3004275528765,43.97131827110852
-2046.0330165082541,-0.00034733685059567946,-3919.3004275528765,43.97131827110852
-2044.0320160080037,-0.00034733685059567946,-3919.3004275528765,43.97131827110852
-2042.0310155077536,-0.00034733685059567946,-3919.3004275528765,43.97131827110852
-2040.0300150075036,-0.00034733685059567946,-3919.3004275528765,43.97131827110852
-2038.0290145072536,-0.00034733685059567946,-3919.3004275528765,43.97131827110852
-2036.0280140070035,-0.00034733685059567946,-3919.3004275528765,43.97131827110852
-2034.0270135067535,-0.00034733685059567946,-3919.3004275528765,43.97131827110852
-2032.026013006503,-0.00034733685059567946,-3919.3004275528765,43.97131827110852
-2030.0250125062528,-0.00034733685059567946,-3919.3004275528765,43.97131827110852
-2028.0240120060027,-0.00034733685059567946,-3919.3004275528765,43.97131827110852
-2026.0230115057527,-0.00034733685059567946,-3919.3004275528765,43.97131827110852
-2024.0220110055027,-0.00034733685059567946,-3919.3004275528765,43.97131827110852
-2022.0210105052527,-0.00034733685059567946,-3919.3004275528765,43.97131827110852
-2020.0200100050026,-0.00034733685059567946,-3919.3004275528765,43.97131827110852
-2018.0190095047521,-0.00034733685059567946,-3919.3004275528765,43.97131827110852
-2016.0180090045021,-0.00034733685059567946,-3919.3004275528765,43.97131827110852
-2014.017008504252,-0.00034733685059567946,-3919.3004275528765,43.97131827110852
-2012.0160080040018,-0.00034733685059567946,-3919.3004275528765,43.97131827110852
-2010.0150075037518,-0.00034733685059567946,-3919.3004275528765,43.97131827110852
-2008.0140070035018,-0.00034733685059567946,-3919.3004275528765,43.97131827110852
-2006.0130065032517,-0.00034733685059567946,-3919.3004275528765,43.97131827110852
-2004.0120060030013,-0.00034733685059567946,-3919.3004275528765,43.97131827110852
-2002.0110055027512,-0.00034733685059567946,-3919.3004275528765,43.97131827110852
-2000.0100050025012,-0.00034733685059567946,-3919.3004275528765,43.97131827110852
-1998.0090045022512,-0.00034733685059567946,-3919.3004275528765,43.97131827110852
-1996.0080040020011,-0.00034733685059567946,-3919.3004275528765,43.97131827110852
-1994.007003501751,-0.00034733685059567946,-3919.3004275528765,43.97131827110852
-1992.0060030015004,-0.00034733685059567946,-3919.3004275528765,43.97131827110852
-1990.0050025012504,-0.00034733685059567946,-3919.3004275528765,43.97131827110852
-1988.0040020010003,-0.00034733685059567946,-3919.3004275528765,43.97131827110852
-1986.0030015007503,-0.00034733685059567946,-3919.3004275528765,43.97131827110852
-1984.0020010005003,-0.00034733685059567946,-3919.3004275528765,43.97131827110852
-1982.0010005002503,-0.00034733685059567946,-3919.3004275528765,43.97131827110852
-1980.0000000000002,-0.00034733685059567946,-3919.3004275528765,43.97131827110852
