detuning,transfer,Eb,e_Eb
-5389.999999999996,-0.003989792702886837,-4040.2143048687926,38.22904262067818
-5388.58929464732,-0.003989792702886837,-4040.2143048687926,38.22904262067818
-5387.178589294644,-0.003989792702886837,-4040.2143048687926,38.22904262067818
-5385.767883941967,-0.003989792702886837,-4040.2143048687926,38.22904262067818
-5384.357178589291,-0.003989792702886837,-4040.2143048687926,38.22904262067818
-5382.946473236614,-0.003989792702886837,-4040.2143048687926,38.22904262067818
-5381.535767883937,-0.003989792702886837,-4040.2143048687926,38.22904262067818
-5380.125062531262,-0.003989792702886837,-4040.2143048687926,38.22904262067818
-5378.7143571785855,-0.003989792702886837,-4040.2143048687926,38.22904262067818
-5377.30365182591,-0.003989792702886837,-4040.2143048687926,38.22904262067818
-5375.892946473233,-0.003989792702886837,-4040.2143048687926,38.22904262067818
-5374.482241120556,-0.003989792702886837,-4040.2143048687926,38.22904262067818
-5373.07153576788,-0.003989792702886837,-4040.2143048687926,38.22904262067818
-5371.660830415203,-0.003989792702886837,-4040.2143048687926,38.22904262067818
-5370.250125062527,-0.003989792702886837,-4040.2143048687926,38.22904262067818
-5368.839419709851,-0.003989792702886837,-4040.2143048687926,38.22904262067818
-5367.428714357175,-0.003989792702886837,-4040.2143048687926,38.22904262067818
-5366.018009004499,-0.003989792702886837,-4040.2143048687926,38.22904262067818
-5364.607303651822,-0.003989792702886837,-4040.2143048687926,38.22904262067818
-5363.196598299146,-0.003989792702886837,-4040.2143048687926,38.22904262067818
-5361.785892946469,-0.003989792702886837,-4040.2143048687926,38.22904262067818
-5360.375187593792,-0.003989792702886837,-4040.2143048687926,38.22904262067818
-5358.9644822411165,-0.003989792702886837,-4040.2143048687926,38.22904262067818
-5357.553776888441,-0.003989792702886837,-4040.2143048687926,38.22904262067818
-5356.143071535765,-0.003989792702886837,-4040.2143048687926,38.22904262067818
-5354.732366183088,-0.003989792702886837,-4040.2143048687926,38.22904262067818
-5353.321660830411,-0.003989792702886837,-4040.2143048687926,38.22904262067818
-5351.910955477735,-0.003989792702886837,-4040.2143048687926,38.22904262067818
-5350.500250125058,-0.003989792702886837,-4040.2143048687926,38.22904262067818
-5349.089544772382,-0.003989792702886837,-4040.2143048687926,38.22904262067818
-5347.678839419706,-0.003989792702886837,-4040.2143048687926,38.22904262067818
-5346.26813406703,-0.003989792702886837,-4040.2143048687926,38.22904262067818
-5344.857428714354,-0.003989792702886837,-4040.2143048687926,38.22904262067818
-5343.446723361677,-0.003989792702886837,-4040.2143048687926,38.22904262067818
-5342.036018009001,-0.003989792702886837,-4040.2143048687926,38.22904262067818
-5340.625312656324,-0.003989792702886837,-4040.2143048687926,38.22904262067818
-5339.214607303647,-0.003989792702886837,-4040.2143048687926,38.22904262067818
-5337.8039019509715,-0.003989792702886837,-4040.2143048687926,38.22904262067818
-5336.393196598295,-0.003989792702886837,-4040.2143048687926,38.22904262067818
-5334.98249124562,-0.003989792702886837,-4040.2143048687926,38.22904262067818
-5333.571785892943,-0.003989792702886837,-4040.2143048687926,38.22904262067818
-5332.161080540266,-0.003989792702886837,-4040.2143048687926,38.22904262067818
-5330.75037518759,-0.003989792702886837,-4040.2143048687926,38.22904262067818
-5329.339669834913,-0.003989792702886837,-4040.2143048687926,38.22904262067818
-5327.9289644822375,-0.003989792702886837,-4040.2143048687926,38.22904262067818
-5326.518259129561,-0.003989792702886837,-4040.2143048687926,38.22904262067818
-5325.107553776885,-0.003989792702886837,-4040.2143048687926,38.22904262067818
-5323.696848424209,-0.003989792702886837,-4040.2143048687926,38.22904262067818
-5322.286143071532,-0.003989792702886837,-4040.2143048687926,38.22904262067818
-5320.875437718856,-0.003989792702886837,-4040.2143048687926,38.22904262067818
-5319.464732366179,-0.003989792702886837,-4040.2143048687926,38.22904262067818
-5318.0540270135025,-0.003989792702886837,-4040.2143048687926,38.22904262067818
-5316.643321660827,-0.003989792702886837,-4040.2143048687926,38.22904262067818
-5315.23261630815,-0.003989792702886837,-4040.2143048687926,38.22904262067818
-5313.821910955475,-0.003989792702886837,-4040.2143048687926,38.22904262067818
-5312.411205602798,-0.003989792702886837,-4040.2143048687926,38.22904262067818
-5311.000500250121,-0.003989792702886837,-4040.2143048687926,38.22904262067818
-5309.589794897445,-0.003989792702886837,-4040.2143048687926,38.22904262067818
-5308.179089544768,-0.003989792702886837,-4040.2143048687926,38.22904262067818
-5306.7683841920925,-0.003989792702886837,-4040.2143048687926,38.22904262067818
-5305.357678839416,-0.003989792702886837,-4040.2143048687926,38.22904262067818
-5303.946973486739,-0.003989792702886837,-4040.2143048687926,38.22904262067818
-5302.536268134064,-0.003989792702886837,-4040.2143048687926,38.22904262067818
-5301.125562781387,-0.003989792702886837,-4040.2143048687926,38.22904262067818
-5299.714857428711,-0.003989792702886837,-4040.2143048687926,38.22904262067818
-5298.304152076034,-0.003989792702886837,-4040.2143048687926,38.22904262067818
-5296.893446723358,-0.003989792702886837,-4040.2143048687926,38.22904262067818
-5295.482741370682,-0.003989792702886837,-4040.2143048687926,38.22904262067818
-5294.072036018005,-0.003989792702886837,-4040.2143048687926,38.22904262067818
-5292.661330665329,-0.003989792702886837,-4040.2143048687926,38.22904262067818
-5291.250625312653,-0.003989792702886837,-4040.2143048687926,38.22904262067818
-5289.839919959976,-0.003989792702886837,-4040.2143048687926,38.22904262067818
-5288.4292146073,-0.003989792702886837,-4040.2143048687926,38.22904262067818
-5287.0185092546235,-0.003989792702886837,-4040.2143048687926,38.22904262067818
-5285.607803901948,-0.003989792702886837,-4040.2143048687926,38.22904262067818
-5284.197098549271,-0.003989792702886837,-4040.2143048687926,38.22904262067818
-5282.786393196594,-0.003989792702886837,-4040.2143048687926,38.22904262067818
-5281.375687843918,-0.003989792702886837,-4040.2143048687926,38.22904262067818
-5279.964982491242,-0.003989792702886837,-4040.2143048687926,38.22904262067818
-5278.554277138566,-0.003989792702886837,-4040.2143048687926,38.22904262067818
-5277.143571785889,-0.003989792702886837,-4040.2143048687926,38.22904262067818
-5275.732866433213,-0.003989792702886837,-4040.2143048687926,38.22904262067818
-5274.322161080537,-0.003989792702886837,-4040.2143048687926,38.22904262067818
-5272.91145572786,-0.003989792702886837,-4040.2143048687926,38.22904262067818
-5271.500750375184,-0.003989792702886837,-4040.2143048687926,38.22904262067818
-5270.090045022507,-0.003989792702886837,-4040.2143048687926,38.22904262067818
-5268.679339669831,-0.003989792702886837,-4040.2143048687926,38.22904262067818
-5267.268634317155,-0.003989792702886837,-4040.2143048687926,38.22904262067818
-5265.857928964479,-0.003989792702886837,-4040.2143048687926,38.22904262067818
-5264.447223611803,-0.003989792702886837,-4040.2143048687926,38.22904262067818
-5263.036518259126,-0.003989792702886837,-4040.2143048687926,38.22904262067818
-5261.625812906449,-0.003989792702886837,-4040.2143048687926,38.22904262067818
-5260.215107553773,-0.003989792702886837,-4040.2143048687926,38.22904262067818
-5258.804402201097,-0.003989792702886837,-4040.2143048687926,38.22904262067818
-5257.393696848421,-0.003989792702886837,-4040.2143048687926,38.22904262067818
-5255.9829914957445,-0.003989792702886837,-4040.2143048687926,38.22904262067818
-5254.572286143068,-0.003989792702886837,-4040.2143048687926,38.22904262067818
-5253.161580790392,-0.003989792702886837,-4040.2143048687926,38.22904262067818
-5251.750875437715,-0.003989792702886837,-4040.2143048687926,38.22904262067818
-5250.340170085039,-0.003989792702886837,-4040.2143048687926,38.22904262067818
-5248.929464732362,-0.003989792702886837,-4040.2143048687926,38.22904262067818
-5247.518759379686,-0.003989792702886837,-4040.2143048687926,38.22904262067818
-5246.10805402701,-0.003989792702886837,-4040.2143048687926,38.22904262067818
-5244.697348674334,-0.003989792702886837,-4040.2143048687926,38.22904262067818
-5243.286643321658,-0.003989792702886837,-4040.2143048687926,38.22904262067818
-5241.875937968981,-0.003989792702886837,-4040.2143048687926,38.22904262067818
-5240.465232616304,-0.003989792702886837,-4040.2143048687926,38.22904262067818
-5239.054527263628,-0.003989792702886837,-4040.2143048687926,38.22904262067818
-5237.643821910951,-0.003989792702886837,-4040.2143048687926,38.22904262067818
-5236.233116558276,-0.003989792702886837,-4040.2143048687926,38.22904262067818
-5234.8224112056,-0.003989792702886837,-4040.2143048687926,38.22904262067818
-5233.411705852923,-0.003989792702886837,-4040.2143048687926,38.22904262067818
-5232.001000500247,-0.003989792702886837,-4040.2143048687926,38.22904262067818
-5230.59029514757,-0.003989792702886837,-4040.2143048687926,38.22904262067818
-5229.179589794894,-0.003989792702886837,-4040.2143048687926,38.22904262067818
-5227.768884442217,-0.003989792702886837,-4040.2143048687926,38.22904262067818
-5226.3581790895405,-0.003989792702886837,-4040.2143048687926,38.22904262067818
-5224.9474737368655,-0.003989792702886837,-4040.2143048687926,38.22904262067818
-5223.536768384189,-0.003989792702886837,-4040.2143048687926,38.22904262067818
-5222.126063031513,-0.003989792702886837,-4040.2143048687926,38.22904262067818
-5220.715357678836,-0.003989792702886837,-4040.2143048687926,38.22904262067818
-5219.304652326159,-0.003989792702886837,-4040.2143048687926,38.22904262067818
-5217.893946973483,-0.003989792702886837,-4040.2143048687926,38.22904262067818
-5216.483241620806,-0.003989792702886837,-4040.2143048687926,38.22904262067818
-5215.0725362681305,-0.003989792702886837,-4040.2143048687926,38.22904262067818
-5213.661830915455,-0.003989792702886837,-4040.2143048687926,38.22904262067818
-5212.251125562778,-0.003989792702886837,-4040.2143048687926,38.22904262067818
-5210.840420210102,-0.003989792702886837,-4040.2143048687926,38.22904262067818
-5209.429714857425,-0.003989792702886837,-4040.2143048687926,38.22904262067818
-5208.019009504749,-0.003989792702886837,-4040.2143048687926,38.22904262067818
-5206.608304152072,-0.003989792702886837,-4040.2143048687926,38.22904262067818
-5205.197598799396,-0.003989792702886837,-4040.2143048687926,38.22904262067818
-5203.78689344672,-0.003989792702886837,-4040.2143048687926,38.22904262067818
-5202.376188094044,-0.003989792702886837,-4040.2143048687926,38.22904262067818
-5200.965482741368,-0.003989792702886837,-4040.2143048687926,38.22904262067818
-5199.554777388691,-0.003989792702886837,-4040.2143048687926,38.22904262067818
-5198.144072036014,-0.003989792702886837,-4040.2143048687926,38.22904262067818
-5196.733366683338,-0.003989792702886837,-4040.2143048687926,38.22904262067818
-5195.3226613306615,-0.003989792702886837,-4040.2143048687926,38.22904262067818
-5193.911955977986,-0.003989792702886837,-4040.2143048687926,38.22904262067818
-5192.501250625309,-0.003989792702886837,-4040.2143048687926,38.22904262067818
-5191.090545272633,-0.003989792702886837,-4040.2143048687926,38.22904262067818
-5189.679839919957,-0.003989792702886837,-4040.2143048687926,38.22904262067818
-5188.26913456728,-0.003989792702886837,-4040.2143048687926,38.22904262067818
-5186.858429214604,-0.003989792702886837,-4040.2143048687926,38.22904262067818
-5185.447723861927,-0.003989792702886837,-4040.2143048687926,38.22904262067818
-5184.037018509251,-0.003989792702886837,-4040.2143048687926,38.22904262067818
-5182.626313156575,-0.003989792702886837,-4040.2143048687926,38.22904262067818
-5181.215607803899,-0.003989792702886837,-4040.2143048687926,38.22904262067818
-5179.804902451223,-0.003989792702886837,-4040.2143048687926,38.22904262067818
-5178.394197098546,-0.003989792702886837,-4040.2143048687926,38.22904262067818
-5176.983491745869,-0.003989792702886837,-4040.2143048687926,38.22904262067818
-5175.572786393193,-0.003989792702886837,-4040.2143048687926,38.22904262067818
-5174.162081040517,-0.003989792702886837,-4040.2143048687926,38.22904262067818
-5172.751375687841,-0.003989792702886837,-4040.2143048687926,38.22904262067818
-5171.340670335164,-0.003989792702886837,-4040.2143048687926,38.22904262067818
-5169.929964982488,-0.003989792702886837,-4040.2143048687926,38.22904262067818
-5168.519259629812,-0.003989792702886837,-4040.2143048687926,38.22904262067818
-5167.108554277135,-0.003989792702886837,-4040.2143048687926,38.22904262067818
-5165.697848924459,-0.003989792702886837,-4040.2143048687926,38.22904262067818
-5164.2871435717825,-0.003989792702886837,-4040.2143048687926,38.22904262067818
-5162.876438219106,-0.003989792702886837,-4040.2143048687926,38.22904262067818
-5161.46573286643,-0.003989792702886837,-4040.2143048687926,38.22904262067818
-5160.055027513753,-0.003989792702886837,-4040.2143048687926,38.22904262067818
-5158.644322161078,-0.003989792702886837,-4040.2143048687926,38.22904262067818
-5157.233616808401,-0.003989792702886837,-4040.2143048687926,38.22904262067818
-5155.822911455724,-0.003989792702886837,-4040.2143048687926,38.22904262067818
-5154.412206103048,-0.003989792702886837,-4040.2143048687926,38.22904262067818
-5153.001500750372,-0.003989792702886837,-4040.2143048687926,38.22904262067818
-5151.590795397696,-0.003989792702886837,-4040.2143048687926,38.22904262067818
-5150.180090045019,-0.003989792702886837,-4040.2143048687926,38.22904262067818
-5148.769384692342,-0.003989792702886837,-4040.2143048687926,38.22904262067818
-5147.358679339667,-0.003989792702886837,-4040.2143048687926,38.22904262067818
-5145.94797398699,-0.003989792702886837,-4040.2143048687926,38.22904262067818
-5144.537268634314,-0.003989792702886837,-4040.2143048687926,38.22904262067818
-5143.126563281638,-0.003989792702886837,-4040.2143048687926,38.22904262067818
-5141.715857928961,-0.003989792702886837,-4040.2143048687926,38.22904262067818
-5140.305152576285,-0.003989792702886837,-4040.2143048687926,38.22904262067818
-5138.894447223608,-0.003989792702886837,-4040.2143048687926,38.22904262067818
-5137.483741870932,-0.003989792702886837,-4040.2143048687926,38.22904262067818
-5136.073036518256,-0.003989792702886837,-4040.2143048687926,38.22904262067818
-5134.662331165579,-0.003989792702886837,-4040.2143048687926,38.22904262067818
-5133.2516258129035,-0.003989792702886837,-4040.2143048687926,38.22904262067818
-5131.840920460227,-0.003989792702886837,-4040.2143048687926,38.22904262067818
-5130.430215107551,-0.003989792702886837,-4040.2143048687926,38.22904262067818
-5129.019509754874,-0.003989792702886837,-4040.2143048687926,38.22904262067818
-5127.608804402197,-0.003989792702886837,-4040.2143048687926,38.22904262067818
-5126.198099049521,-0.003989792702886837,-4040.2143048687926,38.22904262067818
-5124.787393696845,-0.003989792702886837,-4040.2143048687926,38.22904262067818
-5123.376688344169,-0.003989792702886837,-4040.2143048687926,38.22904262067818
-5121.965982991493,-0.003989792702886837,-4040.2143048687926,38.22904262067818
-5120.555277638816,-0.003989792702886837,-4040.2143048687926,38.22904262067818
-5119.14457228614,-0.003989792702886837,-4040.2143048687926,38.22904262067818
-5117.733866933463,-0.003989792702886837,-4040.2143048687926,38.22904262067818
-5116.323161580787,-0.003989792702886837,-4040.2143048687926,38.22904262067818
-5114.912456228111,-0.003989792702886837,-4040.2143048687926,38.22904262067818
-5113.5017508754345,-0.003989792702886837,-4040.2143048687926,38.22904262067818
-5112.091045522759,-0.003989792702886837,-4040.2143048687926,38.22904262067818
-5110.680340170082,-0.003989792702886837,-4040.2143048687926,38.22904262067818
-5109.269634817406,-0.003989792702886837,-4040.2143048687926,38.22904262067818
-5107.858929464729,-0.003989792702886837,-4040.2143048687926,38.22904262067818
-5106.448224112052,-0.003989792702886837,-4040.2143048687926,38.22904262067818
-5105.037518759376,-0.003989792702886837,-4040.2143048687926,38.22904262067818
-5103.6268134067,-0.003989792702886837,-4040.2143048687926,38.22904262067818
-5102.2161080540245,-0.003989792702886837,-4040.2143048687926,38.22904262067818
-5100.805402701348,-0.003989792702886837,-4040.2143048687926,38.22904262067818
-5099.394697348671,-0.003989792702886837,-4040.2143048687926,38.22904262067818
-5097.983991995995,-0.003989792702886837,-4040.2143048687926,38.22904262067818
-5096.573286643318,-0.003989792702886837,-4040.2143048687926,38.22904262067818
-5095.162581290642,-0.003989792702886837,-4040.2143048687926,38.22904262067818
-5093.751875937965,-0.003989792702886837,-4040.2143048687926,38.22904262067818
-5092.34117058529,-0.003989792702886837,-4040.2143048687926,38.22904262067818
-5090.930465232614,-0.003989792702886837,-4040.2143048687926,38.22904262067818
-5089.519759879937,-0.003989792702886837,-4040.2143048687926,38.22904262067818
-5088.109054527261,-0.003989792702886837,-4040.2143048687926,38.22904262067818
-5086.698349174584,-0.003989792702886837,-4040.2143048687926,38.22904262067818
-5085.287643821907,-0.003989792702886837,-4040.2143048687926,38.22904262067818
-5083.876938469231,-0.003989792702886837,-4040.2143048687926,38.22904262067818
-5082.466233116555,-0.003989792702886837,-4040.2143048687926,38.22904262067818
-5081.05552776388,-0.003989792702886837,-4040.2143048687926,38.22904262067818
-5079.644822411203,-0.003989792702886837,-4040.2143048687926,38.22904262067818
-5078.234117058526,-0.003989792702886837,-4040.2143048687926,38.22904262067818
-5076.82341170585,-0.003989792702886837,-4040.2143048687926,38.22904262067818
-5075.412706353173,-0.003989792702886837,-4040.2143048687926,38.22904262067818
-5074.002001000497,-0.003989792702886837,-4040.2143048687926,38.22904262067818
-5072.5912956478205,-0.003989792702886837,-4040.2143048687926,38.22904262067818
-5071.180590295144,-0.003989792702886837,-4040.2143048687926,38.22904262067818
-5069.769884942469,-0.003989792702886837,-4040.2143048687926,38.22904262067818
-5068.359179589792,-0.003989792702886837,-4040.2143048687926,38.22904262067818
-5066.948474237116,-0.003989792702886837,-4040.2143048687926,38.22904262067818
-5065.537768884439,-0.003989792702886837,-4040.2143048687926,38.22904262067818
-5064.127063531762,-0.003989792702886837,-4040.2143048687926,38.22904262067818
-5062.7163581790865,-0.003989792702886837,-4040.2143048687926,38.22904262067818
-5061.30565282641,-0.003989792702886837,-4040.2143048687926,38.22904262067818
-5059.894947473734,-0.003989792702886837,-4040.2143048687926,38.22904262067818
-5058.484242121058,-0.003989792702886837,-4040.2143048687926,38.22904262067818
-5057.073536768381,-0.003989792702886837,-4040.2143048687926,38.22904262067818
-5055.662831415705,-0.003989792702886837,-4040.2143048687926,38.22904262067818
-5054.252126063028,-0.003989792702886837,-4040.2143048687926,38.22904262067818
-5052.841420710352,-0.003989792702886837,-4040.2143048687926,38.22904262067818
-5051.430715357676,-0.003989792702886837,-4040.2143048687926,38.22904262067818
-5050.020010004999,-0.003989792702886837,-4040.2143048687926,38.22904262067818
-5048.609304652323,-0.003989792702886837,-4040.2143048687926,38.22904262067818
-5047.198599299647,-0.003989792702886837,-4040.2143048687926,38.22904262067818
-5045.787893946971,-0.003989792702886837,-4040.2143048687926,38.22904262067818
-5044.377188594294,-0.003989792702886837,-4040.2143048687926,38.22904262067818
-5042.966483241617,-0.003989792702886837,-4040.2143048687926,38.22904262067818
-5041.5557778889415,-0.003989792702886837,-4040.2143048687926,38.22904262067818
-5040.145072536265,-0.003989792702886837,-4040.2143048687926,38.22904262067818
-5038.734367183589,-0.003989792702886837,-4040.2143048687926,38.22904262067818
-5037.323661830913,-0.003989792702886837,-4040.2143048687926,38.22904262067818
-5035.912956478236,-0.003989792702886837,-4040.2143048687926,38.22904262067818
-5034.50225112556,-0.003989792702886837,-4040.2143048687926,38.22904262067818
-5033.091545772883,-0.003989792702886837,-4040.2143048687926,38.22904262067818
-5031.6808404202075,-0.003989792702886837,-4040.2143048687926,38.22904262067818
-5030.270135067531,-0.003989792702886837,-4040.2143048687926,38.22904262067818
-5028.859429714854,-0.003989792702886837,-4040.2143048687926,38.22904262067818
-5027.448724362178,-0.003989792702886837,-4040.2143048687926,38.22904262067818
-5026.038019009502,-0.003989792702886837,-4040.2143048687926,38.22904262067818
-5024.627313656826,-0.003989792702886837,-4040.2143048687926,38.22904262067818
-5023.216608304149,-0.003989792702886837,-4040.2143048687926,38.22904262067818
-5021.8059029514725,-0.003989792702886837,-4040.2143048687926,38.22904262067818
-5020.395197598797,-0.003989792702886837,-4040.2143048687926,38.22904262067818
-5018.98449224612,-0.003989792702886837,-4040.2143048687926,38.22904262067818
-5017.573786893444,-0.003989792702886837,-4040.2143048687926,38.22904262067818
-5016.163081540767,-0.003989792702886837,-4040.2143048687926,38.22904262067818
-5014.752376188091,-0.003989792702886837,-4040.2143048687926,38.22904262067818
-5013.341670835415,-0.003989792702886837,-4040.2143048687926,38.22904262067818
-5011.930965482738,-0.003989792702886837,-4040.2143048687926,38.22904262067818
-5010.5202601300625,-0.003989792702886837,-4040.2143048687926,38.22904262067818
-5009.109554777386,-0.003989792702886837,-4040.2143048687926,38.22904262067818
-5007.698849424709,-0.003989792702886837,-4040.2143048687926,38.22904262067818
-5006.288144072033,-0.003989792702886837,-4040.2143048687926,38.22904262067818
-5004.877438719356,-0.003989792702886837,-4040.2143048687926,38.22904262067818
-5003.466733366681,-0.003989792702886837,-4040.2143048687926,38.22904262067818
-5002.056028014004,-0.003989792702886837,-4040.2143048687926,38.22904262067818
-5000.645322661328,-0.003989792702886837,-4040.2143048687926,38.22904262067818
-4999.234617308652,-0.003989792702886837,-4040.2143048687926,38.22904262067818
-4997.823911955975,-0.003989792702886837,-4040.2143048687926,38.22904262067818
-4996.413206603299,-0.003989792702886837,-4040.2143048687926,38.22904262067818
-4995.002501250622,-0.003989792702886837,-4040.2143048687926,38.22904262067818
-4993.591795897945,-0.003989792702886837,-4040.2143048687926,38.22904262067818
-4992.18109054527,-0.003989792702886837,-4040.2143048687926,38.22904262067818
-4990.7703851925935,-0.003989792702886837,-4040.2143048687926,38.22904262067818
-4989.359679839918,-0.003989792702886837,-4040.2143048687926,38.22904262067818
-4987.948974487241,-0.003989792702886837,-4040.2143048687926,38.22904262067818
-4986.538269134564,-0.003989792702886837,-4040.2143048687926,38.22904262067818
-4985.127563781888,-0.003989792702886837,-4040.2143048687926,38.22904262067818
-4983.716858429211,-0.003989792702886837,-4040.2143048687926,38.22904262067818
-4982.306153076535,-0.003989792702886837,-4040.2143048687926,38.22904262067818
-4980.895447723859,-0.003989792702886837,-4040.2143048687926,38.22904262067818
-4979.484742371183,-0.003989792702886837,-4040.2143048687926,38.22904262067818
-4978.074037018507,-0.003989792702886837,-4040.2143048687926,38.22904262067818
-4976.66333166583,-0.003989792702886837,-4040.2143048687926,38.22904262067818
-4975.252626313154,-0.003989792702886837,-4040.2143048687926,38.22904262067818
-4973.841920960477,-0.003989792702886837,-4040.2143048687926,38.22904262067818
-4972.4312156078,-0.003989792702886837,-4040.2143048687926,38.22904262067818
-4971.020510255125,-0.003989792702886837,-4040.2143048687926,38.22904262067818
-4969.609804902449,-0.003989792702886837,-4040.2143048687926,38.22904262067818
-4968.199099549773,-0.003989792702886837,-4040.2143048687926,38.22904262067818
-4966.788394197096,-0.003989792702886837,-4040.2143048687926,38.22904262067818
-4965.377688844419,-0.003989792702886837,-4040.2143048687926,38.22904262067818
-4963.966983491743,-0.003989792702886837,-4040.2143048687926,38.22904262067818
-4962.556278139066,-0.003989792702886837,-4040.2143048687926,38.22904262067818
-4961.14557278639,-0.003989792702886837,-4040.2143048687926,38.22904262067818
-4959.7348674337145,-0.003989792702886837,-4040.2143048687926,38.22904262067818
-4958.324162081038,-0.003989792702886837,-4040.2143048687926,38.22904262067818
-4956.913456728362,-0.003989792702886837,-4040.2143048687926,38.22904262067818
-4955.502751375685,-0.003989792702886837,-4040.2143048687926,38.22904262067818
-4954.092046023009,-0.003989792702886837,-4040.2143048687926,38.22904262067818
-4952.681340670332,-0.003989792702886837,-4040.2143048687926,38.22904262067818
-4951.270635317655,-0.003989792702886837,-4040.2143048687926,38.22904262067818
-4949.8599299649795,-0.003989792702886837,-4040.2143048687926,38.22904262067818
-4948.449224612304,-0.003989792702886837,-4040.2143048687926,38.22904262067818
-4947.038519259628,-0.003989792702886837,-4040.2143048687926,38.22904262067818
-4945.627813906951,-0.003989792702886837,-4040.2143048687926,38.22904262067818
-4944.217108554274,-0.003989792702886837,-4040.2143048687926,38.22904262067818
-4942.806403201598,-0.003989792702886837,-4040.2143048687926,38.22904262067818
-4941.395697848921,-0.003989792702886837,-4040.2143048687926,38.22904262067818
-4939.9849924962455,-0.003989792702886837,-4040.2143048687926,38.22904262067818
-4938.574287143569,-0.003989792702886837,-4040.2143048687926,38.22904262067818
-4937.163581790893,-0.003989792702886837,-4040.2143048687926,38.22904262067818
-4935.752876438217,-0.003989792702886837,-4040.2143048687926,38.22904262067818
-4934.34217108554,-0.003989792702886837,-4040.2143048687926,38.22904262067818
-4932.931465732864,-0.003989792702886837,-4040.2143048687926,38.22904262067818
-4931.520760380187,-0.003989792702886837,-4040.2143048687926,38.22904262067818
-4930.1100550275105,-0.003989792702886837,-4040.2143048687926,38.22904262067818
-4928.699349674835,-0.003989792702886837,-4040.2143048687926,38.22904262067818
-4927.288644322158,-0.003989792702886837,-4040.2143048687926,38.22904262067818
-4925.877938969483,-0.003989792702886837,-4040.2143048687926,38.22904262067818
-4924.467233616806,-0.003989792702886837,-4040.2143048687926,38.22904262067818
-4923.056528264129,-0.003989792702886837,-4040.2143048687926,38.22904262067818
-4921.645822911453,-0.003989792702886837,-4040.2143048687926,38.22904262067818
-4920.235117558776,-0.003989792702886837,-4040.2143048687926,38.22904262067818
-4918.8244122061005,-0.003989792702886837,-4040.2143048687926,38.22904262067818
-4917.413706853424,-0.003989792702886837,-4040.2143048687926,38.22904262067818
-4916.003001500748,-0.003989792702886837,-4040.2143048687926,38.22904262067818
-4914.592296148072,-0.003989792702886837,-4040.2143048687926,38.22904262067818
-4913.181590795395,-0.003989792702886837,-4040.2143048687926,38.22904262067818
-4911.770885442719,-0.003989792702886837,-4040.2143048687926,38.22904262067818
-4910.360180090042,-0.003989792702886837,-4040.2143048687926,38.22904262067818
-4908.949474737366,-0.003989792702886837,-4040.2143048687926,38.22904262067818
-4907.53876938469,-0.003989792702886837,-4040.2143048687926,38.22904262067818
-4906.128064032013,-0.003989792702886837,-4040.2143048687926,38.22904262067818
-4904.717358679337,-0.003989792702886837,-4040.2143048687926,38.22904262067818
-4903.306653326661,-0.003989792702886837,-4040.2143048687926,38.22904262067818
-4901.895947973984,-0.003989792702886837,-4040.2143048687926,38.22904262067818
-4900.485242621308,-0.003989792702886837,-4040.2143048687926,38.22904262067818
-4899.0745372686315,-0.003989792702886837,-4040.2143048687926,38.22904262067818
-4897.663831915956,-0.003989792702886837,-4040.2143048687926,38.22904262067818
-4896.253126563279,-0.003989792702886837,-4040.2143048687926,38.22904262067818
-4894.842421210602,-0.003989792702886837,-4040.2143048687926,38.22904262067818
-4893.431715857927,-0.003989792702886837,-4040.2143048687926,38.22904262067818
-4892.02101050525,-0.003989792702886837,-4040.2143048687926,38.22904262067818
-4890.610305152574,-0.003989792702886837,-4040.2143048687926,38.22904262067818
-4889.199599799897,-0.003989792702886837,-4040.2143048687926,38.22904262067818
-4887.788894447221,-0.003989792702886837,-4040.2143048687926,38.22904262067818
-4886.378189094545,-0.003989792702886837,-4040.2143048687926,38.22904262067818
-4884.967483741868,-0.003989792702886837,-4040.2143048687926,38.22904262067818
-4883.556778389192,-0.003989792702886837,-4040.2143048687926,38.22904262067818
-4882.146073036516,-0.003989792702886837,-4040.2143048687926,38.22904262067818
-4880.735367683839,-0.003989792702886837,-4040.2143048687926,38.22904262067818
-4879.324662331163,-0.003989792702886837,-4040.2143048687926,38.22904262067818
-4877.913956978487,-0.003989792702886837,-4040.2143048687926,38.22904262067818
-4876.503251625811,-0.003989792702886837,-4040.2143048687926,38.22904262067818
-4875.092546273134,-0.003989792702886837,-4040.2143048687926,38.22904262067818
-4873.681840920457,-0.003989792702886837,-4040.2143048687926,38.22904262067818
-4872.271135567781,-0.003989792702886837,-4040.2143048687926,38.22904262067818
-4870.860430215105,-0.003989792702886837,-4040.2143048687926,38.22904262067818
-4869.449724862429,-0.003989792702886837,-4040.2143048687926,38.22904262067818
-4868.0390195097525,-0.003989792702886837,-4040.2143048687926,38.22904262067818
-4866.628314157076,-0.003989792702886837,-4040.2143048687926,38.22904262067818
-4865.2176088044,-0.003989792702886837,-4040.2143048687926,38.22904262067818
-4863.806903451723,-0.003989792702886837,-4040.2143048687926,38.22904262067818
-4862.396198099047,-0.003989792702886837,-4040.2143048687926,38.22904262067818
-4860.98549274637,-0.003989792702886837,-4040.2143048687926,38.22904262067818
-4859.574787393694,-0.003989792702886837,-4040.2143048687926,38.22904262067818
-4858.164082041018,-0.003989792702886837,-4040.2143048687926,38.22904262067818
-4856.753376688342,-0.003989792702886837,-4040.2143048687926,38.22904262067818
-4855.342671335666,-0.003989792702886837,-4040.2143048687926,38.22904262067818
-4853.931965982989,-0.003989792702886837,-4040.2143048687926,38.22904262067818
-4852.521260630312,-0.003989792702886837,-4040.2143048687926,38.22904262067818
-4851.110555277636,-0.003989792702886837,-4040.2143048687926,38.22904262067818
-4849.699849924959,-0.003989792702886837,-4040.2143048687926,38.22904262067818
-4848.289144572284,-0.003989792702886837,-4040.2143048687926,38.22904262067818
-4846.878439219608,-0.003989792702886837,-4040.2143048687926,38.22904262067818
-4845.467733866931,-0.003989792702886837,-4040.2143048687926,38.22904262067818
-4844.057028514255,-0.003989792702886837,-4040.2143048687926,38.22904262067818
-4842.646323161578,-0.003989792702886837,-4040.2143048687926,38.22904262067818
-4841.235617808902,-0.003989792702886837,-4040.2143048687926,38.22904262067818
-4839.824912456225,-0.003989792702886837,-4040.2143048687926,38.22904262067818
-4838.414207103549,-0.003989792702886837,-4040.2143048687926,38.22904262067818
-4837.0035017508735,-0.003989792702886837,-4040.2143048687926,38.22904262067818
-4835.592796398197,-0.003989792702886837,-4040.2143048687926,38.22904262067818
-4834.182091045521,-0.003989792702886837,-4040.2143048687926,38.22904262067818
-4832.771385692844,-0.003989792702886837,-4040.2143048687926,38.22904262067818
-4831.360680340167,-0.003989792702886837,-4040.2143048687926,38.22904262067818
-4829.949974987491,-0.003989792702886837,-4040.2143048687926,38.22904262067818
-4828.539269634814,-0.003989792702886837,-4040.2143048687926,38.22904262067818
-4827.128564282139,-0.003989792702886837,-4040.2143048687926,38.22904262067818
-4825.717858929463,-0.003989792702886837,-4040.2143048687926,38.22904262067818
-4824.307153576786,-0.003989792702886837,-4040.2143048687926,38.22904262067818
-4822.89644822411,-0.003989792702886837,-4040.2143048687926,38.22904262067818
-4821.485742871433,-0.003989792702886837,-4040.2143048687926,38.22904262067818
-4820.075037518757,-0.003989792702886837,-4040.2143048687926,38.22904262067818
-4818.66433216608,-0.003989792702886837,-4040.2143048687926,38.22904262067818
-4817.253626813404,-0.003989792702886837,-4040.2143048687926,38.22904262067818
-4815.842921460729,-0.003989792702886837,-4040.2143048687926,38.22904262067818
-4814.432216108052,-0.003989792702886837,-4040.2143048687926,38.22904262067818
-4813.021510755376,-0.003989792702886837,-4040.2143048687926,38.22904262067818
-4811.610805402699,-0.003989792702886837,-4040.2143048687926,38.22904262067818
-4810.200100050022,-0.003989792702886837,-4040.2143048687926,38.22904262067818
-4808.789394697346,-0.003989792702886837,-4040.2143048687926,38.22904262067818
-4807.3786893446695,-0.003989792702886837,-4040.2143048687926,38.22904262067818
-4805.967983991994,-0.003989792702886837,-4040.2143048687926,38.22904262067818
-4804.557278639318,-0.003989792702886837,-4040.2143048687926,38.22904262067818
-4803.146573286641,-0.003989792702886837,-4040.2143048687926,38.22904262067818
-4801.735867933965,-0.003989792702886837,-4040.2143048687926,38.22904262067818
-4800.325162581288,-0.003989792702886837,-4040.2143048687926,38.22904262067818
-4798.914457228612,-0.003989792702886837,-4040.2143048687926,38.22904262067818
-4797.503751875935,-0.003989792702886837,-4040.2143048687926,38.22904262067818
-4796.093046523259,-0.003989792702886837,-4040.2143048687926,38.22904262067818
-4794.682341170583,-0.003989792702886837,-4040.2143048687926,38.22904262067818
-4793.271635817907,-0.003989792702886837,-4040.2143048687926,38.22904262067818
-4791.860930465231,-0.003989792702886837,-4040.2143048687926,38.22904262067818
-4790.450225112554,-0.003989792702886837,-4040.2143048687926,38.22904262067818
-4789.039519759877,-0.003989792702886837,-4040.2143048687926,38.22904262067818
-4787.628814407201,-0.003989792702886837,-4040.2143048687926,38.22904262067818
-4786.218109054525,-0.003989792702886837,-4040.2143048687926,38.22904262067818
-4784.807403701849,-0.003989792702886837,-4040.2143048687926,38.22904262067818
-4783.396698349172,-0.003989792702886837,-4040.2143048687926,38.22904262067818
-4781.985992996496,-0.003989792702886837,-4040.2143048687926,38.22904262067818
-4780.57528764382,-0.003989792702886837,-4040.2143048687926,38.22904262067818
-4779.164582291143,-0.003989792702886837,-4040.2143048687926,38.22904262067818
-4777.753876938467,-0.003989792702886837,-4040.2143048687926,38.22904262067818
-4776.3431715857905,-0.003989792702886837,-4040.2143048687926,38.22904262067818
-4774.932466233114,-0.003989792702886837,-4040.2143048687926,38.22904262067818
-4773.521760880438,-0.003989792702886837,-4040.2143048687926,38.22904262067818
-4772.111055527762,-0.003989792702886837,-4040.2143048687926,38.22904262067818
-4770.700350175086,-0.003989792702886837,-4040.2143048687926,38.22904262067818
-4769.289644822409,-0.003989792702886837,-4040.2143048687926,38.22904262067818
-4767.878939469732,-0.003989792702886837,-4040.2143048687926,38.22904262067818
-4766.468234117056,-0.003989792702886837,-4040.2143048687926,38.22904262067818
-4765.05752876438,-0.003989792702886837,-4040.2143048687926,38.22904262067818
-4763.646823411704,-0.003989792702886837,-4040.2143048687926,38.22904262067818
-4762.236118059027,-0.003989792702886837,-4040.2143048687926,38.22904262067818
-4760.825412706351,-0.003989792702886837,-4040.2143048687926,38.22904262067818
-4759.414707353675,-0.003989792702886837,-4040.2143048687926,38.22904262067818
-4758.004002000998,-0.003989792702886837,-4040.2143048687926,38.22904262067818
-4756.593296648322,-0.003989792702886837,-4040.2143048687926,38.22904262067818
-4755.182591295646,-0.003989792702886837,-4040.2143048687926,38.22904262067818
-4753.771885942969,-0.003989792702886837,-4040.2143048687926,38.22904262067818
-4752.361180590293,-0.003989792702886837,-4040.2143048687926,38.22904262067818
-4750.950475237616,-0.003989792702886837,-4040.2143048687926,38.22904262067818
-4749.539769884941,-0.003989792702886837,-4040.2143048687926,38.22904262067818
-4748.129064532264,-0.003989792702886837,-4040.2143048687926,38.22904262067818
-4746.718359179587,-0.003989792702886837,-4040.2143048687926,38.22904262067818
-4745.3076538269115,-0.003989792702886837,-4040.2143048687926,38.22904262067818
-4743.896948474235,-0.003989792702886837,-4040.2143048687926,38.22904262067818
-4742.486243121559,-0.003989792702886837,-4040.2143048687926,38.22904262067818
-4741.075537768882,-0.003989792702886837,-4040.2143048687926,38.22904262067818
-4739.664832416205,-0.003989792702886837,-4040.2143048687926,38.22904262067818
-4738.25412706353,-0.003989792702886837,-4040.2143048687926,38.22904262067818
-4736.843421710853,-0.003989792702886837,-4040.2143048687926,38.22904262067818
-4735.4327163581775,-0.003989792702886837,-4040.2143048687926,38.22904262067818
-4734.022011005501,-0.003989792702886837,-4040.2143048687926,38.22904262067818
-4732.611305652824,-0.003989792702886837,-4040.2143048687926,38.22904262067818
-4731.200600300148,-0.003989792702886837,-4040.2143048687926,38.22904262067818
-4729.789894947471,-0.003989792702886837,-4040.2143048687926,38.22904262067818
-4728.379189594795,-0.003989792702886837,-4040.2143048687926,38.22904262067818
-4726.968484242119,-0.003989792702886837,-4040.2143048687926,38.22904262067818
-4725.5577788894425,-0.003989792702886837,-4040.2143048687926,38.22904262067818
-4724.147073536767,-0.003989792702886837,-4040.2143048687926,38.22904262067818
-4722.73636818409,-0.003989792702886837,-4040.2143048687926,38.22904262067818
-4721.325662831414,-0.003989792702886837,-4040.2143048687926,38.22904262067818
-4719.914957478737,-0.003989792702886837,-4040.2143048687926,38.22904262067818
-4718.50425212606,-0.003989792702886837,-4040.2143048687926,38.22904262067818
-4717.093546773384,-0.003989792702886837,-4040.2143048687926,38.22904262067818
-4715.682841420708,-0.003989792702886837,-4040.2143048687926,38.22904262067818
-4714.2721360680325,-0.003989792702886837,-4040.2143048687926,38.22904262067818
-4712.861430715356,-0.003989792702886837,-4040.2143048687926,38.22904262067818
-4711.450725362679,-0.003989792702886837,-4040.2143048687926,38.22904262067818
-4710.040020010003,-0.003989792702886837,-4040.2143048687926,38.22904262067818
-4708.629314657326,-0.003989792702886837,-4040.2143048687926,38.22904262067818
-4707.21860930465,-0.003989792702886837,-4040.2143048687926,38.22904262067818
-4705.8079039519735,-0.003989792702886837,-4040.2143048687926,38.22904262067818
-4704.397198599298,-0.003989792702886837,-4040.2143048687926,38.22904262067818
-4702.986493246622,-0.003989792702886837,-4040.2143048687926,38.22904262067818
-4701.575787893945,-0.003989792702886837,-4040.2143048687926,38.22904262067818
-4700.165082541269,-0.003989792702886837,-4040.2143048687926,38.22904262067818
-4698.754377188592,-0.003989792702886837,-4040.2143048687926,38.22904262067818
-4697.343671835915,-0.003989792702886837,-4040.2143048687926,38.22904262067818
-4695.932966483239,-0.003989792702886837,-4040.2143048687926,38.22904262067818
-4694.5222611305635,-0.003989792702886837,-4040.2143048687926,38.22904262067818
-4693.111555777888,-0.003989792702886837,-4040.2143048687926,38.22904262067818
-4691.700850425211,-0.003989792702886837,-4040.2143048687926,38.22904262067818
-4690.290145072534,-0.003989792702886837,-4040.2143048687926,38.22904262067818
-4688.879439719858,-0.003989792702886837,-4040.2143048687926,38.22904262067818
-4687.468734367181,-0.003989792702886837,-4040.2143048687926,38.22904262067818
-4686.058029014505,-0.003989792702886837,-4040.2143048687926,38.22904262067818
-4684.6473236618285,-0.003989792702886837,-4040.2143048687926,38.22904262067818
-4683.236618309153,-0.003989792702886837,-4040.2143048687926,38.22904262067818
-4681.825912956477,-0.003989792702886837,-4040.2143048687926,38.22904262067818
-4680.4152076038,-0.003989792702886837,-4040.2143048687926,38.22904262067818
-4679.004502251124,-0.003989792702886837,-4040.2143048687926,38.22904262067818
-4677.593796898447,-0.003989792702886837,-4040.2143048687926,38.22904262067818
-4676.18309154577,-0.003989792702886837,-4040.2143048687926,38.22904262067818
-4674.7723861930945,-0.003989792702886837,-4040.2143048687926,38.22904262067818
-4673.361680840418,-0.003989792702886837,-4040.2143048687926,38.22904262067818
-4671.950975487743,-0.003989792702886837,-4040.2143048687926,38.22904262067818
-4670.540270135066,-0.003989792702886837,-4040.2143048687926,38.22904262067818
-4669.129564782389,-0.003989792702886837,-4040.2143048687926,38.22904262067818
-4667.718859429713,-0.003989792702886837,-4040.2143048687926,38.22904262067818
-4666.308154077036,-0.003989792702886837,-4040.2143048687926,38.22904262067818
-4664.89744872436,-0.003989792702886837,-4040.2143048687926,38.22904262067818
-4663.486743371684,-0.003989792702886837,-4040.2143048687926,38.22904262067818
-4662.076038019007,-0.003989792702886837,-4040.2143048687926,38.22904262067818
-4660.665332666332,-0.003989792702886837,-4040.2143048687926,38.22904262067818
-4659.254627313655,-0.003989792702886837,-4040.2143048687926,38.22904262067818
-4657.843921960979,-0.003989792702886837,-4040.2143048687926,38.22904262067818
-4656.433216608302,-0.003989792702886837,-4040.2143048687926,38.22904262067818
-4655.022511255625,-0.003989792702886837,-4040.2143048687926,38.22904262067818
-4653.6118059029495,-0.003989792702886837,-4040.2143048687926,38.22904262067818
-4652.201100550273,-0.003989792702886837,-4040.2143048687926,38.22904262067818
-4650.790395197597,-0.003989792702886837,-4040.2143048687926,38.22904262067818
-4649.379689844921,-0.003989792702886837,-4040.2143048687926,38.22904262067818
-4647.968984492244,-0.003989792702886837,-4040.2143048687926,38.22904262067818
-4646.558279139568,-0.003989792702886837,-4040.2143048687926,38.22904262067818
-4645.147573786891,-0.003989792702886837,-4040.2143048687926,38.22904262067818
-4643.7368684342155,-0.003989792702886837,-4040.2143048687926,38.22904262067818
-4642.326163081539,-0.003989792702886837,-4040.2143048687926,38.22904262067818
-4640.915457728862,-0.003989792702886837,-4040.2143048687926,38.22904262067818
-4639.504752376186,-0.003989792702886837,-4040.2143048687926,38.22904262067818
-4638.09404702351,-0.003989792702886837,-4040.2143048687926,38.22904262067818
-4636.683341670834,-0.003989792702886837,-4040.2143048687926,38.22904262067818
-4635.272636318157,-0.003989792702886837,-4040.2143048687926,38.22904262067818
-4633.8619309654805,-0.003989792702886837,-4040.2143048687926,38.22904262067818
-4632.451225612805,-0.003989792702886837,-4040.2143048687926,38.22904262067818
-4631.040520260128,-0.003989792702886837,-4040.2143048687926,38.22904262067818
-4629.629814907452,-0.003989792702886837,-4040.2143048687926,38.22904262067818
-4628.219109554776,-0.003989792702886837,-4040.2143048687926,38.22904262067818
-4626.808404202099,-0.003989792702886837,-4040.2143048687926,38.22904262067818
-4625.397698849423,-0.003989792702886837,-4040.2143048687926,38.22904262067818
-4623.986993496746,-0.003989792702886837,-4040.2143048687926,38.22904262067818
-4622.5762881440705,-0.003989792702886837,-4040.2143048687926,38.22904262067818
-4621.165582791394,-0.003989792702886837,-4040.2143048687926,38.22904262067818
-4619.754877438717,-0.003989792702886837,-4040.2143048687926,38.22904262067818
-4618.344172086041,-0.003989792702886837,-4040.2143048687926,38.22904262067818
-4616.933466733365,-0.003989792702886837,-4040.2143048687926,38.22904262067818
-4615.522761380689,-0.003989792702886837,-4040.2143048687926,38.22904262067818
-4614.112056028012,-0.003989792702886837,-4040.2143048687926,38.22904262067818
-4612.701350675336,-0.003989792702886837,-4040.2143048687926,38.22904262067818
-4611.29064532266,-0.003989792702886837,-4040.2143048687926,38.22904262067818
-4609.879939969983,-0.003989792702886837,-4040.2143048687926,38.22904262067818
-4608.469234617307,-0.003989792702886837,-4040.2143048687926,38.22904262067818
-4607.05852926463,-0.003989792702886837,-4040.2143048687926,38.22904262067818
-4605.647823911954,-0.003989792702886837,-4040.2143048687926,38.22904262067818
-4604.237118559278,-0.003989792702886837,-4040.2143048687926,38.22904262067818
-4602.8264132066015,-0.003989792702886837,-4040.2143048687926,38.22904262067818
-4601.415707853926,-0.003989792702886837,-4040.2143048687926,38.22904262067818
-4600.005002501249,-0.003989792702886837,-4040.2143048687926,38.22904262067818
-4598.594297148572,-0.003989792702886837,-4040.2143048687926,38.22904262067818
-4597.183591795896,-0.003989792702886837,-4040.2143048687926,38.22904262067818
-4595.772886443219,-0.003989792702886837,-4040.2143048687926,38.22904262067818
-4594.362181090544,-0.003989792702886837,-4040.2143048687926,38.22904262067818
-4592.951475737867,-0.003989792702886837,-4040.2143048687926,38.22904262067818
-4591.540770385191,-0.003989792702886837,-4040.2143048687926,38.22904262067818
-4590.130065032515,-0.003989792702886837,-4040.2143048687926,38.22904262067818
-4588.719359679838,-0.003989792702886837,-4040.2143048687926,38.22904262067818
-4587.308654327162,-0.003989792702886837,-4040.2143048687926,38.22904262067818
-4585.897948974485,-0.003989792702886837,-4040.2143048687926,38.22904262067818
-4584.487243621808,-0.003989792702886837,-4040.2143048687926,38.22904262067818
-4583.076538269133,-0.003989792702886837,-4040.2143048687926,38.22904262067818
-4581.665832916457,-0.003989792702886837,-4040.2143048687926,38.22904262067818
-4580.255127563781,-0.003989792702886837,-4040.2143048687926,38.22904262067818
-4578.844422211104,-0.003989792702886837,-4040.2143048687926,38.22904262067818
-4577.433716858427,-0.003989792702886837,-4040.2143048687926,38.22904262067818
-4576.023011505751,-0.003989792702886837,-4040.2143048687926,38.22904262067818
-4574.612306153074,-0.003989792702886837,-4040.2143048687926,38.22904262067818
-4573.201600800398,-0.003989792702886837,-4040.2143048687926,38.22904262067818
-4571.7908954477225,-0.003989792702886837,-4040.2143048687926,38.22904262067818
-4570.380190095046,-0.003989792702886837,-4040.2143048687926,38.22904262067818
-4568.96948474237,-0.003989792702886837,-4040.2143048687926,38.22904262067818
-4567.558779389693,-0.003989792702886837,-4040.2143048687926,38.22904262067818
-4566.148074037017,-0.003989792702886837,-4040.2143048687926,38.22904262067818
-4564.73736868434,-0.003989792702886837,-4040.2143048687926,38.22904262067818
-4563.326663331663,-0.003989792702886837,-4040.2143048687926,38.22904262067818
-4561.9159579789875,-0.003989792702886837,-4040.2143048687926,38.22904262067818
-4560.505252626312,-0.003989792702886837,-4040.2143048687926,38.22904262067818
-4559.094547273636,-0.003989792702886837,-4040.2143048687926,38.22904262067818
-4557.683841920959,-0.003989792702886837,-4040.2143048687926,38.22904262067818
-4556.273136568282,-0.003989792702886837,-4040.2143048687926,38.22904262067818
-4554.862431215606,-0.003989792702886837,-4040.2143048687926,38.22904262067818
-4553.451725862929,-0.003989792702886837,-4040.2143048687926,38.22904262067818
-4552.0410205102535,-0.003989792702886837,-4040.2143048687926,38.22904262067818
-4550.630315157578,-0.003989792702886837,-4040.2143048687926,38.22904262067818
-4549.219609804901,-0.003989792702886837,-4040.2143048687926,38.22904262067818
-4547.808904452225,-0.003989792702886837,-4040.2143048687926,38.22904262067818
-4546.398199099548,-0.003989792702886837,-4040.2143048687926,38.22904262067818
-4544.987493746872,-0.003989792702886837,-4040.2143048687926,38.22904262067818
-4543.576788394195,-0.003989792702886837,-4040.2143048687926,38.22904262067818
-4542.1660830415185,-0.003989792702886837,-4040.2143048687926,38.22904262067818
-4540.755377688843,-0.003989792702886837,-4040.2143048687926,38.22904262067818
-4539.344672336167,-0.003989792702886837,-4040.2143048687926,38.22904262067818
-4537.933966983491,-0.003989792702886837,-4040.2143048687926,38.22904262067818
-4536.523261630814,-0.003989792702886837,-4040.2143048687926,38.22904262067818
-4535.112556278137,-0.003989792702886837,-4040.2143048687926,38.22904262067818
-4533.701850925461,-0.003989792702886837,-4040.2143048687926,38.22904262067818
-4532.291145572784,-0.003989792702886837,-4040.2143048687926,38.22904262067818
-4530.8804402201085,-0.003989792702886837,-4040.2143048687926,38.22904262067818
-4529.469734867432,-0.003989792702886837,-4040.2143048687926,38.22904262067818
-4528.059029514756,-0.003989792702886837,-4040.2143048687926,38.22904262067818
-4526.64832416208,-0.003989792702886837,-4040.2143048687926,38.22904262067818
-4525.237618809403,-0.003989792702886837,-4040.2143048687926,38.22904262067818
-4523.826913456727,-0.003989792702886837,-4040.2143048687926,38.22904262067818
-4522.41620810405,-0.003989792702886837,-4040.2143048687926,38.22904262067818
-4521.005502751374,-0.003989792702886837,-4040.2143048687926,38.22904262067818
-4519.594797398698,-0.003989792702886837,-4040.2143048687926,38.22904262067818
-4518.184092046021,-0.003989792702886837,-4040.2143048687926,38.22904262067818
-4516.773386693346,-0.003989792702886837,-4040.2143048687926,38.22904262067818
-4515.362681340669,-0.003989792702886837,-4040.2143048687926,38.22904262067818
-4513.951975987992,-0.003989792702886837,-4040.2143048687926,38.22904262067818
-4512.541270635316,-0.003989792702886837,-4040.2143048687926,38.22904262067818
-4511.1305652826395,-0.003989792702886837,-4040.2143048687926,38.22904262067818
-4509.719859929964,-0.003989792702886837,-4040.2143048687926,38.22904262067818
-4508.309154577287,-0.003989792702886837,-4040.2143048687926,38.22904262067818
-4506.89844922461,-0.003989792702886837,-4040.2143048687926,38.22904262067818
-4505.487743871935,-0.003989792702886837,-4040.2143048687926,38.22904262067818
-4504.077038519258,-0.003989792702886837,-4040.2143048687926,38.22904262067818
-4502.666333166582,-0.003989792702886837,-4040.2143048687926,38.22904262067818
-4501.255627813905,-0.003989792702886837,-4040.2143048687926,38.22904262067818
-4499.844922461229,-0.003989792702886837,-4040.2143048687926,38.22904262067818
-4498.434217108553,-0.003989792702886837,-4040.2143048687926,38.22904262067818
-4497.023511755876,-0.003989792702886837,-4040.2143048687926,38.22904262067818
-4495.6128064032,-0.003989792702886837,-4040.2143048687926,38.22904262067818
-4494.202101050524,-0.003989792702886837,-4040.2143048687926,38.22904262067818
-4492.791395697847,-0.003989792702886837,-4040.2143048687926,38.22904262067818
-4491.380690345171,-0.003989792702886837,-4040.2143048687926,38.22904262067818
-4489.969984992495,-0.003989792702886837,-4040.2143048687926,38.22904262067818
-4488.559279639819,-0.003989792702886837,-4040.2143048687926,38.22904262067818
-4487.148574287142,-0.003989792702886837,-4040.2143048687926,38.22904262067818
-4485.737868934465,-0.003989792702886837,-4040.2143048687926,38.22904262067818
-4484.32716358179,-0.003989792702886837,-4040.2143048687926,38.22904262067818
-4482.916458229113,-0.003989792702886837,-4040.2143048687926,38.22904262067818
-4481.505752876437,-0.003989792702886837,-4040.2143048687926,38.22904262067818
-4480.0950475237605,-0.003989792702886837,-4040.2143048687926,38.22904262067818
-4478.684342171084,-0.003989792702886837,-4040.2143048687926,38.22904262067818
-4477.273636818408,-0.003989792702886837,-4040.2143048687926,38.22904262067818
-4475.862931465731,-0.003989792702886837,-4040.2143048687926,38.22904262067818
-4474.452226113055,-0.003989792702886837,-4040.2143048687926,38.22904262067818
-4473.041520760379,-0.003989792702886837,-4040.2143048687926,38.22904262067818
-4471.630815407702,-0.003989792702886837,-4040.2143048687926,38.22904262067818
-4470.220110055026,-0.003989792702886837,-4040.2143048687926,38.22904262067818
-4468.80940470235,-0.003989792702886837,-4040.2143048687926,38.22904262067818
-4467.398699349674,-0.003989792702886837,-4040.2143048687926,38.22904262067818
-4465.987993996997,-0.003989792702886837,-4040.2143048687926,38.22904262067818
-4464.57728864432,-0.003989792702886837,-4040.2143048687926,38.22904262067818
-4463.166583291644,-0.003989792702886837,-4040.2143048687926,38.22904262067818
-4461.755877938968,-0.003989792702886837,-4040.2143048687926,38.22904262067818
-4460.345172586292,-0.003989792702886837,-4040.2143048687926,38.22904262067818
-4458.934467233616,-0.003989792702886837,-4040.2143048687926,38.22904262067818
-4457.523761880939,-0.003989792702886837,-4040.2143048687926,38.22904262067818
-4456.113056528263,-0.003989792702886837,-4040.2143048687926,38.22904262067818
-4454.702351175586,-0.003989792702886837,-4040.2143048687926,38.22904262067818
-4453.29164582291,-0.003989792702886837,-4040.2143048687926,38.22904262067818
-4451.880940470233,-0.003989792702886837,-4040.2143048687926,38.22904262067818
-4450.470235117557,-0.003989792702886837,-4040.2143048687926,38.22904262067818
-4449.0595297648815,-0.003989792702886837,-4040.2143048687926,38.22904262067818
-4447.648824412205,-0.003989792702886837,-4040.2143048687926,38.22904262067818
-4446.238119059529,-0.003989792702886837,-4040.2143048687926,38.22904262067818
-4444.827413706852,-0.003989792702886837,-4040.2143048687926,38.22904262067818
-4443.416708354175,-0.003989792702886837,-4040.2143048687926,38.22904262067818
-4442.006003001499,-0.003989792702886837,-4040.2143048687926,38.22904262067818
-4440.595297648822,-0.003989792702886837,-4040.2143048687926,38.22904262067818
-4439.1845922961475,-0.003989792702886837,-4040.2143048687926,38.22904262067818
-4437.773886943471,-0.003989792702886837,-4040.2143048687926,38.22904262067818
-4436.363181590794,-0.003989792702886837,-4040.2143048687926,38.22904262067818
-4434.952476238118,-0.003989792702886837,-4040.2143048687926,38.22904262067818
-4433.541770885441,-0.003989792702886837,-4040.2143048687926,38.22904262067818
-4432.131065532765,-0.003989792702886837,-4040.2143048687926,38.22904262067818
-4430.720360180088,-0.003989792702886837,-4040.2143048687926,38.22904262067818
-4429.3096548274125,-0.003989792702886837,-4040.2143048687926,38.22904262067818
-4427.898949474737,-0.003989792702886837,-4040.2143048687926,38.22904262067818
-4426.48824412206,-0.003989792702886837,-4040.2143048687926,38.22904262067818
-4425.077538769384,-0.003989792702886837,-4040.2143048687926,38.22904262067818
-4423.666833416707,-0.003989792702886837,-4040.2143048687926,38.22904262067818
-4422.25612806403,-0.003989792702886837,-4040.2143048687926,38.22904262067818
-4420.845422711354,-0.003989792702886837,-4040.2143048687926,38.22904262067818
-4419.4347173586775,-0.003989792702886837,-4040.2143048687926,38.22904262067818
-4418.024012006002,-0.003989792702886837,-4040.2143048687926,38.22904262067818
-4416.613306653326,-0.0039890662221618136,-4040.2143048687926,38.22904262067818
-4415.202601300649,-0.003988749878106168,-4040.2143048687926,38.22904262067818
-4413.791895947973,-0.003988364792907275,-4040.2143048687926,38.22904262067818
-4412.381190595296,-0.003987911253079242,-4040.2143048687926,38.22904262067818
-4410.97048524262,-0.0039873884319880865,-4040.2143048687926,38.22904262067818
-4409.5597798899435,-0.00398679973197643,-4040.2143048687926,38.22904262067818
-4408.149074537267,-0.003986141795108808,-4040.2143048687926,38.22904262067818
-4406.738369184592,-0.003985421923562815,-4040.2143048687926,38.22904262067818
-4405.327663831915,-0.0039846402689912176,-4040.2143048687926,38.22904262067818
-4403.916958479239,-0.003983799126839728,-4040.2143048687926,38.22904262067818
-4402.506253126562,-0.003982901106149086,-4040.2143048687926,38.22904262067818
-4401.095547773885,-0.0039819489697847845,-4040.2143048687926,38.22904262067818
-4399.684842421209,-0.003980944444927507,-4040.2143048687926,38.22904262067818
-4398.274137068533,-0.003979892986034318,-4040.2143048687926,38.22904262067818
-4396.863431715857,-0.003978798400463842,-4040.2143048687926,38.22904262067818
-4395.452726363181,-0.003977664753818411,-4040.2143048687926,38.22904262067818
-4394.042021010504,-0.003976496355008176,-4040.2143048687926,38.22904262067818
-4392.631315657828,-0.00397529774000287,-4040.2143048687926,38.22904262067818
-4391.220610305151,-0.003974073654319929,-4040.2143048687926,38.22904262067818
-4389.809904952475,-0.003972828699801791,-4040.2143048687926,38.22904262067818
-4388.3991995997985,-0.003971568424944899,-4040.2143048687926,38.22904262067818
-4386.988494247122,-0.003970298434938648,-4040.2143048687926,38.22904262067818
-4385.577788894446,-0.003969024127697176,-4040.2143048687926,38.22904262067818
-4384.16708354177,-0.003967751001488699,-4040.2143048687926,38.22904262067818
-4382.756378189094,-0.003966484631029784,-4040.2143048687926,38.22904262067818
-4381.345672836417,-0.003965230642862316,-4040.2143048687926,38.22904262067818
-4379.93496748374,-0.003963994767410197,-4040.2143048687926,38.22904262067818
-4378.5242621310645,-0.00396278368024838,-4040.2143048687926,38.22904262067818
-4377.113556778388,-0.003961602283438332,-4040.2143048687926,38.22904262067818
-4375.702851425712,-0.00396045641466252,-4040.2143048687926,38.22904262067818
-4374.292146073035,-0.003959351281689538,-4040.2143048687926,38.22904262067818
-4372.881440720359,-0.003958292345513234,-4040.2143048687926,38.22904262067818
-4371.470735367683,-0.003957284690641739,-4040.2143048687926,38.22904262067818
-4370.060030015006,-0.003956333676079012,-4040.2143048687926,38.22904262067818
-4368.64932466233,-0.0039554455380160225,-4040.2143048687926,38.22904262067818
-4367.238619309654,-0.003954624784697759,-4040.2143048687926,38.22904262067818
-4365.827913956977,-0.003953874823358636,-4040.2143048687926,38.22904262067818
-4364.417208604301,-0.003953199767178225,-4040.2143048687926,38.22904262067818
-4363.006503251624,-0.003952603434800681,-4040.2143048687926,38.22904262067818
-4361.595797898949,-0.0039520893275797305,-4040.2143048687926,38.22904262067818
-4360.185092546272,-0.003951660607848301,-4040.2143048687926,38.22904262067818
-4358.774387193595,-0.003951320391136008,-4040.2143048687926,38.22904262067818
-4357.3636818409195,-0.003951072578898789,-4040.2143048687926,38.22904262067818
-4355.952976488243,-0.003950918742602909,-4040.2143048687926,38.22904262067818
-4354.542271135567,-0.003950859480031556,-4040.2143048687926,38.22904262067818
-4353.13156578289,-0.0039508956645207165,-4040.2143048687926,38.22904262067818
-4351.720860430214,-0.003951027975015182,-4040.2143048687926,38.22904262067818
-4350.310155077538,-0.003951256635174065,-4040.2143048687926,38.22904262067818
-4348.899449724861,-0.003951581403986066,-4040.2143048687926,38.22904262067818
-4347.4887443721855,-0.003952003713210844,-4040.2143048687926,38.22904262067818
-4346.078039019509,-0.0039525215859978835,-4040.2143048687926,38.22904262067818
-4344.667333666832,-0.003953131788051235,-4040.2143048687926,38.22904262067818
-4343.256628314156,-0.003953832098739105,-4040.2143048687926,38.22904262067818
-4341.845922961479,-0.003954619816022208,-4040.2143048687926,38.22904262067818
-4340.435217608804,-0.003955491759757442,-4040.2143048687926,38.22904262067818
-4339.024512256127,-0.003956444277154894,-4040.2143048687926,38.22904262067818
-4337.6138069034505,-0.003957473510030551,-4040.2143048687926,38.22904262067818
-4336.203101550775,-0.003958576892329054,-4040.2143048687926,38.22904262067818
-4334.792396198098,-0.003959746677913046,-4040.2143048687926,38.22904262067818
-4333.381690845422,-0.003960977366645641,-4040.2143048687926,38.22904262067818
-4331.970985492745,-0.003962263046833476,-4040.2143048687926,38.22904262067818
-4330.560280140068,-0.0039635974192548116,-4040.2143048687926,38.22904262067818
-4329.149574787393,-0.003964973814656445,-4040.2143048687926,38.22904262067818
-4327.738869434716,-0.003966385218195699,-4040.2143048687926,38.22904262067818
-4326.3281640820405,-0.003967824747965226,-4040.2143048687926,38.22904262067818
-4324.917458729364,-0.003969284139060318,-4040.2143048687926,38.22904262067818
-4323.506753376687,-0.003970754917337874,-4040.2143048687926,38.22904262067818
-4322.096048024011,-0.003972228989850792,-4040.2143048687926,38.22904262067818
-4320.685342671334,-0.003973697985589286,-4040.2143048687926,38.22904262067818
-4319.274637318658,-0.00397515340167626,-4040.2143048687926,38.22904262067818
-4317.863931965982,-0.003976586616506307,-4040.2143048687926,38.22904262067818
-4316.453226613306,-0.003977988705541494,-4040.2143048687926,38.22904262067818
-4315.04252126063,-0.003979349231628962,-4040.2143048687926,38.22904262067818
-4313.631815907953,-0.003980660451042783,-4040.2143048687926,38.22904262067818
-4312.221110555277,-0.003981913584828904,-4040.2143048687926,38.22904262067818
-4310.8104052026,-0.003983099926696878,-4040.2143048687926,38.22904262067818
-4309.399699849923,-0.003984210878374103,-4040.2143048687926,38.22904262067818
-4307.988994497247,-0.003985238001871438,-4040.2143048687926,38.22904262067818
-4306.5782891445715,-0.0039861730218383445,-4040.2143048687926,38.22904262067818
-4305.167583791896,-0.0039870054056439595,-4040.2143048687926,38.22904262067818
-4303.756878439219,-0.003987727778318076,-4040.2143048687926,38.22904262067818
-4302.346173086542,-0.0039883342898816,-4040.2143048687926,38.22904262067818
-4300.935467733866,-0.003988817861594392,-4040.2143048687926,38.22904262067818
-4299.524762381189,-0.003989172014118583,-4040.2143048687926,38.22904262067818
-4298.114057028513,-0.003989390434397656,-4040.2143048687926,38.22904262067818
-4296.7033516758365,-0.003989467290934673,-4040.2143048687926,38.22904262067818
-4295.292646323161,-0.003989396989242471,-4040.2143048687926,38.22904262067818
-4293.881940970485,-0.003989169978540837,-4040.2143048687926,38.22904262067818
-4292.471235617808,-0.003988787326884493,-4040.2143048687926,38.22904262067818
-4291.060530265132,-0.003988245612565055,-4040.2143048687926,38.22904262067818
-4289.649824912455,-0.003987542096400833,-4040.2143048687926,38.22904262067818
-4288.239119559778,-0.003986674705384275,-4040.2143048687926,38.22904262067818
-4286.8284142071025,-0.003985641992739467,-4040.2143048687926,38.22904262067818
-4285.417708854427,-0.0039844432795764165,-4040.2143048687926,38.22904262067818
-4284.007003501751,-0.0039830747333668304,-4040.2143048687926,38.22904262067818
-4282.596298149074,-0.003981538966671395,-4040.2143048687926,38.22904262067818
-4281.185592796397,-0.003979839568499945,-4040.2143048687926,38.22904262067818
-4279.774887443721,-0.003977979088825239,-4040.2143048687926,38.22904262067818
-4278.364182091044,-0.003975960788182149,-4040.2143048687926,38.22904262067818
-4276.953476738368,-0.003973788618808208,-4040.2143048687926,38.22904262067818
-4275.542771385692,-0.003971467310278794,-4040.2143048687926,38.22904262067818
-4274.132066033016,-0.003969001770931693,-4040.2143048687926,38.22904262067818
-4272.72136068034,-0.003966394512846878,-4040.2143048687926,38.22904262067818
-4271.310655327663,-0.003963657572963555,-4040.2143048687926,38.22904262067818
-4269.899949974987,-0.003960798813144348,-4040.2143048687926,38.22904262067818
-4268.48924462231,-0.003957826814709668,-4040.2143048687926,38.22904262067818
-4267.078539269633,-0.003954750856815389,-4040.2143048687926,38.22904262067818
-4265.6678339169575,-0.003951580891414491,-4040.2143048687926,38.22904262067818
-4264.257128564281,-0.003948327514824986,-4040.2143048687926,38.22904262067818
-4262.846423211606,-0.003945000531264108,-4040.2143048687926,38.22904262067818
-4261.435717858929,-0.003941613090283246,-4040.2143048687926,38.22904262067818
-4260.025012506252,-0.003938178651562728,-4040.2143048687926,38.22904262067818
-4258.614307153576,-0.003934710096313849,-4040.2143048687926,38.22904262067818
-4257.203601800899,-0.003931220748898588,-4040.2143048687926,38.22904262067818
-4255.7928964482235,-0.003927724328513767,-4040.2143048687926,38.22904262067818
-4254.382191095547,-0.00392423489807174,-4040.2143048687926,38.22904262067818
-4252.97148574287,-0.0039207669774975985,-4040.2143048687926,38.22904262067818
-4251.560780390195,-0.0039173369193979445,-4040.2143048687926,38.22904262067818
-4250.150075037518,-0.00391395879361727,-4040.2143048687926,38.22904262067818
-4248.739369684842,-0.003910647268903905,-4040.2143048687926,38.22904262067818
-4247.328664332165,-0.003907417893410229,-4040.2143048687926,38.22904262067818
-4245.9179589794885,-0.003904284925811906,-4040.2143048687926,38.22904262067818
-4244.507253626813,-0.00390126337231366,-4040.2143048687926,38.22904262067818
-4243.096548274136,-0.00389836744668301,-4040.2143048687926,38.22904262067818
-4241.68584292146,-0.003895616102167168,-4040.2143048687926,38.22904262067818
-4240.275137568784,-0.0038930225040672336,-4040.2143048687926,38.22904262067818
-4238.864432216107,-0.003890598270930636,-4040.2143048687926,38.22904262067818
-4237.453726863431,-0.003888356612918096,-4040.2143048687926,38.22904262067818
-4236.043021510754,-0.003886310211601397,-4040.2143048687926,38.22904262067818
-4234.6323161580785,-0.003884471148716916,-4040.2143048687926,38.22904262067818
-4233.221610805402,-0.0038828508356814205,-4040.2143048687926,38.22904262067818
-4231.810905452725,-0.0038814610894029734,-4040.2143048687926,38.22904262067818
-4230.400200100049,-0.0038803191237544153,-4040.2143048687926,38.22904262067818
-4228.989494747373,-0.003879426073471032,-4040.2143048687926,38.22904262067818
-4227.578789394697,-0.003878784878076395,-4040.2143048687926,38.22904262067818
-4226.16808404202,-0.0038784122941361225,-4040.2143048687926,38.22904262067818
-4224.757378689344,-0.003878309220662015,-4040.2143048687926,38.22904262067818
-4223.346673336668,-0.003878480317691671,-4040.2143048687926,38.22904262067818
-4221.935967983991,-0.0038789290478190666,-4040.2143048687926,38.22904262067818
-4220.525262631315,-0.0038796643977633397,-4040.2143048687926,38.22904262067818
-4219.114557278638,-0.0038806844857969367,-4040.2143048687926,38.22904262067818
-4217.703851925962,-0.0038819846643645263,-4040.2143048687926,38.22904262067818
-4216.293146573286,-0.0038835629027652533,-4040.2143048687926,38.22904262067818
-4214.8824412206095,-0.003885415731165168,-4040.2143048687926,38.22904262067818
-4213.471735867934,-0.0038875382060637653,-4040.2143048687926,38.22904262067818
-4212.061030515257,-0.0038899238800819474,-4040.2143048687926,38.22904262067818
-4210.65032516258,-0.0038925660022177152,-4040.2143048687926,38.22904262067818
-4209.239619809904,-0.0038954614969239406,-4040.2143048687926,38.22904262067818
-4207.828914457228,-0.0038985904974800306,-4040.2143048687926,38.22904262067818
-4206.418209104552,-0.0039019401154400703,-4040.2143048687926,38.22904262067818
-4205.007503751875,-0.0039054958787210384,-4040.2143048687926,38.22904262067818
-4203.596798399199,-0.003909241732322469,-4040.2143048687926,38.22904262067818
-4202.186093046523,-0.0039131600435153326,-4040.2143048687926,38.22904262067818
-4200.775387693846,-0.003917231614481374,-4040.2143048687926,38.22904262067818
-4199.36468234117,-0.003921438337333784,-4040.2143048687926,38.22904262067818
-4197.953976988493,-0.003925755198451578,-4040.2143048687926,38.22904262067818
-4196.543271635817,-0.003930156581293023,-4040.2143048687926,38.22904262067818
-4195.132566283141,-0.003934616613959258,-4040.2143048687926,38.22904262067818
-4193.721860930465,-0.003939108673180428,-4040.2143048687926,38.22904262067818
-4192.311155577789,-0.003943604522016397,-4040.2143048687926,38.22904262067818
-4190.900450225112,-0.003948074637295748,-4040.2143048687926,38.22904262067818
-4189.489744872435,-0.003952487971621746,-4040.2143048687926,38.22904262067818
-4188.079039519759,-0.003956808508811856,-4040.2143048687926,38.22904262067818
-4186.668334167082,-0.003961004485809983,-4040.2143048687926,38.22904262067818
-4185.257628814407,-0.003965041804356922,-4040.2143048687926,38.22904262067818
-4183.8469234617305,-0.003968885244246694,-4040.2143048687926,38.22904262067818
-4182.436218109054,-0.00397249869542353,-4040.2143048687926,38.22904262067818
-4181.025512756378,-0.003975845275759718,-4040.2143048687926,38.22904262067818
-4179.614807403701,-0.003978887414559539,-4040.2143048687926,38.22904262067818
-4178.204102051025,-0.003981577500591142,-4040.2143048687926,38.22904262067818
-4176.793396698348,-0.0039838782892826895,-4040.2143048687926,38.22904262067818
-4175.382691345671,-0.003985755489043774,-4040.2143048687926,38.22904262067818
-4173.971985992996,-0.003987169964714431,-4040.2143048687926,38.22904262067818
-4172.56128064032,-0.00398808200761719,-4040.2143048687926,38.22904262067818
-4171.150575287644,-0.003988451779253811,-4040.2143048687926,38.22904262067818
-4169.739869934967,-0.003988240598611805,-4040.2143048687926,38.22904262067818
-4168.32916458229,-0.0039874053906282505,-4040.2143048687926,38.22904262067818
-4166.918459229614,-0.003985887250573733,-4040.2143048687926,38.22904262067818
-4165.507753876937,-0.003983668202793226,-4040.2143048687926,38.22904262067818
-4164.0970485242615,-0.003980710806628876,-4040.2143048687926,38.22904262067818
-4162.686343171586,-0.003976977958580543,-4040.2143048687926,38.22904262067818
-4161.275637818909,-0.003972433654309307,-4040.2143048687926,38.22904262067818
-4159.864932466233,-0.003967042648995348,-4040.2143048687926,38.22904262067818
-4158.454227113556,-0.003960770903852465,-4040.2143048687926,38.22904262067818
-4157.04352176088,-0.003953562367687488,-4040.2143048687926,38.22904262067818
-4155.632816408203,-0.003945395783271369,-4040.2143048687926,38.22904262067818
-4154.2221110555265,-0.003936250972608623,-4040.2143048687926,38.22904262067818
-4152.811405702851,-0.003926100597182603,-4040.2143048687926,38.22904262067818
-4151.400700350175,-0.003914918775953909,-4040.2143048687926,38.22904262067818
-4149.989994997499,-0.0039026809793188057,-4040.2143048687926,38.22904262067818
-4148.579289644822,-0.0038893646387489654,-4040.2143048687926,38.22904262067818
-4147.168584292145,-0.003874942914350661,-4040.2143048687926,38.22904262067818
-4145.757878939469,-0.003859366345850512,-4040.2143048687926,38.22904262067818
-4144.347173586792,-0.003842655222421907,-4040.2143048687926,38.22904262067818
-4142.936468234117,-0.003824796151809624,-4040.2143048687926,38.22904262067818
-4141.525762881441,-0.0038057781961126193,-4040.2143048687926,38.22904262067818
-4140.115057528764,-0.003785592950468748,-4040.2143048687926,38.22904262067818
-4138.704352176088,-0.0037642346218422305,-4040.2143048687926,38.22904262067818
-4137.293646823411,-0.0037417000899511717,-4040.2143048687926,38.22904262067818
-4135.882941470735,-0.0037179596094186877,-4040.2143048687926,38.22904262067818
-4134.472236118058,-0.003693029546437712,-4040.2143048687926,38.22904262067818
-4133.061530765382,-0.0036669313906605946,-4040.2143048687926,38.22904262067818
-4131.650825412706,-0.003639673675576149,-4040.2143048687926,38.22904262067818
-4130.24012006003,-0.0036112678562641135,-4040.2143048687926,38.22904262067818
-4128.829414707354,-0.0035817283314866335,-4040.2143048687926,38.22904262067818
-4127.418709354677,-0.0035510724583871505,-4040.2143048687926,38.22904262067818
-4126.008004002,-0.003519314256353683,-4040.2143048687926,38.22904262067818
-4124.597298649324,-0.0034864496855247845,-4040.2143048687926,38.22904262067818
-4123.1865932966475,-0.0034525411544312455,-4040.2143048687926,38.22904262067818
-4121.775887943972,-0.003417618263471701,-4040.2143048687926,38.22904262067818
-4120.365182591295,-0.0033817135290272068,-4040.2143048687926,38.22904262067818
-4118.954477238619,-0.0033448623469481643,-4040.2143048687926,38.22904262067818
-4117.543771885943,-0.0033071029510196807,-4040.2143048687926,38.22904262067818
-4116.133066533266,-0.003268476365643677,-4040.2143048687926,38.22904262067818
-4114.72236118059,-0.003229006849220792,-4040.2143048687926,38.22904262067818
-4113.3116558279135,-0.0031887534966725272,-4040.2143048687926,38.22904262067818
-4111.900950475237,-0.003147776552282,-4040.2143048687926,38.22904262067818
-4110.490245122561,-0.003106127850764211,-4040.2143048687926,38.22904262067818
-4109.079539769884,-0.003063861624171645,-4040.2143048687926,38.22904262067818
-4107.668834417209,-0.003021034402668128,-4040.2143048687926,38.22904262067818
-4106.258129064532,-0.002977704909104233,-4040.2143048687926,38.22904262067818
-4104.847423711855,-0.002933931653583294,-4040.2143048687926,38.22904262067818
-4103.436718359179,-0.0028897706738352075,-4040.2143048687926,38.22904262067818
-4102.026013006503,-0.00284530115268057,-4040.2143048687926,38.22904262067818
-4100.615307653827,-0.002800589595939912,-4040.2143048687926,38.22904262067818
-4099.20460230115,-0.0027557040454392087,-4040.2143048687926,38.22904262067818
-4097.793896948473,-0.0027107139347495807,-4040.2143048687926,38.22904262067818
-4096.383191595798,-0.0026656899400216193,-4040.2143048687926,38.22904262067818
-4094.972486243121,-0.0026207038263133496,-4040.2143048687926,38.22904262067818
-4093.5617808904453,-0.0025758266788375494,-4040.2143048687926,38.22904262067818
-4092.1510755377685,-0.0025311468188742798,-4040.2143048687926,38.22904262067818
-4090.7403701850917,-0.002486731916475413,-4040.2143048687926,38.22904262067818
-4089.329664832416,-0.002442655885242182,-4040.2143048687926,38.22904262067818
-4087.9189594797394,-0.0023989934861022777,-4040.2143048687926,38.22904262067818
-4086.5082541270635,-0.002355819539071593,-4040.2143048687926,38.22904262067818
-4085.0975487743867,-0.0023132087492121626,-4040.2143048687926,38.22904262067818
-4083.6868434217104,-0.002271240061397414,-4040.2143048687926,38.22904262067818
-4082.2761380690345,-0.0022300094565196344,-4040.2143048687926,38.22904262067818
-4080.8654327163576,-0.0021895697028824625,-4040.2143048687926,38.22904262067818
-4079.4547273636817,-0.0021499931498085902,-4040.2143048687926,38.22904262067818
-4078.044022011005,-0.002111351122537934,-4040.2143048687926,38.22904262067818
-4076.6333166583286,-0.002073713750268571,-4040.2143048687926,38.22904262067818
-4075.2226113056527,-0.002037149796270851,-4040.2143048687926,38.22904262067818
-4073.811905952976,-0.002001726490540416,-4040.2143048687926,38.22904262067818
-4072.4012006003,-0.001967542133032785,-4040.2143048687926,38.22904262067818
-4070.9904952476236,-0.0019346482212585364,-4040.2143048687926,38.22904262067818
-4069.5797898949468,-0.001903090664376752,-4040.2143048687926,38.22904262067818
-4068.169084542271,-0.0018729286245607025,-4040.2143048687926,38.22904262067818
-4066.7583791895945,-0.0018442189200936015,-4040.2143048687926,38.22904262067818
-4065.3476738369186,-0.0018170158842709524,-4040.2143048687926,38.22904262067818
-4063.936968484242,-0.0017913712300161085,-4040.2143048687926,38.22904262067818
-4062.526263131565,-0.001767344770148211,-4040.2143048687926,38.22904262067818
-4061.1155577788895,-0.0017450267025330658,-4040.2143048687926,38.22904262067818
-4059.7048524262127,-0.001724408425593274,-4040.2143048687926,38.22904262067818
-4058.294147073537,-0.0017055295027563295,-4040.2143048687926,38.22904262067818
-4056.88344172086,-0.0016884262805425898,-4040.2143048687926,38.22904262067818
-4055.4727363681836,-0.0016731317970807326,-4040.2143048687926,38.22904262067818
-4054.0620310155077,-0.0016596756987024247,-4040.2143048687926,38.22904262067818
-4052.651325662831,-0.0016480841648515766,-4040.2143048687926,38.22904262067818
-4051.240620310155,-0.0016384292627062741,-4040.2143048687926,38.22904262067818
-4049.8299149574786,-0.0016307056535062162,-4040.2143048687926,38.22904262067818
-4048.419209604802,-0.0016249045072026878,-4040.2143048687926,38.22904262067818
-4047.008504252126,-0.0016209297681466645,-4040.2143048687926,38.22904262067818
-4045.597798899449,-0.0016190031850733264,-4040.2143048687926,38.22904262067818
-4044.1870935467737,-0.001619021669018379,-4040.2143048687926,38.22904262067818
-4042.776388194097,-0.001620985256593478,-4040.2143048687926,38.22904262067818
-4041.36568284142,-0.0016249033377136969,-4040.2143048687926,38.22904262067818
-4039.954977488744,-0.0016308161097754888,-4040.2143048687926,38.22904262067818
-4038.544272136068,-0.0016386503467458327,-4040.2143048687926,38.22904262067818
-4037.133566783392,-0.0016483907075825733,-4040.2143048687926,38.22904262067818
-4035.722861430715,-0.0016600182096496762,-4040.2143048687926,38.22904262067818
-4034.3121560780382,-0.0016735102770115457,-4040.2143048687926,38.22904262067818
-4032.901450725363,-0.0016888407976245524,-4040.2143048687926,38.22904262067818
-4031.490745372686,-0.0017059801892638613,-4040.2143048687926,38.22904262067818
-4030.08004002001,-0.0017249408432292181,-4040.2143048687926,38.22904262067818
-4028.6693346673333,-0.0017456597245781072,-4040.2143048687926,38.22904262067818
-4027.258629314657,-0.0017680749758388031,-4040.2143048687926,38.22904262067818
-4025.847923961981,-0.00179214356094931,-4040.2143048687926,38.22904262067818
-4024.437218609304,-0.0018178194486582725,-4040.2143048687926,38.22904262067818
-4023.0265132566283,-0.0018450537300883072,-4040.2143048687926,38.22904262067818
-4021.615807903952,-0.0018737947410786106,-4040.2143048687926,38.22904262067818
-4020.205102551275,-0.0019039979311345247,-4040.2143048687926,38.22904262067818
-4018.794397198599,-0.001935637690102879,-4040.2143048687926,38.22904262067818
-4017.3836918459224,-0.0019686088027813533,-4040.2143048687926,38.22904262067818
-4015.972986493247,-0.0020028496596357585,-4040.2143048687926,38.22904262067818
-4014.56228114057,-0.002038296629062854,-4040.2143048687926,38.22904262067818
-4013.1515757878933,-0.0020748842140541827,-4040.2143048687926,38.22904262067818
-4011.7408704352174,-0.0021125452128059495,-4040.2143048687926,38.22904262067818
-4010.330165082541,-0.002151210882830768,-4040.2143048687926,38.22904262067818
-4008.919459729865,-0.0021908336637612826,-4040.2143048687926,38.22904262067818
-4007.5087543771883,-0.0022313249760219527,-4040.2143048687926,38.22904262067818
-4006.098049024512,-0.0022726010273910347,-4040.2143048687926,38.22904262067818
-4004.687343671836,-0.0023145885231457605,-4040.2143048687926,38.22904262067818
-4003.2766383191592,-0.0023572135331369707,-4040.2143048687926,38.22904262067818
-4001.8659329664833,-0.0024004016527959557,-4040.2143048687926,38.22904262067818
-4000.455227613807,-0.002444078168169127,-4040.2143048687926,38.22904262067818
-3999.04452226113,-0.0024881706627678316,-4040.2143048687926,38.22904262067818
-3997.6338169084543,-0.0025326087119712758,-4040.2143048687926,38.22904262067818
-3996.2231115557775,-0.002577304823585548,-4040.2143048687926,38.22904262067818
-3994.8124062031015,-0.002622184924171428,-4040.2143048687926,38.22904262067818
-3993.401700850425,-0.002667175537321171,-4040.2143048687926,38.22904262067818
-3991.9909954977484,-0.0027122039487805527,-4040.2143048687926,38.22904262067818
-3990.5802901450725,-0.0027571983682884117,-4040.2143048687926,38.22904262067818
-3989.169584792396,-0.002802088089461089,-4040.2143048687926,38.22904262067818
-3987.75887943972,-0.0028467970221909902,-4040.2143048687926,38.22904262067818
-3986.3481740870434,-0.0028912560610271443,-4040.2143048687926,38.22904262067818
-3984.9374687343666,-0.0029354009694242678,-4040.2143048687926,38.22904262067818
-3983.526763381691,-0.002979167118461889,-4040.2143048687926,38.22904262067818
-3982.1160580290143,-0.0030224917077226357,-4040.2143048687926,38.22904262067818
-3980.7053526763384,-0.003065313891498968,-4040.2143048687926,38.22904262067818
-3979.2946473236616,-0.0031075748986997154,-4040.2143048687926,38.22904262067818
-3977.8839419709852,-0.003149213123676993,-4040.2143048687926,38.22904262067818
-3976.4732366183093,-0.003190155787684666,-4040.2143048687926,38.22904262067818
-3975.0625312656325,-0.00323037044605468,-4040.2143048687926,38.22904262067818
-3973.6518259129566,-0.0032698080571061878,-4040.2143048687926,38.22904262067818
-3972.2411205602803,-0.0033084221521759217,-4040.2143048687926,38.22904262067818
-3970.8304152076034,-0.0033461689227324487,-4040.2143048687926,38.22904262067818
-3969.4197098549275,-0.003383007287369202,-4040.2143048687926,38.22904262067818
-3968.0090045022507,-0.0034188989508510607,-4040.2143048687926,38.22904262067818
-3966.5982991495753,-0.003453781186956807,-4040.2143048687926,38.22904262067818
-3965.1875937968985,-0.0034876347158133863,-4040.2143048687926,38.22904262067818
-3963.7768884442216,-0.003520441786360995,-4040.2143048687926,38.22904262067818
-3962.3661830915457,-0.0035521760713221186,-4040.2143048687926,38.22904262067818
-3960.9554777388694,-0.0035828142230583844,-4040.2143048687926,38.22904262067818
-3959.5447723861935,-0.0036123358376066524,-4040.2143048687926,38.22904262067818
-3958.1340670335167,-0.0036407235058129083,-4040.2143048687926,38.22904262067818
-3956.72336168084,-0.00366795388043051,-4040.2143048687926,38.22904262067818
-3955.3126563281644,-0.0036939884647670357,-4040.2143048687926,38.22904262067818
-3953.9019509754876,-0.003718854691805791,-4040.2143048687926,38.22904262067818
-3952.4912456228117,-0.003742545179758191,-4040.2143048687926,38.22904262067818
-3951.080540270135,-0.0037650591993087174,-4040.2143048687926,38.22904262067818
-3949.6698349174585,-0.0037863973289335817,-4040.2143048687926,38.22904262067818
-3948.2591295647826,-0.0038065621667504545,-4040.2143048687926,38.22904262067818
-3946.848424212106,-0.003825559465429552,-4040.2143048687926,38.22904262067818
-3945.43771885943,-0.0038433665925993667,-4040.2143048687926,38.22904262067818
-3944.0270135067535,-0.003860013085971506,-4040.2143048687926,38.22904262067818
-3942.6163081540767,-0.0038755263461407977,-4040.2143048687926,38.22904262067818
-3941.205602801401,-0.0038899226678794805,-4040.2143048687926,38.22904262067818
-3939.7948974487244,-0.0039032191649371445,-4040.2143048687926,38.22904262067818
-3938.3841920960485,-0.0039154363616233125,-4040.2143048687926,38.22904262067818
-3936.9734867433717,-0.003926598574665812,-4040.2143048687926,38.22904262067818
-3935.562781390695,-0.003936720574140799,-4040.2143048687926,38.22904262067818
-3934.152076038019,-0.003945807935050579,-4040.2143048687926,38.22904262067818
-3932.7413706853426,-0.003953920546192616,-4040.2143048687926,38.22904262067818
-3931.3306653326667,-0.003961088301979256,-4040.2143048687926,38.22904262067818
-3929.91995997999,-0.003967342585622561,-4040.2143048687926,38.22904262067818
-3928.5092546273136,-0.003972716148259993,-4040.2143048687926,38.22904262067818
-3927.0985492746377,-0.003977243002719311,-4040.2143048687926,38.22904262067818
-3925.687843921961,-0.003980958181231515,-4040.2143048687926,38.22904262067818
-3924.277138569285,-0.003983877809578875,-4040.2143048687926,38.22904262067818
-3922.8664332166086,-0.003986053280201332,-4040.2143048687926,38.22904262067818
-3921.4557278639318,-0.0039875312945227455,-4040.2143048687926,38.22904262067818
-3920.045022511256,-0.003988349811852413,-4040.2143048687926,38.22904262067818
-3918.634317158579,-0.003988547629711631,-4040.2143048687926,38.22904262067818
-3917.2236118059036,-0.003988164384349987,-4040.2143048687926,38.22904262067818
-3915.812906453227,-0.0039872392467315415,-4040.2143048687926,38.22904262067818
-3914.40220110055,-0.003985807976641065,-4040.2143048687926,38.22904262067818
-3912.991495747874,-0.003983901695069293,-4040.2143048687926,38.22904262067818
-3911.5807903951977,-0.003981575194778599,-4040.2143048687926,38.22904262067818
-3910.170085042522,-0.003978867425577419,-4040.2143048687926,38.22904262067818
-3908.759379689845,-0.003975816979105545,-4040.2143048687926,38.22904262067818
-3907.348674337168,-0.003972462698908133,-4040.2143048687926,38.22904262067818
-3905.9379689844927,-0.003968841161809941,-4040.2143048687926,38.22904262067818
-3904.527263631816,-0.003964989562180549,-4040.2143048687926,38.22904262067818
-3903.11655827914,-0.003960939913551313,-4040.2143048687926,38.22904262067818
-3901.705852926463,-0.0039567324503596525,-4040.2143048687926,38.22904262067818
-3900.295147573787,-0.003952403461003377,-4040.2143048687926,38.22904262067818
-3898.884442221111,-0.003947986058071248,-4040.2143048687926,38.22904262067818
-3897.473736868434,-0.003943512232711822,-4040.2143048687926,38.22904262067818
-3896.063031515758,-0.003939012785439974,-4040.2143048687926,38.22904262067818
-3894.652326163082,-0.003934517262539883,-4040.2143048687926,38.22904262067818
-3893.241620810405,-0.003930054402744129,-4040.2143048687926,38.22904262067818
-3891.830915457729,-0.003925653679648793,-4040.2143048687926,38.22904262067818
-3890.4202101050523,-0.003921339398761714,-4040.2143048687926,38.22904262067818
-3889.009504752377,-0.003917135357542965,-4040.2143048687926,38.22904262067818
-3887.5987993997,-0.003913063858082133,-4040.2143048687926,38.22904262067818
-3886.1880940470232,-0.003909145678353577,-4040.2143048687926,38.22904262067818
-3884.7773886943473,-0.0039053999885178383,-4040.2143048687926,38.22904262067818
-3883.366683341671,-0.003901844284740448,-4040.2143048687926,38.22904262067818
-3881.955977988995,-0.003898501679578547,-4040.2143048687926,38.22904262067818
-3880.5452726363183,-0.0038953828410858192,-4040.2143048687926,38.22904262067818
-3879.1345672836414,-0.0038924981692709253,-4040.2143048687926,38.22904262067818
-3877.723861930966,-0.003889859623018582,-4040.2143048687926,38.22904262067818
-3876.313156578289,-0.003887476358038833,-4040.2143048687926,38.22904262067818
-3874.9024512256133,-0.0038853563839164906,-4040.2143048687926,38.22904262067818
-3873.4917458729365,-0.0038835061794903073,-4040.2143048687926,38.22904262067818
-3872.08104052026,-0.0038819330982282504,-4040.2143048687926,38.22904262067818
-3870.670335167584,-0.0038806466880377567,-4040.2143048687926,38.22904262067818
-3869.2596298149074,-0.0038796405902249897,-4040.2143048687926,38.22904262067818
-3867.8489244622315,-0.0038789103289324097,-4040.2143048687926,38.22904262067818
-3866.438219109555,-0.0038784648618331017,-4040.2143048687926,38.22904262067818
-3865.0275137568783,-0.003878297125523639,-4040.2143048687926,38.22904262067818
-3863.6168084042024,-0.0038784036819008265,-4040.2143048687926,38.22904262067818
-3862.206103051526,-0.003878779892689259,-4040.2143048687926,38.22904262067818
-3860.7953976988497,-0.0038794271252025974,-4040.2143048687926,38.22904262067818
-3859.3846923461733,-0.003880333495397067,-4040.2143048687926,38.22904262067818
-3857.9739869934965,-0.0038814881928858876,-4040.2143048687926,38.22904262067818
-3856.563281640821,-0.003882882252806206,-4040.2143048687926,38.22904262067818
-3855.1525762881442,-0.003884505830311385,-4040.2143048687926,38.22904262067818
-3853.741870935468,-0.003886348268150113,-4040.2143048687926,38.22904262067818
-3852.3311655827915,-0.003888398165514519,-4040.2143048687926,38.22904262067818
-3850.920460230115,-0.0038906450432921146,-4040.2143048687926,38.22904262067818
-3849.5097548774393,-0.0038930793544097045,-4040.2143048687926,38.22904262067818
-3848.0990495247624,-0.0038956820112937235,-4040.2143048687926,38.22904262067818
-3846.688344172086,-0.0038984392943068103,-4040.2143048687926,38.22904262067818
-3845.27763881941,-0.003901337108442656,-4040.2143048687926,38.22904262067818
-3843.8669334667334,-0.0039043610540907114,-4040.2143048687926,38.22904262067818
-3842.4562281140575,-0.0039074964971751195,-4040.2143048687926,38.22904262067818
-3841.0455227613807,-0.003910728638430468,-4040.2143048687926,38.22904262067818
-3839.6348174087047,-0.003914044418993067,-4040.2143048687926,38.22904262067818
-3838.2241120560284,-0.003917426678614694,-4040.2143048687926,38.22904262067818
-3836.8134067033516,-0.003920859696514851,-4040.2143048687926,38.22904262067818
-3835.4027013506757,-0.0039243287074003,-4040.2143048687926,38.22904262067818
-3833.9919959979993,-0.003927819118028812,-4040.2143048687926,38.22904262067818
-3832.581290645323,-0.003931316566081842,-4040.2143048687926,38.22904262067818
-3831.1705852926466,-0.003934806973787033,-4040.2143048687926,38.22904262067818
-3829.75987993997,-0.0039382762998025015,-4040.2143048687926,38.22904262067818
-3828.3491745872943,-0.0039417098240933385,-4040.2143048687926,38.22904262067818
-3826.9384692346175,-0.003945095350792057,-4040.2143048687926,38.22904262067818
-3825.527763881941,-0.00394842060304114,-4040.2143048687926,38.22904262067818
-3824.117058529265,-0.0039516735503210935,-4040.2143048687926,38.22904262067818
-3822.7063531765884,-0.0039548431051230105,-4040.2143048687926,38.22904262067818
-3821.2956478239125,-0.003957918573904322,-4040.2143048687926,38.22904262067818
-3819.8849424712357,-0.003960890193142966,-4040.2143048687926,38.22904262067818
-3818.4742371185594,-0.003963745012641258,-4040.2143048687926,38.22904262067818
-3817.0635317658835,-0.003966476064093247,-4040.2143048687926,38.22904262067818
-3815.6528264132066,-0.003969076928659944,-4040.2143048687926,38.22904262067818
-3814.2421210605307,-0.0039715404336242086,-4040.2143048687926,38.22904262067818
-3812.831415707854,-0.003973860257882012,-4040.2143048687926,38.22904262067818
-3811.420710355178,-0.003976030916486171,-4040.2143048687926,38.22904262067818
-3810.0100050025017,-0.003978047660865785,-4040.2143048687926,38.22904262067818
-3808.599299649825,-0.0039799050295490955,-4040.2143048687926,38.22904262067818
-3807.188594297149,-0.003981596470508258,-4040.2143048687926,38.22904262067818
-3805.7778889444726,-0.00398312428948033,-4040.2143048687926,38.22904262067818
-3804.367183591796,-0.0039844869370563515,-4040.2143048687926,38.22904262067818
-3802.95647823912,-0.003985683601537102,-4040.2143048687926,38.22904262067818
-3801.5457728864435,-0.003986714240236485,-4040.2143048687926,38.22904262067818
-3800.1350675337676,-0.003987579530012984,-4040.2143048687926,38.22904262067818
-3798.724362181091,-0.003988280864364316,-4040.2143048687926,38.22904262067818
-3797.3136568284144,-0.003988815768522762,-4040.2143048687926,38.22904262067818
-3795.9029514757385,-0.003989190267896682,-4040.2143048687926,38.22904262067818
-3794.4922461230617,-0.003989409346749832,-4040.2143048687926,38.22904262067818
-3793.081540770386,-0.0039894769787695294,-4040.2143048687926,38.22904262067818
-3791.670835417709,-0.003989398038434967,-4040.2143048687926,38.22904262067818
-3790.260130065033,-0.003989177611635521,-4040.2143048687926,38.22904262067818
-3788.8494247123567,-0.003988821425937705,-4040.2143048687926,38.22904262067818
-3787.43871935968,-0.003988334475288557,-4040.2143048687926,38.22904262067818
-3786.028014007004,-0.003987721390884396,-4040.2143048687926,38.22904262067818
-3784.6173086543276,-0.003986992979980626,-4040.2143048687926,38.22904262067818
-3783.2066033016513,-0.003986156670042704,-4040.2143048687926,38.22904262067818
-3781.795897948975,-0.00398522027529485,-4040.2143048687926,38.22904262067818
-3780.385192596298,-0.003984191846240969,-4040.2143048687926,38.22904262067818
-3778.9744872436227,-0.003983079371216533,-4040.2143048687926,38.22904262067818
-3777.563781890946,-0.003981891465889648,-4040.2143048687926,38.22904262067818
-3776.1530765382695,-0.0039806350771057295,-4040.2143048687926,38.22904262067818
-3774.742371185593,-0.003979320646605151,-4040.2143048687926,38.22904262067818
-3773.3316658329168,-0.003977957606007361,-4040.2143048687926,38.22904262067818
-3771.920960480241,-0.003976554765294551,-4040.2143048687926,38.22904262067818
-3770.510255127564,-0.003975120919797581,-4040.2143048687926,38.22904262067818
-3769.0995497748877,-0.0039736648117904535,-4040.2143048687926,38.22904262067818
-3767.688844422212,-0.003972195093060243,-4040.2143048687926,38.22904262067818
-3766.278139069535,-0.00397072032528529,-4040.2143048687926,38.22904262067818
-3764.867433716859,-0.003969249368743581,-4040.2143048687926,38.22904262067818
-3763.4567283641823,-0.003967790511140774,-4040.2143048687926,38.22904262067818
-3762.0460230115063,-0.003966351654631469,-4040.2143048687926,38.22904262067818
-3760.63531765883,-0.003964940436808246,-4040.2143048687926,38.22904262067818
-3759.224612306153,-0.003963564202048345,-4040.2143048687926,38.22904262067818
-3757.8139069534773,-0.003962229974631914,-4040.2143048687926,38.22904262067818
-3756.403201600801,-0.0039609444296316585,-4040.2143048687926,38.22904262067818
-3754.9924962481246,-0.003959715547369111,-4040.2143048687926,38.22904262067818
-3753.581790895448,-0.003958548815100015,-4040.2143048687926,38.22904262067818
-3752.1710855427714,-0.003957448786974157,-4040.2143048687926,38.22904262067818
-3750.760380190096,-0.0039564205426062095,-4040.2143048687926,38.22904262067818
-3749.349674837419,-0.003955468735255368,-4040.2143048687926,38.22904262067818
-3747.9389694847428,-0.003954597571780807,-4040.2143048687926,38.22904262067818
-3746.5282641320664,-0.003953810644022546,-4040.2143048687926,38.22904262067818
-3745.11755877939,-0.003953112036175035,-4040.2143048687926,38.22904262067818
-3743.706853426714,-0.003952506266862741,-4040.2143048687926,38.22904262067818
-3742.2961480740373,-0.003951993002986042,-4040.2143048687926,38.22904262067818
-3740.885442721361,-0.003951573928550981,-4040.2143048687926,38.22904262067818
-3739.474737368685,-0.003951249503678038,-4040.2143048687926,38.22904262067818
-3738.0640320160082,-0.003951020948004667,-4040.2143048687926,38.22904262067818
-3736.6533266633323,-0.003950889733916415,-4040.2143048687926,38.22904262067818
-3735.2426213106555,-0.003950854680464991,-4040.2143048687926,38.22904262067818
-3733.8319159579796,-0.003950917873504476,-4040.2143048687926,38.22904262067818
-3732.4212106053033,-0.003951076197690977,-4040.2143048687926,38.22904262067818
-3731.0105052526264,-0.003951327167364074,-4040.2143048687926,38.22904262067818
-3729.5997998999505,-0.003951668766058083,-4040.2143048687926,38.22904262067818
-3728.189094547274,-0.003952098579499083,-4040.2143048687926,38.22904262067818
-3726.778389194598,-0.003952613813511245,-4040.2143048687926,38.22904262067818
-3725.3676838419215,-0.003953211313276049,-4040.2143048687926,38.22904262067818
-3723.956978489245,-0.003953888338411652,-4040.2143048687926,38.22904262067818
-3722.546273136569,-0.003954642223052385,-4040.2143048687926,38.22904262067818
-3721.1355677838924,-0.003955466582576533,-4040.2143048687926,38.22904262067818
-3719.724862431216,-0.003956357003256109,-4040.2143048687926,38.22904262067818
-3718.31415707854,-0.003957308828723153,-4040.2143048687926,38.22904262067818
-3716.9034517258633,-0.003958317185242756,-4040.2143048687926,38.22904262067818
-3715.4927463731874,-0.003959377004322676,-4040.2143048687926,38.22904262067818
-3714.0820410205106,-0.003960483061948209,-4040.2143048687926,38.22904262067818
-3712.6713356678347,-0.0039616310102480075,-4040.2143048687926,38.22904262067818
-3711.2606303151583,-0.003962814246543531,-4040.2143048687926,38.22904262067818
-3709.8499249624815,-0.003964026829354786,-4040.2143048687926,38.22904262067818
-3708.4392196098056,-0.003965263130795157,-4040.2143048687926,38.22904262067818
-3707.0285142571292,-0.003966517496950775,-4040.2143048687926,38.22904262067818
-3705.617808904453,-0.003967784273804961,-4040.2143048687926,38.22904262067818
-3704.2071035517765,-0.003969057834141429,-4040.2143048687926,38.22904262067818
-3702.7963981990997,-0.0039703325571154875,-4040.2143048687926,38.22904262067818
-3701.3856928464243,-0.003971602412884926,-4040.2143048687926,38.22904262067818
-3699.9749874937474,-0.003972862467684857,-4040.2143048687926,38.22904262067818
-3698.564282141071,-0.003974106924594183,-4040.2143048687926,38.22904262067818
-3697.1535767883947,-0.003975330869672316,-4040.2143048687926,38.22904262067818
-3695.7428714357184,-0.0039765293630490035,-4040.2143048687926,38.22904262067818
-3694.3321660830425,-0.003977697654576871,-4040.2143048687926,38.22904262067818
-3692.9214607303657,-0.003978831201875052,-4040.2143048687926,38.22904262067818
-3691.5107553776893,-0.003979924383971498,-4040.2143048687926,38.22904262067818
-3690.1000500250134,-0.003980973777442752,-4040.2143048687926,38.22904262067818
-3688.6893446723366,-0.003981975941574261,-4040.2143048687926,38.22904262067818
-3687.2786393196607,-0.003982927369616659,-4040.2143048687926,38.22904262067818
-3685.867933966984,-0.003983824842768472,-4040.2143048687926,38.22904262067818
-3684.457228614308,-0.003984665436555531,-4040.2143048687926,38.22904262067818
-3683.0465232616316,-0.0039854465363453806,-4040.2143048687926,38.22904262067818
-3681.635817908955,-0.003986165159371743,-4040.2143048687926,38.22904262067818
-3680.225112556279,-0.003986818128029195,-4040.2143048687926,38.22904262067818
-3678.8144072036025,-0.003987405536139225,-4040.2143048687926,38.22904262067818
-3677.403701850926,-0.003987926096962663,-4040.2143048687926,38.22904262067818
-3675.99299649825,-0.003988378858192429,-4040.2143048687926,38.22904262067818
-3674.582291145573,-0.003988763129293623,-4040.2143048687926,38.22904262067818
-3673.1715857928975,-0.003989078636779413,-4040.2143048687926,38.22904262067818
-3671.7608804402207,-0.003989325449868096,-4040.2143048687926,38.22904262067818
-3670.3501750875444,-0.003989501802310673,-4040.2143048687926,38.22904262067818
-3668.939469734868,-0.0039896098546772065,-4040.2143048687926,38.22904262067818
-3667.5287643821916,-0.003989651109886392,-4040.2143048687926,38.22904262067818
-3666.1180590295157,-0.003989626965600773,-4040.2143048687926,38.22904262067818
-3664.707353676839,-0.00398953890410516,-4040.2143048687926,38.22904262067818
-3663.2966483241626,-0.003989388786430923,-4040.2143048687926,38.22904262067818
-3661.8859429714867,-0.003989792702886837,-4040.2143048687926,38.22904262067818
-3660.47523761881,-0.003989792702886837,-4040.2143048687926,38.22904262067818
-3659.064532266134,-0.003989792702886837,-4040.2143048687926,38.22904262067818
-3657.6538269134576,-0.003989792702886837,-4040.2143048687926,38.22904262067818
-3656.243121560781,-0.003989792702886837,-4040.2143048687926,38.22904262067818
-3654.832416208105,-0.003989792702886837,-4040.2143048687926,38.22904262067818
-3653.421710855428,-0.003989792702886837,-4040.2143048687926,38.22904262067818
-3652.011005502752,-0.003989792702886837,-4040.2143048687926,38.22904262067818
-3650.600300150076,-0.003989792702886837,-4040.2143048687926,38.22904262067818
-3649.1895947973994,-0.003989792702886837,-4040.2143048687926,38.22904262067818
-3647.778889444723,-0.003989792702886837,-4040.2143048687926,38.22904262067818
-3646.3681840920467,-0.003989792702886837,-4040.2143048687926,38.22904262067818
-3644.957478739371,-0.003989792702886837,-4040.2143048687926,38.22904262067818
-3643.546773386694,-0.003989792702886837,-4040.2143048687926,38.22904262067818
-3642.1360680340176,-0.003989792702886837,-4040.2143048687926,38.22904262067818
-3640.7253626813417,-0.003989792702886837,-4040.2143048687926,38.22904262067818
-3639.314657328665,-0.003989792702886837,-4040.2143048687926,38.22904262067818
-3637.903951975989,-0.003989792702886837,-4040.2143048687926,38.22904262067818
-3636.493246623312,-0.003989792702886837,-4040.2143048687926,38.22904262067818
-3635.0825412706363,-0.003989792702886837,-4040.2143048687926,38.22904262067818
-3633.67183591796,-0.003989792702886837,-4040.2143048687926,38.22904262067818
-3632.261130565283,-0.003989792702886837,-4040.2143048687926,38.22904262067818
-3630.850425212607,-0.003989792702886837,-4040.2143048687926,38.22904262067818
-3629.439719859931,-0.003989792702886837,-4040.2143048687926,38.22904262067818
-3628.0290145072545,-0.003989792702886837,-4040.2143048687926,38.22904262067818
-3626.618309154578,-0.003989792702886837,-4040.2143048687926,38.22904262067818
-3625.2076038019013,-0.003989792702886837,-4040.2143048687926,38.22904262067818
-3623.796898449226,-0.003989792702886837,-4040.2143048687926,38.22904262067818
-3622.386193096549,-0.003989792702886837,-4040.2143048687926,38.22904262067818
-3620.9754877438727,-0.003989792702886837,-4040.2143048687926,38.22904262067818
-3619.5647823911963,-0.003989792702886837,-4040.2143048687926,38.22904262067818
-3618.15407703852,-0.003989792702886837,-4040.2143048687926,38.22904262067818
-3616.743371685844,-0.003989792702886837,-4040.2143048687926,38.22904262067818
-3615.3326663331673,-0.003989792702886837,-4040.2143048687926,38.22904262067818
-3613.921960980491,-0.003989792702886837,-4040.2143048687926,38.22904262067818
-3612.511255627815,-0.003989792702886837,-4040.2143048687926,38.22904262067818
-3611.100550275138,-0.003989792702886837,-4040.2143048687926,38.22904262067818
-3609.6898449224623,-0.003989792702886837,-4040.2143048687926,38.22904262067818
-3608.2791395697855,-0.003989792702886837,-4040.2143048687926,38.22904262067818
-3606.8684342171096,-0.003989792702886837,-4040.2143048687926,38.22904262067818
-3605.457728864433,-0.003989792702886837,-4040.2143048687926,38.22904262067818
-3604.0470235117564,-0.003989792702886837,-4040.2143048687926,38.22904262067818
-3602.6363181590805,-0.003989792702886837,-4040.2143048687926,38.22904262067818
-3601.225612806404,-0.003989792702886837,-4040.2143048687926,38.22904262067818
-3599.8149074537278,-0.003989792702886837,-4040.2143048687926,38.22904262067818
-3598.4042021010514,-0.003989792702886837,-4040.2143048687926,38.22904262067818
-3596.993496748375,-0.003989792702886837,-4040.2143048687926,38.22904262067818
-3595.582791395699,-0.003989792702886837,-4040.2143048687926,38.22904262067818
-3594.1720860430223,-0.003989792702886837,-4040.2143048687926,38.22904262067818
-3592.761380690346,-0.003989792702886837,-4040.2143048687926,38.22904262067818
-3591.3506753376696,-0.003989792702886837,-4040.2143048687926,38.22904262067818
-3589.9399699849932,-0.003989792702886837,-4040.2143048687926,38.22904262067818
-3588.5292646323173,-0.003989792702886837,-4040.2143048687926,38.22904262067818
-3587.1185592796405,-0.003989792702886837,-4040.2143048687926,38.22904262067818
-3585.7078539269646,-0.003989792702886837,-4040.2143048687926,38.22904262067818
-3584.2971485742883,-0.003989792702886837,-4040.2143048687926,38.22904262067818
-3582.8864432216114,-0.003989792702886837,-4040.2143048687926,38.22904262067818
-3581.4757378689355,-0.003989792702886837,-4040.2143048687926,38.22904262067818
-3580.065032516259,-0.003989792702886837,-4040.2143048687926,38.22904262067818
-3578.654327163583,-0.003989792702886837,-4040.2143048687926,38.22904262067818
-3577.2436218109065,-0.003989792702886837,-4040.2143048687926,38.22904262067818
-3575.8329164582296,-0.003989792702886837,-4040.2143048687926,38.22904262067818
-3574.422211105554,-0.003989792702886837,-4040.2143048687926,38.22904262067818
-3573.0115057528774,-0.003989792702886837,-4040.2143048687926,38.22904262067818
-3571.600800400201,-0.003989792702886837,-4040.2143048687926,38.22904262067818
-3570.1900950475247,-0.003989792702886837,-4040.2143048687926,38.22904262067818
-3568.7793896948483,-0.003989792702886837,-4040.2143048687926,38.22904262067818
-3567.3686843421724,-0.003989792702886837,-4040.2143048687926,38.22904262067818
-3565.9579789894956,-0.003989792702886837,-4040.2143048687926,38.22904262067818
-3564.547273636819,-0.003989792702886837,-4040.2143048687926,38.22904262067818
-3563.1365682841433,-0.003989792702886837,-4040.2143048687926,38.22904262067818
-3561.7258629314665,-0.003989792702886837,-4040.2143048687926,38.22904262067818
-3560.3151575787906,-0.003989792702886837,-4040.2143048687926,38.22904262067818
-3558.904452226114,-0.003989792702886837,-4040.2143048687926,38.22904262067818
-3557.493746873438,-0.003989792702886837,-4040.2143048687926,38.22904262067818
-3556.0830415207615,-0.003989792702886837,-4040.2143048687926,38.22904262067818
-3554.6723361680847,-0.003989792702886837,-4040.2143048687926,38.22904262067818
-3553.261630815409,-0.003989792702886837,-4040.2143048687926,38.22904262067818
-3551.8509254627324,-0.003989792702886837,-4040.2143048687926,38.22904262067818
-3550.440220110056,-0.003989792702886837,-4040.2143048687926,38.22904262067818
-3549.0295147573797,-0.003989792702886837,-4040.2143048687926,38.22904262067818
-3547.618809404703,-0.003989792702886837,-4040.2143048687926,38.22904262067818
-3546.2081040520275,-0.003989792702886837,-4040.2143048687926,38.22904262067818
-3544.7973986993507,-0.003989792702886837,-4040.2143048687926,38.22904262067818
-3543.3866933466743,-0.003989792702886837,-4040.2143048687926,38.22904262067818
-3541.975987993998,-0.003989792702886837,-4040.2143048687926,38.22904262067818
-3540.5652826413216,-0.003989792702886837,-4040.2143048687926,38.22904262067818
-3539.1545772886457,-0.003989792702886837,-4040.2143048687926,38.22904262067818
-3537.743871935969,-0.003989792702886837,-4040.2143048687926,38.22904262067818
-3536.3331665832925,-0.003989792702886837,-4040.2143048687926,38.22904262067818
-3534.9224612306166,-0.003989792702886837,-4040.2143048687926,38.22904262067818
-3533.51175587794,-0.003989792702886837,-4040.2143048687926,38.22904262067818
-3532.101050525264,-0.003989792702886837,-4040.2143048687926,38.22904262067818
-3530.690345172587,-0.003989792702886837,-4040.2143048687926,38.22904262067818
-3529.279639819911,-0.003989792702886837,-4040.2143048687926,38.22904262067818
-3527.868934467235,-0.003989792702886837,-4040.2143048687926,38.22904262067818
-3526.458229114558,-0.003989792702886837,-4040.2143048687926,38.22904262067818
-3525.047523761882,-0.003989792702886837,-4040.2143048687926,38.22904262067818
-3523.6368184092057,-0.003989792702886837,-4040.2143048687926,38.22904262067818
-3522.2261130565294,-0.003989792702886837,-4040.2143048687926,38.22904262067818
-3520.815407703853,-0.003989792702886837,-4040.2143048687926,38.22904262067818
-3519.4047023511766,-0.003989792702886837,-4040.2143048687926,38.22904262067818
-3517.9939969985007,-0.003989792702886837,-4040.2143048687926,38.22904262067818
-3516.583291645824,-0.003989792702886837,-4040.2143048687926,38.22904262067818
-3515.1725862931476,-0.003989792702886837,-4040.2143048687926,38.22904262067818
-3513.7618809404717,-0.003989792702886837,-4040.2143048687926,38.22904262067818
-3512.351175587795,-0.003989792702886837,-4040.2143048687926,38.22904262067818
-3510.940470235119,-0.003989792702886837,-4040.2143048687926,38.22904262067818
-3509.529764882442,-0.003989792702886837,-4040.2143048687926,38.22904262067818
-3508.119059529766,-0.003989792702886837,-4040.2143048687926,38.22904262067818
-3506.70835417709,-0.003989792702886837,-4040.2143048687926,38.22904262067818
-3505.297648824413,-0.003989792702886837,-4040.2143048687926,38.22904262067818
-3503.886943471737,-0.003989792702886837,-4040.2143048687926,38.22904262067818
-3502.476238119061,-0.003989792702886837,-4040.2143048687926,38.22904262067818
-3501.0655327663844,-0.003989792702886837,-4040.2143048687926,38.22904262067818
-3499.654827413708,-0.003989792702886837,-4040.2143048687926,38.22904262067818
-3498.2441220610312,-0.003989792702886837,-4040.2143048687926,38.22904262067818
-3496.833416708356,-0.003989792702886837,-4040.2143048687926,38.22904262067818
-3495.422711355679,-0.003989792702886837,-4040.2143048687926,38.22904262067818
-3494.0120060030026,-0.003989792702886837,-4040.2143048687926,38.22904262067818
-3492.6013006503263,-0.003989792702886837,-4040.2143048687926,38.22904262067818
-3491.19059529765,-0.003989792702886837,-4040.2143048687926,38.22904262067818
-3489.779889944974,-0.003989792702886837,-4040.2143048687926,38.22904262067818
-3488.369184592297,-0.003989792702886837,-4040.2143048687926,38.22904262067818
-3486.958479239621,-0.003989792702886837,-4040.2143048687926,38.22904262067818
-3485.547773886945,-0.003989792702886837,-4040.2143048687926,38.22904262067818
-3484.137068534268,-0.003989792702886837,-4040.2143048687926,38.22904262067818
-3482.726363181592,-0.003989792702886837,-4040.2143048687926,38.22904262067818
-3481.3156578289154,-0.003989792702886837,-4040.2143048687926,38.22904262067818
-3479.9049524762395,-0.003989792702886837,-4040.2143048687926,38.22904262067818
-3478.494247123563,-0.003989792702886837,-4040.2143048687926,38.22904262067818
-3477.0835417708863,-0.003989792702886837,-4040.2143048687926,38.22904262067818
-3475.6728364182104,-0.003989792702886837,-4040.2143048687926,38.22904262067818
-3474.262131065534,-0.003989792702886837,-4040.2143048687926,38.22904262067818
-3472.8514257128577,-0.003989792702886837,-4040.2143048687926,38.22904262067818
-3471.4407203601813,-0.003989792702886837,-4040.2143048687926,38.22904262067818
-3470.0300150075045,-0.003989792702886837,-4040.2143048687926,38.22904262067818
-3468.619309654829,-0.003989792702886837,-4040.2143048687926,38.22904262067818
-3467.2086043021523,-0.003989792702886837,-4040.2143048687926,38.22904262067818
-3465.797898949476,-0.003989792702886837,-4040.2143048687926,38.22904262067818
-3464.3871935967995,-0.003989792702886837,-4040.2143048687926,38.22904262067818
-3462.976488244123,-0.003989792702886837,-4040.2143048687926,38.22904262067818
-3461.5657828914473,-0.003989792702886837,-4040.2143048687926,38.22904262067818
-3460.1550775387705,-0.003989792702886837,-4040.2143048687926,38.22904262067818
-3458.744372186094,-0.003989792702886837,-4040.2143048687926,38.22904262067818
-3457.333666833418,-0.003989792702886837,-4040.2143048687926,38.22904262067818
-3455.922961480742,-0.003989792702886837,-4040.2143048687926,38.22904262067818
-3454.512256128065,-0.003989792702886837,-4040.2143048687926,38.22904262067818
-3453.101550775389,-0.003989792702886837,-4040.2143048687926,38.22904262067818
-3451.6908454227128,-0.003989792702886837,-4040.2143048687926,38.22904262067818
-3450.2801400700364,-0.003989792702886837,-4040.2143048687926,38.22904262067818
-3448.86943471736,-0.003989792702886837,-4040.2143048687926,38.22904262067818
-3447.4587293646837,-0.003989792702886837,-4040.2143048687926,38.22904262067818
-3446.0480240120073,-0.003989792702886837,-4040.2143048687926,38.22904262067818
-3444.637318659331,-0.003989792702886837,-4040.2143048687926,38.22904262067818
-3443.2266133066546,-0.003989792702886837,-4040.2143048687926,38.22904262067818
-3441.8159079539787,-0.003989792702886837,-4040.2143048687926,38.22904262067818
-3440.405202601302,-0.003989792702886837,-4040.2143048687926,38.22904262067818
-3438.9944972486255,-0.003989792702886837,-4040.2143048687926,38.22904262067818
-3437.583791895949,-0.003989792702886837,-4040.2143048687926,38.22904262067818
-3436.1730865432733,-0.003989792702886837,-4040.2143048687926,38.22904262067818
-3434.762381190597,-0.003989792702886837,-4040.2143048687926,38.22904262067818
-3433.35167583792,-0.003989792702886837,-4040.2143048687926,38.22904262067818
-3431.9409704852437,-0.003989792702886837,-4040.2143048687926,38.22904262067818
-3430.530265132568,-0.003989792702886837,-4040.2143048687926,38.22904262067818
-3429.1195597798915,-0.003989792702886837,-4040.2143048687926,38.22904262067818
-3427.708854427215,-0.003989792702886837,-4040.2143048687926,38.22904262067818
-3426.2981490745383,-0.003989792702886837,-4040.2143048687926,38.22904262067818
-3424.8874437218624,-0.003989792702886837,-4040.2143048687926,38.22904262067818
-3423.476738369186,-0.003989792702886837,-4040.2143048687926,38.22904262067818
-3422.0660330165097,-0.003989792702886837,-4040.2143048687926,38.22904262067818
-3420.6553276638333,-0.003989792702886837,-4040.2143048687926,38.22904262067818
-3419.244622311157,-0.003989792702886837,-4040.2143048687926,38.22904262067818
-3417.8339169584806,-0.003989792702886837,-4040.2143048687926,38.22904262067818
-3416.423211605804,-0.003989792702886837,-4040.2143048687926,38.22904262067818
-3415.012506253128,-0.003989792702886837,-4040.2143048687926,38.22904262067818
-3413.601800900452,-0.003989792702886837,-4040.2143048687926,38.22904262067818
-3412.191095547775,-0.003989792702886837,-4040.2143048687926,38.22904262067818
-3410.780390195099,-0.003989792702886837,-4040.2143048687926,38.22904262067818
-3409.3696848424224,-0.003989792702886837,-4040.2143048687926,38.22904262067818
-3407.9589794897465,-0.003989792702886837,-4040.2143048687926,38.22904262067818
-3406.54827413707,-0.003989792702886837,-4040.2143048687926,38.22904262067818
-3405.1375687843934,-0.003989792702886837,-4040.2143048687926,38.22904262067818
-3403.726863431717,-0.003989792702886837,-4040.2143048687926,38.22904262067818
-3402.316158079041,-0.003989792702886837,-4040.2143048687926,38.22904262067818
-3400.9054527263647,-0.003989792702886837,-4040.2143048687926,38.22904262067818
-3399.4947473736884,-0.003989792702886837,-4040.2143048687926,38.22904262067818
-3398.0840420210116,-0.003989792702886837,-4040.2143048687926,38.22904262067818
-3396.6733366683357,-0.003989792702886837,-4040.2143048687926,38.22904262067818
-3395.2626313156593,-0.003989792702886837,-4040.2143048687926,38.22904262067818
-3393.851925962983,-0.003989792702886837,-4040.2143048687926,38.22904262067818
-3392.4412206103066,-0.003989792702886837,-4040.2143048687926,38.22904262067818
-3391.03051525763,-0.003989792702886837,-4040.2143048687926,38.22904262067818
-3389.619809904954,-0.003989792702886837,-4040.2143048687926,38.22904262067818
-3388.2091045522775,-0.003989792702886837,-4040.2143048687926,38.22904262067818
-3386.798399199601,-0.003989792702886837,-4040.2143048687926,38.22904262067818
-3385.3876938469252,-0.003989792702886837,-4040.2143048687926,38.22904262067818
-3383.9769884942484,-0.003989792702886837,-4040.2143048687926,38.22904262067818
-3382.566283141572,-0.003989792702886837,-4040.2143048687926,38.22904262067818
-3381.155577788896,-0.003989792702886837,-4040.2143048687926,38.22904262067818
-3379.74487243622,-0.003989792702886837,-4040.2143048687926,38.22904262067818
-3378.3341670835434,-0.003989792702886837,-4040.2143048687926,38.22904262067818
-3376.9234617308666,-0.003989792702886837,-4040.2143048687926,38.22904262067818
-3375.5127563781907,-0.003989792702886837,-4040.2143048687926,38.22904262067818
-3374.1020510255144,-0.003989792702886837,-4040.2143048687926,38.22904262067818
-3372.691345672838,-0.003989792702886837,-4040.2143048687926,38.22904262067818
-3371.2806403201616,-0.003989792702886837,-4040.2143048687926,38.22904262067818
-3369.8699349674853,-0.003989792702886837,-4040.2143048687926,38.22904262067818
-3368.459229614809,-0.003989792702886837,-4040.2143048687926,38.22904262067818
-3367.0485242621326,-0.003989792702886837,-4040.2143048687926,38.22904262067818
-3365.637818909456,-0.003989792702886837,-4040.2143048687926,38.22904262067818
-3364.2271135567803,-0.003989792702886837,-4040.2143048687926,38.22904262067818
-3362.8164082041035,-0.003989792702886837,-4040.2143048687926,38.22904262067818
-3361.405702851427,-0.003989792702886837,-4040.2143048687926,38.22904262067818
-3359.9949974987508,-0.003989792702886837,-4040.2143048687926,38.22904262067818
-3358.584292146075,-0.003989792702886837,-4040.2143048687926,38.22904262067818
-3357.1735867933985,-0.003989792702886837,-4040.2143048687926,38.22904262067818
-3355.7628814407217,-0.003989792702886837,-4040.2143048687926,38.22904262067818
-3354.3521760880453,-0.003989792702886837,-4040.2143048687926,38.22904262067818
-3352.9414707353694,-0.003989792702886837,-4040.2143048687926,38.22904262067818
-3351.530765382693,-0.003989792702886837,-4040.2143048687926,38.22904262067818
-3350.1200600300167,-0.003989792702886837,-4040.2143048687926,38.22904262067818
-3348.70935467734,-0.003989792702886837,-4040.2143048687926,38.22904262067818
-3347.298649324664,-0.003989792702886837,-4040.2143048687926,38.22904262067818
-3345.8879439719876,-0.003989792702886837,-4040.2143048687926,38.22904262067818
-3344.4772386193113,-0.003989792702886837,-4040.2143048687926,38.22904262067818
-3343.066533266635,-0.003989792702886837,-4040.2143048687926,38.22904262067818
-3341.6558279139585,-0.003989792702886837,-4040.2143048687926,38.22904262067818
-3340.245122561282,-0.003989792702886837,-4040.2143048687926,38.22904262067818
-3338.834417208606,-0.003989792702886837,-4040.2143048687926,38.22904262067818
-3337.4237118559295,-0.003989792702886837,-4040.2143048687926,38.22904262067818
-3336.0130065032536,-0.003989792702886837,-4040.2143048687926,38.22904262067818
-3334.6023011505767,-0.003989792702886837,-4040.2143048687926,38.22904262067818
-3333.1915957979004,-0.003989792702886837,-4040.2143048687926,38.22904262067818
-3331.780890445224,-0.003989792702886837,-4040.2143048687926,38.22904262067818
-3330.370185092548,-0.003989792702886837,-4040.2143048687926,38.22904262067818
-3328.9594797398718,-0.003989792702886837,-4040.2143048687926,38.22904262067818
-3327.548774387195,-0.003989792702886837,-4040.2143048687926,38.22904262067818
-3326.1380690345186,-0.003989792702886837,-4040.2143048687926,38.22904262067818
-3324.7273636818427,-0.003989792702886837,-4040.2143048687926,38.22904262067818
-3323.3166583291663,-0.003989792702886837,-4040.2143048687926,38.22904262067818
-3321.90595297649,-0.003989792702886837,-4040.2143048687926,38.22904262067818
-3320.495247623813,-0.003989792702886837,-4040.2143048687926,38.22904262067818
-3319.0845422711373,-0.003989792702886837,-4040.2143048687926,38.22904262067818
-3317.673836918461,-0.003989792702886837,-4040.2143048687926,38.22904262067818
-3316.2631315657845,-0.003989792702886837,-4040.2143048687926,38.22904262067818
-3314.852426213108,-0.003989792702886837,-4040.2143048687926,38.22904262067818
-3313.441720860432,-0.003989792702886837,-4040.2143048687926,38.22904262067818
-3312.0310155077555,-0.003989792702886837,-4040.2143048687926,38.22904262067818
-3310.620310155079,-0.003989792702886837,-4040.2143048687926,38.22904262067818
-3309.209604802403,-0.003989792702886837,-4040.2143048687926,38.22904262067818
-3307.798899449727,-0.003989792702886837,-4040.2143048687926,38.22904262067818
-3306.38819409705,-0.003989792702886837,-4040.2143048687926,38.22904262067818
-3304.9774887443737,-0.003989792702886837,-4040.2143048687926,38.22904262067818
-3303.5667833916978,-0.003989792702886837,-4040.2143048687926,38.22904262067818
-3302.1560780390214,-0.003989792702886837,-4040.2143048687926,38.22904262067818
-3300.745372686345,-0.003989792702886837,-4040.2143048687926,38.22904262067818
-3299.334667333668,-0.003989792702886837,-4040.2143048687926,38.22904262067818
-3297.9239619809923,-0.003989792702886837,-4040.2143048687926,38.22904262067818
-3296.513256628316,-0.003989792702886837,-4040.2143048687926,38.22904262067818
-3295.1025512756396,-0.003989792702886837,-4040.2143048687926,38.22904262067818
-3293.6918459229632,-0.003989792702886837,-4040.2143048687926,38.22904262067818
-3292.281140570287,-0.003989792702886837,-4040.2143048687926,38.22904262067818
-3290.8704352176105,-0.003989792702886837,-4040.2143048687926,38.22904262067818
-3289.459729864934,-0.003989792702886837,-4040.2143048687926,38.22904262067818
-3288.049024512258,-0.003989792702886837,-4040.2143048687926,38.22904262067818
-3286.638319159582,-0.003989792702886837,-4040.2143048687926,38.22904262067818
-3285.227613806905,-0.003989792702886837,-4040.2143048687926,38.22904262067818
-3283.8169084542287,-0.003989792702886837,-4040.2143048687926,38.22904262067818
-3282.4062031015524,-0.003989792702886837,-4040.2143048687926,38.22904262067818
-3280.9954977488765,-0.003989792702886837,-4040.2143048687926,38.22904262067818
-3279.5847923962,-0.003989792702886837,-4040.2143048687926,38.22904262067818
-3278.1740870435233,-0.003989792702886837,-4040.2143048687926,38.22904262067818
-3276.763381690847,-0.003989792702886837,-4040.2143048687926,38.22904262067818
-3275.352676338171,-0.003989792702886837,-4040.2143048687926,38.22904262067818
-3273.9419709854947,-0.003989792702886837,-4040.2143048687926,38.22904262067818
-3272.5312656328183,-0.003989792702886837,-4040.2143048687926,38.22904262067818
-3271.1205602801415,-0.003989792702886837,-4040.2143048687926,38.22904262067818
-3269.7098549274656,-0.003989792702886837,-4040.2143048687926,38.22904262067818
-3268.299149574789,-0.003989792702886837,-4040.2143048687926,38.22904262067818
-3266.888444222113,-0.003989792702886837,-4040.2143048687926,38.22904262067818
-3265.4777388694365,-0.003989792702886837,-4040.2143048687926,38.22904262067818
-3264.06703351676,-0.003989792702886837,-4040.2143048687926,38.22904262067818
-3262.656328164084,-0.003989792702886837,-4040.2143048687926,38.22904262067818
-3261.2456228114074,-0.003989792702886837,-4040.2143048687926,38.22904262067818
-3259.834917458731,-0.003989792702886837,-4040.2143048687926,38.22904262067818
-3258.424212106055,-0.003989792702886837,-4040.2143048687926,38.22904262067818
-3257.0135067533784,-0.003989792702886837,-4040.2143048687926,38.22904262067818
-3255.602801400702,-0.003989792702886837,-4040.2143048687926,38.22904262067818
-3254.1920960480256,-0.003989792702886837,-4040.2143048687926,38.22904262067818
-3252.7813906953497,-0.003989792702886837,-4040.2143048687926,38.22904262067818
-3251.3706853426734,-0.003989792702886837,-4040.2143048687926,38.22904262067818
-3249.9599799899966,-0.003989792702886837,-4040.2143048687926,38.22904262067818
-3248.54927463732,-0.003989792702886837,-4040.2143048687926,38.22904262067818
-3247.1385692846443,-0.003989792702886837,-4040.2143048687926,38.22904262067818
-3245.727863931968,-0.003989792702886837,-4040.2143048687926,38.22904262067818
-3244.3171585792916,-0.003989792702886837,-4040.2143048687926,38.22904262067818
-3242.906453226615,-0.003989792702886837,-4040.2143048687926,38.22904262067818
-3241.495747873939,-0.003989792702886837,-4040.2143048687926,38.22904262067818
-3240.0850425212625,-0.003989792702886837,-4040.2143048687926,38.22904262067818
-3238.674337168586,-0.003989792702886837,-4040.2143048687926,38.22904262067818
-3237.2636318159102,-0.003989792702886837,-4040.2143048687926,38.22904262067818
-3235.8529264632334,-0.003989792702886837,-4040.2143048687926,38.22904262067818
-3234.442221110557,-0.003989792702886837,-4040.2143048687926,38.22904262067818
-3233.0315157578807,-0.003989792702886837,-4040.2143048687926,38.22904262067818
-3231.620810405205,-0.003989792702886837,-4040.2143048687926,38.22904262067818
-3230.2101050525284,-0.003989792702886837,-4040.2143048687926,38.22904262067818
-3228.7993996998516,-0.003989792702886837,-4040.2143048687926,38.22904262067818
-3227.3886943471753,-0.003989792702886837,-4040.2143048687926,38.22904262067818
-3225.9779889944994,-0.003989792702886837,-4040.2143048687926,38.22904262067818
-3224.567283641823,-0.003989792702886837,-4040.2143048687926,38.22904262067818
-3223.156578289146,-0.003989792702886837,-4040.2143048687926,38.22904262067818
-3221.74587293647,-0.003989792702886837,-4040.2143048687926,38.22904262067818
-3220.335167583794,-0.003989792702886837,-4040.2143048687926,38.22904262067818
-3218.9244622311176,-0.003989792702886837,-4040.2143048687926,38.22904262067818
-3217.513756878441,-0.003989792702886837,-4040.2143048687926,38.22904262067818
-3216.1030515257644,-0.003989792702886837,-4040.2143048687926,38.22904262067818
-3214.6923461730885,-0.003989792702886837,-4040.2143048687926,38.22904262067818
-3213.281640820412,-0.003989792702886837,-4040.2143048687926,38.22904262067818
-3211.8709354677358,-0.003989792702886837,-4040.2143048687926,38.22904262067818
-3210.4602301150594,-0.003989792702886837,-4040.2143048687926,38.22904262067818
-3209.049524762383,-0.003989792702886837,-4040.2143048687926,38.22904262067818
-3207.6388194097067,-0.003989792702886837,-4040.2143048687926,38.22904262067818
-3206.2281140570303,-0.003989792702886837,-4040.2143048687926,38.22904262067818
-3204.817408704354,-0.003989792702886837,-4040.2143048687926,38.22904262067818
-3203.406703351678,-0.003989792702886837,-4040.2143048687926,38.22904262067818
-3201.9959979990012,-0.003989792702886837,-4040.2143048687926,38.22904262067818
-3200.585292646325,-0.003989792702886837,-4040.2143048687926,38.22904262067818
-3199.1745872936485,-0.003989792702886837,-4040.2143048687926,38.22904262067818
-3197.7638819409726,-0.003989792702886837,-4040.2143048687926,38.22904262067818
-3196.3531765882963,-0.003989792702886837,-4040.2143048687926,38.22904262067818
-3194.9424712356195,-0.003989792702886837,-4040.2143048687926,38.22904262067818
-3193.531765882943,-0.003989792702886837,-4040.2143048687926,38.22904262067818
-3192.121060530267,-0.003989792702886837,-4040.2143048687926,38.22904262067818
-3190.710355177591,-0.003989792702886837,-4040.2143048687926,38.22904262067818
-3189.2996498249145,-0.003989792702886837,-4040.2143048687926,38.22904262067818
-3187.8889444722377,-0.003989792702886837,-4040.2143048687926,38.22904262067818
-3186.4782391195617,-0.003989792702886837,-4040.2143048687926,38.22904262067818
-3185.0675337668854,-0.003989792702886837,-4040.2143048687926,38.22904262067818
-3183.656828414209,-0.003989792702886837,-4040.2143048687926,38.22904262067818
-3182.2461230615327,-0.003989792702886837,-4040.2143048687926,38.22904262067818
-3180.8354177088563,-0.003989792702886837,-4040.2143048687926,38.22904262067818
-3179.42471235618,-0.003989792702886837,-4040.2143048687926,38.22904262067818
-3178.0140070035036,-0.003989792702886837,-4040.2143048687926,38.22904262067818
-3176.6033016508272,-0.003989792702886837,-4040.2143048687926,38.22904262067818
-3175.1925962981513,-0.003989792702886837,-4040.2143048687926,38.22904262067818
-3173.7818909454745,-0.003989792702886837,-4040.2143048687926,38.22904262067818
-3172.371185592798,-0.003989792702886837,-4040.2143048687926,38.22904262067818
-3170.9604802401223,-0.003989792702886837,-4040.2143048687926,38.22904262067818
-3169.549774887446,-0.003989792702886837,-4040.2143048687926,38.22904262067818
-3168.1390695347695,-0.003989792702886837,-4040.2143048687926,38.22904262067818
-3166.7283641820927,-0.003989792702886837,-4040.2143048687926,38.22904262067818
-3165.317658829417,-0.003989792702886837,-4040.2143048687926,38.22904262067818
-3163.9069534767405,-0.003989792702886837,-4040.2143048687926,38.22904262067818
-3162.496248124064,-0.003989792702886837,-4040.2143048687926,38.22904262067818
-3161.0855427713877,-0.003989792702886837,-4040.2143048687926,38.22904262067818
-3159.6748374187114,-0.003989792702886837,-4040.2143048687926,38.22904262067818
-3158.264132066035,-0.003989792702886837,-4040.2143048687926,38.22904262067818
-3156.8534267133587,-0.003989792702886837,-4040.2143048687926,38.22904262067818
-3155.4427213606823,-0.003989792702886837,-4040.2143048687926,38.22904262067818
-3154.0320160080064,-0.003989792702886837,-4040.2143048687926,38.22904262067818
-3152.6213106553296,-0.003989792702886837,-4040.2143048687926,38.22904262067818
-3151.210605302653,-0.003989792702886837,-4040.2143048687926,38.22904262067818
-3149.799899949977,-0.003989792702886837,-4040.2143048687926,38.22904262067818
-3148.389194597301,-0.003989792702886837,-4040.2143048687926,38.22904262067818
-3146.9784892446246,-0.003989792702886837,-4040.2143048687926,38.22904262067818
-3145.567783891948,-0.003989792702886837,-4040.2143048687926,38.22904262067818
-3144.1570785392714,-0.003989792702886837,-4040.2143048687926,38.22904262067818
-3142.7463731865955,-0.003989792702886837,-4040.2143048687926,38.22904262067818
-3141.335667833919,-0.003989792702886837,-4040.2143048687926,38.22904262067818
-3139.924962481243,-0.003989792702886837,-4040.2143048687926,38.22904262067818
-3138.514257128566,-0.003989792702886837,-4040.2143048687926,38.22904262067818
-3137.10355177589,-0.003989792702886837,-4040.2143048687926,38.22904262067818
-3135.6928464232137,-0.003989792702886837,-4040.2143048687926,38.22904262067818
-3134.2821410705374,-0.003989792702886837,-4040.2143048687926,38.22904262067818
-3132.871435717861,-0.003989792702886837,-4040.2143048687926,38.22904262067818
-3131.4607303651846,-0.003989792702886837,-4040.2143048687926,38.22904262067818
-3130.0500250125083,-0.003989792702886837,-4040.2143048687926,38.22904262067818
-3128.639319659832,-0.003989792702886837,-4040.2143048687926,38.22904262067818
-3127.2286143071556,-0.003989792702886837,-4040.2143048687926,38.22904262067818
-3125.8179089544797,-0.003989792702886837,-4040.2143048687926,38.22904262067818
-3124.407203601803,-0.003989792702886837,-4040.2143048687926,38.22904262067818
-3122.9964982491265,-0.003989792702886837,-4040.2143048687926,38.22904262067818
-3121.58579289645,-0.003989792702886837,-4040.2143048687926,38.22904262067818
-3120.175087543774,-0.003989792702886837,-4040.2143048687926,38.22904262067818
-3118.764382191098,-0.003989792702886837,-4040.2143048687926,38.22904262067818
-3117.353676838421,-0.003989792702886837,-4040.2143048687926,38.22904262067818
-3115.9429714857447,-0.003989792702886837,-4040.2143048687926,38.22904262067818
-3114.532266133069,-0.003989792702886837,-4040.2143048687926,38.22904262067818
-3113.1215607803924,-0.003989792702886837,-4040.2143048687926,38.22904262067818
-3111.710855427716,-0.003989792702886837,-4040.2143048687926,38.22904262067818
-3110.3001500750397,-0.003989792702886837,-4040.2143048687926,38.22904262067818
-3108.8894447223634,-0.003989792702886837,-4040.2143048687926,38.22904262067818
-3107.478739369687,-0.003989792702886837,-4040.2143048687926,38.22904262067818
-3106.0680340170106,-0.003989792702886837,-4040.2143048687926,38.22904262067818
-3104.6573286643343,-0.003989792702886837,-4040.2143048687926,38.22904262067818
-3103.246623311658,-0.003989792702886837,-4040.2143048687926,38.22904262067818
-3101.8359179589816,-0.003989792702886837,-4040.2143048687926,38.22904262067818
-3100.425212606305,-0.003989792702886837,-4040.2143048687926,38.22904262067818
-3099.0145072536293,-0.003989792702886837,-4040.2143048687926,38.22904262067818
-3097.603801900953,-0.003989792702886837,-4040.2143048687926,38.22904262067818
-3096.193096548276,-0.003989792702886837,-4040.2143048687926,38.22904262067818
-3094.7823911955998,-0.003989792702886837,-4040.2143048687926,38.22904262067818
-3093.371685842924,-0.003989792702886837,-4040.2143048687926,38.22904262067818
-3091.9609804902475,-0.003989792702886837,-4040.2143048687926,38.22904262067818
-3090.550275137571,-0.003989792702886837,-4040.2143048687926,38.22904262067818
-3089.1395697848943,-0.003989792702886837,-4040.2143048687926,38.22904262067818
-3087.7288644322184,-0.003989792702886837,-4040.2143048687926,38.22904262067818
-3086.318159079542,-0.003989792702886837,-4040.2143048687926,38.22904262067818
-3084.9074537268657,-0.003989792702886837,-4040.2143048687926,38.22904262067818
-3083.4967483741893,-0.003989792702886837,-4040.2143048687926,38.22904262067818
-3082.086043021513,-0.003989792702886837,-4040.2143048687926,38.22904262067818
-3080.6753376688366,-0.003989792702886837,-4040.2143048687926,38.22904262067818
-3079.2646323161603,-0.003989792702886837,-4040.2143048687926,38.22904262067818
-3077.853926963484,-0.003989792702886837,-4040.2143048687926,38.22904262067818
-3076.443221610808,-0.003989792702886837,-4040.2143048687926,38.22904262067818
-3075.032516258131,-0.003989792702886837,-4040.2143048687926,38.22904262067818
-3073.621810905455,-0.003989792702886837,-4040.2143048687926,38.22904262067818
-3072.2111055527785,-0.003989792702886837,-4040.2143048687926,38.22904262067818
-3070.8004002001026,-0.003989792702886837,-4040.2143048687926,38.22904262067818
-3069.389694847426,-0.003989792702886837,-4040.2143048687926,38.22904262067818
-3067.9789894947494,-0.003989792702886837,-4040.2143048687926,38.22904262067818
-3066.568284142073,-0.003989792702886837,-4040.2143048687926,38.22904262067818
-3065.157578789397,-0.003989792702886837,-4040.2143048687926,38.22904262067818
-3063.7468734367208,-0.003989792702886837,-4040.2143048687926,38.22904262067818
-3062.3361680840444,-0.003989792702886837,-4040.2143048687926,38.22904262067818
-3060.9254627313676,-0.003989792702886837,-4040.2143048687926,38.22904262067818
-3059.5147573786917,-0.003989792702886837,-4040.2143048687926,38.22904262067818
-3058.1040520260153,-0.003989792702886837,-4040.2143048687926,38.22904262067818
-3056.693346673339,-0.003989792702886837,-4040.2143048687926,38.22904262067818
-3055.2826413206626,-0.003989792702886837,-4040.2143048687926,38.22904262067818
-3053.8719359679862,-0.003989792702886837,-4040.2143048687926,38.22904262067818
-3052.46123061531,-0.003989792702886837,-4040.2143048687926,38.22904262067818
-3051.0505252626335,-0.003989792702886837,-4040.2143048687926,38.22904262067818
-3049.639819909957,-0.003989792702886837,-4040.2143048687926,38.22904262067818
-3048.2291145572813,-0.003989792702886837,-4040.2143048687926,38.22904262067818
-3046.8184092046044,-0.003989792702886837,-4040.2143048687926,38.22904262067818
-3045.407703851928,-0.003989792702886837,-4040.2143048687926,38.22904262067818
-3043.9969984992517,-0.003989792702886837,-4040.2143048687926,38.22904262067818
-3042.586293146576,-0.003989792702886837,-4040.2143048687926,38.22904262067818
-3041.1755877938995,-0.003989792702886837,-4040.2143048687926,38.22904262067818
-3039.7648824412227,-0.003989792702886837,-4040.2143048687926,38.22904262067818
-3038.3541770885467,-0.003989792702886837,-4040.2143048687926,38.22904262067818
-3036.9434717358704,-0.003989792702886837,-4040.2143048687926,38.22904262067818
-3035.532766383194,-0.003989792702886837,-4040.2143048687926,38.22904262067818
-3034.1220610305177,-0.003989792702886837,-4040.2143048687926,38.22904262067818
-3032.7113556778413,-0.003989792702886837,-4040.2143048687926,38.22904262067818
-3031.300650325165,-0.003989792702886837,-4040.2143048687926,38.22904262067818
-3029.8899449724886,-0.003989792702886837,-4040.2143048687926,38.22904262067818
-3028.4792396198122,-0.003989792702886837,-4040.2143048687926,38.22904262067818
-3027.0685342671363,-0.003989792702886837,-4040.2143048687926,38.22904262067818
-3025.6578289144595,-0.003989792702886837,-4040.2143048687926,38.22904262067818
-3024.247123561783,-0.003989792702886837,-4040.2143048687926,38.22904262067818
-3022.836418209107,-0.003989792702886837,-4040.2143048687926,38.22904262067818
-3021.425712856431,-0.003989792702886837,-4040.2143048687926,38.22904262067818
-3020.0150075037545,-0.003989792702886837,-4040.2143048687926,38.22904262067818
-3018.6043021510777,-0.003989792702886837,-4040.2143048687926,38.22904262067818
-3017.1935967984014,-0.003989792702886837,-4040.2143048687926,38.22904262067818
-3015.7828914457255,-0.003989792702886837,-4040.2143048687926,38.22904262067818
-3014.372186093049,-0.003989792702886837,-4040.2143048687926,38.22904262067818
-3012.9614807403727,-0.003989792702886837,-4040.2143048687926,38.22904262067818
-3011.550775387696,-0.003989792702886837,-4040.2143048687926,38.22904262067818
-3010.14007003502,-0.003989792702886837,-4040.2143048687926,38.22904262067818
-3008.7293646823437,-0.003989792702886837,-4040.2143048687926,38.22904262067818
-3007.3186593296673,-0.003989792702886837,-4040.2143048687926,38.22904262067818
-3005.907953976991,-0.003989792702886837,-4040.2143048687926,38.22904262067818
-3004.4972486243146,-0.003989792702886837,-4040.2143048687926,38.22904262067818
-3003.086543271638,-0.003989792702886837,-4040.2143048687926,38.22904262067818
-3001.675837918962,-0.003989792702886837,-4040.2143048687926,38.22904262067818
-3000.2651325662855,-0.003989792702886837,-4040.2143048687926,38.22904262067818
-2998.8544272136096,-0.003989792702886837,-4040.2143048687926,38.22904262067818
-2997.443721860933,-0.003989792702886837,-4040.2143048687926,38.22904262067818
-2996.0330165082564,-0.003989792702886837,-4040.2143048687926,38.22904262067818
-2994.62231115558,-0.003989792702886837,-4040.2143048687926,38.22904262067818
-2993.211605802904,-0.003989792702886837,-4040.2143048687926,38.22904262067818
-2991.800900450228,-0.003989792702886837,-4040.2143048687926,38.22904262067818
-2990.390195097551,-0.003989792702886837,-4040.2143048687926,38.22904262067818
-2988.9794897448746,-0.003989792702886837,-4040.2143048687926,38.22904262067818
-2987.5687843921987,-0.003989792702886837,-4040.2143048687926,38.22904262067818
-2986.1580790395224,-0.003989792702886837,-4040.2143048687926,38.22904262067818
-2984.747373686846,-0.003989792702886837,-4040.2143048687926,38.22904262067818
-2983.336668334169,-0.003989792702886837,-4040.2143048687926,38.22904262067818
-2981.9259629814933,-0.003989792702886837,-4040.2143048687926,38.22904262067818
-2980.515257628817,-0.003989792702886837,-4040.2143048687926,38.22904262067818
-2979.1045522761406,-0.003989792702886837,-4040.2143048687926,38.22904262067818
-2977.693846923464,-0.003989792702886837,-4040.2143048687926,38.22904262067818
-2976.283141570788,-0.003989792702886837,-4040.2143048687926,38.22904262067818
-2974.8724362181115,-0.003989792702886837,-4040.2143048687926,38.22904262067818
-2973.461730865435,-0.003989792702886837,-4040.2143048687926,38.22904262067818
-2972.0510255127588,-0.003989792702886837,-4040.2143048687926,38.22904262067818
-2970.640320160083,-0.003989792702886837,-4040.2143048687926,38.22904262067818
-2969.229614807406,-0.003989792702886837,-4040.2143048687926,38.22904262067818
-2967.8189094547297,-0.003989792702886837,-4040.2143048687926,38.22904262067818
-2966.408204102054,-0.003989792702886837,-4040.2143048687926,38.22904262067818
-2964.9974987493774,-0.003989792702886837,-4040.2143048687926,38.22904262067818
-2963.586793396701,-0.003989792702886837,-4040.2143048687926,38.22904262067818
-2962.1760880440243,-0.003989792702886837,-4040.2143048687926,38.22904262067818
-2960.7653826913483,-0.003989792702886837,-4040.2143048687926,38.22904262067818
-2959.354677338672,-0.003989792702886837,-4040.2143048687926,38.22904262067818
-2957.9439719859956,-0.003989792702886837,-4040.2143048687926,38.22904262067818
-2956.5332666333193,-0.003989792702886837,-4040.2143048687926,38.22904262067818
-2955.122561280643,-0.003989792702886837,-4040.2143048687926,38.22904262067818
-2953.7118559279666,-0.003989792702886837,-4040.2143048687926,38.22904262067818
-2952.30115057529,-0.003989792702886837,-4040.2143048687926,38.22904262067818
-2950.890445222614,-0.003989792702886837,-4040.2143048687926,38.22904262067818
-2949.479739869938,-0.003989792702886837,-4040.2143048687926,38.22904262067818
-2948.069034517261,-0.003989792702886837,-4040.2143048687926,38.22904262067818
-2946.6583291645848,-0.003989792702886837,-4040.2143048687926,38.22904262067818
-2945.2476238119084,-0.003989792702886837,-4040.2143048687926,38.22904262067818
-2943.8369184592325,-0.003989792702886837,-4040.2143048687926,38.22904262067818
-2942.426213106556,-0.003989792702886837,-4040.2143048687926,38.22904262067818
-2941.0155077538793,-0.003989792702886837,-4040.2143048687926,38.22904262067818
-2939.604802401203,-0.003989792702886837,-4040.2143048687926,38.22904262067818
-2938.194097048527,-0.003989792702886837,-4040.2143048687926,38.22904262067818
-2936.7833916958507,-0.003989792702886837,-4040.2143048687926,38.22904262067818
-2935.3726863431743,-0.003989792702886837,-4040.2143048687926,38.22904262067818
-2933.9619809904975,-0.003989792702886837,-4040.2143048687926,38.22904262067818
-2932.5512756378216,-0.003989792702886837,-4040.2143048687926,38.22904262067818
-2931.1405702851453,-0.003989792702886837,-4040.2143048687926,38.22904262067818
-2929.729864932469,-0.003989792702886837,-4040.2143048687926,38.22904262067818
-2928.3191595797925,-0.003989792702886837,-4040.2143048687926,38.22904262067818
-2926.908454227116,-0.003989792702886837,-4040.2143048687926,38.22904262067818
-2925.49774887444,-0.003989792702886837,-4040.2143048687926,38.22904262067818
-2924.0870435217635,-0.003989792702886837,-4040.2143048687926,38.22904262067818
-2922.676338169087,-0.003989792702886837,-4040.2143048687926,38.22904262067818
-2921.265632816411,-0.003989792702886837,-4040.2143048687926,38.22904262067818
-2919.8549274637344,-0.003989792702886837,-4040.2143048687926,38.22904262067818
-2918.444222111058,-0.003989792702886837,-4040.2143048687926,38.22904262067818
-2917.0335167583817,-0.003989792702886837,-4040.2143048687926,38.22904262067818
-2915.6228114057058,-0.003989792702886837,-4040.2143048687926,38.22904262067818
-2914.2121060530294,-0.003989792702886837,-4040.2143048687926,38.22904262067818
-2912.8014007003526,-0.003989792702886837,-4040.2143048687926,38.22904262067818
-2911.3906953476762,-0.003989792702886837,-4040.2143048687926,38.22904262067818
-2909.9799899950003,-0.003989792702886837,-4040.2143048687926,38.22904262067818
-2908.569284642324,-0.003989792702886837,-4040.2143048687926,38.22904262067818
-2907.1585792896476,-0.003989792702886837,-4040.2143048687926,38.22904262067818
-2905.747873936971,-0.003989792702886837,-4040.2143048687926,38.22904262067818
-2904.337168584295,-0.003989792702886837,-4040.2143048687926,38.22904262067818
-2902.9264632316185,-0.003989792702886837,-4040.2143048687926,38.22904262067818
-2901.515757878942,-0.003989792702886837,-4040.2143048687926,38.22904262067818
-2900.105052526266,-0.003989792702886837,-4040.2143048687926,38.22904262067818
-2898.6943471735894,-0.003989792702886837,-4040.2143048687926,38.22904262067818
-2897.283641820913,-0.003989792702886837,-4040.2143048687926,38.22904262067818
-2895.8729364682367,-0.003989792702886837,-4040.2143048687926,38.22904262067818
-2894.462231115561,-0.003989792702886837,-4040.2143048687926,38.22904262067818
-2893.0515257628845,-0.003989792702886837,-4040.2143048687926,38.22904262067818
-2891.6408204102077,-0.003989792702886837,-4040.2143048687926,38.22904262067818
-2890.2301150575313,-0.003989792702886837,-4040.2143048687926,38.22904262067818
-2888.8194097048554,-0.003989792702886837,-4040.2143048687926,38.22904262067818
-2887.408704352179,-0.003989792702886837,-4040.2143048687926,38.22904262067818
-2885.9979989995027,-0.003989792702886837,-4040.2143048687926,38.22904262067818
-2884.587293646826,-0.003989792702886837,-4040.2143048687926,38.22904262067818
-2883.17658829415,-0.003989792702886837,-4040.2143048687926,38.22904262067818
-2881.7658829414736,-0.003989792702886837,-4040.2143048687926,38.22904262067818
-2880.3551775887972,-0.003989792702886837,-4040.2143048687926,38.22904262067818
-2878.944472236121,-0.003989792702886837,-4040.2143048687926,38.22904262067818
-2877.5337668834445,-0.003989792702886837,-4040.2143048687926,38.22904262067818
-2876.123061530768,-0.003989792702886837,-4040.2143048687926,38.22904262067818
-2874.712356178092,-0.003989792702886837,-4040.2143048687926,38.22904262067818
-2873.3016508254154,-0.003989792702886837,-4040.2143048687926,38.22904262067818
-2871.8909454727395,-0.003989792702886837,-4040.2143048687926,38.22904262067818
-2870.4802401200627,-0.003989792702886837,-4040.2143048687926,38.22904262067818
-2869.0695347673864,-0.003989792702886837,-4040.2143048687926,38.22904262067818
-2867.65882941471,-0.003989792702886837,-4040.2143048687926,38.22904262067818
-2866.248124062034,-0.003989792702886837,-4040.2143048687926,38.22904262067818
-2864.8374187093577,-0.003989792702886837,-4040.2143048687926,38.22904262067818
-2863.426713356681,-0.003989792702886837,-4040.2143048687926,38.22904262067818
-2862.0160080040046,-0.003989792702886837,-4040.2143048687926,38.22904262067818
-2860.6053026513287,-0.003989792702886837,-4040.2143048687926,38.22904262067818
-2859.1945972986523,-0.003989792702886837,-4040.2143048687926,38.22904262067818
-2857.783891945976,-0.003989792702886837,-4040.2143048687926,38.22904262067818
-2856.373186593299,-0.003989792702886837,-4040.2143048687926,38.22904262067818
-2854.962481240623,-0.003989792702886837,-4040.2143048687926,38.22904262067818
-2853.551775887947,-0.003989792702886837,-4040.2143048687926,38.22904262067818
-2852.1410705352705,-0.003989792702886837,-4040.2143048687926,38.22904262067818
-2850.730365182594,-0.003989792702886837,-4040.2143048687926,38.22904262067818
-2849.319659829918,-0.003989792702886837,-4040.2143048687926,38.22904262067818
-2847.9089544772414,-0.003989792702886837,-4040.2143048687926,38.22904262067818
-2846.498249124565,-0.003989792702886837,-4040.2143048687926,38.22904262067818
-2845.0875437718887,-0.003989792702886837,-4040.2143048687926,38.22904262067818
-2843.676838419213,-0.003989792702886837,-4040.2143048687926,38.22904262067818
-2842.266133066536,-0.003989792702886837,-4040.2143048687926,38.22904262067818
-2840.8554277138596,-0.003989792702886837,-4040.2143048687926,38.22904262067818
-2839.4447223611833,-0.003989792702886837,-4040.2143048687926,38.22904262067818
-2838.0340170085074,-0.003989792702886837,-4040.2143048687926,38.22904262067818
-2836.623311655831,-0.003989792702886837,-4040.2143048687926,38.22904262067818
-2835.212606303154,-0.003989792702886837,-4040.2143048687926,38.22904262067818
-2833.801900950478,-0.003989792702886837,-4040.2143048687926,38.22904262067818
-2832.391195597802,-0.003989792702886837,-4040.2143048687926,38.22904262067818
-2830.9804902451256,-0.003989792702886837,-4040.2143048687926,38.22904262067818
-2829.569784892449,-0.003989792702886837,-4040.2143048687926,38.22904262067818
-2828.159079539773,-0.003989792702886837,-4040.2143048687926,38.22904262067818
-2826.7483741870965,-0.003989792702886837,-4040.2143048687926,38.22904262067818
-2825.33766883442,-0.003989792702886837,-4040.2143048687926,38.22904262067818
-2823.9269634817438,-0.003989792702886837,-4040.2143048687926,38.22904262067818
-2822.516258129068,-0.003989792702886837,-4040.2143048687926,38.22904262067818
-2821.105552776391,-0.003989792702886837,-4040.2143048687926,38.22904262067818
-2819.6948474237147,-0.003989792702886837,-4040.2143048687926,38.22904262067818
-2818.2841420710383,-0.003989792702886837,-4040.2143048687926,38.22904262067818
-2816.8734367183624,-0.003989792702886837,-4040.2143048687926,38.22904262067818
-2815.462731365686,-0.003989792702886837,-4040.2143048687926,38.22904262067818
-2814.0520260130093,-0.003989792702886837,-4040.2143048687926,38.22904262067818
-2812.641320660333,-0.003989792702886837,-4040.2143048687926,38.22904262067818
-2811.230615307657,-0.003989792702886837,-4040.2143048687926,38.22904262067818
-2809.8199099549806,-0.003989792702886837,-4040.2143048687926,38.22904262067818
-2808.4092046023043,-0.003989792702886837,-4040.2143048687926,38.22904262067818
-2806.9984992496275,-0.003989792702886837,-4040.2143048687926,38.22904262067818
-2805.5877938969516,-0.003989792702886837,-4040.2143048687926,38.22904262067818
-2804.177088544275,-0.003989792702886837,-4040.2143048687926,38.22904262067818
-2802.766383191599,-0.003989792702886837,-4040.2143048687926,38.22904262067818
-2801.3556778389225,-0.003989792702886837,-4040.2143048687926,38.22904262067818
-2799.944972486246,-0.003989792702886837,-4040.2143048687926,38.22904262067818
-2798.5342671335698,-0.003989792702886837,-4040.2143048687926,38.22904262067818
-2797.1235617808934,-0.003989792702886837,-4040.2143048687926,38.22904262067818
-2795.712856428217,-0.003989792702886837,-4040.2143048687926,38.22904262067818
-2794.302151075541,-0.003989792702886837,-4040.2143048687926,38.22904262067818
-2792.8914457228643,-0.003989792702886837,-4040.2143048687926,38.22904262067818
-2791.480740370188,-0.003989792702886837,-4040.2143048687926,38.22904262067818
-2790.0700350175116,-0.003989792702886837,-4040.2143048687926,38.22904262067818
-2788.6593296648357,-0.003989792702886837,-4040.2143048687926,38.22904262067818
-2787.2486243121593,-0.003989792702886837,-4040.2143048687926,38.22904262067818
-2785.8379189594825,-0.003989792702886837,-4040.2143048687926,38.22904262067818
-2784.427213606806,-0.003989792702886837,-4040.2143048687926,38.22904262067818
-2783.0165082541303,-0.003989792702886837,-4040.2143048687926,38.22904262067818
-2781.605802901454,-0.003989792702886837,-4040.2143048687926,38.22904262067818
-2780.1950975487775,-0.003989792702886837,-4040.2143048687926,38.22904262067818
-2778.7843921961007,-0.003989792702886837,-4040.2143048687926,38.22904262067818
-2777.373686843425,-0.003989792702886837,-4040.2143048687926,38.22904262067818
-2775.9629814907485,-0.003989792702886837,-4040.2143048687926,38.22904262067818
-2774.552276138072,-0.003989792702886837,-4040.2143048687926,38.22904262067818
-2773.1415707853957,-0.003989792702886837,-4040.2143048687926,38.22904262067818
-2771.7308654327194,-0.003989792702886837,-4040.2143048687926,38.22904262067818
-2770.320160080043,-0.003989792702886837,-4040.2143048687926,38.22904262067818
-2768.9094547273667,-0.003989792702886837,-4040.2143048687926,38.22904262067818
-2767.4987493746903,-0.003989792702886837,-4040.2143048687926,38.22904262067818
-2766.0880440220144,-0.003989792702886837,-4040.2143048687926,38.22904262067818
-2764.6773386693376,-0.003989792702886837,-4040.2143048687926,38.22904262067818
-2763.2666333166612,-0.003989792702886837,-4040.2143048687926,38.22904262067818
-2761.855927963985,-0.003989792702886837,-4040.2143048687926,38.22904262067818
-2760.445222611309,-0.003989792702886837,-4040.2143048687926,38.22904262067818
-2759.0345172586326,-0.003989792702886837,-4040.2143048687926,38.22904262067818
-2757.623811905956,-0.003989792702886837,-4040.2143048687926,38.22904262067818
-2756.21310655328,-0.003989792702886837,-4040.2143048687926,38.22904262067818
-2754.8024012006035,-0.003989792702886837,-4040.2143048687926,38.22904262067818
-2753.391695847927,-0.003989792702886837,-4040.2143048687926,38.22904262067818
-2751.980990495251,-0.003989792702886837,-4040.2143048687926,38.22904262067818
-2750.5702851425744,-0.003989792702886837,-4040.2143048687926,38.22904262067818
-2749.159579789898,-0.003989792702886837,-4040.2143048687926,38.22904262067818
-2747.7488744372217,-0.003989792702886837,-4040.2143048687926,38.22904262067818
-2746.3381690845454,-0.003989792702886837,-4040.2143048687926,38.22904262067818
-2744.9274637318695,-0.003989792702886837,-4040.2143048687926,38.22904262067818
-2743.5167583791927,-0.003989792702886837,-4040.2143048687926,38.22904262067818
-2742.1060530265163,-0.003989792702886837,-4040.2143048687926,38.22904262067818
-2740.69534767384,-0.003989792702886837,-4040.2143048687926,38.22904262067818
-2739.284642321164,-0.003989792702886837,-4040.2143048687926,38.22904262067818
-2737.8739369684877,-0.003989792702886837,-4040.2143048687926,38.22904262067818
-2736.463231615811,-0.003989792702886837,-4040.2143048687926,38.22904262067818
-2735.0525262631345,-0.003989792702886837,-4040.2143048687926,38.22904262067818
-2733.6418209104586,-0.003989792702886837,-4040.2143048687926,38.22904262067818
-2732.2311155577822,-0.003989792702886837,-4040.2143048687926,38.22904262067818
-2730.820410205106,-0.003989792702886837,-4040.2143048687926,38.22904262067818
-2729.409704852429,-0.003989792702886837,-4040.2143048687926,38.22904262067818
-2727.998999499753,-0.003989792702886837,-4040.2143048687926,38.22904262067818
-2726.588294147077,-0.003989792702886837,-4040.2143048687926,38.22904262067818
-2725.1775887944004,-0.003989792702886837,-4040.2143048687926,38.22904262067818
-2723.766883441724,-0.003989792702886837,-4040.2143048687926,38.22904262067818
-2722.3561780890477,-0.003989792702886837,-4040.2143048687926,38.22904262067818
-2720.9454727363714,-0.003989792702886837,-4040.2143048687926,38.22904262067818
-2719.534767383695,-0.003989792702886837,-4040.2143048687926,38.22904262067818
-2718.1240620310186,-0.003989792702886837,-4040.2143048687926,38.22904262067818
-2716.7133566783427,-0.003989792702886837,-4040.2143048687926,38.22904262067818
-2715.302651325666,-0.003989792702886837,-4040.2143048687926,38.22904262067818
-2713.8919459729896,-0.003989792702886837,-4040.2143048687926,38.22904262067818
-2712.481240620313,-0.003989792702886837,-4040.2143048687926,38.22904262067818
-2711.0705352676373,-0.003989792702886837,-4040.2143048687926,38.22904262067818
-2709.659829914961,-0.003989792702886837,-4040.2143048687926,38.22904262067818
-2708.249124562284,-0.003989792702886837,-4040.2143048687926,38.22904262067818
-2706.8384192096078,-0.003989792702886837,-4040.2143048687926,38.22904262067818
-2705.427713856932,-0.003989792702886837,-4040.2143048687926,38.22904262067818
-2704.0170085042555,-0.003989792702886837,-4040.2143048687926,38.22904262067818
-2702.606303151579,-0.003989792702886837,-4040.2143048687926,38.22904262067818
-2701.1955977989023,-0.003989792702886837,-4040.2143048687926,38.22904262067818
-2699.7848924462264,-0.003989792702886837,-4040.2143048687926,38.22904262067818
-2698.37418709355,-0.003989792702886837,-4040.2143048687926,38.22904262067818
-2696.9634817408737,-0.003989792702886837,-4040.2143048687926,38.22904262067818
-2695.5527763881973,-0.003989792702886837,-4040.2143048687926,38.22904262067818
-2694.142071035521,-0.003989792702886837,-4040.2143048687926,38.22904262067818
-2692.7313656828446,-0.003989792702886837,-4040.2143048687926,38.22904262067818
-2691.3206603301683,-0.003989792702886837,-4040.2143048687926,38.22904262067818
-2689.909954977492,-0.003989792702886837,-4040.2143048687926,38.22904262067818
-2688.499249624816,-0.003989792702886837,-4040.2143048687926,38.22904262067818
-2687.088544272139,-0.003989792702886837,-4040.2143048687926,38.22904262067818
-2685.677838919463,-0.003989792702886837,-4040.2143048687926,38.22904262067818
-2684.267133566787,-0.003989792702886837,-4040.2143048687926,38.22904262067818
-2682.8564282141106,-0.003989792702886837,-4040.2143048687926,38.22904262067818
-2681.445722861434,-0.003989792702886837,-4040.2143048687926,38.22904262067818
-2680.0350175087574,-0.003989792702886837,-4040.2143048687926,38.22904262067818
-2678.6243121560815,-0.003989792702886837,-4040.2143048687926,38.22904262067818
-2677.213606803405,-0.003989792702886837,-4040.2143048687926,38.22904262067818
-2675.8029014507288,-0.003989792702886837,-4040.2143048687926,38.22904262067818
-2674.3921960980524,-0.003989792702886837,-4040.2143048687926,38.22904262067818
-2672.981490745376,-0.003989792702886837,-4040.2143048687926,38.22904262067818
-2671.5707853926997,-0.003989792702886837,-4040.2143048687926,38.22904262067818
-2670.1600800400233,-0.003989792702886837,-4040.2143048687926,38.22904262067818
-2668.749374687347,-0.003989792702886837,-4040.2143048687926,38.22904262067818
-2667.338669334671,-0.003989792702886837,-4040.2143048687926,38.22904262067818
-2665.9279639819943,-0.003989792702886837,-4040.2143048687926,38.22904262067818
-2664.517258629318,-0.003989792702886837,-4040.2143048687926,38.22904262067818
-2663.1065532766415,-0.003989792702886837,-4040.2143048687926,38.22904262067818
-2661.6958479239656,-0.003989792702886837,-4040.2143048687926,38.22904262067818
-2660.2851425712893,-0.003989792702886837,-4040.2143048687926,38.22904262067818
-2658.8744372186125,-0.003989792702886837,-4040.2143048687926,38.22904262067818
-2657.463731865936,-0.003989792702886837,-4040.2143048687926,38.22904262067818
-2656.05302651326,-0.003989792702886837,-4040.2143048687926,38.22904262067818
-2654.642321160584,-0.003989792702886837,-4040.2143048687926,38.22904262067818
-2653.2316158079075,-0.003989792702886837,-4040.2143048687926,38.22904262067818
-2651.8209104552307,-0.003989792702886837,-4040.2143048687926,38.22904262067818
-2650.4102051025548,-0.003989792702886837,-4040.2143048687926,38.22904262067818
-2648.9994997498784,-0.003989792702886837,-4040.2143048687926,38.22904262067818
-2647.588794397202,-0.003989792702886837,-4040.2143048687926,38.22904262067818
-2646.1780890445257,-0.003989792702886837,-4040.2143048687926,38.22904262067818
-2644.7673836918493,-0.003989792702886837,-4040.2143048687926,38.22904262067818
-2643.356678339173,-0.003989792702886837,-4040.2143048687926,38.22904262067818
-2641.9459729864966,-0.003989792702886837,-4040.2143048687926,38.22904262067818
-2640.5352676338202,-0.003989792702886837,-4040.2143048687926,38.22904262067818
-2639.1245622811443,-0.003989792702886837,-4040.2143048687926,38.22904262067818
-2637.7138569284675,-0.003989792702886837,-4040.2143048687926,38.22904262067818
-2636.303151575791,-0.003989792702886837,-4040.2143048687926,38.22904262067818
-2634.892446223115,-0.003989792702886837,-4040.2143048687926,38.22904262067818
-2633.481740870439,-0.003989792702886837,-4040.2143048687926,38.22904262067818
-2632.0710355177625,-0.003989792702886837,-4040.2143048687926,38.22904262067818
-2630.6603301650857,-0.003989792702886837,-4040.2143048687926,38.22904262067818
-2629.2496248124094,-0.003989792702886837,-4040.2143048687926,38.22904262067818
-2627.8389194597335,-0.003989792702886837,-4040.2143048687926,38.22904262067818
-2626.428214107057,-0.003989792702886837,-4040.2143048687926,38.22904262067818
-2625.0175087543807,-0.003989792702886837,-4040.2143048687926,38.22904262067818
-2623.6068034017044,-0.003989792702886837,-4040.2143048687926,38.22904262067818
-2622.196098049028,-0.003989792702886837,-4040.2143048687926,38.22904262067818
-2620.7853926963517,-0.003989792702886837,-4040.2143048687926,38.22904262067818
-2619.3746873436753,-0.003989792702886837,-4040.2143048687926,38.22904262067818
-2617.963981990999,-0.003989792702886837,-4040.2143048687926,38.22904262067818
-2616.5532766383226,-0.003989792702886837,-4040.2143048687926,38.22904262067818
-2615.142571285646,-0.003989792702886837,-4040.2143048687926,38.22904262067818
-2613.73186593297,-0.003989792702886837,-4040.2143048687926,38.22904262067818
-2612.321160580294,-0.003989792702886837,-4040.2143048687926,38.22904262067818
-2610.9104552276176,-0.003989792702886837,-4040.2143048687926,38.22904262067818
-2609.499749874941,-0.003989792702886837,-4040.2143048687926,38.22904262067818
-2608.0890445222644,-0.003989792702886837,-4040.2143048687926,38.22904262067818
-2606.6783391695885,-0.003989792702886837,-4040.2143048687926,38.22904262067818
-2605.267633816912,-0.003989792702886837,-4040.2143048687926,38.22904262067818
-2603.856928464236,-0.003989792702886837,-4040.2143048687926,38.22904262067818
-2602.446223111559,-0.003989792702886837,-4040.2143048687926,38.22904262067818
-2601.035517758883,-0.003989792702886837,-4040.2143048687926,38.22904262067818
-2599.6248124062067,-0.003989792702886837,-4040.2143048687926,38.22904262067818
-2598.2141070535304,-0.003989792702886837,-4040.2143048687926,38.22904262067818
-2596.803401700854,-0.003989792702886837,-4040.2143048687926,38.22904262067818
-2595.3926963481777,-0.003989792702886837,-4040.2143048687926,38.22904262067818
-2593.9819909955013,-0.003989792702886837,-4040.2143048687926,38.22904262067818
-2592.571285642825,-0.003989792702886837,-4040.2143048687926,38.22904262067818
-2591.1605802901486,-0.003989792702886837,-4040.2143048687926,38.22904262067818
-2589.7498749374727,-0.003989792702886837,-4040.2143048687926,38.22904262067818
-2588.339169584796,-0.003989792702886837,-4040.2143048687926,38.22904262067818
-2586.9284642321195,-0.003989792702886837,-4040.2143048687926,38.22904262067818
-2585.517758879443,-0.003989792702886837,-4040.2143048687926,38.22904262067818
-2584.1070535267672,-0.003989792702886837,-4040.2143048687926,38.22904262067818
-2582.696348174091,-0.003989792702886837,-4040.2143048687926,38.22904262067818
-2581.285642821414,-0.003989792702886837,-4040.2143048687926,38.22904262067818
-2579.8749374687377,-0.003989792702886837,-4040.2143048687926,38.22904262067818
-2578.464232116062,-0.003989792702886837,-4040.2143048687926,38.22904262067818
-2577.0535267633854,-0.003989792702886837,-4040.2143048687926,38.22904262067818
-2575.642821410709,-0.003989792702886837,-4040.2143048687926,38.22904262067818
-2574.2321160580323,-0.003989792702886837,-4040.2143048687926,38.22904262067818
-2572.8214107053564,-0.003989792702886837,-4040.2143048687926,38.22904262067818
-2571.41070535268,-0.003989792702886837,-4040.2143048687926,38.22904262067818
-2570.0000000000036,-0.003989792702886837,-4040.2143048687926,38.22904262067818
