detuning,transfer,Eb,e_Eb
-4760.000000000027,4.9594075356839014e-08,-3984.8872508552436,0.4097359699573022
-4759.21960980493,4.966828946629733e-08,-3984.8872508552436,0.4097359699573022
-4758.439219609832,4.979603107565436e-08,-3984.8872508552436,0.4097359699573022
-4757.658829414735,4.987157497088321e-08,-3984.8872508552436,0.4097359699573022
-4756.878439219637,4.99994426378551e-08,-3984.8872508552436,0.4097359699573022
-4756.098049024539,5.00761377541162e-08,-3984.8872508552436,0.4097359699573022
-4755.317658829442,5.0204179828990065e-08,-3984.8872508552436,0.4097359699573022
-4754.537268634344,5.0281973908631567e-08,-3984.8872508552436,0.4097359699573022
-4753.756878439247,5.041021314158613e-08,-3984.8872508552436,0.4097359699573022
-4752.97648824415,5.0489088244969305e-08,-3984.8872508552436,0.4097359699573022
-4752.196098049051,5.0617537361747375e-08,-3984.8872508552436,0.4097359699573022
-4751.415707853954,5.0697488613879516e-08,-3984.8872508552436,0.4097359699573022
-4750.635317658856,5.08258676575707e-08,-3984.8872508552436,0.4097359699573022
-4749.854927463759,5.090637546453974e-08,-3984.8872508552436,0.4097359699573022
-4749.0745372686615,5.103578582125393e-08,-3984.8872508552436,0.4097359699573022
-4748.294147073564,5.111737385635238e-08,-3984.8872508552436,0.4097359699573022
-4747.513756878466,5.124701313868522e-08,-3984.8872508552436,0.4097359699573022
-4746.733366683368,5.132968764363862e-08,-3984.8872508552436,0.4097359699573022
-4745.952976488271,5.1459559022970594e-08,-3984.8872508552436,0.4097359699573022
-4745.1725862931735,5.154321337927438e-08,-3984.8872508552436,0.4097359699573022
-4744.392196098076,5.167311323537086e-08,-3984.8872508552436,0.4097359699573022
-4743.611805902979,5.17581922875021e-08,-3984.8872508552436,0.4097359699573022
-4742.83141570788,5.18883333277285e-08,-3984.8872508552436,0.4097359699573022
-4742.051025512783,5.197451838715154e-08,-3984.8872508552436,0.4097359699573022
-4741.270635317685,5.2104901532111776e-08,-3984.8872508552436,0.4097359699573022
-4740.490245122588,5.219220294222082e-08,-3984.8872508552436,0.4097359699573022
-4739.709854927491,5.2322829148738813e-08,-3984.8872508552436,0.4097359699573022
-4738.929464732393,5.2411257334700296e-08,-3984.8872508552436,0.4097359699573022
-4738.149074537295,5.254212759646417e-08,-3984.8872508552436,0.4097359699573022
-4737.368684342197,5.2631693066064794e-08,-3984.8872508552436,0.4097359699573022
-4736.5882941471,5.276280841428229e-08,-3984.8872508552436,0.4097359699573022
-4735.807903952003,5.28526970486456e-08,-3984.8872508552436,0.4097359699573022
-4735.027513756905,5.2982567097981525e-08,-3984.8872508552436,0.4097359699573022
-4734.247123561808,5.307592573373312e-08,-3984.8872508552436,0.4097359699573022
-4733.466733366709,5.32060345221031e-08,-3984.8872508552436,0.4097359699573022
-4732.686343171612,5.330057097602119e-08,-3984.8872508552436,0.4097359699573022
-4731.9059529765145,5.343091961822171e-08,-3984.8872508552436,0.4097359699573022
-4731.125562781417,5.3526644770175863e-08,-3984.8872508552436,0.4097359699573022
-4730.34517258632,5.3657234421101825e-08,-3984.8872508552436,0.4097359699573022
-4729.564782391222,5.3754159238114005e-08,-3984.8872508552436,0.4097359699573022
-4728.784392196124,5.388499109346442e-08,-3984.8872508552436,0.4097359699573022
-4728.0040020010265,5.398312663064971e-08,-3984.8872508552436,0.4097359699573022
-4727.223611805929,5.4114201927632776e-08,-3984.8872508552436,0.4097359699573022
-4726.443221610832,5.4213559329122804e-08,-3984.8872508552436,0.4097359699573022
-4725.662831415734,5.4344879347176484e-08,-3984.8872508552436,0.4097359699573022
-4724.882441220637,5.444546984707881e-08,-3984.8872508552436,0.4097359699573022
-4724.102051025539,5.457703590860882e-08,-3984.8872508552436,0.4097359699573022
-4723.321660830441,5.4678870831960884e-08,-3984.8872508552436,0.4097359699573022
-4722.541270635344,5.4810684303085335e-08,-3984.8872508552436,0.4097359699573022
-4721.760880440246,5.4913775066851284e-08,-3984.8872508552436,0.4097359699573022
-4720.980490245149,5.504583735815186e-08,-3984.8872508552436,0.4097359699573022
-4720.200100050051,5.515019547220732e-08,-3984.8872508552436,0.4097359699573022
-4719.419709854954,5.5282508039504864e-08,-3984.8872508552436,0.4097359699573022
-4718.639319659856,5.538814510764544e-08,-3984.8872508552436,0.4097359699573022
-4717.858929464758,5.552070945276178e-08,-3984.8872508552436,0.4097359699573022
-4717.078539269661,5.562763717372703e-08,-3984.8872508552436,0.4097359699573022
-4716.298149074563,5.5760454845295984e-08,-3984.8872508552436,0.4097359699573022
-4715.517758879466,5.5868685013818394e-08,-3984.8872508552436,0.4097359699573022
-4714.737368684368,5.600175760807688e-08,-3984.8872508552436,0.4097359699573022
-4713.95697848927,5.6111302115928756e-08,-3984.8872508552436,0.4097359699573022
-4713.176588294173,5.624463127753305e-08,-3984.8872508552436,0.4097359699573022
-4712.396198099075,5.635550211460551e-08,-3984.8872508552436,0.4097359699573022
-4711.615807903978,5.6489089537456635e-08,-3984.8872508552436,0.4097359699573022
-4710.83541770888,5.658506074627818e-08,-3984.8872508552436,0.4097359699573022
-4710.055027513783,5.668954232799555e-08,-3984.8872508552436,0.4097359699573022
-4709.274637318685,5.6832400809335075e-08,-3984.8872508552436,0.4097359699573022
-4708.494247123587,5.6937022611905895e-08,-3984.8872508552436,0.4097359699573022
-4707.71385692849,5.708136591165994e-08,-3984.8872508552436,0.4097359699573022
-4706.933466733392,5.7186130397712345e-08,-3984.8872508552436,0.4097359699573022
-4706.153076538295,5.733197029980253e-08,-3984.8872508552436,0.4097359699573022
-4705.3726863431975,5.74368799962398e-08,-3984.8872508552436,0.4097359699573022
-4704.592296148099,5.75842283767756e-08,-3984.8872508552436,0.4097359699573022
-4703.811905953002,5.7689285875786694e-08,-3984.8872508552436,0.4097359699573022
-4703.031515757904,5.783815470413833e-08,-3984.8872508552436,0.4097359699573022
-4702.251125562807,5.794336266420582e-08,-3984.8872508552436,0.4097359699573022
-4701.4707353677095,5.80937640040835e-08,-3984.8872508552436,0.4097359699573022
-4700.690345172612,5.819912515101643e-08,-3984.8872508552436,0.4097359699573022
-4699.909954977514,5.8351071161580194e-08,-3984.8872508552436,0.4097359699573022
-4699.129564782416,5.8456588289552826e-08,-3984.8872508552436,0.4097359699573022
-4698.349174587319,5.861009122652131e-08,-3984.8872508552436,0.4097359699573022
-4697.5687843922215,5.871576719914153e-08,-3984.8872508552436,0.4097359699573022
-4696.788394197124,5.88708394159449e-08,-3984.8872508552436,0.4097359699573022
-4696.008004002027,5.897667716732923e-08,-3984.8872508552436,0.4097359699573022
-4695.227613806928,5.913333111625902e-08,-3984.8872508552436,0.4097359699573022
-4694.447223611831,5.9239333652123786e-08,-3984.8872508552436,0.4097359699573022
-4693.666833416733,5.9397581885503757e-08,-3984.8872508552436,0.4097359699573022
-4692.886443221636,5.950375228427734e-08,-3984.8872508552436,0.4097359699573022
-4692.106053026539,5.966360745565823e-08,-3984.8872508552436,0.4097359699573022
-4691.325662831441,5.976994886961002e-08,-3984.8872508552436,0.4097359699573022
-4690.545272636344,5.993142373498924e-08,-3984.8872508552436,0.4097359699573022
-4689.764882441245,6.003793939137292e-08,-3984.8872508552436,0.4097359699573022
-4688.984492246148,6.020104681042236e-08,-3984.8872508552436,0.4097359699573022
-4688.2041020510505,6.0307740012644e-08,-3984.8872508552436,0.4097359699573022
-4687.423711855953,6.04724929499538e-08,-3984.8872508552436,0.4097359699573022
-4686.643321660856,6.057936707874235e-08,-3984.8872508552436,0.4097359699573022
-4685.862931465758,6.074577860510464e-08,-3984.8872508552436,0.4097359699573022
-4685.08254127066,6.085283711971956e-08,-3984.8872508552436,0.4097359699573022
-4684.3021510755625,6.102092041340945e-08,-3984.8872508552436,0.4097359699573022
-4683.521760880465,6.112816685286281e-08,-3984.8872508552436,0.4097359699573022
-4682.741370685368,6.129793520096638e-08,-3984.8872508552436,0.4097359699573022
-4681.96098049027,6.140537318524914e-08,-3984.8872508552436,0.4097359699573022
-4681.180590295173,6.157683998497985e-08,-3984.8872508552436,0.4097359699573022
-4680.4002001000745,6.168447321632343e-08,-3984.8872508552436,0.4097359699573022
-4679.619809904977,6.18576519763875e-08,-3984.8872508552436,0.4097359699573022
-4678.83941970988,6.196548424054545e-08,-3984.8872508552436,0.4097359699573022
-4678.059029514782,6.214038858251294e-08,-3984.8872508552436,0.4097359699573022
-4677.278639319685,6.224842375004879e-08,-3984.8872508552436,0.4097359699573022
-4676.498249124587,6.242506740977321e-08,-3984.8872508552436,0.4097359699573022
-4675.717858929489,6.253330943738766e-08,-3984.8872508552436,0.4097359699573022
-4674.937468734392,6.27117062663987e-08,-3984.8872508552436,0.4097359699573022
-4674.157078539294,6.282015919825673e-08,-3984.8872508552436,0.4097359699573022
-4673.376688344197,6.300032316522508e-08,-3984.8872508552436,0.4097359699573022
-4672.596298149099,6.310899113431814e-08,-3984.8872508552436,0.4097359699573022
-4671.815907954002,6.329093632652792e-08,-3984.8872508552436,0.4097359699573022
-4671.035517758904,6.339982355606808e-08,-3984.8872508552436,0.4097359699573022
-4670.255127563806,6.358356418089678e-08,-3984.8872508552436,0.4097359699573022
-4669.474737368709,6.369267498570359e-08,-3984.8872508552436,0.4097359699573022
-4668.694347173611,6.38782253721496e-08,-3984.8872508552436,0.4097359699573022
-4667.913956978514,6.398756416007828e-08,-3984.8872508552436,0.4097359699573022
-4667.133566783416,6.417493876030428e-08,-3984.8872508552436,0.4097359699573022
-4666.353176588318,6.428451003370165e-08,-3984.8872508552436,0.4097359699573022
-4665.572786393221,6.44737234245917e-08,-3984.8872508552436,0.4097359699573022
-4664.792396198123,6.460175720980954e-08,-3984.8872508552436,0.4097359699573022
-4664.012006003026,6.482578403950996e-08,-3984.8872508552436,0.4097359699573022
-4663.231615807928,6.490292947130769e-08,-3984.8872508552436,0.4097359699573022
-4662.451225612831,6.512892452537227e-08,-3984.8872508552436,0.4097359699573022
-4661.6708354177335,6.520621607611876e-08,-3984.8872508552436,0.4097359699573022
-4660.890445222635,6.543419330978171e-08,-3984.8872508552436,0.4097359699573022
-4660.110055027538,6.551163687175564e-08,-3984.8872508552436,0.4097359699573022
-4659.32966483244,6.574161035616474e-08,-3984.8872508552436,0.4097359699573022
-4658.549274637343,6.581921193900757e-08,-3984.8872508552436,0.4097359699573022
-4657.7688844422455,6.605119586277789e-08,-3984.8872508552436,0.4097359699573022
-4656.988494247148,6.612896159524743e-08,-3984.8872508552436,0.4097359699573022
-4656.20810405205,6.636297026602055e-08,-3984.8872508552436,0.4097359699573022
-4655.427713856952,6.644090639775147e-08,-3984.8872508552436,0.4097359699573022
-4654.647323661855,6.667695424381712e-08,-3984.8872508552436,0.4097359699573022
-4653.8669334667575,6.675438264647038e-08,-3984.8872508552436,0.4097359699573022
-4653.08654327166,6.699124632679164e-08,-3984.8872508552436,0.4097359699573022
-4652.306153076563,6.707078136706817e-08,-3984.8872508552436,0.4097359699573022
-4651.525762881464,6.730971521446867e-08,-3984.8872508552436,0.4097359699573022
-4650.745372686367,6.738943848850076e-08,-3984.8872508552436,0.4097359699573022
-4649.964982491269,6.763045749988411e-08,-3984.8872508552436,0.4097359699573022
-4649.184592296172,6.771037556368515e-08,-3984.8872508552436,0.4097359699573022
-4648.404202101075,6.795349486564625e-08,-3984.8872508552436,0.4097359699573022
-4647.623811905977,6.8033614403091e-08,-3984.8872508552436,0.4097359699573022
-4646.843421710879,6.82788492536782e-08,-3984.8872508552436,0.4097359699573022
-4646.063031515781,6.835917707843601e-08,-3984.8872508552436,0.4097359699573022
-4645.282641320684,6.860654286895811e-08,-3984.8872508552436,0.4097359699573022
-4644.502251125587,6.868708592645513e-08,-3984.8872508552436,0.4097359699573022
-4643.721860930489,6.893659818330811e-08,-3984.8872508552436,0.4097359699573022
-4642.941470735392,6.901736903367973e-08,-3984.8872508552436,0.4097359699573022
-4642.161080540293,6.926905333228352e-08,-3984.8872508552436,0.4097359699573022
-4641.380690345196,6.935003839573849e-08,-3984.8872508552436,0.4097359699573022
-4640.6003001500985,6.960390076949504e-08,-3984.8872508552436,0.4097359699573022
-4639.819909955001,6.968512256955492e-08,-3984.8872508552436,0.4097359699573022
-4639.039519759904,6.994117896179473e-08,-3984.8872508552436,0.4097359699573022
-4638.259129564805,7.002264499083596e-08,-3984.8872508552436,0.4097359699573022
-4637.478739369708,7.02809114876165e-08,-3984.8872508552436,0.4097359699573022
-4636.6983491746105,7.036262938010631e-08,-3984.8872508552436,0.4097359699573022
-4635.917958979513,7.062312221219765e-08,-3984.8872508552436,0.4097359699573022
-4635.137568784416,7.070509974684683e-08,-3984.8872508552436,0.4097359699573022
-4634.357178589318,7.096783529177695e-08,-3984.8872508552436,0.4097359699573022
-4633.57678839422,7.10500803937592e-08,-3984.8872508552436,0.4097359699573022
-4632.796398199122,7.131507517786455e-08,-3984.8872508552436,0.4097359699573022
-4632.016008004025,7.139759592104888e-08,-3984.8872508552436,0.4097359699573022
-4631.235617808928,7.166486662158069e-08,-3984.8872508552436,0.4097359699573022
-4630.45522761383,7.174767123081676e-08,-3984.8872508552436,0.4097359699573022
-4629.674837418732,7.201723467808025e-08,-3984.8872508552436,0.4097359699573022
-4628.894447223634,7.21003315315101e-08,-3984.8872508552436,0.4097359699573022
-4628.114057028537,7.237220471103759e-08,-3984.8872508552436,0.4097359699573022
-4627.33366683344,7.245560234247196e-08,-3984.8872508552436,0.4097359699573022
-4626.553276638342,7.274900351073656e-08,-3984.8872508552436,0.4097359699573022
-4625.772886443245,7.286743504440454e-08,-3984.8872508552436,0.4097359699573022
-4624.992496248146,7.310929280714557e-08,-3984.8872508552436,0.4097359699573022
-4624.212106053049,7.320865377064117e-08,-3984.8872508552436,0.4097359699573022
-4623.4317158579515,7.341761555099272e-08,-3984.8872508552436,0.4097359699573022
-4622.651325662854,7.357197901426296e-08,-3984.8872508552436,0.4097359699573022
-4621.870935467757,7.378318370665653e-08,-3984.8872508552436,0.4097359699573022
-4621.090545272658,7.393801860218004e-08,-3984.8872508552436,0.4097359699573022
-4620.310155077561,7.415148690241382e-08,-3984.8872508552436,0.4097359699573022
-4619.5297648824635,7.432636813001717e-08,-3984.8872508552436,0.4097359699573022
-4618.749374687366,7.455812682338461e-08,-3984.8872508552436,0.4097359699573022
-4617.968984492269,7.464351735690162e-08,-3984.8872508552436,0.4097359699573022
-4617.18859429717,7.49320477709487e-08,-3984.8872508552436,0.4097359699573022
-4616.408204102073,7.501780338421658e-08,-3984.8872508552436,0.4097359699573022
-4615.6278139069755,7.530878527692056e-08,-3984.8872508552436,0.4097359699573022
-4614.847423711878,7.539491583888216e-08,-3984.8872508552436,0.4097359699573022
-4614.067033516781,7.568836769726163e-08,-3984.8872508552436,0.4097359699573022
-4613.286643321683,7.577488325566258e-08,-3984.8872508552436,0.4097359699573022
-4612.506253126585,7.607082374594892e-08,-3984.8872508552436,0.4097359699573022
-4611.725862931487,7.615773453010685e-08,-3984.8872508552436,0.4097359699573022
-4610.94547273639,7.645594668487542e-08,-3984.8872508552436,0.4097359699573022
-4610.165082541293,7.654283664579499e-08,-3984.8872508552436,0.4097359699573022
-4609.384692346195,7.684423642762246e-08,-3984.8872508552436,0.4097359699573022
-4608.604302151097,7.693145091750767e-08,-3984.8872508552436,0.4097359699573022
-4607.823911955999,7.72354746293489e-08,-3984.8872508552436,0.4097359699573022
-4607.043521760902,7.732379600425772e-08,-3984.8872508552436,0.4097359699573022
-4606.2631315658045,7.762971863930682e-08,-3984.8872508552436,0.4097359699573022
-4605.482741370707,7.771847870863029e-08,-3984.8872508552436,0.4097359699573022
-4604.70235117561,7.802698542626697e-08,-3984.8872508552436,0.4097359699573022
-4603.921960980511,7.811628606772385e-08,-3984.8872508552436,0.4097359699573022
-4603.141570785414,7.842731906953014e-08,-3984.8872508552436,0.4097359699573022
-4602.3611805903165,7.851638955213699e-08,-3984.8872508552436,0.4097359699573022
-4601.580790395219,7.883072457783713e-08,-3984.8872508552436,0.4097359699573022
-4600.800400200122,7.892026510731028e-08,-3984.8872508552436,0.4097359699573022
-4600.020010005024,7.923724698684883e-08,-3984.8872508552436,0.4097359699573022
-4599.239619809927,7.932726935031806e-08,-3984.8872508552436,0.4097359699573022
-4598.4592296148285,7.964691848936527e-08,-3984.8872508552436,0.4097359699573022
-4597.678839419731,7.973743468312749e-08,-3984.8872508552436,0.4097359699573022
-4596.898449224634,8.00597716951758e-08,-3984.8872508552436,0.4097359699573022
-4596.118059029536,8.015079392802569e-08,-3984.8872508552436,0.4097359699573022
-4595.337668834439,8.047583963755848e-08,-3984.8872508552436,0.4097359699573022
-4594.557278639341,8.056738033418556e-08,-3984.8872508552436,0.4097359699573022
-4593.776888444243,8.08951557798945e-08,-3984.8872508552436,0.4097359699573022
-4592.996498249146,8.098722758434538e-08,-3984.8872508552436,0.4097359699573022
-4592.216108054048,8.131775402241503e-08,-3984.8872508552436,0.4097359699573022
-4591.435717858951,8.141036980162064e-08,-3984.8872508552436,0.4097359699573022
-4590.655327663853,8.174366870905654e-08,-3984.8872508552436,0.4097359699573022
-4589.874937468756,8.183684155640525e-08,-3984.8872508552436,0.4097359699573022
-4589.094547273658,8.217293463445778e-08,-3984.8872508552436,0.4097359699573022
-4588.31415707856,8.226667787345464e-08,-3984.8872508552436,0.4097359699573022
-4587.533766883463,8.260558705106574e-08,-3984.8872508552436,0.4097359699573022
-4586.753376688365,8.269991423905659e-08,-3984.8872508552436,0.4097359699573022
-4585.972986493268,8.304166167640202e-08,-3984.8872508552436,0.4097359699573022
-4585.19259629817,8.313657807981354e-08,-3984.8872508552436,0.4097359699573022
-4584.412206103072,8.348117074839805e-08,-3984.8872508552436,0.4097359699573022
-4583.631815907975,8.357672279932918e-08,-3984.8872508552436,0.4097359699573022
-4582.851425712877,8.392422023318807e-08,-3984.8872508552436,0.4097359699573022
-4582.07103551778,8.402043761785527e-08,-3984.8872508552436,0.4097359699573022
-4581.290645322682,8.437078047183641e-08,-3984.8872508552436,0.4097359699573022
-4580.510255127585,8.446763889024357e-08,-3984.8872508552436,0.4097359699573022
-4579.729864932487,8.482091059015172e-08,-3984.8872508552436,0.4097359699573022
-4578.949474737389,8.491842482844544e-08,-3984.8872508552436,0.4097359699573022
-4578.169084542292,8.5274648744526e-08,-3984.8872508552436,0.4097359699573022
-4577.388694347194,8.537283384648343e-08,-3984.8872508552436,0.4097359699573022
-4576.608304152097,8.573203360284507e-08,-3984.8872508552436,0.4097359699573022
-4575.8279139569995,8.58309048740865e-08,-3984.8872508552436,0.4097359699573022
-4575.047523761901,8.619310435271757e-08,-3984.8872508552436,0.4097359699573022
-4574.267133566804,8.629267736503454e-08,-3984.8872508552436,0.4097359699573022
-4573.486743371706,8.665790070989736e-08,-3984.8872508552436,0.4097359699573022
-4572.706353176609,8.675819130562669e-08,-3984.8872508552436,0.4097359699573022
-4571.9259629815115,8.712646292685474e-08,-3984.8872508552436,0.4097359699573022
-4571.145572786414,8.722748722334619e-08,-3984.8872508552436,0.4097359699573022
-4570.365182591316,8.759883180148649e-08,-3984.8872508552436,0.4097359699573022
-4569.584792396218,8.770060619566427e-08,-3984.8872508552436,0.4097359699573022
-4568.804402201121,8.80750486860263e-08,-3984.8872508552436,0.4097359699573022
-4568.024012006023,8.817758985903461e-08,-3984.8872508552436,0.4097359699573022
-4567.243621810926,8.855515549610838e-08,-3984.8872508552436,0.4097359699573022
-4566.463231615829,8.865848041802277e-08,-3984.8872508552436,0.4097359699573022
-4565.682841420731,8.903919471999505e-08,-3984.8872508552436,0.4097359699573022
-4564.902451225633,8.914332065466592e-08,-3984.8872508552436,0.4097359699573022
-4564.122061030535,8.952720942800499e-08,-3984.8872508552436,0.4097359699573022
-4563.341670835438,8.963215393794676e-08,-3984.8872508552436,0.4097359699573022
-4562.561280640341,9.001924328209849e-08,-3984.8872508552436,0.4097359699573022
-4561.780890445243,9.012502423351192e-08,-3984.8872508552436,0.4097359699573022
-4561.000500250146,9.051534054567642e-08,-3984.8872508552436,0.4097359699573022
-4560.220110055047,9.062197611353697e-08,-3984.8872508552436,0.4097359699573022
-4559.43971985995,9.101554609352389e-08,-3984.8872508552436,0.4097359699573022
-4558.6593296648525,9.112305476679336e-08,-3984.8872508552436,0.4097359699573022
-4557.878939469755,9.151990542200718e-08,-3984.8872508552436,0.4097359699573022
-4557.098549274658,9.162830600892029e-08,-3984.8872508552436,0.4097359699573022
-4556.31815907956,9.202846465940272e-08,-3984.8872508552436,0.4097359699573022
-4555.537768884462,9.213777629289253e-08,-3984.8872508552436,0.4097359699573022
-4554.7573786893645,9.25412705764843e-08,-3984.8872508552436,0.4097359699573022
-4553.976988494267,9.265151271966659e-08,-3984.8872508552436,0.4097359699573022
-4553.19659829917,9.305837059728987e-08,-3984.8872508552436,0.4097359699573022
-4552.416208104072,9.316956304909452e-08,-3984.8872508552436,0.4097359699573022
-4551.635817908975,9.35798128100946e-08,-3984.8872508552436,0.4097359699573022
-4550.855427713876,9.369197571098992e-08,-3984.8872508552436,0.4097359699573022
-4550.075037518779,9.410564597862297e-08,-3984.8872508552436,0.4097359699573022
-4549.294647323682,9.421879981644203e-08,-3984.8872508552436,0.4097359699573022
-4548.514257128584,9.463591955344779e-08,-3984.8872508552436,0.4097359699573022
-4547.733866933487,9.475008516936059e-08,-3984.8872508552436,0.4097359699573022
-4546.953476738389,9.517068368365635e-08,-3984.8872508552436,0.4097359699573022
-4546.173086543291,9.528588227822963e-08,-3984.8872508552436,0.4097359699573022
-4545.392696348194,9.570998922871395e-08,-3984.8872508552436,0.4097359699573022
-4544.612306153096,9.582624236809419e-08,-3984.8872508552436,0.4097359699573022
-4543.831915957999,9.625388777057636e-08,-3984.8872508552436,0.4097359699573022
-4543.051525762901,9.637121739282743e-08,-3984.8872508552436,0.4097359699573022
-4542.271135567804,9.680243162604802e-08,-3984.8872508552436,0.4097359699573022
-4541.490745372706,9.69208600475602e-08,-3984.8872508552436,0.4097359699573022
-4540.710355177608,9.735567385937634e-08,-3984.8872508552436,0.4097359699573022
-4539.929964982511,9.747522378146685e-08,-3984.8872508552436,0.4097359699573022
-4539.149574787413,9.791366829511811e-08,-3984.8872508552436,0.4097359699573022
-4538.369184592316,9.803436281070052e-08,-3984.8872508552436,0.4097359699573022
-4537.588794397218,9.847646953123234e-08,-3984.8872508552436,0.4097359699573022
-4536.80840420212,9.859833213168381e-08,-3984.8872508552436,0.4097359699573022
-4536.028014007023,9.904413295247911e-08,-3984.8872508552436,0.4097359699573022
-4535.247623811925,9.916718753457587e-08,-3984.8872508552436,0.4097359699573022
-4534.467233616828,9.96167147440493e-08,-3984.8872508552436,0.4097359699573022
-4533.68684342173,9.97409856171114e-08,-3984.8872508552436,0.4097359699573022
-4532.906453226633,1.0019427190549621e-07,-3984.8872508552436,0.4097359699573022
-4532.1260630315355,1.0031978379862864e-07,-3984.8872508552436,0.4097359699573022
-4531.345672836437,1.0077686226494922e-07,-3984.8872508552436,0.4097359699573022
-4530.56528264134,1.0090364033445124e-07,-3984.8872508552436,0.4097359699573022
-4529.784892446242,1.0136454449359896e-07,-3984.8872508552436,0.4097359699573022
-4529.004502251145,1.0149261433052457e-07,-3984.8872508552436,0.4097359699573022
-4528.2241120560475,1.0195737812050652e-07,-3984.8872508552436,0.4097359699573022
-4527.44372186095,1.0208676575837139e-07,-3984.8872508552436,0.4097359699573022
-4526.663331665852,1.0255542354769551e-07,-3984.8872508552436,0.4097359699573022
-4525.882941470754,1.0268615547034149e-07,-3984.8872508552436,0.4097359699573022
-4525.102551275657,1.0315874206555648e-07,-3984.8872508552436,0.4097359699573022
-4524.322161080559,1.0329084521520213e-07,-3984.8872508552436,0.4097359699573022
-4523.541770885462,1.0376739586858875e-07,-3984.8872508552436,0.4097359699573022
-4522.761380690365,1.0390080113168237e-07,-3984.8872508552436,0.4097359699573022
-4521.980990495266,1.0438117699243434e-07,-3984.8872508552436,0.4097359699573022
-4521.200600300169,1.0451626331149529e-07,-3984.8872508552436,0.4097359699573022
-4520.420210105071,1.0500064518734079e-07,-3984.8872508552436,0.4097359699573022
-4519.639819909974,1.0513721602433281e-07,-3984.8872508552436,0.4097359699573022
-4518.859429714877,1.0562564003685133e-07,-3984.8872508552436,0.4097359699573022
-4518.079039519779,1.0576372476344592e-07,-3984.8872508552436,0.4097359699573022
-4517.298649324681,1.0625622750623265e-07,-3984.8872508552436,0.4097359699573022
-4516.518259129583,1.0639585600129696e-07,-3984.8872508552436,0.4097359699573022
-4515.737868934486,1.0689247454840943e-07,-3984.8872508552436,0.4097359699573022
-4514.9574787393885,1.0703367720718255e-07,-3984.8872508552436,0.4097359699573022
-4514.177088544291,1.0753444912177249e-07,-3984.8872508552436,0.4097359699573022
-4513.396698349194,1.076772568652152e-07,-3984.8872508552436,0.4097359699573022
-4512.616308154095,1.0818222020834543e-07,-3984.8872508552436,0.4097359699573022
-4511.835917958998,1.0832666449271704e-07,-3984.8872508552436,0.4097359699573022
-4511.0555277639005,1.0883585783235093e-07,-3984.8872508552436,0.4097359699573022
-4510.275137568803,1.0898197065896516e-07,-3984.8872508552436,0.4097359699573022
-4509.494747373706,1.0949543307917128e-07,-3984.8872508552436,0.4097359699573022
-4508.714357178608,1.0964324700436202e-07,-3984.8872508552436,0.4097359699573022
-4507.933966983511,1.101610181146985e-07,-3984.8872508552436,0.4097359699573022
-4507.1535767884125,1.1031056626001848e-07,-3984.8872508552436,0.4097359699573022
-4506.373186593315,1.1083268620511327e-07,-3984.8872508552436,0.4097359699573022
-4505.592796398218,1.1098400226770912e-07,-3984.8872508552436,0.4097359699573022
-4504.81240620312,1.1151051173707704e-07,-3984.8872508552436,0.4097359699573022
-4504.032016008023,1.1166363000034045e-07,-3984.8872508552436,0.4097359699573022
-4503.251625812924,1.121945702383738e-07,-3984.8872508552436,0.4097359699573022
-4502.471235617827,1.1234952558275997e-07,-3984.8872508552436,0.4097359699573022
-4501.69084542273,1.1288493839895438e-07,-3984.8872508552436,0.4097359699573022
-4500.910455227632,1.1304176631310452e-07,-3984.8872508552436,0.4097359699573022
-4500.130065032535,1.1358169409250903e-07,-3984.8872508552436,0.4097359699573022
-4499.349674837437,1.1374043068453224e-07,-3984.8872508552436,0.4097359699573022
-4498.56928464234,1.1428491639842428e-07,-3984.8872508552436,0.4097359699573022
-4497.788894447242,1.1444559840750413e-07,-3984.8872508552436,0.4097359699573022
-4497.008504252144,1.1499468562428226e-07,-3984.8872508552436,0.4097359699573022
-4496.228114057047,1.1515734529028455e-07,-3984.8872508552436,0.4097359699573022
-4495.447723861949,1.1571106888719307e-07,-3984.8872508552436,0.4097359699573022
-4494.667333666852,1.1587576356057174e-07,-3984.8872508552436,0.4097359699573022
-4493.886943471754,1.1643417714441924e-07,-3984.8872508552436,0.4097359699573022
-4493.106553276656,1.1660093184537365e-07,-3984.8872508552436,0.4097359699573022
-4492.326163081559,1.1716408084048246e-07,-3984.8872508552436,0.4097359699573022
-4491.545772886461,1.1733293495656915e-07,-3984.8872508552436,0.4097359699573022
-4490.765382691364,1.1790092668695173e-07,-3984.8872508552436,0.4097359699573022
-4489.984992496266,1.1807203107844165e-07,-3984.8872508552436,0.4097359699573022
-4489.204602301169,1.1864467860414795e-07,-3984.8872508552436,0.4097359699573022
-4488.424212106071,1.1881796260858213e-07,-3984.8872508552436,0.4097359699573022
-4487.643821910973,1.193954863884055e-07,-3984.8872508552436,0.4097359699573022
-4486.863431715876,1.195709914988301e-07,-3984.8872508552436,0.4097359699573022
-4486.083041520778,1.2015343961661683e-07,-3984.8872508552436,0.4097359699573022
-4485.302651325681,1.203312080591786e-07,-3984.8872508552436,0.4097359699573022
-4484.5222611305835,1.2091862929238868e-07,-3984.8872508552436,0.4097359699573022
-4483.741870935485,1.210987040404129e-07,-3984.8872508552436,0.4097359699573022
-4482.961480740388,1.2169114787340548e-07,-3984.8872508552436,0.4097359699573022
-4482.18109054529,1.2187357266178002e-07,-3984.8872508552436,0.4097359699573022
-4481.400700350193,1.2247108929940695e-07,-3984.8872508552436,0.4097359699573022
-4480.6203101550955,1.2265590863929258e-07,-3984.8872508552436,0.4097359699573022
-4479.839919959998,1.2325854902078715e-07,-3984.8872508552436,0.4097359699573022
-4479.0595297649,1.2344580821468047e-07,-3984.8872508552436,0.4097359699573022
-4478.279139569802,1.240536240278553e-07,-3984.8872508552436,0.4097359699573022
-4477.498749374705,1.2424336918494435e-07,-3984.8872508552436,0.4097359699573022
-4476.718359179607,1.2485641288073605e-07,-3984.8872508552436,0.4097359699573022
-4475.93796898451,1.2504869093266103e-07,-3984.8872508552436,0.4097359699573022
-4475.157578789413,1.2566701573997546e-07,-3984.8872508552436,0.4097359699573022
-4474.377188594315,1.2586187445690494e-07,-3984.8872508552436,0.4097359699573022
-4473.596798399217,1.2648553439782807e-07,-3984.8872508552436,0.4097359699573022
-4472.816408204119,1.266830224049289e-07,-3984.8872508552436,0.4097359699573022
-4472.036018009022,1.2731207231027015e-07,-3984.8872508552436,0.4097359699573022
-4471.255627813925,1.2751223910452961e-07,-3984.8872508552436,0.4097359699573022
-4470.475237618827,1.2814673462973814e-07,-3984.8872508552436,0.4097359699573022
-4469.694847423729,1.283496305972072e-07,-3984.8872508552436,0.4097359699573022
-4468.914457228631,1.2898962823862506e-07,-3984.8872508552436,0.4097359699573022
-4468.134067033534,1.2919530467202234e-07,-3984.8872508552436,0.4097359699573022
-4467.3536768384365,1.2984086178356729e-07,-3984.8872508552436,0.4097359699573022
-4466.573286643339,1.300493709003112e-07,-3984.8872508552436,0.4097359699573022
-4465.792896448242,1.3070054571048892e-07,-3984.8872508552436,0.4097359699573022
-4465.012506253144,1.3091194067115804e-07,-3984.8872508552436,0.4097359699573022
-4464.232116058046,1.3156879230051434e-07,-3984.8872508552436,0.4097359699573022
-4463.4517258629485,1.3178312722770614e-07,-3984.8872508552436,0.4097359699573022
-4462.671335667851,1.3244571570665544e-07,-3984.8872508552436,0.4097359699573022
-4461.890945472754,1.3266304570431523e-07,-3984.8872508552436,0.4097359699573022
-4461.110555277656,1.3333143199143006e-07,-3984.8872508552436,0.4097359699573022
-4460.330165082559,1.3355181316462476e-07,-3984.8872508552436,0.4097359699573022
-4459.54977488746,1.3422605916529546e-07,-3984.8872508552436,0.4097359699573022
-4458.769384692363,1.3444954864043795e-07,-3984.8872508552436,0.4097359699573022
-4457.988994497266,1.3512971722603995e-07,-3984.8872508552436,0.4097359699573022
-4457.208604302168,1.3535637317161823e-07,-3984.8872508552436,0.4097359699573022
-4456.428214107071,1.3604252819907535e-07,-3984.8872508552436,0.4097359699573022
-4455.647823911973,1.3627240984685363e-07,-3984.8872508552436,0.4097359699573022
-4454.867433716875,1.369646161787136e-07,-3984.8872508552436,0.4097359699573022
-4454.087043521778,1.3719778384543376e-07,-3984.8872508552436,0.4097359699573022
-4453.30665332668,1.3789610737038683e-07,-3984.8872508552436,0.4097359699573022
-4452.526263131583,1.3813262248001036e-07,-3984.8872508552436,0.4097359699573022
-4451.745872936485,1.388371301339294e-07,-3984.8872508552436,0.4097359699573022
-4450.965482741388,1.390770552403863e-07,-3984.8872508552436,0.4097359699573022
-4450.1850925462895,1.397878150278438e-07,-3984.8872508552436,0.4097359699573022
-4449.404702351192,1.4003121383834482e-07,-3984.8872508552436,0.4097359699573022
-4448.624312156095,1.407482948546803e-07,-3984.8872508552436,0.4097359699573022
-4447.843921960997,1.4099523225358403e-07,-3984.8872508552436,0.4097359699573022
-4447.0635317659,1.417187047074718e-07,-3984.8872508552436,0.4097359699573022
-4446.283141570802,1.419692467807307e-07,-3984.8872508552436,0.4097359699573022
-4445.502751375704,1.4269918201732778e-07,-3984.8872508552436,0.4097359699573022
-4444.722361180607,1.4295339607752872e-07,-3984.8872508552436,0.4097359699573022
-4443.941970985509,1.436898666021633e-07,-3984.8872508552436,0.4097359699573022
-4443.161580790412,1.43947821214178e-07,-3984.8872508552436,0.4097359699573022
-4442.381190595314,1.4469090071662713e-07,-3984.8872508552436,0.4097359699573022
-4441.600800400217,1.4495266572388523e-07,-3984.8872508552436,0.4097359699573022
-4440.820410205119,1.4570242910325857e-07,-3984.8872508552436,0.4097359699573022
-4440.040020010021,1.4596807565467156e-07,-3984.8872508552436,0.4097359699573022
-4439.259629814924,1.467245990448791e-07,-3984.8872508552436,0.4097359699573022
-4438.479239619826,1.4699419962242374e-07,-3984.8872508552436,0.4097359699573022
-4437.698849424729,1.4775756041830355e-07,-3984.8872508552436,0.4097359699573022
-4436.9184592296315,1.4803118886529048e-07,-3984.8872508552436,0.4097359699573022
-4436.138069034533,1.4880146574936608e-07,-3984.8872508552436,0.4097359699573022
-4435.357678839436,1.4907919729939733e-07,-3984.8872508552436,0.4097359699573022
-4434.577288644338,1.4985647026931558e-07,-3984.8872508552436,0.4097359699573022
-4433.796898449241,1.5013838157598542e-07,-3984.8872508552436,0.4097359699573022
-4433.016508254143,1.5092273197261232e-07,-3984.8872508552436,0.4097359699573022
-4432.236118059045,1.5120890113992322e-07,-3984.8872508552436,0.4097359699573022
-4431.455727863948,1.5200041167619262e-07,-3984.8872508552436,0.4097359699573022
-4430.67533766885,1.5229091828975096e-07,-3984.8872508552436,0.4097359699573022
-4429.894947473753,1.5308967308017877e-07,-3984.8872508552436,0.4097359699573022
-4429.114557278655,1.5338459823917478e-07,-3984.8872508552436,0.4097359699573022
-4428.334167083558,1.541906828301712e-07,-3984.8872508552436,0.4097359699573022
-4427.55377688846,1.5449010918015475e-07,-3984.8872508552436,0.4097359699573022
-4426.773386693362,1.5530288650010557e-07,-3984.8872508552436,0.4097359699573022
-4425.992996498265,1.5560558879563696e-07,-3984.8872508552436,0.4097359699573022
-4425.212606303167,1.5642789744314903e-07,-3984.8872508552436,0.4097359699573022
-4424.43221610807,1.567352573622148e-07,-3984.8872508552436,0.4097359699573022
-4423.651825912972,1.5756517490578304e-07,-3984.8872508552436,0.4097359699573022
-4422.871435717874,1.5787737880809947e-07,-3984.8872508552436,0.4097359699573022
-4422.091045522777,1.5871636323442666e-07,-3984.8872508552436,0.4097359699573022
-4421.310655327679,1.5903526993550624e-07,-3984.8872508552436,0.4097359699573022
-4420.530265132582,1.5987814960057612e-07,-3984.8872508552436,0.4097359699573022
-4419.749874937484,1.602009602316704e-07,-3984.8872508552436,0.4097359699573022
-4418.969484742386,1.6105331911577138e-07,-3984.8872508552436,0.4097359699573022
-4418.189094547289,1.613811560780632e-07,-3984.8872508552436,0.4097359699573022
-4417.408704352191,1.6224149144837955e-07,-3984.8872508552436,0.4097359699573022
-4416.628314157094,1.625744490677031e-07,-3984.8872508552436,0.4097359699573022
-4415.8479239619965,1.6344285924531263e-07,-3984.8872508552436,0.4097359699573022
-4415.067533766898,1.6378103368327426e-07,-3984.8872508552436,0.4097359699573022
-4414.287143571801,1.6465761873589842e-07,-3984.8872508552436,0.4097359699573022
-4413.506753376703,1.650011080308458e-07,-3984.8872508552436,0.4097359699573022
-4412.726363181606,1.658859698121454e-07,-3984.8872508552436,0.4097359699573022
-4411.945972986508,1.6623487392122384e-07,-3984.8872508552436,0.4097359699573022
-4411.16558279141,1.6712811815841932e-07,-3984.8872508552436,0.4097359699573022
-4410.385192596313,1.6748254270319516e-07,-3984.8872508552436,0.4097359699573022
-4409.604802401215,1.683842672128926e-07,-3984.8872508552436,0.4097359699573022
-4408.824412206118,1.6874431253589992e-07,-3984.8872508552436,0.4097359699573022
-4408.04402201102,1.6965463034226764e-07,-3984.8872508552436,0.4097359699573022
-4407.263631815923,1.7002040242521545e-07,-3984.8872508552436,0.4097359699573022
-4406.483241620825,1.7093942068106127e-07,-3984.8872508552436,0.4097359699573022
-4405.702851425727,1.7131102352799624e-07,-3984.8872508552436,0.4097359699573022
-4404.92246123063,1.7223886447650627e-07,-3984.8872508552436,0.4097359699573022
-4404.142071035532,1.7261641646651342e-07,-3984.8872508552436,0.4097359699573022
-4403.361680840435,1.7355317864278438e-07,-3984.8872508552436,0.4097359699573022
-4402.581290645337,1.7393678812192568e-07,-3984.8872508552436,0.4097359699573022
-4401.800900450239,1.7488259339708473e-07,-3984.8872508552436,0.4097359699573022
-4401.020510255142,1.752723750336961e-07,-3984.8872508552436,0.4097359699573022
-4400.240120060044,1.762273410887902e-07,-3984.8872508552436,0.4097359699573022
-4399.459729864947,1.7662341184911836e-07,-3984.8872508552436,0.4097359699573022
-4398.6793396698495,1.775876585551141e-07,-3984.8872508552436,0.4097359699573022
-4397.898949474752,1.7799013775653334e-07,-3984.8872508552436,0.4097359699573022
-4397.118559279654,1.7896378722555093e-07,-3984.8872508552436,0.4097359699573022
-4396.338169084556,1.7937279659123797e-07,-3984.8872508552436,0.4097359699573022
-4395.557778889459,1.8035597322917412e-07,-3984.8872508552436,0.4097359699573022
-4394.777388694361,1.8077163523609122e-07,-3984.8872508552436,0.4097359699573022
-4393.996998499264,1.8176446270760078e-07,-3984.8872508552436,0.4097359699573022
-4393.216608304167,1.8218691265267704e-07,-3984.8872508552436,0.4097359699573022
-4392.436218109068,1.831895269779693e-07,-3984.8872508552436,0.4097359699573022
-4391.655827913971,1.83618883519181e-07,-3984.8872508552436,0.4097359699573022
-4390.875437718873,1.8463141637455734e-07,-3984.8872508552436,0.4097359699573022
-4390.095047523776,1.8506781137716866e-07,-3984.8872508552436,0.4097359699573022
-4389.314657328679,1.860903969591268e-07,-3984.8872508552436,0.4097359699573022
-4388.534267133581,1.865339649897981e-07,-3984.8872508552436,0.4097359699573022
-4387.753876938483,1.8756674007542935e-07,-3984.8872508552436,0.4097359699573022
-4386.973486743385,1.8801761846646785e-07,-3984.8872508552436,0.4097359699573022
-4386.193096548288,1.8906072247557154e-07,-3984.8872508552436,0.4097359699573022
-4385.4127063531905,1.8951905139095403e-07,-3984.8872508552436,0.4097359699573022
-4384.632316158093,1.9057262644993248e-07,-3984.8872508552436,0.4097359699573022
-4383.851925962996,1.9103854895314793e-07,-3984.8872508552436,0.4097359699573022
-4383.071535767897,1.9210273001224223e-07,-3984.8872508552436,0.4097359699573022
-4382.2911455728,1.9257646997141587e-07,-3984.8872508552436,0.4097359699573022
-4381.5107553777025,1.9365161659200051e-07,-3984.8872508552436,0.4097359699573022
-4380.730365182605,1.941329770614786e-07,-3984.8872508552436,0.4097359699573022
-4379.949974987508,1.9521903148570172e-07,-3984.8872508552436,0.4097359699573022
-4379.16958479241,1.9570842530419801e-07,-3984.8872508552436,0.4097359699573022
-4378.389194597312,1.9680560358104974e-07,-3984.8872508552436,0.4097359699573022
-4377.608804402214,1.9730344193227317e-07,-3984.8872508552436,0.4097359699573022
-4376.828414207117,1.9841193429980156e-07,-3984.8872508552436,0.4097359699573022
-4376.04802401202,1.989175887619345e-07,-3984.8872508552436,0.4097359699573022
-4375.267633816922,2.0003789032083187e-07,-3984.8872508552436,0.4097359699573022
-4374.487243621825,2.0055150727924735e-07,-3984.8872508552436,0.4097359699573022
-4373.706853426727,2.0168299980031536e-07,-3984.8872508552436,0.4097359699573022
-4372.926463231629,2.0220623645893633e-07,-3984.8872508552436,0.4097359699573022
-4372.146073036532,2.0334910106011017e-07,-3984.8872508552436,0.4097359699573022
-4371.365682841434,2.0388110345538492e-07,-3984.8872508552436,0.4097359699573022
-4370.585292646337,2.050359918368228e-07,-3984.8872508552436,0.4097359699573022
-4369.804902451239,2.055770316110804e-07,-3984.8872508552436,0.4097359699573022
-4369.024512256142,2.0674395675824114e-07,-3984.8872508552436,0.4097359699573022
-4368.2441220610435,2.0729419882998652e-07,-3984.8872508552436,0.4097359699573022
-4367.463731865946,2.0847335506672e-07,-3984.8872508552436,0.4097359699573022
-4366.683341670849,2.0903297957311178e-07,-3984.8872508552436,0.4097359699573022
-4365.902951475751,2.1022454710486127e-07,-3984.8872508552436,0.4097359699573022
-4365.122561280654,2.1079373806901582e-07,-3984.8872508552436,0.4097359699573022
-4364.342171085556,2.1199790082274361e-07,-3984.8872508552436,0.4097359699573022
-4363.561780890458,2.1257684625183413e-07,-3984.8872508552436,0.4097359699573022
-4362.781390695361,2.137937919714722e-07,-3984.8872508552436,0.4097359699573022
-4362.001000500263,2.1438268395771388e-07,-3984.8872508552436,0.4097359699573022
-4361.220610305166,2.1561260430257804e-07,-3984.8872508552436,0.4097359699573022
-4360.440220110068,2.1621163912716709e-07,-3984.8872508552436,0.4097359699573022
-4359.659829914971,2.1745472977330848e-07,-3984.8872508552436,0.4097359699573022
-4358.879439719873,2.180641080134265e-07,-3984.8872508552436,0.4097359699573022
-4358.099049524775,2.1932056875816056e-07,-3984.8872508552436,0.4097359699573022
-4357.318659329678,2.1994049539715156e-07,-3984.8872508552436,0.4097359699573022
-4356.53826913458,2.2121053026674166e-07,-3984.8872508552436,0.4097359699573022
-4355.757878939483,2.2184121480752444e-07,-3984.8872508552436,0.4097359699573022
-4354.9774887443855,2.2312503216827532e-07,-3984.8872508552436,0.4097359699573022
-4354.197098549287,2.2376668875018966e-07,-3984.8872508552436,0.4097359699573022
-4353.41670835419,2.250645014229438e-07,-3984.8872508552436,0.4097359699573022
-4352.636318159092,2.2571734894198e-07,-3984.8872508552436,0.4097359699573022
-4351.855927963995,2.2702937432028652e-07,-3984.8872508552436,0.4097359699573022
-4351.075537768897,2.2769355121704035e-07,-3984.8872508552436,0.4097359699573022
-4350.2951475738,2.2901985706228398e-07,-3984.8872508552436,0.4097359699573022
-4349.514757378703,2.2969591752140949e-07,-3984.8872508552436,0.4097359699573022
-4348.734367183604,2.3103688579428046e-07,-3984.8872508552436,0.4097359699573022
-4347.953976988507,2.3172482296083252e-07,-3984.8872508552436,0.4097359699573022
-4347.173586793409,2.330806855383581e-07,-3984.8872508552436,0.4097359699573022
-4346.393196598312,2.3378082758094253e-07,-3984.8872508552436,0.4097359699573022
-4345.612806403215,2.351520262071327e-07,-3984.8872508552436,0.4097359699573022
-4344.832416208116,2.358643577106302e-07,-3984.8872508552436,0.4097359699573022
-4344.052026013019,2.372508041736088e-07,-3984.8872508552436,0.4097359699573022
-4343.271635817921,2.3797568572516024e-07,-3984.8872508552436,0.4097359699573022
-4342.491245622824,2.393776500680349e-07,-3984.8872508552436,0.4097359699573022
-4341.7108554277265,2.401155573970494e-07,-3984.8872508552436,0.4097359699573022
-4340.930465232629,2.415333956886752e-07,-3984.8872508552436,0.4097359699573022
-4340.150075037532,2.422844306473827e-07,-3984.8872508552436,0.4097359699573022
-4339.369684842433,2.437184019489033e-07,-3984.8872508552436,0.4097359699573022
-4338.589294647336,2.444828318640402e-07,-3984.8872508552436,0.4097359699573022
-4337.8089044522385,2.459332011001788e-07,-3984.8872508552436,0.4097359699573022
-4337.028514257141,2.467112994259094e-07,-3984.8872508552436,0.4097359699573022
-4336.248124062044,2.481783375528562e-07,-3984.8872508552436,0.4097359699573022
-4335.467733866946,2.4897038403118257e-07,-3984.8872508552436,0.4097359699573022
-4334.687343671848,2.504543682106423e-07,-3984.8872508552436,0.4097359699573022
-4333.9069534767505,2.512606490358884e-07,-3984.8872508552436,0.4097359699573022
-4333.126563281653,2.527629344560828e-07,-3984.8872508552436,0.4097359699573022
-4332.346173086556,2.535856804613283e-07,-3984.8872508552436,0.4097359699573022
-4331.565782891458,2.551014043053583e-07,-3984.8872508552436,0.4097359699573022
-4330.785392696361,2.5593703906357285e-07,-3984.8872508552436,0.4097359699573022
-4330.005002501262,2.5747358917897333e-07,-3984.8872508552436,0.4097359699573022
-4329.224612306165,2.583243572866811e-07,-3984.8872508552436,0.4097359699573022
-4328.444222111068,2.5987902787842456e-07,-3984.8872508552436,0.4097359699573022
-4327.66383191597,2.6074524306451866e-07,-3984.8872508552436,0.4097359699573022
-4326.883441720873,2.623194947616964e-07,-3984.8872508552436,0.4097359699573022
-4326.103051525775,2.632035570614971e-07,-3984.8872508552436,0.4097359699573022
-4325.322661330677,2.647933581537685e-07,-3984.8872508552436,0.4097359699573022
-4324.5422711355795,2.656935677696339e-07,-3984.8872508552436,0.4097359699573022
-4323.761880940482,2.6730239606195916e-07,-3984.8872508552436,0.4097359699573022
-4322.981490745385,2.682190924149881e-07,-3984.8872508552436,0.4097359699573022
-4322.201100550287,2.6984727891723866e-07,-3984.8872508552436,0.4097359699573022
-4321.42071035519,2.707808096426452e-07,-3984.8872508552436,0.4097359699573022
-4320.6403201600915,2.724287108014924e-07,-3984.8872508552436,0.4097359699573022
-4319.859929964994,2.733794638032338e-07,-3984.8872508552436,0.4097359699573022
-4319.079539769897,2.7504735885195375e-07,-3984.8872508552436,0.4097359699573022
-4318.299149574799,2.760156658571602e-07,-3984.8872508552436,0.4097359699573022
-4317.518759379702,2.777039612517796e-07,-3984.8872508552436,0.4097359699573022
-4316.738369184604,2.7869019580273184e-07,-3984.8872508552436,0.4097359699573022
-4315.957978989507,2.8039925549292896e-07,-3984.8872508552436,0.4097359699573022
-4315.177588794409,2.8140380031711525e-07,-3984.8872508552436,0.4097359699573022
-4314.397198599311,2.8313399707445485e-07,-3984.8872508552436,0.4097359699573022
-4313.616808404214,2.841572443510978e-07,-3984.8872508552436,0.4097359699573022
-4312.836418209116,2.859089600327139e-07,-3984.8872508552436,0.4097359699573022
-4312.056028014019,2.86951311668027e-07,-3984.8872508552436,0.4097359699573022
-4311.275637818921,2.887249374898397e-07,-3984.8872508552436,0.4097359699573022
-4310.495247623823,2.8978680540125e-07,-3984.8872508552436,0.4097359699573022
-4309.714857428726,2.915827422212104e-07,-3984.8872508552436,0.4097359699573022
-4308.934467233628,2.9267193760527796e-07,-3984.8872508552436,0.4097359699573022
-4308.154077038531,2.9450395887674327e-07,-3984.8872508552436,0.4097359699573022
-4307.3736868434335,2.955929005161686e-07,-3984.8872508552436,0.4097359699573022
-4306.593296648336,2.9744829349524254e-07,-3984.8872508552436,0.4097359699573022
-4305.812906453238,2.985578233649367e-07,-3984.8872508552436,0.4097359699573022
-4305.03251625814,3.004370233210213e-07,-3984.8872508552436,0.4097359699573022
-4304.252126063043,3.0156759277470774e-07,-3984.8872508552436,0.4097359699573022
-4303.471735867945,3.0347104593353924e-07,-3984.8872508552436,0.4097359699573022
-4302.691345672848,3.046231178306162e-07,-3984.8872508552436,0.4097359699573022
-4301.91095547775,3.065512817175484e-07,-3984.8872508552436,0.4097359699573022
-4301.130565282652,3.0772533076427393e-07,-3984.8872508552436,0.4097359699573022
-4300.350175087555,3.096786745613475e-07,-3984.8872508552436,0.4097359699573022
-4299.569784892457,3.1087518766221713e-07,-3984.8872508552436,0.4097359699573022
-4298.78939469736,3.12854192579843e-07,-3984.8872508552436,0.4097359699573022
-4298.0090045022625,3.140736691991938e-07,-3984.8872508552436,0.4097359699573022
-4297.228614307165,3.160788288634823e-07,-3984.8872508552436,0.4097359699573022
-4296.448224112067,3.1732178139710433e-07,-3984.8872508552436,0.4097359699573022
-4295.667833916969,3.193536022539532e-07,-3984.8872508552436,0.4097359699573022
-4294.887443721872,3.20620556410413e-07,-3984.8872508552436,0.4097359699573022
-4294.1070535267745,3.2267975841525425e-07,-3984.8872508552436,0.4097359699573022
-4293.326663331677,3.2397161578208616e-07,-3984.8872508552436,0.4097359699573022
-4292.54627313658,3.2605798152018917e-07,-3984.8872508552436,0.4097359699573022
-4291.765882941482,3.2737495500022634e-07,-3984.8872508552436,0.4097359699573022
-4290.985492746384,3.294894322311541e-07,-3984.8872508552436,0.4097359699573022
-4290.2051025512865,3.3083185707273336e-07,-3984.8872508552436,0.4097359699573022
-4289.424712356189,3.3297548636643227e-07,-3984.8872508552436,0.4097359699573022
-4288.644322161092,3.3434415697255233e-07,-3984.8872508552436,0.4097359699573022
-4287.863931965994,3.365171865226455e-07,-3984.8872508552436,0.4097359699573022
-4287.083541770896,3.379126998719463e-07,-3984.8872508552436,0.4097359699573022
-4286.303151575798,3.401157237625228e-07,-3984.8872508552436,0.4097359699573022
-4285.522761380701,3.415386922107061e-07,-3984.8872508552436,0.4097359699573022
-4284.742371185604,3.4377232109429474e-07,-3984.8872508552436,0.4097359699573022
-4283.961980990506,3.452233726553355e-07,-3984.8872508552436,0.4097359699573022
-4283.181590795409,3.4748823446598834e-07,-3984.8872508552436,0.4097359699573022
-4282.401200600311,3.489680130258437e-07,-3984.8872508552436,0.4097359699573022
-4281.620810405213,3.5126475377737335e-07,-3984.8872508552436,0.4097359699573022
-4280.840420210116,3.527739192011051e-07,-3984.8872508552436,0.4097359699573022
-4280.060030015018,3.551032038985613e-07,-3984.8872508552436,0.4097359699573022
-4279.279639819921,3.5664243196873165e-07,-3984.8872508552436,0.4097359699573022
-4278.499249624823,3.5900494567516934e-07,-3984.8872508552436,0.4097359699573022
-4277.718859429725,3.605749042172969e-07,-3984.8872508552436,0.4097359699573022
-4276.9384692346275,3.629676973121261e-07,-3984.8872508552436,0.4097359699573022
-4276.15807903953,3.645626465778904e-07,-3984.8872508552436,0.4097359699573022
-4275.377688844433,3.669999175789212e-07,-3984.8872508552436,0.4097359699573022
-4274.597298649335,3.6862644456109295e-07,-3984.8872508552436,0.4097359699573022
-4273.816908454238,3.710996584990706e-07,-3984.8872508552436,0.4097359699573022
-4273.03651825914,3.727583518459833e-07,-3984.8872508552436,0.4097359699573022
-4272.256128064042,3.752733761239881e-07,-3984.8872508552436,0.4097359699573022
-4271.475737868945,3.769737704211266e-07,-3984.8872508552436,0.4097359699573022
-4270.695347673847,3.7951332049073686e-07,-3984.8872508552436,0.4097359699573022
-4269.91495747875,3.8123622633241767e-07,-3984.8872508552436,0.4097359699573022
-4269.134567283652,3.8379209203443416e-07,-3984.8872508552436,0.4097359699573022
-4268.354177088555,3.855833538229865e-07,-3984.8872508552436,0.4097359699573022
-4267.573786893457,3.8817868087138377e-07,-3984.8872508552436,0.4097359699573022
-4266.793396698359,3.900081261519615e-07,-3984.8872508552436,0.4097359699573022
-4266.013006503262,3.926400652606096e-07,-3984.8872508552436,0.4097359699573022
-4265.232616308164,3.945070194444619e-07,-3984.8872508552436,0.4097359699573022
-4264.452226113067,3.971789017334349e-07,-3984.8872508552436,0.4097359699573022
-4263.6718359179695,3.9908435252610657e-07,-3984.8872508552436,0.4097359699573022
-4262.891445722871,4.0179694642153436e-07,-3984.8872508552436,0.4097359699573022
-4262.111055527774,4.037418241262582e-07,-3984.8872508552436,0.4097359699573022
-4261.330665332676,4.065023341440749e-07,-3984.8872508552436,0.4097359699573022
-4260.550275137579,4.084989526896075e-07,-3984.8872508552436,0.4097359699573022
-4259.769884942481,4.112843176947029e-07,-3984.8872508552436,0.4097359699573022
-4258.989494747384,4.133221293509331e-07,-3984.8872508552436,0.4097359699573022
-4258.209104552287,4.1615126318704733e-07,-3984.8872508552436,0.4097359699573022
-4257.428714357188,4.182313228373196e-07,-3984.8872508552436,0.4097359699573022
-4256.648324162091,4.21095105416004e-07,-3984.8872508552436,0.4097359699573022
-4255.867933966993,4.232002501722872e-07,-3984.8872508552436,0.4097359699573022
-4255.087543771896,4.261381370695129e-07,-3984.8872508552436,0.4097359699573022
-4254.307153576799,4.282877784962894e-07,-3984.8872508552436,0.4097359699573022
-4253.5267633817,4.3127237328695655e-07,-3984.8872508552436,0.4097359699573022
-4252.746373186603,4.3346762896025537e-07,-3984.8872508552436,0.4097359699573022
-4251.965982991505,4.365000279888676e-07,-3984.8872508552436,0.4097359699573022
-4251.185592796408,4.387420487468824e-07,-3984.8872508552436,0.4097359699573022
-4250.4052026013105,4.418233826599101e-07,-3984.8872508552436,0.4097359699573022
-4249.624812406213,4.441134077581487e-07,-3984.8872508552436,0.4097359699573022
-4248.844422211116,4.4724494069970575e-07,-3984.8872508552436,0.4097359699573022
-4248.064032016017,4.495839865815063e-07,-3984.8872508552436,0.4097359699573022
-4247.28364182092,4.5276682750944487e-07,-3984.8872508552436,0.4097359699573022
-4246.5032516258225,4.551562982568695e-07,-3984.8872508552436,0.4097359699573022
-4245.722861430725,4.5839168957217076e-07,-3984.8872508552436,0.4097359699573022
-4244.942471235628,4.6083287989214496e-07,-3984.8872508552436,0.4097359699573022
-4244.162081040529,4.6412509617096117e-07,-3984.8872508552436,0.4097359699573022
-4243.381690845432,4.6662474989872017e-07,-3984.8872508552436,0.4097359699573022
-4242.601300650334,4.6996384159455055e-07,-3984.8872508552436,0.4097359699573022
-4241.820910455237,4.7251813701749945e-07,-3984.8872508552436,0.4097359699573022
-4241.04052026014,4.759135515669613e-07,-3984.8872508552436,0.4097359699573022
-4240.260130065042,4.785239217291087e-07,-3984.8872508552436,0.4097359699573022
-4239.479739869945,4.819770573836562e-07,-3984.8872508552436,0.4097359699573022
-4238.699349674846,4.846449797103745e-07,-3984.8872508552436,0.4097359699573022
-4237.918959479749,4.881571967111032e-07,-3984.8872508552436,0.4097359699573022
-4237.138569284652,4.908840417280935e-07,-3984.8872508552436,0.4097359699573022
-4236.358179089554,4.944585233150367e-07,-3984.8872508552436,0.4097359699573022
-4235.577788894457,4.972484890302031e-07,-3984.8872508552436,0.4097359699573022
-4234.797398699358,5.008814311792367e-07,-3984.8872508552436,0.4097359699573022
-4234.017008504261,5.037337699869317e-07,-3984.8872508552436,0.4097359699573022
-4233.2366183091635,5.074302087507859e-07,-3984.8872508552436,0.4097359699573022
-4232.456228114066,5.103468974281331e-07,-3984.8872508552436,0.4097359699573022
-4231.675837918969,5.141085926478945e-07,-3984.8872508552436,0.4097359699573022
-4230.895447723871,5.170911798402952e-07,-3984.8872508552436,0.4097359699573022
-4230.115057528773,5.209198148753586e-07,-3984.8872508552436,0.4097359699573022
-4229.3346673336755,5.239701105844407e-07,-3984.8872508552436,0.4097359699573022
-4228.554277138578,5.278674251288048e-07,-3984.8872508552436,0.4097359699573022
-4227.773886943481,5.309873001984928e-07,-3984.8872508552436,0.4097359699573022
-4226.993496748383,5.34955092566375e-07,-3984.8872508552436,0.4097359699573022
-4226.213106553285,5.381464811495813e-07,-3984.8872508552436,0.4097359699573022
-4225.4327163581875,5.421866106698969e-07,-3984.8872508552436,0.4097359699573022
-4224.65232616309,5.454515128128175e-07,-3984.8872508552436,0.4097359699573022
-4223.871935967993,5.49565902338546e-07,-3984.8872508552436,0.4097359699573022
-4223.091545772895,5.529063866891605e-07,-3984.8872508552436,0.4097359699573022
-4222.311155577797,5.570970412232053e-07,-3984.8872508552436,0.4097359699573022
-4221.530765382699,5.605152767976539e-07,-3984.8872508552436,0.4097359699573022
-4220.750375187602,5.647841935551079e-07,-3984.8872508552436,0.4097359699573022
-4219.969984992505,5.682823663181057e-07,-3984.8872508552436,0.4097359699573022
-4219.189594797407,5.726317193575106e-07,-3984.8872508552436,0.4097359699573022
-4218.40920460231,5.76212121367921e-07,-3984.8872508552436,0.4097359699573022
-4217.628814407211,5.806441336368749e-07,-3984.8872508552436,0.4097359699573022
-4216.848424212114,5.843091710229631e-07,-3984.8872508552436,0.4097359699573022
-4216.0680340170165,5.888260552453596e-07,-3984.8872508552436,0.4097359699573022
-4215.287643821919,5.925781521708097e-07,-3984.8872508552436,0.4097359699573022
-4214.507253626822,5.97182323534061e-07,-3984.8872508552436,0.4097359699573022
-4213.726863431723,6.010240250234576e-07,-3984.8872508552436,0.4097359699573022
-4212.946473236626,6.057179323843786e-07,-3984.8872508552436,0.4097359699573022
-4212.1660830415285,6.096518751370604e-07,-3984.8872508552436,0.4097359699573022
-4211.385692846431,6.144380559362226e-07,-3984.8872508552436,0.4097359699573022
-4210.605302651334,6.184669723165766e-07,-3984.8872508552436,0.4097359699573022
-4209.824912456236,6.23348056459863e-07,-3984.8872508552436,0.4097359699573022
-4209.044522261138,6.27474778692292e-07,-3984.8872508552436,0.4097359699573022
-4208.2641320660405,6.324534926321484e-07,-3984.8872508552436,0.4097359699573022
-4207.483741870943,6.366809572129081e-07,-3984.8872508552436,0.4097359699573022
-4206.703351675846,6.417601214586379e-07,-3984.8872508552436,0.4097359699573022
-4205.922961480748,6.46091361531919e-07,-3984.8872508552436,0.4097359699573022
-4205.14257128565,6.51273934338559e-07,-3984.8872508552436,0.4097359699573022
-4204.362181090552,6.557121209758784e-07,-3984.8872508552436,0.4097359699573022
-4203.581790895455,6.610011266747635e-07,-3984.8872508552436,0.4097359699573022
-4202.801400700358,6.655494570530584e-07,-3984.8872508552436,0.4097359699573022
-4202.02101050526,6.709479070946228e-07,-3984.8872508552436,0.4097359699573022
-4201.240620310163,6.756120095176764e-07,-3984.8872508552436,0.4097359699573022
-4200.460230115064,6.811267961952162e-07,-3984.8872508552436,0.4097359699573022
-4199.679839919967,6.85902744758934e-07,-3984.8872508552436,0.4097359699573022
-4198.89944972487,6.915339337706309e-07,-3984.8872508552436,0.4097359699573022
-4198.119059529772,6.964305855588457e-07,-3984.8872508552436,0.4097359699573022
-4197.338669334675,7.021817198814859e-07,-3984.8872508552436,0.4097359699573022
-4196.558279139577,7.07202879315172e-07,-3984.8872508552436,0.4097359699573022
-4195.777888944479,7.130781728721643e-07,-3984.8872508552436,0.4097359699573022
-4194.9974987493815,7.182287559523262e-07,-3984.8872508552436,0.4097359699573022
-4194.217108554284,7.242297994216989e-07,-3984.8872508552436,0.4097359699573022
-4193.436718359187,7.295125758200306e-07,-3984.8872508552436,0.4097359699573022
-4192.656328164089,7.356456390062008e-07,-3984.8872508552436,0.4097359699573022
-4191.875937968992,7.410652800574552e-07,-3984.8872508552436,0.4097359699573022
-4191.095547773894,7.473339358866733e-07,-3984.8872508552436,0.4097359699573022
-4190.315157578796,7.528946090822357e-07,-3984.8872508552436,0.4097359699573022
-4189.534767383699,7.593029864185278e-07,-3984.8872508552436,0.4097359699573022
-4188.754377188601,7.650108009068878e-07,-3984.8872508552436,0.4097359699573022
-4187.973986993504,7.715632230260964e-07,-3984.8872508552436,0.4097359699573022
-4187.193596798406,7.774211891033172e-07,-3984.8872508552436,0.4097359699573022
-4186.413206603308,7.841225821221376e-07,-3984.8872508552436,0.4097359699573022
-4185.632816408211,7.9013635511137e-07,-3984.8872508552436,0.4097359699573022
-4184.852426213113,7.969916405791037e-07,-3984.8872508552436,0.4097359699573022
-4184.072036018016,8.031660973902546e-07,-3984.8872508552436,0.4097359699573022
-4183.291645822918,8.101799066673468e-07,-3984.8872508552436,0.4097359699573022
-4182.511255627821,8.165213573089556e-07,-3984.8872508552436,0.4097359699573022
-4181.7308654327235,8.236993491173703e-07,-3984.8872508552436,0.4097359699573022
-4180.950475237625,8.302128679103608e-07,-3984.8872508552436,0.4097359699573022
-4180.170085042528,8.375605644489951e-07,-3984.8872508552436,0.4097359699573022
-4179.38969484743,8.442519963794575e-07,-3984.8872508552436,0.4097359699573022
-4178.609304652333,8.517751768552043e-07,-3984.8872508552436,0.4097359699573022
-4177.828914457235,8.586508481237447e-07,-3984.8872508552436,0.4097359699573022
-4177.048524262137,8.663552104905132e-07,-3984.8872508552436,0.4097359699573022
-4176.26813406704,8.734214062454631e-07,-3984.8872508552436,0.4097359699573022
-4175.487743871942,8.813151902358376e-07,-3984.8872508552436,0.4097359699573022
-4174.707353676845,8.885818791940548e-07,-3984.8872508552436,0.4097359699573022
-4173.926963481747,8.966630177520533e-07,-3984.8872508552436,0.4097359699573022
-4173.14657328665,9.041305999205503e-07,-3984.8872508552436,0.4097359699573022
-4172.366183091553,9.124175868300747e-07,-3984.8872508552436,0.4097359699573022
-4171.585792896454,9.200964359187326e-07,-3984.8872508552436,0.4097359699573022
-4170.805402701357,9.285919322431665e-07,-3984.8872508552436,0.4097359699573022
-4170.025012506259,9.364900604333499e-07,-3984.8872508552436,0.4097359699573022
-4169.244622311162,9.452008163113289e-07,-3984.8872508552436,0.4097359699573022
-4168.4642321160645,9.53326050996202e-07,-3984.8872508552436,0.4097359699573022
-4167.683841920967,9.622599714860758e-07,-3984.8872508552436,0.4097359699573022
-4166.903451725869,9.706204943448941e-07,-3984.8872508552436,0.4097359699573022
-4166.123061530771,9.797860204520613e-07,-3984.8872508552436,0.4097359699573022
-4165.342671335674,9.883906951942725e-07,-3984.8872508552436,0.4097359699573022
-4164.5622811405765,9.97796160949017e-07,-3984.8872508552436,0.4097359699573022
-4163.781890945479,1.0066542223349981e-06,-3984.8872508552436,0.4097359699573022
-4163.001500750382,1.0163082884133882e-06,-3984.8872508552436,0.4097359699573022
-4162.221110555283,1.0254291700309717e-06,-3984.8872508552436,0.4097359699573022
-4161.440720360186,1.0353413314471095e-06,-3984.8872508552436,0.4097359699573022
-4160.660330165088,1.0447350303234986e-06,-3984.8872508552436,0.4097359699573022
-4159.879939969991,1.0549150537420897e-06,-3984.8872508552436,0.4097359699573022
-4159.099549774894,1.0645920436224966e-06,-3984.8872508552436,0.4097359699573022
-4158.319159579796,1.0750501670064146e-06,-3984.8872508552436,0.4097359699573022
-4157.538769384699,1.0850214146486614e-06,-3984.8872508552436,0.4097359699573022
-4156.7583791896,1.0957682664289682e-06,-3984.8872508552436,0.4097359699573022
-4155.977988994503,1.1060451676294197e-06,-3984.8872508552436,0.4097359699573022
-4155.197598799406,1.1170923667483798e-06,-3984.8872508552436,0.4097359699573022
-4154.417208604308,1.1276871221179202e-06,-3984.8872508552436,0.4097359699573022
-4153.636818409211,1.139046252550675e-06,-3984.8872508552436,0.4097359699573022
-4152.856428214112,1.149971548037104e-06,-3984.8872508552436,0.4097359699573022
-4152.076038019015,1.1616550469129158e-06,-3984.8872508552436,0.4097359699573022
-4151.2956478239175,1.1729241563179222e-06,-3984.8872508552436,0.4097359699573022
-4150.51525762882,1.1849449582861187e-06,-3984.8872508552436,0.4097359699573022
-4149.734867433723,1.1965717178672858e-06,-3984.8872508552436,0.4097359699573022
-4148.954477238625,1.2089439099103782e-06,-3984.8872508552436,0.4097359699573022
-4148.174087043528,1.2209431750203246e-06,-3984.8872508552436,0.4097359699573022
-4147.3936968484295,1.233680884652261e-06,-3984.8872508552436,0.4097359699573022
-4146.613306653332,1.2460681828548985e-06,-3984.8872508552436,0.4097359699573022
-4145.832916458235,1.2591866255935844e-06,-3984.8872508552436,0.4097359699573022
-4145.052526263137,1.2719781751195142e-06,-3984.8872508552436,0.4097359699573022
-4144.27213606804,1.2854933384556667e-06,-3984.8872508552436,0.4097359699573022
-4143.4917458729415,1.2987062652729559e-06,-3984.8872508552436,0.4097359699573022
-4142.711355677844,1.3126368190081296e-06,-3984.8872508552436,0.4097359699573022
-4141.930965482747,1.3262924948969065e-06,-3984.8872508552436,0.4097359699573022
-4141.150575287649,1.340647848442641e-06,-3984.8872508552436,0.4097359699573022
-4140.370185092552,1.3547592886120423e-06,-3984.8872508552436,0.4097359699573022
-4139.589794897454,1.3695701546888575e-06,-3984.8872508552436,0.4097359699573022
-4138.809404702357,1.38416269311985e-06,-3984.8872508552436,0.4097359699573022
-4138.029014507259,1.399437450474793e-06,-3984.8872508552436,0.4097359699573022
-4137.248624312161,1.414528706396557e-06,-3984.8872508552436,0.4097359699573022
-4136.468234117064,1.4303036456073735e-06,-3984.8872508552436,0.4097359699573022
-4135.687843921966,1.4459101673607388e-06,-3984.8872508552436,0.4097359699573022
-4134.907453726869,1.4621979170055022e-06,-3984.8872508552436,0.4097359699573022
-4134.1270635317715,1.4783499007743449e-06,-3984.8872508552436,0.4097359699573022
-4133.346673336673,1.4951737679843646e-06,-3984.8872508552436,0.4097359699573022
-4132.566283141576,1.511896154146387e-06,-3984.8872508552436,0.4097359699573022
-4131.785892946478,1.529280882070974e-06,-3984.8872508552436,0.4097359699573022
-4131.005502751381,1.5466002094842563e-06,-3984.8872508552436,0.4097359699573022
-4130.225112556283,1.5645715613666635e-06,-3984.8872508552436,0.4097359699573022
-4129.444722361186,1.5825152173661003e-06,-3984.8872508552436,0.4097359699573022
-4128.664332166088,1.6011003937497896e-06,-3984.8872508552436,0.4097359699573022
-4127.88394197099,1.6196993863709126e-06,-3984.8872508552436,0.4097359699573022
-4127.103551775893,1.6389250644085064e-06,-3984.8872508552436,0.4097359699573022
-4126.323161580795,1.658203758314164e-06,-3984.8872508552436,0.4097359699573022
-4125.542771385698,1.6781134716824971e-06,-3984.8872508552436,0.4097359699573022
-4124.7623811906005,1.6981107640938252e-06,-3984.8872508552436,0.4097359699573022
-4123.981990995503,1.7187281523323912e-06,-3984.8872508552436,0.4097359699573022
-4123.201600800405,1.7394800183823983e-06,-3984.8872508552436,0.4097359699573022
-4122.421210605307,1.7608404916513154e-06,-3984.8872508552436,0.4097359699573022
-4121.64082041021,1.782383807523597e-06,-3984.8872508552436,0.4097359699573022
-4120.8604302151125,1.8045281235472425e-06,-3984.8872508552436,0.4097359699573022
-4120.080040020015,1.8269092550913756e-06,-3984.8872508552436,0.4097359699573022
-4119.299649824917,1.8498636012326487e-06,-3984.8872508552436,0.4097359699573022
-4118.519259629819,1.8731185472159696e-06,-3984.8872508552436,0.4097359699573022
-4117.738869434722,1.8969347694135613e-06,-3984.8872508552436,0.4097359699573022
-4116.9584792396245,1.921108924269725e-06,-3984.8872508552436,0.4097359699573022
-4116.178089044527,1.9458319901552902e-06,-3984.8872508552436,0.4097359699573022
-4115.39769884943,1.9709730221729925e-06,-3984.8872508552436,0.4097359699573022
-4114.617308654332,1.9966513403164832e-06,-3984.8872508552436,0.4097359699573022
-4113.836918459234,2.022810735862666e-06,-3984.8872508552436,0.4097359699573022
-4113.056528264136,2.0494911319596893e-06,-3984.8872508552436,0.4097359699573022
-4112.276138069039,2.07671628550143e-06,-3984.8872508552436,0.4097359699573022
-4111.495747873942,2.1044687533528692e-06,-3984.8872508552436,0.4097359699573022
-4110.715357678844,2.132825391078015e-06,-3984.8872508552436,0.4097359699573022
-4109.934967483746,2.1616972478556437e-06,-3984.8872508552436,0.4097359699573022
-4109.154577288648,2.1912500714238023e-06,-3984.8872508552436,0.4097359699573022
-4108.374187093551,2.2213085832157996e-06,-3984.8872508552436,0.4097359699573022
-4107.593796898454,2.2521145131852605e-06,-3984.8872508552436,0.4097359699573022
-4106.813406703356,2.2834203045559145e-06,-3984.8872508552436,0.4097359699573022
-4106.033016508259,2.3155611235022063e-06,-3984.8872508552436,0.4097359699573022
-4105.252626313161,2.34818819183119e-06,-3984.8872508552436,0.4097359699573022
-4104.472236118063,2.3817383097742186e-06,-3984.8872508552436,0.4097359699573022
-4103.6918459229655,2.4157643271979585e-06,-3984.8872508552436,0.4097359699573022
-4102.911455727868,2.450805684149658e-06,-3984.8872508552436,0.4097359699573022
-4102.131065532771,2.4863102172665447e-06,-3984.8872508552436,0.4097359699573022
-4101.350675337673,2.522932065714136e-06,-3984.8872508552436,0.4097359699573022
-4100.570285142576,2.5600097650240314e-06,-3984.8872508552436,0.4097359699573022
-4099.789894947478,2.5983072029125305e-06,-3984.8872508552436,0.4097359699573022
-4099.00950475238,2.63705467382255e-06,-3984.8872508552436,0.4097359699573022
-4098.229114557283,2.677127375964666e-06,-3984.8872508552436,0.4097359699573022
-4097.448724362185,2.7176421697612827e-06,-3984.8872508552436,0.4097359699573022
-4096.668334167088,2.7596066567200845e-06,-3984.8872508552436,0.4097359699573022
-4095.8879439719904,2.802001631432486e-06,-3984.8872508552436,0.4097359699573022
-4095.107553776892,2.8459774252938765e-06,-3984.8872508552436,0.4097359699573022
-4094.3271635817946,2.890381311183831e-06,-3984.8872508552436,0.4097359699573022
-4093.546773386697,2.936485822638303e-06,-3984.8872508552436,0.4097359699573022
-4092.7663831915997,2.983018567114408e-06,-3984.8872508552436,0.4097359699573022
-4091.9859929965023,3.0314180983698884e-06,-3984.8872508552436,0.4097359699573022
-4091.205602801405,3.080234884906399e-06,-3984.8872508552436,0.4097359699573022
-4090.4252126063075,3.1310494538710996e-06,-3984.8872508552436,0.4097359699573022
-4089.644822411209,3.182305652512897e-06,-3984.8872508552436,0.4097359699573022
-4088.8644322161117,3.235697448110944e-06,-3984.8872508552436,0.4097359699573022
-4088.0840420210143,3.2895385528555e-06,-3984.8872508552436,0.4097359699573022
-4087.303651825917,3.3457308526399466e-06,-3984.8872508552436,0.4097359699573022
-4086.5232616308194,3.4023463093339963e-06,-3984.8872508552436,0.4097359699573022
-4085.742871435721,3.461505311046998e-06,-3984.8872508552436,0.4097359699573022
-4084.9624812406237,3.5211168590161977e-06,-3984.8872508552436,0.4097359699573022
-4084.1820910455262,3.583450010143873e-06,-3984.8872508552436,0.4097359699573022
-4083.401700850429,3.6462471955619785e-06,-3984.8872508552436,0.4097359699573022
-4082.6213106553314,3.7120320231201245e-06,-3984.8872508552436,0.4097359699573022
-4081.840920460234,3.7782542244438714e-06,-3984.8872508552436,0.4097359699573022
-4081.060530265136,3.847675017738096e-06,-3984.8872508552436,0.4097359699573022
-4080.280140070038,3.917616671225544e-06,-3984.8872508552436,0.4097359699573022
-4079.499749874941,3.990985250924307e-06,-3984.8872508552436,0.4097359699573022
-4078.7193596798434,4.064908967210179e-06,-3984.8872508552436,0.4097359699573022
-4077.938969484746,4.142525380825783e-06,-3984.8872508552436,0.4097359699573022
-4077.158579289648,4.220744840094609e-06,-3984.8872508552436,0.4097359699573022
-4076.3781890945506,4.3030346036296474e-06,-3984.8872508552436,0.4097359699573022
-4075.5977988994528,4.385899946524083e-06,-3984.8872508552436,0.4097359699573022
-4074.8174087043553,4.4731218205816655e-06,-3984.8872508552436,0.4097359699573022
-4074.037018509258,4.56104596616051e-06,-3984.8872508552436,0.4097359699573022
-4073.2566283141605,4.653674662487214e-06,-3984.8872508552436,0.4097359699573022
-4072.4762381190626,4.747066873732809e-06,-3984.8872508552436,0.4097359699573022
-4071.695847923965,4.845546016256042e-06,-3984.8872508552436,0.4097359699573022
-4070.9154577288673,4.944917397486282e-06,-3984.8872508552436,0.4097359699573022
-4070.13506753377,5.049814052131817e-06,-3984.8872508552436,0.4097359699573022
-4069.3546773386724,5.155690143623174e-06,-3984.8872508552436,0.4097359699573022
-4068.5742871435746,5.267525319402563e-06,-3984.8872508552436,0.4097359699573022
-4067.793896948477,5.3805407733636795e-06,-3984.8872508552436,0.4097359699573022
-4067.0135067533797,5.500103053961986e-06,-3984.8872508552436,0.4097359699573022
-4066.2331165582823,5.620979302932975e-06,-3984.8872508552436,0.4097359699573022
-4065.4527263631844,5.748866851111054e-06,-3984.8872508552436,0.4097359699573022
-4064.6723361680865,5.878364385873959e-06,-3984.8872508552436,0.4097359699573022
-4063.891945972989,6.0156793088875395e-06,-3984.8872508552436,0.4097359699573022
-4063.1115557778917,6.154827562031146e-06,-3984.8872508552436,0.4097359699573022
-4062.3311655827943,6.3023124726654995e-06,-3984.8872508552436,0.4097359699573022
-4061.5507753876964,6.452060645691878e-06,-3984.8872508552436,0.4097359699573022
-4060.770385192599,6.611273449215541e-06,-3984.8872508552436,0.4097359699573022
-4059.989994997501,6.773145923220805e-06,-3984.8872508552436,0.4097359699573022
-4059.2096048024036,6.945051895724913e-06,-3984.8872508552436,0.4097359699573022
-4058.429214607306,7.120232934638102e-06,-3984.8872508552436,0.4097359699573022
-4057.648824412209,7.307169360263331e-06,-3984.8872508552436,0.4097359699573022
-4056.8684342171114,7.498050389456269e-06,-3984.8872508552436,0.4097359699573022
-4056.088044022013,7.70121818202028e-06,-3984.8872508552436,0.4097359699573022
-4055.3076538269156,7.909373987183903e-06,-3984.8872508552436,0.4097359699573022
-4054.527263631818,8.132604446864778e-06,-3984.8872508552436,0.4097359699573022
-4053.7468734367208,8.361809147074208e-06,-3984.8872508552436,0.4097359699573022
-4052.9664832416233,8.606413615226898e-06,-3984.8872508552436,0.4097359699573022
-4052.1860930465255,8.859076631764117e-06,-3984.8872508552436,0.4097359699573022
-4051.4057028514276,9.131979239801083e-06,-3984.8872508552436,0.4097359699573022
-4050.62531265633,9.413979337349607e-06,-3984.8872508552436,0.4097359699573022
-4049.8449224612327,9.715866768933894e-06,-3984.8872508552436,0.4097359699573022
-4049.0645322661353,1.0031726219851794e-05,-3984.8872508552436,0.4097359699573022
-4048.284142071038,1.037649578288132e-05,-3984.8872508552436,0.4097359699573022
-4047.5037518759405,1.0735454628905134e-05,-3984.8872508552436,0.4097359699573022
-4046.723361680842,1.112281546951938e-05,-3984.8872508552436,0.4097359699573022
-4045.9429714857447,1.1534932364268062e-05,-3984.8872508552436,0.4097359699573022
-4045.1625812906473,1.1987324300297834e-05,-3984.8872508552436,0.4097359699573022
-4044.38219109555,1.2462657863193774e-05,-3984.8872508552436,0.4097359699573022
-4043.6018009004524,1.2984473655064351e-05,-3984.8872508552436,0.4097359699573022
-4042.821410705355,1.3552032830072814e-05,-3984.8872508552436,0.4097359699573022
-4042.0410205102567,1.4175485929703469e-05,-3984.8872508552436,0.4097359699573022
-4041.2606303151592,1.4839065815299716e-05,-3984.8872508552436,0.4097359699573022
-4040.480240120062,1.5586229387957586e-05,-3984.8872508552436,0.4097359699573022
-4039.6998499249644,1.6414844455803443e-05,-3984.8872508552436,0.4097359699573022
-4038.919459729867,1.732475693459973e-05,-3984.8872508552436,0.4097359699573022
-4038.1390695347695,1.8325046244606277e-05,-3984.8872508552436,0.4097359699573022
-4037.358679339671,1.9476870945817996e-05,-3984.8872508552436,0.4097359699573022
-4036.578289144574,2.074649074356279e-05,-3984.8872508552436,0.4097359699573022
-4035.7978989494763,2.216166179814833e-05,-3984.8872508552436,0.4097359699573022
-4035.017508754379,2.377908606313716e-05,-3984.8872508552436,0.4097359699573022
-4034.2371185592815,2.563738930106408e-05,-3984.8872508552436,0.4097359699573022
-4033.456728364184,2.7678795069838252e-05,-3984.8872508552436,0.4097359699573022
-4032.6763381690866,3.0053327557842607e-05,-3984.8872508552436,0.4097359699573022
-4031.8959479739883,3.28387141646915e-05,-3984.8872508552436,0.4097359699573022
-4031.115557778891,3.595832160395575e-05,-3984.8872508552436,0.4097359699573022
-4030.3351675837935,3.953635305296307e-05,-3984.8872508552436,0.4097359699573022
-4029.554777388696,4.379744130353719e-05,-3984.8872508552436,0.4097359699573022
-4028.7743871935986,4.860341489468593e-05,-3984.8872508552436,0.4097359699573022
-4027.9939969985003,5.4161538843850025e-05,-3984.8872508552436,0.4097359699573022
-4027.213606803403,6.0761614727127454e-05,-3984.8872508552436,0.4097359699573022
-4026.4332166083054,6.831945019420277e-05,-3984.8872508552436,0.4097359699573022
-4025.652826413208,7.70556659222334e-05,-3984.8872508552436,0.4097359699573022
-4024.8724362181106,8.748668205805052e-05,-3984.8872508552436,0.4097359699573022
-4024.092046023013,9.943948396372757e-05,-3984.8872508552436,0.4097359699573022
-4023.3116558279157,0.0001133722610282667,-3984.8872508552436,0.4097359699573022
-4022.5312656328174,0.0001299827099603883,-3984.8872508552436,0.4097359699573022
-4021.75087543772,0.00014901540289657475,-3984.8872508552436,0.4097359699573022
-4020.9704852426225,0.00017131198228201124,-3984.8872508552436,0.4097359699573022
-4020.190095047525,0.0001980523853698606,-3984.8872508552436,0.4097359699573022
-4019.4097048524277,0.0002286390457298104,-3984.8872508552436,0.4097359699573022
-4018.6293146573294,0.00026458475266915806,-3984.8872508552436,0.4097359699573022
-4017.848924462232,0.0003073539675836048,-3984.8872508552436,0.4097359699573022
-4017.0685342671345,0.00035674299996007986,-3984.8872508552436,0.4097359699573022
-4016.288144072037,0.0004146858902762233,-3984.8872508552436,0.4097359699573022
-4015.5077538769397,0.0004820880843801661,-3984.8872508552436,0.4097359699573022
-4014.7273636818422,0.0005608046156020497,-3984.8872508552436,0.4097359699573022
-4013.946973486745,0.0006541825523772188,-3984.8872508552436,0.4097359699573022
-4013.1665832916465,0.0007618950954790206,-3984.8872508552436,0.4097359699573022
-4012.386193096549,0.0008873447818992241,-3984.8872508552436,0.4097359699573022
-4011.6058029014516,0.0010331313432294339,-3984.8872508552436,0.4097359699573022
-4010.825412706354,0.0012028516032445158,-3984.8872508552436,0.4097359699573022
-4010.045022511257,0.0014024411993878777,-3984.8872508552436,0.4097359699573022
-4009.2646323161594,0.0016325779097119805,-3984.8872508552436,0.4097359699573022
-4008.484242121061,0.0018990516724665557,-3984.8872508552436,0.4097359699573022
-4007.7038519259636,0.0022061217115705903,-3984.8872508552436,0.4097359699573022
-4006.923461730866,0.0025602131779800985,-3984.8872508552436,0.4097359699573022
-4006.1430715357687,0.002967704686381119,-3984.8872508552436,0.4097359699573022
-4005.3626813406713,0.0034355737621958662,-3984.8872508552436,0.4097359699573022
-4004.582291145574,0.003972444511857892,-3984.8872508552436,0.4097359699573022
-4003.8019009504756,0.00458555066554967,-3984.8872508552436,0.4097359699573022
-4003.021510755378,0.0052855311372649785,-3984.8872508552436,0.4097359699573022
-4002.2411205602807,0.006079345112259452,-3984.8872508552436,0.4097359699573022
-4001.4607303651833,0.006978697751058702,-3984.8872508552436,0.4097359699573022
-4000.680340170086,0.007989466987624072,-3984.8872508552436,0.4097359699573022
-3999.8999499749884,0.009122447788214616,-3984.8872508552436,0.4097359699573022
-3999.119559779891,0.010381366028305486,-3984.8872508552436,0.4097359699573022
-3998.3391695847927,0.01177290741208362,-3984.8872508552436,0.4097359699573022
-3997.5587793896952,0.013297028215768537,-3984.8872508552436,0.4097359699573022
-3996.778389194598,0.01495277697909983,-3984.8872508552436,0.4097359699573022
-3995.9979989995004,0.01673583000208478,-3984.8872508552436,0.4097359699573022
-3995.217608804403,0.018624010957500728,-3984.8872508552436,0.4097359699573022
-3994.4372186093046,0.020589655119625197,-3984.8872508552436,0.4097359699573022
-3993.656828414207,0.022592279642420356,-3984.8872508552436,0.4097359699573022
-3992.87643821911,0.024576004598631938,-3984.8872508552436,0.4097359699573022
-3992.0960480240124,0.026454343138767183,-3984.8872508552436,0.4097359699573022
-3991.315657828915,0.028095528550841943,-3984.8872508552436,0.4097359699573022
-3990.5352676338175,0.029350303037694668,-3984.8872508552436,0.4097359699573022
-3989.75487743872,0.03003391702458994,-3984.8872508552436,0.4097359699573022
-3988.9744872436218,0.02990350129959536,-3984.8872508552436,0.4097359699573022
-3988.1940970485243,0.02864126631666113,-3984.8872508552436,0.4097359699573022
-3987.413706853427,0.025842388667901003,-3984.8872508552436,0.4097359699573022
-3986.6333166583295,0.021062103925071515,-3984.8872508552436,0.4097359699573022
-3985.852926463232,0.014188433128876656,-3984.8872508552436,0.4097359699573022
-3985.0725362681337,0.006739505684070352,-3984.8872508552436,0.4097359699573022
-3984.2921460730363,0.002122402651965953,-3984.8872508552436,0.4097359699573022
-3983.511755877939,0.0008996268053331507,-3984.8872508552436,0.4097359699573022
-3982.7313656828414,0.0006325177719588122,-3984.8872508552436,0.4097359699573022
-3981.950975487744,0.00045619442137820527,-3984.8872508552436,0.4097359699573022
-3981.1705852926466,0.0003633790946158687,-3984.8872508552436,0.4097359699573022
-3980.3901950975487,0.00029135693248753044,-3984.8872508552436,0.4097359699573022
-3979.609804902451,0.0002450662417295012,-3984.8872508552436,0.4097359699573022
-3978.8294147073534,0.00020646970608824078,-3984.8872508552436,0.4097359699573022
-3978.049024512256,0.00017927752991640837,-3984.8872508552436,0.4097359699573022
-3977.2686343171586,0.00015559354167797695,-3984.8872508552436,0.4097359699573022
-3976.4882441220607,0.00013799795200287586,-3984.8872508552436,0.4097359699573022
-3975.7078539269633,0.00012220222476959431,-3984.8872508552436,0.4097359699573022
-3974.9274637318654,0.00011005446551515643,-3984.8872508552436,0.4097359699573022
-3974.147073536768,9.88990930656472e-05,-3984.8872508552436,0.4097359699573022
-3973.3666833416705,9.011065277602132e-05,-3984.8872508552436,0.4097359699573022
-3972.586293146573,8.189369863878534e-05,-3984.8872508552436,0.4097359699573022
-3971.805902951475,7.530529761008707e-05,-3984.8872508552436,0.4097359699573022
-3971.025512756378,6.905328308054886e-05,-3984.8872508552436,0.4097359699573022
-3970.24512256128,6.397358074144647e-05,-3984.8872508552436,0.4097359699573022
-3969.4647323661825,5.909212489569696e-05,-3984.8872508552436,0.4097359699573022
-3968.684342171085,5.508550723172885e-05,-3984.8872508552436,0.4097359699573022
-3967.903951975987,5.119261236067296e-05,-3984.8872508552436,0.4097359699573022
-3967.1235617808898,4.797210616665882e-05,-3984.8872508552436,0.4097359699573022
-3966.3431715857923,4.481237581302714e-05,-3984.8872508552436,0.4097359699573022
-3965.562781390695,4.2182170612741454e-05,-3984.8872508552436,0.4097359699573022
-3964.782391195597,3.957882005627641e-05,-3984.8872508552436,0.4097359699573022
-3964.0020010004996,3.7401209236475385e-05,-3984.8872508552436,0.4097359699573022
-3963.2216108054017,3.522842043883511e-05,-3984.8872508552436,0.4097359699573022
-3962.4412206103043,3.3404040544633156e-05,-3984.8872508552436,0.4097359699573022
-3961.660830415207,3.157020934950543e-05,-3984.8872508552436,0.4097359699573022
-3960.880440220109,3.0025879855950276e-05,-3984.8872508552436,0.4097359699573022
-3960.1000500250116,2.846273725011276e-05,-3984.8872508552436,0.4097359699573022
-3959.3196598299137,2.7143450649150515e-05,-3984.8872508552436,0.4097359699573022
-3958.5392696348163,2.5799334067628203e-05,-3984.8872508552436,0.4097359699573022
-3957.758879439719,2.466307326769999e-05,-3984.8872508552436,0.4097359699573022
-3956.9784892446214,2.3498225651223754e-05,-3984.8872508552436,0.4097359699573022
-3956.198099049524,2.2512424082929913e-05,-3984.8872508552436,0.4097359699573022
-3955.4177088544257,2.149581654080251e-05,-3984.8872508552436,0.4097359699573022
-3954.6373186593282,2.0634893293017277e-05,-3984.8872508552436,0.4097359699573022
-3953.856928464231,1.9742005257908507e-05,-3984.8872508552436,0.4097359699573022
-3953.0765382691334,1.8985569212901726e-05,-3984.8872508552436,0.4097359699573022
-3952.296148074036,1.8196686038958487e-05,-3984.8872508552436,0.4097359699573022
-3951.515757878938,1.7528659453027635e-05,-3984.8872508552436,0.4097359699573022
-3950.73536768384,1.68280779644066e-05,-3984.8872508552436,0.4097359699573022
-3949.9549774887428,1.6235025014637825e-05,-3984.8872508552436,0.4097359699573022
-3949.1745872936453,1.5609842879338722e-05,-3984.8872508552436,0.4097359699573022
-3948.394197098548,1.5080930656303598e-05,-3984.8872508552436,0.4097359699573022
-3947.6138069034505,1.452054307627746e-05,-3984.8872508552436,0.4097359699573022
-3946.833416708353,1.4046837744599334e-05,-3984.8872508552436,0.4097359699573022
-3946.0530265132547,1.354246005049772e-05,-3984.8872508552436,0.4097359699573022
-3945.2726363181573,1.3116543166032012e-05,-3984.8872508552436,0.4097359699573022
-3944.49224612306,1.2660828423638044e-05,-3984.8872508552436,0.4097359699573022
-3943.7118559279625,1.227648143460371e-05,-3984.8872508552436,0.4097359699573022
-3942.931465732865,1.1863280196943135e-05,-3984.8872508552436,0.4097359699573022
-3942.1510755377676,1.1515272895009559e-05,-3984.8872508552436,0.4097359699573022
-3941.3706853426693,1.1139378845185326e-05,-3984.8872508552436,0.4097359699573022
-3940.590295147572,1.0823334464504831e-05,-3984.8872508552436,0.4097359699573022
-3939.8099049524744,1.048041791958401e-05,-3984.8872508552436,0.4097359699573022
-3939.029514757377,1.0192346766786137e-05,-3984.8872508552436,0.4097359699573022
-3938.2491245622796,9.878526297985232e-06,-3984.8872508552436,0.4097359699573022
-3937.468734367182,9.61536736840748e-06,-3984.8872508552436,0.4097359699573022
-3936.688344172084,9.327387443825526e-06,-3984.8872508552436,0.4097359699573022
-3935.9079539769864,9.086333957294909e-06,-3984.8872508552436,0.4097359699573022
-3935.127563781889,8.821339472159182e-06,-3984.8872508552436,0.4097359699573022
-3934.3471735867915,8.600092521575447e-06,-3984.8872508552436,0.4097359699573022
-3933.566783391694,8.355710876579221e-06,-3984.8872508552436,0.4097359699573022
-3932.7863931965967,8.152108250516594e-06,-3984.8872508552436,0.4097359699573022
-3932.0060030014993,7.926218950133037e-06,-3984.8872508552436,0.4097359699573022
-3931.225612806401,7.738445273052573e-06,-3984.8872508552436,0.4097359699573022
-3930.4452226113035,7.52919955222284e-06,-3984.8872508552436,0.4097359699573022
-3929.664832416206,7.355667843928926e-06,-3984.8872508552436,0.4097359699573022
-3928.8844422211087,7.161443172812003e-06,-3984.8872508552436,0.4097359699573022
-3928.1040520260112,7.000778285705416e-06,-3984.8872508552436,0.4097359699573022
-3927.323661830913,6.820182951801763e-06,-3984.8872508552436,0.4097359699573022
-3926.5432716358155,6.671083694700638e-06,-3984.8872508552436,0.4097359699573022
-3925.762881440718,6.502820708066723e-06,-3984.8872508552436,0.4097359699573022
-3924.9824912456206,6.364260257124403e-06,-3984.8872508552436,0.4097359699573022
-3924.202101050523,6.207213164357359e-06,-3984.8872508552436,0.4097359699573022
-3923.4217108554258,6.078230709614556e-06,-3984.8872508552436,0.4097359699573022
-3922.6413206603283,5.931402579376818e-06,-3984.8872508552436,0.4097359699573022
-3921.86093046523,5.8111346690474275e-06,-3984.8872508552436,0.4097359699573022
-3921.0805402701326,5.67366264072445e-06,-3984.8872508552436,0.4097359699573022
-3920.300150075035,5.561358784997246e-06,-3984.8872508552436,0.4097359699573022
-3919.5197598799377,5.432437371163648e-06,-3984.8872508552436,0.4097359699573022
-3918.7393696848403,5.327417730280547e-06,-3984.8872508552436,0.4097359699573022
-3917.958979489742,5.2063398037144775e-06,-3984.8872508552436,0.4097359699573022
-3917.1785892946446,5.107995209186821e-06,-3984.8872508552436,0.4097359699573022
-3916.398199099547,4.9941272738638655e-06,-3984.8872508552436,0.4097359699573022
-3915.6178089044497,4.901912699316273e-06,-3984.8872508552436,0.4097359699573022
-3914.8374187093523,4.794679947433778e-06,-3984.8872508552436,0.4097359699573022
-3914.057028514255,4.708101918967668e-06,-3984.8872508552436,0.4097359699573022
-3913.2766383191574,4.6069912551174515e-06,-3984.8872508552436,0.4097359699573022
-3912.496248124059,4.525593181622201e-06,-3984.8872508552436,0.4097359699573022
-3911.7158579289617,4.430120012421325e-06,-3984.8872508552436,0.4097359699573022
-3910.9354677338642,4.353558706660815e-06,-3984.8872508552436,0.4097359699573022
-3910.155077538767,4.2633076190282775e-06,-3984.8872508552436,0.4097359699573022
-3909.3746873436694,4.191171467269131e-06,-3984.8872508552436,0.4097359699573022
-3908.594297148571,4.105768842706204e-06,-3984.8872508552436,0.4097359699573022
-3907.8139069534745,4.037740125351721e-06,-3984.8872508552436,0.4097359699573022
-3907.033516758376,3.956847975462114e-06,-3984.8872508552436,0.4097359699573022
-3906.253126563279,3.892606727952284e-06,-3984.8872508552436,0.4097359699573022
-3905.4727363681814,3.81589868935329e-06,-3984.8872508552436,0.4097359699573022
-3904.692346173084,3.755185554685245e-06,-3984.8872508552436,0.4097359699573022
-3903.9119559779865,3.6823759309991052e-06,-3984.8872508552436,0.4097359699573022
-3903.131565782888,3.624938339192801e-06,-3984.8872508552436,0.4097359699573022
-3902.3511755877907,3.555759890720802e-06,-3984.8872508552436,0.4097359699573022
-3901.5707853926933,3.501373469364012e-06,-3984.8872508552436,0.4097359699573022
-3900.790395197596,3.435586015585174e-06,-3984.8872508552436,0.4097359699573022
-3900.0100050024985,3.384038669194871e-06,-3984.8872508552436,0.4097359699573022
-3899.229614807401,3.3214166897421736e-06,-3984.8872508552436,0.4097359699573022
-3898.4492246123036,3.2729630378623163e-06,-3984.8872508552436,0.4097359699573022
-3897.6688344172053,3.2141155216311286e-06,-3984.8872508552436,0.4097359699573022
-3896.888444222108,3.1664478759874333e-06,-3984.8872508552436,0.4097359699573022
-3896.1080540270104,3.1095727187214364e-06,-3984.8872508552436,0.4097359699573022
-3895.327663831913,3.065457626199607e-06,-3984.8872508552436,0.4097359699573022
-3894.5472736368156,3.011181513967776e-06,-3984.8872508552436,0.4097359699573022
-3893.7668834417173,2.9692315016027894e-06,-3984.8872508552436,0.4097359699573022
-3892.98649324662,2.917387239870645e-06,-3984.8872508552436,0.4097359699573022
-3892.2061030515224,2.877482322940395e-06,-3984.8872508552436,0.4097359699573022
-3891.425712856425,2.8279344140994092e-06,-3984.8872508552436,0.4097359699573022
-3890.6453226613276,2.7899406907451626e-06,-3984.8872508552436,0.4097359699573022
-3889.86493246623,2.7425384825405028e-06,-3984.8872508552436,0.4097359699573022
-3889.0845422711327,2.7063274649063603e-06,-3984.8872508552436,0.4097359699573022
-3888.3041520760344,2.6609655694308488e-06,-3984.8872508552436,0.4097359699573022
-3887.523761880937,2.626434714825525e-06,-3984.8872508552436,0.4097359699573022
-3886.7433716858395,2.58298785589283e-06,-3984.8872508552436,0.4097359699573022
-3885.962981490742,2.5500386777774104e-06,-3984.8872508552436,0.4097359699573022
-3885.1825912956447,2.5083909955243833e-06,-3984.8872508552436,0.4097359699573022
-3884.4022011005463,2.4769018470838575e-06,-3984.8872508552436,0.4097359699573022
-3883.6218109054494,2.43699030660284e-06,-3984.8872508552436,0.4097359699573022
-3882.8414207103515,2.406904017932213e-06,-3984.8872508552436,0.4097359699573022
-3882.061030515254,2.368596744822551e-06,-3984.8872508552436,0.4097359699573022
-3881.2806403201566,2.339825334449783e-06,-3984.8872508552436,0.4097359699573022
-3880.500250125059,2.303053681861379e-06,-3984.8872508552436,0.4097359699573022
-3879.7198599299613,2.2755308759215324e-06,-3984.8872508552436,0.4097359699573022
-3878.9394697348635,2.2401993144024275e-06,-3984.8872508552436,0.4097359699573022
-3878.159079539766,2.2138559867657088e-06,-3984.8872508552436,0.4097359699573022
-3877.3786893446686,2.1798885308580954e-06,-3984.8872508552436,0.4097359699573022
-3876.598299149571,2.154663624196688e-06,-3984.8872508552436,0.4097359699573022
-3875.8179089544738,2.1219957340782097e-06,-3984.8872508552436,0.4097359699573022
-3875.0375187593754,2.0978153623148465e-06,-3984.8872508552436,0.4097359699573022
-3874.2571285642784,2.066374299251314e-06,-3984.8872508552436,0.4097359699573022
-3873.4767383691806,2.0431855265085683e-06,-3984.8872508552436,0.4097359699573022
-3872.696348174083,2.0128975040636326e-06,-3984.8872508552436,0.4097359699573022
-3871.9159579789857,1.990672953636559e-06,-3984.8872508552436,0.4097359699573022
-3871.135567783888,1.9614965522951177e-06,-3984.8872508552436,0.4097359699573022
-3870.3551775887904,1.9401723660354958e-06,-3984.8872508552436,0.4097359699573022
-3869.5747873936925,1.912036592965533e-06,-3984.8872508552436,0.4097359699573022
-3868.794397198595,1.8915630446441417e-06,-3984.8872508552436,0.4097359699573022
-3868.0140070034977,1.8644338196878922e-06,-3984.8872508552436,0.4097359699573022
-3867.2336168084,1.8447779270811133e-06,-3984.8872508552436,0.4097359699573022
-3866.4532266133024,1.8185829425208177e-06,-3984.8872508552436,0.4097359699573022
-3865.672836418205,1.7996927016640014e-06,-3984.8872508552436,0.4097359699573022
-3864.8924462231075,1.77440383832931e-06,-3984.8872508552436,0.4097359699573022
-3864.1120560280096,1.7562439429167482e-06,-3984.8872508552436,0.4097359699573022
-3863.331665832912,1.731820392710665e-06,-3984.8872508552436,0.4097359699573022
-3862.5512756378143,1.714352759653853e-06,-3984.8872508552436,0.4097359699573022
-3861.770885442717,1.6907550314684183e-06,-3984.8872508552436,0.4097359699573022
-3860.9904952476195,1.673944128724277e-06,-3984.8872508552436,0.4097359699573022
-3860.2101050525216,1.6511326136263982e-06,-3984.8872508552436,0.4097359699573022
-3859.429714857424,1.6349504347700652e-06,-3984.8872508552436,0.4097359699573022
-3858.6493246623263,1.6128908063338148e-06,-3984.8872508552436,0.4097359699573022
-3857.868934467229,1.5973073040633745e-06,-3984.8872508552436,0.4097359699573022
-3857.0885442721315,1.5759689806963474e-06,-3984.8872508552436,0.4097359699573022
-3856.308154077034,1.5609498773484886e-06,-3984.8872508552436,0.4097359699573022
-3855.5277638819366,1.5402982540060026e-06,-3984.8872508552436,0.4097359699573022
-3854.7473736868387,1.5258213016822903e-06,-3984.8872508552436,0.4097359699573022
-3853.966983491741,1.5058258079507381e-06,-3984.8872508552436,0.4097359699573022
-3853.1865932966434,1.4918674090823059e-06,-3984.8872508552436,0.4097359699573022
-3852.406203101546,1.4725003761027593e-06,-3984.8872508552436,0.4097359699573022
-3851.6258129064486,1.4590358952079847e-06,-3984.8872508552436,0.4097359699573022
-3850.8454227113507,1.440270335914904e-06,-3984.8872508552436,0.4097359699573022
-3850.0650325162537,1.4272778718107395e-06,-3984.8872508552436,0.4097359699573022
-3849.2846423211554,1.4090884366482879e-06,-3984.8872508552436,0.4097359699573022
-3848.504252126058,1.3965469320266026e-06,-3984.8872508552436,0.4097359699573022
-3847.7238619309605,1.378909843203089e-06,-3984.8872508552436,0.4097359699573022
-3846.943471735863,1.3667999092413652e-06,-3984.8872508552436,0.4097359699573022
-3846.1630815407657,1.3496907317364773e-06,-3984.8872508552436,0.4097359699573022
-3845.3826913456674,1.3379958769843395e-06,-3984.8872508552436,0.4097359699573022
-3844.60230115057,1.321397471917333e-06,-3984.8872508552436,0.4097359699573022
-3843.8219109554725,1.310092234169131e-06,-3984.8872508552436,0.4097359699573022
-3843.041520760375,1.2939799602557986e-06,-3984.8872508552436,0.4097359699573022
-3842.2611305652777,1.2830523061729451e-06,-3984.8872508552436,0.4097359699573022
-3841.4807403701793,1.2674091165411937e-06,-3984.8872508552436,0.4097359699573022
-3840.700350175083,1.256843252626491e-06,-3984.8872508552436,0.4097359699573022
-3839.9199599799845,1.2416493766014627e-06,-3984.8872508552436,0.4097359699573022
-3839.139569784887,1.2314301806276908e-06,-3984.8872508552436,0.4097359699573022
-3838.3591795897896,1.2166681051994241e-06,-3984.8872508552436,0.4097359699573022
-3837.578789394692,1.2067811067237076e-06,-3984.8872508552436,0.4097359699573022
-3836.7983991995948,1.1924340761758182e-06,-3984.8872508552436,0.4097359699573022
-3836.0180090044964,1.1828656954989815e-06,-3984.8872508552436,0.4097359699573022
-3835.237618809399,1.1689177589568463e-06,-3984.8872508552436,0.4097359699573022
-3834.4572286143016,1.1596551637361544e-06,-3984.8872508552436,0.4097359699573022
-3833.676838419204,1.1460912172728642e-06,-3984.8872508552436,0.4097359699573022
-3832.8964482241067,1.1371215690805305e-06,-3984.8872508552436,0.4097359699573022
-3832.1160580290093,1.1239262636127835e-06,-3984.8872508552436,0.4097359699573022
-3831.335667833912,1.1152398424463633e-06,-3984.8872508552436,0.4097359699573022
-3830.5552776388135,1.1024003011492169e-06,-3984.8872508552436,0.4097359699573022
-3829.774887443716,1.0939846877504511e-06,-3984.8872508552436,0.4097359699573022
-3828.9944972486187,1.0814877258068772e-06,-3984.8872508552436,0.4097359699573022
-3828.2141070535213,1.0733325602800872e-06,-3984.8872508552436,0.4097359699573022
-3827.433716858424,1.0611655494012414e-06,-3984.8872508552436,0.4097359699573022
-3826.6533266633255,1.0532611736975967e-06,-3984.8872508552436,0.4097359699573022
-3825.872936468228,1.0414119950438406e-06,-3984.8872508552436,0.4097359699573022
-3825.0925462731307,1.0337496651872417e-06,-3984.8872508552436,0.4097359699573022
-3824.3121560780332,1.022206990431122e-06,-3984.8872508552436,0.4097359699573022
-3823.531765882936,1.0147800286532667e-06,-3984.8872508552436,0.4097359699573022
-3822.7513756878384,1.0035370295049635e-06,-3984.8872508552436,0.4097359699573022
-3821.970985492741,9.963516139301362e-07,-3984.8872508552436,0.4097359699573022
-3821.1905952976426,9.85345110942059e-07,-3984.8872508552436,0.4097359699573022
-3820.410205102545,9.78338273015522e-07,-3984.8872508552436,0.4097359699573022
-3819.629814907448,9.676466556258093e-07,-3984.8872508552436,0.4097359699573022
-3818.8494247123504,9.608172330361803e-07,-3984.8872508552436,0.4097359699573022
-3818.069034517253,9.504432302636335e-07,-3984.8872508552436,0.4097359699573022
-3817.2886443221546,9.438248169661548e-07,-3984.8872508552436,0.4097359699573022
-3816.508254127058,9.33690679680073e-07,-3984.8872508552436,0.4097359699573022
-3815.7278639319597,9.272675256552048e-07,-3984.8872508552436,0.4097359699573022
-3814.9474737368623,9.173764542605912e-07,-3984.8872508552436,0.4097359699573022
-3814.167083541765,9.111392833725804e-07,-3984.8872508552436,0.4097359699573022
-3813.3866933466675,9.014860462956462e-07,-3984.8872508552436,0.4097359699573022
-3812.60630315157,8.954272456593916e-07,-3984.8872508552436,0.4097359699573022
-3811.8259129564717,8.860051155879343e-07,-3984.8872508552436,0.4097359699573022
-3811.0455227613743,8.80117834788695e-07,-3984.8872508552436,0.4097359699573022
-3810.265132566277,8.709197988065312e-07,-3984.8872508552436,0.4097359699573022
-3809.4847423711794,8.651984131153634e-07,-3984.8872508552436,0.4097359699573022
-3808.704352176082,8.562188536120036e-07,-3984.8872508552436,0.4097359699573022
-3807.9239619809846,8.506545169247127e-07,-3984.8872508552436,0.4097359699573022
-3807.143571785887,8.418852682227379e-07,-3984.8872508552436,0.4097359699573022
-3806.363181590789,8.364744220325211e-07,-3984.8872508552436,0.4097359699573022
-3805.5827913956914,8.279089063396759e-07,-3984.8872508552436,0.4097359699573022
-3804.802401200594,8.226461288429654e-07,-3984.8872508552436,0.4097359699573022
-3804.0220110054966,8.142779965974603e-07,-3984.8872508552436,0.4097359699573022
-3803.241620810399,8.091581131576772e-07,-3984.8872508552436,0.4097359699573022
-3802.461230615301,8.009812456759278e-07,-3984.8872508552436,0.4097359699573022
-3801.6808404202034,7.959993101609287e-07,-3984.8872508552436,0.4097359699573022
-3800.900450225106,7.880079326417759e-07,-3984.8872508552436,0.4097359699573022
-3800.1200600300085,7.831594225150294e-07,-3984.8872508552436,0.4097359699573022
-3799.339669834911,7.753474142343168e-07,-3984.8872508552436,0.4097359699573022
-3798.5592796398137,7.706275716758031e-07,-3984.8872508552436,0.4097359699573022
-3797.7788894447162,7.629898286182039e-07,-3984.8872508552436,0.4097359699573022
-3796.998499249618,7.583936716787515e-07,-3984.8872508552436,0.4097359699573022
-3796.2181090545205,7.509237822636557e-07,-3984.8872508552436,0.4097359699573022
-3795.437718859423,7.464496019349667e-07,-3984.8872508552436,0.4097359699573022
-3794.6573286643256,7.391436931199108e-07,-3984.8872508552436,0.4097359699573022
-3793.876938469228,7.347856620489188e-07,-3984.8872508552436,0.4097359699573022
-3793.09654827413,7.27638869339781e-07,-3984.8872508552436,0.4097359699573022
-3792.3161580790334,7.233931555377879e-07,-3984.8872508552436,0.4097359699573022
-3791.535767883935,7.164007962423095e-07,-3984.8872508552436,0.4097359699573022
-3790.7553776888376,7.12263720550197e-07,-3984.8872508552436,0.4097359699573022
-3789.97498749374,7.054212859308947e-07,-3984.8872508552436,0.4097359699573022
-3789.1945972986427,7.013893769275412e-07,-3984.8872508552436,0.4097359699573022
-3788.4142071035453,6.946926373118194e-07,-3984.8872508552436,0.4097359699573022
-3787.633816908447,6.907622614795547e-07,-3984.8872508552436,0.4097359699573022
-3786.8534267133496,6.842069190931888e-07,-3984.8872508552436,0.4097359699573022
-3786.073036518252,6.803749913566386e-07,-3984.8872508552436,0.4097359699573022
-3785.2926463231547,6.73956966798249e-07,-3984.8872508552436,0.4097359699573022
-3784.5122561280573,6.702202618940172e-07,-3984.8872508552436,0.4097359699573022
-3783.731865932959,6.639358547335024e-07,-3984.8872508552436,0.4097359699573022
-3782.951475737862,6.602914422603132e-07,-3984.8872508552436,0.4097359699573022
-3782.171085542764,6.541367722050279e-07,-3984.8872508552436,0.4097359699573022
-3781.3906953476667,6.505815533647017e-07,-3984.8872508552436,0.4097359699573022
-3780.6103051525693,6.445526532767209e-07,-3984.8872508552436,0.4097359699573022
-3779.829914957472,6.41084526051711e-07,-3984.8872508552436,0.4097359699573022
-3779.049524762374,6.351781642011258e-07,-3984.8872508552436,0.4097359699573022
-3778.269134567276,6.317941093296653e-07,-3984.8872508552436,0.4097359699573022
-3777.4887443721786,6.260070348210383e-07,-3984.8872508552436,0.4097359699573022
-3776.708354177081,6.227042914306159e-07,-3984.8872508552436,0.4097359699573022
-3775.927963981984,6.170332595205606e-07,-3984.8872508552436,0.4097359699573022
-3775.1475737868864,6.138093348679012e-07,-3984.8872508552436,0.4097359699573022
-3774.3671835917885,6.082512131861962e-07,-3984.8872508552436,0.4097359699573022
-3773.586793396691,6.051036870809323e-07,-3984.8872508552436,0.4097359699573022
-3772.806403201593,5.996554168917778e-07,-3984.8872508552436,0.4097359699573022
-3772.0260130064958,5.965820479501989e-07,-3984.8872508552436,0.4097359699573022
-3771.2456228113983,5.912407433276831e-07,-3984.8872508552436,0.4097359699573022
-3770.4652326163005,5.882392461959977e-07,-3984.8872508552436,0.4097359699573022
-3769.684842421203,5.830020847128527e-07,-3984.8872508552436,0.4097359699573022
-3768.904452226105,5.800703093203633e-07,-3984.8872508552436,0.4097359699573022
-3768.1240620310077,5.749345635335381e-07,-3984.8872508552436,0.4097359699573022
-3767.3436718359103,5.720704365404302e-07,-3984.8872508552436,0.4097359699573022
-3766.563281640813,5.67033470145011e-07,-3984.8872508552436,0.4097359699573022
-3765.782891445715,5.642349917197742e-07,-3984.8872508552436,0.4097359699573022
-3765.0025012506176,5.592942558830068e-07,-3984.8872508552436,0.4097359699573022
-3764.22211105552,5.56559496636841e-07,-3984.8872508552436,0.4097359699573022
-3763.4417208604223,5.517125117088036e-07,-3984.8872508552436,0.4097359699573022
-3762.661330665325,5.490395830236723e-07,-3984.8872508552436,0.4097359699573022
-3761.880940470227,5.442840215181075e-07,-3984.8872508552436,0.4097359699573022
-3761.1005502751295,5.416711537264152e-07,-3984.8872508552436,0.4097359699573022
-3760.320160080032,5.3700466624958e-07,-3984.8872508552436,0.4097359699573022
-3759.5397698849342,5.344501243043971e-07,-3984.8872508552436,0.4097359699573022
-3758.7593796898373,5.298704785701176e-07,-3984.8872508552436,0.4097359699573022
-3757.978989494739,5.273725870085222e-07,-3984.8872508552436,0.4097359699573022
-3757.1985992996415,5.228776222603226e-07,-3984.8872508552436,0.4097359699573022
-3756.418209104544,5.204349122453914e-07,-3984.8872508552436,0.4097359699573022
-3755.6378189094467,5.16022806755639e-07,-3984.8872508552436,0.4097359699573022
-3754.857428714349,5.136331428014051e-07,-3984.8872508552436,0.4097359699573022
-3754.0770385192513,5.093015951169928e-07,-3984.8872508552436,0.4097359699573022
-3753.2966483241535,5.069638945682805e-07,-3984.8872508552436,0.4097359699573022
-3752.516258129056,5.027109425267089e-07,-3984.8872508552436,0.4097359699573022
-3751.7358679339586,5.004237452137291e-07,-3984.8872508552436,0.4097359699573022
-3750.955477738861,4.962474878391199e-07,-3984.8872508552436,0.4097359699573022
-3750.1750875437633,4.940093822274768e-07,-3984.8872508552436,0.4097359699573022
-3749.3946973486663,4.899079774259656e-07,-3984.8872508552436,0.4097359699573022
-3748.614307153568,4.877175987176276e-07,-3984.8872508552436,0.4097359699573022
-3747.8339169584706,4.83689261073749e-07,-3984.8872508552436,0.4097359699573022
-3747.053526763373,4.815452893934947e-07,-3984.8872508552436,0.4097359699573022
-3746.2731365682757,4.775882880626142e-07,-3984.8872508552436,0.4097359699573022
-3745.4927463731783,4.7548944833158337e-07,-3984.8872508552436,0.4097359699573022
-3744.71235617808,4.7160210792788116e-07,-3984.8872508552436,0.4097359699573022
-3743.9319659829825,4.6954715887824106e-07,-3984.8872508552436,0.4097359699573022
-3743.151575787885,4.6572784882886605e-07,-3984.8872508552436,0.4097359699573022
-3742.3711855927877,4.63715599779545e-07,-3984.8872508552436,0.4097359699573022
-3741.5907953976903,4.599627411976621e-07,-3984.8872508552436,0.4097359699573022
-3740.810405202593,4.579920353916962e-07,-3984.8872508552436,0.4097359699573022
-3740.0300150074954,4.543040964000843e-07,-3984.8872508552436,0.4097359699573022
-3739.249624812397,4.523740613616853e-07,-3984.8872508552436,0.4097359699573022
-3738.4692346172997,4.487500026089341e-07,-3984.8872508552436,0.4097359699573022
-3737.6888444222022,4.4685860579659265e-07,-3984.8872508552436,0.4097359699573022
-3736.908454227105,4.4329652526568983e-07,-3984.8872508552436,0.4097359699573022
-3736.1280640320074,4.4144342997043216e-07,-3984.8872508552436,0.4097359699573022
-3735.347673836909,4.3794192715178155e-07,-3984.8872508552436,0.4097359699573022
-3734.5672836418116,4.361261162991157e-07,-3984.8872508552436,0.4097359699573022
-3733.786893446714,4.326838313261426e-07,-3984.8872508552436,0.4097359699573022
-3733.006503251617,4.309043196506544e-07,-3984.8872508552436,0.4097359699573022
-3732.2261130565194,4.2751993187116954e-07,-3984.8872508552436,0.4097359699573022
-3731.445722861422,4.257757647541047e-07,-3984.8872508552436,0.4097359699573022
-3730.6653326663245,4.2244799136019535e-07,-3984.8872508552436,0.4097359699573022
-3729.884942471226,4.207382437159828e-07,-3984.8872508552436,0.4097359699573022
-3729.1045522761287,4.1746583842982256e-07,-3984.8872508552436,0.4097359699573022
-3728.3241620810313,4.1578961363916415e-07,-3984.8872508552436,0.4097359699573022
-3727.543771885934,4.125713654520246e-07,-3984.8872508552436,0.4097359699573022
-3726.7633816908365,4.109277943393598e-07,-3984.8872508552436,0.4097359699573022
-3725.982991495738,4.0776252630144605e-07,-3984.8872508552436,0.4097359699573022
-3725.2026013006416,4.061507661547051e-07,-3984.8872508552436,0.4097359699573022
-3724.4222111055433,4.0303738606612303e-07,-3984.8872508552436,0.4097359699573022
-3723.641820910446,4.0145671347019777e-07,-3984.8872508552436,0.4097359699573022
-3722.8614307153484,3.983939099547268e-07,-3984.8872508552436,0.4097359699573022
-3722.081040520251,3.968432446362543e-07,-3984.8872508552436,0.4097359699573022
-3721.3006503251536,3.9382974100030995e-07,-3984.8872508552436,0.4097359699573022
-3720.5202601300552,3.923090471309237e-07,-3984.8872508552436,0.4097359699573022
-3719.739869934958,3.8934414664706284e-07,-3984.8872508552436,0.4097359699573022
-3718.9594797398604,3.878521266288741e-07,-3984.8872508552436,0.4097359699573022
-3718.179089544763,3.8493480581188114e-07,-3984.8872508552436,0.4097359699573022
-3717.3986993496655,3.834707361837699e-07,-3984.8872508552436,0.4097359699573022
-3716.618309154567,3.805999993015535e-07,-3984.8872508552436,0.4097359699573022
-3715.8379189594707,3.7916317795807214e-07,-3984.8872508552436,0.4097359699573022
-3715.0575287643724,3.7633805611747826e-07,-3984.8872508552436,0.4097359699573022
-3714.277138569275,3.7492795659143047e-07,-3984.8872508552436,0.4097359699573022
-3713.4967483741775,3.72147787200154e-07,-3984.8872508552436,0.4097359699573022
-3712.71635817908,3.707631525868646e-07,-3984.8872508552436,0.4097359699573022
-3711.9359679839827,3.6802672850748225e-07,-3984.8872508552436,0.4097359699573022
-3711.1555777888843,3.6666736586415605e-07,-3984.8872508552436,0.4097359699573022
-3710.375187593787,3.6397379373163476e-07,-3984.8872508552436,0.4097359699573022
-3709.5947973986895,3.626390791670518e-07,-3984.8872508552436,0.4097359699573022
-3708.814407203592,3.5998748913206195e-07,-3984.8872508552436,0.4097359699573022
-3708.0340170084946,3.5867681672236015e-07,-3984.8872508552436,0.4097359699573022
-3707.253626813397,3.5606636169840484e-07,-3984.8872508552436,0.4097359699573022
-3706.4732366183,3.5477914288585116e-07,-3984.8872508552436,0.4097359699573022
-3705.6928464232014,3.522089978245865e-07,-3984.8872508552436,0.4097359699573022
-3704.912456228104,3.5094466083944793e-07,-3984.8872508552436,0.4097359699573022
-3704.1320660330066,3.48414022032961e-07,-3984.8872508552436,0.4097359699573022
-3703.351675837909,3.4717201133754516e-07,-3984.8872508552436,0.4097359699573022
-3702.5712856428117,3.4468009574645955e-07,-3984.8872508552436,0.4097359699573022
-3701.7908954477134,3.4345987150025103e-07,-3984.8872508552436,0.4097359699573022
-3701.010505252616,3.410059161065892e-07,-3984.8872508552436,0.4097359699573022
-3700.2301150575186,3.398061623209724e-07,-3984.8872508552436,0.4097359699573022
-3699.449724862421,3.3738799241527156e-07,-3984.8872508552436,0.4097359699573022
-3698.6693346673237,3.3621120548370345e-07,-3984.8872508552436,0.4097359699573022
-3697.8889444722263,3.33829513973491e-07,-3984.8872508552436,0.4097359699573022
-3697.108554277129,3.326729962344448e-07,-3984.8872508552436,0.4097359699573022
-3696.3281640820305,3.303270761031878e-07,-3984.8872508552436,0.4097359699573022
-3695.547773886933,3.291903459525705e-07,-3984.8872508552436,0.4097359699573022
-3694.7673836918357,3.268795078288494e-07,-3984.8872508552436,0.4097359699573022
-3693.9869934967383,3.2576209698721347e-07,-3984.8872508552436,0.4097359699573022
-3693.206603301641,3.2348566860576006e-07,-3984.8872508552436,0.4097359699573022
-3692.4262131065425,3.223871216935469e-07,-3984.8872508552436,0.4097359699573022
-3691.645822911446,3.201444473754329e-07,-3984.8872508552436,0.4097359699573022
-3690.8654327163476,3.1906678407422665e-07,-3984.8872508552436,0.4097359699573022
-3690.08504252125,3.1686167768349655e-07,-3984.8872508552436,0.4097359699573022
-3689.304652326153,3.157950852635705e-07,-3984.8872508552436,0.4097359699573022
-3688.5242621310554,3.1362266374644524e-07,-3984.8872508552436,0.4097359699573022
-3687.743871935958,3.1257401144563477e-07,-3984.8872508552436,0.4097359699573022
-3686.9634817408596,3.104328999795085e-07,-3984.8872508552436,0.4097359699573022
-3686.183091545762,3.094014107234651e-07,-3984.8872508552436,0.4097359699573022
-3685.4027013506648,3.0729158840106294e-07,-3984.8872508552436,0.4097359699573022
-3684.6223111555673,3.0627686483169204e-07,-3984.8872508552436,0.4097359699573022
-3683.84192096047,3.0419775238398924e-07,-3984.8872508552436,0.4097359699573022
-3683.0615307653716,3.031994077835073e-07,-3984.8872508552436,0.4097359699573022
-3682.2811405702746,3.011504397902427e-07,-3984.8872508552436,0.4097359699573022
-3681.5007503751767,3.001680977523966e-07,-3984.8872508552436,0.4097359699573022
-3680.7203601800793,2.981486090787047e-07,-3984.8872508552436,0.4097359699573022
-3679.939969984982,2.9718169854872783e-07,-3984.8872508552436,0.4097359699573022
-3679.1595797898844,2.9519158481156446e-07,-3984.8872508552436,0.4097359699573022
-3678.379189594787,2.942399601822362e-07,-3984.8872508552436,0.4097359699573022
-3677.5987993996887,2.9227836721963085e-07,-3984.8872508552436,0.4097359699573022
-3676.8184092045913,2.9134168105100914e-07,-3984.8872508552436,0.4097359699573022
-3676.038019009494,2.894080950381933e-07,-3984.8872508552436,0.4097359699573022
-3675.2576288143964,2.8848600900086433e-07,-3984.8872508552436,0.4097359699573022
-3674.477238619299,2.8657992806972004e-07,-3984.8872508552436,0.4097359699573022
-3673.696848424201,2.856721126697944e-07,-3984.8872508552436,0.4097359699573022
-3672.9164582291037,2.837930465682882e-07,-3984.8872508552436,0.4097359699573022
-3672.136068034006,2.828991808819575e-07,-3984.8872508552436,0.4097359699573022
-3671.3556778389084,2.8104665064495457e-07,-3984.8872508552436,0.4097359699573022
-3670.575287643811,2.8016642206217925e-07,-3984.8872508552436,0.4097359699573022
-3669.794897448713,2.7833995969319096e-07,-3984.8872508552436,0.4097359699573022
-3669.0145072536156,2.774730636701707e-07,-3984.8872508552436,0.4097359699573022
-3668.2341170585178,2.756722118335848e-07,-3984.8872508552436,0.4097359699573022
-3667.4537268634203,2.748183516537163e-07,-3984.8872508552436,0.4097359699573022
-3666.673336668323,2.730426633771655e-07,-3984.8872508552436,0.4097359699573022
-3665.8929464732255,2.722015499201253e-07,-3984.8872508552436,0.4097359699573022
-3665.1125562781276,2.704505883065813e-07,-3984.8872508552436,0.4097359699573022
-3664.33216608303,2.696219398251951e-07,-3984.8872508552436,0.4097359699573022
-3663.5517758879328,2.6789527777442965e-07,-3984.8872508552436,0.4097359699573022
-3662.771385692835,2.67078818828613e-07,-3984.8872508552436,0.4097359699573022
-3661.9909954977375,2.653763255063142e-07,-3984.8872508552436,0.4097359699573022
-3661.2106053026396,2.645722451701998e-07,-3984.8872508552436,0.4097359699573022
-3660.430215107542,2.6289228972773327e-07,-3984.8872508552436,0.4097359699573022
-3659.6498249124447,2.6209899579564706e-07,-3984.8872508552436,0.4097359699573022
-3658.869434717347,2.604399231242092e-07,-3984.8872508552436,0.4097359699573022
-3658.08904452225,2.596615578641079e-07,-3984.8872508552436,0.4097359699573022
-3657.308654327152,2.5802788575661127e-07,-3984.8872508552436,0.4097359699573022
-3656.528264132054,2.572567758323833e-07,-3984.8872508552436,0.4097359699573022
-3655.7478739369567,2.5564372831316285e-07,-3984.8872508552436,0.4097359699573022
-3654.9674837418593,2.548860881219095e-07,-3984.8872508552436,0.4097359699573022
-3654.187093546762,2.532948731268459e-07,-3984.8872508552436,0.4097359699573022
-3653.406703351664,2.525480765557522e-07,-3984.8872508552436,0.4097359699573022
-3652.626313156566,2.5097845016855196e-07,-3984.8872508552436,0.4097359699573022
-3651.8459229614687,2.502420728956129e-07,-3984.8872508552436,0.4097359699573022
-3651.0655327663712,2.486936610880768e-07,-3984.8872508552436,0.4097359699573022
-3650.285142571274,2.479674962898825e-07,-3984.8872508552436,0.4097359699573022
-3649.504752376176,2.464399390006813e-07,-3984.8872508552436,0.4097359699573022
-3648.724362181079,2.4572378703085697e-07,-3984.8872508552436,0.4097359699573022
-3647.9439719859806,2.442167481777436e-07,-3984.8872508552436,0.4097359699573022
-3647.163581790883,2.435103852121038e-07,-3984.8872508552436,0.4097359699573022
-3646.383191595786,2.4202349066843457e-07,-3984.8872508552436,0.4097359699573022
-3645.6028014006883,2.413266397211728e-07,-3984.8872508552436,0.4097359699573022
-3644.822411205591,2.3985970587659664e-07,-3984.8872508552436,0.4097359699573022
-3644.0420210104926,2.391722323133876e-07,-3984.8872508552436,0.4097359699573022
-3643.261630815395,2.3772483164558812e-07,-3984.8872508552436,0.4097359699573022
-3642.4812406202977,2.3704653776561853e-07,-3984.8872508552436,0.4097359699573022
-3641.7008504252003,2.3561835505203657e-07,-3984.8872508552436,0.4097359699573022
-3640.920460230103,2.3494904795466212e-07,-3984.8872508552436,0.4097359699573022
-3640.1400700350055,2.3353977449576522e-07,-3984.8872508552436,0.4097359699573022
-3639.359679839908,2.3287926595043673e-07,-3984.8872508552436,0.4097359699573022
-3638.5792896448097,2.314885994007308e-07,-3984.8872508552436,0.4097359699573022
-3637.7988994497123,2.308367057212003e-07,-3984.8872508552436,0.4097359699573022
-3637.018509254615,2.294643499251995e-07,-3984.8872508552436,0.4097359699573022
-3636.2381190595174,2.288208918477932e-07,-3984.8872508552436,0.4097359699573022
-3635.45772886442,2.2746655668067598e-07,-3984.8872508552436,0.4097359699573022
-3634.6773386693217,2.2683140295882616e-07,-3984.8872508552436,0.4097359699573022
-3633.8969484742242,2.2549488322354305e-07,-3984.8872508552436,0.4097359699573022
-3633.116558279127,2.24867693677856e-07,-3984.8872508552436,0.4097359699573022
-3632.3361680840294,2.2354860045237887e-07,-3984.8872508552436,0.4097359699573022
-3631.555777888932,2.2292928267787897e-07,-3984.8872508552436,0.4097359699573022
-3630.7753876938345,2.2162742688851227e-07,-3984.8872508552436,0.4097359699573022
-3629.994997498737,2.2101590493082695e-07,-3984.8872508552436,0.4097359699573022
-3629.214607303639,2.1973082248098998e-07,-3984.8872508552436,0.4097359699573022
-3628.4342171085414,2.1912667147046994e-07,-3984.8872508552436,0.4097359699573022
-3627.653826913444,2.1785860539332593e-07,-3984.8872508552436,0.4097359699573022
-3626.8734367183465,2.172619081997921e-07,-3984.8872508552436,0.4097359699573022
-3626.093046523249,2.1601023213134806e-07,-3984.8872508552436,0.4097359699573022
-3625.3126563281508,2.1542129147245492e-07,-3984.8872508552436,0.4097359699573022
-3624.5322661330542,2.1418657297982005e-07,-3984.8872508552436,0.4097359699573022
-3623.751875937956,2.1360306075786406e-07,-3984.8872508552436,0.4097359699573022
-3622.9714857428585,2.1238341153164876e-07,-3984.8872508552436,0.4097359699573022
-3622.191095547761,2.1180818524864234e-07,-3984.8872508552436,0.4097359699573022
-3621.4107053526636,2.106041823847092e-07,-3984.8872508552436,0.4097359699573022
-3620.630315157566,2.100358280963162e-07,-3984.8872508552436,0.4097359699573022
-3619.849924962468,2.0884723301721292e-07,-3984.8872508552436,0.4097359699573022
-3619.0695347673704,2.082856845351554e-07,-3984.8872508552436,0.4097359699573022
-3618.289144572273,2.0711769284550803e-07,-3984.8872508552436,0.4097359699573022
-3617.5087543771756,2.065721410214817e-07,-3984.8872508552436,0.4097359699573022
-3616.728364182078,2.0540420978698844e-07,-3984.8872508552436,0.4097359699573022
-3615.9479739869807,2.0486512221131042e-07,-3984.8872508552436,0.4097359699573022
-3615.1675837918833,2.0371191699564922e-07,-3984.8872508552436,0.4097359699573022
-3614.387193596785,2.0317916594831208e-07,-3984.8872508552436,0.4097359699573022
-3613.6068034016876,2.0204046601307152e-07,-3984.8872508552436,0.4097359699573022
-3612.82641320659,2.0151392690210296e-07,-3984.8872508552436,0.4097359699573022
-3612.0460230114927,2.0038951545949052e-07,-3984.8872508552436,0.4097359699573022
-3611.2656328163953,1.9986906676984845e-07,-3984.8872508552436,0.4097359699573022
-3610.485242621297,1.987587308517708e-07,-3984.8872508552436,0.4097359699573022
-3609.7048524261995,1.98244254100959e-07,-3984.8872508552436,0.4097359699573022
-3608.924462231102,1.9714778442456372e-07,-3984.8872508552436,0.4097359699573022
-3608.1440720360047,1.9663916412574353e-07,-3984.8872508552436,0.4097359699573022
-3607.3636818409072,1.9555635495383848e-07,-3984.8872508552436,0.4097359699573022
-3606.58329164581,1.9505347858773825e-07,-3984.8872508552436,0.4097359699573022
-3605.8029014507124,1.939841275820043e-07,-3984.8872508552436,0.4097359699573022
-3605.022511255614,1.9348688557914954e-07,-3984.8872508552436,0.4097359699573022
-3604.2421210605166,1.9243082306593128e-07,-3984.8872508552436,0.4097359699573022
-3603.461730865419,1.9193916201026486e-07,-3984.8872508552436,0.4097359699573022
-3602.681340670322,1.9089607970453465e-07,-3984.8872508552436,0.4097359699573022
-3601.9009504752244,1.904098423400075e-07,-3984.8872508552436,0.4097359699573022
-3601.120560280126,1.893796303171212e-07,-3984.8872508552436,0.4097359699573022
-3600.3401700850295,1.8889871595301503e-07,-3984.8872508552436,0.4097359699573022
-3599.559779889931,1.8788118374915711e-07,-3984.8872508552436,0.4097359699573022
-3598.7793896948338,1.8740549472877116e-07,-3984.8872508552436,0.4097359699573022
-3597.9989994997363,1.864004543087999e-07,-3984.8872508552436,0.4097359699573022
-3597.218609304639,1.8592989609107112e-07,-3984.8872508552436,0.4097359699573022
-3596.4382191095415,1.8493716155996537e-07,-3984.8872508552436,0.4097359699573022
-3595.657828914443,1.8447164283997386e-07,-3984.8872508552436,0.4097359699573022
-3594.8774387193457,1.834910300934475e-07,-3984.8872508552436,0.4097359699573022
-3594.0970485242483,1.830304629742138e-07,-3984.8872508552436,0.4097359699573022
-3593.316658329151,1.8206178926452088e-07,-3984.8872508552436,0.4097359699573022
-3592.5362681340534,1.816060894977539e-07,-3984.8872508552436,0.4097359699573022
-3591.755877938955,1.8064917287952567e-07,-3984.8872508552436,0.4097359699573022
-3590.9754877438586,1.8019826020045149e-07,-3984.8872508552436,0.4097359699573022
-3590.1950975487603,1.792529188036248e-07,-3984.8872508552436,0.4097359699573022
-3589.414707353663,1.7880709714277386e-07,-3984.8872508552436,0.4097359699573022
-3588.6343171585654,1.778738349457307e-07,-3984.8872508552436,0.4097359699573022
-3587.853926963468,1.7743165420555522e-07,-3984.8872508552436,0.4097359699573022
-3587.0735367683706,1.7650972032288795e-07,-3984.8872508552436,0.4097359699573022
-3586.293146573272,1.760720097071861e-07,-3984.8872508552436,0.4097359699573022
-3585.512756378175,1.7516124229653403e-07,-3984.8872508552436,0.4097359699573022
-3584.7323661830774,1.7472792209966424e-07,-3984.8872508552436,0.4097359699573022
-3583.95197598798,1.7382816135012516e-07,-3984.8872508552436,0.4097359699573022
-3583.1715857928825,1.7339897120960604e-07,-3984.8872508552436,0.4097359699573022
-3582.391195597785,1.7250972795396023e-07,-3984.8872508552436,0.4097359699573022
-3581.610805402687,1.7208567855019223e-07,-3984.8872508552436,0.4097359699573022
-3580.8304152075893,1.7120782910572779e-07,-3984.8872508552436,0.4097359699573022
-3580.050025012492,1.7078687434420235e-07,-3984.8872508552436,0.4097359699573022
-3579.2696348173945,1.6991959390682986e-07,-3984.8872508552436,0.4097359699573022
-3578.489244622297,1.6950270735326388e-07,-3984.8872508552436,0.4097359699573022
-3577.7088544271996,1.6864584672544204e-07,-3984.8872508552436,0.4097359699573022
-3576.9284642321013,1.6823295786715487e-07,-3984.8872508552436,0.4097359699573022
-3576.148074037004,1.6738636947104347e-07,-3984.8872508552436,0.4097359699573022
-3575.3676838419065,1.6697741016629055e-07,-3984.8872508552436,0.4097359699573022
-3574.587293646809,1.661409478109522e-07,-3984.8872508552436,0.4097359699573022
-3573.8069034517116,1.6573585240257376e-07,-3984.8872508552436,0.4097359699573022
-3573.0265132566137,1.649093710020342e-07,-3984.8872508552436,0.4097359699573022
-3572.2461230615163,1.6450981638505454e-07,-3984.8872508552436,0.4097359699573022
-3571.4657328664184,1.6369631816996659e-07,-3984.8872508552436,0.4097359699573022
-3570.685342671321,1.6329570677269345e-07,-3984.8872508552436,0.4097359699573022
-3569.9049524762236,1.62492062084574e-07,-3984.8872508552436,0.4097359699573022
-3569.124562281126,1.6209498235575043e-07,-3984.8872508552436,0.4097359699573022
-3568.3441720860283,1.6130106302807185e-07,-3984.8872508552436,0.4097359699573022
-3567.5637818909304,1.6090744711337844e-07,-3984.8872508552436,0.4097359699573022
-3566.7833916958334,1.6012312715309196e-07,-3984.8872508552436,0.4097359699573022
-3566.0030015007355,1.5973290860235382e-07,-3984.8872508552436,0.4097359699573022
-3565.222611305638,1.5895806414607507e-07,-3984.8872508552436,0.4097359699573022
-3564.4422211105402,1.585711778790866e-07,-3984.8872508552436,0.4097359699573022
-3563.661830915443,1.5780568715034401e-07,-3984.8872508552436,0.4097359699573022
-3562.8814407203454,1.5742206942349906e-07,-3984.8872508552436,0.4097359699573022
-3562.1010505252475,1.5666581269115148e-07,-3984.8872508552436,0.4097359699573022
-3561.32066033015,1.5628443488949734e-07,-3984.8872508552436,0.4097359699573022
-3560.540270135052,1.555355471382086e-07,-3984.8872508552436,0.4097359699573022
-3559.7598799399548,1.5515999250083752e-07,-3984.8872508552436,0.4097359699573022
-3558.9794897448573,1.544200415400001e-07,-3984.8872508552436,0.4097359699573022
-3558.1990995497595,1.540476347863636e-07,-3984.8872508552436,0.4097359699573022
-3557.4187093546625,1.5331650525818679e-07,-3984.8872508552436,0.4097359699573022
-3556.6383191595646,1.5294718918644804e-07,-3984.8872508552436,0.4097359699573022
-3555.8579289644667,1.522247676030519e-07,-3984.8872508552436,0.4097359699573022
-3555.0775387693693,1.518584862115327e-07,-3984.8872508552436,0.4097359699573022
-3554.297148574272,1.5114466091674395e-07,-3984.8872508552436,0.4097359699573022
-3553.5167583791745,1.5078135937680203e-07,-3984.8872508552436,0.4097359699573022
-3552.7363681840766,1.5007602050888333e-07,-3984.8872508552436,0.4097359699573022
-3551.9559779889787,1.497156451384763e-07,-3984.8872508552436,0.4097359699573022
-3551.1755877938813,1.4901868459374017e-07,-3984.8872508552436,0.4097359699573022
-3550.395197598784,1.4866118283165282e-07,-3984.8872508552436,0.4097359699573022
-3549.6148074036864,1.4797249422897626e-07,-3984.8872508552436,0.4097359699573022
-3548.834417208589,1.476178146097283e-07,-3984.8872508552436,0.4097359699573022
-3548.0540270134916,1.4693729325587933e-07,-3984.8872508552436,0.4097359699573022
-3547.2736368183932,1.4658538538523228e-07,-3984.8872508552436,0.4097359699573022
-3546.493246623296,1.4591292824106846e-07,-3984.8872508552436,0.4097359699573022
-3545.7128564281984,1.4556374277217062e-07,-3984.8872508552436,0.4097359699573022
-3544.932466233101,1.4489924841959096e-07,-3984.8872508552436,0.4097359699573022
-3544.1520760380035,1.4455273702972316e-07,-3984.8872508552436,0.4097359699573022
-3543.371685842905,1.438961056394556e-07,-3984.8872508552436,0.4097359699573022
-3542.591295647808,1.4355222100733223e-07,-3984.8872508552436,0.4097359699573022
-3541.8109054527104,1.4290335430743662e-07,-3984.8872508552436,0.4097359699573022
-3541.030515257613,1.4256205009110837e-07,-3984.8872508552436,0.4097359699573022
-3540.2501250625155,1.419208513362429e-07,-3984.8872508552436,0.4097359699573022
-3539.469734867418,1.4158208215152242e-07,-3984.8872508552436,0.4097359699573022
-3538.6893446723207,1.409484560929222e-07,-3984.8872508552436,0.4097359699573022
-3537.9089544772223,1.4061217749235047e-07,-3984.8872508552436,0.4097359699573022
-3537.128564282125,1.39986030348528e-07,-3984.8872508552436,0.4097359699573022
-3536.3481740870275,1.396521988008556e-07,-3984.8872508552436,0.4097359699573022
-3535.56778389193,1.390281084827919e-07,-3984.8872508552436,0.4097359699573022
-3534.7873936968326,1.3868704272397544e-07,-3984.8872508552436,0.4097359699573022
-3534.0070035017343,1.38085227279244e-07,-3984.8872508552436,0.4097359699573022
-3533.226613306638,1.377465438170375e-07,-3984.8872508552436,0.4097359699573022
-3532.4462231115394,1.3715191490552578e-07,-3984.8872508552436,0.4097359699573022
-3531.665832916442,1.3681557298298796e-07,-3984.8872508552436,0.4097359699573022
-3530.8854427213446,1.3622804226752224e-07,-3984.8872508552436,0.4097359699573022
-3530.105052526247,1.3589400196463192e-07,-3984.8872508552436,0.4097359699573022
-3529.3246623311497,1.353134824407492e-07,-3984.8872508552436,0.4097359699573022
-3528.5442721360514,1.3498170465632035e-07,-3984.8872508552436,0.4097359699573022
-3527.763881940954,1.3440811062675234e-07,-3984.8872508552436,0.4097359699573022
-3526.9834917458566,1.340785570607692e-07,-3984.8872508552436,0.4097359699573022
-3526.203101550759,1.335118041105033e-07,-3984.8872508552436,0.4097359699573022
-3525.4227113556617,1.3318443724689582e-07,-3984.8872508552436,0.4097359699573022
-3524.6423211605634,1.3262444221881672e-07,-3984.8872508552436,0.4097359699573022
-3523.861930965467,1.3229922530862086e-07,-3984.8872508552436,0.4097359699573022
-3523.0815407703685,1.3174590627969269e-07,-3984.8872508552436,0.4097359699573022
-3522.301150575271,1.3142280332465354e-07,-3984.8872508552436,0.4097359699573022
-3521.5207603801737,1.308760795826328e-07,-3984.8872508552436,0.4097359699573022
-3520.7403701850762,1.3055505531916708e-07,-3984.8872508552436,0.4097359699573022
-3519.959979989979,1.3001484733985264e-07,-3984.8872508552436,0.4097359699573022
-3519.1795897948805,1.29695867223421e-07,-3984.8872508552436,0.4097359699573022
-3518.399199599783,1.2916209664841577e-07,-3984.8872508552436,0.4097359699573022
-3517.6188094046856,1.288451268382332e-07,-3984.8872508552436,0.4097359699573022
-3516.838419209588,1.2831771645318285e-07,-3984.8872508552436,0.4097359699573022
-3516.058029014491,1.280027237973311e-07,-3984.8872508552436,0.4097359699573022
-3515.2776388193934,1.2748159751066796e-07,-3984.8872508552436,0.4097359699573022
-3514.497248624296,1.271685495315105e-07,-3984.8872508552436,0.4097359699573022
-3513.7168584291976,1.2665411673239745e-07,-3984.8872508552436,0.4097359699573022
-3512.9364682341,1.2634385759164303e-07,-3984.8872508552436,0.4097359699573022
-3512.1560780390028,1.258341964904248e-07,-3984.8872508552436,0.4097359699573022
-3511.3756878439053,1.2552581334985308e-07,-3984.8872508552436,0.4097359699573022
-3510.595297648808,1.2502222033424894e-07,-3984.8872508552436,0.4097359699573022
-3509.8149074537096,1.247156827333617e-07,-3984.8872508552436,0.4097359699573022
-3509.034517258612,1.242180859207113e-07,-3984.8872508552436,0.4097359699573022
-3508.2541270635147,1.2391336401724266e-07,-3984.8872508552436,0.4097359699573022
-3507.4737368684173,1.2342137706788357e-07,-3984.8872508552436,0.4097359699573022
-3506.69334667332,1.2311787108950156e-07,-3984.8872508552436,0.4097359699573022
-3505.9129564782224,1.226326269543717e-07,-3984.8872508552436,0.4097359699573022
-3505.132566283125,1.2233088115214454e-07,-3984.8872508552436,0.4097359699573022
-3504.3521760880267,1.2185142127587028e-07,-3984.8872508552436,0.4097359699573022
-3503.5717858929293,1.215514075697418e-07,-3984.8872508552436,0.4097359699573022
-3502.791395697832,1.2107766407377317e-07,-3984.8872508552436,0.4097359699573022
-3502.0110055027344,1.20779354952252e-07,-3984.8872508552436,0.4097359699573022
-3501.230615307637,1.203112609101651e-07,-3984.8872508552436,0.4097359699573022
-3500.4502251125386,1.2001462941858583e-07,-3984.8872508552436,0.4097359699573022
-3499.669834917442,1.1955211883901934e-07,-3984.8872508552436,0.4097359699573022
-3498.889444722344,1.1925713856802476e-07,-3984.8872508552436,0.4097359699573022
-3498.1090545272464,1.1880014637799377e-07,-3984.8872508552436,0.4097359699573022
-3497.328664332149,1.185067914523088e-07,-3984.8872508552436,0.4097359699573022
-3496.5482741370515,1.1805525348085012e-07,-3984.8872508552436,0.4097359699573022
-3495.767883941954,1.1776349854830474e-07,-3984.8872508552436,0.4097359699573022
-3494.9874937468558,1.173173515104958e-07,-3984.8872508552436,0.4097359699573022
-3494.2071035517583,1.1702717173129642e-07,-3984.8872508552436,0.4097359699573022
-3493.426713356661,1.1658635321260345e-07,-3984.8872508552436,0.4097359699573022
-3492.6463231615635,1.1629772424883328e-07,-3984.8872508552436,0.4097359699573022
-3491.865932966466,1.1586217268980145e-07,-3984.8872508552436,0.4097359699573022
-3491.0855427713677,1.1557507069518673e-07,-3984.8872508552436,0.4097359699573022
-3490.305152576271,1.1514472537642172e-07,-3984.8872508552436,0.4097359699573022
-3489.524762381173,1.1485912698630531e-07,-3984.8872508552436,0.4097359699573022
-3488.7443721860755,1.1443392801381498e-07,-3984.8872508552436,0.4097359699573022
-3487.963981990978,1.1414981033536275e-07,-3984.8872508552436,0.4097359699573022
-3487.1835917958806,1.1372969862617626e-07,-3984.8872508552436,0.4097359699573022
-3486.403201600783,1.1344641544846182e-07,-3984.8872508552436,0.4097359699573022
-3485.622811405685,1.1303020463522291e-07,-3984.8872508552436,0.4097359699573022
-3484.8424212105874,1.1275011325828083e-07,-3984.8872508552436,0.4097359699573022
-3484.06203101549,1.12338880494564e-07,-3984.8872508552436,0.4097359699573022
-3483.2816408203926,1.120601972911189e-07,-3984.8872508552436,0.4097359699573022
-3482.501250625295,1.1165388580613836e-07,-3984.8872508552436,0.4097359699573022
-3481.7208604301977,1.1137658971481442e-07,-3984.8872508552436,0.4097359699573022
-3480.9404702351003,1.1097514349457954e-07,-3984.8872508552436,0.4097359699573022
-3480.160080040002,1.1069921387968392e-07,-3984.8872508552436,0.4097359699573022
-3479.3796898449045,1.1030257765408948e-07,-3984.8872508552436,0.4097359699573022
-3478.599299649807,1.1002799429705922e-07,-3984.8872508552436,0.4097359699573022
-3477.8189094547097,1.0963611352717276e-07,-3984.8872508552436,0.4097359699573022
-3477.0385192596123,1.093628566182152e-07,-3984.8872508552436,0.4097359699573022
-3476.258129064514,1.0897567748388993e-07,-3984.8872508552436,0.4097359699573022
-3475.4777388694165,1.0870372761378602e-07,-3984.8872508552436,0.4097359699573022
-3474.697348674319,1.0832119700147992e-07,-3984.8872508552436,0.4097359699573022
-3473.9169584792216,1.0805053515358519e-07,-3984.8872508552436,0.4097359699573022
-3473.136568284124,1.0767260064446648e-07,-3984.8872508552436,0.4097359699573022
-3472.3561780890263,1.0740320818688233e-07,-3984.8872508552436,0.4097359699573022
-3471.575787893929,1.070298180451271e-07,-3984.8872508552436,0.4097359699573022
-3470.795397698831,1.0676167672304154e-07,-3984.8872508552436,0.4097359699573022
-3470.0150075037336,1.0639277988443489e-07,-3984.8872508552436,0.4097359699573022
-3469.234617308636,1.0612587181262009e-07,-3984.8872508552436,0.4097359699573022
-3468.4542271135388,1.0576141787332425e-07,-3984.8872508552436,0.4097359699573022
-3467.673836918441,1.0549572552881632e-07,-3984.8872508552436,0.4097359699573022
-3466.893446723343,1.051356647344139e-07,-3984.8872508552436,0.4097359699573022
-3466.113056528246,1.0487117094932886e-07,-3984.8872508552436,0.4097359699573022
-3465.332666333148,1.0451545418404463e-07,-3984.8872508552436,0.4097359699573022
-3464.5522761380507,1.042521421385618e-07,-3984.8872508552436,0.4097359699573022
-3463.771885942953,1.0390072091474398e-07,-3984.8872508552436,0.4097359699573022
-3462.9914957478554,1.0363857413023711e-07,-3984.8872508552436,0.4097359699573022
-3462.211105552758,1.0329140057800688e-07,-3984.8872508552436,0.4097359699573022
-3461.43071535766,1.0303040291032451e-07,-3984.8872508552436,0.4097359699573022
-3460.6503251625627,1.026874252463589e-07,-3984.8872508552436,0.4097359699573022
-3459.8699349674653,1.0242755270300141e-07,-3984.8872508552436,0.4097359699573022
-3459.0895447723674,1.0208874139669885e-07,-3984.8872508552436,0.4097359699573022
-3458.30915457727,1.0182998650619103e-07,-3984.8872508552436,0.4097359699573022
-3457.528764382172,1.0149528302211519e-07,-3984.8872508552436,0.4097359699573022
-3456.748374187075,1.0123763060648215e-07,-3984.8872508552436,0.4097359699573022
-3455.9679839919772,1.0090698944492832e-07,-3984.8872508552436,0.4097359699573022
-3455.1875937968794,1.0065042463516488e-07,-3984.8872508552436,0.4097359699573022
-3454.407203601782,1.0032380086555113e-07,-3984.8872508552436,0.4097359699573022
-3453.6268134066845,1.0006830909558502e-07,-3984.8872508552436,0.4097359699573022
-3452.846423211587,9.974565834729823e-08,-3984.8872508552436,0.4097359699573022
-3452.066033016489,9.949122534807257e-08,-3984.8872508552436,0.4097359699573022
-3451.2856428213913,9.917250380148132e-08,-3984.8872508552436,0.4097359699573022
-3450.505252626294,9.891911559516395e-08,-3984.8872508552436,0.4097359699573022
-3449.7248624311965,9.86042799728074e-08,-3984.8872508552436,0.4097359699573022
-3448.944472236099,9.835192286712757e-08,-3984.8872508552436,0.4097359699573022
-3448.1640820410016,9.80409304250796e-08,-3984.8872508552436,0.4097359699573022
-3447.383691845904,9.778959100777995e-08,-3984.8872508552436,0.4097359699573022
-3446.603301650806,9.748239952717114e-08,-3984.8872508552436,0.4097359699573022
-3445.8229114557084,9.723206466057083e-08,-3984.8872508552436,0.4097359699573022
-3445.042521260611,9.692863243929012e-08,-3984.8872508552436,0.4097359699573022
-3444.2621310655136,9.667928925496047e-08,-3984.8872508552436,0.4097359699573022
-3443.481740870416,9.63795750995023e-08,-3984.8872508552436,0.4097359699573022
-3442.701350675318,9.613121099306472e-08,-3984.8872508552436,0.4097359699573022
-3441.9209604802204,9.58351742105366e-08,-3984.8872508552436,0.4097359699573022
-3441.140570285123,9.558777683655265e-08,-3984.8872508552436,0.4097359699573022
-3440.3601800900256,9.529537722684387e-08,-3984.8872508552436,0.4097359699573022
-3439.579789894928,9.50489344938176e-08,-3984.8872508552436,0.4097359699573022
-3438.7993996998307,9.476028450753351e-08,-3984.8872508552436,0.4097359699573022
-3438.0190095047333,9.45150597583634e-08,-3984.8872508552436,0.4097359699573022
-3437.238619309635,9.422954079751395e-08,-3984.8872508552436,0.4097359699573022
-3436.4582291145375,9.398524753094216e-08,-3984.8872508552436,0.4097359699573022
-3435.67783891944,9.370324773318244e-08,-3984.8872508552436,0.4097359699573022
-3434.8974487243427,9.345987457678238e-08,-3984.8872508552436,0.4097359699573022
-3434.1170585292452,9.318135565153378e-08,-3984.8872508552436,0.4097359699573022
-3433.336668334147,9.29388914679516e-08,-3984.8872508552436,0.4097359699573022
-3432.5562781390504,9.266381558028491e-08,-3984.8872508552436,0.4097359699573022
-3431.775887943952,9.242224946273844e-08,-3984.8872508552436,0.4097359699573022
-3430.9954977488546,9.21505792263849e-08,-3984.8872508552436,0.4097359699573022
-3430.215107553757,9.190990049423798e-08,-3984.8872508552436,0.4097359699573022
-3429.43471735866,9.164159896473709e-08,-3984.8872508552436,0.4097359699573022
-3428.6543271635624,9.140179715916745e-08,-3984.8872508552436,0.4097359699573022
-3427.873936968464,9.113682782714539e-08,-3984.8872508552436,0.4097359699573022
-3427.0935467733666,9.089789270692191e-08,-3984.8872508552436,0.4097359699573022
-3426.313156578269,9.063621949147568e-08,-3984.8872508552436,0.4097359699573022
-3425.5327663831717,9.039814102877286e-08,-3984.8872508552436,0.4097359699573022
-3424.7523761880743,9.013972827101603e-08,-3984.8872508552436,0.4097359699573022
-3423.971985992977,8.990249664736332e-08,-3984.8872508552436,0.4097359699573022
-3423.1915957978795,8.964735569415684e-08,-3984.8872508552436,0.4097359699573022
-3422.411205602781,8.941104555276071e-08,-3984.8872508552436,0.4097359699573022
-3421.6308154076837,8.915880970415022e-08,-3984.8872508552436,0.4097359699573022
-3420.8504252125863,8.892304809741068e-08,-3984.8872508552436,0.4097359699573022
-3420.070035017489,8.867450974751326e-08,-3984.8872508552436,0.4097359699573022
-3419.2896448223914,8.843971421044625e-08,-3984.8872508552436,0.4097359699573022
-3418.509254627293,8.81939089153756e-08,-3984.8872508552436,0.4097359699573022
-3417.7288644321957,8.796010406516565e-08,-3984.8872508552436,0.4097359699573022
-3416.9484742370983,8.771747304412691e-08,-3984.8872508552436,0.4097359699573022
-3416.168084042001,8.748433539087727e-08,-3984.8872508552436,0.4097359699573022
-3415.3876938469034,8.724475938836519e-08,-3984.8872508552436,0.4097359699573022
-3414.607303651806,8.701241384161371e-08,-3984.8872508552436,0.4097359699573022
-3413.8269134567086,8.677585998118281e-08,-3984.8872508552436,0.4097359699573022
-3413.04652326161,8.654429808047478e-08,-3984.8872508552436,0.4097359699573022
-3412.266133066513,8.631073385999255e-08,-3984.8872508552436,0.4097359699573022
-3411.4857428714154,8.607994732442031e-08,-3984.8872508552436,0.4097359699573022
-3410.705352676318,8.58493406105766e-08,-3984.8872508552436,0.4097359699573022
-3409.9249624812205,8.561932133538392e-08,-3984.8872508552436,0.4097359699573022
-3409.144572286122,8.539164035831217e-08,-3984.8872508552436,0.4097359699573022
-3408.3641820910257,8.516238041155427e-08,-3984.8872508552436,0.4097359699573022
-3407.5837918959273,8.493759375954e-08,-3984.8872508552436,0.4097359699573022
-3406.80340170083,8.470908537881228e-08,-3984.8872508552436,0.4097359699573022
-3406.0230115057325,8.448716199311595e-08,-3984.8872508552436,0.4097359699573022
-3405.242621310635,8.425939758235378e-08,-3984.8872508552436,0.4097359699573022
-3404.462231115537,8.404030675209472e-08,-3984.8872508552436,0.4097359699573022
-3403.6818409204398,8.381327887842326e-08,-3984.8872508552436,0.4097359699573022
-3402.901450725342,8.359699023559125e-08,-3984.8872508552436,0.4097359699573022
-3402.1210605302444,8.337069162624098e-08,-3984.8872508552436,0.4097359699573022
-3401.340670335147,8.315717514076689e-08,-3984.8872508552436,0.4097359699573022
-3400.5602801400496,8.29315986800572e-08,-3984.8872508552436,0.4097359699573022
-3399.7798899449517,8.272082465499102e-08,-3984.8872508552436,0.4097359699573022
-3398.9994997498543,8.249596338135737e-08,-3984.8872508552436,0.4097359699573022
-3398.2191095547564,8.228790244812005e-08,-3984.8872508552436,0.4097359699573022
-3397.438719359659,8.206409785588695e-08,-3984.8872508552436,0.4097359699573022
-3396.6583291645616,8.185935086445839e-08,-3984.8872508552436,0.4097359699573022
-3395.877938969464,8.163526750597291e-08,-3984.8872508552436,0.4097359699573022
-3395.0975487743663,8.143317170984924e-08,-3984.8872508552436,0.4097359699573022
-3394.317158579269,8.120978769275026e-08,-3984.8872508552436,0.4097359699573022
-3393.536768384171,8.101031471188156e-08,-3984.8872508552436,0.4097359699573022
-3392.7563781890735,8.078762363136395e-08,-3984.8872508552436,0.4097359699573022
-3391.975987993976,8.059074539563998e-08,-3984.8872508552436,0.4097359699573022
-3391.1955977988787,8.036873869595663e-08,-3984.8872508552436,0.4097359699573022
-3390.4152076037813,8.017442329705807e-08,-3984.8872508552436,0.4097359699573022
-3389.6348174086834,7.995310367407293e-08,-3984.8872508552436,0.4097359699573022
-3388.8544272135855,7.976132796624876e-08,-3984.8872508552436,0.4097359699573022
-3388.074037018488,7.954068272270682e-08,-3984.8872508552436,0.4097359699573022
-3387.2936468233906,7.935141953808364e-08,-3984.8872508552436,0.4097359699573022
-3386.513256628293,7.913144281702335e-08,-3984.8872508552436,0.4097359699573022
-3385.732866433196,7.894466528078004e-08,-3984.8872508552436,0.4097359699573022
-3384.952476238098,7.872535135534794e-08,-3984.8872508552436,0.4097359699573022
-3384.172086043,7.854103288169454e-08,-3984.8872508552436,0.4097359699573022
-3383.3916958479026,7.832237615269778e-08,-3984.8872508552436,0.4097359699573022
-3382.611305652805,7.814049044088437e-08,-3984.8872508552436,0.4097359699573022
-3381.8309154577078,7.792248543438474e-08,-3984.8872508552436,0.4097359699573022
-3381.0505252626103,7.774300646480497e-08,-3984.8872508552436,0.4097359699573022
-3380.2701350675125,7.752564782975142e-08,-3984.8872508552436,0.4097359699573022
-3379.4897448724146,7.734854986011363e-08,-3984.8872508552436,0.4097359699573022
-3378.709354677317,7.713183236604598e-08,-3984.8872508552436,0.4097359699573022
-3377.9289644822197,7.697065561128982e-08,-3984.8872508552436,0.4097359699573022
-3377.1485742871223,7.67791071329714e-08,-3984.8872508552436,0.4097359699573022
-3376.368184092025,7.658214385529654e-08,-3984.8872508552436,0.4097359699573022
-3375.587793896927,7.639119352374196e-08,-3984.8872508552436,0.4097359699573022
-3374.8074037018296,7.619656762117633e-08,-3984.8872508552436,0.4097359699573022
-3374.0270135067317,7.60062089078257e-08,-3984.8872508552436,0.4097359699573022
-3373.2466233116343,7.58138973050906e-08,-3984.8872508552436,0.4097359699573022
-3372.466233116537,7.560654138140689e-08,-3984.8872508552436,0.4097359699573022
-3371.6858429214394,8.239944979039393e-08,-3984.8872508552436,0.4097359699573022
-3370.9054527263415,9.492794398236121e-08,-3984.8872508552436,0.4097359699573022
-3370.125062531244,7.500791044522353e-08,-3984.8872508552436,0.4097359699573022
-3369.3446723361462,7.485104697972989e-08,-3984.8872508552436,0.4097359699573022
-3368.564282141049,7.463391730772814e-08,-3984.8872508552436,0.4097359699573022
-3367.7838919459514,7.447753379125166e-08,-3984.8872508552436,0.4097359699573022
-3367.0035017508535,7.426271674753317e-08,-3984.8872508552436,0.4097359699573022
-3366.223111555756,7.410680529766465e-08,-3984.8872508552436,0.4097359699573022
-3365.4427213606587,7.389428078890974e-08,-3984.8872508552436,0.4097359699573022
-3364.6623311655608,7.373883327839924e-08,-3984.8872508552436,0.4097359699573022
-3363.8819409704633,7.352866087863718e-08,-3984.8872508552436,0.4097359699573022
-3363.1015507753655,7.337381194333162e-08,-3984.8872508552436,0.4097359699573022
-3362.321160580268,7.31656154509449e-08,-3984.8872508552436,0.4097359699573022
-3361.5407703851706,7.30111119733257e-08,-3984.8872508552436,0.4097359699573022
-3360.7603801900727,7.280528544973389e-08,-3984.8872508552436,0.4097359699573022
-3359.9799899949753,7.265117770601577e-08,-3984.8872508552436,0.4097359699573022
-3359.199599799878,7.245264502803681e-08,-3984.8872508552436,0.4097359699573022
-3358.41920960478,7.230802675307395e-08,-3984.8872508552436,0.4097359699573022
-3357.6388194096826,7.209758493562698e-08,-3984.8872508552436,0.4097359699573022
-3356.858429214585,7.195331501359661e-08,-3984.8872508552436,0.4097359699573022
-3356.0780390194873,7.174513430076177e-08,-3984.8872508552436,0.4097359699573022
-3355.29764882439,7.160121332692921e-08,-3984.8872508552436,0.4097359699573022
-3354.517258629292,7.139526691851997e-08,-3984.8872508552436,0.4097359699573022
-3353.7368684341945,7.125169426370966e-08,-3984.8872508552436,0.4097359699573022
-3352.956478239097,7.104795695452337e-08,-3984.8872508552436,0.4097359699573022
-3352.1760880439997,7.090473087239377e-08,-3984.8872508552436,0.4097359699573022
-3351.395697848902,7.070317891921842e-08,-3984.8872508552436,0.4097359699573022
-3350.6153076538044,7.056029661525795e-08,-3984.8872508552436,0.4097359699573022
-3349.8349174587065,7.036090764972438e-08,-3984.8872508552436,0.4097359699573022
-3349.054527263609,7.02183653254581e-08,-3984.8872508552436,0.4097359699573022
-3348.2741370685117,7.002111829856775e-08,-3984.8872508552436,0.4097359699573022
-3347.4937468734142,6.987891118332206e-08,-3984.8872508552436,0.4097359699573022
-3346.7133566783164,6.968302479364978e-08,-3984.8872508552436,0.4097359699573022
-3345.9329664832185,6.953976997001486e-08,-3984.8872508552436,0.4097359699573022
-3345.152576288121,6.934985641450558e-08,-3984.8872508552436,0.4097359699573022
-3344.3721860930236,6.921005389516201e-08,-3984.8872508552436,0.4097359699573022
-3343.591795897926,6.901675800758203e-08,-3984.8872508552436,0.4097359699573022
-3342.811405702829,6.887616985149308e-08,-3984.8872508552436,0.4097359699573022
-3342.031015507731,6.868655373281765e-08,-3984.8872508552436,0.4097359699573022
-3341.2506253126335,6.85460912629237e-08,-3984.8872508552436,0.4097359699573022
-3340.4702351175356,6.835878244671514e-08,-3984.8872508552436,0.4097359699573022
-3339.689844922438,6.821856441148791e-08,-3984.8872508552436,0.4097359699573022
-3338.9094547273407,6.80333758241956e-08,-3984.8872508552436,0.4097359699573022
-3338.1290645322433,6.789343830000737e-08,-3984.8872508552436,0.4097359699573022
-3337.3486743371454,6.771029929944781e-08,-3984.8872508552436,0.4097359699573022
-3336.568284142048,6.757065625613199e-08,-3984.8872508552436,0.4097359699573022
-3335.78789394695,6.738952616580098e-08,-3984.8872508552436,0.4097359699573022
-3335.0075037518527,6.725018319984177e-08,-3984.8872508552436,0.4097359699573022
-3334.2271135567553,6.707103248601799e-08,-3984.8872508552436,0.4097359699573022
-3333.446723361658,6.693199135598127e-08,-3984.8872508552436,0.4097359699573022
-3332.66633316656,6.67547956069771e-08,-3984.8872508552436,0.4097359699573022
-3331.8859429714626,6.661605608956672e-08,-3984.8872508552436,0.4097359699573022
-3331.1055527763647,6.644079361351492e-08,-3984.8872508552436,0.4097359699573022
-3330.3251625812673,6.630235437848026e-08,-3984.8872508552436,0.4097359699573022
-3329.54477238617,6.612900509334066e-08,-3984.8872508552436,0.4097359699573022
-3328.7643821910724,6.599086415970945e-08,-3984.8872508552436,0.4097359699573022
-3327.983991995975,6.581940902313876e-08,-3984.8872508552436,0.4097359699573022
-3327.203601800877,6.568156401588921e-08,-3984.8872508552436,0.4097359699573022
-3326.423211605779,6.55119847078599e-08,-3984.8872508552436,0.4097359699573022
-3325.642821410682,6.537443301108146e-08,-3984.8872508552436,0.4097359699573022
-3324.8624312155844,6.520671174560368e-08,-3984.8872508552436,0.4097359699573022
-3324.082041020487,6.506945059826017e-08,-3984.8872508552436,0.4097359699573022
-3323.3016508253895,6.490357000567665e-08,-3984.8872508552436,0.4097359699573022
-3322.5212606302916,6.476659656381584e-08,-3984.8872508552436,0.4097359699573022
-3321.7408704351938,6.460253961394227e-08,-3984.8872508552436,0.4097359699573022
-3320.9604802400963,6.446585099235013e-08,-3984.8872508552436,0.4097359699573022
-3320.180090044999,6.430360094234412e-08,-3984.8872508552436,0.4097359699573022
-3319.3996998499015,6.416719424316316e-08,-3984.8872508552436,0.4097359699573022
-3318.619309654804,6.400673460100233e-08,-3984.8872508552436,0.4097359699573022
-3317.838919459706,6.387060693379133e-08,-3984.8872508552436,0.4097359699573022
-3317.0585292646083,6.371183116851303e-08,-3984.8872508552436,0.4097359699573022
-3316.278139069511,6.357581642694118e-08,-3984.8872508552436,0.4097359699573022
-3315.4977488744134,6.341905230834048e-08,-3984.8872508552436,0.4097359699573022
-3314.717358679316,6.328331101675319e-08,-3984.8872508552436,0.4097359699573022
-3313.9369684842186,6.312828886626779e-08,-3984.8872508552436,0.4097359699573022
-3313.1565782891207,6.299281802309601e-08,-3984.8872508552436,0.4097359699573022
-3312.3761880940233,6.283850116848229e-08,-3984.8872508552436,0.4097359699573022
-3311.5957978989254,6.270145105094649e-08,-3984.8872508552436,0.4097359699573022
-3310.815407703828,6.255171655179991e-08,-3984.8872508552436,0.4097359699573022
-3310.0350175087306,6.241493689668387e-08,-3984.8872508552436,0.4097359699573022
-3309.254627313633,6.22668925554797e-08,-3984.8872508552436,0.4097359699573022
-3308.4742371185353,6.213038057732098e-08,-3984.8872508552436,0.4097359699573022
-3307.693846923438,6.198401132876121e-08,-3984.8872508552436,0.4097359699573022
-3306.91345672834,6.184776431257976e-08,-3984.8872508552436,0.4097359699573022
-3306.1330665332425,6.170305522352286e-08,-3984.8872508552436,0.4097359699573022
-3305.352676338145,6.156707052364666e-08,-3984.8872508552436,0.4097359699573022
-3304.5722861430477,6.14240067915359e-08,-3984.8872508552436,0.4097359699573022
-3303.79189594795,6.128828183045361e-08,-3984.8872508552436,0.4097359699573022
-3303.0115057528524,6.114684878174471e-08,-3984.8872508552436,0.4097359699573022
-3302.2311155577545,6.101138104894728e-08,-3984.8872508552436,0.4097359699573022
-3301.450725362657,6.087156413759912e-08,-3984.8872508552436,0.4097359699573022
-3300.6703351675596,6.073635118848182e-08,-3984.8872508552436,0.4097359699573022
-3299.889944972462,6.059813599443301e-08,-3984.8872508552436,0.4097359699573022
-3299.1095547773643,6.046317544918934e-08,-3984.8872508552436,0.4097359699573022
-3298.329164582267,6.032654767688946e-08,-3984.8872508552436,0.4097359699573022
-3297.548774387169,6.019183721942685e-08,-3984.8872508552436,0.4097359699573022
-3296.7683841920716,6.005678269636534e-08,-3984.8872508552436,0.4097359699573022
-3295.987993996974,5.992232007322852e-08,-3984.8872508552436,0.4097359699573022
-3295.2076038018768,5.978882474850584e-08,-3984.8872508552436,0.4097359699573022
-3294.4272136067793,5.965460776784215e-08,-3984.8872508552436,0.4097359699573022
-3293.6468234116815,5.952265771074906e-08,-3984.8872508552436,0.4097359699573022
-3292.8664332165836,5.9388684241268105e-08,-3984.8872508552436,0.4097359699573022
-3292.086043021486,5.925826563990525e-08,-3984.8872508552436,0.4097359699573022
-3291.3056528263887,5.912453360986545e-08,-3984.8872508552436,0.4097359699573022
-3290.5252626312913,5.8995632769750796e-08,-3984.8872508552436,0.4097359699573022
-3289.744872436194,5.886214016595411e-08,-3984.8872508552436,0.4097359699573022
-3288.964482241096,5.873474350868962e-08,-3984.8872508552436,0.4097359699573022
-3288.184092045998,5.860148837549853e-08,-3984.8872508552436,0.4097359699573022
-3287.4037018509007,5.847558243743067e-08,-3984.8872508552436,0.4097359699573022
-3286.6233116558033,5.8342562875800053e-08,-3984.8872508552436,0.4097359699573022
-3285.842921460706,5.8218134306718335e-08,-3984.8872508552436,0.4097359699573022
-3285.0625312656084,5.8085348473245274e-08,-3984.8872508552436,0.4097359699573022
-3284.2821410705105,5.79623840350884e-08,-3984.8872508552436,0.4097359699573022
-3283.5017508754127,5.782983014105852e-08,-3984.8872508552436,0.4097359699573022
-3282.7213606803152,5.7708316706641846e-08,-3984.8872508552436,0.4097359699573022
-3281.940970485218,5.7575993017118675e-08,-3984.8872508552436,0.4097359699573022
-3281.1605802901204,5.7455917568881686e-08,-3984.8872508552436,0.4097359699573022
-3280.380190095023,5.732382240179135e-08,-3984.8872508552436,0.4097359699573022
-3279.599799899925,5.720517203057765e-08,-3984.8872508552436,0.4097359699573022
-3278.8194097048276,5.707330375581026e-08,-3984.8872508552436,0.4097359699573022
-3278.0390195097298,5.69560656596447e-08,-3984.8872508552436,0.4097359699573022
-3277.2586293146323,5.6824422698175756e-08,-3984.8872508552436,0.4097359699573022
-3276.478239119535,5.670858418106447e-08,-3984.8872508552436,0.4097359699573022
-3275.6978489244375,5.657716500407847e-08,-3984.8872508552436,0.4097359699573022
-3274.9174587293396,5.6462713474845603e-08,-3984.8872508552436,0.4097359699573022
-3274.137068534242,5.633151660288755e-08,-3984.8872508552436,0.4097359699573022
-3273.3566783391443,5.621843957401005e-08,-3984.8872508552436,0.4097359699573022
-3272.576288144047,5.608746357614525e-08,-3984.8872508552436,0.4097359699573022
-3271.7958979489495,5.597574866260366e-08,-3984.8872508552436,0.4097359699573022
-3271.015507753852,5.584499215557778e-08,-3984.8872508552436,0.4097359699573022
-3270.235117558754,5.573462707374182e-08,-3984.8872508552436,0.4097359699573022
-3269.4547273636567,5.560408872116898e-08,-3984.8872508552436,0.4097359699573022
-3268.674337168559,5.549506128768254e-08,-3984.8872508552436,0.4097359699573022
-3267.8939469734614,5.536473979924736e-08,-3984.8872508552436,0.4097359699573022
-3267.113556778364,5.5257037929942145e-08,-3984.8872508552436,0.4097359699573022
-3266.333166583266,5.512693206059675e-08,-3984.8872508552436,0.4097359699573022
-3265.5527763881687,5.5020543769414385e-08,-3984.8872508552436,0.4097359699573022
-3264.7723861930713,5.489065231860523e-08,-3984.8872508552436,0.4097359699573022
-3263.9919959979734,5.478556571653555e-08,-3984.8872508552436,0.4097359699573022
-3263.211605802876,5.465588752743145e-08,-3984.8872508552436,0.4097359699573022
-3262.4312156077785,5.4552090821465304e-08,-3984.8872508552436,0.4097359699573022
-3261.6508254126807,5.44226247802017e-08,-3984.8872508552436,0.4097359699573022
-3260.8704352175832,5.43201062723199e-08,-3984.8872508552436,0.4097359699573022
-3260.0900450224854,5.419085130725865e-08,-3984.8872508552436,0.4097359699573022
-3259.309654827388,5.408959939339569e-08,-3984.8872508552436,0.4097359699573022
-3258.5292646322905,5.396055447438348e-08,-3984.8872508552436,0.4097359699573022
-3257.7488744371926,5.386055764344278e-08,-3984.8872508552436,0.4097359699573022
-3256.968484242095,5.3731112251302767e-08,-3984.8872508552436,0.4097359699573022
-3256.188094046998,5.363125677436826e-08,-3984.8872508552436,0.4097359699573022
-3255.4077038519,5.350373638366528e-08,-3984.8872508552436,0.4097359699573022
-3254.6273136568025,5.340512238334306e-08,-3984.8872508552436,0.4097359699573022
-3253.8469234617046,5.3277800088665316e-08,-3984.8872508552436,0.4097359699573022
-3253.066533266607,5.318041639852181e-08,-3984.8872508552436,0.4097359699573022
-3252.2861430715097,5.305329125617291e-08,-3984.8872508552436,0.4097359699573022
-3251.5057528764123,5.295712679750933e-08,-3984.8872508552436,0.4097359699573022
-3250.7253626813144,5.2830197903155025e-08,-3984.8872508552436,0.4097359699573022
-3249.944972486217,5.2735241684095125e-08,-3984.8872508552436,0.4097359699573022
-3249.164582291119,5.2608508172085106e-08,-3984.8872508552436,0.4097359699573022
-3248.3841920960217,5.251474928667823e-08,-3984.8872508552436,0.4097359699573022
-3247.6038019009243,5.238821032936563e-08,-3984.8872508552436,0.4097359699573022
-3246.823411705827,5.2295637956696074e-08,-3984.8872508552436,0.4097359699573022
-3246.043021510729,5.216929276377691e-08,-3984.8872508552436,0.4097359699573022
-3245.2626313156316,5.207789616708175e-08,-3984.8872508552436,0.4097359699573022
-3244.4822411205337,5.1951743984938793e-08,-3984.8872508552436,0.4097359699573022
-3243.7018509254362,5.186151251075262e-08,-3984.8872508552436,0.4097359699573022
-3242.921460730339,5.1735552621816644e-08,-3984.8872508552436,0.4097359699573022
-3242.1410705352414,5.1646475699120197e-08,-3984.8872508552436,0.4097359699573022
-3241.3606803401435,5.152070742123006e-08,-3984.8872508552436,0.4097359699573022
-3240.580290145046,5.1432774560609175e-08,-3984.8872508552436,0.4097359699573022
-3239.799899949948,5.1307197246390215e-08,-3984.8872508552436,0.4097359699573022
-3239.019509754851,5.122039803921088e-08,-3984.8872508552436,0.4097359699573022
-3238.2391195597534,5.109501107544793e-08,-3984.8872508552436,0.4097359699573022
-3237.458729364656,5.1009335193040444e-08,-3984.8872508552436,0.4097359699573022
-3236.678339169558,5.0884138000091174e-08,-3984.8872508552436,0.4097359699573022
-3235.8979489744606,5.079957519294899e-08,-3984.8872508552436,0.4097359699573022
-3235.1175587793628,5.0674567224128286e-08,-3984.8872508552436,0.4097359699573022
-3234.3371685842653,5.0591107321115965e-08,-3984.8872508552436,0.4097359699573022
-3233.556778389168,5.0466288062111665e-08,-3984.8872508552436,0.4097359699573022
-3232.7763881940705,5.038392096968648e-08,-3984.8872508552436,0.4097359699573022
-3231.995997998973,5.0259289937975185e-08,-3984.8872508552436,0.4097359699573022
-3231.215607803875,5.017800563941264e-08,-3984.8872508552436,0.4097359699573022
-3230.4352176087773,5.005356238369313e-08,-3984.8872508552436,0.4097359699573022
-3229.65482741368,4.9973350938336494e-08,-3984.8872508552436,0.4097359699573022
-3228.8744372185824,4.9849095037959106e-08,-3984.8872508552436,0.4097359699573022
-3228.094047023485,4.9769946580467845e-08,-3984.8872508552436,0.4097359699573022
-3227.3136568283876,4.964587764488625e-08,-3984.8872508552436,0.4097359699573022
-3226.5332666332897,4.95677823844959e-08,-3984.8872508552436,0.4097359699573022
-3225.752876438192,4.9443900052705616e-08,-3984.8872508552436,0.4097359699573022
-3224.9724862430944,4.9366848272506685e-08,-3984.8872508552436,0.4097359699573022
-3224.192096047997,4.924315221251623e-08,-3984.8872508552436,0.4097359699573022
-3223.4117058528996,4.916713426873363e-08,-3984.8872508552436,0.4097359699573022
-3222.631315657802,4.904362417702883e-08,-3984.8872508552436,0.4097359699573022
-3221.8509254627043,4.896863049832523e-08,-3984.8872508552436,0.4097359699573022
-3221.0705352676064,4.884530609934055e-08,-3984.8872508552436,0.4097359699573022
-3220.290145072509,4.877132718610323e-08,-3984.8872508552436,0.4097359699573022
-3219.5097548774115,4.8648188231705956e-08,-3984.8872508552436,0.4097359699573022
-3218.729364682314,4.857521465537541e-08,-3984.8872508552436,0.4097359699573022
-3217.9489744872167,4.8452260924356586e-08,-3984.8872508552436,0.4097359699573022
-3217.168584292119,4.838028332673759e-08,-3984.8872508552436,0.4097359699573022
-3216.3881940970214,4.8257514624312574e-08,-3984.8872508552436,0.4097359699573022
-3215.6078039019235,4.818652371692052e-08,-3984.8872508552436,0.4097359699573022
-3214.827413706826,4.806393987422382e-08,-3984.8872508552436,0.4097359699573022
-3214.0470235117286,4.799392643761057e-08,-3984.8872508552436,0.4097359699573022
-3213.266633316631,4.7871527311216394e-08,-3984.8872508552436,0.4097359699573022
-3212.4862431215333,4.780248219433183e-08,-3984.8872508552436,0.4097359699573022
-3211.705852926436,4.768026766576288e-08,-3984.8872508552436,0.4097359699573022
-3210.925462731338,4.7612181785307146e-08,-3984.8872508552436,0.4097359699573022
-3210.1450725362406,4.749015176056946e-08,-3984.8872508552436,0.4097359699573022
-3209.364682341143,4.7423016100371504e-08,-3984.8872508552436,0.4097359699573022
-3208.5842921460458,4.730117050948177e-08,-3984.8872508552436,0.4097359699573022
-3207.803901950948,4.723497611986456e-08,-3984.8872508552436,0.4097359699573022
-3207.0235117558504,4.7113314916385676e-08,-3984.8872508552436,0.4097359699573022
-3206.2431215607526,4.704805291355787e-08,-3984.8872508552436,0.4097359699573022
-3205.462731365655,4.692657607414614e-08,-3984.8872508552436,0.4097359699573022
-3204.6823411705577,4.690249605302073e-08,-3984.8872508552436,0.4097359699573022
-3203.9019509754603,4.690249605302073e-08,-3984.8872508552436,0.4097359699573022
-3203.1215607803624,4.690249605302073e-08,-3984.8872508552436,0.4097359699573022
-3202.341170585265,4.690249605302073e-08,-3984.8872508552436,0.4097359699573022
-3201.560780390167,4.690249605302073e-08,-3984.8872508552436,0.4097359699573022
-3200.7803901950697,4.690249605302073e-08,-3984.8872508552436,0.4097359699573022
-3199.9999999999723,4.690249605302073e-08,-3984.8872508552436,0.4097359699573022
