detuning,transfer,Eb,e_Eb
-5179.999999999996,-0.00015290379342906122,-4000.238999885778,14.881864729258094
-5178.799399699847,-0.00015290379342906122,-4000.238999885778,14.881864729258094
-5177.598799399696,-0.00015290379342906122,-4000.238999885778,14.881864729258094
-5176.398199099546,-0.00015290379342906122,-4000.238999885778,14.881864729258094
-5175.1975987993965,-0.00015290379342906122,-4000.238999885778,14.881864729258094
-5173.996998499245,-0.00015290379342906122,-4000.238999885778,14.881864729258094
-5172.796398199095,-0.00015290379342906122,-4000.238999885778,14.881864729258094
-5171.595797898945,-0.00015290379342906122,-4000.238999885778,14.881864729258094
-5170.395197598795,-0.00015290379342906122,-4000.238999885778,14.881864729258094
-5169.194597298645,-0.00015290379342906122,-4000.238999885778,14.881864729258094
-5167.993996998495,-0.00015290379342906122,-4000.238999885778,14.881864729258094
-5166.7933966983455,-0.00015290379342906122,-4000.238999885778,14.881864729258094
-5165.592796398195,-0.00015290379342906122,-4000.238999885778,14.881864729258094
-5164.392196098045,-0.00015290379342906122,-4000.238999885778,14.881864729258094
-5163.191595797895,-0.00015290379342906122,-4000.238999885778,14.881864729258094
-5161.990995497745,-0.00015290379342906122,-4000.238999885778,14.881864729258094
-5160.790395197595,-0.00015290379342906122,-4000.238999885778,14.881864729258094
-5159.589794897445,-0.00015290379342906122,-4000.238999885778,14.881864729258094
-5158.389194597295,-0.00015290379342906122,-4000.238999885778,14.881864729258094
-5157.188594297145,-0.00015290379342906122,-4000.238999885778,14.881864729258094
-5155.987993996995,-0.00015290379342906122,-4000.238999885778,14.881864729258094
-5154.787393696844,-0.00015290379342906122,-4000.238999885778,14.881864729258094
-5153.586793396695,-0.00015290379342906122,-4000.238999885778,14.881864729258094
-5152.386193096545,-0.00015290379342906122,-4000.238999885778,14.881864729258094
-5151.185592796394,-0.00015290379342906122,-4000.238999885778,14.881864729258094
-5149.984992496245,-0.00015290379342906122,-4000.238999885778,14.881864729258094
-5148.784392196095,-0.00015290379342906122,-4000.238999885778,14.881864729258094
-5147.583791895944,-0.00015290379342906122,-4000.238999885778,14.881864729258094
-5146.383191595794,-0.00015290379342906122,-4000.238999885778,14.881864729258094
-5145.182591295645,-0.00015290379342906122,-4000.238999885778,14.881864729258094
-5143.981990995495,-0.00015290379342906122,-4000.238999885778,14.881864729258094
-5142.781390695343,-0.00015290379342906122,-4000.238999885778,14.881864729258094
-5141.580790395194,-0.00015290379342906122,-4000.238999885778,14.881864729258094
-5140.380190095044,-0.00015290379342906122,-4000.238999885778,14.881864729258094
-5139.179589794893,-0.00015290379342906122,-4000.238999885778,14.881864729258094
-5137.9789894947435,-0.00015290379342906122,-4000.238999885778,14.881864729258094
-5136.778389194594,-0.00015290379342906122,-4000.238999885778,14.881864729258094
-5135.577788894443,-0.00015290379342906122,-4000.238999885778,14.881864729258094
-5134.377188594293,-0.00015290379342906122,-4000.238999885778,14.881864729258094
-5133.176588294144,-0.00015290379342906122,-4000.238999885778,14.881864729258094
-5131.975987993993,-0.00015290379342906122,-4000.238999885778,14.881864729258094
-5130.775387693843,-0.00015290379342906122,-4000.238999885778,14.881864729258094
-5129.574787393693,-0.00015290379342906122,-4000.238999885778,14.881864729258094
-5128.374187093543,-0.00015290379342906122,-4000.238999885778,14.881864729258094
-5127.173586793393,-0.00015290379342906122,-4000.238999885778,14.881864729258094
-5125.972986493243,-0.00015290379342906122,-4000.238999885778,14.881864729258094
-5124.772386193093,-0.00015290379342906122,-4000.238999885778,14.881864729258094
-5123.571785892943,-0.00015290379342906122,-4000.238999885778,14.881864729258094
-5122.371185592793,-0.00015290379342906122,-4000.238999885778,14.881864729258094
-5121.170585292643,-0.00015290379342906122,-4000.238999885778,14.881864729258094
-5119.969984992493,-0.00015290379342906122,-4000.238999885778,14.881864729258094
-5118.769384692343,-0.00015290379342906122,-4000.238999885778,14.881864729258094
-5117.568784392193,-0.00015290379342906122,-4000.238999885778,14.881864729258094
-5116.368184092042,-0.00015290379342906122,-4000.238999885778,14.881864729258094
-5115.167583791892,-0.00015290379342906122,-4000.238999885778,14.881864729258094
-5113.966983491742,-0.00015290379342906122,-4000.238999885778,14.881864729258094
-5112.766383191592,-0.00015290379342906122,-4000.238999885778,14.881864729258094
-5111.565782891442,-0.00015290379342906122,-4000.238999885778,14.881864729258094
-5110.365182591292,-0.00015290379342906122,-4000.238999885778,14.881864729258094
-5109.164582291141,-0.00015290379342906122,-4000.238999885778,14.881864729258094
-5107.963981990992,-0.00015290379342906122,-4000.238999885778,14.881864729258094
-5106.763381690842,-0.00015290379342906122,-4000.238999885778,14.881864729258094
-5105.562781390691,-0.00015290379342906122,-4000.238999885778,14.881864729258094
-5104.3621810905415,-0.00015290379342906122,-4000.238999885778,14.881864729258094
-5103.161580790392,-0.00015290379342906122,-4000.238999885778,14.881864729258094
-5101.960980490241,-0.00015290379342906122,-4000.238999885778,14.881864729258094
-5100.760380190091,-0.00015290379342906122,-4000.238999885778,14.881864729258094
-5099.559779889942,-0.00015290379342906122,-4000.238999885778,14.881864729258094
-5098.359179589792,-0.00015290379342906122,-4000.238999885778,14.881864729258094
-5097.158579289641,-0.00015290379342906122,-4000.238999885778,14.881864729258094
-5095.9579789894915,-0.00015290379342906122,-4000.238999885778,14.881864729258094
-5094.757378689342,-0.00015290379342906122,-4000.238999885778,14.881864729258094
-5093.556778389191,-0.00015290379342906122,-4000.238999885778,14.881864729258094
-5092.356178089041,-0.00015290379342906122,-4000.238999885778,14.881864729258094
-5091.155577788892,-0.00015290379342906122,-4000.238999885778,14.881864729258094
-5089.95497748874,-0.00015290379342906122,-4000.238999885778,14.881864729258094
-5088.75437718859,-0.00015290379342906122,-4000.238999885778,14.881864729258094
-5087.553776888441,-0.00015290379342906122,-4000.238999885778,14.881864729258094
-5086.35317658829,-0.00015290379342906122,-4000.238999885778,14.881864729258094
-5085.15257628814,-0.00015290379342906122,-4000.238999885778,14.881864729258094
-5083.95197598799,-0.00015290379342906122,-4000.238999885778,14.881864729258094
-5082.75137568784,-0.00015290379342906122,-4000.238999885778,14.881864729258094
-5081.55077538769,-0.00015290379342906122,-4000.238999885778,14.881864729258094
-5080.35017508754,-0.00015290379342906122,-4000.238999885778,14.881864729258094
-5079.14957478739,-0.00015290379342906122,-4000.238999885778,14.881864729258094
-5077.94897448724,-0.00015290379342906122,-4000.238999885778,14.881864729258094
-5076.74837418709,-0.00015290379342906122,-4000.238999885778,14.881864729258094
-5075.54777388694,-0.00015290379342906122,-4000.238999885778,14.881864729258094
-5074.34717358679,-0.00015290379342906122,-4000.238999885778,14.881864729258094
-5073.14657328664,-0.00015290379342906122,-4000.238999885778,14.881864729258094
-5071.94597298649,-0.00015290379342906122,-4000.238999885778,14.881864729258094
-5070.74537268634,-0.00015290379342906122,-4000.238999885778,14.881864729258094
-5069.54477238619,-0.00015290379342906122,-4000.238999885778,14.881864729258094
-5068.34417208604,-0.00015290379342906122,-4000.238999885778,14.881864729258094
-5067.143571785889,-0.00015290379342906122,-4000.238999885778,14.881864729258094
-5065.94297148574,-0.00015290379342906122,-4000.238999885778,14.881864729258094
-5064.74237118559,-0.00015290379342906122,-4000.238999885778,14.881864729258094
-5063.541770885438,-0.00015290379342906122,-4000.238999885778,14.881864729258094
-5062.341170585289,-0.00015290379342906122,-4000.238999885778,14.881864729258094
-5061.140570285139,-0.00015290379342906122,-4000.238999885778,14.881864729258094
-5059.939969984988,-0.00015290379342906122,-4000.238999885778,14.881864729258094
-5058.7393696848385,-0.00015290379342906122,-4000.238999885778,14.881864729258094
-5057.538769384689,-0.00015290379342906122,-4000.238999885778,14.881864729258094
-5056.338169084538,-0.00015290379342906122,-4000.238999885778,14.881864729258094
-5055.137568784388,-0.00015290379342906122,-4000.238999885778,14.881864729258094
-5053.936968484239,-0.00015290379342906122,-4000.238999885778,14.881864729258094
-5052.736368184089,-0.00015290379342906122,-4000.238999885778,14.881864729258094
-5051.535767883938,-0.00015290379342906122,-4000.238999885778,14.881864729258094
-5050.3351675837885,-0.00015290379342906122,-4000.238999885778,14.881864729258094
-5049.134567283639,-0.00015290379342906122,-4000.238999885778,14.881864729258094
-5047.933966983488,-0.00015290379342906122,-4000.238999885778,14.881864729258094
-5046.733366683338,-0.00015290379342906122,-4000.238999885778,14.881864729258094
-5045.532766383189,-0.00015290379342906122,-4000.238999885778,14.881864729258094
-5044.332166083038,-0.00015290379342906122,-4000.238999885778,14.881864729258094
-5043.131565782888,-0.00015290379342906122,-4000.238999885778,14.881864729258094
-5041.930965482738,-0.00015290379342906122,-4000.238999885778,14.881864729258094
-5040.730365182588,-0.00015290379342906122,-4000.238999885778,14.881864729258094
-5039.529764882438,-0.00015290379342906122,-4000.238999885778,14.881864729258094
-5038.329164582288,-0.00015290379342906122,-4000.238999885778,14.881864729258094
-5037.128564282138,-0.00015290379342906122,-4000.238999885778,14.881864729258094
-5035.927963981988,-0.00015290379342906122,-4000.238999885778,14.881864729258094
-5034.727363681838,-0.00015290379342906122,-4000.238999885778,14.881864729258094
-5033.526763381688,-0.00015290379342906122,-4000.238999885778,14.881864729258094
-5032.326163081537,-0.00015290379342906122,-4000.238999885778,14.881864729258094
-5031.125562781387,-0.00015290379342906122,-4000.238999885778,14.881864729258094
-5029.924962481237,-0.00015290379342906122,-4000.238999885778,14.881864729258094
-5028.724362181087,-0.00015290379342906122,-4000.238999885778,14.881864729258094
-5027.523761880937,-0.00015290379342906122,-4000.238999885778,14.881864729258094
-5026.323161580787,-0.00015290379342906122,-4000.238999885778,14.881864729258094
-5025.122561280637,-0.00015290379342906122,-4000.238999885778,14.881864729258094
-5023.921960980487,-0.00015290379342906122,-4000.238999885778,14.881864729258094
-5022.721360680337,-0.00015290379342906122,-4000.238999885778,14.881864729258094
-5021.520760380186,-0.00015290379342906122,-4000.238999885778,14.881864729258094
-5020.320160080037,-0.00015290379342906122,-4000.238999885778,14.881864729258094
-5019.119559779887,-0.00015290379342906122,-4000.238999885778,14.881864729258094
-5017.918959479736,-0.00015290379342906122,-4000.238999885778,14.881864729258094
-5016.7183591795865,-0.00015290379342906122,-4000.238999885778,14.881864729258094
-5015.517758879437,-0.00015290379342906122,-4000.238999885778,14.881864729258094
-5014.317158579286,-0.00015290379342906122,-4000.238999885778,14.881864729258094
-5013.116558279136,-0.00015290379342906122,-4000.238999885778,14.881864729258094
-5011.915957978987,-0.00015290379342906122,-4000.238999885778,14.881864729258094
-5010.715357678837,-0.00015290379342906122,-4000.238999885778,14.881864729258094
-5009.514757378686,-0.00015290379342906122,-4000.238999885778,14.881864729258094
-5008.3141570785365,-0.00015290379342906122,-4000.238999885778,14.881864729258094
-5007.113556778387,-0.00015290379342906122,-4000.238999885778,14.881864729258094
-5005.912956478235,-0.00015290379342906122,-4000.238999885778,14.881864729258094
-5004.712356178085,-0.00015290379342906122,-4000.238999885778,14.881864729258094
-5003.511755877936,-0.00015290379342906122,-4000.238999885778,14.881864729258094
-5002.311155577785,-0.00015290379342906122,-4000.238999885778,14.881864729258094
-5001.110555277635,-0.00015290379342906122,-4000.238999885778,14.881864729258094
-4999.9099549774855,-0.00015290379342906122,-4000.238999885778,14.881864729258094
-4998.709354677335,-0.00015290379342906122,-4000.238999885778,14.881864729258094
-4997.508754377185,-0.00015290379342906122,-4000.238999885778,14.881864729258094
-4996.308154077035,-0.00015290379342906122,-4000.238999885778,14.881864729258094
-4995.107553776885,-0.00015290379342906122,-4000.238999885778,14.881864729258094
-4993.906953476735,-0.00015290379342906122,-4000.238999885778,14.881864729258094
-4992.706353176585,-0.00015290379342906122,-4000.238999885778,14.881864729258094
-4991.505752876435,-0.00015290379342906122,-4000.238999885778,14.881864729258094
-4990.305152576285,-0.00015290379342906122,-4000.238999885778,14.881864729258094
-4989.104552276135,-0.00015290379342906122,-4000.238999885778,14.881864729258094
-4987.903951975985,-0.00015290379342906122,-4000.238999885778,14.881864729258094
-4986.703351675835,-0.00015290379342906122,-4000.238999885778,14.881864729258094
-4985.502751375685,-0.00015290379342906122,-4000.238999885778,14.881864729258094
-4984.302151075535,-0.00015290379342906122,-4000.238999885778,14.881864729258094
-4983.101550775385,-0.00015290379342906122,-4000.238999885778,14.881864729258094
-4981.900950475235,-0.00015290379342906122,-4000.238999885778,14.881864729258094
-4980.700350175085,-0.00015290379342906122,-4000.238999885778,14.881864729258094
-4979.4997498749335,-0.00015290379342906122,-4000.238999885778,14.881864729258094
-4978.299149574784,-0.00015290379342906122,-4000.238999885778,14.881864729258094
-4977.098549274634,-0.00015290379342906122,-4000.238999885778,14.881864729258094
-4975.897948974483,-0.00015290379342906122,-4000.238999885778,14.881864729258094
-4974.697348674334,-0.00015290379342906122,-4000.238999885778,14.881864729258094
-4973.496748374184,-0.00015290379342906122,-4000.238999885778,14.881864729258094
-4972.296148074033,-0.00015290379342906122,-4000.238999885778,14.881864729258094
-4971.0955477738835,-0.00015290379342906122,-4000.238999885778,14.881864729258094
-4969.894947473734,-0.00015290379342906122,-4000.238999885778,14.881864729258094
-4968.694347173583,-0.00015290379342906122,-4000.238999885778,14.881864729258094
-4967.493746873433,-0.00015290379342906122,-4000.238999885778,14.881864729258094
-4966.293146573284,-0.00015290379342906122,-4000.238999885778,14.881864729258094
-4965.092546273134,-0.00015290379342906122,-4000.238999885778,14.881864729258094
-4963.891945972983,-0.00015290379342906122,-4000.238999885778,14.881864729258094
-4962.691345672833,-0.00015290379342906122,-4000.238999885778,14.881864729258094
-4961.490745372684,-0.00015290379342906122,-4000.238999885778,14.881864729258094
-4960.290145072533,-0.00015290379342906122,-4000.238999885778,14.881864729258094
-4959.089544772383,-0.00015290379342906122,-4000.238999885778,14.881864729258094
-4957.888944472234,-0.00015290379342906122,-4000.238999885778,14.881864729258094
-4956.688344172083,-0.00015290379342906122,-4000.238999885778,14.881864729258094
-4955.487743871933,-0.00015290379342906122,-4000.238999885778,14.881864729258094
-4954.287143571783,-0.00015290379342906122,-4000.238999885778,14.881864729258094
-4953.086543271633,-0.00015290379342906122,-4000.238999885778,14.881864729258094
-4951.885942971483,-0.00015290379342906122,-4000.238999885778,14.881864729258094
-4950.685342671333,-0.00015290379342906122,-4000.238999885778,14.881864729258094
-4949.484742371182,-0.00015290379342906122,-4000.238999885778,14.881864729258094
-4948.284142071032,-0.00015290379342906122,-4000.238999885778,14.881864729258094
-4947.083541770882,-0.00015290379342906122,-4000.238999885778,14.881864729258094
-4945.882941470732,-0.00015290379342906122,-4000.238999885778,14.881864729258094
-4944.682341170582,-0.00015290379342906122,-4000.238999885778,14.881864729258094
-4943.481740870432,-0.00015290379342906122,-4000.238999885778,14.881864729258094
-4942.281140570282,-0.00015290379342906122,-4000.238999885778,14.881864729258094
-4941.080540270132,-0.00015290379342906122,-4000.238999885778,14.881864729258094
-4939.879939969982,-0.00015290379342906122,-4000.238999885778,14.881864729258094
-4938.679339669832,-0.00015290379342906122,-4000.238999885778,14.881864729258094
-4937.4787393696815,-0.00015290379342906122,-4000.238999885778,14.881864729258094
-4936.278139069532,-0.00015290379342906122,-4000.238999885778,14.881864729258094
-4935.077538769382,-0.00015290379342906122,-4000.238999885778,14.881864729258094
-4933.876938469231,-0.00015290379342906122,-4000.238999885778,14.881864729258094
-4932.676338169082,-0.00015290379342906122,-4000.238999885778,14.881864729258094
-4931.475737868932,-0.00015290379342906122,-4000.238999885778,14.881864729258094
-4930.275137568781,-0.00015290379342906122,-4000.238999885778,14.881864729258094
-4929.0745372686315,-0.00015290379342906122,-4000.238999885778,14.881864729258094
-4927.873936968482,-0.00015290379342906122,-4000.238999885778,14.881864729258094
-4926.673336668331,-0.00015290379342906122,-4000.238999885778,14.881864729258094
-4925.472736368181,-0.00015290379342906122,-4000.238999885778,14.881864729258094
-4924.272136068032,-0.00015290379342906122,-4000.238999885778,14.881864729258094
-4923.07153576788,-0.00015290379342906122,-4000.238999885778,14.881864729258094
-4921.87093546773,-0.00015290379342906122,-4000.238999885778,14.881864729258094
-4920.670335167581,-0.00015290379342906122,-4000.238999885778,14.881864729258094
-4919.469734867431,-0.00015290379342906122,-4000.238999885778,14.881864729258094
-4918.26913456728,-0.00015290379342906122,-4000.238999885778,14.881864729258094
-4917.06853426713,-0.00015290379342906122,-4000.238999885778,14.881864729258094
-4915.867933966981,-0.00015290379342906122,-4000.238999885778,14.881864729258094
-4914.66733366683,-0.00015290379342906122,-4000.238999885778,14.881864729258094
-4913.46673336668,-0.00015290379342906122,-4000.238999885778,14.881864729258094
-4912.2661330665305,-0.00015290379342906122,-4000.238999885778,14.881864729258094
-4911.06553276638,-0.00015290379342906122,-4000.238999885778,14.881864729258094
-4909.86493246623,-0.00015290379342906122,-4000.238999885778,14.881864729258094
-4908.66433216608,-0.00015290379342906122,-4000.238999885778,14.881864729258094
-4907.46373186593,-0.00015290379342906122,-4000.238999885778,14.881864729258094
-4906.26313156578,-0.00015290379342906122,-4000.238999885778,14.881864729258094
-4905.06253126563,-0.00015290379342906122,-4000.238999885778,14.881864729258094
-4903.86193096548,-0.00015290379342906122,-4000.238999885778,14.881864729258094
-4902.66133066533,-0.00015290379342906122,-4000.238999885778,14.881864729258094
-4901.46073036518,-0.00015290379342906122,-4000.238999885778,14.881864729258094
-4900.260130065029,-0.00015290379342906122,-4000.238999885778,14.881864729258094
-4899.05952976488,-0.00015290379342906122,-4000.238999885778,14.881864729258094
-4897.85892946473,-0.00015290379342906122,-4000.238999885778,14.881864729258094
-4896.65832916458,-0.00015290379342906122,-4000.238999885778,14.881864729258094
-4895.457728864429,-0.00015290379342906122,-4000.238999885778,14.881864729258094
-4894.257128564279,-0.00015290379342906122,-4000.238999885778,14.881864729258094
-4893.056528264129,-0.00015290379342906122,-4000.238999885778,14.881864729258094
-4891.8559279639785,-0.00015290379342906122,-4000.238999885778,14.881864729258094
-4890.655327663829,-0.00015290379342906122,-4000.238999885778,14.881864729258094
-4889.454727363679,-0.00015290379342906122,-4000.238999885778,14.881864729258094
-4888.254127063528,-0.00015290379342906122,-4000.238999885778,14.881864729258094
-4887.053526763379,-0.00015290379342906122,-4000.238999885778,14.881864729258094
-4885.852926463229,-0.00015290379342906122,-4000.238999885778,14.881864729258094
-4884.652326163078,-0.00015290379342906122,-4000.238999885778,14.881864729258094
-4883.4517258629285,-0.00015290379342906122,-4000.238999885778,14.881864729258094
-4882.251125562779,-0.00015290379342906122,-4000.238999885778,14.881864729258094
-4881.050525262628,-0.00015290379342906122,-4000.238999885778,14.881864729258094
-4879.849924962478,-0.00015290379342906122,-4000.238999885778,14.881864729258094
-4878.649324662329,-0.00015290379342906122,-4000.238999885778,14.881864729258094
-4877.448724362178,-0.00015290379342906122,-4000.238999885778,14.881864729258094
-4876.248124062028,-0.00015290379342906122,-4000.238999885778,14.881864729258094
-4875.047523761878,-0.00015290379342906122,-4000.238999885778,14.881864729258094
-4873.846923461729,-0.00015290379342906122,-4000.238999885778,14.881864729258094
-4872.646323161578,-0.00015290379342906122,-4000.238999885778,14.881864729258094
-4871.445722861428,-0.00015290379342906122,-4000.238999885778,14.881864729258094
-4870.245122561279,-0.00015290379342906122,-4000.238999885778,14.881864729258094
-4869.044522261127,-0.00015290379342906122,-4000.238999885778,14.881864729258094
-4867.843921960977,-0.00015290379342906122,-4000.238999885778,14.881864729258094
-4866.6433216608275,-0.00015290379342906122,-4000.238999885778,14.881864729258094
-4865.442721360677,-0.00015290379342906122,-4000.238999885778,14.881864729258094
-4864.242121060527,-0.00015290379342906122,-4000.238999885778,14.881864729258094
-4863.041520760377,-0.00015290379342906122,-4000.238999885778,14.881864729258094
-4861.840920460227,-0.00015290379342906122,-4000.238999885778,14.881864729258094
-4860.640320160077,-0.00015290379342906122,-4000.238999885778,14.881864729258094
-4859.439719859927,-0.00015290379342906122,-4000.238999885778,14.881864729258094
-4858.239119559777,-0.00015290379342906122,-4000.238999885778,14.881864729258094
-4857.038519259627,-0.00015290379342906122,-4000.238999885778,14.881864729258094
-4855.837918959477,-0.00015290379342906122,-4000.238999885778,14.881864729258094
-4854.637318659326,-0.00015290379342906122,-4000.238999885778,14.881864729258094
-4853.436718359177,-0.00015290379342906122,-4000.238999885778,14.881864729258094
-4852.236118059027,-0.00015290379342906122,-4000.238999885778,14.881864729258094
-4851.035517758877,-0.00015290379342906122,-4000.238999885778,14.881864729258094
-4849.8349174587265,-0.00015290379342906122,-4000.238999885778,14.881864729258094
-4848.634317158577,-0.00015290379342906122,-4000.238999885778,14.881864729258094
-4847.433716858427,-0.00015290379342906122,-4000.238999885778,14.881864729258094
-4846.233116558276,-0.00015290379342906122,-4000.238999885778,14.881864729258094
-4845.032516258127,-0.00015290379342906122,-4000.238999885778,14.881864729258094
-4843.831915957977,-0.00015290379342906122,-4000.238999885778,14.881864729258094
-4842.631315657826,-0.00015290379342906122,-4000.238999885778,14.881864729258094
-4841.4307153576765,-0.00015290379342906122,-4000.238999885778,14.881864729258094
-4840.230115057527,-0.00015290379342906122,-4000.238999885778,14.881864729258094
-4839.029514757375,-0.00015290379342906122,-4000.238999885778,14.881864729258094
-4837.828914457225,-0.00015290379342906122,-4000.238999885778,14.881864729258094
-4836.628314157076,-0.00015290379342906122,-4000.238999885778,14.881864729258094
-4835.427713856925,-0.00015290379342906122,-4000.238999885778,14.881864729258094
-4834.227113556775,-0.00015290379342906122,-4000.238999885778,14.881864729258094
-4833.026513256626,-0.00015290379342906122,-4000.238999885778,14.881864729258094
-4831.825912956475,-0.00015290379342906122,-4000.238999885778,14.881864729258094
-4830.625312656325,-0.00015290379342906122,-4000.238999885778,14.881864729258094
-4829.424712356175,-0.00015290379342906122,-4000.238999885778,14.881864729258094
-4828.224112056026,-0.00015290379342906122,-4000.238999885778,14.881864729258094
-4827.023511755875,-0.00015290379342906122,-4000.238999885778,14.881864729258094
-4825.822911455725,-0.00015290379342906122,-4000.238999885778,14.881864729258094
-4824.6223111555755,-0.00015290379342906122,-4000.238999885778,14.881864729258094
-4823.421710855425,-0.00015290379342906122,-4000.238999885778,14.881864729258094
-4822.221110555275,-0.00015290379342906122,-4000.238999885778,14.881864729258094
-4821.020510255125,-0.00015290379342906122,-4000.238999885778,14.881864729258094
-4819.819909954975,-0.00015290379342906122,-4000.238999885778,14.881864729258094
-4818.619309654825,-0.00015290379342906122,-4000.238999885778,14.881864729258094
-4817.418709354675,-0.00015290379342906122,-4000.238999885778,14.881864729258094
-4816.218109054525,-0.00015290379342906122,-4000.238999885778,14.881864729258094
-4815.017508754375,-0.00015290379342906122,-4000.238999885778,14.881864729258094
-4813.816908454225,-0.00015290379342906122,-4000.238999885778,14.881864729258094
-4812.6163081540735,-0.00015290379342906122,-4000.238999885778,14.881864729258094
-4811.415707853924,-0.00015290379342906122,-4000.238999885778,14.881864729258094
-4810.215107553774,-0.00015290379342906122,-4000.238999885778,14.881864729258094
-4809.014507253623,-0.00015290379342906122,-4000.238999885778,14.881864729258094
-4807.813906953474,-0.00015290379342906122,-4000.238999885778,14.881864729258094
-4806.613306653324,-0.00015290379342906122,-4000.238999885778,14.881864729258094
-4805.412706353174,-0.00015290379342906122,-4000.238999885778,14.881864729258094
-4804.2121060530235,-0.00015290379342906122,-4000.238999885778,14.881864729258094
-4803.011505752874,-0.00015290379342906122,-4000.238999885778,14.881864729258094
-4801.810905452724,-0.00015290379342906122,-4000.238999885778,14.881864729258094
-4800.610305152573,-0.00015290379342906122,-4000.238999885778,14.881864729258094
-4799.409704852424,-0.00015290379342906122,-4000.238999885778,14.881864729258094
-4798.209104552274,-0.00015290379342906122,-4000.238999885778,14.881864729258094
-4797.008504252123,-0.00015290379342906122,-4000.238999885778,14.881864729258094
-4795.8079039519735,-0.00015290379342906122,-4000.238999885778,14.881864729258094
-4794.607303651824,-0.00015290379342906122,-4000.238999885778,14.881864729258094
-4793.406703351673,-0.00015290379342906122,-4000.238999885778,14.881864729258094
-4792.206103051523,-0.00015290379342906122,-4000.238999885778,14.881864729258094
-4791.005502751374,-0.00015290379342906122,-4000.238999885778,14.881864729258094
-4789.804902451223,-0.00015290379342906122,-4000.238999885778,14.881864729258094
-4788.604302151073,-0.00015290379342906122,-4000.238999885778,14.881864729258094
-4787.403701850923,-0.00015290379342906122,-4000.238999885778,14.881864729258094
-4786.203101550772,-0.00015290379342906122,-4000.238999885778,14.881864729258094
-4785.002501250622,-0.00015290379342906122,-4000.238999885778,14.881864729258094
-4783.801900950472,-0.00015290379342906122,-4000.238999885778,14.881864729258094
-4782.601300650323,-0.00015290379342906122,-4000.238999885778,14.881864729258094
-4781.400700350172,-0.00015290379342906122,-4000.238999885778,14.881864729258094
-4780.200100050022,-0.00015290379342906122,-4000.238999885778,14.881864729258094
-4778.9994997498725,-0.00015290379342906122,-4000.238999885778,14.881864729258094
-4777.798899449722,-0.00015290379342906122,-4000.238999885778,14.881864729258094
-4776.598299149572,-0.00015290379342906122,-4000.238999885778,14.881864729258094
-4775.397698849422,-0.00015290379342906122,-4000.238999885778,14.881864729258094
-4774.197098549272,-0.00015290379342906122,-4000.238999885778,14.881864729258094
-4772.996498249122,-0.00015290379342906122,-4000.238999885778,14.881864729258094
-4771.795897948972,-0.00015290379342906122,-4000.238999885778,14.881864729258094
-4770.5952976488215,-0.00015290379342906122,-4000.238999885778,14.881864729258094
-4769.394697348672,-0.00015290379342906122,-4000.238999885778,14.881864729258094
-4768.194097048522,-0.00015290379342906122,-4000.238999885778,14.881864729258094
-4766.993496748371,-0.00015290379342906122,-4000.238999885778,14.881864729258094
-4765.792896448222,-0.00015290379342906122,-4000.238999885778,14.881864729258094
-4764.592296148072,-0.00015290379342906122,-4000.238999885778,14.881864729258094
-4763.391695847921,-0.00015290379342906122,-4000.238999885778,14.881864729258094
-4762.1910955477715,-0.00015290379342906122,-4000.238999885778,14.881864729258094
-4760.990495247622,-0.00015290379342906122,-4000.238999885778,14.881864729258094
-4759.789894947472,-0.00015290379342906122,-4000.238999885778,14.881864729258094
-4758.589294647321,-0.00015290379342906122,-4000.238999885778,14.881864729258094
-4757.388694347172,-0.00015290379342906122,-4000.238999885778,14.881864729258094
-4756.188094047022,-0.00015290379342906122,-4000.238999885778,14.881864729258094
-4754.98749374687,-0.00015290379342906122,-4000.238999885778,14.881864729258094
-4753.786893446721,-0.00015290379342906122,-4000.238999885778,14.881864729258094
-4752.586293146571,-0.00015290379342906122,-4000.238999885778,14.881864729258094
-4751.38569284642,-0.00015290379342906122,-4000.238999885778,14.881864729258094
-4750.18509254627,-0.00015290379342906122,-4000.238999885778,14.881864729258094
-4748.984492246121,-0.00015290379342906122,-4000.238999885778,14.881864729258094
-4747.78389194597,-0.00015290379342906122,-4000.238999885778,14.881864729258094
-4746.58329164582,-0.00015290379342906122,-4000.238999885778,14.881864729258094
-4745.3826913456705,-0.00015290379342906122,-4000.238999885778,14.881864729258094
-4744.18209104552,-0.00015290379342906122,-4000.238999885778,14.881864729258094
-4742.98149074537,-0.00015290379342906122,-4000.238999885778,14.881864729258094
-4741.78089044522,-0.00015290379342906122,-4000.238999885778,14.881864729258094
-4740.58029014507,-0.00015290379342906122,-4000.238999885778,14.881864729258094
-4739.37968984492,-0.00015290379342906122,-4000.238999885778,14.881864729258094
-4738.17908954477,-0.00015290379342906122,-4000.238999885778,14.881864729258094
-4736.9784892446205,-0.00015290379342906122,-4000.238999885778,14.881864729258094
-4735.77788894447,-0.00015290379342906122,-4000.238999885778,14.881864729258094
-4734.57728864432,-0.00015290379342906122,-4000.238999885778,14.881864729258094
-4733.37668834417,-0.00015290379342906122,-4000.238999885778,14.881864729258094
-4732.17608804402,-0.00015290379342906122,-4000.238999885778,14.881864729258094
-4730.97548774387,-0.00015290379342906122,-4000.238999885778,14.881864729258094
-4729.77488744372,-0.00015290379342906122,-4000.238999885778,14.881864729258094
-4728.574287143569,-0.00015290379342906122,-4000.238999885778,14.881864729258094
-4727.373686843419,-0.00015290379342906122,-4000.238999885778,14.881864729258094
-4726.173086543269,-0.00015290379342906122,-4000.238999885778,14.881864729258094
-4724.9724862431185,-0.00015290379342906122,-4000.238999885778,14.881864729258094
-4723.771885942969,-0.00015290379342906122,-4000.238999885778,14.881864729258094
-4722.571285642819,-0.00015290379342906122,-4000.238999885778,14.881864729258094
-4721.370685342668,-0.00015290379342906122,-4000.238999885778,14.881864729258094
-4720.170085042519,-0.00015290379342906122,-4000.238999885778,14.881864729258094
-4718.969484742369,-0.00015290379342906122,-4000.238999885778,14.881864729258094
-4717.768884442218,-0.00015290379342906122,-4000.238999885778,14.881864729258094
-4716.5682841420685,-0.00015290379342906122,-4000.238999885778,14.881864729258094
-4715.367683841919,-0.00015290379342906122,-4000.238999885778,14.881864729258094
-4714.167083541769,-0.00015290379342906122,-4000.238999885778,14.881864729258094
-4712.966483241618,-0.00015290379342906122,-4000.238999885778,14.881864729258094
-4711.765882941469,-0.00015290379342906122,-4000.238999885778,14.881864729258094
-4710.565282641319,-0.00015290379342906122,-4000.238999885778,14.881864729258094
-4709.364682341168,-0.00015290379342906122,-4000.238999885778,14.881864729258094
-4708.164082041018,-0.00015290379342906122,-4000.238999885778,14.881864729258094
-4706.963481740869,-0.00015290379342906122,-4000.238999885778,14.881864729258094
-4705.762881440718,-0.00015290379342906122,-4000.238999885778,14.881864729258094
-4704.562281140568,-0.00015290379342906122,-4000.238999885778,14.881864729258094
-4703.361680840419,-0.00015290379342906122,-4000.238999885778,14.881864729258094
-4702.161080540267,-0.00015290379342906122,-4000.238999885778,14.881864729258094
-4700.960480240117,-0.00015290379342906122,-4000.238999885778,14.881864729258094
-4699.7598799399675,-0.00015290379342906122,-4000.238999885778,14.881864729258094
-4698.559279639817,-0.00015290379342906122,-4000.238999885778,14.881864729258094
-4697.358679339667,-0.00015290379342906122,-4000.238999885778,14.881864729258094
-4696.158079039517,-0.00015290379342906122,-4000.238999885778,14.881864729258094
-4694.957478739367,-0.00015290379342906122,-4000.238999885778,14.881864729258094
-4693.756878439217,-0.00015290379342906122,-4000.238999885778,14.881864729258094
-4692.556278139067,-0.00015290379342906122,-4000.238999885778,14.881864729258094
-4691.3556778389175,-0.00015290379342906122,-4000.238999885778,14.881864729258094
-4690.155077538767,-0.00015290379342906122,-4000.238999885778,14.881864729258094
-4688.954477238617,-0.00015290379342906122,-4000.238999885778,14.881864729258094
-4687.753876938467,-0.00015290379342906122,-4000.238999885778,14.881864729258094
-4686.553276638317,-0.00015290379342906122,-4000.238999885778,14.881864729258094
-4685.352676338167,-0.00015290379342906122,-4000.238999885778,14.881864729258094
-4684.152076038017,-0.00015290379342906122,-4000.238999885778,14.881864729258094
-4682.9514757378665,-0.00015290379342906122,-4000.238999885778,14.881864729258094
-4681.750875437717,-0.00015290379342906122,-4000.238999885778,14.881864729258094
-4680.550275137567,-0.00015290379342906122,-4000.238999885778,14.881864729258094
-4679.349674837416,-0.00015290379342906122,-4000.238999885778,14.881864729258094
-4678.149074537267,-0.00015290379342906122,-4000.238999885778,14.881864729258094
-4676.948474237117,-0.00015290379342906122,-4000.238999885778,14.881864729258094
-4675.747873936965,-0.00015290379342906122,-4000.238999885778,14.881864729258094
-4674.547273636816,-0.00015290379342906122,-4000.238999885778,14.881864729258094
-4673.346673336666,-0.00015290379342906122,-4000.238999885778,14.881864729258094
-4672.146073036515,-0.00015290379342906122,-4000.238999885778,14.881864729258094
-4670.945472736365,-0.00015290379342906122,-4000.238999885778,14.881864729258094
-4669.744872436216,-0.00015290379342906122,-4000.238999885778,14.881864729258094
-4668.544272136066,-0.00015290379342906122,-4000.238999885778,14.881864729258094
-4667.343671835915,-0.00015290379342906122,-4000.238999885778,14.881864729258094
-4666.143071535766,-0.00015290379342906122,-4000.238999885778,14.881864729258094
-4664.942471235616,-0.00015290379342906122,-4000.238999885778,14.881864729258094
-4663.741870935465,-0.00015290379342906122,-4000.238999885778,14.881864729258094
-4662.541270635315,-0.00015290379342906122,-4000.238999885778,14.881864729258094
-4661.340670335166,-0.00015290379342906122,-4000.238999885778,14.881864729258094
-4660.140070035015,-0.00015290379342906122,-4000.238999885778,14.881864729258094
-4658.939469734865,-0.00015290379342906122,-4000.238999885778,14.881864729258094
-4657.738869434715,-0.00015290379342906122,-4000.238999885778,14.881864729258094
-4656.538269134565,-0.00015290379342906122,-4000.238999885778,14.881864729258094
-4655.337668834415,-0.00015290379342906122,-4000.238999885778,14.881864729258094
-4654.137068534265,-0.00015290379342906122,-4000.238999885778,14.881864729258094
-4652.936468234115,-0.00015290379342906122,-4000.238999885778,14.881864729258094
-4651.735867933965,-0.00015290379342906122,-4000.238999885778,14.881864729258094
-4650.535267633815,-0.00015290379342906122,-4000.238999885778,14.881864729258094
-4649.334667333665,-0.00015290379342906122,-4000.238999885778,14.881864729258094
-4648.134067033515,-0.00015290379342906122,-4000.238999885778,14.881864729258094
-4646.933466733365,-0.00015290379342906122,-4000.238999885778,14.881864729258094
-4645.732866433214,-0.00015290379342906122,-4000.238999885778,14.881864729258094
-4644.532266133064,-0.00015290379342906122,-4000.238999885778,14.881864729258094
-4643.331665832914,-0.00015290379342906122,-4000.238999885778,14.881864729258094
-4642.131065532764,-0.00015290379342906122,-4000.238999885778,14.881864729258094
-4640.930465232614,-0.00015290379342906122,-4000.238999885778,14.881864729258094
-4639.729864932464,-0.00015290379342906122,-4000.238999885778,14.881864729258094
-4638.529264632314,-0.00015290379342906122,-4000.238999885778,14.881864729258094
-4637.328664332164,-0.00015290379342906122,-4000.238999885778,14.881864729258094
-4636.128064032014,-0.00015290379342906122,-4000.238999885778,14.881864729258094
-4634.927463731864,-0.00015290379342906122,-4000.238999885778,14.881864729258094
-4633.726863431714,-0.00015290379342906122,-4000.238999885778,14.881864729258094
-4632.526263131564,-0.00015290379342906122,-4000.238999885778,14.881864729258094
-4631.325662831414,-0.00015290379342906122,-4000.238999885778,14.881864729258094
-4630.125062531263,-0.00015290379342906122,-4000.238999885778,14.881864729258094
-4628.9244622311135,-0.00015290379342906122,-4000.238999885778,14.881864729258094
-4627.723861930964,-0.00015290379342906122,-4000.238999885778,14.881864729258094
-4626.523261630813,-0.00015290379342906122,-4000.238999885778,14.881864729258094
-4625.322661330663,-0.00015290379342906122,-4000.238999885778,14.881864729258094
-4624.122061030514,-0.00015290379342906122,-4000.238999885778,14.881864729258094
-4622.921460730363,-0.00015290379342906122,-4000.238999885778,14.881864729258094
-4621.720860430213,-0.00015290379342906122,-4000.238999885778,14.881864729258094
-4620.520260130063,-0.00015290379342906122,-4000.238999885778,14.881864729258094
-4619.319659829913,-0.00015290379342906122,-4000.238999885778,14.881864729258094
-4618.119059529762,-0.00015290379342906122,-4000.238999885778,14.881864729258094
-4616.918459229612,-0.00015290379342906122,-4000.238999885778,14.881864729258094
-4615.717858929463,-0.00015290379342906122,-4000.238999885778,14.881864729258094
-4614.517258629313,-0.00015290379342906122,-4000.238999885778,14.881864729258094
-4613.316658329162,-0.00015290379342906122,-4000.238999885778,14.881864729258094
-4612.1160580290125,-0.00015290379342906122,-4000.238999885778,14.881864729258094
-4610.915457728863,-0.00015290379342906122,-4000.238999885778,14.881864729258094
-4609.714857428712,-0.00015290379342906122,-4000.238999885778,14.881864729258094
-4608.514257128562,-0.00015290379342906122,-4000.238999885778,14.881864729258094
-4607.313656828413,-0.00015290379342906122,-4000.238999885778,14.881864729258094
-4606.113056528262,-0.00015290379342906122,-4000.238999885778,14.881864729258094
-4604.912456228112,-0.00015290379342906122,-4000.238999885778,14.881864729258094
-4603.711855927962,-0.00015290379342906122,-4000.238999885778,14.881864729258094
-4602.511255627812,-0.00015290379342906122,-4000.238999885778,14.881864729258094
-4601.310655327662,-0.00015290379342906122,-4000.238999885778,14.881864729258094
-4600.110055027511,-0.00015290379342906122,-4000.238999885778,14.881864729258094
-4598.909454727362,-0.00015290379342906122,-4000.238999885778,14.881864729258094
-4597.708854427212,-0.00015290379342906122,-4000.238999885778,14.881864729258094
-4596.508254127061,-0.00015290379342906122,-4000.238999885778,14.881864729258094
-4595.3076538269115,-0.00015290379342906122,-4000.238999885778,14.881864729258094
-4594.107053526762,-0.00015290379342906122,-4000.238999885778,14.881864729258094
-4592.906453226611,-0.00015290379342906122,-4000.238999885778,14.881864729258094
-4591.705852926461,-0.00015290379342906122,-4000.238999885778,14.881864729258094
-4590.505252626311,-0.00015290379342906122,-4000.238999885778,14.881864729258094
-4589.304652326161,-0.00015290379342906122,-4000.238999885778,14.881864729258094
-4588.104052026011,-0.00015290379342906122,-4000.238999885778,14.881864729258094
-4586.903451725861,-0.00015290379342906122,-4000.238999885778,14.881864729258094
-4585.702851425711,-0.00015290379342906122,-4000.238999885778,14.881864729258094
-4584.502251125561,-0.00015290379342906122,-4000.238999885778,14.881864729258094
-4583.30165082541,-0.00015290379342906122,-4000.238999885778,14.881864729258094
-4582.101050525261,-0.00015290379342906122,-4000.238999885778,14.881864729258094
-4580.900450225111,-0.00015290379342906122,-4000.238999885778,14.881864729258094
-4579.69984992496,-0.00015290379342906122,-4000.238999885778,14.881864729258094
-4578.499249624811,-0.00015290379342906122,-4000.238999885778,14.881864729258094
-4577.29864932466,-0.00015290379342906122,-4000.238999885778,14.881864729258094
-4576.09804902451,-0.00015290379342906122,-4000.238999885778,14.881864729258094
-4574.89744872436,-0.00015290379342906122,-4000.238999885778,14.881864729258094
-4573.69684842421,-0.00015290379342906122,-4000.238999885778,14.881864729258094
-4572.49624812406,-0.00015290379342906122,-4000.238999885778,14.881864729258094
-4571.29564782391,-0.00015290379342906122,-4000.238999885778,14.881864729258094
-4570.09504752376,-0.00015290379342906122,-4000.238999885778,14.881864729258094
-4568.89444722361,-0.00015290379342906122,-4000.238999885778,14.881864729258094
-4567.69384692346,-0.00015290379342906122,-4000.238999885778,14.881864729258094
-4566.49324662331,-0.00015290379342906122,-4000.238999885778,14.881864729258094
-4565.29264632316,-0.00015290379342906122,-4000.238999885778,14.881864729258094
-4564.09204602301,-0.00015290379342906122,-4000.238999885778,14.881864729258094
-4562.89144572286,-0.00015290379342906122,-4000.238999885778,14.881864729258094
-4561.69084542271,-0.00015290379342906122,-4000.238999885778,14.881864729258094
-4560.490245122559,-0.00015290379342906122,-4000.238999885778,14.881864729258094
-4559.289644822409,-0.00015290379342906122,-4000.238999885778,14.881864729258094
-4558.089044522259,-0.00015290379342906122,-4000.238999885778,14.881864729258094
-4556.888444222109,-0.00015290379342906122,-4000.238999885778,14.881864729258094
-4555.687843921959,-0.00015290379342906122,-4000.238999885778,14.881864729258094
-4554.487243621809,-0.00015290379342906122,-4000.238999885778,14.881864729258094
-4553.286643321659,-0.00015290379342906122,-4000.238999885778,14.881864729258094
-4552.086043021509,-0.00015290379342906122,-4000.238999885778,14.881864729258094
-4550.885442721359,-0.00015290379342906122,-4000.238999885778,14.881864729258094
-4549.6848424212085,-0.00015290379342906122,-4000.238999885778,14.881864729258094
-4548.484242121059,-0.00015290379342906122,-4000.238999885778,14.881864729258094
-4547.283641820908,-0.00015290379342906122,-4000.238999885778,14.881864729258094
-4546.083041520758,-0.00015290379342906122,-4000.238999885778,14.881864729258094
-4544.882441220609,-0.00015290379342906122,-4000.238999885778,14.881864729258094
-4543.681840920459,-0.00015290379342906122,-4000.238999885778,14.881864729258094
-4542.481240620308,-0.00015290379342906122,-4000.238999885778,14.881864729258094
-4541.280640320158,-0.00015290379342906122,-4000.238999885778,14.881864729258094
-4540.080040020009,-0.00015290379342906122,-4000.238999885778,14.881864729258094
-4538.879439719858,-0.00015290379342906122,-4000.238999885778,14.881864729258094
-4537.678839419708,-0.00015290379342906122,-4000.238999885778,14.881864729258094
-4536.478239119559,-0.00015290379342906122,-4000.238999885778,14.881864729258094
-4535.277638819408,-0.00015290379342906122,-4000.238999885778,14.881864729258094
-4534.077038519257,-0.00015290379342906122,-4000.238999885778,14.881864729258094
-4532.8764382191075,-0.00015290379342906122,-4000.238999885778,14.881864729258094
-4531.675837918958,-0.00015290379342906122,-4000.238999885778,14.881864729258094
-4530.475237618807,-0.00015290379342906122,-4000.238999885778,14.881864729258094
-4529.274637318657,-0.00015290379342906122,-4000.238999885778,14.881864729258094
-4528.074037018508,-0.00015290379342906122,-4000.238999885778,14.881864729258094
-4526.873436718357,-0.00015290379342906122,-4000.238999885778,14.881864729258094
-4525.672836418207,-0.00015290379342906122,-4000.238999885778,14.881864729258094
-4524.4722361180575,-0.00015290379342906122,-4000.238999885778,14.881864729258094
-4523.271635817908,-0.00015290379342906122,-4000.238999885778,14.881864729258094
-4522.071035517757,-0.00015290379342906122,-4000.238999885778,14.881864729258094
-4520.870435217607,-0.00015290379342906122,-4000.238999885778,14.881864729258094
-4519.669834917457,-0.00015290379342906122,-4000.238999885778,14.881864729258094
-4518.469234617307,-0.00015290379342906122,-4000.238999885778,14.881864729258094
-4517.268634317157,-0.00015290379342906122,-4000.238999885778,14.881864729258094
-4516.0680340170065,-0.00015290379342906122,-4000.238999885778,14.881864729258094
-4514.867433716857,-0.00015290379342906122,-4000.238999885778,14.881864729258094
-4513.666833416707,-0.00015290379342906122,-4000.238999885778,14.881864729258094
-4512.466233116556,-0.00015290379342906122,-4000.238999885778,14.881864729258094
-4511.265632816407,-0.00015290379342906122,-4000.238999885778,14.881864729258094
-4510.065032516257,-0.00015290379342906122,-4000.238999885778,14.881864729258094
-4508.864432216106,-0.00015290379342906122,-4000.238999885778,14.881864729258094
-4507.663831915956,-0.00015290379342906122,-4000.238999885778,14.881864729258094
-4506.463231615806,-0.00015290379342906122,-4000.238999885778,14.881864729258094
-4505.262631315656,-0.00015290379342906122,-4000.238999885778,14.881864729258094
-4504.062031015505,-0.00015290379342906122,-4000.238999885778,14.881864729258094
-4502.861430715356,-0.00015290379342906122,-4000.238999885778,14.881864729258094
-4501.660830415206,-0.00015290379342906122,-4000.238999885778,14.881864729258094
-4500.460230115056,-0.00015290379342906122,-4000.238999885778,14.881864729258094
-4499.259629814906,-0.00015290379342906122,-4000.238999885778,14.881864729258094
-4498.059029514756,-0.00015290379342906122,-4000.238999885778,14.881864729258094
-4496.858429214606,-0.00015290379342906122,-4000.238999885778,14.881864729258094
-4495.657828914455,-0.00015290379342906122,-4000.238999885778,14.881864729258094
-4494.457228614306,-0.00015290379342906122,-4000.238999885778,14.881864729258094
-4493.256628314155,-0.00015290379342906122,-4000.238999885778,14.881864729258094
-4492.056028014005,-0.00015290379342906122,-4000.238999885778,14.881864729258094
-4490.8554277138555,-0.00015290379342906122,-4000.238999885778,14.881864729258094
-4489.654827413705,-0.00015290379342906122,-4000.238999885778,14.881864729258094
-4488.454227113555,-0.00015290379342906122,-4000.238999885778,14.881864729258094
-4487.253626813405,-0.00015290379342906122,-4000.238999885778,14.881864729258094
-4486.053026513255,-0.00015290379342906122,-4000.238999885778,14.881864729258094
-4484.852426213105,-0.00015290379342906122,-4000.238999885778,14.881864729258094
-4483.651825912955,-0.00015290379342906122,-4000.238999885778,14.881864729258094
-4482.451225612805,-0.00015290379342906122,-4000.238999885778,14.881864729258094
-4481.250625312654,-0.00015290379342906122,-4000.238999885778,14.881864729258094
-4480.050025012504,-0.00015290379342906122,-4000.238999885778,14.881864729258094
-4478.849424712354,-0.00015290379342906122,-4000.238999885778,14.881864729258094
-4477.648824412205,-0.00015290379342906122,-4000.238999885778,14.881864729258094
-4476.448224112054,-0.00015290379342906122,-4000.238999885778,14.881864729258094
-4475.247623811904,-0.00015290379342906122,-4000.238999885778,14.881864729258094
-4474.047023511755,-0.00015290379342906122,-4000.238999885778,14.881864729258094
-4472.846423211604,-0.00015290379342906122,-4000.238999885778,14.881864729258094
-4471.645822911454,-0.00015290379342906122,-4000.238999885778,14.881864729258094
-4470.445222611304,-0.00015290379342906122,-4000.238999885778,14.881864729258094
-4469.244622311154,-0.00015290379342906122,-4000.238999885778,14.881864729258094
-4468.044022011004,-0.00015290379342906122,-4000.238999885778,14.881864729258094
-4466.843421710854,-0.00015290379342906122,-4000.238999885778,14.881864729258094
-4465.642821410704,-0.00015290379342906122,-4000.238999885778,14.881864729258094
-4464.442221110554,-0.00015290379342906122,-4000.238999885778,14.881864729258094
-4463.241620810403,-0.00015290379342906122,-4000.238999885778,14.881864729258094
-4462.0410205102535,-0.00015290379342906122,-4000.238999885778,14.881864729258094
-4460.840420210104,-0.00015290379342906122,-4000.238999885778,14.881864729258094
-4459.639819909953,-0.00015290379342906122,-4000.238999885778,14.881864729258094
-4458.439219609803,-0.00015290379342906122,-4000.238999885778,14.881864729258094
-4457.238619309654,-0.00015290379342906122,-4000.238999885778,14.881864729258094
-4456.038019009503,-0.00015290379342906122,-4000.238999885778,14.881864729258094
-4454.837418709353,-0.0001517060090291713,-4000.238999885778,14.881864729258094
-4453.636818409203,-0.00015138107456798234,-4000.238999885778,14.881864729258094
-4452.436218109054,-0.00015100506101133803,-4000.238999885778,14.881864729258094
-4451.235617808903,-0.0001505731686328823,-4000.238999885778,14.881864729258094
-4450.035017508752,-0.00015009278666814786,-4000.238999885778,14.881864729258094
-4448.834417208603,-0.00014956330567570937,-4000.238999885778,14.881864729258094
-4447.633816908453,-0.00014897785252524921,-4000.238999885778,14.881864729258094
-4446.433216608302,-0.00014834514331379348,-4000.238999885778,14.881864729258094
-4445.2326163081525,-0.00014766589642655438,-4000.238999885778,14.881864729258094
-4444.032016008003,-0.00014693250468398382,-4000.238999885778,14.881864729258094
-4442.831415707852,-0.00014615398225548436,-4000.238999885778,14.881864729258094
-4441.630815407702,-0.00014533168580675213,-4000.238999885778,14.881864729258094
-4440.430215107553,-0.00014446008525487888,-4000.238999885778,14.881864729258094
-4439.229614807402,-0.00014354569960478027,-4000.238999885778,14.881864729258094
-4438.029014507252,-0.00014259133970813035,-4000.238999885778,14.881864729258094
-4436.828414207102,-0.00014159349930017808,-4000.238999885778,14.881864729258094
-4435.627813906952,-0.00014055628006790722,-4000.238999885778,14.881864729258094
-4434.427213606802,-0.00013948432416059143,-4000.238999885778,14.881864729258094
-4433.226613306651,-0.00013837544248426078,-4000.238999885778,14.881864729258094
-4432.026013006502,-0.00013723216774581953,-4000.238999885778,14.881864729258094
-4430.825412706352,-0.00013605945411173422,-4000.238999885778,14.881864729258094
-4429.624812406202,-0.00013485734123936657,-4000.238999885778,14.881864729258094
-4428.4242121060515,-0.0001336270143831368,-4000.238999885778,14.881864729258094
-4427.223611805902,-0.00013237381474884798,-4000.238999885778,14.881864729258094
-4426.023011505752,-0.0001310990417580017,-4000.238999885778,14.881864729258094
-4424.822411205601,-0.0001298034090640049,-4000.238999885778,14.881864729258094
-4423.621810905451,-0.00012849178192765075,-4000.238999885778,14.881864729258094
-4422.421210605301,-0.00012716691025270964,-4000.238999885778,14.881864729258094
-4421.220610305151,-0.00012582982235261368,-4000.238999885778,14.881864729258094
-4420.020010005001,-0.00012448500759881708,-4000.238999885778,14.881864729258094
-4418.819409704851,-0.00012313492110351953,-4000.238999885778,14.881864729258094
-4417.618809404701,-0.00012178200785805326,-4000.238999885778,14.881864729258094
-4416.41820910455,-0.00012042963089726016,-4000.238999885778,14.881864729258094
-4415.217608804401,-0.00011908036820288025,-4000.238999885778,14.881864729258094
-4414.017008504251,-0.00011773808397668191,-4000.238999885778,14.881864729258094
-4412.8164082041,-0.00011640515407176601,-4000.238999885778,14.881864729258094
-4411.615807903951,-0.00011508392893272462,-4000.238999885778,14.881864729258094
-4410.4152076038,-0.0001137791656929227,-4000.238999885778,14.881864729258094
-4409.21460730365,-0.0001124931362844255,-4000.238999885778,14.881864729258094
-4408.0140070035,-0.00011122738703427255,-4000.238999885778,14.881864729258094
-4406.813406703351,-0.00010998708844038411,-4000.238999885778,14.881864729258094
-4405.6128064032,-0.0001087752950770254,-4000.238999885778,14.881864729258094
-4404.41220610305,-0.00010759226341832377,-4000.238999885778,14.881864729258094
-4403.2116058029005,-0.0001064428730771163,-4000.238999885778,14.881864729258094
-4402.01100550275,-0.00010533189038086535,-4000.238999885778,14.881864729258094
-4400.8104052026,-0.00010425775319942476,-4000.238999885778,14.881864729258094
-4399.60980490245,-0.00010322457566527002,-4000.238999885778,14.881864729258094
-4398.4092046023,-0.00010223962517241563,-4000.238999885778,14.881864729258094
-4397.208604302149,-0.0001012990511491533,-4000.238999885778,14.881864729258094
-4396.008004001999,-0.0001004056965563999,-4000.238999885778,14.881864729258094
-4394.80740370185,-9.957003631951198e-05,-4000.238999885778,14.881864729258094
-4393.606803401699,-9.87855435118557e-05,-4000.238999885778,14.881864729258094
-4392.406203101549,-9.805408848871254e-05,-4000.238999885778,14.881864729258094
-4391.205602801399,-9.738768538815765e-05,-4000.238999885778,14.881864729258094
-4390.005002501249,-9.677906455055256e-05,-4000.238999885778,14.881864729258094
-4388.804402201099,-9.62290449830545e-05,-4000.238999885778,14.881864729258094
-4387.603801900949,-9.574848342824388e-05,-4000.238999885778,14.881864729258094
-4386.4032016008,-9.533225865218187e-05,-4000.238999885778,14.881864729258094
-4385.202601300649,-9.497906922555245e-05,-4000.238999885778,14.881864729258094
-4384.002001000499,-9.469813263381876e-05,-4000.238999885778,14.881864729258094
-4382.8014007003485,-9.448704874530096e-05,-4000.238999885778,14.881864729258094
-4381.600800400199,-9.43421857116578e-05,-4000.238999885778,14.881864729258094
-4380.400200100049,-9.427089040602566e-05,-4000.238999885778,14.881864729258094
-4379.199599799898,-9.427342668130702e-05,-4000.238999885778,14.881864729258094
-4377.998999499749,-9.434407974857765e-05,-4000.238999885778,14.881864729258094
-4376.798399199599,-9.448763952589632e-05,-4000.238999885778,14.881864729258094
-4375.597798899448,-9.470811874697597e-05,-4000.238999885778,14.881864729258094
-4374.3971985992985,-9.499685400670017e-05,-4000.238999885778,14.881864729258094
-4373.196598299149,-9.535637337876116e-05,-4000.238999885778,14.881864729258094
-4371.995997998998,-9.579388857125426e-05,-4000.238999885778,14.881864729258094
-4370.795397698847,-9.629839398425378e-05,-4000.238999885778,14.881864729258094
-4369.594797398698,-9.687001416365678e-05,-4000.238999885778,14.881864729258094
-4368.394197098548,-9.751881922923502e-05,-4000.238999885778,14.881864729258094
-4367.193596798397,-9.823176088353576e-05,-4000.238999885778,14.881864729258094
-4365.9929964982475,-9.900767899683293e-05,-4000.238999885778,14.881864729258094
-4364.792396198098,-9.985600444159775e-05,-4000.238999885778,14.881864729258094
-4363.591795897948,-0.00010076498030150104,-4000.238999885778,14.881864729258094
-4362.391195597797,-0.00010173200312143434,-4000.238999885778,14.881864729258094
-4361.190595297648,-0.00010276347133203963,-4000.238999885778,14.881864729258094
-4359.989994997498,-0.00010385106751299478,-4000.238999885778,14.881864729258094
-4358.789394697347,-0.00010499024530333156,-4000.238999885778,14.881864729258094
-4357.5887943971975,-0.00010618451437037987,-4000.238999885778,14.881864729258094
-4356.388194097048,-0.000107428468792772,-4000.238999885778,14.881864729258094
-4355.187593796897,-0.00010871607086632058,-4000.238999885778,14.881864729258094
-4353.986993496747,-0.0001100482348242749,-4000.238999885778,14.881864729258094
-4352.786393196597,-0.00011142166790254043,-4000.238999885778,14.881864729258094
-4351.585792896447,-0.00011282939737485587,-4000.238999885778,14.881864729258094
-4350.385192596297,-0.00011427135960628083,-4000.238999885778,14.881864729258094
-4349.184592296147,-0.00011574343927965873,-4000.238999885778,14.881864729258094
-4347.983991995997,-0.0001172393683577361,-4000.238999885778,14.881864729258094
-4346.783391695847,-0.00011875646856841847,-4000.238999885778,14.881864729258094
-4345.582791395696,-0.00012029243254569529,-4000.238999885778,14.881864729258094
-4344.382191095547,-0.0001218406121258603,-4000.238999885778,14.881864729258094
-4343.181590795397,-0.00012339807034612727,-4000.238999885778,14.881864729258094
-4341.980990495246,-0.00012496027796333453,-4000.238999885778,14.881864729258094
-4340.7803901950965,-0.0001265232314618289,-4000.238999885778,14.881864729258094
-4339.579789894946,-0.00012808147462652948,-4000.238999885778,14.881864729258094
-4338.379189594796,-0.00012962953563587146,-4000.238999885778,14.881864729258094
-4337.178589294646,-0.00013116435994184938,-4000.238999885778,14.881864729258094
-4335.977988994496,-0.0001326822627643037,-4000.238999885778,14.881864729258094
-4334.777388694346,-0.0001341754595098315,-4000.238999885778,14.881864729258094
-4333.576788394196,-0.00013564124254537296,-4000.238999885778,14.881864729258094
-4332.376188094046,-0.00013707657117841744,-4000.238999885778,14.881864729258094
-4331.175587793896,-0.00013847273085019086,-4000.238999885778,14.881864729258094
-4329.974987493746,-0.0001398264331939964,-4000.238999885778,14.881864729258094
-4328.774387193595,-0.00014113627880077377,-4000.238999885778,14.881864729258094
-4327.573786893446,-0.00014239346601071178,-4000.238999885778,14.881864729258094
-4326.373186593295,-0.0001435926028965066,-4000.238999885778,14.881864729258094
-4325.172586293145,-0.00014473476889652806,-4000.238999885778,14.881864729258094
-4323.9719859929955,-0.0001458119411670039,-4000.238999885778,14.881864729258094
-4322.771385692845,-0.00014681525500998422,-4000.238999885778,14.881864729258094
-4321.570785392695,-0.00014774906530965644,-4000.238999885778,14.881864729258094
-4320.370185092545,-0.00014860696817569982,-4000.238999885778,14.881864729258094
-4319.169584792395,-0.00014937537617203426,-4000.238999885778,14.881864729258094
-4317.968984492245,-0.00015006261184174793,-4000.238999885778,14.881864729258094
-4316.768384192095,-0.00015066467212323666,-4000.238999885778,14.881864729258094
-4315.5677838919455,-0.00015116214413120688,-4000.238999885778,14.881864729258094
-4314.367183591795,-0.00015156796739765002,-4000.238999885778,14.881864729258094
-4313.166583291644,-0.00015187935363468049,-4000.238999885778,14.881864729258094
-4311.9659829914945,-0.000152075903008215,-4000.238999885778,14.881864729258094
-4310.765382691345,-0.0001521697364223737,-4000.238999885778,14.881864729258094
-4309.564782391194,-0.00015216049776948712,-4000.238999885778,14.881864729258094
-4308.364182091044,-0.00015203003443891542,-4000.238999885778,14.881864729258094
-4307.163581790895,-0.0001517864629865665,-4000.238999885778,14.881864729258094
-4305.962981490744,-0.0001514329674709283,-4000.238999885778,14.881864729258094
-4304.762381190594,-0.00015095442428968535,-4000.238999885778,14.881864729258094
-4303.561780890444,-0.0001503538786112439,-4000.238999885778,14.881864729258094
-4302.361180590294,-0.00014963861917442045,-4000.238999885778,14.881864729258094
-4301.160580290144,-0.00014879704623352882,-4000.238999885778,14.881864729258094
-4299.959979989993,-0.00014782657228504015,-4000.238999885778,14.881864729258094
-4298.759379689844,-0.00014673873736349791,-4000.238999885778,14.881864729258094
-4297.558779389694,-0.00014552588198213297,-4000.238999885778,14.881864729258094
-4296.358179089543,-0.00014417981298986586,-4000.238999885778,14.881864729258094
-4295.1575787893935,-0.00014271618033193535,-4000.238999885778,14.881864729258094
-4293.956978489244,-0.0001411311389044487,-4000.238999885778,14.881864729258094
-4292.756378189094,-0.00013941099357909332,-4000.238999885778,14.881864729258094
-4291.555777888943,-0.0001375754384811901,-4000.238999885778,14.881864729258094
-4290.355177588794,-0.0001356249529155221,-4000.238999885778,14.881864729258094
-4289.154577288644,-0.00013354062807367347,-4000.238999885778,14.881864729258094
-4287.953976988493,-0.00013134561050694805,-4000.238999885778,14.881864729258094
-4286.7533766883425,-0.0001290418958968725,-4000.238999885778,14.881864729258094
-4285.552776388193,-0.00012661365054750272,-4000.238999885778,14.881864729258094
-4284.352176088043,-0.00012407970442590555,-4000.238999885778,14.881864729258094
-4283.151575787892,-0.00012144509969816452,-4000.238999885778,14.881864729258094
-4281.950975487743,-0.00011869913268318727,-4000.238999885778,14.881864729258094
-4280.750375187593,-0.00011585478401168933,-4000.238999885778,14.881864729258094
-4279.549774887442,-0.00011292037330641946,-4000.238999885778,14.881864729258094
-4278.3491745872925,-0.00010989000523454483,-4000.238999885778,14.881864729258094
-4277.148574287143,-0.00010677173476046863,-4000.238999885778,14.881864729258094
-4275.947973986992,-0.00010357641624322316,-4000.238999885778,14.881864729258094
-4274.747373686842,-0.00010030244686510948,-4000.238999885778,14.881864729258094
-4273.546773386692,-9.69542747552886e-05,-4000.238999885778,14.881864729258094
-4272.346173086542,-9.354433234737348e-05,-4000.238999885778,14.881864729258094
-4271.145572786392,-9.007456494885542e-05,-4000.238999885778,14.881864729258094
-4269.9449724862425,-8.65475028157293e-05,-4000.238999885778,14.881864729258094
-4268.744372186092,-8.297600390334821e-05,-4000.238999885778,14.881864729258094
-4267.543771885942,-7.936461109874907e-05,-4000.238999885778,14.881864729258094
-4266.343171585792,-7.571594355714868e-05,-4000.238999885778,14.881864729258094
-4265.142571285642,-7.204196770288698e-05,-4000.238999885778,14.881864729258094
-4263.941970985492,-6.834869455739737e-05,-4000.238999885778,14.881864729258094
-4262.741370685342,-6.46410955487303e-05,-4000.238999885778,14.881864729258094
-4261.5407703851915,-6.092880043676529e-05,-4000.238999885778,14.881864729258094
-4260.340170085042,-5.7218245363904914e-05,-4000.238999885778,14.881864729258094
-4259.139569784892,-5.3518508950161514e-05,-4000.238999885778,14.881864729258094
-4257.938969484741,-4.983604359970707e-05,-4000.238999885778,14.881864729258094
-4256.738369184591,-4.617731828180308e-05,-4000.238999885778,14.881864729258094
-4255.537768884441,-4.2554423979124445e-05,-4000.238999885778,14.881864729258094
-4254.337168584291,-3.8972702561768384e-05,-4000.238999885778,14.881864729258094
-4253.136568284141,-3.5437317966429275e-05,-4000.238999885778,14.881864729258094
-4251.935967983991,-3.195912959113532e-05,-4000.238999885778,14.881864729258094
-4250.735367683841,-2.855039444055757e-05,-4000.238999885778,14.881864729258094
-4249.534767383691,-2.5210744804555606e-05,-4000.238999885778,14.881864729258094
-4248.334167083541,-2.1954134174524952e-05,-4000.238999885778,14.881864729258094
-4247.133566783391,-1.8790769539316494e-05,-4000.238999885778,14.881864729258094
-4245.932966483241,-1.5718911715942828e-05,-4000.238999885778,14.881864729258094
-4244.732366183091,-1.2751262012579033e-05,-4000.238999885778,14.881864729258094
-4243.531765882941,-9.90398605908561e-06,-4000.238999885778,14.881864729258094
-4242.33116558279,-7.169815369156211e-06,-4000.238999885778,14.881864729258094
-4241.13056528264,-4.558769728272297e-06,-4000.238999885778,14.881864729258094
-4239.929964982491,-2.0951044548988044e-06,-4000.238999885778,14.881864729258094
-4238.72936468234,2.352099095480906e-07,-4000.238999885778,14.881864729258094
-4237.52876438219,2.4261034584845977e-06,-4000.238999885778,14.881864729258094
-4236.3281640820405,4.443350269947566e-06,-4000.238999885778,14.881864729258094
-4235.12756378189,6.308805240923021e-06,-4000.238999885778,14.881864729258094
-4233.92696348174,8.017373071553469e-06,-4000.238999885778,14.881864729258094
-4232.72636318159,9.536194755358418e-06,-4000.238999885778,14.881864729258094
-4231.52576288144,1.0882872658559464e-05,-4000.238999885778,14.881864729258094
-4230.325162581289,1.2057405010382487e-05,-4000.238999885778,14.881864729258094
-4229.124562281139,1.3030562443078523e-05,-4000.238999885778,14.881864729258094
-4227.92396198099,1.3813017706333034e-05,-4000.238999885778,14.881864729258094
-4226.72336168084,1.4411069512252001e-05,-4000.238999885778,14.881864729258094
-4225.522761380689,1.4800392860294162e-05,-4000.238999885778,14.881864729258094
-4224.322161080539,1.4983239994741245e-05,-4000.238999885778,14.881864729258094
-4223.12156078039,1.4972886152651507e-05,-4000.238999885778,14.881864729258094
-4221.920960480239,1.4750936196511921e-05,-4000.238999885778,14.881864729258094
-4220.720360180089,1.431028145992228e-05,-4000.238999885778,14.881864729258094
-4219.51975987994,1.3671873116310952e-05,-4000.238999885778,14.881864729258094
-4218.319159579789,1.2823363628105107e-05,-4000.238999885778,14.881864729258094
-4217.118559279639,1.1748086819103268e-05,-4000.238999885778,14.881864729258094
-4215.9179589794885,1.0474047923551014e-05,-4000.238999885778,14.881864729258094
-4214.717358679339,8.996878306256385e-06,-4000.238999885778,14.881864729258094
-4213.516758379189,7.289954047225557e-06,-4000.238999885778,14.881864729258094
-4212.316158079038,5.388246319674235e-06,-4000.238999885778,14.881864729258094
-4211.115557778889,3.2938883322264606e-06,-4000.238999885778,14.881864729258094
-4209.914957478739,9.731401148554877e-07,-4000.238999885778,14.881864729258094
-4208.714357178588,-1.5336161402262015e-06,-4000.238999885778,14.881864729258094
-4207.5137568784385,-4.222679621833299e-06,-4000.238999885778,14.881864729258094
-4206.313156578289,-7.118741097579919e-06,-4000.238999885778,14.881864729258094
-4205.112556278138,-1.019190819047573e-05,-4000.238999885778,14.881864729258094
-4203.911955977988,-1.3431919448053529e-05,-4000.238999885778,14.881864729258094
-4202.711355677838,-1.685443760949691e-05,-4000.238999885778,14.881864729258094
-4201.510755377688,-2.043894052375535e-05,-4000.238999885778,14.881864729258094
-4200.310155077538,-2.4170179910265566e-05,-4000.238999885778,14.881864729258094
-4199.1095547773875,-2.8054307863187078e-05,-4000.238999885778,14.881864729258094
-4197.908954477238,-3.2078573827500883e-05,-4000.238999885778,14.881864729258094
-4196.708354177088,-3.622307874844201e-05,-4000.238999885778,14.881864729258094
-4195.507753876937,-4.048725535242319e-05,-4000.238999885778,14.881864729258094
-4194.307153576788,-4.4862663694419266e-05,-4000.238999885778,14.881864729258094
-4193.106553276638,-4.932688963466388e-05,-4000.238999885778,14.881864729258094
-4191.905952976487,-5.3876324350458164e-05,-4000.238999885778,14.881864729258094
-4190.7053526763375,-5.850048158132584e-05,-4000.238999885778,14.881864729258094
-4189.504752376187,-6.317789504574026e-05,-4000.238999885778,14.881864729258094
-4188.304152076037,-6.789510953625318e-05,-4000.238999885778,14.881864729258094
-4187.103551775887,-7.264405378245645e-05,-4000.238999885778,14.881864729258094
-4185.902951475737,-7.740541749689775e-05,-4000.238999885778,14.881864729258094
-4184.702351175587,-8.216591128832621e-05,-4000.238999885778,14.881864729258094
-4183.501750875437,-8.690636290497198e-05,-4000.238999885778,14.881864729258094
-4182.301150575287,-9.161373670760205e-05,-4000.238999885778,14.881864729258094
-4181.100550275137,-9.627402192112348e-05,-4000.238999885778,14.881864729258094
-4179.899949974987,-0.00010085938923689278,-4000.238999885778,14.881864729258094
-4178.699349674837,-0.00010536045230912419,-4000.238999885778,14.881864729258094
-4177.498749374687,-0.00010976366611958141,-4000.238999885778,14.881864729258094
-4176.298149074536,-0.00011403548970425871,-4000.238999885778,14.881864729258094
-4175.097548774386,-0.00011816532053434157,-4000.238999885778,14.881864729258094
-4173.8969484742365,-0.0001221435549141555,-4000.238999885778,14.881864729258094
-4172.696348174086,-0.00012593341373945795,-4000.238999885778,14.881864729258094
-4171.495747873936,-0.00012951747229683196,-4000.238999885778,14.881864729258094
-4170.295147573786,-0.00013289346135912647,-4000.238999885778,14.881864729258094
-4169.094547273636,-0.00013602450971280598,-4000.238999885778,14.881864729258094
-4167.893946973486,-0.0001388803378501641,-4000.238999885778,14.881864729258094
-4166.693346673336,-0.00014146952532929953,-4000.238999885778,14.881864729258094
-4165.492746373186,-0.00014375857151321033,-4000.238999885778,14.881864729258094
-4164.292146073036,-0.00014569787244811207,-4000.238999885778,14.881864729258094
-4163.091545772886,-0.00014731074036474233,-4000.238999885778,14.881864729258094
-4161.890945472735,-0.00014857053739325137,-4000.238999885778,14.881864729258094
-4160.690345172586,-0.00014940180889137593,-4000.238999885778,14.881864729258094
-4159.489744872435,-0.0001498465575849947,-4000.238999885778,14.881864729258094
-4158.289144572285,-0.0001498864761871598,-4000.238999885778,14.881864729258094
-4157.088544272136,-0.00014941906788144566,-4000.238999885778,14.881864729258094
-4155.887943971986,-0.00014850336424034895,-4000.238999885778,14.881864729258094
-4154.687343671835,-0.000147123041284799,-4000.238999885778,14.881864729258094
-4153.486743371685,-0.00014517955586104795,-4000.238999885778,14.881864729258094
-4152.286143071536,-0.000142714579315683,-4000.238999885778,14.881864729258094
-4151.085542771385,-0.000139726738156005,-4000.238999885778,14.881864729258094
-4149.884942471235,-0.00013612461524182892,-4000.238999885778,14.881864729258094
-4148.6843421710855,-0.00013192713223638525,-4000.238999885778,14.881864729258094
-4147.483741870935,-0.00012715094582615473,-4000.238999885778,14.881864729258094
-4146.283141570784,-0.00012171535795486285,-4000.238999885778,14.881864729258094
-4145.0825412706345,-0.00011561060580086734,-4000.238999885778,14.881864729258094
-4143.881940970485,-0.00010887632376169205,-4000.238999885778,14.881864729258094
-4142.681340670334,-0.00010144318361978993,-4000.238999885778,14.881864729258094
-4141.480740370184,-9.326804312239165e-05,-4000.238999885778,14.881864729258094
-4140.280140070035,-8.441333170816296e-05,-4000.238999885778,14.881864729258094
-4139.079539769884,-7.483057160017319e-05,-4000.238999885778,14.881864729258094
-4137.878939469734,-6.443614912315498e-05,-4000.238999885778,14.881864729258094
-4136.678339169584,-5.3318799369667905e-05,-4000.238999885778,14.881864729258094
-4135.477738869435,-4.145078531102223e-05,-4000.238999885778,14.881864729258094
-4134.277138569284,-2.8704913034760998e-05,-4000.238999885778,14.881864729258094
-4133.076538269134,-1.5198532395111028e-05,-4000.238999885778,14.881864729258094
-4131.875937968984,-9.220885139028475e-07,-4000.238999885778,14.881864729258094
-4130.675337668834,1.428187932957795e-05,-4000.238999885778,14.881864729258094
-4129.474737368684,3.028234261032831e-05,-4000.238999885778,14.881864729258094
-4128.2741370685335,4.708171702677138e-05,-4000.238999885778,14.881864729258094
-4127.073536768384,6.481669021703986e-05,-4000.238999885778,14.881864729258094
-4125.872936468234,8.339433139977192e-05,-4000.238999885778,14.881864729258094
-4124.672336168083,0.00010279184375373696,-4000.238999885778,14.881864729258094
-4123.471735867934,0.00012312279158095373,-4000.238999885778,14.881864729258094
-4122.271135567784,0.0001443354857853427,-4000.238999885778,14.881864729258094
-4121.070535267633,0.00016638077181666284,-4000.238999885778,14.881864729258094
-4119.869934967483,0.00018934711706904646,-4000.238999885778,14.881864729258094
-4118.669334667333,0.000213225903214892,-4000.238999885778,14.881864729258094
-4117.468734367183,0.00023794122807730368,-4000.238999885778,14.881864729258094
-4116.268134067033,0.0002635552156678943,-4000.238999885778,14.881864729258094
-4115.067533766883,0.00029010270844160636,-4000.238999885778,14.881864729258094
-4113.866933466733,0.0003174814788864689,-4000.238999885778,14.881864729258094
-4112.666333166583,0.0003457268482775543,-4000.238999885778,14.881864729258094
-4111.4657328664325,0.00037491597387790787,-4000.238999885778,14.881864729258094
-4110.265132566283,0.00040492158319597093,-4000.238999885778,14.881864729258094
-4109.064532266133,0.00043575257074845736,-4000.238999885778,14.881864729258094
-4107.863931965982,0.00046752565930938453,-4000.238999885778,14.881864729258094
-4106.663331665833,0.0005000906964268128,-4000.238999885778,14.881864729258094
-4105.462731365682,0.0005334383831042772,-4000.238999885778,14.881864729258094
-4104.262131065532,0.0005676996449151947,-4000.238999885778,14.881864729258094
-4103.0615307653825,0.0006027254858189425,-4000.238999885778,14.881864729258094
-4101.860930465232,0.0006384966578439739,-4000.238999885778,14.881864729258094
-4100.660330165082,0.0006751129109095318,-4000.238999885778,14.881864729258094
-4099.459729864932,0.0007124697080839533,-4000.238999885778,14.881864729258094
-4098.259129564782,0.0007505247699747926,-4000.238999885778,14.881864729258094
-4097.058529264632,0.0007893479038917859,-4000.238999885778,14.881864729258094
-4095.8579289644817,0.0008288749835352704,-4000.238999885778,14.881864729258094
-4094.6573286643315,0.0008690437232435535,-4000.238999885778,14.881864729258094
-4093.456728364182,0.0009098961131195828,-4000.238999885778,14.881864729258094
-4092.2561280640316,0.0009514027841360899,-4000.238999885778,14.881864729258094
-4091.0555277638814,0.0009934853117768505,-4000.238999885778,14.881864729258094
-4089.8549274637317,0.0010361608628063695,-4000.238999885778,14.881864729258094
-4088.6543271635815,0.0010794276356397758,-4000.238999885778,14.881864729258094
-4087.4537268634317,0.0011231957302127002,-4000.238999885778,14.881864729258094
-4086.2531265632815,0.001167461309068989,-4000.238999885778,14.881864729258094
-4085.052526263131,0.0012122415164588212,-4000.238999885778,14.881864729258094
-4083.851925962981,0.001257440370745132,-4000.238999885778,14.881864729258094
-4082.651325662831,0.0013030376125800678,-4000.238999885778,14.881864729258094
-4081.4507253626807,0.001349059418357455,-4000.238999885778,14.881864729258094
-4080.250125062531,0.001395409768771384,-4000.238999885778,14.881864729258094
-4079.0495247623808,0.0014420602320377488,-4000.238999885778,14.881864729258094
-4077.8489244622306,0.0014890258956566118,-4000.238999885778,14.881864729258094
-4076.648324162081,0.0015362261979660085,-4000.238999885778,14.881864729258094
-4075.4477238619306,0.0015836283686086353,-4000.238999885778,14.881864729258094
-4074.2471235617804,0.0016312229150804774,-4000.238999885778,14.881864729258094
-4073.0465232616307,0.0016789533686799763,-4000.238999885778,14.881864729258094
-4071.84592296148,0.0017267814932532678,-4000.238999885778,14.881864729258094
-4070.6453226613303,0.0017746791093109168,-4000.238999885778,14.881864729258094
-4069.44472236118,0.0018226030222964964,-4000.238999885778,14.881864729258094
-4068.24412206103,0.0018705163410926552,-4000.238999885778,14.881864729258094
-4067.04352176088,0.0019183779134574403,-4000.238999885778,14.881864729258094
-4065.84292146073,0.0019661462389168748,-4000.238999885778,14.881864729258094
-4064.64232116058,0.0020137924701909035,-4000.238999885778,14.881864729258094
-4063.44172086043,0.002061268895155568,-4000.238999885778,14.881864729258094
-4062.24112056028,0.0021085235609963793,-4000.238999885778,14.881864729258094
-4061.04052026013,0.002155542573668205,-4000.238999885778,14.881864729258094
-4059.83991995998,0.002202278356470992,-4000.238999885778,14.881864729258094
-4058.639319659829,0.0022486560550962886,-4000.238999885778,14.881864729258094
-4057.4387193596795,0.0022946837047547373,-4000.238999885778,14.881864729258094
-4056.2381190595293,0.0023403206993241692,-4000.238999885778,14.881864729258094
-4055.037518759379,0.002385456807391841,-4000.238999885778,14.881864729258094
-4053.8369184592293,0.0024301288866402184,-4000.238999885778,14.881864729258094
-4052.636318159079,0.002474302933592759,-4000.238999885778,14.881864729258094
-4051.435717858929,0.0025178427064347277,-4000.238999885778,14.881864729258094
-4050.235117558779,0.002560798958445712,-4000.238999885778,14.881864729258094
-4049.034517258629,0.0026031456364440392,-4000.238999885778,14.881864729258094
-4047.833916958479,0.0026447463610042156,-4000.238999885778,14.881864729258094
-4046.633316658329,0.002685634503715676,-4000.238999885778,14.881864729258094
-4045.4327163581793,0.0027258048562981752,-4000.238999885778,14.881864729258094
-4044.232116058029,0.0027651279974129947,-4000.238999885778,14.881864729258094
-4043.0315157578784,0.002803607705116711,-4000.238999885778,14.881864729258094
-4041.8309154577287,0.002841265968223242,-4000.238999885778,14.881864729258094
-4040.6303151575785,0.0028779871793997336,-4000.238999885778,14.881864729258094
-4039.4297148574283,0.0029137339685923152,-4000.238999885778,14.881864729258094
-4038.2291145572785,0.0029485614153669432,-4000.238999885778,14.881864729258094
-4037.0285142571283,0.0029823741948304134,-4000.238999885778,14.881864729258094
-4035.827913956978,0.0030150831620864623,-4000.238999885778,14.881864729258094
-4034.6273136568284,0.003046781783506894,-4000.238999885778,14.881864729258094
-4033.426713356678,0.0030774009567830613,-4000.238999885778,14.881864729258094
-4032.226113056528,0.0031067903180787265,-4000.238999885778,14.881864729258094
-4031.0255127563782,0.003135086289530335,-4000.238999885778,14.881864729258094
-4029.8249124562276,0.003162251272204947,-4000.238999885778,14.881864729258094
-4028.6243121560774,0.0031880656555493014,-4000.238999885778,14.881864729258094
-4027.4237118559276,0.0032127125421169485,-4000.238999885778,14.881864729258094
-4026.2231115557775,0.0032361715301376963,-4000.238999885778,14.881864729258094
-4025.0225112556277,0.003258203785510907,-4000.238999885778,14.881864729258094
-4023.8219109554775,0.003278985442129782,-4000.238999885778,14.881864729258094
-4022.6213106553278,0.0032985180171799704,-4000.238999885778,14.881864729258094
-4021.4207103551776,0.003316591974777777,-4000.238999885778,14.881864729258094
-4020.2201100550274,0.003333325101416056,-4000.238999885778,14.881864729258094
-4019.0195097548776,0.0033487587478655944,-4000.238999885778,14.881864729258094
-4017.8189094547274,0.0033627173550772574,-4000.238999885778,14.881864729258094
-4016.6183091545768,0.0033752536717364073,-4000.238999885778,14.881864729258094
-4015.417708854427,0.0033864514954130343,-4000.238999885778,14.881864729258094
-4014.217108554277,0.003396172978701677,-4000.238999885778,14.881864729258094
-4013.0165082541266,0.0034044009901984616,-4000.238999885778,14.881864729258094
-4011.815907953977,0.003411263348479293,-4000.238999885778,14.881864729258094
-4010.6153076538267,0.0034166581792164225,-4000.238999885778,14.881864729258094
-4009.4147073536765,0.0034204678645104007,-4000.238999885778,14.881864729258094
-4008.2141070535267,0.0034229331051368215,-4000.238999885778,14.881864729258094
-4007.0135067533765,0.0034239623891222097,-4000.238999885778,14.881864729258094
-4005.8129064532263,0.0034233922118301584,-4000.238999885778,14.881864729258094
-4004.6123061530766,0.0034214387847108013,-4000.238999885778,14.881864729258094
-4003.411705852927,0.0034180894209960597,-4000.238999885778,14.881864729258094
-4002.2111055527757,0.0034131082171877697,-4000.238999885778,14.881864729258094
-4001.010505252626,0.0034067535296179135,-4000.238999885778,14.881864729258094
-3999.8099049524762,0.003399030705585655,-4000.238999885778,14.881864729258094
-3998.609304652326,0.003389706902344609,-4000.238999885778,14.881864729258094
-3997.408704352176,0.003379007588732972,-4000.238999885778,14.881864729258094
-3996.208104052026,0.0033669658268064722,-4000.238999885778,14.881864729258094
-3995.007503751876,0.0033533953527967145,-4000.238999885778,14.881864729258094
-3993.8069034517257,0.003338446598175657,-4000.238999885778,14.881864729258094
-3992.606303151576,0.003322192983679242,-4000.238999885778,14.881864729258094
-3991.4057028514258,0.0033044942618291385,-4000.238999885778,14.881864729258094
-3990.2051025512756,0.0032854286662008813,-4000.238999885778,14.881864729258094
-3989.004502251126,0.0032651072497390213,-4000.238999885778,14.881864729258094
-3987.803901950975,0.0032434341318411334,-4000.238999885778,14.881864729258094
-3986.603301650825,0.0032204201311068575,-4000.238999885778,14.881864729258094
-3985.402701350675,0.0031962102138992704,-4000.238999885778,14.881864729258094
-3984.202101050525,0.0031707501852287928,-4000.238999885778,14.881864729258094
-3983.001500750375,0.0031439900505672853,-4000.238999885778,14.881864729258094
-3981.800900450225,0.0031161040563612782,-4000.238999885778,14.881864729258094
-3980.6003001500753,0.0030870760547805185,-4000.238999885778,14.881864729258094
-3979.3996998499247,0.0030568034981306126,-4000.238999885778,14.881864729258094
-3978.199099549775,0.0030254844610938377,-4000.238999885778,14.881864729258094
-3976.998499249625,0.0029931363401537567,-4000.238999885778,14.881864729258094
-3975.797898949475,0.0029596137588233946,-4000.238999885778,14.881864729258094
-3974.5972986493243,0.0029251324620383763,-4000.238999885778,14.881864729258094
-3973.3966983491746,0.0028897203302539944,-4000.238999885778,14.881864729258094
-3972.1960980490244,0.0028532535306052304,-4000.238999885778,14.881864729258094
-3970.995497748874,0.002815905334481408,-4000.238999885778,14.881864729258094
-3969.7948974487244,0.00277772342480735,-4000.238999885778,14.881864729258094
-3968.5942971485742,0.002738625251630561,-4000.238999885778,14.881864729258094
-3967.393696848424,0.0026987266556503867,-4000.238999885778,14.881864729258094
-3966.1930965482743,0.002658097367845336,-4000.238999885778,14.881864729258094
-3964.992496248124,0.002616690685172053,-4000.238999885778,14.881864729258094
-3963.791895947974,0.0025745756698299046,-4000.238999885778,14.881864729258094
-3962.591295647824,0.0025318376944841263,-4000.238999885778,14.881864729258094
-3961.3906953476735,0.0024884599000697936,-4000.238999885778,14.881864729258094
-3960.1900950475233,0.00244447609863669,-4000.238999885778,14.881864729258094
-3958.9894947473736,0.002400057667448319,-4000.238999885778,14.881864729258094
-3957.788894447224,0.0023549798022867705,-4000.238999885778,14.881864729258094
-3956.588294147073,0.0023094845540863286,-4000.238999885778,14.881864729258094
-3955.3876938469234,0.00226359098900019,-4000.238999885778,14.881864729258094
-3954.1870935467737,0.002217322361232317,-4000.238999885778,14.881864729258094
-3952.9864932466235,0.0021706786985573705,-4000.238999885778,14.881864729258094
-3951.7858929464733,0.002123751104828228,-4000.238999885778,14.881864729258094
-3950.5852926463235,0.002076572695123979,-4000.238999885778,14.881864729258094
-3949.3846923461733,0.0020291453190109917,-4000.238999885778,14.881864729258094
-3948.184092046023,0.001981548086143947,-4000.238999885778,14.881864729258094
-3946.9834917458734,0.0019338150531512108,-4000.238999885778,14.881864729258094
-3945.7828914457227,0.0018859684551159191,-4000.238999885778,14.881864729258094
-3944.5822911455725,0.00183806242372632,-4000.238999885778,14.881864729258094
-3943.381690845423,0.0017901324198765023,-4000.238999885778,14.881864729258094
-3942.1810905452726,0.0017422177685231328,-4000.238999885778,14.881864729258094
-3940.9804902451224,0.00169435637187016,-4000.238999885778,14.881864729258094
-3939.7798899449726,0.0016465797364162817,-4000.238999885778,14.881864729258094
-3938.5792896448224,0.0015989372590350776,-4000.238999885778,14.881864729258094
-3937.3786893446722,0.001551462829829888,-4000.238999885778,14.881864729258094
-3936.1780890445225,0.001504177678453919,-4000.238999885778,14.881864729258094
-3934.9774887443727,0.0014571342768537185,-4000.238999885778,14.881864729258094
-3933.7768884442216,0.001410407943838737,-4000.238999885778,14.881864729258094
-3932.576288144072,0.001363978803649348,-4000.238999885778,14.881864729258094
-3931.375687843922,0.0013178450239084685,-4000.238999885778,14.881864729258094
-3930.175087543772,0.001272108530407406,-4000.238999885778,14.881864729258094
-3928.9744872436218,0.0012267536303916062,-4000.238999885778,14.881864729258094
-3927.773886943472,0.0011818172600108294,-4000.238999885778,14.881864729258094
-3926.573286643322,0.0011373281432857005,-4000.238999885778,14.881864729258094
-3925.3726863431716,0.0010934112989670398,-4000.238999885778,14.881864729258094
-3924.172086043022,0.0010499666254709362,-4000.238999885778,14.881864729258094
-3922.9714857428717,0.001007123077105187,-4000.238999885778,14.881864729258094
-3921.7708854427215,0.000964825085395896,-4000.238999885778,14.881864729258094
-3920.5702851425717,0.000923094490567503,-4000.238999885778,14.881864729258094
-3919.369684842421,0.0008820560732810019,-4000.238999885778,14.881864729258094
-3918.169084542271,0.0008416474906331223,-4000.238999885778,14.881864729258094
-3916.968484242121,0.000801873075200674,-4000.238999885778,14.881864729258094
-3915.767883941971,0.0007628464478093594,-4000.238999885778,14.881864729258094
-3914.5672836418207,0.0007245297954170278,-4000.238999885778,14.881864729258094
-3913.366683341671,0.0006869052116260351,-4000.238999885778,14.881864729258094
-3912.1660830415212,0.0006500720881462723,-4000.238999885778,14.881864729258094
-3910.9654827413706,0.0006140272934195478,-4000.238999885778,14.881864729258094
-3909.764882441221,0.000578716788130276,-4000.238999885778,14.881864729258094
-3908.564282141071,0.0005442250968226877,-4000.238999885778,14.881864729258094
-3907.363681840921,0.0005105836631942021,-4000.238999885778,14.881864729258094
-3906.1630815407702,0.0004777212039942401,-4000.238999885778,14.881864729258094
-3904.9624812406205,0.00044569105165189447,-4000.238999885778,14.881864729258094
-3903.7618809404703,0.00041455019433317235,-4000.238999885778,14.881864729258094
-3902.56128064032,0.00038423954648658296,-4000.238999885778,14.881864729258094
-3901.3606803401703,0.0003547694110693243,-4000.238999885778,14.881864729258094
-3900.16008004002,0.00032625529859488126,-4000.238999885778,14.881864729258094
-3898.95947973987,0.00029856681399845555,-4000.238999885778,14.881864729258094
-3897.75887943972,0.0002717091223959911,-4000.238999885778,14.881864729258094
-3896.55827913957,0.00024584515307759277,-4000.238999885778,14.881864729258094
-3895.35767883942,0.00022081705955993855,-4000.238999885778,14.881864729258094
-3894.15707853927,0.00019662517708386173,-4000.238999885778,14.881864729258094
-3892.95647823912,0.000173410245477535,-4000.238999885778,14.881864729258094
-3891.755877938969,0.00015105288069588397,-4000.238999885778,14.881864729258094
-3890.5552776388195,0.00012952927335721284,-4000.238999885778,14.881864729258094
-3889.3546773386697,0.00010895271836941357,-4000.238999885778,14.881864729258094
-3888.154077038519,8.924784102014644e-05,-4000.238999885778,14.881864729258094
-3886.9534767383693,7.036505904016533e-05,-4000.238999885778,14.881864729258094
-3885.7528764382196,5.238996039020897e-05,-4000.238999885778,14.881864729258094
-3884.5522761380694,3.529154677217841e-05,-4000.238999885778,14.881864729258094
-3883.351675837919,1.8995165760969922e-05,-4000.238999885778,14.881864729258094
-3882.1510755377694,3.5587481518128765e-06,-4000.238999885778,14.881864729258094
-3880.9504752376192,-1.1006507424906004e-05,-4000.238999885778,14.881864729258094
-3879.749874937469,-2.4797321160058495e-05,-4000.238999885778,14.881864729258094
-3878.5492746373193,-3.7781412046885554e-05,-4000.238999885778,14.881864729258094
-3877.3486743371686,-4.990899994487924e-05,-4000.238999885778,14.881864729258094
-3876.1480740370184,-6.129683478992652e-05,-4000.238999885778,14.881864729258094
-3874.9474737368687,-7.193683394721681e-05,-4000.238999885778,14.881864729258094
-3873.7468734367185,-8.174431973035198e-05,-4000.238999885778,14.881864729258094
-3872.5462731365683,-9.085299202240495e-05,-4000.238999885778,14.881864729258094
-3871.3456728364185,-9.92762610174932e-05,-4000.238999885778,14.881864729258094
-3870.1450725362683,-0.00010690046942619027,-4000.238999885778,14.881864729258094
-3868.944472236118,-0.00011387196216815755,-4000.238999885778,14.881864729258094
-3867.7438719359684,-0.00012020586522358217,-4000.238999885778,14.881864729258094
-3866.5432716358187,-0.00012581681796841357,-4000.238999885778,14.881864729258094
-3865.3426713356675,-0.00013080861066870603,-4000.238999885778,14.881864729258094
-3864.142071035518,-0.00013521496474796601,-4000.238999885778,14.881864729258094
-3862.941470735368,-0.00013897610673323403,-4000.238999885778,14.881864729258094
-3861.740870435218,-0.00014215835743960754,-4000.238999885778,14.881864729258094
-3860.5402701350677,-0.00014481064040253432,-4000.238999885778,14.881864729258094
-3859.339669834918,-0.00014689598617700447,-4000.238999885778,14.881864729258094
-3858.1390695347677,-0.00014844887429717673,-4000.238999885778,14.881864729258094
-3856.9384692346175,-0.00014952975312273588,-4000.238999885778,14.881864729258094
-3855.7378689344678,-0.00015012092522851745,-4000.238999885778,14.881864729258094
-3854.5372686343176,-0.0001502311434242263,-4000.238999885778,14.881864729258094
-3853.3366683341674,-0.00014992857898488187,-4000.238999885778,14.881864729258094
-3852.1360680340176,-0.0001492119852117663,-4000.238999885778,14.881864729258094
-3850.9354677338674,-0.00014807055991412386,-4000.238999885778,14.881864729258094
-3849.7348674337168,-0.0001465771105675114,-4000.238999885778,14.881864729258094
-3848.534267133567,-0.00014474182649268106,-4000.238999885778,14.881864729258094
-3847.333666833417,-0.00014254122851375004,-4000.238999885778,14.881864729258094
-3846.1330665332666,-0.0001400488193476942,-4000.238999885778,14.881864729258094
-3844.932466233117,-0.00013728250748407564,-4000.238999885778,14.881864729258094
-3843.731865932967,-0.00013421461351121786,-4000.238999885778,14.881864729258094
-3842.5312656328165,-0.00013091375212756018,-4000.238999885778,14.881864729258094
-3841.3306653326667,-0.00012739726008672298,-4000.238999885778,14.881864729258094
-3840.130065032517,-0.00012365342238861547,-4000.238999885778,14.881864729258094
-3838.929464732367,-0.00011972846671114224,-4000.238999885778,14.881864729258094
-3837.7288644322166,-0.00011564507535859242,-4000.238999885778,14.881864729258094
-3836.528264132067,-0.00011140309061075153,-4000.238999885778,14.881864729258094
-3835.327663831916,-0.00010703282467676623,-4000.238999885778,14.881864729258094
-3834.127063531766,-0.00010255834176875959,-4000.238999885778,14.881864729258094
-3832.9264632316163,-9.798755750689493e-05,-4000.238999885778,14.881864729258094
-3831.725862931466,-9.334114654237963e-05,-4000.238999885778,14.881864729258094
-3830.525262631316,-8.86413869613116e-05,-4000.238999885778,14.881864729258094
-3829.324662331166,-8.390101159530274e-05,-4000.238999885778,14.881864729258094
-3828.124062031016,-7.913660860056997e-05,-4000.238999885778,14.881864729258094
-3826.9234617308657,-7.436591591992036e-05,-4000.238999885778,14.881864729258094
-3825.722861430716,-6.960338107914005e-05,-4000.238999885778,14.881864729258094
-3824.5222611305658,-6.486650267651672e-05,-4000.238999885778,14.881864729258094
-3823.321660830415,-6.016612760657504e-05,-4000.238999885778,14.881864729258094
-3822.1210605302654,-5.551567632202951e-05,-4000.238999885778,14.881864729258094
-3820.9204602301156,-5.093783512647895e-05,-4000.238999885778,14.881864729258094
-3819.719859929965,-4.643465198904444e-05,-4000.238999885778,14.881864729258094
-3818.519259629815,-4.2016648809960156e-05,-4000.238999885778,14.881864729258094
-3817.3186593296655,-3.771381415336359e-05,-4000.238999885778,14.881864729258094
-3816.1180590295153,-3.351932554415252e-05,-4000.238999885778,14.881864729258094
-3814.917458729365,-2.944172668312004e-05,-4000.238999885778,14.881864729258094
-3813.7168584292153,-2.5511176743168204e-05,-4000.238999885778,14.881864729258094
-3812.516258129065,-2.171897117135148e-05,-4000.238999885778,14.881864729258094
-3811.315657828915,-1.8070662332075302e-05,-4000.238999885778,14.881864729258094
-3810.115057528765,-1.4595055844802664e-05,-4000.238999885778,14.881864729258094
-3808.9144572286145,-1.1287605944231466e-05,-4000.238999885778,14.881864729258094
-3807.7138569284643,-8.144927801830313e-06,-4000.238999885778,14.881864729258094
-3806.5132566283146,-5.190922216251928e-06,-4000.238999885778,14.881864729258094
-3805.3126563281644,-2.4287037380963457e-06,-4000.238999885778,14.881864729258094
-3804.112056028014,1.5264666226806655e-07,-4000.238999885778,14.881864729258094
-3802.9114557278644,2.5346724274763303e-06,-4000.238999885778,14.881864729258094
-3801.7108554277143,4.705898890287511e-06,-4000.238999885778,14.881864729258094
-3800.510255127564,6.685286312813472e-06,-4000.238999885778,14.881864729258094
-3799.3096548274143,8.460842729597135e-06,-4000.238999885778,14.881864729258094
-3798.1090545272646,1.0011595098830033e-05,-4000.238999885778,14.881864729258094
-3796.908454227114,1.136451205310205e-05,-4000.238999885778,14.881864729258094
-3795.707853926964,1.2514493868984346e-05,-4000.238999885778,14.881864729258094
-3794.5072536268144,1.343081490024544e-05,-4000.238999885778,14.881864729258094
-3793.3066533266638,1.4148025181561359e-05,-4000.238999885778,14.881864729258094
-3792.1060530265136,1.4666621012306125e-05,-4000.238999885778,14.881864729258094
-3790.905452726364,1.495063062307577e-05,-4000.238999885778,14.881864729258094
-3789.7048524262136,1.503732251841654e-05,-4000.238999885778,14.881864729258094
-3788.5042521260634,1.4929807032166035e-05,-4000.238999885778,14.881864729258094
-3787.3036518259137,1.4599957681565249e-05,-4000.238999885778,14.881864729258094
-3786.1030515257635,1.4074652634269829e-05,-4000.238999885778,14.881864729258094
-3784.9024512256133,1.3363486997158841e-05,-4000.238999885778,14.881864729258094
-3783.7018509254635,1.2446160718746602e-05,-4000.238999885778,14.881864729258094
-3782.5012506253133,1.1339723595247219e-05,-4000.238999885778,14.881864729258094
-3781.3006503251627,1.0059264262330693e-05,-4000.238999885778,14.881864729258094
-3780.100050025013,8.591716762129507e-06,-4000.238999885778,14.881864729258094
-3778.8994497248627,6.944896430552638e-06,-4000.238999885778,14.881864729258094
-3777.6988494247125,5.139003440764417e-06,-4000.238999885778,14.881864729258094
-3776.498249124563,3.1679331401263317e-06,-4000.238999885778,14.881864729258094
-3775.297648824413,1.031733329363133e-06,-4000.238999885778,14.881864729258094
-3774.0970485242624,-1.2459989240967933e-06,-4000.238999885778,14.881864729258094
-3772.8964482241126,-3.665919015032531e-06,-4000.238999885778,14.881864729258094
-3771.695847923963,-6.233728036748773e-06,-4000.238999885778,14.881864729258094
-3770.4952476238127,-8.923531933188153e-06,-4000.238999885778,14.881864729258094
-3769.2946473236625,-1.1731222911406578e-05,-4000.238999885778,14.881864729258094
-3768.0940470235128,-1.4666273339069923e-05,-4000.238999885778,14.881864729258094
-3766.893446723362,-1.770223588402702e-05,-4000.238999885778,14.881864729258094
-3765.692846423212,-2.083253498074355e-05,-4000.238999885778,14.881864729258094
-3764.492246123062,-2.406551649105943e-05,-4000.238999885778,14.881864729258094
-3763.291645822912,-2.7378033955926715e-05,-4000.238999885778,14.881864729258094
-3762.0910455227618,-3.076251753209562e-05,-4000.238999885778,14.881864729258094
-3760.890445222612,-3.42212762452794e-05,-4000.238999885778,14.881864729258094
-3759.689844922462,-3.773845476644649e-05,-4000.238999885778,14.881864729258094
-3758.4892446223116,-4.1304791965100646e-05,-4000.238999885778,14.881864729258094
-3757.288644322162,-4.491800223654639e-05,-4000.238999885778,14.881864729258094
-3756.0880440220117,-4.856709463166326e-05,-4000.238999885778,14.881864729258094
-3754.8874437218615,-5.22455319914166e-05,-4000.238999885778,14.881864729258094
-3753.6868434217117,-5.5942276978941465e-05,-4000.238999885778,14.881864729258094
-3752.486243121562,-5.965226887421657e-05,-4000.238999885778,14.881864729258094
-3751.285642821411,-6.336672558326002e-05,-4000.238999885778,14.881864729258094
-3750.085042521261,-6.707850490727443e-05,-4000.238999885778,14.881864729258094
-3748.8844422211114,-7.077937975055409e-05,-4000.238999885778,14.881864729258094
-3747.683841920961,-7.44635670273229e-05,-4000.238999885778,14.881864729258094
-3746.483241620811,-7.812362769771432e-05,-4000.238999885778,14.881864729258094
-3745.2826413206612,-8.174930807941873e-05,-4000.238999885778,14.881864729258094
-3744.082041020511,-8.53399866823707e-05,-4000.238999885778,14.881864729258094
-3742.881440720361,-8.88865210386933e-05,-4000.238999885778,14.881864729258094
-3741.680840420211,-9.237528284177518e-05,-4000.238999885778,14.881864729258094
-3740.480240120061,-9.580968890366266e-05,-4000.238999885778,14.881864729258094
-3739.2796398199102,-9.918417908185196e-05,-4000.238999885778,14.881864729258094
-3738.0790395197605,-0.0001024812137260757,-4000.238999885778,14.881864729258094
-3736.8784392196103,-0.00010570670913527267,-4000.238999885778,14.881864729258094
-3735.67783891946,-0.00010885723794829452,-4000.238999885778,14.881864729258094
-3734.4772386193104,-0.00011191498672322716,-4000.238999885778,14.881864729258094
-3733.27663831916,-0.00011488474539698656,-4000.238999885778,14.881864729258094
-3732.07603801901,-0.00011776569460279806,-4000.238999885778,14.881864729258094
-3730.87543771886,-0.00012054260078771714,-4000.238999885778,14.881864729258094
-3729.6748374187105,-0.00012321678542327153,-4000.238999885778,14.881864729258094
-3728.47423711856,-0.0001257914491478997,-4000.238999885778,14.881864729258094
-3727.27363681841,-0.0001282533876117824,-4000.238999885778,14.881864729258094
-3726.0730365182603,-0.00013059983548792308,-4000.238999885778,14.881864729258094
-3724.8724362181097,-0.00013283835745310217,-4000.238999885778,14.881864729258094
-3723.6718359179595,-0.00013495898405576663,-4000.238999885778,14.881864729258094
-3722.4712356178097,-0.00013695367883737776,-4000.238999885778,14.881864729258094
-3721.2706353176595,-0.0001388346057734049,-4000.238999885778,14.881864729258094
-3720.0700350175093,-0.00014059553157424448,-4000.238999885778,14.881864729258094
-3718.8694347173596,-0.00014222263114730787,-4000.238999885778,14.881864729258094
-3717.6688344172094,-0.0001437326752082393,-4000.238999885778,14.881864729258094
-3716.468234117059,-0.00014512342741839193,-4000.238999885778,14.881864729258094
-3715.2676338169094,-0.00014637517833704846,-4000.238999885778,14.881864729258094
-3714.0670335167592,-0.00014750909641864037,-4000.238999885778,14.881864729258094
-3712.8664332166086,-0.00014852542084083014,-4000.238999885778,14.881864729258094
-3711.665832916459,-0.00014940352545848924,-4000.238999885778,14.881864729258094
-3710.4652326163086,-0.00015016384435440297,-4000.238999885778,14.881864729258094
-3709.2646323161584,-0.0001508089136558492,-4000.238999885778,14.881864729258094
-3708.0640320160087,-0.00015132259378964981,-4000.238999885778,14.881864729258094
-3706.863431715859,-0.00015171936829991024,-4000.238999885778,14.881864729258094
-3705.6628314157083,-0.0001520053797750593,-4000.238999885778,14.881864729258094
-3704.4622311155586,-0.00015216897847120298,-4000.238999885778,14.881864729258094
-3703.261630815409,-0.0001522187907327905,-4000.238999885778,14.881864729258094
-3702.0610305152586,-0.00015216441170000914,-4000.238999885778,14.881864729258094
-3700.8604302151084,-0.00015199860496287323,-4000.238999885778,14.881864729258094
-3699.6598299149587,-0.00015172450389657494,-4000.238999885778,14.881864729258094
-3698.4592296148085,-0.00015135462456648295,-4000.238999885778,14.881864729258094
-3697.258629314658,-0.00015088559103743174,-4000.238999885778,14.881864729258094
-3696.058029014508,-0.00015031604077215277,-4000.238999885778,14.881864729258094
-3694.857428714358,-0.00014966064081870133,-4000.238999885778,14.881864729258094
-3693.6568284142077,-0.00014891942966229472,-4000.238999885778,14.881864729258094
-3692.456228114058,-0.00014808753387954136,-4000.238999885778,14.881864729258094
-3691.2556278139077,-0.00014718113447011495,-4000.238999885778,14.881864729258094
-3690.0550275137575,-0.00014620277758133323,-4000.238999885778,14.881864729258094
-3688.854427213608,-0.0001451454182629638,-4000.238999885778,14.881864729258094
-3687.6538269134576,-0.00014402562912442117,-4000.238999885778,14.881864729258094
-3686.4532266133074,-0.00014284722647249861,-4000.238999885778,14.881864729258094
-3685.2526263131576,-0.00014160499033650137,-4000.238999885778,14.881864729258094
-3684.052026013008,-0.00014031237394065738,-4000.238999885778,14.881864729258094
-3682.851425712857,-0.00013897422587331104,-4000.238999885778,14.881864729258094
-3681.650825412707,-0.00013758888983622796,-4000.238999885778,14.881864729258094
-3680.4502251125573,-0.00013616556989964667,-4000.238999885778,14.881864729258094
-3679.249624812407,-0.00013471685984300867,-4000.238999885778,14.881864729258094
-3678.049024512257,-0.00013322354692344758,-4000.238999885778,14.881864729258094
-3676.848424212107,-0.00013171229402517316,-4000.238999885778,14.881864729258094
-3675.647823911957,-0.00013018229641270342,-4000.238999885778,14.881864729258094
-3674.4472236118067,-0.00012863656753987914,-4000.238999885778,14.881864729258094
-3673.246623311657,-0.00012707998165248244,-4000.238999885778,14.881864729258094
-3672.046023011507,-0.00012551733793526008,-4000.238999885778,14.881864729258094
-3670.845422711356,-0.00012395350757253638,-4000.238999885778,14.881864729258094
-3669.6448224112064,-0.00012239309069752113,-4000.238999885778,14.881864729258094
-3668.444222111056,-0.00012083978967776614,-4000.238999885778,14.881864729258094
-3667.243621810906,-0.0001192978562403232,-4000.238999885778,14.881864729258094
-3666.0430215107563,-0.0001177733287537076,-4000.238999885778,14.881864729258094
-3664.842421210606,-0.00011626785448361923,-4000.238999885778,14.881864729258094
-3663.641820910456,-0.00011478511141105923,-4000.238999885778,14.881864729258094
-3662.441220610306,-0.00011333355164431269,-4000.238999885778,14.881864729258094
-3661.2406203101564,-0.00011191202458394082,-4000.238999885778,14.881864729258094
-3660.0400200100057,-0.00011052361551732728,-4000.238999885778,14.881864729258094
-3658.839419709856,-0.00010917814609058825,-4000.238999885778,14.881864729258094
-3657.6388194097062,-0.00010787323917618529,-4000.238999885778,14.881864729258094
-3656.4382191095556,-0.00010661090716101769,-4000.238999885778,14.881864729258094
-3655.2376188094054,-0.00010540083659300265,-4000.238999885778,14.881864729258094
-3654.0370185092556,-0.00010424125138109524,-4000.238999885778,14.881864729258094
-3652.8364182091054,-0.00010313235478732452,-4000.238999885778,14.881864729258094
-3651.6358179089552,-0.00010208294317410987,-4000.238999885778,14.881864729258094
-3650.4352176088055,-0.0001010929687841535,-4000.238999885778,14.881864729258094
-3649.2346173086553,-0.00010016033939747984,-4000.238999885778,14.881864729258094
-3648.034017008505,-9.929238286533573e-05,-4000.238999885778,14.881864729258094
-3646.8334167083553,-9.849157407956121e-05,-4000.238999885778,14.881864729258094
-3645.632816408205,-9.775322945791069e-05,-4000.238999885778,14.881864729258094
-3644.432216108055,-9.708276568784751e-05,-4000.238999885778,14.881864729258094
-3643.231615807905,-9.648572679375349e-05,-4000.238999885778,14.881864729258094
-3642.0310155077545,-9.595468864205627e-05,-4000.238999885778,14.881864729258094
-3640.8304152076043,-9.549285772736401e-05,-4000.238999885778,14.881864729258094
-3639.6298149074546,-9.510913564992832e-05,-4000.238999885778,14.881864729258094
-3638.429214607305,-9.47933571361063e-05,-4000.238999885778,14.881864729258094
-3637.228614307154,-9.45463658523345e-05,-4000.238999885778,14.881864729258094
-3636.0280140070045,-9.438044084141372e-05,-4000.238999885778,14.881864729258094
-3634.8274137068547,-9.428282006044226e-05,-4000.238999885778,14.881864729258094
-3633.6268134067045,-9.425352828403531e-05,-4000.238999885778,14.881864729258094
-3632.4262131065543,-9.430357310411607e-05,-4000.238999885778,14.881864729258094
-3631.2256128064046,-9.442203011866197e-05,-4000.238999885778,14.881864729258094
-3630.0250125062544,-9.460715793084352e-05,-4000.238999885778,14.881864729258094
-3628.8244122061037,-9.486757346641704e-05,-4000.238999885778,14.881864729258094
-3627.623811905954,-9.519571304302996e-05,-4000.238999885778,14.881864729258094
-3626.4232116058038,-9.558739457069332e-05,-4000.238999885778,14.881864729258094
-3625.2226113056536,-9.604869260865446e-05,-4000.238999885778,14.881864729258094
-3624.022011005504,-9.657538239074586e-05,-4000.238999885778,14.881864729258094
-3622.8214107053536,-9.716133147159861e-05,-4000.238999885778,14.881864729258094
-3621.6208104052034,-9.78100821217879e-05,-4000.238999885778,14.881864729258094
-3620.4202101050537,-9.852037149353683e-05,-4000.238999885778,14.881864729258094
-3619.2196098049035,-9.928448847956175e-05,-4000.238999885778,14.881864729258094
-3618.0190095047533,-0.00010010370729519531,-4000.238999885778,14.881864729258094
-3616.8184092046035,-0.00010097916671754935,-4000.238999885778,14.881864729258094
-3615.617808904454,-0.00010190202143562957,-4000.238999885778,14.881864729258094
-3614.4172086043027,-0.00010287164868347774,-4000.238999885778,14.881864729258094
-3613.216608304153,-0.00010389084852429036,-4000.238999885778,14.881864729258094
-3612.016008004003,-0.00010495021205800485,-4000.238999885778,14.881864729258094
-3610.815407703853,-0.00010604764532323353,-4000.238999885778,14.881864729258094
-3609.614807403703,-0.00010718677542739677,-4000.238999885778,14.881864729258094
-3608.414207103553,-0.00010835819234798275,-4000.238999885778,14.881864729258094
-3607.213606803403,-0.00010955943105738362,-4000.238999885778,14.881864729258094
-3606.0130065032527,-0.00011079226281204176,-4000.238999885778,14.881864729258094
-3604.812406203103,-0.00011204964973585214,-4000.238999885778,14.881864729258094
-3603.6118059029527,-0.00011332841383480815,-4000.238999885778,14.881864729258094
-3602.4112056028025,-0.00011462831635394863,-4000.238999885778,14.881864729258094
-3601.2106053026528,-0.0001159444748701276,-4000.238999885778,14.881864729258094
-3600.010005002502,-0.0001172742388568446,-4000.238999885778,14.881864729258094
-3598.809404702352,-0.00011861458465868384,-4000.238999885778,14.881864729258094
-3597.608804402202,-0.00011996236187271418,-4000.238999885778,14.881864729258094
-3596.4082041020524,-0.0001213143414310157,-4000.238999885778,14.881864729258094
-3595.2076038019018,-0.00012266786291883784,-4000.238999885778,14.881864729258094
-3594.007003501752,-0.0001240204066731127,-4000.238999885778,14.881864729258094
-3592.8064032016023,-0.00012536860963861015,-4000.238999885778,14.881864729258094
-3591.6058029014516,-0.0001267087794127201,-4000.238999885778,14.881864729258094
-3590.405202601302,-0.00012803816945832327,-4000.238999885778,14.881864729258094
-3589.204602301152,-0.00012935527599771773,-4000.238999885778,14.881864729258094
-3588.004002001002,-0.0001306572384404318,-4000.238999885778,14.881864729258094
-3586.8034017008513,-0.00013193926496610111,-4000.238999885778,14.881864729258094
-3585.6028014007015,-0.00013320143401893673,-4000.238999885778,14.881864729258094
-3584.4022011005513,-0.00013444121868818581,-4000.238999885778,14.881864729258094
-3583.201600800401,-0.00013565198803994414,-4000.238999885778,14.881864729258094
-3582.0010005002514,-0.00013683601215972168,-4000.238999885778,14.881864729258094
-3580.800400200101,-0.0001379915386188863,-4000.238999885778,14.881864729258094
-3579.599799899951,-0.00013911104763917096,-4000.238999885778,14.881864729258094
-3578.3991995998012,-0.00014019697335553561,-4000.238999885778,14.881864729258094
-3577.198599299651,-0.00014124839098167107,-4000.238999885778,14.881864729258094
-3575.997998999501,-0.00014225836377144174,-4000.238999885778,14.881864729258094
-3574.797398699351,-0.00014322838305558258,-4000.238999885778,14.881864729258094
-3573.5967983992014,-0.00014415896781227747,-4000.238999885778,14.881864729258094
-3572.3961980990503,-0.0001450440305720674,-4000.238999885778,14.881864729258094
-3571.1955977989005,-0.0001458835081995401,-4000.238999885778,14.881864729258094
-3569.9949974987508,-0.00014667961784360878,-4000.238999885778,14.881864729258094
-3568.7943971986,-0.00014742747926137445,-4000.238999885778,14.881864729258094
-3567.5937968984504,-0.0001481250125314001,-4000.238999885778,14.881864729258094
-3566.3931965983006,-0.00014877629115897086,-4000.238999885778,14.881864729258094
-3565.1925962981504,-0.000149377899350092,-4000.238999885778,14.881864729258094
-3563.991995998,-0.00014992544994192947,-4000.238999885778,14.881864729258094
-3562.7913956978505,-0.00015042493623510376,-4000.238999885778,14.881864729258094
-3561.5907953977003,-0.0001508745454488528,-4000.238999885778,14.881864729258094
-3560.3901950975496,-0.0001512674697222694,-4000.238999885778,14.881864729258094
-3559.1895947974,-0.0001516115829736543,-4000.238999885778,14.881864729258094
-3557.9889944972497,-0.00015190690177531015,-4000.238999885778,14.881864729258094
-3556.7883941970995,-0.00015214431053278143,-4000.238999885778,14.881864729258094
-3555.5877938969497,-0.00015233304086937865,-4000.238999885778,14.881864729258094
-3554.3871935967995,-0.00015247361375869708,-4000.238999885778,14.881864729258094
-3553.1865932966493,-0.00015255847047857576,-4000.238999885778,14.881864729258094
-3551.9859929964996,-0.0001525949847987716,-4000.238999885778,14.881864729258094
-3550.78539269635,-0.00015258499021959072,-4000.238999885778,14.881864729258094
-3549.584792396199,-0.00015252284184129217,-4000.238999885778,14.881864729258094
-3548.3841920960494,-0.00015241344627836545,-4000.238999885778,14.881864729258094
-3547.1835917958997,-0.00015226014175925395,-4000.238999885778,14.881864729258094
-3545.9829914957486,-0.0001520591828761907,-4000.238999885778,14.881864729258094
-3544.782391195599,-0.00015290379342906122,-4000.238999885778,14.881864729258094
-3543.581790895449,-0.00015290379342906122,-4000.238999885778,14.881864729258094
-3542.381190595299,-0.00015290379342906122,-4000.238999885778,14.881864729258094
-3541.1805902951487,-0.00015290379342906122,-4000.238999885778,14.881864729258094
-3539.979989994999,-0.00015290379342906122,-4000.238999885778,14.881864729258094
-3538.7793896948488,-0.00015290379342906122,-4000.238999885778,14.881864729258094
-3537.5787893946986,-0.00015290379342906122,-4000.238999885778,14.881864729258094
-3536.378189094549,-0.00015290379342906122,-4000.238999885778,14.881864729258094
-3535.1775887943986,-0.00015290379342906122,-4000.238999885778,14.881864729258094
-3533.9769884942484,-0.00015290379342906122,-4000.238999885778,14.881864729258094
-3532.7763881940987,-0.00015290379342906122,-4000.238999885778,14.881864729258094
-3531.575787893948,-0.00015290379342906122,-4000.238999885778,14.881864729258094
-3530.375187593798,-0.00015290379342906122,-4000.238999885778,14.881864729258094
-3529.174587293648,-0.00015290379342906122,-4000.238999885778,14.881864729258094
-3527.9739869934983,-0.00015290379342906122,-4000.238999885778,14.881864729258094
-3526.7733866933477,-0.00015290379342906122,-4000.238999885778,14.881864729258094
-3525.572786393198,-0.00015290379342906122,-4000.238999885778,14.881864729258094
-3524.372186093048,-0.00015290379342906122,-4000.238999885778,14.881864729258094
-3523.1715857928975,-0.00015290379342906122,-4000.238999885778,14.881864729258094
-3521.970985492748,-0.00015290379342906122,-4000.238999885778,14.881864729258094
-3520.770385192598,-0.00015290379342906122,-4000.238999885778,14.881864729258094
-3519.569784892448,-0.00015290379342906122,-4000.238999885778,14.881864729258094
-3518.369184592297,-0.00015290379342906122,-4000.238999885778,14.881864729258094
-3517.1685842921474,-0.00015290379342906122,-4000.238999885778,14.881864729258094
-3515.9679839919972,-0.00015290379342906122,-4000.238999885778,14.881864729258094
-3514.767383691847,-0.00015290379342906122,-4000.238999885778,14.881864729258094
-3513.5667833916973,-0.00015290379342906122,-4000.238999885778,14.881864729258094
-3512.366183091547,-0.00015290379342906122,-4000.238999885778,14.881864729258094
-3511.165582791397,-0.00015290379342906122,-4000.238999885778,14.881864729258094
-3509.964982491247,-0.00015290379342906122,-4000.238999885778,14.881864729258094
-3508.764382191097,-0.00015290379342906122,-4000.238999885778,14.881864729258094
-3507.5637818909468,-0.00015290379342906122,-4000.238999885778,14.881864729258094
-3506.363181590797,-0.00015290379342906122,-4000.238999885778,14.881864729258094
-3505.1625812906473,-0.00015290379342906122,-4000.238999885778,14.881864729258094
-3503.961980990496,-0.00015290379342906122,-4000.238999885778,14.881864729258094
-3502.7613806903464,-0.00015290379342906122,-4000.238999885778,14.881864729258094
-3501.5607803901967,-0.00015290379342906122,-4000.238999885778,14.881864729258094
-3500.360180090046,-0.00015290379342906122,-4000.238999885778,14.881864729258094
-3499.1595797898963,-0.00015290379342906122,-4000.238999885778,14.881864729258094
-3497.9589794897465,-0.00015290379342906122,-4000.238999885778,14.881864729258094
-3496.7583791895963,-0.00015290379342906122,-4000.238999885778,14.881864729258094
-3495.557778889446,-0.00015290379342906122,-4000.238999885778,14.881864729258094
-3494.3571785892964,-0.00015290379342906122,-4000.238999885778,14.881864729258094
-3493.156578289146,-0.00015290379342906122,-4000.238999885778,14.881864729258094
-3491.955977988996,-0.00015290379342906122,-4000.238999885778,14.881864729258094
-3490.7553776888462,-0.00015290379342906122,-4000.238999885778,14.881864729258094
-3489.5547773886956,-0.00015290379342906122,-4000.238999885778,14.881864729258094
-3488.3541770885454,-0.00015290379342906122,-4000.238999885778,14.881864729258094
-3487.1535767883956,-0.00015290379342906122,-4000.238999885778,14.881864729258094
-3485.9529764882454,-0.00015290379342906122,-4000.238999885778,14.881864729258094
-3484.7523761880952,-0.00015290379342906122,-4000.238999885778,14.881864729258094
-3483.5517758879455,-0.00015290379342906122,-4000.238999885778,14.881864729258094
-3482.3511755877958,-0.00015290379342906122,-4000.238999885778,14.881864729258094
-3481.150575287645,-0.00015290379342906122,-4000.238999885778,14.881864729258094
-3479.9499749874954,-0.00015290379342906122,-4000.238999885778,14.881864729258094
-3478.7493746873456,-0.00015290379342906122,-4000.238999885778,14.881864729258094
-3477.5487743871945,-0.00015290379342906122,-4000.238999885778,14.881864729258094
-3476.3481740870448,-0.00015290379342906122,-4000.238999885778,14.881864729258094
-3475.147573786895,-0.00015290379342906122,-4000.238999885778,14.881864729258094
-3473.946973486745,-0.00015290379342906122,-4000.238999885778,14.881864729258094
-3472.7463731865946,-0.00015290379342906122,-4000.238999885778,14.881864729258094
-3471.545772886445,-0.00015290379342906122,-4000.238999885778,14.881864729258094
-3470.3451725862947,-0.00015290379342906122,-4000.238999885778,14.881864729258094
-3469.1445722861445,-0.00015290379342906122,-4000.238999885778,14.881864729258094
-3467.9439719859947,-0.00015290379342906122,-4000.238999885778,14.881864729258094
-3466.7433716858445,-0.00015290379342906122,-4000.238999885778,14.881864729258094
-3465.5427713856943,-0.00015290379342906122,-4000.238999885778,14.881864729258094
-3464.3421710855446,-0.00015290379342906122,-4000.238999885778,14.881864729258094
-3463.141570785394,-0.00015290379342906122,-4000.238999885778,14.881864729258094
-3461.9409704852437,-0.00015290379342906122,-4000.238999885778,14.881864729258094
-3460.740370185094,-0.00015290379342906122,-4000.238999885778,14.881864729258094
-3459.5397698849442,-0.00015290379342906122,-4000.238999885778,14.881864729258094
-3458.3391695847936,-0.00015290379342906122,-4000.238999885778,14.881864729258094
-3457.138569284644,-0.00015290379342906122,-4000.238999885778,14.881864729258094
-3455.937968984494,-0.00015290379342906122,-4000.238999885778,14.881864729258094
-3454.737368684344,-0.00015290379342906122,-4000.238999885778,14.881864729258094
-3453.5367683841937,-0.00015290379342906122,-4000.238999885778,14.881864729258094
-3452.336168084044,-0.00015290379342906122,-4000.238999885778,14.881864729258094
-3451.1355677838937,-0.00015290379342906122,-4000.238999885778,14.881864729258094
-3449.9349674837435,-0.00015290379342906122,-4000.238999885778,14.881864729258094
-3448.734367183594,-0.00015290379342906122,-4000.238999885778,14.881864729258094
-3447.533766883443,-0.00015290379342906122,-4000.238999885778,14.881864729258094
-3446.333166583293,-0.00015290379342906122,-4000.238999885778,14.881864729258094
-3445.132566283143,-0.00015290379342906122,-4000.238999885778,14.881864729258094
-3443.931965982993,-0.00015290379342906122,-4000.238999885778,14.881864729258094
-3442.731365682843,-0.00015290379342906122,-4000.238999885778,14.881864729258094
-3441.530765382693,-0.00015290379342906122,-4000.238999885778,14.881864729258094
-3440.330165082543,-0.00015290379342906122,-4000.238999885778,14.881864729258094
-3439.1295647823927,-0.00015290379342906122,-4000.238999885778,14.881864729258094
-3437.928964482243,-0.00015290379342906122,-4000.238999885778,14.881864729258094
-3436.728364182093,-0.00015290379342906122,-4000.238999885778,14.881864729258094
-3435.527763881942,-0.00015290379342906122,-4000.238999885778,14.881864729258094
-3434.3271635817923,-0.00015290379342906122,-4000.238999885778,14.881864729258094
-3433.1265632816426,-0.00015290379342906122,-4000.238999885778,14.881864729258094
-3431.9259629814924,-0.00015290379342906122,-4000.238999885778,14.881864729258094
-3430.725362681342,-0.00015290379342906122,-4000.238999885778,14.881864729258094
-3429.5247623811924,-0.00015290379342906122,-4000.238999885778,14.881864729258094
-3428.3241620810422,-0.00015290379342906122,-4000.238999885778,14.881864729258094
-3427.123561780892,-0.00015290379342906122,-4000.238999885778,14.881864729258094
-3425.9229614807423,-0.00015290379342906122,-4000.238999885778,14.881864729258094
-3424.722361180592,-0.00015290379342906122,-4000.238999885778,14.881864729258094
-3423.521760880442,-0.00015290379342906122,-4000.238999885778,14.881864729258094
-3422.321160580292,-0.00015290379342906122,-4000.238999885778,14.881864729258094
-3421.1205602801415,-0.00015290379342906122,-4000.238999885778,14.881864729258094
-3419.9199599799913,-0.00015290379342906122,-4000.238999885778,14.881864729258094
-3418.7193596798415,-0.00015290379342906122,-4000.238999885778,14.881864729258094
-3417.5187593796913,-0.00015290379342906122,-4000.238999885778,14.881864729258094
-3416.318159079541,-0.00015290379342906122,-4000.238999885778,14.881864729258094
-3415.1175587793914,-0.00015290379342906122,-4000.238999885778,14.881864729258094
-3413.9169584792417,-0.00015290379342906122,-4000.238999885778,14.881864729258094
-3412.716358179091,-0.00015290379342906122,-4000.238999885778,14.881864729258094
-3411.5157578789413,-0.00015290379342906122,-4000.238999885778,14.881864729258094
-3410.3151575787915,-0.00015290379342906122,-4000.238999885778,14.881864729258094
-3409.1145572786413,-0.00015290379342906122,-4000.238999885778,14.881864729258094
-3407.913956978491,-0.00015290379342906122,-4000.238999885778,14.881864729258094
-3406.7133566783414,-0.00015290379342906122,-4000.238999885778,14.881864729258094
-3405.5127563781907,-0.00015290379342906122,-4000.238999885778,14.881864729258094
-3404.3121560780405,-0.00015290379342906122,-4000.238999885778,14.881864729258094
-3403.1115557778908,-0.00015290379342906122,-4000.238999885778,14.881864729258094
-3401.9109554777406,-0.00015290379342906122,-4000.238999885778,14.881864729258094
-3400.7103551775904,-0.00015290379342906122,-4000.238999885778,14.881864729258094
-3399.5097548774406,-0.00015290379342906122,-4000.238999885778,14.881864729258094
-3398.3091545772904,-0.00015290379342906122,-4000.238999885778,14.881864729258094
-3397.1085542771402,-0.00015290379342906122,-4000.238999885778,14.881864729258094
-3395.9079539769905,-0.00015290379342906122,-4000.238999885778,14.881864729258094
-3394.7073536768403,-0.00015290379342906122,-4000.238999885778,14.881864729258094
-3393.5067533766896,-0.00015290379342906122,-4000.238999885778,14.881864729258094
-3392.30615307654,-0.00015290379342906122,-4000.238999885778,14.881864729258094
-3391.10555277639,-0.00015290379342906122,-4000.238999885778,14.881864729258094
-3389.9049524762395,-0.00015290379342906122,-4000.238999885778,14.881864729258094
-3388.7043521760897,-0.00015290379342906122,-4000.238999885778,14.881864729258094
-3387.50375187594,-0.00015290379342906122,-4000.238999885778,14.881864729258094
-3386.30315157579,-0.00015290379342906122,-4000.238999885778,14.881864729258094
-3385.1025512756396,-0.00015290379342906122,-4000.238999885778,14.881864729258094
-3383.90195097549,-0.00015290379342906122,-4000.238999885778,14.881864729258094
-3382.7013506753397,-0.00015290379342906122,-4000.238999885778,14.881864729258094
-3381.5007503751895,-0.00015290379342906122,-4000.238999885778,14.881864729258094
-3380.3001500750397,-0.00015290379342906122,-4000.238999885778,14.881864729258094
-3379.099549774889,-0.00015290379342906122,-4000.238999885778,14.881864729258094
-3377.898949474739,-0.00015290379342906122,-4000.238999885778,14.881864729258094
-3376.698349174589,-0.00015290379342906122,-4000.238999885778,14.881864729258094
-3375.497748874439,-0.00015290379342906122,-4000.238999885778,14.881864729258094
-3374.2971485742887,-0.00015290379342906122,-4000.238999885778,14.881864729258094
-3373.096548274139,-0.00015290379342906122,-4000.238999885778,14.881864729258094
-3371.8959479739888,-0.00015290379342906122,-4000.238999885778,14.881864729258094
-3370.6953476738386,-0.00015290379342906122,-4000.238999885778,14.881864729258094
-3369.494747373689,-0.00015290379342906122,-4000.238999885778,14.881864729258094
-3368.294147073539,-0.00015290379342906122,-4000.238999885778,14.881864729258094
-3367.093546773388,-0.00015290379342906122,-4000.238999885778,14.881864729258094
-3365.892946473238,-0.00015290379342906122,-4000.238999885778,14.881864729258094
-3364.6923461730885,-0.00015290379342906122,-4000.238999885778,14.881864729258094
-3363.4917458729383,-0.00015290379342906122,-4000.238999885778,14.881864729258094
-3362.291145572788,-0.00015290379342906122,-4000.238999885778,14.881864729258094
-3361.0905452726383,-0.00015290379342906122,-4000.238999885778,14.881864729258094
-3359.889944972488,-0.00015290379342906122,-4000.238999885778,14.881864729258094
-3358.689344672338,-0.00015290379342906122,-4000.238999885778,14.881864729258094
-3357.488744372188,-0.00015290379342906122,-4000.238999885778,14.881864729258094
-3356.288144072038,-0.00015290379342906122,-4000.238999885778,14.881864729258094
-3355.087543771888,-0.00015290379342906122,-4000.238999885778,14.881864729258094
-3353.886943471738,-0.00015290379342906122,-4000.238999885778,14.881864729258094
-3352.686343171588,-0.00015290379342906122,-4000.238999885778,14.881864729258094
-3351.485742871437,-0.00015290379342906122,-4000.238999885778,14.881864729258094
-3350.2851425712875,-0.00015290379342906122,-4000.238999885778,14.881864729258094
-3349.0845422711373,-0.00015290379342906122,-4000.238999885778,14.881864729258094
-3347.883941970987,-0.00015290379342906122,-4000.238999885778,14.881864729258094
-3346.6833416708373,-0.00015290379342906122,-4000.238999885778,14.881864729258094
-3345.4827413706876,-0.00015290379342906122,-4000.238999885778,14.881864729258094
-3344.282141070537,-0.00015290379342906122,-4000.238999885778,14.881864729258094
-3343.081540770387,-0.00015290379342906122,-4000.238999885778,14.881864729258094
-3341.8809404702374,-0.00015290379342906122,-4000.238999885778,14.881864729258094
-3340.680340170087,-0.00015290379342906122,-4000.238999885778,14.881864729258094
-3339.479739869937,-0.00015290379342906122,-4000.238999885778,14.881864729258094
-3338.2791395697873,-0.00015290379342906122,-4000.238999885778,14.881864729258094
-3337.0785392696366,-0.00015290379342906122,-4000.238999885778,14.881864729258094
-3335.8779389694864,-0.00015290379342906122,-4000.238999885778,14.881864729258094
-3334.6773386693367,-0.00015290379342906122,-4000.238999885778,14.881864729258094
-3333.4767383691865,-0.00015290379342906122,-4000.238999885778,14.881864729258094
-3332.2761380690363,-0.00015290379342906122,-4000.238999885778,14.881864729258094
-3331.0755377688865,-0.00015290379342906122,-4000.238999885778,14.881864729258094
-3329.8749374687363,-0.00015290379342906122,-4000.238999885778,14.881864729258094
-3328.674337168586,-0.00015290379342906122,-4000.238999885778,14.881864729258094
-3327.4737368684364,-0.00015290379342906122,-4000.238999885778,14.881864729258094
-3326.273136568286,-0.00015290379342906122,-4000.238999885778,14.881864729258094
-3325.0725362681355,-0.00015290379342906122,-4000.238999885778,14.881864729258094
-3323.871935967986,-0.00015290379342906122,-4000.238999885778,14.881864729258094
-3322.671335667836,-0.00015290379342906122,-4000.238999885778,14.881864729258094
-3321.4707353676854,-0.00015290379342906122,-4000.238999885778,14.881864729258094
-3320.2701350675356,-0.00015290379342906122,-4000.238999885778,14.881864729258094
-3319.069534767386,-0.00015290379342906122,-4000.238999885778,14.881864729258094
-3317.8689344672357,-0.00015290379342906122,-4000.238999885778,14.881864729258094
-3316.6683341670855,-0.00015290379342906122,-4000.238999885778,14.881864729258094
-3315.4677338669358,-0.00015290379342906122,-4000.238999885778,14.881864729258094
-3314.2671335667856,-0.00015290379342906122,-4000.238999885778,14.881864729258094
-3313.0665332666354,-0.00015290379342906122,-4000.238999885778,14.881864729258094
-3311.8659329664856,-0.00015290379342906122,-4000.238999885778,14.881864729258094
-3310.6653326663354,-0.00015290379342906122,-4000.238999885778,14.881864729258094
-3309.4647323661848,-0.00015290379342906122,-4000.238999885778,14.881864729258094
-3308.264132066035,-0.00015290379342906122,-4000.238999885778,14.881864729258094
-3307.063531765885,-0.00015290379342906122,-4000.238999885778,14.881864729258094
-3305.8629314657346,-0.00015290379342906122,-4000.238999885778,14.881864729258094
-3304.662331165585,-0.00015290379342906122,-4000.238999885778,14.881864729258094
-3303.4617308654347,-0.00015290379342906122,-4000.238999885778,14.881864729258094
-3302.2611305652845,-0.00015290379342906122,-4000.238999885778,14.881864729258094
-3301.0605302651347,-0.00015290379342906122,-4000.238999885778,14.881864729258094
-3299.859929964985,-0.00015290379342906122,-4000.238999885778,14.881864729258094
-3298.6593296648343,-0.00015290379342906122,-4000.238999885778,14.881864729258094
-3297.4587293646846,-0.00015290379342906122,-4000.238999885778,14.881864729258094
-3296.258129064535,-0.00015290379342906122,-4000.238999885778,14.881864729258094
-3295.057528764384,-0.00015290379342906122,-4000.238999885778,14.881864729258094
-3293.856928464234,-0.00015290379342906122,-4000.238999885778,14.881864729258094
-3292.6563281640842,-0.00015290379342906122,-4000.238999885778,14.881864729258094
-3291.455727863934,-0.00015290379342906122,-4000.238999885778,14.881864729258094
-3290.255127563784,-0.00015290379342906122,-4000.238999885778,14.881864729258094
-3289.054527263634,-0.00015290379342906122,-4000.238999885778,14.881864729258094
-3287.853926963484,-0.00015290379342906122,-4000.238999885778,14.881864729258094
-3286.6533266633337,-0.00015290379342906122,-4000.238999885778,14.881864729258094
-3285.452726363184,-0.00015290379342906122,-4000.238999885778,14.881864729258094
-3284.2521260630338,-0.00015290379342906122,-4000.238999885778,14.881864729258094
-3283.051525762883,-0.00015290379342906122,-4000.238999885778,14.881864729258094
-3281.8509254627334,-0.00015290379342906122,-4000.238999885778,14.881864729258094
-3280.650325162583,-0.00015290379342906122,-4000.238999885778,14.881864729258094
-3279.449724862433,-0.00015290379342906122,-4000.238999885778,14.881864729258094
-3278.249124562283,-0.00015290379342906122,-4000.238999885778,14.881864729258094
-3277.0485242621335,-0.00015290379342906122,-4000.238999885778,14.881864729258094
-3275.847923961983,-0.00015290379342906122,-4000.238999885778,14.881864729258094
-3274.647323661833,-0.00015290379342906122,-4000.238999885778,14.881864729258094
-3273.4467233616833,-0.00015290379342906122,-4000.238999885778,14.881864729258094
-3272.246123061533,-0.00015290379342906122,-4000.238999885778,14.881864729258094
-3271.045522761383,-0.00015290379342906122,-4000.238999885778,14.881864729258094
-3269.844922461233,-0.00015290379342906122,-4000.238999885778,14.881864729258094
-3268.6443221610825,-0.00015290379342906122,-4000.238999885778,14.881864729258094
-3267.4437218609323,-0.00015290379342906122,-4000.238999885778,14.881864729258094
-3266.2431215607826,-0.00015290379342906122,-4000.238999885778,14.881864729258094
-3265.0425212606324,-0.00015290379342906122,-4000.238999885778,14.881864729258094
-3263.841920960482,-0.00015290379342906122,-4000.238999885778,14.881864729258094
-3262.6413206603324,-0.00015290379342906122,-4000.238999885778,14.881864729258094
-3261.4407203601822,-0.00015290379342906122,-4000.238999885778,14.881864729258094
-3260.240120060032,-0.00015290379342906122,-4000.238999885778,14.881864729258094
-3259.0395197598823,-0.00015290379342906122,-4000.238999885778,14.881864729258094
-3257.838919459732,-0.00015290379342906122,-4000.238999885778,14.881864729258094
-3256.638319159582,-0.00015290379342906122,-4000.238999885778,14.881864729258094
-3255.437718859432,-0.00015290379342906122,-4000.238999885778,14.881864729258094
-3254.2371185592824,-0.00015290379342906122,-4000.238999885778,14.881864729258094
-3253.0365182591313,-0.00015290379342906122,-4000.238999885778,14.881864729258094
-3251.8359179589816,-0.00015290379342906122,-4000.238999885778,14.881864729258094
-3250.635317658832,-0.00015290379342906122,-4000.238999885778,14.881864729258094
-3249.4347173586816,-0.00015290379342906122,-4000.238999885778,14.881864729258094
-3248.2341170585314,-0.00015290379342906122,-4000.238999885778,14.881864729258094
-3247.0335167583817,-0.00015290379342906122,-4000.238999885778,14.881864729258094
-3245.8329164582315,-0.00015290379342906122,-4000.238999885778,14.881864729258094
-3244.6323161580813,-0.00015290379342906122,-4000.238999885778,14.881864729258094
-3243.4317158579315,-0.00015290379342906122,-4000.238999885778,14.881864729258094
-3242.2311155577813,-0.00015290379342906122,-4000.238999885778,14.881864729258094
-3241.0305152576307,-0.00015290379342906122,-4000.238999885778,14.881864729258094
-3239.829914957481,-0.00015290379342906122,-4000.238999885778,14.881864729258094
-3238.6293146573307,-0.00015290379342906122,-4000.238999885778,14.881864729258094
-3237.4287143571805,-0.00015290379342906122,-4000.238999885778,14.881864729258094
-3236.228114057031,-0.00015290379342906122,-4000.238999885778,14.881864729258094
-3235.0275137568806,-0.00015290379342906122,-4000.238999885778,14.881864729258094
-3233.8269134567304,-0.00015290379342906122,-4000.238999885778,14.881864729258094
-3232.6263131565806,-0.00015290379342906122,-4000.238999885778,14.881864729258094
-3231.425712856431,-0.00015290379342906122,-4000.238999885778,14.881864729258094
-3230.2251125562802,-0.00015290379342906122,-4000.238999885778,14.881864729258094
-3229.0245122561305,-0.00015290379342906122,-4000.238999885778,14.881864729258094
-3227.8239119559807,-0.00015290379342906122,-4000.238999885778,14.881864729258094
-3226.62331165583,-0.00015290379342906122,-4000.238999885778,14.881864729258094
-3225.42271135568,-0.00015290379342906122,-4000.238999885778,14.881864729258094
-3224.22211105553,-0.00015290379342906122,-4000.238999885778,14.881864729258094
-3223.02151075538,-0.00015290379342906122,-4000.238999885778,14.881864729258094
-3221.8209104552298,-0.00015290379342906122,-4000.238999885778,14.881864729258094
-3220.62031015508,-0.00015290379342906122,-4000.238999885778,14.881864729258094
-3219.41970985493,-0.00015290379342906122,-4000.238999885778,14.881864729258094
-3218.2191095547796,-0.00015290379342906122,-4000.238999885778,14.881864729258094
-3217.01850925463,-0.00015290379342906122,-4000.238999885778,14.881864729258094
-3215.8179089544797,-0.00015290379342906122,-4000.238999885778,14.881864729258094
-3214.617308654329,-0.00015290379342906122,-4000.238999885778,14.881864729258094
-3213.4167083541793,-0.00015290379342906122,-4000.238999885778,14.881864729258094
-3212.216108054029,-0.00015290379342906122,-4000.238999885778,14.881864729258094
-3211.015507753879,-0.00015290379342906122,-4000.238999885778,14.881864729258094
-3209.814907453729,-0.00015290379342906122,-4000.238999885778,14.881864729258094
-3208.6143071535794,-0.00015290379342906122,-4000.238999885778,14.881864729258094
-3207.4137068534287,-0.00015290379342906122,-4000.238999885778,14.881864729258094
-3206.213106553279,-0.00015290379342906122,-4000.238999885778,14.881864729258094
-3205.0125062531292,-0.00015290379342906122,-4000.238999885778,14.881864729258094
-3203.811905952979,-0.00015290379342906122,-4000.238999885778,14.881864729258094
-3202.611305652829,-0.00015290379342906122,-4000.238999885778,14.881864729258094
-3201.410705352679,-0.00015290379342906122,-4000.238999885778,14.881864729258094
-3200.210105052529,-0.00015290379342906122,-4000.238999885778,14.881864729258094
-3199.0095047523782,-0.00015290379342906122,-4000.238999885778,14.881864729258094
-3197.8089044522285,-0.00015290379342906122,-4000.238999885778,14.881864729258094
-3196.6083041520783,-0.00015290379342906122,-4000.238999885778,14.881864729258094
-3195.407703851928,-0.00015290379342906122,-4000.238999885778,14.881864729258094
-3194.2071035517783,-0.00015290379342906122,-4000.238999885778,14.881864729258094
-3193.006503251628,-0.00015290379342906122,-4000.238999885778,14.881864729258094
-3191.805902951478,-0.00015290379342906122,-4000.238999885778,14.881864729258094
-3190.605302651328,-0.00015290379342906122,-4000.238999885778,14.881864729258094
-3189.404702351178,-0.00015290379342906122,-4000.238999885778,14.881864729258094
-3188.204102051028,-0.00015290379342906122,-4000.238999885778,14.881864729258094
-3187.003501750878,-0.00015290379342906122,-4000.238999885778,14.881864729258094
-3185.8029014507283,-0.00015290379342906122,-4000.238999885778,14.881864729258094
-3184.602301150577,-0.00015290379342906122,-4000.238999885778,14.881864729258094
-3183.4017008504275,-0.00015290379342906122,-4000.238999885778,14.881864729258094
-3182.2011005502777,-0.00015290379342906122,-4000.238999885778,14.881864729258094
-3181.0005002501275,-0.00015290379342906122,-4000.238999885778,14.881864729258094
-3179.7998999499773,-0.00015290379342906122,-4000.238999885778,14.881864729258094
-3178.5992996498276,-0.00015290379342906122,-4000.238999885778,14.881864729258094
-3177.3986993496774,-0.00015290379342906122,-4000.238999885778,14.881864729258094
-3176.198099049527,-0.00015290379342906122,-4000.238999885778,14.881864729258094
-3174.9974987493774,-0.00015290379342906122,-4000.238999885778,14.881864729258094
-3173.7968984492272,-0.00015290379342906122,-4000.238999885778,14.881864729258094
-3172.5962981490766,-0.00015290379342906122,-4000.238999885778,14.881864729258094
-3171.395697848927,-0.00015290379342906122,-4000.238999885778,14.881864729258094
-3170.1950975487766,-0.00015290379342906122,-4000.238999885778,14.881864729258094
-3168.9944972486264,-0.00015290379342906122,-4000.238999885778,14.881864729258094
-3167.7938969484767,-0.00015290379342906122,-4000.238999885778,14.881864729258094
-3166.5932966483265,-0.00015290379342906122,-4000.238999885778,14.881864729258094
-3165.3926963481763,-0.00015290379342906122,-4000.238999885778,14.881864729258094
-3164.1920960480265,-0.00015290379342906122,-4000.238999885778,14.881864729258094
-3162.991495747877,-0.00015290379342906122,-4000.238999885778,14.881864729258094
-3161.790895447726,-0.00015290379342906122,-4000.238999885778,14.881864729258094
-3160.5902951475764,-0.00015290379342906122,-4000.238999885778,14.881864729258094
-3159.3896948474267,-0.00015290379342906122,-4000.238999885778,14.881864729258094
-3158.1890945472765,-0.00015290379342906122,-4000.238999885778,14.881864729258094
-3156.988494247126,-0.00015290379342906122,-4000.238999885778,14.881864729258094
-3155.787893946976,-0.00015290379342906122,-4000.238999885778,14.881864729258094
-3154.587293646826,-0.00015290379342906122,-4000.238999885778,14.881864729258094
-3153.3866933466757,-0.00015290379342906122,-4000.238999885778,14.881864729258094
-3152.186093046526,-0.00015290379342906122,-4000.238999885778,14.881864729258094
-3150.9854927463757,-0.00015290379342906122,-4000.238999885778,14.881864729258094
-3149.7848924462255,-0.00015290379342906122,-4000.238999885778,14.881864729258094
-3148.5842921460758,-0.00015290379342906122,-4000.238999885778,14.881864729258094
-3147.3836918459256,-0.00015290379342906122,-4000.238999885778,14.881864729258094
-3146.1830915457754,-0.00015290379342906122,-4000.238999885778,14.881864729258094
-3144.9824912456256,-0.00015290379342906122,-4000.238999885778,14.881864729258094
-3143.781890945475,-0.00015290379342906122,-4000.238999885778,14.881864729258094
-3142.5812906453248,-0.00015290379342906122,-4000.238999885778,14.881864729258094
-3141.380690345175,-0.00015290379342906122,-4000.238999885778,14.881864729258094
-3140.1800900450253,-0.00015290379342906122,-4000.238999885778,14.881864729258094
-3138.9794897448746,-0.00015290379342906122,-4000.238999885778,14.881864729258094
-3137.778889444725,-0.00015290379342906122,-4000.238999885778,14.881864729258094
-3136.578289144575,-0.00015290379342906122,-4000.238999885778,14.881864729258094
-3135.377688844425,-0.00015290379342906122,-4000.238999885778,14.881864729258094
-3134.1770885442747,-0.00015290379342906122,-4000.238999885778,14.881864729258094
-3132.976488244125,-0.00015290379342906122,-4000.238999885778,14.881864729258094
-3131.775887943975,-0.00015290379342906122,-4000.238999885778,14.881864729258094
-3130.575287643824,-0.00015290379342906122,-4000.238999885778,14.881864729258094
-3129.3746873436744,-0.00015290379342906122,-4000.238999885778,14.881864729258094
-3128.174087043524,-0.00015290379342906122,-4000.238999885778,14.881864729258094
-3126.973486743374,-0.00015290379342906122,-4000.238999885778,14.881864729258094
-3125.7728864432243,-0.00015290379342906122,-4000.238999885778,14.881864729258094
-3124.572286143074,-0.00015290379342906122,-4000.238999885778,14.881864729258094
-3123.371685842924,-0.00015290379342906122,-4000.238999885778,14.881864729258094
-3122.171085542774,-0.00015290379342906122,-4000.238999885778,14.881864729258094
-3120.970485242624,-0.00015290379342906122,-4000.238999885778,14.881864729258094
-3119.7698849424737,-0.00015290379342906122,-4000.238999885778,14.881864729258094
-3118.569284642324,-0.00015290379342906122,-4000.238999885778,14.881864729258094
-3117.368684342174,-0.00015290379342906122,-4000.238999885778,14.881864729258094
-3116.168084042023,-0.00015290379342906122,-4000.238999885778,14.881864729258094
-3114.9674837418734,-0.00015290379342906122,-4000.238999885778,14.881864729258094
-3113.7668834417236,-0.00015290379342906122,-4000.238999885778,14.881864729258094
-3112.5662831415734,-0.00015290379342906122,-4000.238999885778,14.881864729258094
-3111.365682841423,-0.00015290379342906122,-4000.238999885778,14.881864729258094
-3110.1650825412735,-0.00015290379342906122,-4000.238999885778,14.881864729258094
-3108.9644822411233,-0.00015290379342906122,-4000.238999885778,14.881864729258094
-3107.763881940973,-0.00015290379342906122,-4000.238999885778,14.881864729258094
-3106.5632816408233,-0.00015290379342906122,-4000.238999885778,14.881864729258094
-3105.362681340673,-0.00015290379342906122,-4000.238999885778,14.881864729258094
-3104.162081040523,-0.00015290379342906122,-4000.238999885778,14.881864729258094
-3102.961480740373,-0.00015290379342906122,-4000.238999885778,14.881864729258094
-3101.7608804402225,-0.00015290379342906122,-4000.238999885778,14.881864729258094
-3100.5602801400723,-0.00015290379342906122,-4000.238999885778,14.881864729258094
-3099.3596798399226,-0.00015290379342906122,-4000.238999885778,14.881864729258094
-3098.1590795397724,-0.00015290379342906122,-4000.238999885778,14.881864729258094
-3096.958479239622,-0.00015290379342906122,-4000.238999885778,14.881864729258094
-3095.7578789394724,-0.00015290379342906122,-4000.238999885778,14.881864729258094
-3094.5572786393227,-0.00015290379342906122,-4000.238999885778,14.881864729258094
-3093.356678339172,-0.00015290379342906122,-4000.238999885778,14.881864729258094
-3092.1560780390223,-0.00015290379342906122,-4000.238999885778,14.881864729258094
-3090.9554777388726,-0.00015290379342906122,-4000.238999885778,14.881864729258094
-3089.7548774387224,-0.00015290379342906122,-4000.238999885778,14.881864729258094
-3088.5542771385717,-0.00015290379342906122,-4000.238999885778,14.881864729258094
-3087.353676838422,-0.00015290379342906122,-4000.238999885778,14.881864729258094
-3086.1530765382718,-0.00015290379342906122,-4000.238999885778,14.881864729258094
-3084.9524762381216,-0.00015290379342906122,-4000.238999885778,14.881864729258094
-3083.751875937972,-0.00015290379342906122,-4000.238999885778,14.881864729258094
-3082.5512756378216,-0.00015290379342906122,-4000.238999885778,14.881864729258094
-3081.3506753376714,-0.00015290379342906122,-4000.238999885778,14.881864729258094
-3080.1500750375217,-0.00015290379342906122,-4000.238999885778,14.881864729258094
-3078.9494747373715,-0.00015290379342906122,-4000.238999885778,14.881864729258094
-3077.7488744372213,-0.00015290379342906122,-4000.238999885778,14.881864729258094
-3076.5482741370715,-0.00015290379342906122,-4000.238999885778,14.881864729258094
-3075.347673836921,-0.00015290379342906122,-4000.238999885778,14.881864729258094
-3074.1470735367707,-0.00015290379342906122,-4000.238999885778,14.881864729258094
-3072.946473236621,-0.00015290379342906122,-4000.238999885778,14.881864729258094
-3071.745872936471,-0.00015290379342906122,-4000.238999885778,14.881864729258094
-3070.5452726363205,-0.00015290379342906122,-4000.238999885778,14.881864729258094
-3069.344672336171,-0.00015290379342906122,-4000.238999885778,14.881864729258094
-3068.144072036021,-0.00015290379342906122,-4000.238999885778,14.881864729258094
-3066.943471735871,-0.00015290379342906122,-4000.238999885778,14.881864729258094
-3065.7428714357206,-0.00015290379342906122,-4000.238999885778,14.881864729258094
-3064.542271135571,-0.00015290379342906122,-4000.238999885778,14.881864729258094
-3063.3416708354207,-0.00015290379342906122,-4000.238999885778,14.881864729258094
-3062.1410705352705,-0.00015290379342906122,-4000.238999885778,14.881864729258094
-3060.9404702351208,-0.00015290379342906122,-4000.238999885778,14.881864729258094
-3059.73986993497,-0.00015290379342906122,-4000.238999885778,14.881864729258094
-3058.53926963482,-0.00015290379342906122,-4000.238999885778,14.881864729258094
-3057.33866933467,-0.00015290379342906122,-4000.238999885778,14.881864729258094
-3056.13806903452,-0.00015290379342906122,-4000.238999885778,14.881864729258094
-3054.9374687343698,-0.00015290379342906122,-4000.238999885778,14.881864729258094
-3053.73686843422,-0.00015290379342906122,-4000.238999885778,14.881864729258094
-3052.5362681340703,-0.00015290379342906122,-4000.238999885778,14.881864729258094
-3051.3356678339196,-0.00015290379342906122,-4000.238999885778,14.881864729258094
-3050.13506753377,-0.00015290379342906122,-4000.238999885778,14.881864729258094
-3048.93446723362,-0.00015290379342906122,-4000.238999885778,14.881864729258094
-3047.733866933469,-0.00015290379342906122,-4000.238999885778,14.881864729258094
-3046.5332666333193,-0.00015290379342906122,-4000.238999885778,14.881864729258094
-3045.3326663331695,-0.00015290379342906122,-4000.238999885778,14.881864729258094
-3044.1320660330193,-0.00015290379342906122,-4000.238999885778,14.881864729258094
-3042.931465732869,-0.00015290379342906122,-4000.238999885778,14.881864729258094
-3041.7308654327194,-0.00015290379342906122,-4000.238999885778,14.881864729258094
-3040.530265132569,-0.00015290379342906122,-4000.238999885778,14.881864729258094
-3039.329664832419,-0.00015290379342906122,-4000.238999885778,14.881864729258094
-3038.1290645322692,-0.00015290379342906122,-4000.238999885778,14.881864729258094
-3036.928464232119,-0.00015290379342906122,-4000.238999885778,14.881864729258094
-3035.727863931969,-0.00015290379342906122,-4000.238999885778,14.881864729258094
-3034.527263631819,-0.00015290379342906122,-4000.238999885778,14.881864729258094
-3033.3266633316684,-0.00015290379342906122,-4000.238999885778,14.881864729258094
-3032.1260630315182,-0.00015290379342906122,-4000.238999885778,14.881864729258094
-3030.9254627313685,-0.00015290379342906122,-4000.238999885778,14.881864729258094
-3029.7248624312188,-0.00015290379342906122,-4000.238999885778,14.881864729258094
-3028.524262131068,-0.00015290379342906122,-4000.238999885778,14.881864729258094
-3027.3236618309184,-0.00015290379342906122,-4000.238999885778,14.881864729258094
-3026.1230615307686,-0.00015290379342906122,-4000.238999885778,14.881864729258094
-3024.922461230618,-0.00015290379342906122,-4000.238999885778,14.881864729258094
-3023.721860930468,-0.00015290379342906122,-4000.238999885778,14.881864729258094
-3022.5212606303185,-0.00015290379342906122,-4000.238999885778,14.881864729258094
-3021.3206603301683,-0.00015290379342906122,-4000.238999885778,14.881864729258094
-3020.1200600300176,-0.00015290379342906122,-4000.238999885778,14.881864729258094
-3018.919459729868,-0.00015290379342906122,-4000.238999885778,14.881864729258094
-3017.7188594297177,-0.00015290379342906122,-4000.238999885778,14.881864729258094
-3016.5182591295675,-0.00015290379342906122,-4000.238999885778,14.881864729258094
-3015.3176588294177,-0.00015290379342906122,-4000.238999885778,14.881864729258094
-3014.1170585292675,-0.00015290379342906122,-4000.238999885778,14.881864729258094
-3012.9164582291173,-0.00015290379342906122,-4000.238999885778,14.881864729258094
-3011.7158579289676,-0.00015290379342906122,-4000.238999885778,14.881864729258094
-3010.5152576288174,-0.00015290379342906122,-4000.238999885778,14.881864729258094
-3009.314657328667,-0.00015290379342906122,-4000.238999885778,14.881864729258094
-3008.1140570285174,-0.00015290379342906122,-4000.238999885778,14.881864729258094
-3006.9134567283677,-0.00015290379342906122,-4000.238999885778,14.881864729258094
-3005.7128564282166,-0.00015290379342906122,-4000.238999885778,14.881864729258094
-3004.512256128067,-0.00015290379342906122,-4000.238999885778,14.881864729258094
-3003.311655827917,-0.00015290379342906122,-4000.238999885778,14.881864729258094
-3002.1110555277664,-0.00015290379342906122,-4000.238999885778,14.881864729258094
-3000.9104552276167,-0.00015290379342906122,-4000.238999885778,14.881864729258094
-2999.709854927467,-0.00015290379342906122,-4000.238999885778,14.881864729258094
-2998.5092546273167,-0.00015290379342906122,-4000.238999885778,14.881864729258094
-2997.3086543271666,-0.00015290379342906122,-4000.238999885778,14.881864729258094
-2996.108054027017,-0.00015290379342906122,-4000.238999885778,14.881864729258094
-2994.9074537268666,-0.00015290379342906122,-4000.238999885778,14.881864729258094
-2993.7068534267164,-0.00015290379342906122,-4000.238999885778,14.881864729258094
-2992.5062531265667,-0.00015290379342906122,-4000.238999885778,14.881864729258094
-2991.305652826416,-0.00015290379342906122,-4000.238999885778,14.881864729258094
-2990.105052526266,-0.00015290379342906122,-4000.238999885778,14.881864729258094
-2988.904452226116,-0.00015290379342906122,-4000.238999885778,14.881864729258094
-2987.703851925966,-0.00015290379342906122,-4000.238999885778,14.881864729258094
-2986.5032516258157,-0.00015290379342906122,-4000.238999885778,14.881864729258094
-2985.302651325666,-0.00015290379342906122,-4000.238999885778,14.881864729258094
-2984.102051025516,-0.00015290379342906122,-4000.238999885778,14.881864729258094
-2982.9014507253655,-0.00015290379342906122,-4000.238999885778,14.881864729258094
-2981.700850425216,-0.00015290379342906122,-4000.238999885778,14.881864729258094
-2980.500250125066,-0.00015290379342906122,-4000.238999885778,14.881864729258094
-2979.299649824915,-0.00015290379342906122,-4000.238999885778,14.881864729258094
-2978.099049524765,-0.00015290379342906122,-4000.238999885778,14.881864729258094
-2976.8984492246154,-0.00015290379342906122,-4000.238999885778,14.881864729258094
-2975.6978489244652,-0.00015290379342906122,-4000.238999885778,14.881864729258094
-2974.497248624315,-0.00015290379342906122,-4000.238999885778,14.881864729258094
-2973.2966483241653,-0.00015290379342906122,-4000.238999885778,14.881864729258094
-2972.096048024015,-0.00015290379342906122,-4000.238999885778,14.881864729258094
-2970.895447723865,-0.00015290379342906122,-4000.238999885778,14.881864729258094
-2969.694847423715,-0.00015290379342906122,-4000.238999885778,14.881864729258094
-2968.494247123565,-0.00015290379342906122,-4000.238999885778,14.881864729258094
-2967.2936468234147,-0.00015290379342906122,-4000.238999885778,14.881864729258094
-2966.093046523265,-0.00015290379342906122,-4000.238999885778,14.881864729258094
-2964.892446223115,-0.00015290379342906122,-4000.238999885778,14.881864729258094
-2963.691845922964,-0.00015290379342906122,-4000.238999885778,14.881864729258094
-2962.4912456228144,-0.00015290379342906122,-4000.238999885778,14.881864729258094
-2961.2906453226647,-0.00015290379342906122,-4000.238999885778,14.881864729258094
-2960.090045022514,-0.00015290379342906122,-4000.238999885778,14.881864729258094
-2958.8894447223643,-0.00015290379342906122,-4000.238999885778,14.881864729258094
-2957.6888444222145,-0.00015290379342906122,-4000.238999885778,14.881864729258094
-2956.488244122064,-0.00015290379342906122,-4000.238999885778,14.881864729258094
-2955.287643821914,-0.00015290379342906122,-4000.238999885778,14.881864729258094
-2954.0870435217644,-0.00015290379342906122,-4000.238999885778,14.881864729258094
-2952.886443221614,-0.00015290379342906122,-4000.238999885778,14.881864729258094
-2951.685842921464,-0.00015290379342906122,-4000.238999885778,14.881864729258094
-2950.4852426213142,-0.00015290379342906122,-4000.238999885778,14.881864729258094
-2949.2846423211636,-0.00015290379342906122,-4000.238999885778,14.881864729258094
-2948.0840420210134,-0.00015290379342906122,-4000.238999885778,14.881864729258094
-2946.8834417208636,-0.00015290379342906122,-4000.238999885778,14.881864729258094
-2945.6828414207134,-0.00015290379342906122,-4000.238999885778,14.881864729258094
-2944.4822411205632,-0.00015290379342906122,-4000.238999885778,14.881864729258094
-2943.2816408204135,-0.00015290379342906122,-4000.238999885778,14.881864729258094
-2942.0810405202633,-0.00015290379342906122,-4000.238999885778,14.881864729258094
-2940.880440220113,-0.00015290379342906122,-4000.238999885778,14.881864729258094
-2939.6798399199633,-0.00015290379342906122,-4000.238999885778,14.881864729258094
-2938.4792396198136,-0.00015290379342906122,-4000.238999885778,14.881864729258094
-2937.2786393196625,-0.00015290379342906122,-4000.238999885778,14.881864729258094
-2936.0780390195127,-0.00015290379342906122,-4000.238999885778,14.881864729258094
-2934.877438719363,-0.00015290379342906122,-4000.238999885778,14.881864729258094
-2933.6768384192123,-0.00015290379342906122,-4000.238999885778,14.881864729258094
-2932.4762381190626,-0.00015290379342906122,-4000.238999885778,14.881864729258094
-2931.275637818913,-0.00015290379342906122,-4000.238999885778,14.881864729258094
-2930.0750375187627,-0.00015290379342906122,-4000.238999885778,14.881864729258094
-2928.8744372186125,-0.00015290379342906122,-4000.238999885778,14.881864729258094
-2927.6738369184627,-0.00015290379342906122,-4000.238999885778,14.881864729258094
-2926.4732366183125,-0.00015290379342906122,-4000.238999885778,14.881864729258094
-2925.2726363181623,-0.00015290379342906122,-4000.238999885778,14.881864729258094
-2924.0720360180126,-0.00015290379342906122,-4000.238999885778,14.881864729258094
-2922.871435717862,-0.00015290379342906122,-4000.238999885778,14.881864729258094
-2921.6708354177117,-0.00015290379342906122,-4000.238999885778,14.881864729258094
-2920.470235117562,-0.00015290379342906122,-4000.238999885778,14.881864729258094
-2919.2696348174118,-0.00015290379342906122,-4000.238999885778,14.881864729258094
-2918.0690345172616,-0.00015290379342906122,-4000.238999885778,14.881864729258094
-2916.868434217112,-0.00015290379342906122,-4000.238999885778,14.881864729258094
-2915.667833916962,-0.00015290379342906122,-4000.238999885778,14.881864729258094
-2914.4672336168114,-0.00015290379342906122,-4000.238999885778,14.881864729258094
-2913.2666333166617,-0.00015290379342906122,-4000.238999885778,14.881864729258094
-2912.066033016512,-0.00015290379342906122,-4000.238999885778,14.881864729258094
-2910.8654327163617,-0.00015290379342906122,-4000.238999885778,14.881864729258094
-2909.6648324162115,-0.00015290379342906122,-4000.238999885778,14.881864729258094
-2908.464232116062,-0.00015290379342906122,-4000.238999885778,14.881864729258094
-2907.263631815911,-0.00015290379342906122,-4000.238999885778,14.881864729258094
-2906.063031515761,-0.00015290379342906122,-4000.238999885778,14.881864729258094
-2904.862431215611,-0.00015290379342906122,-4000.238999885778,14.881864729258094
-2903.661830915461,-0.00015290379342906122,-4000.238999885778,14.881864729258094
-2902.461230615311,-0.00015290379342906122,-4000.238999885778,14.881864729258094
-2901.260630315161,-0.00015290379342906122,-4000.238999885778,14.881864729258094
-2900.060030015011,-0.00015290379342906122,-4000.238999885778,14.881864729258094
-2898.8594297148607,-0.00015290379342906122,-4000.238999885778,14.881864729258094
-2897.658829414711,-0.00015290379342906122,-4000.238999885778,14.881864729258094
-2896.4582291145607,-0.00015290379342906122,-4000.238999885778,14.881864729258094
-2895.25762881441,-0.00015290379342906122,-4000.238999885778,14.881864729258094
-2894.0570285142603,-0.00015290379342906122,-4000.238999885778,14.881864729258094
-2892.8564282141106,-0.00015290379342906122,-4000.238999885778,14.881864729258094
-2891.65582791396,-0.00015290379342906122,-4000.238999885778,14.881864729258094
-2890.45522761381,-0.00015290379342906122,-4000.238999885778,14.881864729258094
-2889.2546273136604,-0.00015290379342906122,-4000.238999885778,14.881864729258094
-2888.05402701351,-0.00015290379342906122,-4000.238999885778,14.881864729258094
-2886.85342671336,-0.00015290379342906122,-4000.238999885778,14.881864729258094
-2885.6528264132103,-0.00015290379342906122,-4000.238999885778,14.881864729258094
-2884.45222611306,-0.00015290379342906122,-4000.238999885778,14.881864729258094
-2883.25162581291,-0.00015290379342906122,-4000.238999885778,14.881864729258094
-2882.05102551276,-0.00015290379342906122,-4000.238999885778,14.881864729258094
-2880.8504252126095,-0.00015290379342906122,-4000.238999885778,14.881864729258094
-2879.6498249124593,-0.00015290379342906122,-4000.238999885778,14.881864729258094
-2878.4492246123095,-0.00015290379342906122,-4000.238999885778,14.881864729258094
-2877.2486243121593,-0.00015290379342906122,-4000.238999885778,14.881864729258094
-2876.048024012009,-0.00015290379342906122,-4000.238999885778,14.881864729258094
-2874.8474237118594,-0.00015290379342906122,-4000.238999885778,14.881864729258094
-2873.646823411709,-0.00015290379342906122,-4000.238999885778,14.881864729258094
-2872.446223111559,-0.00015290379342906122,-4000.238999885778,14.881864729258094
-2871.2456228114092,-0.00015290379342906122,-4000.238999885778,14.881864729258094
-2870.0450225112595,-0.00015290379342906122,-4000.238999885778,14.881864729258094
-2868.844422211109,-0.00015290379342906122,-4000.238999885778,14.881864729258094
-2867.643821910959,-0.00015290379342906122,-4000.238999885778,14.881864729258094
-2866.4432216108094,-0.00015290379342906122,-4000.238999885778,14.881864729258094
-2865.2426213106587,-0.00015290379342906122,-4000.238999885778,14.881864729258094
-2864.0420210105085,-0.00015290379342906122,-4000.238999885778,14.881864729258094
-2862.8414207103588,-0.00015290379342906122,-4000.238999885778,14.881864729258094
-2861.6408204102086,-0.00015290379342906122,-4000.238999885778,14.881864729258094
-2860.4402201100584,-0.00015290379342906122,-4000.238999885778,14.881864729258094
-2859.2396198099086,-0.00015290379342906122,-4000.238999885778,14.881864729258094
-2858.0390195097584,-0.00015290379342906122,-4000.238999885778,14.881864729258094
-2856.838419209608,-0.00015290379342906122,-4000.238999885778,14.881864729258094
-2855.6378189094585,-0.00015290379342906122,-4000.238999885778,14.881864729258094
-2854.4372186093083,-0.00015290379342906122,-4000.238999885778,14.881864729258094
-2853.2366183091576,-0.00015290379342906122,-4000.238999885778,14.881864729258094
-2852.036018009008,-0.00015290379342906122,-4000.238999885778,14.881864729258094
-2850.8354177088577,-0.00015290379342906122,-4000.238999885778,14.881864729258094
-2849.634817408708,-0.00015290379342906122,-4000.238999885778,14.881864729258094
-2848.4342171085577,-0.00015290379342906122,-4000.238999885778,14.881864729258094
-2847.2336168084075,-0.00015290379342906122,-4000.238999885778,14.881864729258094
-2846.033016508258,-0.00015290379342906122,-4000.238999885778,14.881864729258094
-2844.8324162081076,-0.00015290379342906122,-4000.238999885778,14.881864729258094
-2843.6318159079574,-0.00015290379342906122,-4000.238999885778,14.881864729258094
-2842.4312156078076,-0.00015290379342906122,-4000.238999885778,14.881864729258094
-2841.2306153076574,-0.00015290379342906122,-4000.238999885778,14.881864729258094
-2840.0300150075077,-0.00015290379342906122,-4000.238999885778,14.881864729258094
-2838.829414707357,-0.00015290379342906122,-4000.238999885778,14.881864729258094
-2837.628814407207,-0.00015290379342906122,-4000.238999885778,14.881864729258094
-2836.428214107057,-0.00015290379342906122,-4000.238999885778,14.881864729258094
-2835.227613806907,-0.00015290379342906122,-4000.238999885778,14.881864729258094
-2834.0270135067567,-0.00015290379342906122,-4000.238999885778,14.881864729258094
-2832.826413206607,-0.00015290379342906122,-4000.238999885778,14.881864729258094
-2831.6258129064568,-0.00015290379342906122,-4000.238999885778,14.881864729258094
-2830.4252126063066,-0.00015290379342906122,-4000.238999885778,14.881864729258094
-2829.224612306157,-0.00015290379342906122,-4000.238999885778,14.881864729258094
-2828.0240120060066,-0.00015290379342906122,-4000.238999885778,14.881864729258094
-2826.823411705857,-0.00015290379342906122,-4000.238999885778,14.881864729258094
-2825.622811405706,-0.00015290379342906122,-4000.238999885778,14.881864729258094
-2824.422211105556,-0.00015290379342906122,-4000.238999885778,14.881864729258094
-2823.2216108054063,-0.00015290379342906122,-4000.238999885778,14.881864729258094
-2822.021010505256,-0.00015290379342906122,-4000.238999885778,14.881864729258094
-2820.820410205106,-0.00015290379342906122,-4000.238999885778,14.881864729258094
-2819.619809904956,-0.00015290379342906122,-4000.238999885778,14.881864729258094
-2818.419209604806,-0.00015290379342906122,-4000.238999885778,14.881864729258094
-2817.218609304656,-0.00015290379342906122,-4000.238999885778,14.881864729258094
-2816.018009004506,-0.00015290379342906122,-4000.238999885778,14.881864729258094
-2814.817408704356,-0.00015290379342906122,-4000.238999885778,14.881864729258094
-2813.616808404206,-0.00015290379342906122,-4000.238999885778,14.881864729258094
-2812.416208104056,-0.00015290379342906122,-4000.238999885778,14.881864729258094
-2811.215607803905,-0.00015290379342906122,-4000.238999885778,14.881864729258094
-2810.0150075037554,-0.00015290379342906122,-4000.238999885778,14.881864729258094
-2808.8144072036052,-0.00015290379342906122,-4000.238999885778,14.881864729258094
-2807.613806903455,-0.00015290379342906122,-4000.238999885778,14.881864729258094
-2806.4132066033053,-0.00015290379342906122,-4000.238999885778,14.881864729258094
-2805.212606303155,-0.00015290379342906122,-4000.238999885778,14.881864729258094
-2804.0120060030054,-0.00015290379342906122,-4000.238999885778,14.881864729258094
-2802.811405702855,-0.00015290379342906122,-4000.238999885778,14.881864729258094
-2801.610805402705,-0.00015290379342906122,-4000.238999885778,14.881864729258094
-2800.410205102555,-0.00015290379342906122,-4000.238999885778,14.881864729258094
-2799.209604802405,-0.00015290379342906122,-4000.238999885778,14.881864729258094
-2798.0090045022544,-0.00015290379342906122,-4000.238999885778,14.881864729258094
-2796.8084042021046,-0.00015290379342906122,-4000.238999885778,14.881864729258094
-2795.6078039019544,-0.00015290379342906122,-4000.238999885778,14.881864729258094
-2794.4072036018047,-0.00015290379342906122,-4000.238999885778,14.881864729258094
-2793.2066033016545,-0.00015290379342906122,-4000.238999885778,14.881864729258094
-2792.0060030015043,-0.00015290379342906122,-4000.238999885778,14.881864729258094
-2790.8054027013545,-0.00015290379342906122,-4000.238999885778,14.881864729258094
-2789.6048024012043,-0.00015290379342906122,-4000.238999885778,14.881864729258094
-2788.404202101054,-0.00015290379342906122,-4000.238999885778,14.881864729258094
-2787.2036018009044,-0.00015290379342906122,-4000.238999885778,14.881864729258094
-2786.003001500754,-0.00015290379342906122,-4000.238999885778,14.881864729258094
-2784.8024012006035,-0.00015290379342906122,-4000.238999885778,14.881864729258094
-2783.601800900454,-0.00015290379342906122,-4000.238999885778,14.881864729258094
-2782.4012006003036,-0.00015290379342906122,-4000.238999885778,14.881864729258094
-2781.200600300154,-0.00015290379342906122,-4000.238999885778,14.881864729258094
-2780.0000000000036,-0.00015290379342906122,-4000.238999885778,14.881864729258094
