xx,yy,freq,EF,ScaledTransfer,e_ScaledTransfer
-293.25000000000034,2.8502836571221814e-33,-3.9747000000000057,0.0156,0.0029595388153246674,0.00079462463789613
-293.17299992300025,1.190385285774632e-08,-3.9747000000000057,0.0156,0.0029595388153246674,0.00079462463789613
-293.0959998460002,4.773897432737911e-08,-3.9747000000000057,0.0156,0.0029595388153246674,0.00079462463789613
-293.0189997690001,1.075899866993512e-07,-3.9747000000000057,0.0156,0.0029595388153246674,0.00079462463789613
-292.941999692,1.91406072974486e-07,-3.9747000000000057,0.0156,0.0029595388153246674,0.00079462463789613
-292.864999615,2.9900017787316314e-07,-3.9747000000000057,0.0156,0.0029595388153246674,0.00079462463789613
-292.7879995379999,4.3004897346820487e-07,-3.9747000000000057,0.0156,0.0029595388153246674,0.00079462463789613
-292.7109994609998,5.840935957588559e-07,-3.9747000000000057,0.0156,0.0029595388153246674,0.00079462463789613
-292.63399938399976,7.605411542184264e-07,-3.9747000000000057,0.0156,0.0029595388153246674,0.00079462463789613
-292.55699930699967,9.586670120142412e-07,-3.9747000000000057,0.0156,0.0029595388153246674,0.00079462463789613
-292.4799992299996,1.1776178302430708e-06,-3.9747000000000057,0.0156,0.0029595388153246674,0.00079462463789613
-292.40299915299954,1.41641536517877e-06,-3.9747000000000057,0.0156,0.0029595388153246674,0.00079462463789613
-292.32599907599945,1.6739610032010933e-06,-3.9747000000000057,0.0156,0.0029595388153246674,0.00079462463789613
-292.24899899899935,1.9490410138016683e-06,-3.9747000000000057,0.0156,0.0029595388153246674,0.00079462463789613
-292.17199892199926,2.2403324968713357e-06,-3.9747000000000057,0.0156,0.0029595388153246674,0.00079462463789613
-292.0949988449992,2.546409996371097e-06,-3.9747000000000057,0.0156,0.0029595388153246674,0.00079462463789613
-292.01799876799913,2.8657527485197228e-06,-3.9747000000000057,0.0156,0.0029595388153246674,0.00079462463789613
-291.94099869099904,3.1967525288002977e-06,-3.9747000000000057,0.0156,0.0029595388153246674,0.00079462463789613
-291.863998613999,3.5377220584373284e-06,-3.9747000000000057,0.0156,0.0029595388153246674,0.00079462463789613
-291.7869985369989,3.886903927525425e-06,-3.9747000000000057,0.0156,0.0029595388153246674,0.00079462463789613
-291.7099984599988,4.242479988735451e-06,-3.9747000000000057,0.0156,0.0029595388153246674,0.00079462463789613
-291.6329983829988,4.602581172508422e-06,-3.9747000000000057,0.0156,0.0029595388153246674,0.00079462463789613
-291.5559983059987,4.96529767187144e-06,-3.9747000000000057,0.0156,0.0029595388153246674,0.00079462463789613
-291.4789982289986,5.328689442504163e-06,-3.9747000000000057,0.0156,0.0029595388153246674,0.00079462463789613
-291.4019981519985,5.690796961474755e-06,-3.9747000000000057,0.0156,0.0029595388153246674,0.00079462463789613
-291.3249980749984,6.049652186134e-06,-3.9747000000000057,0.0156,0.0029595388153246674,0.00079462463789613
-291.2479979979983,6.403289653055466e-06,-3.9747000000000057,0.0156,0.0029595388153246674,0.00079462463789613
-291.1709979209983,6.749757655621977e-06,-3.9747000000000057,0.0156,0.0029595388153246674,0.00079462463789613
-291.0939978439982,7.087129437911094e-06,-3.9747000000000057,0.0156,0.0029595388153246674,0.00079462463789613
-291.0169977669981,7.413514341916518e-06,-3.9747000000000057,0.0156,0.0029595388153246674,0.00079462463789613
-290.93999768999805,7.72706884489093e-06,-3.9747000000000057,0.0156,0.0029595388153246674,0.00079462463789613
-290.86299761299796,8.02600742367678e-06,-3.9747000000000057,0.0156,0.0029595388153246674,0.00079462463789613
-290.78599753599786,8.308613183338475e-06,-3.9747000000000057,0.0156,0.0029595388153246674,0.00079462463789613
-290.7089974589978,8.573248188213292e-06,-3.9747000000000057,0.0156,0.0029595388153246674,0.00079462463789613
-290.63199738199773,8.81836343464502e-06,-3.9747000000000057,0.0156,0.0029595388153246674,0.00079462463789613
-290.55499730499764,9.042508406167164e-06,-3.9747000000000057,0.0156,0.0029595388153246674,0.00079462463789613
-290.4779972279976,9.244340153753426e-06,-3.9747000000000057,0.0156,0.0029595388153246674,0.00079462463789613
-290.4009971509975,9.422631845930358e-06,-3.9747000000000057,0.0156,0.0029595388153246674,0.00079462463789613
-290.3239970739974,9.57628073605878e-06,-3.9747000000000057,0.0156,0.0029595388153246674,0.00079462463789613
-290.2469969969973,9.704315496919799e-06,-3.9747000000000057,0.0156,0.0029595388153246674,0.00079462463789613
-290.1699969199973,9.805902875865394e-06,-3.9747000000000057,0.0156,0.0029595388153246674,0.00079462463789613
-290.0929968429972,9.880353627213816e-06,-3.9747000000000057,0.0156,0.0029595388153246674,0.00079462463789613
-290.0159967659971,9.92712768225573e-06,-3.9747000000000057,0.0156,0.0029595388153246674,0.00079462463789613
-289.93899668899707,9.945838521180566e-06,-3.9747000000000057,0.0156,0.0029595388153246674,0.00079462463789613
-289.861996611997,9.93625671540397e-06,-3.9747000000000057,0.0156,0.0029595388153246674,0.00079462463789613
-289.7849965349969,9.898312613164644e-06,-3.9747000000000057,0.0156,0.0029595388153246674,0.00079462463789613
-289.70799645799684,9.832098145833603e-06,-3.9747000000000057,0.0156,0.0029595388153246674,0.00079462463789613
-289.63099638099675,9.737867737118049e-06,-3.9747000000000057,0.0156,0.0029595388153246674,0.00079462463789613
-289.55399630399666,9.616038302223874e-06,-3.9747000000000057,0.0156,0.0029595388153246674,0.00079462463789613
-289.4769962269966,9.46718832903335e-06,-3.9747000000000057,0.0156,0.0029595388153246674,0.00079462463789613
-289.3999961499965,9.292056038436876e-06,-3.9747000000000057,0.0156,0.0029595388153246674,0.00079462463789613
-289.32299607299643,9.091536626100632e-06,-3.9747000000000057,0.0156,0.0029595388153246674,0.00079462463789613
-289.2459959959964,8.866678593120948e-06,-3.9747000000000057,0.0156,0.0029595388153246674,0.00079462463789613
-289.1689959189963,8.618679178195475e-06,-3.9747000000000057,0.0156,0.0029595388153246674,0.00079462463789613
-289.0919958419962,8.348878909091193e-06,-3.9747000000000057,0.0156,0.0029595388153246674,0.00079462463789613
-289.0149957649961,8.058755296280776e-06,-3.9747000000000057,0.0156,0.0029595388153246674,0.00079462463789613
-288.937995687996,7.749915696635237e-06,-3.9747000000000057,0.0156,0.0029595388153246674,0.00079462463789613
-288.86099561099593,7.424089379957768e-06,-3.9747000000000057,0.0156,0.0029595388153246674,0.00079462463789613
-288.7839955339959,7.083118835902815e-06,-3.9747000000000057,0.0156,0.0029595388153246674,0.00079462463789613
-288.7069954569958,6.728950363415131e-06,-3.9747000000000057,0.0156,0.0029595388153246674,0.00079462463789613
-288.6299953799957,6.363623989222653e-06,-3.9747000000000057,0.0156,0.0029595388153246674,0.00079462463789613
-288.55299530299567,5.989262766084846e-06,-3.9747000000000057,0.0156,0.0029595388153246674,0.00079462463789613
-288.4759952259956,5.6080615054311315e-06,-3.9747000000000057,0.0156,0.0029595388153246674,0.00079462463789613
-288.3989951489955,5.2222750026835265e-06,-3.9747000000000057,0.0156,0.0029595388153246674,0.00079462463789613
-288.3219950719954,4.834205816912505e-06,-3.9747000000000057,0.0156,0.0029595388153246674,0.00079462463789613
-288.24499499499535,4.446191669536523e-06,-3.9747000000000057,0.0156,0.0029595388153246674,0.00079462463789613
-288.16799491799526,4.060592529480703e-06,-3.9747000000000057,0.0156,0.0029595388153246674,0.00079462463789613
-288.09099484099517,3.6797774545841788e-06,-3.9747000000000057,0.0156,0.0029595388153246674,0.00079462463789613
-288.01399476399513,3.3061112610284934e-06,-3.9747000000000057,0.0156,0.0029595388153246674,0.00079462463789613
-287.93699468699504,2.9419410941810236e-06,-3.9747000000000057,0.0156,0.0029595388153246674,0.00079462463789613
-287.85999460999494,2.589582975462792e-06,-3.9747000000000057,0.0156,0.0029595388153246674,0.00079462463789613
-287.7829945329949,2.2513084006550025e-06,-3.9747000000000057,0.0156,0.0029595388153246674,0.00079462463789613
-287.7059944559948,1.9293310654644106e-06,-3.9747000000000057,0.0156,0.0029595388153246674,0.00079462463789613
-287.6289943789947,1.6257937941445041e-06,-3.9747000000000057,0.0156,0.0029595388153246674,0.00079462463789613
-287.5519943019947,1.3427557465200673e-06,-3.9747000000000057,0.0156,0.0029595388153246674,0.00079462463789613
-287.4749942249946,1.0821799778994729e-06,-3.9747000000000057,0.0156,0.0029595388153246674,0.00079462463789613
-287.3979941479945,8.459214250671616e-07,-3.9747000000000057,0.0156,0.0029595388153246674,0.00079462463789613
-287.32099407099446,6.357153898312122e-07,-3.9747000000000057,0.0156,0.0029595388153246674,0.00079462463789613
-287.24399399399437,4.531665894804201e-07,-3.9747000000000057,0.0156,0.0029595388153246674,0.00079462463789613
-287.1669939169943,2.997388409726951e-07,-3.9747000000000057,0.0156,0.0029595388153246674,0.00079462463789613
-287.08999383999424,1.7674544274431533e-07,-3.9747000000000057,0.0156,0.0029595388153246674,0.00079462463789613
-287.01299376299414,8.534031472406446e-08,-3.9747000000000057,0.0156,0.0029595388153246674,0.00079462463789613
-286.93599368599405,2.650995345533159e-08,-3.9747000000000057,0.0156,0.0029595388153246674,0.00079462463789613
-286.858993608994,1.066255198029655e-09,-3.9747000000000057,0.0156,0.0029595388153246674,0.00079462463789613
-286.7819935319939,9.640255523177997e-09,-3.9747000000000057,0.0156,0.0029595388153246674,0.00079462463789613
-286.7049934549938,5.267682923934452e-08,-3.9747000000000057,0.0156,0.0029595388153246674,0.00079462463789613
-286.6279933779938,1.3043038953019206e-07,-3.9747000000000057,0.0156,0.0029595388153246674,0.00079462463789613
-286.55099330099364,2.429616199613991e-07,-3.9747000000000057,0.0156,0.0029595388153246674,0.00079462463789613
-286.47399322399355,3.901352675541816e-07,-3.9747000000000057,0.0156,0.0029595388153246674,0.00079462463789613
-286.39699314699345,5.716190194604867e-07,-3.9747000000000057,0.0156,0.0029595388153246674,0.00079462463789613
-286.3199930699934,7.86883479924727e-07,-3.9747000000000057,0.0156,0.0029595388153246674,0.00079462463789613
-286.2429929929933,1.0352032582300808e-06,-3.9747000000000057,0.0156,0.0029595388153246674,0.00079462463789613
-286.16599291599323,1.3156591722127055e-06,-3.9747000000000057,0.0156,0.0029595388153246674,0.00079462463789613
-286.0889928389932,1.627141565742884e-06,-3.9747000000000057,0.0156,0.0029595388153246674,0.00079462463789613
-286.0119927619931,1.9683547323264577e-06,-3.9747000000000057,0.0156,0.0029595388153246674,0.00079462463789613
-285.934992684993,2.337822430722608e-06,-3.9747000000000057,0.0156,0.0029595388153246674,0.00079462463789613
-285.85799260799297,2.733894472243325e-06,-3.9747000000000057,0.0156,0.0029595388153246674,0.00079462463789613
-285.7809925309929,3.1547543532113133e-06,-3.9747000000000057,0.0156,0.0029595388153246674,0.00079462463789613
-285.7039924539928,3.5984278999573707e-06,-3.9747000000000057,0.0156,0.0029595388153246674,0.00079462463789613
-285.62699237699275,4.062792887774617e-06,-3.9747000000000057,0.0156,0.0029595388153246674,0.00079462463789613
-285.54999229999265,4.545589589427077e-06,-3.9747000000000057,0.0156,0.0029595388153246674,0.00079462463789613
-285.47299222299256,5.044432203184525e-06,-3.9747000000000057,0.0156,0.0029595388153246674,0.00079462463789613
-285.3959921459925,5.556821104968957e-06,-3.9747000000000057,0.0156,0.0029595388153246674,0.00079462463789613
-285.31899206899243,6.080155864044737e-06,-3.9747000000000057,0.0156,0.0029595388153246674,0.00079462463789613
-285.24199199199234,6.611748956829613e-06,-3.9747000000000057,0.0156,0.0029595388153246674,0.00079462463789613
-285.1649919149923,7.148840108874624e-06,-3.9747000000000057,0.0156,0.0029595388153246674,0.00079462463789613
-285.0879918379922,7.688611190857927e-06,-3.9747000000000057,0.0156,0.0029595388153246674,0.00079462463789613
-285.0109917609921,8.228201590613346e-06,-3.9747000000000057,0.0156,0.0029595388153246674,0.00079462463789613
-284.9339916839921,8.76472397979903e-06,-3.9747000000000057,0.0156,0.0029595388153246674,0.00079462463789613
-284.856991606992,9.295280390792912e-06,-3.9747000000000057,0.0156,0.0029595388153246674,0.00079462463789613
-284.7799915299919,9.816978516832471e-06,-3.9747000000000057,0.0156,0.0029595388153246674,0.00079462463789613
-284.70299145299185,1.032694814631583e-05,-3.9747000000000057,0.0156,0.0029595388153246674,0.00079462463789613
-284.62599137599176,1.0822357640534565e-05,-3.9747000000000057,0.0156,0.0029595388153246674,0.00079462463789613
-284.54899129899167,1.1300430362957345e-05,-3.9747000000000057,0.0156,0.0029595388153246674,0.00079462463789613
-284.4719912219916,1.175846096754523e-05,-3.9747000000000057,0.0156,0.0029595388153246674,0.00079462463789613
-284.39499114499154,1.2193831453420067e-05,-3.9747000000000057,0.0156,0.0029595388153246674,0.00079462463789613
-284.31799106799144,1.2604026893588832e-05,-3.9747000000000057,0.0156,0.0029595388153246674,0.00079462463789613
-284.24099099099135,1.2986650746299568e-05,-3.9747000000000057,0.0156,0.0029595388153246674,0.00079462463789613
-284.1639909139913,1.3339439659018831e-05,-3.9747000000000057,0.0156,0.0029595388153246674,0.00079462463789613
-284.08699083699116,1.3660277676923025e-05,-3.9747000000000057,0.0156,0.0029595388153246674,0.00079462463789613
-284.00999075999107,1.3947209770219045e-05,-3.9747000000000057,0.0156,0.0029595388153246674,0.00079462463789613
-283.93299068299103,1.4198454597540662e-05,-3.9747000000000057,0.0156,0.0029595388153246674,0.00079462463789613
-283.85599060599094,1.4412416426061989e-05,-3.9747000000000057,0.0156,0.0029595388153246674,0.00079462463789613
-283.77899052899085,1.4587696132861007e-05,-3.9747000000000057,0.0156,0.0029595388153246674,0.00079462463789613
-283.7019904519908,1.4723101216408567e-05,-3.9747000000000057,0.0156,0.0029595388153246674,0.00079462463789613
-283.6249903749907,1.4817654751831533e-05,-3.9747000000000057,0.0156,0.0029595388153246674,0.00079462463789613
-283.5479902979906,1.4870603228797151e-05,-3.9747000000000057,0.0156,0.0029595388153246674,0.00079462463789613
-283.4709902209906,1.4881423216453848e-05,-3.9747000000000057,0.0156,0.0029595388153246674,0.00079462463789613
-283.3939901439905,1.4849826805812698e-05,-3.9747000000000057,0.0156,0.0029595388153246674,0.00079462463789613
-283.3169900669904,1.4775765786242725e-05,-3.9747000000000057,0.0156,0.0029595388153246674,0.00079462463789613
-283.23998998999036,1.4659434519345272e-05,-3.9747000000000057,0.0156,0.0029595388153246674,0.00079462463789613
-283.16298991299027,1.4501271480334128e-05,-3.9747000000000057,0.0156,0.0029595388153246674,0.00079462463789613
-283.0859898359902,1.4301959444149846e-05,-3.9747000000000057,0.0156,0.0029595388153246674,0.00079462463789613
-283.00898975899014,1.4062424300832145e-05,-3.9747000000000057,0.0156,0.0029595388153246674,0.00079462463789613
-282.93198968199005,1.3783832492135484e-05,-3.9747000000000057,0.0156,0.0029595388153246674,0.00079462463789613
-282.85498960498995,1.3467587068956931e-05,-3.9747000000000057,0.0156,0.0029595388153246674,0.00079462463789613
-282.7779895279899,1.3115322376802652e-05,-3.9747000000000057,0.0156,0.0029595388153246674,0.00079462463789613
-282.7009894509898,1.2728897384227096e-05,-3.9747000000000057,0.0156,0.0029595388153246674,0.00079462463789613
-282.62398937398973,1.2310387676880848e-05,-3.9747000000000057,0.0156,0.0029595388153246674,0.00079462463789613
-282.54698929698964,1.1862076147453393e-05,-3.9747000000000057,0.0156,0.0029595388153246674,0.00079462463789613
-282.4699892199896,1.1386442419374191e-05,-3.9747000000000057,0.0156,0.0029595388153246674,0.00079462463789613
-282.3929891429895,1.0886151049570005e-05,-3.9747000000000057,0.0156,0.0029595388153246674,0.00079462463789613
-282.3159890659894,1.0364038562852507e-05,-3.9747000000000057,0.0156,0.0029595388153246674,0.00079462463789613
-282.2389889889894,9.823099377555292e-06,-3.9747000000000057,0.0156,0.0029595388153246674,0.00079462463789613
-282.1619889119893,9.266470688847853e-06,-3.9747000000000057,0.0156,0.0029595388153246674,0.00079462463789613
-282.0849888349892,8.697416382663715e-06,-3.9747000000000057,0.0156,0.0029595388153246674,0.00079462463789613
-282.00798875798915,8.119310059340976e-06,-3.9747000000000057,0.0156,0.0029595388153246674,0.00079462463789613
-281.93098868098906,7.53561725188804e-06,-3.9747000000000057,0.0156,0.0029595388153246674,0.00079462463789613
-281.85398860398897,6.949876929182995e-06,-3.9747000000000057,0.0156,0.0029595388153246674,0.00079462463789613
-281.77698852698893,6.365682379362052e-06,-3.9747000000000057,0.0156,0.0029595388153246674,0.00079462463789613
-281.6999884499888,5.786661573145197e-06,-3.9747000000000057,0.0156,0.0029595388153246674,0.00079462463789613
-281.6229883729887,5.216457110835136e-06,-3.9747000000000057,0.0156,0.0029595388153246674,0.00079462463789613
-281.54598829598865,4.658705860157314e-06,-3.9747000000000057,0.0156,0.0029595388153246674,0.00079462463789613
-281.46898821898856,4.117018395037188e-06,-3.9747000000000057,0.0156,0.0029595388153246674,0.00079462463789613
-281.39198814198846,3.594958347719047e-06,-3.9747000000000057,0.0156,0.0029595388153246674,0.00079462463789613
-281.3149880649884,3.0960217883621844e-06,-3.9747000000000057,0.0156,0.0029595388153246674,0.00079462463789613
-281.23798798798833,2.623616747377407e-06,-3.9747000000000057,0.0156,0.0029595388153246674,0.00079462463789613
-281.16098791098824,2.1810429962670696e-06,-3.9747000000000057,0.0156,0.0029595388153246674,0.00079462463789613
-281.0839878339882,1.771472202587123e-06,-3.9747000000000057,0.0156,0.0029595388153246674,0.00079462463789613
-281.0069877569881,1.3979285738901177e-06,-3.9747000000000057,0.0156,0.0029595388153246674,0.00079462463789613
-280.929987679988,1.0632701040923791e-06,-3.9747000000000057,0.0156,0.0029595388153246674,0.00079462463789613
-280.852987602988,7.701705336504678e-07,-3.9747000000000057,0.0156,0.0029595388153246674,0.00079462463789613
-280.7759875259879,5.211021322511176e-07,-3.9747000000000057,0.0156,0.0029595388153246674,0.00079462463789613
-280.6989874489878,3.1831940940169244e-07,-3.9747000000000057,0.0156,0.0029595388153246674,0.00079462463789613
-280.6219873719877,1.6384385436959417e-07,-3.9747000000000057,0.0156,0.0029595388153246674,0.00079462463789613
-280.54498729498766,5.944980239220003e-08,-3.9747000000000057,0.0156,0.0029595388153246674,0.00079462463789613
-280.46798721798757,6.651518954577714e-09,-3.9747000000000057,0.0156,0.0029595388153246674,0.00079462463789613
-280.3909871409875,6.6915882552876395e-09,-3.9747000000000057,0.0156,0.0029595388153246674,0.00079462463789613
-280.31398706398744,6.053068575915198e-08,-3.9747000000000057,0.0156,0.0029595388153246674,0.00079462463789613
-280.23698698698735,1.6883880801169362e-07,-3.9747000000000057,0.0156,0.0029595388153246674,0.00079462463789613
-280.15998690998725,3.31988025681479e-07,-3.9747000000000057,0.0156,0.0029595388153246674,0.00079462463789613
-280.0829868329872,5.500468181484084e-07,-3.9747000000000057,0.0156,0.0029595388153246674,0.00079462463789613
-280.0059867559871,8.227760398986367e-07,-3.9747000000000057,0.0156,0.0029595388153246674,0.00079462463789613
-279.92898667898703,1.1496265605580327e-06,-3.9747000000000057,0.0156,0.0029595388153246674,0.00079462463789613
-279.851986601987,1.5297386116499988e-06,-3.9747000000000057,0.0156,0.0029595388153246674,0.00079462463789613
-279.7749865249869,1.961942864125926e-06,-3.9747000000000057,0.0156,0.0029595388153246674,0.00079462463789613
-279.6979864479868,2.4447632514437416e-06,-3.9747000000000057,0.0156,0.0029595388153246674,0.00079462463789613
-279.62098637098677,2.97642154352027e-06,-3.9747000000000057,0.0156,0.0029595388153246674,0.00079462463789613
-279.5439862939867,3.55484366727975e-06,-3.9747000000000057,0.0156,0.0029595388153246674,0.00079462463789613
-279.4669862169866,4.17766775983184e-06,-3.9747000000000057,0.0156,0.0029595388153246674,0.00079462463789613
-279.38998613998655,4.842253930604229e-06,-3.9747000000000057,0.0156,0.0029595388153246674,0.00079462463789613
-279.31298606298645,5.545695699036991e-06,-3.9747000000000057,0.0156,0.0029595388153246674,0.00079462463789613
-279.2359859859863,6.2848330648104445e-06,-3.9747000000000057,0.0156,0.0029595388153246674,0.00079462463789613
-279.15898590898627,7.0562671580717185e-06,-3.9747000000000057,0.0156,0.0029595388153246674,0.00079462463789613
-279.0819858319862,7.856376407787268e-06,-3.9747000000000057,0.0156,0.0029595388153246674,0.00079462463789613
-279.0049857549861,8.681334157215531e-06,-3.9747000000000057,0.0156,0.0029595388153246674,0.00079462463789613
-278.92798567798604,9.527127646700473e-06,-3.9747000000000057,0.0156,0.0029595388153246674,0.00079462463789613
-278.85098560098595,1.038957827546012e-05,-3.9747000000000057,0.0156,0.0029595388153246674,0.00079462463789613
-278.77398552398586,1.1264363045930762e-05,-3.9747000000000057,0.0156,0.0029595388153246674,0.00079462463789613
-278.69698544698576,1.2147037086558167e-05,-3.9747000000000057,0.0156,0.0029595388153246674,0.00079462463789613
-278.6199853699857,1.3033057141693653e-05,-3.9747000000000057,0.0156,0.0029595388153246674,0.00079462463789613
-278.54298529298563,1.3917805910584675e-05,-3.9747000000000057,0.0156,0.0029595388153246674,0.00079462463789613
-278.46598521598554,1.4796617111303285e-05,-3.9747000000000057,0.0156,0.0029595388153246674,0.00079462463789613
-278.3889851389855,1.5664801139961477e-05,-3.9747000000000057,0.0156,0.0029595388153246674,0.00079462463789613
-278.3119850619854,1.6517671190660506e-05,-3.9747000000000057,0.0156,0.0029595388153246674,0.00079462463789613
-278.2349849849853,1.7350569697419127e-05,-3.9747000000000057,0.0156,0.0029595388153246674,0.00079462463789613
-278.1579849079853,1.8158894955840282e-05,-3.9747000000000057,0.0156,0.0029595388153246674,0.00079462463789613
-278.0809848309852,1.8938127779493736e-05,-3.9747000000000057,0.0156,0.0029595388153246674,0.00079462463789613
-278.0039847539851,1.9683858043980615e-05,-3.9747000000000057,0.0156,0.0029595388153246674,0.00079462463789613
-277.92698467698506,2.039181097042935e-05,-3.9747000000000057,0.0156,0.0029595388153246674,0.00079462463789613
-277.84998459998496,2.105787299971252e-05,-3.9747000000000057,0.0156,0.0029595388153246674,0.00079462463789613
-277.77298452298487,2.167811710904045e-05,-3.9747000000000057,0.0156,0.0029595388153246674,0.00079462463789613
-277.69598444598483,2.224882742377406e-05,-3.9747000000000057,0.0156,0.0029595388153246674,0.00079462463789613
-277.61898436898474,2.27665229792759e-05,-3.9747000000000057,0.0156,0.0029595388153246674,0.00079462463789613
-277.54198429198465,2.3227980490424664e-05,-3.9747000000000057,0.0156,0.0029595388153246674,0.00079462463789613
-277.4649842149846,2.3630255990044055e-05,-3.9747000000000057,0.0156,0.0029595388153246674,0.00079462463789613
-277.3879841379845,2.3970705201896565e-05,-3.9747000000000057,0.0156,0.0029595388153246674,0.00079462463789613
-277.3109840609844,2.424700251909672e-05,-3.9747000000000057,0.0156,0.0029595388153246674,0.00079462463789613
-277.2339839839844,2.4457158464769982e-05,-3.9747000000000057,0.0156,0.0029595388153246674,0.00079462463789613
-277.1569839069843,2.4599535518485916e-05,-3.9747000000000057,0.0156,0.0029595388153246674,0.00079462463789613
-277.0799838299842,2.467286219942464e-05,-3.9747000000000057,0.0156,0.0029595388153246674,0.00079462463789613
-277.00298375298416,2.4676245305353168e-05,-3.9747000000000057,0.0156,0.0029595388153246674,0.00079462463789613
-276.92598367598407,2.4609180215247006e-05,-3.9747000000000057,0.0156,0.0029595388153246674,0.00079462463789613
-276.848983598984,2.4471559172773067e-05,-3.9747000000000057,0.0156,0.0029595388153246674,0.00079462463789613
-276.7719835219838,2.4263677477793118e-05,-3.9747000000000057,0.0156,0.0029595388153246674,0.00079462463789613
-276.6949834449838,2.398623752351683e-05,-3.9747000000000057,0.0156,0.0029595388153246674,0.00079462463789613
-276.6179833679837,2.3640350627869154e-05,-3.9747000000000057,0.0156,0.0029595388153246674,0.00079462463789613
-276.5409832909836,2.3227536619006456e-05,-3.9747000000000057,0.0156,0.0029595388153246674,0.00079462463789613
-276.46398321398357,2.2749721146629268e-05,-3.9747000000000057,0.0156,0.0029595388153246674,0.00079462463789613
-276.3869831369835,2.220923070277591e-05,-3.9747000000000057,0.0156,0.0029595388153246674,0.00079462463789613
-276.3099830599834,2.1608785348060666e-05,-3.9747000000000057,0.0156,0.0029595388153246674,0.00079462463789613
-276.23298298298334,2.0951489151765256e-05,-3.9747000000000057,0.0156,0.0029595388153246674,0.00079462463789613
-276.15598290598325,2.0240818366778965e-05,-3.9747000000000057,0.0156,0.0029595388153246674,0.00079462463789613
-276.07898282898316,1.9480607373010213e-05,-3.9747000000000057,0.0156,0.0029595388153246674,0.00079462463789613
-276.0019827519831,1.867503243549392e-05,-3.9747000000000057,0.0156,0.0029595388153246674,0.00079462463789613
-275.924982674983,1.782859333595757e-05,-3.9747000000000057,0.0156,0.0029595388153246674,0.00079462463789613
-275.84798259798293,1.6946092948993635e-05,-3.9747000000000057,0.0156,0.0029595388153246674,0.00079462463789613
-275.7709825209829,1.6032614846125512e-05,-3.9747000000000057,0.0156,0.0029595388153246674,0.00079462463789613
-275.6939824439828,1.509349902294631e-05,-3.9747000000000057,0.0156,0.0029595388153246674,0.00079462463789613
-275.6169823669827,1.4134315856026954e-05,-3.9747000000000057,0.0156,0.0029595388153246674,0.00079462463789613
-275.5399822899827,1.3160838407373625e-05,-3.9747000000000057,0.0156,0.0029595388153246674,0.00079462463789613
-275.4629822129826,1.2179013204844927e-05,-3.9747000000000057,0.0156,0.0029595388153246674,0.00079462463789613
-275.3859821359825,1.1194929637007048e-05,-3.9747000000000057,0.0156,0.0029595388153246674,0.00079462463789613
-275.3089820589824,1.0214788110344129e-05,-3.9747000000000057,0.0156,0.0029595388153246674,0.00079462463789613
-275.23198198198236,9.244867125556492e-06,-3.9747000000000057,0.0156,0.0029595388153246674,0.00079462463789613
-275.15498190498226,8.291489437728345e-06,-3.9747000000000057,0.0156,0.0029595388153246674,0.00079462463789613
-275.0779818279822,7.360987472463111e-06,-3.9747000000000057,0.0156,0.0029595388153246674,0.00079462463789613
-275.00098175098213,6.459668176522256e-06,-3.9747000000000057,0.0156,0.0029595388153246674,0.00079462463789613
-274.92398167398204,5.59377748714596e-06,-3.9747000000000057,0.0156,0.0029595388153246674,0.00079462463789613
-274.84698159698195,4.769464608884694e-06,-3.9747000000000057,0.0156,0.0029595388153246674,0.00079462463789613
-274.7699815199819,3.992746290544844e-06,-3.9747000000000057,0.0156,0.0029595388153246674,0.00079462463789613
-274.6929814429818,3.2694712975946863e-06,-3.9747000000000057,0.0156,0.0029595388153246674,0.00079462463789613
-274.6159813659817,2.60528527715177e-06,-3.9747000000000057,0.0156,0.0029595388153246674,0.00079462463789613
-274.5389812889817,2.0055962133752915e-06,-3.9747000000000057,0.0156,0.0029595388153246674,0.00079462463789613
-274.4619812119816,1.4755406707849474e-06,-3.9747000000000057,0.0156,0.0029595388153246674,0.00079462463789613
-274.38498113498144,1.0199510216381098e-06,-3.9747000000000057,0.0156,0.0029595388153246674,0.00079462463789613
-274.3079810579814,6.433238510406286e-07,-3.9747000000000057,0.0156,0.0029595388153246674,0.00079462463789613
-274.2309809809813,3.49789729951881e-07,-3.9747000000000057,0.0156,0.0029595388153246674,0.00079462463789613
-274.1539809039812,1.4308454166941346e-07,-3.9747000000000057,0.0156,0.0029595388153246674,0.00079462463789613
-274.0769808269812,2.6522541720305395e-08,-3.9747000000000057,0.0156,0.0029595388153246674,0.00079462463789613
-273.9999807499811,2.9713244248279847e-09,-3.9747000000000057,0.0156,0.0029595388153246674,0.00079462463789613
-273.922980672981,7.482886169299508e-08,-3.9747000000000057,0.0156,0.0029595388153246674,0.00079462463789613
-273.84598059598096,2.4400277092514855e-07,-3.9747000000000057,0.0156,0.0029595388153246674,0.00079462463789613
-273.76898051898087,5.118919592429574e-07,-3.9747000000000057,0.0156,0.0029595388153246674,0.00079462463789613
-273.6919804419808,8.793707807006988e-07,-3.9747000000000057,0.0156,0.0029595388153246674,0.00079462463789613
-273.61498036498074,1.3467758316823215e-06,-3.9747000000000057,0.0156,0.0029595388153246674,0.00079462463789613
-273.53798028798064,1.913895497405942e-06,-3.9747000000000057,0.0156,0.0029595388153246674,0.00079462463789613
-273.46098021098055,2.5799623493938428e-06,-3.9747000000000057,0.0156,0.0029595388153246674,0.00079462463789613
-273.38398013398046,3.3436484799972625e-06,-3.9747000000000057,0.0156,0.0029595388153246674,0.00079462463789613
-273.3069800569804,4.203063845616262e-06,-3.9747000000000057,0.0156,0.0029595388153246674,0.00079462463789613
-273.2299799799803,5.1557576752362965e-06,-3.9747000000000057,0.0156,0.0029595388153246674,0.00079462463789613
-273.1529799029803,6.198722985338822e-06,-3.9747000000000057,0.0156,0.0029595388153246674,0.00079462463789613
-273.0759798259802,7.328404226272443e-06,-3.9747000000000057,0.0156,0.0029595388153246674,0.00079462463789613
-272.9989797489801,8.540708068769432e-06,-3.9747000000000057,0.0156,0.0029595388153246674,0.00079462463789613
-272.92197967198,9.831017322675439e-06,-3.9747000000000057,0.0156,0.0029595388153246674,0.00079462463789613
-272.84497959498,1.1194207963070679e-05,-3.9747000000000057,0.0156,0.0029595388153246674,0.00079462463789613
-272.7679795179799,1.2624669221998889e-05,-3.9747000000000057,0.0156,0.0029595388153246674,0.00079462463789613
-272.6909794409798,1.4116326686984078e-05,-3.9747000000000057,0.0156,0.0029595388153246674,0.00079462463789613
-272.61397936397975,1.5662668330583777e-05,-3.9747000000000057,0.0156,0.0029595388153246674,0.00079462463789613
-272.53697928697966,1.7256773378388947e-05,-3.9747000000000057,0.0156,0.0029595388153246674,0.00079462463789613
-272.45997920997956,1.8891343906287087e-05,-3.9747000000000057,0.0156,0.0029595388153246674,0.00079462463789613
-272.38297913297953,2.055873904158407e-05,-3.9747000000000057,0.0156,0.0029595388153246674,0.00079462463789613
-272.30597905597944,2.225101162669307e-05,-3.9747000000000057,0.0156,0.0029595388153246674,0.00079462463789613
-272.22897897897934,2.395994718875524e-05,-3.9747000000000057,0.0156,0.0029595388153246674,0.00079462463789613
-272.1519789019793,2.5677105043823098e-05,-3.9747000000000057,0.0156,0.0029595388153246674,0.00079462463789613
-272.0749788249792,2.7393861350123663e-05,-3.9747000000000057,0.0156,0.0029595388153246674,0.00079462463789613
-271.9979787479791,2.910145391157391e-05,-3.9747000000000057,0.0156,0.0029595388153246674,0.00079462463789613
-271.920978670979,3.079102852026905e-05,-3.9747000000000057,0.0156,0.0029595388153246674,0.00079462463789613
-271.84397859397893,3.245368661502572e-05,-3.9747000000000057,0.0156,0.0029595388153246674,0.00079462463789613
-271.76697851697884,3.408053402249323e-05,-3.9747000000000057,0.0156,0.0029595388153246674,0.00079462463789613
-271.6899784399788,3.566273053778711e-05,-3.9747000000000057,0.0156,0.0029595388153246674,0.00079462463789613
-271.6129783629787,3.719154009318152e-05,-3.9747000000000057,0.0156,0.0029595388153246674,0.00079462463789613
-271.5359782859786,3.865838125612593e-05,-3.9747000000000057,0.0156,0.0029595388153246674,0.00079462463789613
-271.4589782089785,4.0054877791875604e-05,-3.9747000000000057,0.0156,0.0029595388153246674,0.00079462463789613
-271.3819781319785,4.1372909021256756e-05,-3.9747000000000057,0.0156,0.0029595388153246674,0.00079462463789613
-271.3049780549784,4.260465970070927e-05,-3.9747000000000057,0.0156,0.0029595388153246674,0.00079462463789613
-271.22797797797836,4.374266914968616e-05,-3.9747000000000057,0.0156,0.0029595388153246674,0.00079462463789613
-271.15097790097826,4.477987934987907e-05,-3.9747000000000057,0.0156,0.0029595388153246674,0.00079462463789613
-271.07397782397817,4.570968174146389e-05,-3.9747000000000057,0.0156,0.0029595388153246674,0.00079462463789613
-270.9969777469781,4.652596244381868e-05,-3.9747000000000057,0.0156,0.0029595388153246674,0.00079462463789613
-270.91997766997804,4.722314563178597e-05,-3.9747000000000057,0.0156,0.0029595388153246674,0.00079462463789613
-270.84297759297795,4.779623480367687e-05,-3.9747000000000057,0.0156,0.0029595388153246674,0.00079462463789613
-270.76597751597785,4.824085168375214e-05,-3.9747000000000057,0.0156,0.0029595388153246674,0.00079462463789613
-270.6889774389778,4.85532725099153e-05,-3.9747000000000057,0.0156,0.0029595388153246674,0.00079462463789613
-270.6119773619777,4.873046146673703e-05,-3.9747000000000057,0.0156,0.0029595388153246674,0.00079462463789613
-270.53497728497763,4.877010103472454e-05,-3.9747000000000057,0.0156,0.0029595388153246674,0.00079462463789613
-270.4579772079776,4.867061903889627e-05,-3.9747000000000057,0.0156,0.0029595388153246674,0.00079462463789613
-270.3809771309775,4.843121219317036e-05,-3.9747000000000057,0.0156,0.0029595388153246674,0.00079462463789613
-270.3039770539774,4.805186595180558e-05,-3.9747000000000057,0.0156,0.0029595388153246674,0.00079462463789613
-270.22697697697737,4.753337049506095e-05,-3.9747000000000057,0.0156,0.0029595388153246674,0.00079462463789613
-270.1499768999773,4.687733269332211e-05,-3.9747000000000057,0.0156,0.0029595388153246674,0.00079462463789613
-270.0729768229772,4.608618391211099e-05,-3.9747000000000057,0.0156,0.0029595388153246674,0.00079462463789613
-269.99597674597715,4.5163183539548205e-05,-3.9747000000000057,0.0156,0.0029595388153246674,0.00079462463789613
-269.91897666897705,4.411241813793557e-05,-3.9747000000000057,0.0156,0.0029595388153246674,0.00079462463789613
-269.84197659197696,4.2938796142060346e-05,-3.9747000000000057,0.0156,0.0029595388153246674,0.00079462463789613
-269.7649765149769,4.16480380484724e-05,-3.9747000000000057,0.0156,0.0029595388153246674,0.00079462463789613
-269.68797643797683,4.024666206232092e-05,-3.9747000000000057,0.0156,0.0029595388153246674,0.00079462463789613
-269.61097636097674,3.874196519120729e-05,-3.9747000000000057,0.0156,0.0029595388153246674,0.00079462463789613
-269.5339762839766,3.7141999798785166e-05,-3.9747000000000057,0.0156,0.0029595388153246674,0.00079462463789613
-269.45697620697655,3.545554565451088e-05,-3.9747000000000057,0.0156,0.0029595388153246674,0.00079462463789613
-269.37997612997646,3.369207753974853e-05,-3.9747000000000057,0.0156,0.0029595388153246674,0.00079462463789613
-269.30297605297636,3.186172849445433e-05,-3.9747000000000057,0.0156,0.0029595388153246674,0.00079462463789613
-269.2259759759763,2.9975248812520016e-05,-3.9747000000000057,0.0156,0.0029595388153246674,0.00079462463789613
-269.14897589897623,2.8043960917709094e-05,-3.9747000000000057,0.0156,0.0029595388153246674,0.00079462463789613
-269.07197582197614,2.607971027565891e-05,-3.9747000000000057,0.0156,0.0029595388153246674,0.00079462463789613
-268.9949757449761,2.4094812520552126e-05,-3.9747000000000057,0.0156,0.0029595388153246674,0.00079462463789613
-268.917975667976,2.2101996997763573e-05,-3.9747000000000057,0.0156,0.0029595388153246674,0.00079462463789613
-268.8409755909759,2.011434694584576e-05,-3.9747000000000057,0.0156,0.0029595388153246674,0.00079462463789613
-268.7639755139759,1.814523656248839e-05,-3.9747000000000057,0.0156,0.0029595388153246674,0.00079462463789613
-268.6869754369758,1.620826521959173e-05,-3.9747000000000057,0.0156,0.0029595388153246674,0.00079462463789613
-268.6099753599757,1.4317189112089375e-05,-3.9747000000000057,0.0156,0.0029595388153246674,0.00079462463789613
-268.53297528297566,1.2485850643535701e-05,-3.9747000000000057,0.0156,0.0029595388153246674,0.00079462463789613
-268.45597520597556,1.0728105868745644e-05,-3.9747000000000057,0.0156,0.0029595388153246674,0.00079462463789613
-268.37897512897547,9.057750329717715e-06,-3.9747000000000057,0.0156,0.0029595388153246674,0.00079462463789613
-268.30197505197543,7.4884436355954415e-06,-3.9747000000000057,0.0156,0.0029595388153246674,0.00079462463789613
-268.22497497497534,6.033633150536868e-06,-3.9747000000000057,0.0156,0.0029595388153246674,0.00079462463789613
-268.14797489797525,4.706477164871295e-06,-3.9747000000000057,0.0156,0.0029595388153246674,0.00079462463789613
-268.0709748209752,3.5197679347575745e-06,-3.9747000000000057,0.0156,0.0029595388153246674,0.00079462463789613
-267.9939747439751,2.4858549837351777e-06,-3.9747000000000057,0.0156,0.0029595388153246674,0.00079462463789613
-267.916974666975,1.6165690659073707e-06,-3.9747000000000057,0.0156,0.0029595388153246674,0.00079462463789613
-267.839974589975,9.231471949852046e-07,-3.9747000000000057,0.0156,0.0029595388153246674,0.00079462463789613
-267.7629745129749,4.1615914605621055e-07,-3.9747000000000057,0.0156,0.0029595388153246674,0.00079462463789613
-267.6859744359748,1.0543583760528114e-07,-3.9747000000000057,0.0156,0.0029595388153246674,0.00079462463789613
-267.6089743589747,1.7649782589537038e-32,-3.9747000000000057,0.0156,0.0029595388153246674,0.00079462463789613
-267.53197428197467,1.079995333673037e-07,-3.9747000000000057,0.0156,0.0029595388153246674,0.00079462463789613
-267.4549742049746,4.366439524622074e-07,-3.9747000000000057,0.0156,0.0029595388153246674,0.00079462463789613
-267.3779741279745,9.921443087927777e-07,-3.9747000000000057,0.0156,0.0029595388153246674,0.00079462463789613
-267.30097405097445,1.7796569709139296e-06,-3.9747000000000057,0.0156,0.0029595388153246674,0.00079462463789613
-267.22397397397435,2.803231632446101e-06,-3.9747000000000057,0.0156,0.0029595388153246674,0.00079462463789613
-267.14697389697426,4.0657639040239656e-06,-3.9747000000000057,0.0156,0.0029595388153246674,0.00079462463789613
-267.06997381997417,5.568952830112846e-06,-3.9747000000000057,0.0156,0.0029595388153246674,0.00079462463789613
-266.9929737429741,7.313263654416844e-06,-3.9747000000000057,0.0156,0.0029595388153246674,0.00079462463789613
-266.915973665974,9.297896138565573e-06,-3.9747000000000057,0.0156,0.0029595388153246674,0.00079462463789613
-266.83897358897394,1.152075871792065e-05,-3.9747000000000057,0.0156,0.0029595388153246674,0.00079462463789613
-266.76197351197385,1.3978448755791017e-05,-3.9747000000000057,0.0156,0.0029595388153246674,0.00079462463789613
-266.68497343497376,1.6666239133107192e-05,-3.9747000000000057,0.0156,0.0029595388153246674,0.00079462463789613
-266.6079733579737,1.9578071384899603e-05,-3.9747000000000057,0.0156,0.0029595388153246674,0.00079462463789613
-266.5309732809736,2.270655556767146e-05,-3.9747000000000057,0.0156,0.0029595388153246674,0.00079462463789613
-266.45397320397353,2.604297701317727e-05,-3.9747000000000057,0.0156,0.0029595388153246674,0.00079462463789613
-266.3769731269735,2.9577310094375733e-05,-3.9747000000000057,0.0156,0.0029595388153246674,0.00079462463789613
-266.2999730499734,3.329823909835491e-05,-3.9747000000000057,0.0156,0.0029595388153246674,0.00079462463789613
-266.2229729729733,3.719318626910153e-05,-3.9747000000000057,0.0156,0.0029595388153246674,0.00079462463789613
-266.1459728959733,4.1248347050298244e-05,-3.9747000000000057,0.0156,0.0029595388153246674,0.00079462463789613
-266.0689728189732,4.544873252478427e-05,-3.9747000000000057,0.0156,0.0029595388153246674,0.00079462463789613
-265.9919727419731,4.97782190132486e-05,-3.9747000000000057,0.0156,0.0029595388153246674,0.00079462463789613
-265.91497266497305,5.4219604760341743e-05,-3.9747000000000057,0.0156,0.0029595388153246674,0.00079462463789613
-265.83797258797296,5.875467360156432e-05,-3.9747000000000057,0.0156,0.0029595388153246674,0.00079462463789613
-265.76097251097286,6.336426546943319e-05,-3.9747000000000057,0.0156,0.0029595388153246674,0.00079462463789613
-265.68397243397277,6.802835356271718e-05,-3.9747000000000057,0.0156,0.0029595388153246674,0.00079462463789613
-265.60697235697273,7.272612796781624e-05,-3.9747000000000057,0.0156,0.0029595388153246674,0.00079462463789613
-265.52997227997264,7.743608548723419e-05,-3.9747000000000057,0.0156,0.0029595388153246674,0.00079462463789613
-265.45297220297255,8.21361253963037e-05,-3.9747000000000057,0.0156,0.0029595388153246674,0.00079462463789613
-265.3759721259725,8.680365081645408e-05,-3.9747000000000057,0.0156,0.0029595388153246674,0.00079462463789613
-265.2989720489724,9.141567536108157e-05,-3.9747000000000057,0.0156,0.0029595388153246674,0.00079462463789613
-265.2219719719723,9.59489346789679e-05,-3.9747000000000057,0.0156,0.0029595388153246674,0.00079462463789613
-265.1449718949723,0.0001003800024903455,-3.9747000000000057,0.0156,0.0029595388153246674,0.00079462463789613
-265.0679718179722,0.00010468541068200697,-3.9747000000000057,0.0156,0.0029595388153246674,0.00079462463789613
-264.9909717409721,0.0001088417730007313,-3.9747000000000057,0.0156,0.0029595388153246674,0.00079462463789613
-264.91397166397206,0.0001128259118588783,-3.9747000000000057,0.0156,0.0029595388153246674,0.00079462463789613
-264.83697158697197,0.00011661498774217591,-3.9747000000000057,0.0156,0.0029595388153246674,0.00079462463789613
-264.7599715099719,0.00012018663068788727,-3.9747000000000057,0.0156,0.0029595388153246674,0.00079462463789613
-264.68297143297184,0.00012351907328180109,-3.9747000000000057,0.0156,0.0029595388153246674,0.00079462463789613
-264.6059713559717,0.00012659128460473345,-3.9747000000000057,0.0156,0.0029595388153246674,0.00079462463789613
-264.5289712789716,0.00012938310454379658,-3.9747000000000057,0.0156,0.0029595388153246674,0.00079462463789613
-264.45197120197156,0.0001318753778707357,-3.9747000000000057,0.0156,0.0029595388153246674,0.00079462463789613
-264.37497112497147,0.00013405008747885677,-3.9747000000000057,0.0156,0.0029595388153246674,0.00079462463789613
-264.2979710479714,0.00013589048616207504,-3.9747000000000057,0.0156,0.0029595388153246674,0.00079462463789613
-264.22097097097134,0.00013738122631411575,-3.9747000000000057,0.0156,0.0029595388153246674,0.00079462463789613
-264.14397089397124,0.0001385084869230358,-3.9747000000000057,0.0156,0.0029595388153246674,0.00079462463789613
-264.06697081697115,0.0001392600972361338,-3.9747000000000057,0.0156,0.0029595388153246674,0.00079462463789613
-263.9899707399711,0.00013962565647298062,-3.9747000000000057,0.0156,0.0029595388153246674,0.00079462463789613
-263.912970662971,0.00013959664896968268,-3.9747000000000057,0.0156,0.0029595388153246674,0.00079462463789613
-263.8359705859709,0.00013916655414572334,-3.9747000000000057,0.0156,0.0029595388153246674,0.00079462463789613
-263.75897050897083,0.00013833095069573406,-3.9747000000000057,0.0156,0.0029595388153246674,0.00079462463789613
-263.6819704319708,0.00013708761442233515,-3.9747000000000057,0.0156,0.0029595388153246674,0.00079462463789613
-263.6049703549707,0.0001354366091427436,-3.9747000000000057,0.0156,0.0029595388153246674,0.00079462463789613
-263.5279702779706,0.00013338037012114977,-3.9747000000000057,0.0156,0.0029595388153246674,0.00079462463789613
-263.4509702009706,0.00013092377950080531,-3.9747000000000057,0.0156,0.0029595388153246674,0.00079462463789613
-263.3739701239705,0.0001280742332343696,-3.9747000000000057,0.0156,0.0029595388153246674,0.00079462463789613
-263.2969700469704,0.00012484169903822782,-3.9747000000000057,0.0156,0.0029595388153246674,0.00079462463789613
-263.21996996997035,0.00012123876492603642,-3.9747000000000057,0.0156,0.0029595388153246674,0.00079462463789613
-263.14296989297026,0.00011728067790877423,-3.9747000000000057,0.0156,0.0029595388153246674,0.00079462463789613
-263.06596981597016,0.00011298537248282745,-3.9747000000000057,0.0156,0.0029595388153246674,0.00079462463789613
-262.9889697389701,0.00010837348856393596,-3.9747000000000057,0.0156,0.0029595388153246674,0.00079462463789613
-262.91196966197003,0.00010346837856328722,-3.9747000000000057,0.0156,0.0029595388153246674,0.00079462463789613
-262.83496958496994,9.829610334231765e-05,-3.9747000000000057,0.0156,0.0029595388153246674,0.00079462463789613
-262.7579695079699,9.288541682467275e-05,-3.9747000000000057,0.0156,0.0029595388153246674,0.00079462463789613
-262.6809694309698,8.726773908741353e-05,-3.9747000000000057,0.0156,0.0029595388153246674,0.00079462463789613
-262.6039693539697,8.147711779851258e-05,-3.9747000000000057,0.0156,0.0029595388153246674,0.00079462463789613
-262.5269692769697,7.555017791374109e-05,-3.9747000000000057,0.0156,0.0029595388153246674,0.00079462463789613
-262.4499691999696,6.952605959335548e-05,-3.9747000000000057,0.0156,0.0029595388153246674,0.00079462463789613
-262.3729691229695,6.34463443470577e-05,-3.9747000000000057,0.0156,0.0029595388153246674,0.00079462463789613
-262.29596904596946,5.735496946428904e-05,-3.9747000000000057,0.0156,0.0029595388153246674,0.00079462463789613
-262.2189689689693,5.12981308361969e-05,-3.9747000000000057,0.0156,0.0029595388153246674,0.00079462463789613
-262.1419688919692,4.53241743250605e-05,-3.9747000000000057,0.0156,0.0029595388153246674,0.00079462463789613
-262.0649688149692,3.94834758862053e-05,-3.9747000000000057,0.0156,0.0029595388153246674,0.00079462463789613
-261.9879687379691,3.382831069700928e-05,-3.9747000000000057,0.0156,0.0029595388153246674,0.00079462463789613
-261.910968660969,2.8412711596361346e-05,-3.9747000000000057,0.0156,0.0029595388153246674,0.00079462463789613
-261.8339685839689,2.3292317186234505e-05,-3.9747000000000057,0.0156,0.0029595388153246674,0.00079462463789613
-261.75696850696886,1.8524209994689712e-05,-3.9747000000000057,0.0156,0.0029595388153246674,0.00079462463789613
-261.67996842996877,1.4166745146036375e-05,-3.9747000000000057,0.0156,0.0029595388153246674,0.00079462463789613
-261.6029683529687,1.0279370029289413e-05,-3.9747000000000057,0.0156,0.0029595388153246674,0.00079462463789613
-261.52596827596864,6.922435499821102e-06,-3.9747000000000057,0.0156,0.0029595388153246674,0.00079462463789613
-261.44896819896854,4.156999191485776e-06,-3.9747000000000057,0.0156,0.0029595388153246674,0.00079462463789613
-261.37196812196845,2.0446215569198135e-06,-3.9747000000000057,0.0156,0.0029595388153246674,0.00079462463789613
-261.2949680449684,6.471552921080792e-07,-3.9747000000000057,0.0156,0.0029595388153246674,0.00079462463789613
-261.2179679679683,2.6528837645723206e-08,-3.9747000000000057,0.0156,0.0029595388153246674,0.00079462463789613
-261.1409678909682,2.4452468298819126e-07,-3.9747000000000057,0.0156,0.0029595388153246674,0.00079462463789613
-261.0639678139682,1.3625532313324532e-06,-3.9747000000000057,0.0156,0.0029595388153246674,0.00079462463789613
-260.9869677369681,3.441423011497817e-06,-3.9747000000000057,0.0156,0.0029595388153246674,0.00079462463789613
-260.909967659968,6.541108048978174e-06,-3.9747000000000057,0.0156,0.0029595388153246674,0.00079462463789613
-260.83296758296797,1.0720513231251386e-05,-3.9747000000000057,0.0156,0.0029595388153246674,0.00079462463789613
-260.7559675059679,1.60372385222082e-05,-3.9747000000000057,0.0156,0.0029595388153246674,0.00079462463789613
-260.6789674289678,2.2547342897081737e-05,-3.9747000000000057,0.0156,0.0029595388153246674,0.00079462463789613
-260.60196735196774,3.030510888261865e-05,-3.9747000000000057,0.0156,0.0029595388153246674,0.00079462463789613
-260.52496727496765,3.9362808597036794e-05,-3.9747000000000057,0.0156,0.0029595388153246674,0.00079462463789613
-260.44796719796756,4.9770472190637285e-05,-3.9747000000000057,0.0156,0.0029595388153246674,0.00079462463789613
-260.3709671209675,6.157565959097677e-05,-3.9747000000000057,0.0156,0.0029595388153246674,0.00079462463789613
-260.2939670439674,7.482323645564886e-05,-3.9747000000000057,0.0156,0.0029595388153246674,0.00079462463789613
-260.21696696696733,8.955515523132544e-05,-3.9747000000000057,0.0156,0.0029595388153246674,0.00079462463789613
-260.1399668899673,0.00010581024221000543,-3.9747000000000057,0.0156,0.0029595388153246674,0.00079462463789613
-260.0629668129672,0.00012362399146163114,-3.9747000000000057,0.0156,0.0029595388153246674,0.00079462463789613
-259.9859667359671,0.00014302836650694495,-3.9747000000000057,0.0156,0.0029595388153246674,0.00079462463789613
-259.908966658967,0.0001640516105760545,-3.9747000000000057,0.0156,0.0029595388153246674,0.00079462463789613
-259.831966581967,0.00018671806627541175,-3.9747000000000057,0.0156,0.0029595388153246674,0.00079462463789613
-259.75496650496683,0.00021104800546050453,-3.9747000000000057,0.0156,0.0029595388153246674,0.00079462463789613
-259.6779664279668,0.0002370574700817564,-3.9747000000000057,0.0156,0.0029595388153246674,0.00079462463789613
-259.6009663509667,0.00026475812473971956,-3.9747000000000057,0.0156,0.0029595388153246674,0.00079462463789613
-259.5239662739666,0.00029415712164829335,-3.9747000000000057,0.0156,0.0029595388153246674,0.00079462463789613
-259.4469661969665,0.0003252569786674961,-3.9747000000000057,0.0156,0.0029595388153246674,0.00079462463789613
-259.3699661199665,0.0003580554710243424,-3.9747000000000057,0.0156,0.0029595388153246674,0.00079462463789613
-259.2929660429664,0.0003925455372964632,-3.9747000000000057,0.0156,0.0029595388153246674,0.00079462463789613
-259.2159659659663,0.0004287152001851617,-3.9747000000000057,0.0156,0.0029595388153246674,0.00079462463789613
-259.13896588896625,0.00046654750255565214,-3.9747000000000057,0.0156,0.0029595388153246674,0.00079462463789613
-259.06196581196616,0.0005060204591694972,-3.9747000000000057,0.0156,0.0029595388153246674,0.00079462463789613
-258.98496573496607,0.0005471070244799573,-3.9747000000000057,0.0156,0.0029595388153246674,0.00079462463789613
-258.90796565796603,0.0005897750768056185,-3.9747000000000057,0.0156,0.0029595388153246674,0.00079462463789613
-258.83096558096594,0.0006339874191391006,-3.9747000000000057,0.0156,0.0029595388153246674,0.00079462463789613
-258.75396550396584,0.0006797017967882206,-3.9747000000000057,0.0156,0.0029595388153246674,0.00079462463789613
-258.6769654269658,0.0007268709319873004,-3.9747000000000057,0.0156,0.0029595388153246674,0.00079462463789613
-258.5999653499657,0.0007754425755538408,-3.9747000000000057,0.0156,0.0029595388153246674,0.00079462463789613
-258.5229652729656,0.0008253595756033118,-3.9747000000000057,0.0156,0.0029595388153246674,0.00079462463789613
-258.4459651959655,0.0008765599632728534,-3.9747000000000057,0.0156,0.0029595388153246674,0.00079462463789613
-258.3689651189655,0.000928977055340207,-3.9747000000000057,0.0156,0.0029595388153246674,0.00079462463789613
-258.2919650419654,0.000982539573561909,-3.9747000000000057,0.0156,0.0029595388153246674,0.00079462463789613
-258.21496496496536,0.0010371717804905714,-3.9747000000000057,0.0156,0.0029595388153246674,0.00079462463789613
-258.13796488796527,0.001092793631470116,-3.9747000000000057,0.0156,0.0029595388153246674,0.00079462463789613
-258.0609648109652,0.0011493209424436974,-3.9747000000000057,0.0156,0.0029595388153246674,0.00079462463789613
-257.9839647339651,0.0012066655731502954,-3.9747000000000057,0.0156,0.0029595388153246674,0.00079462463789613
-257.90696465696504,0.0012647356252244793,-3.9747000000000057,0.0156,0.0029595388153246674,0.00079462463789613
-257.82996457996495,0.0013234356546566793,-3.9747000000000057,0.0156,0.0029595388153246674,0.00079462463789613
-257.7529645029649,0.0013826668980134846,-3.9747000000000057,0.0156,0.0029595388153246674,0.00079462463789613
-257.6759644259648,0.0014423275117646046,-3.9747000000000057,0.0156,0.0029595388153246674,0.00079462463789613
-257.5989643489647,0.001502312824008138,-3.9747000000000057,0.0156,0.0029595388153246674,0.00079462463789613
-257.52196427196463,0.0015625155978380681,-3.9747000000000057,0.0156,0.0029595388153246674,0.00079462463789613
-257.4449641949646,0.001622826305548376,-3.9747000000000057,0.0156,0.0029595388153246674,0.00079462463789613
-257.3679641179645,0.0016831334128246324,-3.9747000000000057,0.0156,0.0029595388153246674,0.00079462463789613
-257.29096404096435,0.0017433236720308313,-3.9747000000000057,0.0156,0.0029595388153246674,0.00079462463789613
-257.2139639639643,0.0018032824236618014,-3.9747000000000057,0.0156,0.0029595388153246674,0.00079462463789613
-257.1369638869642,0.0018628939049957613,-3.9747000000000057,0.0156,0.0029595388153246674,0.00079462463789613
-257.05996380996413,0.0019220415649481566,-3.9747000000000057,0.0156,0.0029595388153246674,0.00079462463789613
-256.9829637329641,0.0019806083841022977,-3.9747000000000057,0.0156,0.0029595388153246674,0.00079462463789613
-256.905963655964,0.0020384771988656274,-3.9747000000000057,0.0156,0.0029595388153246674,0.00079462463789613
-256.8289635789639,0.002095531028680033,-3.9747000000000057,0.0156,0.0029595388153246674,0.00079462463789613
-256.75196350196387,0.0021516534051989476,-3.9747000000000057,0.0156,0.0029595388153246674,0.00079462463789613
-256.6749634249638,0.002206728702330045,-3.9747000000000057,0.0156,0.0029595388153246674,0.00079462463789613
-256.5979633479637,0.0022606424660337053,-3.9747000000000057,0.0156,0.0029595388153246674,0.00079462463789613
-256.5209632709636,0.002313281742764038,-3.9747000000000057,0.0156,0.0029595388153246674,0.00079462463789613
-256.44396319396355,0.0023645354054374745,-3.9747000000000057,0.0156,0.0029595388153246674,0.00079462463789613
-256.36696311696346,0.0024142944758188626,-3.9747000000000057,0.0156,0.0029595388153246674,0.00079462463789613
-256.2899630399634,0.0024624524422219847,-3.9747000000000057,0.0156,0.0029595388153246674,0.00079462463789613
-256.21296296296333,0.002508905571435114,-3.9747000000000057,0.0156,0.0029595388153246674,0.00079462463789613
-256.13596288596324,0.002553553213796596,-3.9747000000000057,0.0156,0.0029595388153246674,0.00079462463789613
-256.05896280896314,0.0025962981003677995,-3.9747000000000057,0.0156,0.0029595388153246674,0.00079462463789613
-255.9819627319631,0.002637046631173714,-3.9747000000000057,0.0156,0.0029595388153246674,0.00079462463789613
-255.90496265496301,0.0026757091535108035,-3.9747000000000057,0.0156,0.0029595388153246674,0.00079462463789613
-255.82796257796295,0.0027122002293530115,-3.9747000000000057,0.0156,0.0029595388153246674,0.00079462463789613
-255.75096250096288,0.0027464388909238732,-3.9747000000000057,0.0156,0.0029595388153246674,0.00079462463789613
-255.6739624239628,0.002778348883540918,-3.9747000000000057,0.0156,0.0029595388153246674,0.00079462463789613
-255.59696234696273,0.0028078588948822606,-3.9747000000000057,0.0156,0.0029595388153246674,0.00079462463789613
-255.51996226996263,0.002834902769871332,-3.9747000000000057,0.0156,0.0029595388153246674,0.00079462463789613
-255.44296219296254,0.0028594197104245592,-3.9747000000000057,0.0156,0.0029595388153246674,0.00079462463789613
-255.36596211596247,0.0028813544593595977,-3.9747000000000057,0.0156,0.0029595388153246674,0.00079462463789613
-255.28896203896238,0.002900657467816172,-3.9747000000000057,0.0156,0.0029595388153246674,0.00079462463789613
-255.21196196196232,0.002917285045599089,-3.9747000000000057,0.0156,0.0029595388153246674,0.00079462463789613
-255.13496188496225,0.0029311994939129017,-3.9747000000000057,0.0156,0.0029595388153246674,0.00079462463789613
-255.05796180796216,0.002942369220019088,-3.9747000000000057,0.0156,0.0029595388153246674,0.00079462463789613
-254.9809617309621,0.0029507688334104495,-3.9747000000000057,0.0156,0.0029595388153246674,0.00079462463789613
-254.903961653962,0.0029563792231624927,-3.9747000000000057,0.0156,0.0029595388153246674,0.00079462463789613
-254.82696157696193,0.0029591876161879005,-3.9747000000000057,0.0156,0.0029595388153246674,0.00079462463789613
-254.74996149996187,0.0029591876161879,-3.9747000000000057,0.0156,0.0029595388153246674,0.00079462463789613
-254.67296142296178,0.00295637922316249,-3.9747000000000057,0.0156,0.0029595388153246674,0.00079462463789613
-254.5959613459617,0.002950768833410447,-3.9747000000000057,0.0156,0.0029595388153246674,0.00079462463789613
-254.51896126896165,0.0029423692200190843,-3.9747000000000057,0.0156,0.0029595388153246674,0.00079462463789613
-254.44196119196155,0.0029311994939128965,-3.9747000000000057,0.0156,0.0029595388153246674,0.00079462463789613
-254.3649611149615,0.002917285045599084,-3.9747000000000057,0.0156,0.0029595388153246674,0.00079462463789613
-254.2879610379614,0.002900657467816159,-3.9747000000000057,0.0156,0.0029595388153246674,0.00079462463789613
-254.2109609609613,0.0028813544593595817,-3.9747000000000057,0.0156,0.0029595388153246674,0.00079462463789613
-254.13396088396124,0.002859419710424542,-3.9747000000000057,0.0156,0.0029595388153246674,0.00079462463789613
-254.05696080696117,0.0028349027698713223,-3.9747000000000057,0.0156,0.0029595388153246674,0.00079462463789613
-253.97996072996108,0.0028078588948822498,-3.9747000000000057,0.0156,0.0029595388153246674,0.00079462463789613
-253.902960652961,0.0027783488835409057,-3.9747000000000057,0.0156,0.0029595388153246674,0.00079462463789613
-253.82596057596095,0.0027464388909238732,-3.9747000000000057,0.0156,0.0029595388153246674,0.00079462463789613
-253.74896049896086,0.002712200229352998,-3.9747000000000057,0.0156,0.0029595388153246674,0.00079462463789613
-253.6719604219608,0.002675709153510789,-3.9747000000000057,0.0156,0.0029595388153246674,0.00079462463789613
-253.59496034496073,0.002637046631173714,-3.9747000000000057,0.0156,0.0029595388153246674,0.00079462463789613
-253.51796026796063,0.002596298100367769,-3.9747000000000057,0.0156,0.0029595388153246674,0.00079462463789613
-253.44096019096057,0.0025535532137965803,-3.9747000000000057,0.0156,0.0029595388153246674,0.00079462463789613
-253.36396011396047,0.0025089055714350977,-3.9747000000000057,0.0156,0.0029595388153246674,0.00079462463789613
-253.2869600369604,0.0024624524422219847,-3.9747000000000057,0.0156,0.0029595388153246674,0.00079462463789613
-253.20995995996032,0.0024142944758188266,-3.9747000000000057,0.0156,0.0029595388153246674,0.00079462463789613
-253.13295988296025,0.0023645354054374554,-3.9747000000000057,0.0156,0.0029595388153246674,0.00079462463789613
-253.05595980596016,0.002313281742763981,-3.9747000000000057,0.0156,0.0029595388153246674,0.00079462463789613
-252.97895972896006,0.0022606424660336455,-3.9747000000000057,0.0156,0.0029595388153246674,0.00079462463789613
-252.90195965196,0.0022067287023300047,-3.9747000000000057,0.0156,0.0029595388153246674,0.00079462463789613
-252.82495957495993,0.002151653405198927,-3.9747000000000057,0.0156,0.0029595388153246674,0.00079462463789613
-252.74795949795984,0.0020955310286799697,-3.9747000000000057,0.0156,0.0029595388153246674,0.00079462463789613
-252.67095942095978,0.0020384771988655854,-3.9747000000000057,0.0156,0.0029595388153246674,0.00079462463789613
-252.5939593439597,0.0019806083841022765,-3.9747000000000057,0.0156,0.0029595388153246674,0.00079462463789613
-252.51695926695962,0.0019220415649480915,-3.9747000000000057,0.0156,0.0029595388153246674,0.00079462463789613
-252.43995918995955,0.001862893904995718,-3.9747000000000057,0.0156,0.0029595388153246674,0.00079462463789613
-252.3629591129595,0.0018032824236617793,-3.9747000000000057,0.0156,0.0029595388153246674,0.00079462463789613
-252.2859590359594,0.0017433236720307652,-3.9747000000000057,0.0156,0.0029595388153246674,0.00079462463789613
-252.20895895895933,0.0016831334128246324,-3.9747000000000057,0.0156,0.0029595388153246674,0.00079462463789613
-252.13195888195926,0.0016228263055483982,-3.9747000000000057,0.0156,0.0029595388153246674,0.00079462463789613
-252.05495880495917,0.0015625155978380458,-3.9747000000000057,0.0156,0.0029595388153246674,0.00079462463789613
-251.9779587279591,0.001502312824008138,-3.9747000000000057,0.0156,0.0029595388153246674,0.00079462463789613
-251.90095865095904,0.0014423275117646267,-3.9747000000000057,0.0156,0.0029595388153246674,0.00079462463789613
-251.82395857395892,0.0013826668980134846,-3.9747000000000057,0.0156,0.0029595388153246674,0.00079462463789613
-251.74695849695885,0.0013234356546566574,-3.9747000000000057,0.0156,0.0029595388153246674,0.00079462463789613
-251.6699584199588,0.0012647356252244793,-3.9747000000000057,0.0156,0.0029595388153246674,0.00079462463789613
-251.5929583429587,0.0012066655731502527,-3.9747000000000057,0.0156,0.0029595388153246674,0.00079462463789613
-251.51595826595863,0.0011493209424436762,-3.9747000000000057,0.0156,0.0029595388153246674,0.00079462463789613
-251.43895818895854,0.0010927936314700953,-3.9747000000000057,0.0156,0.0029595388153246674,0.00079462463789613
-251.36195811195847,0.0010371717804905714,-3.9747000000000057,0.0156,0.0029595388153246674,0.00079462463789613
-251.28495803495838,0.000982539573561869,-3.9747000000000057,0.0156,0.0029595388153246674,0.00079462463789613
-251.2079579579583,0.0009289770553401875,-3.9747000000000057,0.0156,0.0029595388153246674,0.00079462463789613
-251.13095788095825,0.0008765599632728154,-3.9747000000000057,0.0156,0.0029595388153246674,0.00079462463789613
-251.05395780395816,0.0008253595756032747,-3.9747000000000057,0.0156,0.0029595388153246674,0.00079462463789613
-250.9769577269581,0.0007754425755538226,-3.9747000000000057,0.0156,0.0029595388153246674,0.00079462463789613
-250.89995764995803,0.0007268709319873004,-3.9747000000000057,0.0156,0.0029595388153246674,0.00079462463789613
-250.82295757295793,0.0006797017967881863,-3.9747000000000057,0.0156,0.0029595388153246674,0.00079462463789613
-250.74595749595787,0.000633987419139084,-3.9747000000000057,0.0156,0.0029595388153246674,0.00079462463789613
-250.6689574189578,0.0005897750768056185,-3.9747000000000057,0.0156,0.0029595388153246674,0.00079462463789613
-250.59195734195768,0.000547107024479911,-3.9747000000000057,0.0156,0.0029595388153246674,0.00079462463789613
-250.51495726495762,0.0005060204591694675,-3.9747000000000057,0.0156,0.0029595388153246674,0.00079462463789613
-250.43795718795755,0.00046654750255563805,-3.9747000000000057,0.0156,0.0029595388153246674,0.00079462463789613
-250.36095711095746,0.0004287152001851208,-3.9747000000000057,0.0156,0.0029595388153246674,0.00079462463789613
-250.2839570339574,0.000392545537296437,-3.9747000000000057,0.0156,0.0029595388153246674,0.00079462463789613
-250.20695695695733,0.00035805547102432976,-3.9747000000000057,0.0156,0.0029595388153246674,0.00079462463789613
-250.12995687995723,0.0003252569786674607,-3.9747000000000057,0.0156,0.0029595388153246674,0.00079462463789613
-250.05295680295717,0.00029415712164827085,-3.9747000000000057,0.0156,0.0029595388153246674,0.00079462463789613
-249.9759567259571,0.00026475812473970915,-3.9747000000000057,0.0156,0.0029595388153246674,0.00079462463789613
-249.898956648957,0.00023705747008174652,-3.9747000000000057,0.0156,0.0029595388153246674,0.00079462463789613
-249.82195657195695,0.00021104800546048585,-3.9747000000000057,0.0156,0.0029595388153246674,0.00079462463789613
-249.74495649495688,0.00018671806627542002,-3.9747000000000057,0.0156,0.0029595388153246674,0.00079462463789613
-249.6679564179568,0.00016405161057604653,-3.9747000000000057,0.0156,0.0029595388153246674,0.00079462463789613
-249.59095634095672,0.00014302836650694495,-3.9747000000000057,0.0156,0.0029595388153246674,0.00079462463789613
-249.51395626395663,0.00012362399146163114,-3.9747000000000057,0.0156,0.0029595388153246674,0.00079462463789613
-249.43695618695656,0.00010581024221001184,-3.9747000000000057,0.0156,0.0029595388153246674,0.00079462463789613
-249.35995610995644,8.955515523131395e-05,-3.9747000000000057,0.0156,0.0029595388153246674,0.00079462463789613
-249.28295603295638,7.482323645564358e-05,-3.9747000000000057,0.0156,0.0029595388153246674,0.00079462463789613
-249.2059559559563,6.157565959097677e-05,-3.9747000000000057,0.0156,0.0029595388153246674,0.00079462463789613
-249.12895587895622,4.977047219062906e-05,-3.9747000000000057,0.0156,0.0029595388153246674,0.00079462463789613
-249.05195580195615,3.9362808597033244e-05,-3.9747000000000057,0.0156,0.0029595388153246674,0.00079462463789613
-248.9749557249561,3.030510888261865e-05,-3.9747000000000057,0.0156,0.0029595388153246674,0.00079462463789613
-248.897955647956,2.254734289707645e-05,-3.9747000000000057,0.0156,0.0029595388153246674,0.00079462463789613
-248.82095557095593,1.6037238522206044e-05,-3.9747000000000057,0.0156,0.0029595388153246674,0.00079462463789613
-248.74395549395587,1.0720513231251386e-05,-3.9747000000000057,0.0156,0.0029595388153246674,0.00079462463789613
-248.66695541695577,6.541108048975484e-06,-3.9747000000000057,0.0156,0.0029595388153246674,0.00079462463789613
-248.5899553399557,3.441423011496876e-06,-3.9747000000000057,0.0156,0.0029595388153246674,0.00079462463789613
-248.51295526295564,1.3625532313324532e-06,-3.9747000000000057,0.0156,0.0029595388153246674,0.00079462463789613
-248.43595518595555,2.445246829877036e-07,-3.9747000000000057,0.0156,0.0029595388153246674,0.00079462463789613
-248.35895510895548,2.652883764580039e-08,-3.9747000000000057,0.0156,0.0029595388153246674,0.00079462463789613
-248.28195503195542,6.471552921080792e-07,-3.9747000000000057,0.0156,0.0029595388153246674,0.00079462463789613
-248.2049549549553,2.0446215569217655e-06,-3.9747000000000057,0.0156,0.0029595388153246674,0.00079462463789613
-248.12795487795523,4.1569991914875914e-06,-3.9747000000000057,0.0156,0.0029595388153246674,0.00079462463789613
-248.05095480095517,6.9224354998222235e-06,-3.9747000000000057,0.0156,0.0029595388153246674,0.00079462463789613
-247.97395472395507,1.027937002929343e-05,-3.9747000000000057,0.0156,0.0029595388153246674,0.00079462463789613
-247.896954646955,1.416674514603944e-05,-3.9747000000000057,0.0156,0.0029595388153246674,0.00079462463789613
-247.81995456995494,1.8524209994691386e-05,-3.9747000000000057,0.0156,0.0029595388153246674,0.00079462463789613
-247.74295449295485,2.3292317186240045e-05,-3.9747000000000057,0.0156,0.0029595388153246674,0.00079462463789613
-247.6659544159548,2.841271159636526e-05,-3.9747000000000057,0.0156,0.0029595388153246674,0.00079462463789613
-247.5889543389547,3.3828310697013394e-05,-3.9747000000000057,0.0156,0.0029595388153246674,0.00079462463789613
-247.51195426195463,3.948347588620746e-05,-3.9747000000000057,0.0156,0.0029595388153246674,0.00079462463789613
-247.43495418495453,4.5324174325067045e-05,-3.9747000000000057,0.0156,0.0029595388153246674,0.00079462463789613
-247.35795410795447,5.129813083620136e-05,-3.9747000000000057,0.0156,0.0029595388153246674,0.00079462463789613
-247.2809540309544,5.7354969464286755e-05,-3.9747000000000057,0.0156,0.0029595388153246674,0.00079462463789613
-247.2039539539543,6.344634434705997e-05,-3.9747000000000057,0.0156,0.0029595388153246674,0.00079462463789613
-247.12695387695425,6.952605959335548e-05,-3.9747000000000057,0.0156,0.0029595388153246674,0.00079462463789613
-247.04995379995418,7.55501779137389e-05,-3.9747000000000057,0.0156,0.0029595388153246674,0.00079462463789613
-246.97295372295406,8.147711779851695e-05,-3.9747000000000057,0.0156,0.0029595388153246674,0.00079462463789613
-246.895953645954,8.726773908741572e-05,-3.9747000000000057,0.0156,0.0029595388153246674,0.00079462463789613
-246.81895356895393,9.288541682467275e-05,-3.9747000000000057,0.0156,0.0029595388153246674,0.00079462463789613
-246.74195349195384,9.829610334232157e-05,-3.9747000000000057,0.0156,0.0029595388153246674,0.00079462463789613
-246.66495341495377,0.00010346837856328913,-3.9747000000000057,0.0156,0.0029595388153246674,0.00079462463789613
-246.5879533379537,0.00010837348856393596,-3.9747000000000057,0.0156,0.0029595388153246674,0.00079462463789613
-246.5109532609536,0.00011298537248283069,-3.9747000000000057,0.0156,0.0029595388153246674,0.00079462463789613
-246.43395318395355,0.00011728067790877579,-3.9747000000000057,0.0156,0.0029595388153246674,0.00079462463789613
-246.35695310695348,0.00012123876492603642,-3.9747000000000057,0.0156,0.0029595388153246674,0.00079462463789613
-246.2799530299534,0.00012484169903823032,-3.9747000000000057,0.0156,0.0029595388153246674,0.00079462463789613
-246.20295295295332,0.00012807423323437072,-3.9747000000000057,0.0156,0.0029595388153246674,0.00079462463789613
-246.12595287595326,0.00013092377950080531,-3.9747000000000057,0.0156,0.0029595388153246674,0.00079462463789613
-246.04895279895317,0.00013338037012115145,-3.9747000000000057,0.0156,0.0029595388153246674,0.00079462463789613
-245.9719527219531,0.00013543660914274428,-3.9747000000000057,0.0156,0.0029595388153246674,0.00079462463789613
-245.89495264495304,0.00013708761442233515,-3.9747000000000057,0.0156,0.0029595388153246674,0.00079462463789613
-245.81795256795294,0.0001383309506957348,-3.9747000000000057,0.0156,0.0029595388153246674,0.00079462463789613
-245.74095249095285,0.00013916655414572383,-3.9747000000000057,0.0156,0.0029595388153246674,0.00079462463789613
-245.66395241395276,0.00013959664896968287,-3.9747000000000057,0.0156,0.0029595388153246674,0.00079462463789613
-245.5869523369527,0.00013962565647298057,-3.9747000000000057,0.0156,0.0029595388153246674,0.00079462463789613
-245.5099522599526,0.0001392600972361332,-3.9747000000000057,0.0156,0.0029595388153246674,0.00079462463789613
-245.43295218295253,0.0001385084869230351,-3.9747000000000057,0.0156,0.0029595388153246674,0.00079462463789613
-245.35595210595247,0.00013738122631411524,-3.9747000000000057,0.0156,0.0029595388153246674,0.00079462463789613
-245.27895202895238,0.00013589048616207317,-3.9747000000000057,0.0156,0.0029595388153246674,0.00079462463789613
-245.2019519519523,0.00013405008747885533,-3.9747000000000057,0.0156,0.0029595388153246674,0.00079462463789613
-245.12495187495225,0.00013187537787073483,-3.9747000000000057,0.0156,0.0029595388153246674,0.00079462463789613
-245.04795179795215,0.00012938310454379363,-3.9747000000000057,0.0156,0.0029595388153246674,0.00079462463789613
-244.9709517209521,0.0001265912846047313,-3.9747000000000057,0.0156,0.0029595388153246674,0.00079462463789613
-244.89395164395202,0.0001235190732818023,-3.9747000000000057,0.0156,0.0029595388153246674,0.00079462463789613
-244.81695156695193,0.00012018663068788595,-3.9747000000000057,0.0156,0.0029595388153246674,0.00079462463789613
-244.73995148995186,0.00011661498774217591,-3.9747000000000057,0.0156,0.0029595388153246674,0.00079462463789613
-244.6629514129518,0.00011282591185887967,-3.9747000000000057,0.0156,0.0029595388153246674,0.00079462463789613
-244.5859513359517,0.00010884177300072987,-3.9747000000000057,0.0156,0.0029595388153246674,0.00079462463789613
-244.5089512589516,0.00010468541068200539,-3.9747000000000057,0.0156,0.0029595388153246674,0.00079462463789613
-244.43195118195155,0.0001003800024903455,-3.9747000000000057,0.0156,0.0029595388153246674,0.00079462463789613
-244.35495110495145,9.594893467896463e-05,-3.9747000000000057,0.0156,0.0029595388153246674,0.00079462463789613
-244.2779510279514,9.141567536107988e-05,-3.9747000000000057,0.0156,0.0029595388153246674,0.00079462463789613
-244.20095095095132,8.680365081645408e-05,-3.9747000000000057,0.0156,0.0029595388153246674,0.00079462463789613
-244.12395087395123,8.213612539630028e-05,-3.9747000000000057,0.0156,0.0029595388153246674,0.00079462463789613
-244.04695079695117,7.743608548723244e-05,-3.9747000000000057,0.0156,0.0029595388153246674,0.00079462463789613
-243.9699507199511,7.272612796781624e-05,-3.9747000000000057,0.0156,0.0029595388153246674,0.00079462463789613
-243.892950642951,6.802835356271366e-05,-3.9747000000000057,0.0156,0.0029595388153246674,0.00079462463789613
-243.81595056595094,6.336426546943156e-05,-3.9747000000000057,0.0156,0.0029595388153246674,0.00079462463789613
-243.73895048895085,5.8754673601562584e-05,-3.9747000000000057,0.0156,0.0029595388153246674,0.00079462463789613
-243.66195041195078,5.4219604760341743e-05,-3.9747000000000057,0.0156,0.0029595388153246674,0.00079462463789613
-243.5849503349507,4.9778219013245396e-05,-3.9747000000000057,0.0156,0.0029595388153246674,0.00079462463789613
-243.50795025795063,4.544873252478267e-05,-3.9747000000000057,0.0156,0.0029595388153246674,0.00079462463789613
-243.43095018095056,4.1248347050298244e-05,-3.9747000000000057,0.0156,0.0029595388153246674,0.00079462463789613
-243.35395010395047,3.719318626909854e-05,-3.9747000000000057,0.0156,0.0029595388153246674,0.00079462463789613
-243.27695002695037,3.3298239098352125e-05,-3.9747000000000057,0.0156,0.0029595388153246674,0.00079462463789613
-243.1999499499503,2.9577310094374374e-05,-3.9747000000000057,0.0156,0.0029595388153246674,0.00079462463789613
-243.12294987295022,2.6042977013173468e-05,-3.9747000000000057,0.0156,0.0029595388153246674,0.00079462463789613
-243.04594979595015,2.2706555567669105e-05,-3.9747000000000057,0.0156,0.0029595388153246674,0.00079462463789613
-242.96894971895009,1.957807138489846e-05,-3.9747000000000057,0.0156,0.0029595388153246674,0.00079462463789613
-242.89194964195,1.666623913310403e-05,-3.9747000000000057,0.0156,0.0029595388153246674,0.00079462463789613
-242.81494956494993,1.3978448755789138e-05,-3.9747000000000057,0.0156,0.0029595388153246674,0.00079462463789613
-242.73794948794986,1.1520758717919825e-05,-3.9747000000000057,0.0156,0.0029595388153246674,0.00079462463789613
-242.66094941094977,9.297896138563245e-06,-3.9747000000000057,0.0156,0.0029595388153246674,0.00079462463789613
-242.5839493339497,7.3132636544154404e-06,-3.9747000000000057,0.0156,0.0029595388153246674,0.00079462463789613
-242.50694925694964,5.568952830112271e-06,-3.9747000000000057,0.0156,0.0029595388153246674,0.00079462463789613
-242.42994917994955,4.065763904023446e-06,-3.9747000000000057,0.0156,0.0029595388153246674,0.00079462463789613
-242.35294910294948,2.803231632446101e-06,-3.9747000000000057,0.0156,0.0029595388153246674,0.00079462463789613
-242.27594902594942,1.7796569709142493e-06,-3.9747000000000057,0.0156,0.0029595388153246674,0.00079462463789613
-242.19894894894932,9.92144308792525e-07,-3.9747000000000057,0.0156,0.0029595388153246674,0.00079462463789613
-242.12194887194926,4.366439524622074e-07,-3.9747000000000057,0.0156,0.0029595388153246674,0.00079462463789613
-242.04494879494914,1.0799953336722703e-07,-3.9747000000000057,0.0156,0.0029595388153246674,0.00079462463789613
-241.96794871794907,1.1138865736889e-32,-3.9747000000000057,0.0156,0.0029595388153246674,0.00079462463789613
-241.890948640949,1.0543583760536004e-07,-3.9747000000000057,0.0156,0.0029595388153246674,0.00079462463789613
-241.8139485639489,4.1615914605635555e-07,-3.9747000000000057,0.0156,0.0029595388153246674,0.00079462463789613
-241.73694848694885,9.231471949852046e-07,-3.9747000000000057,0.0156,0.0029595388153246674,0.00079462463789613
-241.65994840994875,1.6165690659079427e-06,-3.9747000000000057,0.0156,0.0029595388153246674,0.00079462463789613
-241.5829483329487,2.4858549837355364e-06,-3.9747000000000057,0.0156,0.0029595388153246674,0.00079462463789613
-241.50594825594862,3.5197679347575745e-06,-3.9747000000000057,0.0156,0.0029595388153246674,0.00079462463789613
-241.42894817894853,4.706477164872214e-06,-3.9747000000000057,0.0156,0.0029595388153246674,0.00079462463789613
-241.35194810194847,6.033633150537392e-06,-3.9747000000000057,0.0156,0.0029595388153246674,0.00079462463789613
-241.2749480249484,7.4884436355954415e-06,-3.9747000000000057,0.0156,0.0029595388153246674,0.00079462463789613
-241.1979479479483,9.057750329718864e-06,-3.9747000000000057,0.0156,0.0029595388153246674,0.00079462463789613
-241.12094787094824,1.072810586874625e-05,-3.9747000000000057,0.0156,0.0029595388153246674,0.00079462463789613
-241.04394779394818,1.2485850643535701e-05,-3.9747000000000057,0.0156,0.0029595388153246674,0.00079462463789613
-240.96694771694808,1.431718911209069e-05,-3.9747000000000057,0.0156,0.0029595388153246674,0.00079462463789613
-240.889947639948,1.620826521959313e-05,-3.9747000000000057,0.0156,0.0029595388153246674,0.00079462463789613
-240.81294756294793,1.8145236562489124e-05,-3.9747000000000057,0.0156,0.0029595388153246674,0.00079462463789613
-240.73594748594783,2.0114346945847947e-05,-3.9747000000000057,0.0156,0.0029595388153246674,0.00079462463789613
-240.65894740894777,2.2101996997765034e-05,-3.9747000000000057,0.0156,0.0029595388153246674,0.00079462463789613
-240.5819473319477,2.409481252055284e-05,-3.9747000000000057,0.0156,0.0029595388153246674,0.00079462463789613
-240.5049472549476,2.6079710275661107e-05,-3.9747000000000057,0.0156,0.0029595388153246674,0.00079462463789613
-240.42794717794754,2.8043960917710567e-05,-3.9747000000000057,0.0156,0.0029595388153246674,0.00079462463789613
-240.35094710094748,2.9975248812520734e-05,-3.9747000000000057,0.0156,0.0029595388153246674,0.00079462463789613
-240.2739470239474,3.186172849445639e-05,-3.9747000000000057,0.0156,0.0029595388153246674,0.00079462463789613
-240.19694694694732,3.369207753974984e-05,-3.9747000000000057,0.0156,0.0029595388153246674,0.00079462463789613
-240.11994686994723,3.545554565451217e-05,-3.9747000000000057,0.0156,0.0029595388153246674,0.00079462463789613
-240.04294679294716,3.714199979878699e-05,-3.9747000000000057,0.0156,0.0029595388153246674,0.00079462463789613
-239.9659467159471,3.874196519120729e-05,-3.9747000000000057,0.0156,0.0029595388153246674,0.00079462463789613
-239.888946638947,4.024666206232092e-05,-3.9747000000000057,0.0156,0.0029595388153246674,0.00079462463789613
-239.81194656194694,4.164803804847194e-05,-3.9747000000000057,0.0156,0.0029595388153246674,0.00079462463789613
-239.73494648494685,4.293879614206079e-05,-3.9747000000000057,0.0156,0.0029595388153246674,0.00079462463789613
-239.65794640794675,4.4112418137936006e-05,-3.9747000000000057,0.0156,0.0029595388153246674,0.00079462463789613
-239.5809463309467,4.5163183539548205e-05,-3.9747000000000057,0.0156,0.0029595388153246674,0.00079462463789613
-239.5039462539466,4.608618391211161e-05,-3.9747000000000057,0.0156,0.0029595388153246674,0.00079462463789613
-239.42694617694653,4.687733269332238e-05,-3.9747000000000057,0.0156,0.0029595388153246674,0.00079462463789613
-239.34994609994646,4.753337049506095e-05,-3.9747000000000057,0.0156,0.0029595388153246674,0.00079462463789613
-239.27294602294637,4.805186595180591e-05,-3.9747000000000057,0.0156,0.0029595388153246674,0.00079462463789613
-239.1959459459463,4.843121219317048e-05,-3.9747000000000057,0.0156,0.0029595388153246674,0.00079462463789613
-239.11894586894624,4.867061903889627e-05,-3.9747000000000057,0.0156,0.0029595388153246674,0.00079462463789613
-239.04194579194615,4.877010103472456e-05,-3.9747000000000057,0.0156,0.0029595388153246674,0.00079462463789613
-238.96494571494608,4.873046146673699e-05,-3.9747000000000057,0.0156,0.0029595388153246674,0.00079462463789613
-238.88794563794602,4.85532725099153e-05,-3.9747000000000057,0.0156,0.0029595388153246674,0.00079462463789613
-238.81094556094592,4.824085168375186e-05,-3.9747000000000057,0.0156,0.0029595388153246674,0.00079462463789613
-238.73394548394586,4.779623480367668e-05,-3.9747000000000057,0.0156,0.0029595388153246674,0.00079462463789613
-238.6569454069458,4.722314563178597e-05,-3.9747000000000057,0.0156,0.0029595388153246674,0.00079462463789613
-238.5799453299457,4.652596244381814e-05,-3.9747000000000057,0.0156,0.0029595388153246674,0.00079462463789613
-238.50294525294564,4.570968174146357e-05,-3.9747000000000057,0.0156,0.0029595388153246674,0.00079462463789613
-238.42594517594554,4.4779879349878706e-05,-3.9747000000000057,0.0156,0.0029595388153246674,0.00079462463789613
-238.34894509894545,4.37426691496858e-05,-3.9747000000000057,0.0156,0.0029595388153246674,0.00079462463789613
-238.27194502194538,4.260465970070837e-05,-3.9747000000000057,0.0156,0.0029595388153246674,0.00079462463789613
-238.1949449449453,4.1372909021255786e-05,-3.9747000000000057,0.0156,0.0029595388153246674,0.00079462463789613
-238.11794486794523,4.0054877791874066e-05,-3.9747000000000057,0.0156,0.0029595388153246674,0.00079462463789613
-238.04094479094516,3.865838125612486e-05,-3.9747000000000057,0.0156,0.0029595388153246674,0.00079462463789613
-237.96394471394507,3.7191540093180394e-05,-3.9747000000000057,0.0156,0.0029595388153246674,0.00079462463789613
-237.886944636945,3.566273053778652e-05,-3.9747000000000057,0.0156,0.0029595388153246674,0.00079462463789613
-237.8099445599449,3.4080534022491496e-05,-3.9747000000000057,0.0156,0.0029595388153246674,0.00079462463789613
-237.73294448294484,3.2453686615024564e-05,-3.9747000000000057,0.0156,0.0029595388153246674,0.00079462463789613
-237.65594440594478,3.0791028520268494e-05,-3.9747000000000057,0.0156,0.0029595388153246674,0.00079462463789613
-237.5789443289447,2.9101453911573264e-05,-3.9747000000000057,0.0156,0.0029595388153246674,0.00079462463789613
-237.50194425194462,2.7393861350123663e-05,-3.9747000000000057,0.0156,0.0029595388153246674,0.00079462463789613
-237.42494417494456,2.567710504382374e-05,-3.9747000000000057,0.0156,0.0029595388153246674,0.00079462463789613
-237.34794409794446,2.3959947188754593e-05,-3.9747000000000057,0.0156,0.0029595388153246674,0.00079462463789613
-237.2709440209444,2.225101162669307e-05,-3.9747000000000057,0.0156,0.0029595388153246674,0.00079462463789613
-237.1939439439443,2.055873904158407e-05,-3.9747000000000057,0.0156,0.0029595388153246674,0.00079462463789613
-237.1169438669442,1.8891343906285837e-05,-3.9747000000000057,0.0156,0.0029595388153246674,0.00079462463789613
-237.03994378994415,1.7256773378388337e-05,-3.9747000000000057,0.0156,0.0029595388153246674,0.00079462463789613
-236.96294371294408,1.5662668330583777e-05,-3.9747000000000057,0.0156,0.0029595388153246674,0.00079462463789613
-236.885943635944,1.4116326686982933e-05,-3.9747000000000057,0.0156,0.0029595388153246674,0.00079462463789613
-236.80894355894392,1.2624669221998336e-05,-3.9747000000000057,0.0156,0.0029595388153246674,0.00079462463789613
-236.73194348194386,1.1194207963070679e-05,-3.9747000000000057,0.0156,0.0029595388153246674,0.00079462463789613
-236.65494340494377,9.831017322674504e-06,-3.9747000000000057,0.0156,0.0029595388153246674,0.00079462463789613
-236.5779433279437,8.540708068768961e-06,-3.9747000000000057,0.0156,0.0029595388153246674,0.00079462463789613
-236.50094325094364,7.328404226272443e-06,-3.9747000000000057,0.0156,0.0029595388153246674,0.00079462463789613
-236.42394317394354,6.198722985338822e-06,-3.9747000000000057,0.0156,0.0029595388153246674,0.00079462463789613
-236.34694309694348,5.155757675235921e-06,-3.9747000000000057,0.0156,0.0029595388153246674,0.00079462463789613
-236.26994301994338,4.20306384561592e-06,-3.9747000000000057,0.0156,0.0029595388153246674,0.00079462463789613
-236.19294294294332,3.343648479996689e-06,-3.9747000000000057,0.0156,0.0029595388153246674,0.00079462463789613
-236.11594286594323,2.5799623493933367e-06,-3.9747000000000057,0.0156,0.0029595388153246674,0.00079462463789613
-236.03894278894316,1.9138954974057102e-06,-3.9747000000000057,0.0156,0.0029595388153246674,0.00079462463789613
-235.96194271194307,1.3467758316821265e-06,-3.9747000000000057,0.0156,0.0029595388153246674,0.00079462463789613
-235.88494263494297,8.793707807002272e-07,-3.9747000000000057,0.0156,0.0029595388153246674,0.00079462463789613
-235.8079425579429,5.118919592427184e-07,-3.9747000000000057,0.0156,0.0029595388153246674,0.00079462463789613
-235.73094248094284,2.440027709250664e-07,-3.9747000000000057,0.0156,0.0029595388153246674,0.00079462463789613
-235.65394240394275,7.482886169285924e-08,-3.9747000000000057,0.0156,0.0029595388153246674,0.00079462463789613
-235.57694232694269,2.9713244248111846e-09,-3.9747000000000057,0.0156,0.0029595388153246674,0.00079462463789613
-235.49994224994262,2.652254172032862e-08,-3.9747000000000057,0.0156,0.0029595388153246674,0.00079462463789613
-235.42294217294253,1.4308454166959666e-07,-3.9747000000000057,0.0156,0.0029595388153246674,0.00079462463789613
-235.34594209594246,3.497897299520698e-07,-3.9747000000000057,0.0156,0.0029595388153246674,0.00079462463789613
-235.2689420189424,6.43323851040755e-07,-3.9747000000000057,0.0156,0.0029595388153246674,0.00079462463789613
-235.1919419419423,1.0199510216385803e-06,-3.9747000000000057,0.0156,0.0029595388153246674,0.00079462463789613
-235.11494186494224,1.4755406707849474e-06,-3.9747000000000057,0.0156,0.0029595388153246674,0.00079462463789613
-235.03794178794217,2.0055962133750794e-06,-3.9747000000000057,0.0156,0.0029595388153246674,0.00079462463789613
-234.96094171094208,2.605285277152008e-06,-3.9747000000000057,0.0156,0.0029595388153246674,0.00079462463789613
-234.88394163394202,3.2694712975946863e-06,-3.9747000000000057,0.0156,0.0029595388153246674,0.00079462463789613
-234.80694155694192,3.992746290544844e-06,-3.9747000000000057,0.0156,0.0029595388153246674,0.00079462463789613
-234.72994147994183,4.769464608885297e-06,-3.9747000000000057,0.0156,0.0029595388153246674,0.00079462463789613
-234.65294140294176,5.593777487146277e-06,-3.9747000000000057,0.0156,0.0029595388153246674,0.00079462463789613
-234.5759413259417,6.459668176522256e-06,-3.9747000000000057,0.0156,0.0029595388153246674,0.00079462463789613
-234.4989412489416,7.360987472463111e-06,-3.9747000000000057,0.0156,0.0029595388153246674,0.00079462463789613
-234.42194117194154,8.291489437728655e-06,-3.9747000000000057,0.0156,0.0029595388153246674,0.00079462463789613
-234.34494109494145,9.244867125556854e-06,-3.9747000000000057,0.0156,0.0029595388153246674,0.00079462463789613
-234.26794101794138,1.0214788110344866e-05,-3.9747000000000057,0.0156,0.0029595388153246674,0.00079462463789613
-234.1909409409413,1.1194929637007788e-05,-3.9747000000000057,0.0156,0.0029595388153246674,0.00079462463789613
-234.11394086394122,1.2179013204845296e-05,-3.9747000000000057,0.0156,0.0029595388153246674,0.00079462463789613
-234.03694078694116,1.3160838407373625e-05,-3.9747000000000057,0.0156,0.0029595388153246674,0.00079462463789613
-233.95994070994107,1.4134315856027636e-05,-3.9747000000000057,0.0156,0.0029595388153246674,0.00079462463789613
-233.882940632941,1.5093499022946667e-05,-3.9747000000000057,0.0156,0.0029595388153246674,0.00079462463789613
-233.80594055594094,1.6032614846125512e-05,-3.9747000000000057,0.0156,0.0029595388153246674,0.00079462463789613
-233.72894047894084,1.6946092948994313e-05,-3.9747000000000057,0.0156,0.0029595388153246674,0.00079462463789613
-233.65194040194078,1.7828593335957897e-05,-3.9747000000000057,0.0156,0.0029595388153246674,0.00079462463789613
-233.57494032494068,1.8675032435494232e-05,-3.9747000000000057,0.0156,0.0029595388153246674,0.00079462463789613
-233.4979402479406,1.948060737301106e-05,-3.9747000000000057,0.0156,0.0029595388153246674,0.00079462463789613
-233.42094017094053,2.0240818366779486e-05,-3.9747000000000057,0.0156,0.0029595388153246674,0.00079462463789613
-233.34394009394046,2.095148915176551e-05,-3.9747000000000057,0.0156,0.0029595388153246674,0.00079462463789613
-233.26694001694037,2.1608785348061374e-05,-3.9747000000000057,0.0156,0.0029595388153246674,0.00079462463789613
-233.1899399399403,2.2209230702776344e-05,-3.9747000000000057,0.0156,0.0029595388153246674,0.00079462463789613
-233.11293986294024,2.2749721146629454e-05,-3.9747000000000057,0.0156,0.0029595388153246674,0.00079462463789613
-233.03593978594014,2.322753661900696e-05,-3.9747000000000057,0.0156,0.0029595388153246674,0.00079462463789613
-232.95893970894008,2.3640350627869415e-05,-3.9747000000000057,0.0156,0.0029595388153246674,0.00079462463789613
-232.88193963194,2.398623752351693e-05,-3.9747000000000057,0.0156,0.0029595388153246674,0.00079462463789613
-232.80493955493992,2.426367747779337e-05,-3.9747000000000057,0.0156,0.0029595388153246674,0.00079462463789613
-232.72793947793986,2.4471559172773067e-05,-3.9747000000000057,0.0156,0.0029595388153246674,0.00079462463789613
-232.6509394009398,2.460918021524697e-05,-3.9747000000000057,0.0156,0.0029595388153246674,0.00079462463789613
-232.5739393239397,2.467624530535315e-05,-3.9747000000000057,0.0156,0.0029595388153246674,0.00079462463789613
-232.49693924693963,2.467286219942464e-05,-3.9747000000000057,0.0156,0.0029595388153246674,0.00079462463789613
-232.41993916993954,2.4599535518485916e-05,-3.9747000000000057,0.0156,0.0029595388153246674,0.00079462463789613
-232.34293909293945,2.4457158464769982e-05,-3.9747000000000057,0.0156,0.0029595388153246674,0.00079462463789613
-232.26593901593935,2.4247002519096534e-05,-3.9747000000000057,0.0156,0.0029595388153246674,0.00079462463789613
-232.1889389389393,2.3970705201896454e-05,-3.9747000000000057,0.0156,0.0029595388153246674,0.00079462463789613
-232.11193886193922,2.3630255990044055e-05,-3.9747000000000057,0.0156,0.0029595388153246674,0.00079462463789613
-232.03493878493913,2.3227980490424335e-05,-3.9747000000000057,0.0156,0.0029595388153246674,0.00079462463789613
-231.95793870793906,2.2766522979275712e-05,-3.9747000000000057,0.0156,0.0029595388153246674,0.00079462463789613
-231.880938630939,2.224882742377406e-05,-3.9747000000000057,0.0156,0.0029595388153246674,0.00079462463789613
-231.8039385539389,2.1678117109040027e-05,-3.9747000000000057,0.0156,0.0029595388153246674,0.00079462463789613
-231.72693847693884,2.1057872999712276e-05,-3.9747000000000057,0.0156,0.0029595388153246674,0.00079462463789613
-231.64993839993878,2.039181097042935e-05,-3.9747000000000057,0.0156,0.0029595388153246674,0.00079462463789613
-231.57293832293868,1.9683858043980073e-05,-3.9747000000000057,0.0156,0.0029595388153246674,0.00079462463789613
-231.49593824593862,1.893812777949345e-05,-3.9747000000000057,0.0156,0.0029595388153246674,0.00079462463789613
-231.41893816893855,1.8158894955840282e-05,-3.9747000000000057,0.0156,0.0029595388153246674,0.00079462463789613
-231.34193809193846,1.7350569697418548e-05,-3.9747000000000057,0.0156,0.0029595388153246674,0.00079462463789613
-231.2649380149384,1.6517671190660188e-05,-3.9747000000000057,0.0156,0.0029595388153246674,0.00079462463789613
-231.18793793793833,1.5664801139961477e-05,-3.9747000000000057,0.0156,0.0029595388153246674,0.00079462463789613
-231.1109378609382,1.4796617111302297e-05,-3.9747000000000057,0.0156,0.0029595388153246674,0.00079462463789613
-231.03393778393814,1.3917805910584011e-05,-3.9747000000000057,0.0156,0.0029595388153246674,0.00079462463789613
-230.95693770693808,1.3033057141693321e-05,-3.9747000000000057,0.0156,0.0029595388153246674,0.00079462463789613
-230.87993762993798,1.2147037086557166e-05,-3.9747000000000057,0.0156,0.0029595388153246674,0.00079462463789613
-230.80293755293792,1.126436304593018e-05,-3.9747000000000057,0.0156,0.0029595388153246674,0.00079462463789613
-230.72593747593785,1.0389578275459791e-05,-3.9747000000000057,0.0156,0.0029595388153246674,0.00079462463789613
-230.64893739893776,9.52712764670019e-06,-3.9747000000000057,0.0156,0.0029595388153246674,0.00079462463789613
-230.5719373219377,8.6813341572149e-06,-3.9747000000000057,0.0156,0.0029595388153246674,0.00079462463789613
-230.4949372449376,7.856376407786656e-06,-3.9747000000000057,0.0156,0.0029595388153246674,0.00079462463789613
-230.41793716793754,7.056267158071422e-06,-3.9747000000000057,0.0156,0.0029595388153246674,0.00079462463789613
-230.34093709093744,6.284833064809589e-06,-3.9747000000000057,0.0156,0.0029595388153246674,0.00079462463789613
-230.26393701393738,5.545695699036991e-06,-3.9747000000000057,0.0156,0.0029595388153246674,0.00079462463789613
-230.18693693693731,4.842253930604488e-06,-3.9747000000000057,0.0156,0.0029595388153246674,0.00079462463789613
-230.10993685993722,4.177667759831597e-06,-3.9747000000000057,0.0156,0.0029595388153246674,0.00079462463789613
-230.03293678293716,3.55484366727975e-06,-3.9747000000000057,0.0156,0.0029595388153246674,0.00079462463789613
-229.9559367059371,2.97642154352048e-06,-3.9747000000000057,0.0156,0.0029595388153246674,0.00079462463789613
-229.87893662893697,2.4447632514433583e-06,-3.9747000000000057,0.0156,0.0029595388153246674,0.00079462463789613
-229.8019365519369,1.9619428641257538e-06,-3.9747000000000057,0.0156,0.0029595388153246674,0.00079462463789613
-229.72493647493684,1.5297386116499988e-06,-3.9747000000000057,0.0156,0.0029595388153246674,0.00079462463789613
-229.64793639793675,1.1496265605577665e-06,-3.9747000000000057,0.0156,0.0029595388153246674,0.00079462463789613
-229.57093632093668,8.227760398985377e-07,-3.9747000000000057,0.0156,0.0029595388153246674,0.00079462463789613
-229.49393624393662,5.500468181484084e-07,-3.9747000000000057,0.0156,0.0029595388153246674,0.00079462463789613
-229.41693616693652,3.3198802568133544e-07,-3.9747000000000057,0.0156,0.0029595388153246674,0.00079462463789613
-229.33993608993646,1.688388080116425e-07,-3.9747000000000057,0.0156,0.0029595388153246674,0.00079462463789613
-229.2629360129364,6.053068575915198e-08,-3.9747000000000057,0.0156,0.0029595388153246674,0.00079462463789613
-229.1859359359363,6.691588255268714e-09,-3.9747000000000057,0.0156,0.0029595388153246674,0.00079462463789613
-229.10893585893623,6.651518954587716e-09,-3.9747000000000057,0.0156,0.0029595388153246674,0.00079462463789613
-229.03193578193617,5.944980239220003e-08,-3.9747000000000057,0.0156,0.0029595388153246674,0.00079462463789613
-228.95493570493608,1.6384385436969187e-07,-3.9747000000000057,0.0156,0.0029595388153246674,0.00079462463789613
-228.87793562793598,3.183194094018271e-07,-3.9747000000000057,0.0156,0.0029595388153246674,0.00079462463789613
-228.80093555093595,5.211021322511176e-07,-3.9747000000000057,0.0156,0.0029595388153246674,0.00079462463789613
-228.72393547393585,7.701705336504678e-07,-3.9747000000000057,0.0156,0.0029595388153246674,0.00079462463789613
-228.64693539693573,1.0632701040927048e-06,-3.9747000000000057,0.0156,0.0029595388153246674,0.00079462463789613
-228.5699353199357,1.3979285738902348e-06,-3.9747000000000057,0.0156,0.0029595388153246674,0.00079462463789613
-228.4929352429356,1.7714722025872707e-06,-3.9747000000000057,0.0156,0.0029595388153246674,0.00079462463789613
-228.4159351659355,2.181042996267551e-06,-3.9747000000000057,0.0156,0.0029595388153246674,0.00079462463789613
-228.33893508893544,2.6236167473777517e-06,-3.9747000000000057,0.0156,0.0029595388153246674,0.00079462463789613
-228.26193501193538,3.096021788362368e-06,-3.9747000000000057,0.0156,0.0029595388153246674,0.00079462463789613
-228.18493493493528,3.594958347719601e-06,-3.9747000000000057,0.0156,0.0029595388153246674,0.00079462463789613
-228.10793485793522,4.117018395037565e-06,-3.9747000000000057,0.0156,0.0029595388153246674,0.00079462463789613
-228.03093478093516,4.658705860157496e-06,-3.9747000000000057,0.0156,0.0029595388153246674,0.00079462463789613
-227.95393470393506,5.216457110835748e-06,-3.9747000000000057,0.0156,0.0029595388153246674,0.00079462463789613
-227.876934626935,5.786661573145603e-06,-3.9747000000000057,0.0156,0.0029595388153246674,0.00079462463789613
-227.79993454993493,6.3656823793618334e-06,-3.9747000000000057,0.0156,0.0029595388153246674,0.00079462463789613
-227.72293447293484,6.949876929183216e-06,-3.9747000000000057,0.0156,0.0029595388153246674,0.00079462463789613
-227.64593439593477,7.53561725188804e-06,-3.9747000000000057,0.0156,0.0029595388153246674,0.00079462463789613
-227.5689343189347,8.119310059340756e-06,-3.9747000000000057,0.0156,0.0029595388153246674,0.00079462463789613
-227.4919342419346,8.697416382664122e-06,-3.9747000000000057,0.0156,0.0029595388153246674,0.00079462463789613
-227.41493416493452,9.26647068884809e-06,-3.9747000000000057,0.0156,0.0029595388153246674,0.00079462463789613
-227.33793408793446,9.823099377555292e-06,-3.9747000000000057,0.0156,0.0029595388153246674,0.00079462463789613
-227.26093401093436,1.0364038562852909e-05,-3.9747000000000057,0.0156,0.0029595388153246674,0.00079462463789613
-227.1839339339343,1.0886151049570196e-05,-3.9747000000000057,0.0156,0.0029595388153246674,0.00079462463789613
-227.10693385693423,1.1386442419374191e-05,-3.9747000000000057,0.0156,0.0029595388153246674,0.00079462463789613
-227.02993377993414,1.1862076147453742e-05,-3.9747000000000057,0.0156,0.0029595388153246674,0.00079462463789613
-226.95293370293405,1.2310387676881177e-05,-3.9747000000000057,0.0156,0.0029595388153246674,0.00079462463789613
-226.875933625934,1.2728897384227096e-05,-3.9747000000000057,0.0156,0.0029595388153246674,0.00079462463789613
-226.79893354893392,1.3115322376802652e-05,-3.9747000000000057,0.0156,0.0029595388153246674,0.00079462463789613
-226.72193347193382,1.3467587068957185e-05,-3.9747000000000057,0.0156,0.0029595388153246674,0.00079462463789613
-226.6449333949338,1.3783832492135484e-05,-3.9747000000000057,0.0156,0.0029595388153246674,0.00079462463789613
-226.5679333179337,1.4062424300832145e-05,-3.9747000000000057,0.0156,0.0029595388153246674,0.00079462463789613
-226.4909332409336,1.430195944415e-05,-3.9747000000000057,0.0156,0.0029595388153246674,0.00079462463789613
-226.41393316393354,1.4501271480334197e-05,-3.9747000000000057,0.0156,0.0029595388153246674,0.00079462463789613
-226.33693308693347,1.4659434519345272e-05,-3.9747000000000057,0.0156,0.0029595388153246674,0.00079462463789613
-226.25993300993335,1.4775765786242837e-05,-3.9747000000000057,0.0156,0.0029595388153246674,0.00079462463789613
-226.18293293293328,1.4849826805812733e-05,-3.9747000000000057,0.0156,0.0029595388153246674,0.00079462463789613
-226.10593285593322,1.4881423216453855e-05,-3.9747000000000057,0.0156,0.0029595388153246674,0.00079462463789613
-226.02893277893313,1.4870603228797109e-05,-3.9747000000000057,0.0156,0.0029595388153246674,0.00079462463789613
-225.95193270193306,1.481765475183148e-05,-3.9747000000000057,0.0156,0.0029595388153246674,0.00079462463789613
-225.874932624933,1.4723101216408526e-05,-3.9747000000000057,0.0156,0.0029595388153246674,0.00079462463789613
-225.7979325479329,1.458769613286084e-05,-3.9747000000000057,0.0156,0.0029595388153246674,0.00079462463789613
-225.72093247093284,1.441241642606184e-05,-3.9747000000000057,0.0156,0.0029595388153246674,0.00079462463789613
-225.64393239393277,1.4198454597540577e-05,-3.9747000000000057,0.0156,0.0029595388153246674,0.00079462463789613
-225.56693231693268,1.3947209770218735e-05,-3.9747000000000057,0.0156,0.0029595388153246674,0.00079462463789613
-225.4899322399326,1.3660277676922798e-05,-3.9747000000000057,0.0156,0.0029595388153246674,0.00079462463789613
-225.41293216293255,1.3339439659018958e-05,-3.9747000000000057,0.0156,0.0029595388153246674,0.00079462463789613
-225.33593208593246,1.2986650746299448e-05,-3.9747000000000057,0.0156,0.0029595388153246674,0.00079462463789613
-225.2589320089324,1.2604026893588832e-05,-3.9747000000000057,0.0156,0.0029595388153246674,0.00079462463789613
-225.18193193193233,1.2193831453420226e-05,-3.9747000000000057,0.0156,0.0029595388153246674,0.00079462463789613
-225.10493185493223,1.1758460967545068e-05,-3.9747000000000057,0.0156,0.0029595388153246674,0.00079462463789613
-225.0279317779321,1.1300430362956989e-05,-3.9747000000000057,0.0156,0.0029595388153246674,0.00079462463789613
-224.95093170093207,1.0822357640534565e-05,-3.9747000000000057,0.0156,0.0029595388153246674,0.00079462463789613
-224.87393162393198,1.032694814631583e-05,-3.9747000000000057,0.0156,0.0029595388153246674,0.00079462463789613
-224.7969315469319,9.816978516832082e-06,-3.9747000000000057,0.0156,0.0029595388153246674,0.00079462463789613
-224.71993146993185,9.295280390792912e-06,-3.9747000000000057,0.0156,0.0029595388153246674,0.00079462463789613
-224.64293139293176,8.76472397979903e-06,-3.9747000000000057,0.0156,0.0029595388153246674,0.00079462463789613
-224.56593131593166,8.228201590612938e-06,-3.9747000000000057,0.0156,0.0029595388153246674,0.00079462463789613
-224.4889312389316,7.688611190857726e-06,-3.9747000000000057,0.0156,0.0029595388153246674,0.00079462463789613
-224.41193116193153,7.148840108874624e-06,-3.9747000000000057,0.0156,0.0029595388153246674,0.00079462463789613
-224.33493108493144,6.611748956829234e-06,-3.9747000000000057,0.0156,0.0029595388153246674,0.00079462463789613
-224.25793100793138,6.080155864044537e-06,-3.9747000000000057,0.0156,0.0029595388153246674,0.00079462463789613
-224.1809309309313,5.556821104968957e-06,-3.9747000000000057,0.0156,0.0029595388153246674,0.00079462463789613
-224.10393085393122,5.0444322031841445e-06,-3.9747000000000057,0.0156,0.0029595388153246674,0.00079462463789613
-224.02693077693115,4.54558958942689e-06,-3.9747000000000057,0.0156,0.0029595388153246674,0.00079462463789613
-223.9499306999311,4.062792887774617e-06,-3.9747000000000057,0.0156,0.0029595388153246674,0.00079462463789613
-223.872930622931,3.59842789995703e-06,-3.9747000000000057,0.0156,0.0029595388153246674,0.00079462463789613
-223.7959305459309,3.154754353211007e-06,-3.9747000000000057,0.0156,0.0029595388153246674,0.00079462463789613
-223.71893046893084,2.733894472243191e-06,-3.9747000000000057,0.0156,0.0029595388153246674,0.00079462463789613
-223.64193039193074,2.337822430722211e-06,-3.9747000000000057,0.0156,0.0029595388153246674,0.00079462463789613
-223.56493031493068,1.9683547323261896e-06,-3.9747000000000057,0.0156,0.0029595388153246674,0.00079462463789613
-223.4879302379306,1.6271415657427608e-06,-3.9747000000000057,0.0156,0.0029595388153246674,0.00079462463789613
-223.41093016093052,1.3156591722123714e-06,-3.9747000000000057,0.0156,0.0029595388153246674,0.00079462463789613
-223.33393008393045,1.0352032582298814e-06,-3.9747000000000057,0.0156,0.0029595388153246674,0.00079462463789613
-223.2569300069304,7.868834799246506e-07,-3.9747000000000057,0.0156,0.0029595388153246674,0.00079462463789613
-223.1799299299303,5.716190194602719e-07,-3.9747000000000057,0.0156,0.0029595388153246674,0.00079462463789613
-223.1029298529302,3.901352675540036e-07,-3.9747000000000057,0.0156,0.0029595388153246674,0.00079462463789613
-223.02592977593017,2.429616199613563e-07,-3.9747000000000057,0.0156,0.0029595388153246674,0.00079462463789613
-222.94892969893007,1.3043038953022787e-07,-3.9747000000000057,0.0156,0.0029595388153246674,0.00079462463789613
-222.87192962192998,5.267682923932182e-08,-3.9747000000000057,0.0156,0.0029595388153246674,0.00079462463789613
-222.79492954492994,9.640255523187693e-09,-3.9747000000000057,0.0156,0.0029595388153246674,0.00079462463789613
-222.71792946792985,1.0662551980264452e-09,-3.9747000000000057,0.0156,0.0029595388153246674,0.00079462463789613
-222.64092939092976,2.6509953455349496e-08,-3.9747000000000057,0.0156,0.0029595388153246674,0.00079462463789613
-222.56392931392966,8.534031472409635e-08,-3.9747000000000057,0.0156,0.0029595388153246674,0.00079462463789613
-222.4869292369296,1.7674544274431533e-07,-3.9747000000000057,0.0156,0.0029595388153246674,0.00079462463789613
-222.4099291599295,2.9973884097279927e-07,-3.9747000000000057,0.0156,0.0029595388153246674,0.00079462463789613
-222.33292908292944,4.531665894804834e-07,-3.9747000000000057,0.0156,0.0029595388153246674,0.00079462463789613
-222.25592900592937,6.357153898312122e-07,-3.9747000000000057,0.0156,0.0029595388153246674,0.00079462463789613
-222.17892892892928,8.459214250673295e-07,-3.9747000000000057,0.0156,0.0029595388153246674,0.00079462463789613
-222.10192885192922,1.0821799778995667e-06,-3.9747000000000057,0.0156,0.0029595388153246674,0.00079462463789613
-222.02492877492915,1.3427557465200673e-06,-3.9747000000000057,0.0156,0.0029595388153246674,0.00079462463789613
-221.94792869792906,1.6257937941447254e-06,-3.9747000000000057,0.0156,0.0029595388153246674,0.00079462463789613
-221.870928620929,1.929331065464499e-06,-3.9747000000000057,0.0156,0.0029595388153246674,0.00079462463789613
-221.79392854392893,2.2513084006550025e-06,-3.9747000000000057,0.0156,0.0029595388153246674,0.00079462463789613
-221.71692846692883,2.58958297546302e-06,-3.9747000000000057,0.0156,0.0029595388153246674,0.00079462463789613
-221.63992838992877,2.941941094181159e-06,-3.9747000000000057,0.0156,0.0029595388153246674,0.00079462463789613
-221.5629283129287,3.3061112610284934e-06,-3.9747000000000057,0.0156,0.0029595388153246674,0.00079462463789613
-221.4859282359286,3.6797774545844625e-06,-3.9747000000000057,0.0156,0.0029595388153246674,0.00079462463789613
-221.40892815892855,4.060592529480812e-06,-3.9747000000000057,0.0156,0.0029595388153246674,0.00079462463789613
-221.33192808192845,4.446191669536632e-06,-3.9747000000000057,0.0156,0.0029595388153246674,0.00079462463789613
-221.25492800492836,4.834205816912908e-06,-3.9747000000000057,0.0156,0.0029595388153246674,0.00079462463789613
-221.17792792792827,5.222275002683928e-06,-3.9747000000000057,0.0156,0.0029595388153246674,0.00079462463789613
-221.10092785092823,5.608061505431276e-06,-3.9747000000000057,0.0156,0.0029595388153246674,0.00079462463789613
-221.02392777392814,5.98926276608499e-06,-3.9747000000000057,0.0156,0.0029595388153246674,0.00079462463789613
-220.94692769692804,6.363623989223072e-06,-3.9747000000000057,0.0156,0.0029595388153246674,0.00079462463789613
-220.869927619928,6.728950363415268e-06,-3.9747000000000057,0.0156,0.0029595388153246674,0.00079462463789613
-220.7929275429279,7.0831188359029446e-06,-3.9747000000000057,0.0156,0.0029595388153246674,0.00079462463789613
-220.71592746592782,7.4240893799581115e-06,-3.9747000000000057,0.0156,0.0029595388153246674,0.00079462463789613
-220.63892738892775,7.749915696635479e-06,-3.9747000000000057,0.0156,0.0029595388153246674,0.00079462463789613
-220.5619273119277,8.058755296280888e-06,-3.9747000000000057,0.0156,0.0029595388153246674,0.00079462463789613
-220.4849272349276,8.348878909091298e-06,-3.9747000000000057,0.0156,0.0029595388153246674,0.00079462463789613
-220.40792715792753,8.618679178195475e-06,-3.9747000000000057,0.0156,0.0029595388153246674,0.00079462463789613
-220.33092708092747,8.866678593120858e-06,-3.9747000000000057,0.0156,0.0029595388153246674,0.00079462463789613
-220.25392700392737,9.091536626100711e-06,-3.9747000000000057,0.0156,0.0029595388153246674,0.00079462463789613
-220.17692692692728,9.292056038436966e-06,-3.9747000000000057,0.0156,0.0029595388153246674,0.00079462463789613
-220.09992684992721,9.46718832903335e-06,-3.9747000000000057,0.0156,0.0029595388153246674,0.00079462463789613
-220.02292677292712,9.616038302223978e-06,-3.9747000000000057,0.0156,0.0029595388153246674,0.00079462463789613
-219.94592669592706,9.737867737118091e-06,-3.9747000000000057,0.0156,0.0029595388153246674,0.00079462463789613
-219.868926618927,9.832098145833603e-06,-3.9747000000000057,0.0156,0.0029595388153246674,0.00079462463789613
-219.7919265419269,9.898312613164687e-06,-3.9747000000000057,0.0156,0.0029595388153246674,0.00079462463789613
-219.71492646492683,9.936256715403978e-06,-3.9747000000000057,0.0156,0.0029595388153246674,0.00079462463789613
-219.63792638792677,9.945838521180566e-06,-3.9747000000000057,0.0156,0.0029595388153246674,0.00079462463789613
-219.56092631092667,9.927127682255709e-06,-3.9747000000000057,0.0156,0.0029595388153246674,0.00079462463789613
-219.4839262339266,9.880353627213792e-06,-3.9747000000000057,0.0156,0.0029595388153246674,0.00079462463789613
-219.40692615692654,9.805902875865394e-06,-3.9747000000000057,0.0156,0.0029595388153246674,0.00079462463789613
-219.32992607992645,9.704315496919709e-06,-3.9747000000000057,0.0156,0.0029595388153246674,0.00079462463789613
-219.25292600292636,9.576280736058675e-06,-3.9747000000000057,0.0156,0.0029595388153246674,0.00079462463789613
-219.17592592592632,9.422631845930358e-06,-3.9747000000000057,0.0156,0.0029595388153246674,0.00079462463789613
-219.09892584892623,9.244340153753426e-06,-3.9747000000000057,0.0156,0.0029595388153246674,0.00079462463789613
-219.02192577192613,9.042508406167001e-06,-3.9747000000000057,0.0156,0.0029595388153246674,0.00079462463789613
-218.94492569492607,8.818363434644954e-06,-3.9747000000000057,0.0156,0.0029595388153246674,0.00079462463789613
-218.86792561792598,8.573248188213219e-06,-3.9747000000000057,0.0156,0.0029595388153246674,0.00079462463789613
-218.79092554092588,8.308613183338194e-06,-3.9747000000000057,0.0156,0.0029595388153246674,0.00079462463789613
-218.71392546392582,8.02600742367656e-06,-3.9747000000000057,0.0156,0.0029595388153246674,0.00079462463789613
-218.63692538692575,7.727068844890815e-06,-3.9747000000000057,0.0156,0.0029595388153246674,0.00079462463789613
-218.55992530992566,7.413514341916187e-06,-3.9747000000000057,0.0156,0.0029595388153246674,0.00079462463789613
-218.4829252329256,7.087129437910845e-06,-3.9747000000000057,0.0156,0.0029595388153246674,0.00079462463789613
-218.40592515592553,6.749757655621846e-06,-3.9747000000000057,0.0156,0.0029595388153246674,0.00079462463789613
-218.32892507892544,6.403289653055072e-06,-3.9747000000000057,0.0156,0.0029595388153246674,0.00079462463789613
-218.25192500192537,6.049652186133733e-06,-3.9747000000000057,0.0156,0.0029595388153246674,0.00079462463789613
-218.1749249249253,5.690796961474618e-06,-3.9747000000000057,0.0156,0.0029595388153246674,0.00079462463789613
-218.0979248479252,5.328689442504027e-06,-3.9747000000000057,0.0156,0.0029595388153246674,0.00079462463789613
-218.02092477092515,4.96529767187144e-06,-3.9747000000000057,0.0156,0.0029595388153246674,0.00079462463789613
-217.94392469392508,4.602581172508556e-06,-3.9747000000000057,0.0156,0.0029595388153246674,0.00079462463789613
-217.866924616925,4.2424799887353155e-06,-3.9747000000000057,0.0156,0.0029595388153246674,0.00079462463789613
-217.78992453992493,3.886903927525425e-06,-3.9747000000000057,0.0156,0.0029595388153246674,0.00079462463789613
-217.71292446292483,3.5377220584373284e-06,-3.9747000000000057,0.0156,0.0029595388153246674,0.00079462463789613
-217.63592438592474,3.1967525288000457e-06,-3.9747000000000057,0.0156,0.0029595388153246674,0.00079462463789613
-217.55892430892467,2.865752748519599e-06,-3.9747000000000057,0.0156,0.0029595388153246674,0.00079462463789613
-217.4819242319246,2.546409996371097e-06,-3.9747000000000057,0.0156,0.0029595388153246674,0.00079462463789613
-217.40492415492452,2.240332496871138e-06,-3.9747000000000057,0.0156,0.0029595388153246674,0.00079462463789613
-217.32792407792442,1.949041013801455e-06,-3.9747000000000057,0.0156,0.0029595388153246674,0.00079462463789613
-217.25092400092439,1.6739610032010933e-06,-3.9747000000000057,0.0156,0.0029595388153246674,0.00079462463789613
-217.1739239239243,1.41641536517877e-06,-3.9747000000000057,0.0156,0.0029595388153246674,0.00079462463789613
-217.0969238469242,1.1776178302428982e-06,-3.9747000000000057,0.0156,0.0029595388153246674,0.00079462463789613
-217.01992376992416,9.586670120142412e-07,-3.9747000000000057,0.0156,0.0029595388153246674,0.00079462463789613
-216.94292369292407,7.605411542184264e-07,-3.9747000000000057,0.0156,0.0029595388153246674,0.00079462463789613
-216.86592361592398,5.840935957587314e-07,-3.9747000000000057,0.0156,0.0029595388153246674,0.00079462463789613
-216.7889235389239,4.3004897346815114e-07,-3.9747000000000057,0.0156,0.0029595388153246674,0.00079462463789613
-216.71192346192385,2.9900017787316314e-07,-3.9747000000000057,0.0156,0.0029595388153246674,0.00079462463789613
-216.63492338492375,1.9140607297441393e-07,-3.9747000000000057,0.0156,0.0029595388153246674,0.00079462463789613
-216.5579233079237,1.0758998669933093e-07,-3.9747000000000057,0.0156,0.0029595388153246674,0.00079462463789613
-216.4809232309236,4.773897432736558e-08,-3.9747000000000057,0.0156,0.0029595388153246674,0.00079462463789613
-216.4039231539235,1.1903852857721629e-08,-3.9747000000000057,0.0156,0.0029595388153246674,0.00079462463789613
-216.32692307692344,8.202357075164917e-34,-3.9747000000000057,0.0156,0.0029595388153246674,0.00079462463789613
