detuning,cyc,freq,VVA,cyc.1,ROIsum,fBg,fA1,fWidth1,fCtr1,fA2,fWidth2,fCtr2,box1,box2,box3,box4,box5,box6,box7,box8,box9,Nfit,BZ-2,BZ-1,BZ0,BZ1,BZ2,Excited,c5,c7,c9,fraction95,fraction75,fraction97,sum95,two2D_bg,two2D_a1,two2D_sh1,two2D_sv1,two2D_ch1,two2D_cv1,two2D_a2,two2D_sh2,two2D_sv2,two2D_ch2,two2D_cv2,two2D_chd,two2D_cvd,Rab,transfer,Delta,ScaledTransfer,e_detuning,e_cyc,e_freq,e_VVA,e_cyc.1,e_ROIsum,e_fBg,e_fA1,e_fWidth1,e_fCtr1,e_fA2,e_fWidth2,e_fCtr2,e_box1,e_box2,e_box3,e_box4,e_box5,e_box6,e_box7,e_box8,e_box9,e_Nfit,e_BZ-2,e_BZ-1,e_BZ0,e_BZ1,e_BZ2,e_Excited,e_c5,e_c7,e_c9,e_fraction95,e_fraction75,e_fraction97,e_sum95,e_two2D_bg,e_two2D_a1,e_two2D_sh1,e_two2D_sv1,e_two2D_ch1,e_two2D_cv1,e_two2D_a2,e_two2D_sh2,e_two2D_sv2,e_two2D_ch2,e_two2D_cv2,e_two2D_chd,e_two2D_cvd,e_Rab,e_transfer,e_Delta,e_ScaledTransfer,em_detuning,em_cyc,em_freq,em_VVA,em_cyc.1,em_ROIsum,em_fBg,em_fA1,em_fWidth1,em_fCtr1,em_fA2,em_fWidth2,em_fCtr2,em_box1,em_box2,em_box3,em_box4,em_box5,em_box6,em_box7,em_box8,em_box9,em_Nfit,em_BZ-2,em_BZ-1,em_BZ0,em_BZ1,em_BZ2,em_Excited,em_c5,em_c7,em_c9,em_fraction95,em_fraction75,em_fraction97,em_sum95,em_two2D_bg,em_two2D_a1,em_two2D_sh1,em_two2D_sv1,em_two2D_ch1,em_two2D_cv1,em_two2D_a2,em_two2D_sh2,em_two2D_sv2,em_two2D_ch2,em_two2D_cv2,em_two2D_chd,em_two2D_cvd,em_Rab,em_transfer,em_Delta,em_ScaledTransfer,filter
-5.0,233.71186440677965,42.2227,0.0,233.71186440677965,19954.372881355932,-0.12565667898305086,34.841406779661014,11.387005084745763,117.45550847457628,0.03339458786440678,21.55948271186441,271.10515071836784,-2.578227581355932,-3.206735566101695,-4.696107338983051,-3.251141338983051,-2.6035751440677966,-69.73707881355932,10900.470508474576,41.44826949152542,9554.283220338983,15842.74406779661,-2.139111338983051,-2.767619440677966,-3.8178744067796613,-2.812023866101695,-2.164460045762712,0.7556390949152543,10956.011694915253,46.4981,9609.832372881356,0.5113274576271186,0.9926189491525423,0.008846987966101696,21430.725423728814,-0.00101977906779661,0.9413487288135594,13.405637288135592,10.917815254237288,116.80149152542373,88.25737627118644,0.7482471355932203,13.289652542372883,12.197254237288137,116.68501694915254,138.11338983050848,0.11650908627118643,-49.8560559322034,0.8770607164145351,-0.0021540277453245323,-297.6190476190476,-0.00025420522014174297,-5.0,131.7162638672754,0.0,0.0,131.7162638672754,1598.3525199005978,0.11780670559217518,2.796421168569249,6.665593164344783,0.11747096088430413,0.2077891895917496,218.3045246488996,220.9153297796598,1.7206045286478049,1.8994231746536427,2.853616715279483,1.7310658220530277,1.8190538765668438,37.28194296825254,816.172544336703,13.749356777309359,769.8307726342351,2544.5072136061076,1.7799141691182716,1.9029914083770505,2.856329474895855,1.6950981355608867,1.8248771421610037,0.4540551686199716,810.4831400406678,14.145921422640422,763.3249982609865,0.006411399439258586,0.0021830868482552736,0.0026223135796907037,1619.644664264487,0.00016298706471657917,0.082435600933935,0.22462907118203898,0.2084587520710517,0.1333419732248416,0.49543750826884614,0.06983137784926004,0.20772054449546817,0.2566025460956501,0.1366488693728445,0.6072081111444816,0.12644407719448184,0.16962876227239376,0.022500261951957316,0.03501711540323223,0.0,0.004132506440146309,-5.0,17.14799695134342,0.0,0.0,17.14799695134342,208.08777392931444,0.01533712670728382,0.3640630265797534,0.867786315107271,0.015293416469398512,0.027051848306537826,28.42082832622666,28.760726202983477,0.2240036298133315,0.24728383459989695,0.3715092525189116,0.22536557420920833,0.23682064320568338,4.853695554285982,106.25661471964355,1.7900137855247156,100.22342992877729,331.2666231222297,0.2317250873168457,0.24774837906247246,0.3718624237391199,0.22068298027429678,0.23757876781173917,0.05911294792784845,105.5159173702131,1.8416421048338631,99.3764502480371,0.0008346931108601401,0.0002842136993509132,0.0003413961491901586,210.85977501649566,2.1219108459412503e-05,0.010732201111638785,0.02924421415182362,0.027139017916551784,0.0173596462821763,0.064500469660574,0.00909127103448559,0.02704291147620877,0.03340680603109934,0.01779016749041148,0.07905176272862312,0.01646161670992482,0.022083783831268005,0.002929284600308589,0.004558840120036637,0.0,0.0005380065130638893,1
-4.410000000000004,231.0,42.8127,3.5,231.0,19437.977777777778,-0.1903848111111111,33.92821111111111,13.264633333333332,117.37644444444443,0.16756773333333333,99.14423333333333,161.06795315666668,-3.0025944444444446,-3.324396666666667,-3.5666532222222225,-2.051032088888889,-3.1924566666666667,-70.53406666666666,10633.138888888889,45.29828888888889,9336.306666666665,16512.699999999997,-2.55846,-2.8802655555555554,-2.678387222222222,-1.6068987777777777,-2.7483236666666664,0.838217,10689.303333333333,50.405833333333334,9392.481111111112,0.510839,0.9917654444444444,0.009865653333333333,20927.1,-0.0010592206666666668,0.909611888888889,13.457533333333334,10.985733333333334,116.67577777777777,88.19801111111111,0.7239876666666666,13.365311111111112,12.265566666666667,116.65522222222222,138.09533333333331,0.020648411111111112,-49.897277777777774,0.8788363166778947,0.0001793583093382306,-262.5000000000002,2.1166774016045343e-05,-4.410000000000004,128.71480101371404,0.0,0.0,128.71480101371404,1628.5034915358478,0.10113159937586823,2.852161617284531,0.14517977648419225,0.11123298871188778,0.3663712095906862,199.1593963261337,212.71368465900312,1.26118799693098,1.1220133677902417,3.020471699632682,1.2422200675709079,1.320591101230809,25.74455937348705,877.0815798066401,9.39684721534894,782.7931316765627,3137.527796689616,1.3104400289406606,1.1655212579797836,3.214702171649101,1.228415229490397,1.412641090158254,0.21293781590818953,886.8033049244912,9.929027692956645,790.0603213591424,0.007414095764150885,0.0017787165394682152,0.0022092229986354936,1719.1747547878897,0.00022835332568029305,0.08376601009425669,0.14596796737640771,0.17109876533745083,0.1304806286176059,0.5116694451607421,0.066888107154785,0.20081855270644447,0.16578850985517704,0.1192505532248985,0.609366679430374,0.1085836640133133,0.14773500581935198,0.02611655262665474,0.039906050915183,0.0,0.004709468798580086,-4.410000000000004,42.90493367123801,0.0,0.0,42.90493367123801,542.834497178616,0.03371053312528941,0.9507205390948438,0.048393258828064084,0.03707766290396259,0.12212373653022873,66.38646544204457,70.90456155300105,0.42039599897699337,0.3740044559300805,1.0068238998775607,0.41407335585696925,0.4401970337436029,8.58151979116235,292.3605266022134,3.132282405116313,260.9310438921876,1045.8425988965387,0.43681334298022023,0.38850708599326117,1.0715673905497003,0.40947174316346563,0.47088036338608463,0.0709792719693965,295.60110164149705,3.309675897652215,263.3534404530475,0.0024713652547169616,0.0005929055131560717,0.0007364076662118312,573.0582515959633,7.611777522676435e-05,0.027922003364752226,0.04865598912546924,0.05703292177915028,0.0434935428725353,0.17055648172024734,0.022296035718261668,0.06693951756881482,0.05526283661839235,0.0397501844082995,0.20312222647679132,0.03619455467110444,0.049245001939784,0.008705517542218247,0.013302016971727667,0.0,0.0015698229328600288,1
-4.380000000000003,197.0,42.8427,3.5,197.0,19618.866666666665,-0.1650319511111111,34.48894444444444,13.120022222222223,117.38077777777777,-0.04588414444444445,153.71680000000003,184.72684444506086,-2.9434088888888885,-3.3715377777777777,-5.477852222222222,-3.1991918888888886,-2.648948555555555,-100.21776666666668,10717.988888888889,26.41153111111111,9465.888888888889,17005.32222222222,-2.3123655555555556,-2.7404902222222223,-4.215764444444444,-2.5681495555555554,-2.017906,0.654687,10797.822222222221,33.66855555555556,9545.707777777778,0.5094867777777777,0.9945559999999999,0.006481968888888889,21202.633333333335,-0.001055709111111111,0.9308384444444445,13.317277777777779,10.920355555555556,116.67955555555555,88.50928888888888,0.7498011111111111,13.2059,12.121088888888888,116.61622222222223,138.41155555555554,0.06320362222222223,-49.902322222222224,0.8836722756960731,0.0070099452837841586,-260.7142857142859,0.0008272709986739045,-4.380000000000003,128.71480101371404,0.0,0.0,128.71480101371404,888.6583412650784,0.11889908979367918,1.8357798895231916,0.18444110698118382,0.08140144006369952,0.3610131450244232,263.3910734058009,219.42127717088897,1.4319595672403291,1.9150274981823225,2.5996937931022654,1.7475514396755567,2.3442150455434496,47.32343811020074,432.6331426406341,9.230105527170917,568.1041020896706,5574.938693783497,1.4701694518372799,1.923203202405155,2.316373738578854,1.6016262033326558,2.1616658227963335,0.1925851224303165,441.5807394400755,9.044712609601135,580.1554284581371,0.008140770276481475,0.0014879598448882996,0.0017773992499185748,1038.408758630243,0.00012663651725849505,0.05392405791738768,0.16559005690090364,0.14972656837641643,0.12298385169516032,0.532354086685837,0.05865613045633941,0.24878323396081173,0.1813082764550779,0.11277164734295803,0.6073576193461206,0.17592103784495744,0.13595035654401422,0.028695429083975453,0.043782664175033056,0.0,0.0051669630575391845,-4.380000000000003,42.90493367123801,0.0,0.0,42.90493367123801,296.21944708835946,0.039633029931226395,0.6119266298410638,0.06148036899372794,0.027133813354566508,0.12033771500814107,87.79702446860031,73.14042572362966,0.4773198557467764,0.6383424993941075,0.8665645977007552,0.5825171465585189,0.7814050151811499,15.774479370066913,144.21104754687804,3.076701842390306,189.3680340298902,1858.3128979278324,0.49005648394575996,0.6410677341350517,0.7721245795262848,0.5338754011108853,0.7205552742654445,0.0641950408101055,147.1935798133585,3.0149042032003783,193.385142819379,0.002713590092160492,0.0004959866149627665,0.0005924664166395249,346.1362528767477,4.221217241949836e-05,0.01797468597246256,0.05519668563363455,0.04990885612547215,0.040994617231720105,0.1774513622286123,0.019552043485446473,0.0829277446536039,0.06043609215169264,0.03759054911431935,0.20245253978204023,0.05864034594831915,0.04531678551467141,0.009565143027991819,0.014594221391677684,0.0,0.0017223210191797283,1
-4.350000000000001,188.0,42.8727,3.5,188.0,19753.833333333332,-0.10914546222222223,34.326055555555556,13.280388888888888,117.43522222222221,0.20203528666666667,-78.4733,197.39505540148247,-3.3979485555555557,-2.81741,-4.972179555555556,-3.5642404444444447,-2.7951933333333336,-91.34484444444445,10882.944444444445,48.06207777777777,9438.807777777778,16448.544444444444,-2.8227764444444445,-2.2422369444444445,-3.8218316666666663,-2.9890677777777777,-2.220018555555556,0.738225888888889,10955.7,54.67657777777778,9511.574444444444,0.5138802222222222,0.9913167777777778,0.01050701111111111,21323.32222222222,-0.0011112286666666667,0.9185245555555556,13.561322222222223,11.048122222222222,116.74399999999999,88.31703333333333,0.7271674444444445,13.3717,12.362366666666667,116.67722222222223,138.19922222222223,0.06681616666666666,-49.88207777777777,0.8681638139733776,-0.016458546508777004,-258.9285714285715,-0.0019423373016239504,-4.350000000000001,128.71480101371404,0.0,0.0,128.71480101371404,1325.149883032104,0.13232440422236083,2.4987239659029514,0.2055023688698286,0.09982331613628495,0.3098623107924613,131.54837388193934,234.78586796072375,2.1752899400581702,1.3748777204900806,3.6357096504137645,2.706298168369808,1.9161474209402574,30.661263784868332,712.2395999786713,16.521872767091036,682.2557727454151,4566.426821134636,2.1281000509500902,1.4140448011855578,3.9090026127653075,2.627176551275046,1.825784147009519,0.2817065843929834,719.227912417197,16.338959827110916,687.5980526825083,0.006979842759292238,0.0026133704185293772,0.003131505983873592,1438.5719227568866,0.00016280084784177265,0.0703543273440076,0.2184313781132292,0.2065084185800771,0.11449454135459618,0.4877010764802508,0.0633842401688131,0.23002753096096962,0.2472584326165645,0.12136801244333299,0.6091495665634575,0.16077392323660578,0.1707515503427259,0.0242945004332891,0.03938651911829106,0.0,0.004648156823798788,-4.350000000000001,42.90493367123801,0.0,0.0,42.90493367123801,441.716627677368,0.044108134740786946,0.8329079886343171,0.0685007896232762,0.033274438712094984,0.10328743693082044,43.84945796064645,78.26195598690792,0.7250966466860567,0.4582925734966935,1.2119032168045882,0.9020993894566027,0.6387158069800858,10.220421261622777,237.41319999289047,5.507290922363679,227.4185909151384,1522.1422737115454,0.7093666836500302,0.47134826706185257,1.303000870921769,0.8757255170916819,0.6085947156698397,0.09390219479766114,239.74263747239897,5.446319942370305,229.1993508941694,0.0023266142530974127,0.0008711234728431257,0.001043835327957864,479.52397425229555,5.4266949280590886e-05,0.02345144244800253,0.0728104593710764,0.06883613952669236,0.03816484711819872,0.16256702549341692,0.021128080056271033,0.07667584365365654,0.08241947753885483,0.04045600414777766,0.20304985552115248,0.053591307745535256,0.056917183447575306,0.008098166811096366,0.01312883970609702,0.0,0.0015493856079329296,1
-4.32,204.0,42.9027,3.5,204.0,19129.444444444445,-0.11556742222222222,33.86953333333334,10.05421111111111,117.47666666666666,-1.8646266133333336,551.2782022222223,416.7508888888889,-2.445822222222222,-2.8041853333333333,-3.968535777777778,-2.0646791111111114,-2.709068888888889,-76.84996666666666,10511.514444444445,25.95687,9196.843333333332,327102.4222222222,-1.961917111111111,-2.3202795666666667,-3.0007298000000002,-1.580776888888889,-2.2251675555555557,0.7772865555555556,10572.72111111111,31.521766666666664,9258.060000000001,0.5116666666666667,0.9947337777777777,0.006312265555555556,20663.977777777778,-0.0010604512222222222,0.9275966666666666,13.3309,10.759822222222223,116.79833333333333,87.93148888888888,0.7394777777777777,13.1115,12.013622222222223,116.73733333333332,137.71777777777777,0.060674177777777775,-49.78628888888889,0.875870160468049,-0.003928813736833532,-257.1428571428571,-0.00046365464095598336,-4.32,128.71480101371404,0.0,0.0,128.71480101371404,1235.143604111594,0.1134993876115063,2.386835780379536,8.733159911573308,0.09590490081325823,5.7116863195811325,1691.78406198295,153.37276239887288,1.3041863943828904,1.5101514439985813,2.7873970495536593,1.6469325977310398,0.9514463512127791,27.327887649798328,669.6699669074143,12.813169948225147,608.3611575782932,936989.9026727367,1.4022544608669856,1.419522559113165,2.7626921560731046,1.6302753581184104,0.958288388445137,0.3684029699700829,678.4871298787555,11.695906313108017,610.9133541673484,0.006701843440427406,0.0021246331317299107,0.002539034264455243,1317.62038612965,0.00017069507400608984,0.08026111981837787,0.22296912902911056,0.22152933653230752,0.10718092180980633,0.6127173031758746,0.05939647949537455,0.20315107678769442,0.2615129766272498,0.11042984198123164,0.7454159539776622,0.11754478744647481,0.18399226508500569,0.02372340729767528,0.035385022512574416,0.0,0.004175924593846997,-4.32,42.90493367123801,0.0,0.0,42.90493367123801,411.7145347038646,0.03783312920383543,0.7956119267931787,2.911053303857769,0.031968300271086075,1.9038954398603776,563.9280206609833,51.124254132957624,0.43472879812763016,0.5033838146661938,0.9291323498512197,0.5489775325770132,0.31714878373759303,9.109295883266109,223.22332230247144,4.271056649408382,202.7870525260977,312329.9675575789,0.4674181536223285,0.473174186371055,0.9208973853577016,0.5434251193728035,0.31942946281504564,0.12280098999002763,226.1623766262518,3.8986354377026724,203.63778472244948,0.002233947813475802,0.0007082110439099702,0.0008463447548184144,439.20679537654996,5.689835800202995e-05,0.026753706606125957,0.07432304300970352,0.07384311217743585,0.03572697393660211,0.20423910105862486,0.019798826498458183,0.06771702559589814,0.08717099220908327,0.036809947327077215,0.24847198465922074,0.039181595815491604,0.061330755028335224,0.007907802432558427,0.011795007504191471,0.0,0.0013919748646156656,1
-4.290000000000006,233.0,42.9327,3.5,233.0,20065.233333333334,-0.17402338888888888,34.95056666666667,10.356166666666667,117.4238888888889,0.1763117111111111,-30.92807222222222,251.57515050277777,-2.2342344444444446,-3.2183688888888886,-6.1544888888888885,-3.316268222222222,-3.3658768888888893,-102.75103333333333,10990.647777777778,44.6135,9575.533333333333,15681.566666666668,-1.58724,-2.5713734444444447,-4.8605,-2.6692739333333333,-2.7188797777777776,0.6669873333333334,11072.492222222221,52.05392222222222,9657.385555555556,0.5127696666666667,0.9919065555555555,0.009729513333333334,21599.055555555555,-0.0010448054444444446,0.9444906666666666,13.488055555555555,10.92348888888889,116.7228888888889,88.30408888888888,0.7491912222222221,13.317344444444444,12.214411111111112,116.69500000000001,138.13666666666666,0.02790216444444445,-49.83256666666667,0.8718273982671444,-0.00898632559149845,-255.35714285714323,-0.0010605113514487586,-4.290000000000006,128.71480101371404,0.0,0.0,128.71480101371404,1644.6969173680607,0.10891002008640487,2.970391341641704,8.77864636418964,0.0768983817197145,0.25594075657665605,72.60471783846553,242.8092852986394,2.1299722707884667,1.881769362962983,2.5300403067463395,1.7973242413455743,2.4224426094712976,27.114273585512116,861.3016452117369,17.702737132926647,815.4247878713273,1944.3269516724802,2.154066468426636,1.8368957672781214,2.6866382627039687,1.7865511389121052,2.3829406912650377,0.09938329942324314,849.8271095019536,16.97030910530048,804.5961547122743,0.0038645512352665267,0.0023292717269090546,0.002698710830572627,1720.6264564912917,0.00013065363634253655,0.0937710371503376,0.33009571002631594,0.2592412556116625,0.11074344726037577,0.4157902940318765,0.07628059959252056,0.24150020243837847,0.3728256779127622,0.14279180648762602,0.48587601299096483,0.15565691901824147,0.11365805074872783,0.013430740920899664,0.02176192704497392,0.0,0.002568209934706611,-4.290000000000006,42.90493367123801,0.0,0.0,42.90493367123801,548.2323057893535,0.036303340028801624,0.9901304472139014,2.92621545472988,0.0256327939065715,0.08531358552555203,24.201572612821845,80.9364284328798,0.709990756929489,0.6272564543209943,0.8433467689154465,0.5991080804485248,0.807480869823766,9.038091195170706,287.1005484039123,5.900912377642215,271.80826262377576,648.1089838908267,0.718022156142212,0.6122985890927072,0.8955460875679896,0.5955170463040351,0.7943135637550126,0.03312776647441438,283.2757031673179,5.6567697017668275,268.19871823742477,0.0012881837450888422,0.0007764239089696849,0.0008995702768575425,573.5421521637638,4.3551212114178845e-05,0.031257012383445866,0.1100319033421053,0.08641375187055417,0.03691448242012526,0.13859676467729218,0.02542686653084019,0.0805000674794595,0.12427522597092074,0.04759726882920867,0.16195867099698827,0.051885639672747154,0.03788601691624261,0.004476913640299888,0.007253975681657973,0.0,0.000856069978235537,1
-4.260000000000005,225.0,42.9627,3.5,225.0,20017.444444444445,-0.18965124833333333,34.913155555555555,7.386688888888888,117.51644444444443,0.13847529888888888,0.1284544444444388,229.90426747000004,-2.5653535,-2.519187777777778,-5.671242222222222,-2.464618111111111,-1.9663351111111114,-88.43195555555556,10890.022222222222,39.88717777777778,9632.02888888889,16407.744444444445,-2.0085216,-1.9623537333333334,-4.557578888888888,-1.9077853333333334,-1.4095021111111112,0.6332713333333334,10960.438888888888,46.29074444444444,9702.456666666667,0.5093253333333334,0.9926863333333333,0.008696967777777778,21536.122222222224,-0.001021140888888889,0.939776,13.413733333333333,10.908388888888888,116.83655555555555,88.26324444444444,0.7563008888888889,13.274555555555557,12.1554,116.74633333333334,138.05855555555556,0.09041455555555555,-49.795144444444446,0.88448367054102,0.006563603012603825,-253.5714285714289,0.0007745964054379352,-4.260000000000005,128.71480101371404,0.0,0.0,128.71480101371404,1228.0135332225693,0.11157518603131265,2.0690248247127854,11.589678525787983,0.12040464184481324,0.24384246368323806,216.54385359793622,223.988511970386,1.759927331411087,1.3766608063101253,2.975753488529324,1.6437077592388836,1.9336508199763243,43.75721340790885,545.716487238973,12.115405150858326,729.3137558082328,2810.476227488462,1.7007254617697678,1.3048783709312488,3.285041382355192,1.5841092569329775,1.9317417383549518,0.14918514179200287,562.6805653397947,13.35120259088213,752.502852253731,0.010241044807537939,0.0020031535138376093,0.0023960990417383507,1342.8771609661273,0.0002096291587735616,0.052194277037813264,0.14930596103304086,0.1701605818370146,0.16889205954626396,0.4072106215188621,0.059044322778410395,0.1386278481322486,0.23733138751543142,0.12345343251607487,0.527733387022065,0.08372805258193206,0.15299366907743997,0.03621887219728974,0.054557452799101076,0.0,0.006438537910791268,-4.260000000000005,42.90493367123801,0.0,0.0,42.90493367123801,409.3378444075231,0.03719172867710422,0.6896749415709285,3.863226175262661,0.040134880614937744,0.08128082122774602,72.1812845326454,74.662837323462,0.5866424438036957,0.45888693543670844,0.9919178295097748,0.5479025864129612,0.6445502733254415,14.585737802636283,181.9054957463243,4.038468383619442,243.10458526941093,936.8254091628207,0.5669084872565893,0.43495945697708294,1.0950137941183973,0.5280364189776592,0.6439139127849839,0.049728380597334296,187.56018844659826,4.450400863627377,250.834284084577,0.0034136816025126466,0.0006677178379458699,0.0007986996805794503,447.62572032204247,6.987638625785387e-05,0.017398092345937755,0.04976865367768029,0.05672019394567153,0.05629735318208799,0.1357368738396207,0.0196814409261368,0.04620928271074953,0.07911046250514381,0.04115114417202496,0.17591112900735498,0.027909350860644017,0.050997889692479995,0.012072957399096581,0.01818581759970036,0.0,0.002146179303597089,1
-4.230000000000004,226.0,42.9927,3.5,226.0,20457.944444444445,-0.13413924444444444,35.70157777777777,10.209166666666667,117.43033333333334,0.13135731111111112,19.230755555555547,335.46722614607756,-1.9993400000000001,-2.0029720555555555,-4.272606965111112,-1.9703965555555554,-2.221814888888889,-73.39327777777777,11194.841111111113,41.09197777777778,9752.566666666668,16195.366666666665,-1.537201,-1.540834888888889,-3.348327777777778,-1.5082602222222221,-1.7596794444444446,-0.8274998111111111,11253.322222222221,46.40656666666667,9811.012222222222,0.5129728888888888,0.9929147777777777,0.008595487777777779,21947.333333333332,-0.0010005442222222223,0.9735492222222223,13.3554,10.863022222222222,116.73844444444444,88.22952222222222,0.7705464444444444,13.263466666666666,12.0811,116.65488888888889,138.06633333333332,0.08324772333333334,-49.836666666666666,0.871677648012629,-0.013770471073570134,-251.78571428571453,-0.0016251070295220358,-4.230000000000004,128.71480101371404,0.0,0.0,128.71480101371404,2307.387526029768,0.09453949581947366,3.6579987014000492,8.78918145435057,0.17804142776331716,0.20701191964163224,283.16047815342324,210.44533971191586,1.2826374599663772,1.800028717563691,3.1401534409149248,2.441165519944475,2.904946186571812,28.140184879313505,1129.7303524342044,15.341794760211219,1076.7294678446397,1272.7318285876256,1.2785214729921432,1.8619242880910496,3.261481785622057,2.4060304727437356,2.9974539069821033,4.603725682108388,1139.4682967702279,16.312094368903093,1084.2058488333498,0.01042658058095325,0.0021209115833631825,0.0027490993420153887,2277.5725542779096,0.0001445390124410861,0.10147364549820043,0.153383359592884,0.14137583578690013,0.18733600235346368,0.5572271614381756,0.08572247252049943,0.11916095207743214,0.11597985816511402,0.18089392226139295,0.5868213101106599,0.11044415820333435,0.12704386053642752,0.036008623228103574,0.06118769470598868,0.0,0.007220998632196432,-4.230000000000004,42.90493367123801,0.0,0.0,42.90493367123801,769.129175343256,0.03151316527315788,1.219332900466683,2.92972715145019,0.059347142587772385,0.06900397321387741,94.38682605114107,70.14844657063863,0.42754581998879243,0.6000095725212303,1.0467178136383084,0.8137218399814915,0.9683153955239373,9.380061626437836,376.57678414473475,5.113931586737073,358.9098226148799,424.24394286254187,0.42617382433071443,0.6206414293636832,1.0871605952073524,0.8020101575812453,0.9991513023273678,1.5345752273694628,379.822765590076,5.437364789634364,361.4019496111166,0.00347552686031775,0.0007069705277877275,0.000916366447338463,759.1908514259699,4.8179670813695364e-05,0.03382454849940014,0.05112778653096133,0.047125278595633376,0.06244533411782122,0.18574238714605854,0.028574157506833144,0.039720317359144046,0.03865995272170467,0.06029797408713098,0.19560710337021994,0.03681471940111145,0.04234795351214251,0.012002874409367858,0.020395898235329557,0.0,0.002406999544065477,1
-4.200000000000003,229.0,43.0227,3.5,229.0,19374.277777777777,-0.11151952222222222,33.73148888888889,10.27822222222222,117.45711111111112,-0.04098026066666668,-19.166255555555562,196.73911381037902,-3.0665174444444445,-2.802705555555556,-5.588098888888889,-3.688165555555556,-2.994146111111111,-83.90795555555556,10674.611111111111,42.14324444444444,9260.861111111111,15285.933333333332,-2.5381697777777776,-2.274362222222222,-4.531406666666666,-3.1598177777777776,-2.46580102,0.7040344444444444,10741.422222222223,48.219233333333335,9327.704444444444,0.513755111111111,0.9921232222222223,0.00950986111111111,20908.633333333335,-0.0010691727777777777,0.9143474444444445,13.503066666666667,10.940544444444445,116.77111111111111,88.05568888888888,0.7216748888888889,13.3383,12.235555555555557,116.69644444444445,137.96777777777777,0.07462305555555554,-49.91222222222222,0.8686308919553709,-0.015865812645559932,-250.00000000000014,-0.0018723864653305857,-4.200000000000003,128.71480101371404,0.0,0.0,128.71480101371404,1045.6588984675861,0.13825705510623842,2.371807993622399,8.84255944732318,0.07984272735265707,0.12973081762946304,201.30381552105584,232.75231781804715,2.0477298919879,1.1683260923337189,3.923155999764234,1.0289699179532792,2.3533030798278216,25.872029171052237,617.5130452963003,13.37247094473485,555.9343964993635,1701.170091437067,2.0046126173475995,1.24538267061552,3.90185123578219,0.9616065443280036,2.2748283375392107,0.1819791027145089,618.67076619511,13.271843569847405,555.6986815512316,0.0073088618889065975,0.0023680585812949546,0.0027678804710529153,1185.8549637287,0.00018443225081569783,0.07940554268454927,0.24093457099386956,0.2532472858250959,0.14911442288092006,0.38643318453661113,0.06360722728480711,0.2457814272885565,0.28417165635893,0.12224679046002637,0.48190605354618476,0.19593049080516484,0.18842093685268882,0.025641456372497654,0.039940965537943275,0.0,0.004713589209463468,-4.200000000000003,42.90493367123801,0.0,0.0,42.90493367123801,348.552966155862,0.04608568503541281,0.7906026645407996,2.9475198157743936,0.02661424245088569,0.04324360587648768,67.10127184035194,77.58410593934906,0.6825766306626333,0.3894420307779063,1.307718666588078,0.34298997265109304,0.7844343599426071,8.624009723684079,205.83768176543344,4.457490314911617,185.31146549978786,567.056697145689,0.6682042057825333,0.41512755687184,1.3006170785940634,0.32053551477600123,0.7582761125130703,0.0606597009048363,206.2235887317033,4.4239478566158015,185.23289385041053,0.002436287296302199,0.0007893528604316516,0.0009226268236843052,395.2849879095667,6.147741693856594e-05,0.026468514228183092,0.08031152366462319,0.08441576194169864,0.04970480762697335,0.1288110615122037,0.021202409094935704,0.08192714242951883,0.09472388545297666,0.040748930153342126,0.1606353511820616,0.06531016360172161,0.06280697895089626,0.008547152124165885,0.013313655179314425,0.0,0.0015711964031544894,1
-4.18,201.0,43.0427,3.5,201.0,20319.444444444445,-0.15227368222222223,35.47761111111111,10.2034,117.41044444444444,-0.12637447,232.34138777777778,284.4311888888926,-2.2108314444444446,-2.7256194444444444,-3.468299011111111,-3.1486666666666667,-2.224435777777778,-77.83293333333333,11107.1,50.81845555555556,9728.485555555555,20692.61111111111,-1.7207386222222223,-2.2355252222222224,-2.488112666666667,-2.6585738888888892,-1.7343414000000001,0.7787788888888889,11169.055555555555,56.454544444444444,9790.481111111112,0.5115845555555556,0.9912431111111112,0.01047608,21840.699999999997,-0.0010195905555555557,0.9552867777777778,13.43311111111111,10.92682222222222,116.77177777777777,88.20651111111111,0.7636336666666667,13.260366666666666,12.169222222222222,116.62144444444445,138.07322222222223,0.1503395111111111,-49.86688888888889,0.8761779053545824,-0.003717036631718029,-248.8095238095238,-0.00043866199833857974,-4.18,128.71480101371404,0.0,0.0,128.71480101371404,1236.3083546501575,0.11735305405465316,2.212707756033569,8.850168916890794,0.12227030619810252,0.5179995125335675,436.82768653952314,216.6782557776477,1.357289220566596,2.1340896007615937,2.5532750854740516,1.4029307573433552,1.820734698056308,46.565729494903216,609.8582724699246,17.40038199789814,668.0821668423558,8476.115733112138,1.2615607458892277,2.108031310547342,2.1975558855826627,1.3841282591530712,1.804569810358078,0.17387934844270928,621.7476319036348,17.851884093430527,685.5891365906485,0.006987774683529619,0.0027455958572068563,0.003174108032735339,1344.596300009784,0.0001463063271368596,0.06735077650958783,0.21745573943014554,0.17684664103240527,0.1413203610398887,0.4672697519753524,0.06024862403823011,0.18464754263190197,0.20533885882716993,0.1309991518208311,0.6414054446638454,0.08887042190049012,0.19701123980908444,0.024365056276520906,0.03914225651109102,0.0,0.004619330440308392,-4.18,42.90493367123801,0.0,0.0,42.90493367123801,412.1027848833858,0.039117684684884385,0.7375692520111896,2.950056305630265,0.040756768732700836,0.17266650417785584,145.6092288465077,72.2260852592159,0.45242974018886534,0.7113632002538646,0.8510916951580172,0.4676435857811184,0.6069115660187693,15.521909831634405,203.2860908233082,5.800127332632713,222.6940556141186,2825.3719110373795,0.4205202486297426,0.7026771035157807,0.7325186285275542,0.46137608638435706,0.6015232701193595,0.05795978281423643,207.2492106345449,5.950628031143509,228.52971219688285,0.0023292582278432064,0.000915198619068952,0.0010580360109117796,448.198766669928,4.876877571228654e-05,0.02245025883652928,0.07248524647671517,0.058948880344135084,0.04710678701329624,0.15575658399178413,0.020082874679410036,0.06154918087730065,0.06844628627572331,0.04366638394027703,0.21380181488794847,0.029623473966830037,0.0656704132696948,0.00812168542550697,0.013047418837030339,0.0,0.0015397768134361306,1
-4.160000000000004,217.0,43.0627,3.5,217.0,20218.61111111111,-0.09137697,35.36027777777778,10.261844444444444,117.40277777777777,0.05769638222222224,-63.30901666666667,145.45638950473926,-3.0043375555555554,-3.853211111111111,-6.415337777777777,-2.5051312222222224,-2.1527622222222225,-97.25706666666666,11022.222222222223,41.11246666666667,9742.056666666665,15787.71111111111,-2.3919377777777777,-3.2408088888888886,-5.190535555555556,-1.8927299555555557,-1.5403615555555557,0.5679177777777777,11099.7,48.1551,9819.514444444445,0.5088887777777777,0.9924446666666668,0.008973851111111111,21802.977777777778,-0.001059567777777778,0.9584836666666666,13.387666666666668,10.859755555555555,116.69966666666667,88.30468888888889,0.7687566666666666,13.214977777777777,12.157322222222222,116.68355555555556,138.1841111111111,0.015979222222222225,-49.879400000000004,0.8859597172531957,0.009577937511170842,-247.61904761904782,0.001130329782806123,-4.160000000000004,128.71480101371404,0.0,0.0,128.71480101371404,1296.205702661083,0.1309995080327188,2.4203934028261664,8.658971244338312,0.07935801436807649,0.17873143257117408,158.10868457151162,213.9634349641334,1.527075830891766,1.1699611998955823,3.4100957393150186,2.651546192303359,1.666521307220356,28.203859736966848,813.5283811548588,9.88917639492794,582.3412035911589,1607.0653467146594,1.5722485673691817,1.126460739178739,3.476056485991385,2.5992159405897803,1.768588863966631,0.3482088754701615,816.883672869032,9.455126934499614,581.2195392472431,0.009560615563050559,0.0015023365967718257,0.0017683960422897674,1400.3094843442448,0.00010729180252094964,0.09014544384077319,0.19541911370180762,0.1791133238421354,0.12685030547854448,0.4276592026498552,0.05704650396825383,0.15647569122532906,0.2019355452723575,0.0921060680833659,0.5508444527369974,0.1292798133986391,0.14713430939111294,0.034650042668184944,0.04684753820541144,0.0,0.005528660802282795,-4.160000000000004,42.90493367123801,0.0,0.0,42.90493367123801,432.0685675536943,0.043666502677572924,0.8067978009420556,2.886323748112771,0.0264526714560255,0.05957714419039136,52.702894857170534,71.32114498804447,0.509025276963922,0.3899870666318608,1.1366985797716729,0.8838487307677865,0.5555071024067854,9.40128657898895,271.1761270516196,3.2963921316426466,194.1137345303863,535.6884489048865,0.5240828557897272,0.37548691305957965,1.1586854953304617,0.8664053135299268,0.5895296213222103,0.1160696251567205,272.2945576230107,3.1517089781665377,193.7398464157477,0.0031868718543501865,0.0005007788655906085,0.0005894653474299225,466.76982811474824,3.576393417364988e-05,0.030048481280257732,0.06513970456726921,0.059704441280711805,0.042283435159514826,0.14255306754995173,0.019015501322751274,0.052158563741776354,0.06731184842411916,0.0307020226944553,0.1836148175789991,0.0430932711328797,0.04904476979703765,0.011550014222728314,0.015615846068470478,0.0,0.001842886934094265,1
-4.140000000000001,192.0,43.0827,3.5,192.0,20494.144444444442,-0.1669338111111111,35.8401,13.190122222222222,117.4248888888889,0.10333965555555555,123.62082,230.65207712666674,-2.7684534000000003,-2.190321,-6.1133211111111105,-3.088107777777778,-2.571829888888889,-68.2645111111111,11118.844444444445,41.555055555555555,9926.516666666666,16456.48888888889,-2.338609777777778,-1.7604789577777777,-5.253629333333333,-2.658263333333333,-2.1419877777777776,0.630095,11173.188888888888,46.498266666666666,9980.896666666667,0.5068495555555557,0.9927593333333333,0.008536983333333333,22052.366666666665,-0.0010807025555555556,0.9584958888888888,13.396444444444445,10.949655555555555,116.74122222222223,88.45341111111111,0.7807938888888889,13.280966666666666,12.153077777777778,116.69255555555554,138.3318888888889,0.048629661111111104,-49.878433333333334,0.8928129619670915,0.02202828164807176,-246.42857142857144,0.0025996434808451033,-4.140000000000001,128.71480101371404,0.0,0.0,128.71480101371404,1621.517897766712,0.11987982203460519,3.065265550894407,0.2047674887389215,0.12269112075089429,0.20853138333251012,252.15746513367017,202.58205564116057,1.594835971099862,1.5278399421320283,3.8917443540893215,2.652805177871991,2.439599693970327,30.418456027116356,779.1979933096453,16.611986457307804,807.2204141992447,1919.9050376544956,1.605316310954151,1.578144136572156,3.5906168495510973,2.5028945607835738,2.353383827389711,0.21956262120349632,775.9150347242348,16.95503836533554,805.2554929803341,0.005307046850912255,0.0026339197975640805,0.003147543955002853,1642.4882807801093,0.00013233885408121002,0.0885363274826278,0.24669347939858036,0.20127394336520052,0.14069450751342094,0.6728257342069408,0.07621241359097025,0.17916064718570315,0.17487939256654694,0.11030991695118665,0.8475099474998082,0.13319873421999404,0.18956557572513,0.018825261963911485,0.02780078818344305,0.0,0.0032808795038159343,-4.140000000000001,42.90493367123801,0.0,0.0,42.90493367123801,540.5059659222374,0.03995994067820173,1.0217551836314689,0.0682558295796405,0.0408970402502981,0.06951046111083671,84.05248837789006,67.52735188038685,0.5316119903666207,0.5092799807106762,1.297248118029774,0.884268392623997,0.8131998979901089,10.139485342372119,259.7326644365484,5.5373288191026,269.07347139974826,639.9683458848318,0.535105436984717,0.5260480455240519,1.196872283183699,0.834298186927858,0.7844612757965702,0.07318754040116544,258.6383449080783,5.6516794551118466,268.41849766011137,0.0017690156169707517,0.0008779732658546935,0.0010491813183342842,547.4960935933698,4.411295136040334e-05,0.029512109160875932,0.08223115979952679,0.06709131445506683,0.046898169171140314,0.22427524473564694,0.02540413786365675,0.05972021572856771,0.05829313085551564,0.036769972317062215,0.28250331583326943,0.04439957807333134,0.06318852524171,0.0062750873213038285,0.009266929394481016,0.0,0.001093626501271978,1
-4.1200000000000045,209.0,43.1027,3.5,209.0,20263.48888888889,-0.23389273333333335,35.46157777777778,10.339355555555555,117.43277777777777,0.36827366666666667,-143.65304444444445,200.36061500555556,-3.2540667777777776,-2.9812955555555556,-5.136611111111112,-3.29396,-2.0490254444444442,-70.88101111111112,11028.028888888888,49.997588888888885,9733.658888888887,24212.044444444444,-2.8077500000000004,-2.5349774444444444,-4.243978888888889,-2.847641,-1.6027074444444445,0.6966166666666667,11084.495555555555,55.13024444444445,9790.124444444444,0.5094523333333334,0.9913627777777777,0.010268472222222222,21755.722222222223,-0.0010176213333333334,0.9536308888888888,13.401666666666667,10.901722222222222,116.77566666666667,88.20422222222221,0.7628984444444444,13.271466666666667,12.204011111111111,116.68900000000001,138.106,0.08681854444444444,-49.90175555555555,0.8841186602016069,0.005429710686282865,-245.23809523809553,0.0006407813470873168,-4.1200000000000045,128.71480101371404,0.0,0.0,128.71480101371404,1710.9271722113456,0.0728458189712354,3.1544160778097172,8.756572966793447,0.08771370727796353,0.41473048382602345,670.0440120504383,173.54310599835986,1.9094185473308214,2.547908947632897,2.12989287656354,1.5352517869229136,1.999071505254196,25.660848259724606,937.7250186014613,11.757334398625868,802.7724234402365,19706.8209477779,1.8596987849856896,2.5426777305448636,2.2564550152642333,1.631010187030265,1.9636315143894176,0.11528014211042593,945.910951505361,11.801784189383305,810.1474101839605,0.010884951102324698,0.001687231739994393,0.0020078881370782196,1771.1346488746838,0.0001698318375960468,0.09331237244257116,0.27742962170611807,0.1997498421637535,0.10121635243378237,0.40379542400136953,0.07715180659114716,0.2266063105917393,0.28856651072345724,0.08459166625619471,0.5570888618523987,0.09131152809751229,0.19221092002739654,0.03855709799926404,0.05796490876772585,0.0,0.006840665086965155,-4.1200000000000045,42.90493367123801,0.0,0.0,42.90493367123801,570.3090574037819,0.02428193965707847,1.0514720259365724,2.9188576555978156,0.029237902425987842,0.13824349460867447,223.34800401681275,57.84770199945329,0.6364728491102738,0.849302982544299,0.7099642921878466,0.5117505956409713,0.6663571684180654,8.553616086574868,312.5750062004871,3.919111466208623,267.59080781341214,6568.940315925966,0.6198995949952298,0.8475592435149545,0.7521516717547444,0.5436700623434216,0.6545438381298059,0.03842671403680865,315.303650501787,3.9339280631277687,270.0491367279868,0.0036283170341082326,0.000562410579998131,0.0006692960456927398,590.3782162915613,5.66106125320156e-05,0.03110412414752372,0.09247654056870602,0.06658328072125116,0.03373878414459412,0.13459847466712319,0.02571726886371572,0.07553543686391309,0.09618883690781907,0.02819722208539824,0.1856962872841329,0.0304371760325041,0.06407030667579884,0.01285236599975468,0.019321636255908617,0.0,0.0022802216956550516,1
-4.100000000000001,214.0,43.1227,3.5,214.0,20135.67777777778,-0.15144857777777776,35.377411111111115,13.089844444444445,117.4311111111111,0.02151616666666667,-56.18943222222222,297.78976666666665,-3.4695722222222223,-2.6163233333333333,-4.863742222222222,-2.814513333333333,-2.9708483333333335,-96.86248888888889,11002.533333333333,38.504933333333334,9693.575555555557,15534.099999999999,-2.8596551444444445,-2.0064058888888887,-3.64391,-2.2045956666666666,-2.3609303333333336,0.6924108888888889,11079.7,45.51897777777778,9770.726666666667,0.5099823333333333,0.9928848888888889,0.00847678,21729.777777777777,-0.0010637556666666667,0.9602594444444443,13.328233333333333,10.851777777777777,116.75944444444445,88.28668888888889,0.7699375555555555,13.223177777777778,12.05947777777778,116.68055555555556,138.13466666666667,0.07898743066666666,-49.84791111111111,0.8821667768622967,0.0032134939733059597,-244.04761904761915,0.00037923696418558947,-4.100000000000001,128.71480101371404,0.0,0.0,128.71480101371404,806.8049760905316,0.11245561483953098,1.4459926879521587,0.14235168695093828,0.08604423926743282,0.15824338019728504,137.77695396054938,233.92655792457597,2.650474051802185,1.3776539662502338,1.6352480412752204,1.7713591630016763,2.420199582973479,23.22914125169312,419.03805018160335,15.478607178780653,478.375033867548,970.8375070010425,2.661937965766222,1.3073874105404304,1.7692974516174493,1.758198704225862,2.3889749290602658,0.14006002011766638,426.38736203128747,15.902882142616301,483.10451827218486,0.01023023496797603,0.0023884373261844477,0.0028421100813216227,845.7785271242373,0.00012370883391152787,0.042220212070497455,0.15475179320447296,0.15781203833815824,0.08332183253972218,0.5429052828174702,0.04696353759330503,0.133038836226286,0.17355583235502162,0.13847843795254974,0.7065323771774245,0.12343360938455443,0.19092949251257782,0.03659893442796535,0.05250453160400836,0.0,0.006196264669202372,-4.100000000000001,42.90493367123801,0.0,0.0,42.90493367123801,268.93499203017717,0.03748520494651033,0.4819975626507196,0.047450562316979424,0.028681413089144275,0.052747793399095015,45.92565132018313,77.97551930819199,0.8834913506007285,0.45921798875007797,0.5450826804250735,0.5904530543338921,0.806733194324493,7.743047083897706,139.67935006053446,5.159535726260217,159.458344622516,323.6125023336808,0.8873126552554074,0.4357958035134768,0.5897658172058164,0.586066234741954,0.7963249763534218,0.046686673372555464,142.12912067709584,5.300960714205433,161.03483942406163,0.0034100783226586767,0.0007961457753948159,0.0009473700271072075,281.9261757080791,4.123627797050929e-05,0.014073404023499152,0.05158393106815765,0.05260401277938608,0.027773944179907393,0.1809684276058234,0.015654512531101675,0.04434627874209534,0.05785194411834054,0.04615947931751658,0.23551079239247483,0.041144536461518146,0.06364316417085927,0.012199644809321784,0.017501510534669452,0.0,0.0020654215564007905,1
-4.080000000000005,221.0,43.1427,3.5,221.0,19920.17777777778,-0.15213556188888888,34.74674444444444,10.258733333333332,117.37511111111111,-0.10156171,275.50567755555556,259.9738222222262,-2.298920111111111,-1.7834897777777776,-4.193807333333334,-2.482402,-2.062017444444445,-99.39333333333333,11019.322222222221,41.611177777777776,9442.376666666667,23607.255555555555,-1.6730660744444446,-1.1576363222222221,-2.9421,-1.8565475555555555,-1.4361643333333332,0.7239892222222222,11098.488888888889,48.80846666666666,9521.54111111111,0.51702,0.992411111111111,0.00929331888888889,21476.966666666667,-0.0010578675555555556,0.938371111111111,13.441588888888889,11.037466666666667,116.69666666666666,88.25442222222222,0.7330784444444445,13.336911111111112,12.247677777777778,116.63277777777778,138.0776666666667,0.06394667666666667,-49.8232,0.857272264634918,-0.03435618308918023,-242.85714285714317,-0.004054507238531075,-4.080000000000005,128.71480101371404,0.0,0.0,128.71480101371404,1642.2036595515324,0.14064097280104965,2.594580420853781,8.815630569618943,0.13233900071827445,0.3817722314354579,699.982969208479,224.26214186151017,1.8339714955824318,1.8043843191554825,3.43216871582375,1.2470393925678531,2.3028457971547462,33.190210565504096,727.2290505366552,12.39514374228651,789.5984069449485,25136.321938934856,1.833032903883859,1.867952782492918,3.332937683189561,1.2302491498288173,2.2124437704651387,0.4361093800162918,724.6078930091164,11.861494380346851,786.5145571196448,0.00641602914581911,0.0015404361756045331,0.0018190110686403507,1566.5929640464997,0.0002194346279841168,0.06320566607600231,0.16509027412634236,0.1785530803430731,0.15780209124089725,0.6177232466440377,0.06783129505270982,0.1651141078500296,0.23243982435125948,0.11279159740177688,0.658868917160304,0.14664951866725015,0.07677090920394201,0.0221555364772871,0.037226042620511775,0.0,0.004393190561214136,-4.080000000000005,42.90493367123801,0.0,0.0,42.90493367123801,547.4012198505108,0.04688032426701655,0.8648601402845936,2.938543523206314,0.04411300023942482,0.127257410478486,233.32765640282634,74.75404728717005,0.6113238318608106,0.6014614397184942,1.1440562386079165,0.4156797975226177,0.7676152657182487,11.063403521834699,242.4096835122184,4.13171458076217,263.1994689816495,8378.773979644953,0.6110109679612864,0.6226509274976394,1.1109792277298536,0.4100830499429391,0.737481256821713,0.14536979333876393,241.53596433637216,3.9538314601156173,262.1715190398816,0.0021386763819397033,0.0005134787252015111,0.0006063370228801169,522.1976546821666,7.31448759947056e-05,0.021068555358667435,0.055030091375447454,0.05951769344769104,0.05260069708029908,0.20590774888134586,0.022610431684236612,0.055038035950009875,0.07747994145041984,0.037597199133925625,0.21962297238676803,0.048883172889083386,0.02559030306798067,0.0073851788257623665,0.012408680873503925,0.0,0.0014643968537380453,1
-4.060000000000002,207.0,43.1627,3.5,207.0,19347.444444444445,-0.1860518333333333,33.92861111111111,13.20722222222222,117.43177777777777,-0.19937535555555558,232.91498888888887,336.0340124239556,-2.9109788888888892,-3.1892477777777777,-4.448994113333333,-3.129415111111111,-2.2927632222222223,-91.96577777777777,10599.281111111111,33.335992222222224,9334.324444444444,21237.022222222222,-2.3318956666666666,-2.610165444444444,-3.290829555555556,-2.5503330444444448,-1.7136787777777778,0.9848293222222222,10672.533333333333,39.99543333333333,9407.567777777778,0.5101007777777777,0.9934706666666666,0.007760734444444445,20926.78888888889,-0.0011127154444444444,0.9151493333333333,13.488077777777777,10.880244444444445,116.72044444444444,88.19926666666667,0.7312412222222222,13.298833333333333,12.200711111111112,116.69688888888888,138.016,0.023251099999999997,-49.8168,0.8813560540411853,0.004676074237555856,-241.66666666666683,0.0005518417687688274,-4.060000000000002,128.71480101371404,0.0,0.0,128.71480101371404,1292.8410257173066,0.12090972423168658,2.2612637409446776,0.20467734839117935,0.10069729114749883,0.6213391901693373,296.5865599914949,224.90075737952745,1.3901562980241147,1.784456340386182,3.2548723496747423,2.937543782974155,2.697889847725894,29.673625683962925,653.9938259541229,18.28983306966727,653.9199239033607,9824.982716495966,1.50221162778959,1.8250667876366273,3.3954609667549973,2.9577065303586014,2.8325493838292464,1.0346005925933734,646.5046976047425,19.73045097609277,647.4719576510199,0.006457733421599622,0.0033052919689491814,0.0038809273002856906,1325.788495051572,0.0001652675885549789,0.07625808077181069,0.24432772446950135,0.23329018470089521,0.11648402370186624,0.663861435090182,0.06100036318493896,0.16590886805713534,0.3027557821266354,0.11463141415472179,0.7770588780781084,0.08378725957468115,0.13889091942960005,0.02307689561561751,0.032905214065235014,0.0,0.0038832727217281014,-4.060000000000002,42.90493367123801,0.0,0.0,42.90493367123801,430.94700857243555,0.04030324141056219,0.7537545803148925,0.06822578279705978,0.03356576371583295,0.20711306338977908,98.86218666383164,74.96691912650915,0.4633854326747049,0.5948187801287272,1.0849574498915806,0.979181260991385,0.8992966159086313,9.891208561320974,217.99794198470764,6.096611023222423,217.9733079677869,3274.9942388319887,0.5007372092631966,0.6083555958788758,1.1318203222516658,0.9859021767862005,0.9441831279430821,0.3448668641977911,215.50156586824752,6.576816992030922,215.82398588367332,0.002152577807199874,0.0011017639896497271,0.0012936424334285635,441.929498350524,5.508919618499296e-05,0.02541936025727023,0.08144257482316712,0.0777633949002984,0.03882800790062208,0.2212871450300607,0.020333454394979654,0.05530295601904511,0.1009185940422118,0.03821047138490727,0.2590196260260361,0.027929086524893718,0.04629697314320001,0.007692298538539169,0.010968404688411672,0.0,0.0012944242405760339,1
-4.040000000000006,216.0,43.1827,3.5,216.0,19547.225,-0.113452335,34.1201375,9.902525,117.40375,0.037513727499999996,-37.54624125,233.77730737954647,-2.4745762499999997,-1.92948,-6.3298362500000005,-3.81435375,-2.525082625,-100.2850125,10677.0325,40.161625,9366.3125,14869.55,-1.8431063625,-1.2980112874999998,-5.066897125,-3.182885,-1.8936155625,0.65374675,10756.9225,47.4235125,9446.19625,0.51073575,0.99235325,0.009117568749999999,21053.275,-0.000997653,0.919536,13.3604375,10.9834875,116.725875,88.401925,0.731067,13.3335375,12.20795,116.6775,138.293125,0.04820675000000001,-49.8912,0.8794507921515637,-0.000611189759878201,-240.47619047619085,-7.21288886809621e-05,-4.040000000000006,137.60191028574317,0.0,0.0,137.60191028574317,1166.0889781659039,0.11202755840845054,2.123092898134029,9.277737627822546,0.06891765272513642,0.09205290670822043,297.6470443165239,234.2027026197987,2.012119159555045,1.9972079591336644,3.0949760666692328,2.60830126184478,3.2095067389154517,26.83564559666529,716.9441388032163,10.711438655108044,476.89201945663586,861.5918871484345,2.041810522311949,2.100295694129194,3.1048140142946417,2.621494614637121,3.1533376730058063,0.22735572533916976,733.3964954092512,10.683857011322871,490.3271333926679,0.00984706843612426,0.001681270246824416,0.0018419498878590396,1208.7008689970753,0.00012773039435019814,0.08244592869442201,0.30568797320844315,0.2637002542796326,0.14139654218847436,0.5913411723724735,0.055791861160157476,0.3670005758559132,0.31259349687047894,0.08192854029143798,0.7412706152276526,0.13896108468507085,0.1984147171960783,0.03497556209402362,0.05196951982375316,0.0,0.0061331258411750165,-4.040000000000006,48.64962193363597,0.0,0.0,48.64962193363597,412.2747119640013,0.039607723115193706,0.7506266926797859,3.2801755953514578,0.024366069792701756,0.03254561728065765,105.23412171817344,82.80315959733804,0.7113915511383745,0.7061196456715796,1.0942392821759415,0.9221737548139363,1.134731989675519,9.48783348946047,253.47803113985182,3.787065454645305,168.6067904257671,304.6187330089863,0.7218890331124128,0.74256666390783,1.0977175219153839,0.9268383094269617,1.1148732259767067,0.08038238756445655,259.2948176011651,3.7773138709669216,173.35682051085817,0.0034814644329957383,0.0005944187962683625,0.0006512276281554638,427.3402904469524,4.515951400432849e-05,0.02914903763052418,0.1080770193914309,0.09323211900087257,0.04999122690889998,0.20907067648968958,0.019725401680682854,0.1297542979435421,0.11051849069596573,0.028966113206395538,0.2620787393608986,0.04913016265092584,0.07015019600827903,0.012365728566247632,0.018373999941192286,0.0,0.0021683874360826512,1
-4.020000000000003,222.0,43.2027,3.5,222.0,19822.066666666666,-0.1428438111111111,34.39825555555555,10.287866666666666,117.39977777777777,0.09553121,47.36517777777778,196.69186366666727,-2.8490188888888888,-2.8543788888888892,-4.2585766666666665,-2.281956222222222,-2.6501401111111114,-84.70000111111112,10802.995555555555,42.87416666666667,9499.833333333334,15157.655555555555,-2.3156826666666666,-2.321045777777778,-3.191910888888889,-1.7486236,-2.1168080000000002,0.7436943333333333,10870.456666666667,49.00752222222222,9567.302222222223,0.5105261111111111,0.9922495555555556,0.00930777,21298.81111111111,-0.0009995256666666666,0.9244717777777779,13.492655555555555,10.948166666666667,116.69422222222222,88.19674444444445,0.7342333333333334,13.379288888888889,12.274266666666668,116.65522222222222,138.045,0.03899158888888889,-49.848388888888884,0.8802667089340388,-0.0002495252974651286,-239.28571428571448,-2.944745410579681e-05,-4.020000000000003,128.71480101371404,0.0,0.0,128.71480101371404,1671.490682743999,0.11038489017309439,2.9946891600427894,8.858242233225507,0.17142985283912637,0.16842803115786043,186.88502885987666,219.61361793254474,1.5772020519692813,0.5511193858739784,2.0224443852983947,1.415916659675436,2.5281821797945776,42.658312566887375,859.9205946933575,19.945527841849657,824.5143442960831,1483.0233132954374,1.5295260945551896,0.6246478242901711,2.336101235595776,1.555846899547957,2.6196743893680754,0.09282283535989408,877.2782947275057,21.378091708965616,839.1284539445942,0.010486616559267884,0.0030690610580074197,0.003767697074566904,1744.6650118607613,0.00010352958486828765,0.08736983358656716,0.2379012563602338,0.20742531788573948,0.18432225705119074,0.40912440684684576,0.07259604100603556,0.1256906166390759,0.23338493953123823,0.14803612547092967,0.5280913746691971,0.12939275880450618,0.14904545820356455,0.03654641156395102,0.059302628176794416,0.0,0.006998534574769232,-4.020000000000003,42.90493367123801,0.0,0.0,42.90493367123801,557.1635609146664,0.036794963391031464,0.9982297200142631,2.952747411075169,0.05714328427970879,0.05614267705262014,62.29500961995888,73.20453931084825,0.5257340173230938,0.1837064619579928,0.6741481284327981,0.471972219891812,0.8427273932648591,14.219437522295792,286.64019823111914,6.648509280616552,274.838114765361,494.3411044318125,0.5098420315183965,0.20821594143005703,0.7787004118652586,0.5186156331826524,0.8732247964560251,0.030940945119964692,292.4260982425019,7.126030569655205,279.70948464819804,0.003495538853089295,0.00102302035266914,0.0012558990248556345,581.5550039535871,3.450986162276255e-05,0.029123277862189052,0.0793004187867446,0.06914177262857983,0.061440752350396914,0.1363748022822819,0.024198680335345186,0.04189687221302531,0.07779497984374607,0.04934537515697656,0.1760304582230657,0.04313091960150206,0.04968181940118818,0.012182137187983673,0.01976754272559814,0.0,0.0023328448582564105,1
-4.0,219.0,43.2227,3.5,219.0,19889.277777777777,-0.11786070777777777,34.446577777777776,13.281022222222223,117.4191111111111,0.23758992555555558,4.057528888888896,131.76284681738048,-2.5083245555555553,-3.4075699999999998,-3.2088833333333335,-3.939326666666667,-2.576117,-88.71318888888888,10756.085555555555,53.22636666666667,9602.400000000001,16816.17777777778,-1.9497206666666667,-2.8489644444444444,-2.0916754444444443,-3.3807244444444446,-2.0175146666666666,0.9397823333333333,10826.763333333332,59.65032222222222,9673.073333333334,0.507091,0.9903695555555555,0.01139253111111111,21370.411111111112,-0.0010305457777777778,0.9104548888888888,13.543244444444445,11.045522222222223,116.73022222222221,88.53807777777779,0.7382225555555555,13.377377777777777,12.381744444444443,116.69133333333333,138.44488888888887,0.039042355555555554,-49.906666666666666,0.8923013613410186,0.018968500720941195,-238.09523809523807,0.002238546793091185,-4.0,128.71480101371404,0.0,0.0,128.71480101371404,1869.2979222008566,0.11427736602553015,3.226438722019133,0.17364799723706656,0.07709644032710916,0.3097269185844393,184.35564922975783,211.9893662760965,2.235615012286726,1.386502206345161,3.7002823150335438,1.186886799435818,2.193461859037444,26.591359006707638,829.993121403893,11.106266823284951,992.8397445710964,3865.9374004818605,2.1845660744319457,1.331713783082828,3.7496112849879895,1.2041838603293844,2.1704336158030726,0.5056734960016197,835.1131138055492,11.092443784822372,995.8166101371277,0.009191314011065025,0.0021307045848211414,0.002757222950313615,1895.753980903405,0.00015395720017652448,0.08790026268084246,0.19171906602572844,0.15116443677149832,0.08076784288591767,0.5168207420803147,0.08344739902044747,0.18121493990409435,0.1426610065076574,0.09561249918290042,0.5962626192468418,0.12060860296657025,0.13292827953449157,0.03280493896926806,0.04747304238786861,0.0,0.005602478991833158,-4.0,42.90493367123801,0.0,0.0,42.90493367123801,623.0993074002855,0.038092455341843384,1.0754795740063776,0.05788266574568885,0.02569881344236972,0.1032423061948131,61.45188307658595,70.66312209203215,0.7452050040955753,0.46216740211505375,1.2334274383445147,0.3956289331452727,0.7311539530124813,8.863786335569213,276.6643738012977,3.7020889410949835,330.9465815236988,1288.6458001606202,0.7281886914773152,0.4439045943609427,1.2498704283293298,0.4013946201097948,0.7234778719343575,0.1685578320005399,278.3710379351831,3.6974812616074577,331.9388700457092,0.0030637713370216747,0.0007102348616070471,0.000919074316771205,631.9179936344683,5.131906672550816e-05,0.029300087560280817,0.06390635534190948,0.05038814559049944,0.02692261429530589,0.17227358069343823,0.02781579967348249,0.06040497996803145,0.0475536688358858,0.0318708330609668,0.19875420641561392,0.04020286765552342,0.044309426511497184,0.010934979656422686,0.01582434746262287,0.0,0.0018674929972777193,1
-3.980000000000004,205.0,43.2427,3.5,205.0,19935.255555555555,-0.24193133333333336,35.02538888888889,7.347577777777777,117.44255555555554,0.23029512222222223,83.10205555555554,240.4156100111111,-3.0402052222222222,-3.350123333333334,-3.0477374444444445,-3.0290795555555556,-1.879354777777778,-99.99891111111111,10955.273333333334,38.48462555555555,9556.694444444445,15912.5,-2.4105374444444445,-2.7204563333333334,-1.7884031111111112,-2.399408222222222,-1.2496867777777778,0.8553187777777778,11034.925555555556,45.72577777777778,9636.344444444445,0.5124722222222222,0.9927854444444445,0.008702704444444443,21538.544444444444,-0.0010942419999999998,0.9432517777777778,13.397611111111111,10.939188888888888,116.75533333333334,88.36327777777778,0.7479927777777777,13.279455555555556,12.221955555555557,116.64877777777777,138.22922222222223,0.10668444444444444,-49.86597777777778,0.8731060861435749,-0.008786394493681092,-236.90476190476213,-0.0010369167023806776,-3.980000000000004,128.71480101371404,0.0,0.0,128.71480101371404,1121.9570046475828,0.057332949952448815,2.0538975342287893,11.619284209749946,0.14681204915734278,0.19278055196481683,342.49251563678405,242.85977443975776,1.4215256669202088,1.123358220293064,1.7904340095452493,1.6943044639148472,1.7058465104678804,30.84853874300387,598.4606978741375,16.29685858942231,613.5816712979441,1277.6866262898736,1.4115722126440353,1.22916876322924,1.7349018601913369,1.6723111268870379,1.6806383342306115,0.15681616312403654,615.1261871581943,16.965652413094652,629.5755756283571,0.00738335973283468,0.0027155036416432474,0.003298524860138662,1267.1253934705037,0.0001307133629855801,0.057283043611914025,0.12609108259948873,0.17010280306659026,0.16531031425775894,0.5155013694884287,0.05258050711950623,0.16394884957747538,0.20709374755838914,0.15677513975259452,0.5687881366945453,0.14262263045322707,0.08937061566557612,0.025805978574112362,0.04113742383567486,0.0,0.004854787922258809,-3.980000000000004,42.90493367123801,0.0,0.0,42.90493367123801,373.9856682158609,0.019110983317482937,0.6846325114095965,3.8730947365833153,0.04893734971911426,0.06426018398827228,114.16417187892803,80.95325814658592,0.47384188897340296,0.37445274009768803,0.5968113365150831,0.5647681546382823,0.5686155034892935,10.282846247667958,199.48689929137916,5.432286196474104,204.5272237659814,425.8955420966245,0.4705240708813451,0.4097229210764134,0.578300620063779,0.5574370422956794,0.5602127780768705,0.05227205437467885,205.04206238606477,5.655217471031551,209.85852520945235,0.002461119910944893,0.0009051678805477491,0.0010995082867128873,422.3751311568345,4.3571120995193364e-05,0.01909434787063801,0.042030360866496246,0.056700934355530086,0.055103438085919644,0.17183378982947625,0.017526835706502077,0.054649616525825125,0.06903124918612971,0.0522583799175315,0.18959604556484844,0.04754087681774236,0.02979020522185871,0.008601992858037455,0.013712474611891621,0.0,0.0016182626407529365,1
-3.960000000000001,220.0,43.2627,3.5,220.0,19798.066666666666,-0.1679967188888889,34.50888888888889,13.283666666666667,117.39522222222223,0.05221661444444444,-40.75385555555555,329.3232555555556,-1.9859023333333334,-2.880053666666667,-5.552330555555556,-3.8414611111111108,-3.065993333333333,-80.9151,10832.45888888889,46.778911111111114,9558.49111111111,16943.58888888889,-1.4764037111111112,-2.370552788888889,-4.5333319888888886,-3.3319600000000005,-2.5564964444444445,0.810727,10896.913333333334,52.63817777777778,9622.932222222222,0.5096702222222222,0.9916802222222222,0.009912155555555555,21385.92222222222,-0.0011317923333333333,0.9207935555555555,13.528455555555556,10.989477777777777,116.70577777777778,88.24434444444445,0.7338283333333333,13.368988888888888,12.383444444444443,116.65333333333335,138.0528888888889,0.05261675555555556,-49.80854444444444,0.8831819342571404,0.005119169531584375,-235.71428571428572,0.0006041331735600502,-3.960000000000001,128.71480101371404,0.0,0.0,128.71480101371404,1562.1904333339132,0.14511269053907797,2.5448602385221704,0.13377862310548833,0.10238503037283002,0.1961101722529689,367.197019696069,223.228335485681,2.4826905116755893,1.787270678378348,3.717392763114597,2.0196823632717873,1.6377520776814785,33.80045357628356,784.0524526210671,11.752460834378947,778.940926778861,4784.2735970167005,2.448031532579932,1.7042557168151369,3.5759463127529756,1.9487205749414156,1.6186608725145388,0.3616535057403011,788.7484346894141,12.612941978656067,779.0407387418478,0.009593576493906988,0.0015846918294874965,0.0018510067096455317,1585.4022579283912,0.00019715007715443575,0.06647664614567866,0.1779627075478954,0.13851078277319978,0.11910686144989438,0.5558909585321302,0.0598729907220276,0.10414822903492421,0.18605315847299597,0.09417005893594985,0.6321462339610394,0.11917262691843408,0.108796784317269,0.03377927704436032,0.052049713173247705,0.0,0.006142589771296815,-3.960000000000001,42.90493367123801,0.0,0.0,42.90493367123801,520.7301444446377,0.04837089684635932,0.8482867461740569,0.044592874368496106,0.034128343457610004,0.0653700574176563,122.39900656535633,74.40944516189367,0.8275635038918631,0.5957568927927827,1.239130921038199,0.6732274544239291,0.5459173592271594,11.266817858761186,261.3508175403557,3.9174869447929823,259.64697559295365,1594.7578656722335,0.8160105108599773,0.568085238938379,1.1919821042509917,0.6495735249804718,0.5395536241715129,0.12055116858010037,262.91614489647134,4.204313992885356,259.68024624728264,0.0031978588313023295,0.0005282306098291655,0.0006170022365485106,528.4674193094637,6.571669238481193e-05,0.022158882048559553,0.059320902515965133,0.04617026092439992,0.03970228714996479,0.18529698617737675,0.0199576635740092,0.034716076344974735,0.06201771949099866,0.03139001964531662,0.21071541132034646,0.039724208972811356,0.036265594772423,0.011259759014786772,0.01734990439108257,0.0,0.002047529923765605,1
-3.940000000000005,212.0,43.2827,3.5,212.0,19001.911111111112,-0.10906053333333333,33.20348888888889,13.197711111111111,117.38522222222224,0.09849855,-154.18105222222223,234.8901440666767,-2.374467777777778,-2.3422455555555555,-6.315178888888889,-3.0151456666666667,-2.6693421111111113,-112.46308888888888,10433.353333333333,39.80983333333333,9137.082222222223,15979.677777777779,-1.666319,-1.6340966666666668,-4.898874666666667,-2.3069945555555558,-1.9611907777777777,0.5972021111111112,10522.933333333332,47.95353333333333,9226.666666666666,0.5113895555555555,0.9921997777777778,0.00938102888888889,20580.0,-0.0010964122222222221,0.8927583333333333,13.485355555555556,10.959344444444445,116.72988888888888,88.29635555555555,0.7091238888888889,13.34451111111111,12.291822222222223,116.6522222222222,138.2231111111111,0.07775161333333333,-49.92676666666667,0.8768323709399849,-0.0024052865994664057,-234.52380952380977,-0.0002838572580360248,-3.940000000000005,128.71480101371404,0.0,0.0,128.71480101371404,1412.9133974207734,0.1061719313473434,2.350071948603088,0.1949372619873148,0.07051910694588004,0.12695590723274755,371.43747790908236,252.40832434376355,1.2430188431373212,2.1491928353576784,3.182009867416521,1.8427145670651222,2.507218671943098,31.332845089915008,715.9847719923937,19.86467139899374,671.3486580715304,3641.3334201833877,1.2291589743800433,2.0940974102745913,3.104870826794732,1.918488367011064,2.5073769257099525,0.22174465446513272,726.3809090277633,19.960116163239135,675.3570081815988,0.006608981731536063,0.002956043884052545,0.003649213713693829,1435.997939587658,0.00017942214361790592,0.06414948605016256,0.22051886603594273,0.2489187824929606,0.09956586318167195,0.3548519519148445,0.05341690347035395,0.255168000758541,0.29294411914978574,0.06762724631718228,0.49510085953380634,0.09417499627276128,0.18462553994504832,0.023275930699063804,0.03553595398556003,0.0,0.00419373660597168,-3.940000000000005,42.90493367123801,0.0,0.0,42.90493367123801,470.9711324735911,0.0353906437824478,0.7833573162010293,0.06497908732910493,0.023506368981960016,0.04231863574424918,123.81249263636079,84.13610811458786,0.4143396143791071,0.7163976117858928,1.060669955805507,0.6142381890217073,0.835739557314366,10.444281696638335,238.6615906641312,6.621557132997913,223.78288602384345,1213.777806727796,0.4097196581266811,0.6980324700915305,1.0349569422649105,0.6394961223370214,0.8357923085699842,0.07391488482171091,242.12696967592112,6.653372054413046,225.1190027271996,0.002202993910512021,0.0009853479613508482,0.0012164045712312762,478.66597986255266,5.980738120596864e-05,0.02138316201672085,0.07350628867864759,0.08297292749765353,0.03318862106055732,0.11828398397161483,0.017805634490117985,0.085056000252847,0.09764803971659525,0.02254241543906076,0.16503361984460213,0.031391665424253756,0.06154184664834944,0.007758643566354601,0.011845317995186677,0.0,0.00139791220199056,1
-3.9200000000000017,206.0,43.3027,3.5,206.0,19871.344444444447,-0.11586245555555556,34.671533333333336,10.2545,117.43122222222223,0.1471560311111111,-9.262507777777778,258.7834660700238,-4.046534111111111,-3.168657,-5.639481111111111,-2.8338654444444447,-3.409837888888889,-88.10622666666667,10934.505555555555,43.51628888888889,9476.03888888889,15924.755555555554,-3.4917519,-2.613877,-4.529917,-2.2790837777777777,-2.855055666666667,0.7288655555555555,11004.677777777779,49.89627777777778,9546.225555555555,0.5137748888888889,0.9921624444444446,0.009501724444444444,21410.044444444444,-0.001074321111111111,0.9338413333333333,13.479077777777778,10.993344444444444,116.76455555555556,88.40205555555556,0.737569,13.2958,12.267844444444444,116.68277777777777,138.27100000000002,0.08172713333333333,-49.8691,0.8686308610778042,-0.01652620726620063,-233.33333333333343,-0.0019503222116480496,-3.9200000000000017,128.71480101371404,0.0,0.0,128.71480101371404,1455.9751853234923,0.1136032118370765,2.3004341193566074,8.800920214670736,0.0895345991471707,0.23734164223822013,186.77767620322268,246.88035737683276,2.876926970673241,1.248499076313635,2.2053434553910445,1.7200584681521085,1.7619464295545737,64.30594205366562,823.1756576987551,14.04351105230138,582.7548742920227,1954.5607282143408,3.0370391151908245,1.5257180043297645,2.334173807145368,1.716827084405545,1.6869453787583046,0.1434380870158891,815.2974208498665,13.717785268746718,567.38919090231,0.0080999563339015,0.001821156645590305,0.0022872990312927557,1400.4313952414018,0.00015316492131477467,0.0819235849511604,0.19853080855233626,0.16737283315334545,0.0696062337565954,0.7498962746792195,0.048881039910685195,0.08361719320809557,0.2319990792606254,0.13827759921420055,1.0190864781754392,0.11018468087956919,0.2960301082660377,0.028108724059357736,0.04621903760944038,0.0,0.0054544889942804015,-3.9200000000000017,42.90493367123801,0.0,0.0,42.90493367123801,485.3250617744974,0.037867737279025496,0.7668113731188692,2.933640071556912,0.029844866382390232,0.07911388074607338,62.259225401074225,82.29345245894426,0.9589756568910804,0.41616635877121166,0.7351144851303482,0.5733528227173695,0.5873154765181913,21.43531401788854,274.391885899585,4.681170350767127,194.25162476400757,651.5202427381136,1.0123463717302748,0.5085726681099214,0.7780579357151227,0.5722756948018484,0.5623151262527681,0.04781269567196303,271.7658069499555,4.572595089582239,189.12973030077,0.0026999854446338335,0.0006070522151967684,0.0007624330104309186,466.8104650804673,5.105497377159156e-05,0.0273078616503868,0.06617693618411208,0.05579094438444848,0.023202077918865135,0.24996542489307316,0.0162936799702284,0.027872397736031857,0.07733302642020846,0.04609253307140018,0.3396954927251464,0.0367282269598564,0.0986767027553459,0.009369574686452577,0.01540634586981346,0.0,0.0018181629980934672,1
-3.9000000000000057,218.0,43.3227,3.5,218.0,20183.155555555553,-0.14232076111111114,35.040755555555556,10.331266666666666,117.391,0.003249977777777778,75.76585555555556,339.38928505444613,-1.9054116666666667,-3.7224655555555555,-4.758167111111111,-3.1290533333333332,-2.8661654444444444,-88.00222222222222,10959.597777777779,44.55205333333333,9720.84,15367.81111111111,-1.3512846666666667,-3.1683377777777775,-3.6499265777777783,-2.574926666666667,-2.3120381111111112,0.7843653333333334,11029.694444444445,50.92452222222223,9790.946666666667,0.5083705555555555,0.9920454444444444,0.009535001111111111,21701.800000000003,-0.0010511936666666665,0.934593888888889,13.528744444444445,10.9633,116.76288888888888,88.17142222222223,0.7550532222222223,13.362166666666667,12.253511111111111,116.60666666666667,138.04166666666666,0.15634303333333333,-49.87008888888889,0.8887202327166165,0.008218475884603588,-232.14285714285745,0.0009698944110678107,-3.9000000000000057,128.71480101371404,0.0,0.0,128.71480101371404,1851.7216719252865,0.11783286659851577,3.0605110652108043,8.868411151384446,0.07953301201387775,0.07538491173205315,127.41481777969459,235.42041443480537,1.86660619559215,1.6721201574356963,4.214479030350028,0.7529129836840377,1.5914379551177225,41.928221227586604,962.310455125811,18.66668418292601,920.3538619737519,1361.9894221729896,1.7721789369837204,1.615080216256903,3.9962405895530306,0.7311973328042164,1.4487956207578456,0.1896386673050884,947.2634481905121,16.84820563656393,926.1180019981249,0.015264679746977233,0.002540100446395312,0.0032950009680440323,1838.5064005871716,0.00022650378439719287,0.08396352172587275,0.23952479574728336,0.2617197260429564,0.09425291035884042,0.6843181218880872,0.08329107545046135,0.2046473857639034,0.27625047259889196,0.10438989414689405,0.8631574305999861,0.12020504785804545,0.20684358489232912,0.05623857994508798,0.07099885792270462,0.0,0.008378852290658052,-3.9000000000000057,42.90493367123801,0.0,0.0,42.90493367123801,617.2405573084288,0.03927762219950526,1.020170355070268,2.956137050461482,0.026511004004625915,0.025128303910684383,42.47160592656486,78.47347147826845,0.6222020651973833,0.5573733858118988,1.4048263434500095,0.2509709945613459,0.5304793183725741,13.976073742528868,320.7701517086037,6.222228060975336,306.7846206579173,453.9964740576632,0.5907263123279067,0.5383600720856343,1.332080196517677,0.2437324442680721,0.4829318735859485,0.06321288910169613,315.7544827301707,5.616068545521309,308.70600066604163,0.005088226582325744,0.0008467001487984374,0.0010983336560146774,612.8354668623905,7.550126146573095e-05,0.027987840575290916,0.07984159858242779,0.08723990868098547,0.031417636786280144,0.2281060406293624,0.02776369181682045,0.06821579525463448,0.09208349086629732,0.03479663138229802,0.2877191435333287,0.04006834928601515,0.06894786163077637,0.018746193315029327,0.023666285974234872,0.0,0.002792950763552684,1
-3.8800000000000026,228.0,43.3427,3.5,228.0,18514.955555555556,-0.11094149555555556,32.46856666666667,7.278833333333334,117.39966666666666,-0.21173269777777778,329.81592222222224,288.1236331821129,-3.554479888888889,-2.2603208222222224,-4.878475555555556,-2.3088391111111113,-2.3769236222222223,-95.37104444444445,10193.796666666667,32.45253333333333,8912.237777777778,26578.588888888888,-2.9539527777777774,-1.659793111111111,-3.677423333333333,-1.7083133333333334,-1.7763985555555557,0.6201291,10269.783333333333,39.35856666666667,8988.21111111111,0.51207,0.993275,0.008089133333333333,20066.911111111112,-0.0010681704444444444,0.885996,13.421577777777777,10.843144444444444,116.69122222222222,88.21116666666666,0.6953618888888888,13.301200000000001,12.238122222222223,116.64333333333333,138.07888888888888,0.04775595888888889,-49.867888888888885,0.8745210831018801,-0.006657107073170156,-230.95238095238108,-0.0007856311845172685,-3.8800000000000026,128.71480101371404,0.0,0.0,128.71480101371404,1568.8592138167712,0.1447063120551711,2.7147579399460278,11.635814663679549,0.12389915253947527,0.4986078869957595,829.6837026002617,248.71044311305607,1.6131630291209291,1.5886504898547962,2.0874901749356276,2.2317616729797476,2.2853549838075016,49.717658802258356,746.6194762728874,8.290443785316924,788.572750064599,33711.78543934763,1.8073518026091226,1.7177293813541645,2.1103625767151954,2.3163379813711877,2.3625617852483303,0.26398015343835984,739.2510517746998,9.19609069238119,791.454348674711,0.007505915816874035,0.00172871787750345,0.0021022832024194553,1584.0839059567236,0.00015213176567379936,0.07763857567601297,0.24100859309253783,0.18531581901655864,0.13538904846568928,0.5175604240086414,0.07299219898462514,0.17568116717508492,0.2933016569070895,0.12555178214585355,0.6287279706766055,0.06568297912974648,0.17225049669336912,0.02615825169848834,0.04213739693685287,0.0,0.004972798650241553,-3.8800000000000026,42.90493367123801,0.0,0.0,42.90493367123801,522.953071272257,0.0482354373517237,0.9049193133153426,3.8786048878931827,0.041299717513158425,0.1662026289985865,276.5612342000872,82.90348103768535,0.5377210097069763,0.5295501632849321,0.6958300583118759,0.7439205576599158,0.7617849946025005,16.57255293408612,248.8731587576291,2.763481261772308,262.85758335486634,11237.261813115876,0.6024506008697076,0.5725764604513881,0.7034541922383986,0.7721126604570626,0.7875205950827768,0.08799338447945329,246.41701725823327,3.0653635641270633,263.8181162249037,0.0025019719389580116,0.0005762392925011499,0.0007007610674731518,528.0279686522413,5.071058855793312e-05,0.025879525225337655,0.08033619769751262,0.061771939672186214,0.04512968282189642,0.17252014133621382,0.024330732994875048,0.05856038905836164,0.09776721896902982,0.041850594048617844,0.20957599022553514,0.02189432637658216,0.05741683223112304,0.008719417232829447,0.014045798978950957,0.0,0.0016575995500805176,1
-3.8600000000000065,199.0,43.3627,3.5,199.0,19599.355555555558,-0.17665564444444443,34.20945555555556,13.236511111111112,117.43233333333335,0.12750755555555557,205.96347777777777,305.4913444444453,-3.0071201111111114,-3.406379,-5.312283333333333,-2.7259955555555555,-2.936002333333333,-90.94155333333333,10681.194444444445,44.60863333333334,9490.656666666668,20617.044444444444,-2.434488366666667,-2.8337462222222225,-4.167014444444444,-2.1533611111111113,-2.3633684444444447,0.6978476666666666,10753.61888888889,51.19392222222222,9563.099999999999,0.5076226666666668,0.9917941111111112,0.009738965555555555,21177.38888888889,-0.0011070253333333334,0.9082171111111111,13.481111111111112,11.019411111111111,116.7491111111111,88.46554444444445,0.7317944444444444,13.370644444444444,12.349744444444445,116.71166666666666,138.45755555555556,0.03740128777777778,-49.9921,0.8902970439408067,0.01666573654541172,-229.76190476190516,0.0019667886063892788,-3.8600000000000065,128.71480101371404,0.0,0.0,128.71480101371404,1512.3059835158285,0.09754388383658545,2.541241171706805,0.16510010936129338,0.13652014503361684,0.4283476151120609,509.31382749130665,212.7123723841827,1.4298445889108404,1.7101240432345834,1.8585173772055512,1.6604089926815555,2.316422615612164,52.21214579623309,829.4487523516918,11.707177624965803,654.6118092236038,10031.772931181098,1.439342457510811,1.7793160481568318,1.9042805975821362,1.6831244910986565,2.2335673825397633,0.1324967876563428,827.4879371997578,14.067620399589421,644.8352091619998,0.008234186222693774,0.0020100351019599646,0.0025638303082697925,1494.076524516436,0.00014199211645721745,0.07416547926165595,0.16813255517927259,0.11966397165024695,0.16324096027379742,0.5675305390706101,0.05733591842185646,0.21203314664876718,0.20872517284165262,0.16304983900636483,0.6644456544953651,0.09082709546182567,0.14394272298382965,0.028965953623213626,0.04486038577623504,0.0,0.00529414918941688,-3.8600000000000065,42.90493367123801,0.0,0.0,42.90493367123801,504.10199450527614,0.03251462794552848,0.847080390568935,0.055033369787097795,0.045506715011205616,0.14278253837068697,169.77127583043554,70.9041241280609,0.4766148629702802,0.5700413477448611,0.6195057924018504,0.5534696642271851,0.7721408718707213,17.40404859874436,276.48291745056395,3.902392541655268,218.20393640786793,3343.924310393699,0.4797808191702703,0.5931053493856105,0.6347601991940454,0.5610414970328855,0.7445224608465877,0.0441655958854476,275.8293123999193,4.689206799863141,214.9450697206666,0.0027447287408979247,0.0006700117006533216,0.0008546101027565974,498.0255081721453,4.733070548573915e-05,0.024721826420551988,0.05604418505975752,0.03988799055008232,0.05441365342459914,0.18917684635687004,0.019111972807285486,0.07067771554958906,0.06957505761388422,0.054349946335454945,0.22148188483178835,0.030275698487275224,0.04798090766127655,0.009655317874404542,0.014953461925411679,0.0,0.0017647163964722933,1
-3.8400000000000034,195.0,43.3827,3.5,195.0,20394.133333333335,-0.14764782,35.58484444444444,10.216188888888889,117.39666666666666,0.047546733333333334,-107.52295111111111,248.81096682222687,-2.1691482222222223,-2.1836057777777778,-3.935270666666666,-1.8694804444444446,-2.8573584444444444,-52.82502222222222,11052.555555555555,33.251444444444445,9866.047777777778,17867.32222222222,-1.8365219999999998,-1.8509824666666665,-3.270018188888889,-1.5368563333333334,-2.5247336666666667,0.8083277777777779,11094.644444444444,37.076633333333334,9908.101111111111,0.5067438888888889,0.9941772222222222,0.006872101111111111,21894.48888888889,-0.00105091,0.9634133333333332,13.418955555555556,10.802233333333334,116.72022222222222,88.31084444444444,0.7733923333333332,13.278588888888889,12.198411111111112,116.677,138.21044444444445,0.043288577777777774,-49.89957777777778,0.8941066976282133,0.018188253554631814,-228.57142857142878,0.0021464667801446642,-3.8400000000000034,128.71480101371404,0.0,0.0,128.71480101371404,1204.869166133817,0.10441604418476406,2.243365842941757,8.872087386213634,0.08915295844783083,0.343137214524547,367.67405192133424,237.8966264143956,1.3948964097110201,1.1842847016598013,3.599394222607882,3.0264799168301986,1.4924461130261213,65.74448775895165,690.6315209847996,13.983089855081307,622.6364518275848,6398.255226578919,1.2231740908444921,1.3089884478221954,3.3859724959992326,2.9447138753151814,1.4702050603252594,0.30895816747772575,698.5183016770412,13.422357833294416,623.3731558513822,0.01311240619074588,0.002094457195658231,0.0025593714374551246,1255.7454802272287,0.00018563054509226107,0.08056377281073665,0.21655464732435908,0.21065178613057073,0.09269004501264021,0.8593309972168923,0.06044880989936857,0.16542296881361712,0.33637825600224386,0.11223190277278382,1.076913194170164,0.11585313275054086,0.27433550525668676,0.04758075365882492,0.064104170833631,0.0,0.007565183361327558,-3.8400000000000034,42.90493367123801,0.0,0.0,42.90493367123801,401.623055377939,0.03480534806158802,0.7477886143139191,2.9573624620712113,0.029717652815943612,0.11437907150818233,122.55801730711141,79.29887547146521,0.46496546990367343,0.3947615672199337,1.1997980742026273,1.0088266389433995,0.49748203767537374,21.914829252983886,230.2105069949332,4.661029951693769,207.54548394252828,2132.751742192973,0.40772469694816404,0.43632948260739846,1.1286574986664109,0.9815712917717271,0.49006835344175315,0.10298605582590858,232.83943389234707,4.474119277764806,207.79105195046074,0.00437080206358196,0.0006981523985527436,0.0008531238124850415,418.5818267424096,6.187684836408702e-05,0.026854590936912216,0.07218488244145303,0.07021726204352358,0.03089668167088007,0.2864436657389641,0.02014960329978952,0.05514098960453904,0.11212608533408129,0.037410634257594604,0.35897106472338797,0.03861771091684696,0.09144516841889558,0.015860251219608306,0.021368056944543665,0.0,0.002521727787109186,1
-3.8200000000000003,211.0,43.4027,3.5,211.0,20114.088888888888,-0.16241252222222224,35.0822,13.221533333333333,117.42022222222221,0.026086133333333317,149.54039444444444,320.6819289023851,-2.786414,-2.5195831111111113,-4.912557777777778,-1.7679174444444443,-2.1492235555555554,-95.97421111111112,10991.493333333334,39.2715,9657.58,20344.533333333333,-2.182088888888889,-1.9152573333333334,-3.7039077777777774,-1.1635911666666665,-1.5448986666666669,0.5725787777777778,11067.957777777778,46.221244444444444,9734.033333333333,0.5104203333333334,0.9927173333333335,0.008699356666666666,21678.022222222222,-0.001061010888888889,0.9410696666666666,13.47708888888889,10.954577777777779,116.72155555555554,88.44945555555556,0.753202888888889,13.30811111111111,12.236777777777778,116.66355555555555,138.24377777777778,0.05817880777777778,-49.79432222222223,0.8802070202368718,0.0030097643131677945,-227.3809523809524,0.0003551940319544534,-3.8200000000000003,128.71480101371404,0.0,0.0,128.71480101371404,1804.8830408397969,0.12853866870992342,3.134270939947597,0.12718423644461613,0.10063768898600728,0.3984445401870159,512.3792832231171,204.39457357811025,2.296081496823229,1.8939777686823203,2.312740241157542,2.0922192136368687,2.7671970424952623,23.6408477837854,978.5911695902433,13.88406051881077,787.5378850887114,7251.896179620888,2.2511849908794948,1.8384187048019691,2.227074648298625,2.1596740318835734,2.783769070388742,0.3937535149848754,973.7703242651448,13.388237547667647,779.3861898635365,0.006200392991577207,0.002214417812879945,0.0025868970206649124,1803.8542982858803,8.107820703407983e-05,0.09369494480493598,0.10590538754525784,0.15429785139283245,0.11846530199926923,0.5000345565836174,0.07550348303132187,0.16310714610681878,0.2368433014557189,0.1407418835236245,0.6226732244479757,0.11647352465931601,0.18746526863513763,0.021842227568777656,0.03325763383108102,0.0,0.003924863153584719,-3.8200000000000003,42.90493367123801,0.0,0.0,42.90493367123801,601.6276802799323,0.04284622290330781,1.0447569799825323,0.04239474548153871,0.03354589632866909,0.13281484672900531,170.7930944077057,68.13152452603674,0.7653604989410763,0.6313259228941067,0.7709134137191807,0.697406404545623,0.9223990141650875,7.880282594595133,326.1970565300811,4.628020172936924,262.5126283629038,2417.298726540296,0.7503949969598316,0.6128062349339897,0.7423582160995417,0.7198913439611911,0.9279230234629139,0.13125117166162512,324.5901080883816,4.462745849222549,259.79539662117884,0.0020667976638590693,0.0007381392709599816,0.0008622990068883041,601.2847660952934,2.7026069011359946e-05,0.031231648268311995,0.035301795848419276,0.05143261713094415,0.03948843399975641,0.16667818552787247,0.02516782767710729,0.054369048702272924,0.07894776715190631,0.046913961174541496,0.20755774148265857,0.03882450821977201,0.06248842287837921,0.007280742522925885,0.011085877943693673,0.0,0.0013082877178615731,1
-3.8000000000000043,203.0,43.4227,3.5,203.0,19427.144444444442,-0.10301870333333334,33.75644444444444,13.24941111111111,117.44788888888888,0.11853164444444445,119.17121666666668,254.42697700000315,-2.9133911111111113,-3.249595777777778,-6.0752033333333335,-2.0941477777777777,-2.921940222222222,-95.7401888888889,10565.414444444445,43.96854444444445,9414.507777777779,19778.411111111112,-2.310542,-2.646746444444444,-4.8694999999999995,-1.4912973333333333,-2.3190906666666664,0.569120111111111,10641.672222222223,50.90131111111111,9490.774444444445,0.5070253333333333,0.9917248888888888,0.009769202222222223,20986.61111111111,-0.0010990445555555555,0.8986848888888888,13.517844444444444,10.991611111111112,116.76377777777778,88.46192222222221,0.7288845555555556,13.394077777777778,12.275855555555555,116.67566666666666,138.37377777777778,0.08793794444444444,-49.911855555555555,0.8923535004829444,0.020362115303965225,-226.19047619047643,0.0024030126885000633,-3.8000000000000043,128.71480101371404,0.0,0.0,128.71480101371404,890.0652730433751,0.11244253651100994,1.567369106266224,0.15505835550240746,0.17615152883557184,0.7255919126564911,400.1930145451349,244.63626471109777,1.8616947563607495,2.0876192361863897,3.1506056446697674,2.381769880691551,1.9019363935396063,34.16493696929808,525.988981184757,9.616159205487282,430.69421489549217,9478.735662318637,1.8347504986709364,2.115259349625898,3.152023175969682,2.471986588966251,1.9979092914003875,0.3629792753214171,520.0743884719228,9.208793013262438,428.98001771968165,0.007384828349393075,0.0012497554205167833,0.0015934846463629467,941.3199993153833,0.00014332678560645173,0.042949006852442,0.14555376249955798,0.1698213284929521,0.20542138263686924,0.6112215612561815,0.035264680177590955,0.19310934582366693,0.26288069590172963,0.16004452505474803,0.8621722243522069,0.14590912042636428,0.2850088292979338,0.02665316346782051,0.036429587612274994,0.0,0.004299197797591994,-3.8000000000000043,42.90493367123801,0.0,0.0,42.90493367123801,296.68842434779174,0.03748084550366998,0.522456368755408,0.05168611850080248,0.05871717627852395,0.24186397088549705,133.39767151504495,81.54542157036592,0.6205649187869166,0.6958730787287966,1.0502018815565892,0.7939232935638503,0.6339787978465354,11.388312323099361,175.329660394919,3.205386401829094,143.5647382984974,3159.5785541062123,0.6115834995569788,0.7050864498752993,1.050674391989894,0.823995529655417,0.6659697638001292,0.1209930917738057,173.35812949064092,3.0695976710874797,142.99333923989388,0.0024616094497976917,0.00041658514017226103,0.0005311615487876488,313.77333310512773,4.7775595202150576e-05,0.014316335617480665,0.048517920833186,0.056607109497650694,0.06847379421228975,0.20374052041872717,0.01175489339253032,0.06436978194122231,0.08762689863390989,0.053348175018249344,0.2873907414507356,0.048636373475454756,0.09500294309931127,0.008884387822606836,0.012143195870758332,0.0,0.0014330659325306645,1
-3.770000000000003,232.0,43.4527,3.5,232.0,20414.844444444447,-0.16745608666666667,35.46441111111111,10.393899999999999,117.41799999999999,0.07547660444444444,38.09058388888889,267.48199111137797,-2.6162887666666665,-2.621827777777778,-5.152155555555556,-2.613007777777778,-2.976919,-75.33563333333333,11052.055555555555,47.36871111111111,9845.685555555556,15554.566666666668,-2.1419191444444445,-2.1474584444444442,-4.203416666666667,-2.1386396666666667,-2.502552111111111,0.6090785444444444,11112.055555555555,52.82395555555556,9905.685555555556,0.5075064444444445,0.9917743333333333,0.009653683333333333,21909.266666666666,-0.00101074,0.9571181111111111,13.395622222222222,10.882977777777777,116.73077777777777,88.1852,0.7695221111111111,13.338566666666667,12.158266666666668,116.66966666666667,138.0028888888889,0.06095526444444445,-49.81773333333334,0.8908396150519466,0.016306591700066705,-224.4047619047621,0.0019244045216569128,-3.770000000000003,128.71480101371404,0.0,0.0,128.71480101371404,1923.4761469219675,0.09434394816108026,3.1020169311451387,8.738465790829649,0.11340524679219756,0.08652194540274842,109.93386749940319,229.29678377918884,1.9821270114470628,2.0756693299859794,2.2870218265525533,1.6852722996727991,1.738176323212493,42.50852446906973,895.8608194232949,12.755813269882525,962.2328867549569,1381.5245853766055,1.9863206463321603,2.0470191842986663,1.9527342248754693,1.6244896740587487,1.5906016385550814,0.2694383754108122,902.1423323277636,14.31878440023027,971.0811938518726,0.009492755278515137,0.002098393194804065,0.0022984612113216094,1927.618332295064,0.00019443558785366423,0.07911905781075193,0.1611740268915701,0.16774186103785932,0.15709772259470914,0.5203954962333965,0.07611410427024093,0.17198110361315835,0.31617731575810437,0.12227734867913977,0.6674041962042923,0.128621861472486,0.18567305943512866,0.03293234587876206,0.05478481654159268,0.0,0.006465369993310995,-3.770000000000003,42.90493367123801,0.0,0.0,42.90493367123801,641.1587156406558,0.03144798272036008,1.0340056437150462,2.9128219302765492,0.037801748930732515,0.02884064846758281,36.644622499801066,76.43226125972961,0.6607090038156875,0.6918897766619931,0.7623406088508511,0.5617574332242664,0.5793921077374976,14.169508156356576,298.62027314109827,4.251937756627508,320.74429558498565,460.50819512553517,0.6621068821107201,0.6823397280995555,0.650911408291823,0.541496558019583,0.5302005461850272,0.08981279180360408,300.7141107759212,4.77292813341009,323.69373128395756,0.003164251759505046,0.0006994643982680217,0.0007661537371072032,642.5394440983546,6.481186261788808e-05,0.026373019270250642,0.05372467563052337,0.05591395367928644,0.052365907531569715,0.1734651654111322,0.025371368090080313,0.05732703453771945,0.10539243858603478,0.04075911622637993,0.22246806540143074,0.042873953824161995,0.06189101981170955,0.01097744862625402,0.01826160551386423,0.0,0.0021551233311036654,1
-3.740000000000002,208.0,43.4827,3.5,208.0,19970.977777777778,-0.21189295,35.19562222222223,10.245444444444445,117.45700000000001,0.15926605555555554,10.113542222222224,359.3354444444449,-2.9251869999999998,-3.0890695555555556,-5.144408888888889,-2.8050852222222225,-2.6379704444444445,-86.5157111111111,10896.523333333334,40.58646666666667,9676.00111111111,16013.777777777777,-2.380421355555556,-2.5443043444444444,-4.054875555555555,-2.2603156666666666,-2.093202777777778,0.6460072222222223,10965.439999999999,46.851277777777774,9744.924444444445,0.5078655555555556,0.9925476666666666,0.008814467777777777,21587.411111111112,-0.001096278,0.9516746666666668,13.328466666666666,10.864088888888888,116.78011111111111,88.16307777777779,0.7628067777777778,13.266377777777778,12.133522222222222,116.69933333333334,137.92522222222223,0.08067428888888889,-49.762166666666666,0.8892956146346448,0.01631309868110776,-222.6190476190477,0.0019251724358825253,-3.740000000000002,128.71480101371404,0.0,0.0,128.71480101371404,1669.8397466357205,0.13085715123922342,2.8933638769509193,8.758394541540005,0.10249878048055087,0.18240944762083397,304.36117671558003,155.07487522734758,2.395771561653886,1.3685545585550392,1.8674138999860506,1.9980599330708135,3.554447197868999,21.86662895483918,865.6440929446701,11.625084132276204,720.3335510970669,966.5183505471815,2.35809489856056,1.3409808795769116,1.8670535682132365,1.9959794706777423,3.506411091055667,0.19447440680124065,860.6937872437564,12.152533515051275,716.3390457407561,0.0067023230508367615,0.0019780662274049557,0.0023330296779337048,1615.7082320490645,0.00016660110433907687,0.09860682993205892,0.2261540625326024,0.2065722902789989,0.14499434854887175,0.5959987537272572,0.07468242065703574,0.16394281608062145,0.30088343165492604,0.10346255361241039,0.6728149407113686,0.14124608192607896,0.10818079774155817,0.02401535253281121,0.03390583269268119,0.0,0.004001359630784866,-3.740000000000002,42.90493367123801,0.0,0.0,42.90493367123801,556.6132488785735,0.04361905041307448,0.9644546256503065,2.9194648471800018,0.03416626016018363,0.060803149206944664,101.45372557186002,51.69162507578253,0.7985905205512954,0.4561848528516797,0.6224712999953501,0.6660199776902712,1.1848157326229998,7.288876318279726,288.5480309815567,3.875028044092068,240.1111836990223,322.1727835157272,0.78603163285352,0.4469936265256372,0.6223511894044121,0.6653264902259141,1.1688036970185556,0.0648248022670802,286.8979290812522,4.050844505017092,238.7796819135854,0.002234107683612254,0.0006593554091349853,0.0007776765593112348,538.5694106830215,5.5533701446358956e-05,0.03286894331068631,0.07538468751086747,0.06885743009299963,0.04833144951629058,0.19866625124241905,0.024894140219011915,0.05464760536020715,0.10029447721830867,0.03448751787080346,0.22427164690378953,0.04708202730869298,0.036060265913852724,0.00800511751093707,0.011301944230893729,0.0,0.001333786543594955,1
-3.710000000000001,190.0,43.5127,3.5,190.0,19605.355555555558,-0.17502604444444445,34.175111111111114,13.259511111111111,117.42422222222223,0.2123305,-89.73537777777777,214.05444142266666,-2.808596666666667,-2.555572777777778,-5.069718333333333,-2.3323155555555553,-2.398226188888889,-86.26693333333333,10765.867777777778,37.5602,9401.977777777778,18354.933333333334,-2.265395777777778,-2.0123722222222225,-3.9833137777777776,-1.7891137777777777,-1.8550250000000001,0.9767846666666666,10834.58888888889,43.80701111111111,9470.698888888888,0.5124026666666667,0.9929295555555555,0.008516944444444445,21157.644444444442,-0.0010702114444444445,0.9230326666666665,13.479199999999999,10.939444444444444,116.74144444444444,88.25380000000001,0.7340183333333333,13.335433333333334,12.187611111111112,116.66744444444446,138.13555555555556,0.07390913999999998,-49.88181111111111,0.8734855378169342,-0.009158392457596937,-220.83333333333337,-0.0010808176337938247,-3.710000000000001,128.71480101371404,0.0,0.0,128.71480101371404,1134.237923796315,0.08690386312695067,2.0702120298682223,0.2095376186060903,0.09329493257645093,0.25151688818250356,453.88697955501755,218.23148577557032,1.5337441417084532,2.0275806953727993,4.185287387486073,1.9041354368393881,1.6093782661701834,29.908568497923802,482.9471379917721,13.783342943114345,658.3089147918668,7399.633972535397,1.619127537953834,2.1010959318637603,4.14345582327463,1.876115212247823,1.6007583464427102,0.8741338416102251,486.7443077336511,15.058544091764354,664.0538574250663,0.008752109102953381,0.0025776667313245944,0.003142954107444583,1182.0897185822134,0.00015681014399673826,0.060048025238137535,0.195670858842087,0.20179401695238114,0.1460437529570446,0.5199180656603545,0.05806125274225489,0.21511224395649842,0.25642897381362995,0.15687663235095725,0.6911572019285956,0.16023707779354598,0.20277516147474875,0.030735350853174026,0.047806707638133786,0.0,0.005641856130118129,-3.710000000000001,42.90493367123801,0.0,0.0,42.90493367123801,378.07930793210505,0.028967954375650223,0.6900706766227408,0.06984587286869677,0.031098310858816976,0.08383896272750119,151.2956598516725,72.74382859185677,0.511248047236151,0.6758602317909331,1.3950957958286911,0.6347118122797961,0.5364594220567278,9.969522832641267,160.9823793305907,4.594447647704781,219.43630493062224,2466.544657511799,0.5397091793179446,0.7003653106212535,1.3811519410915436,0.625371737415941,0.5335861154809034,0.29137794720340837,162.2481025778837,5.019514697254785,221.35128580835544,0.00291736970098446,0.0008592222437748647,0.0010476513691481944,394.02990619407115,5.227004799891275e-05,0.020016008412712512,0.06522361961402899,0.06726467231746038,0.04868125098568154,0.17330602188678482,0.019353750914084963,0.0717040813188328,0.08547632460454331,0.05229221078365241,0.23038573397619855,0.053412359264515326,0.06759172049158292,0.010245116951058009,0.015935569212711262,0.0,0.0018806187100393762,1
-3.6799999999999997,202.0,43.5427,3.5,202.0,19889.966666666664,-0.14472976333333334,34.76122222222222,4.438066666666667,117.39022222222222,0.049695643,77.09998888888889,131.67541556500174,-1.9358480333333334,-1.5613893333333335,-2.8207986666666667,-2.739437777777778,-2.540172222222222,-78.47835333333333,10895.564444444444,39.40884444444444,9526.854444444445,16213.233333333334,-1.441692,-1.0672313333333332,-1.8324855555555557,-2.245277777777778,-2.0460166666666666,1.0442074444444445,10958.077777777777,45.091633333333334,9589.361111111111,0.5118506666666667,0.9928416666666666,0.008606587777777779,21410.48888888889,-0.0010545222222222222,0.9427543333333332,13.450455555555557,10.854933333333333,116.71155555555555,88.25896666666667,0.745241111111111,13.2544,12.224166666666667,116.64466666666668,138.12066666666666,0.06683780555555556,-49.86183333333334,0.8750515447889078,-0.004014565720108157,-219.047619047619,-0.00047377456714227866,-3.6799999999999997,128.71480101371404,0.0,0.0,128.71480101371404,1265.9404014407623,0.12433988523482861,2.223883882859997,13.137975685013274,0.15127935895040237,0.15557381996083797,335.96025596888484,196.9965320448727,1.338997613092462,2.5547941717560145,2.9182262808621866,1.971476654387377,1.9715298404270842,35.514904806891984,667.6220587860903,4.769801785481004,617.4626406737314,2170.856702433395,1.266616028251952,2.5026416896537547,2.9643480061478575,1.7691646271883361,1.9755661565042564,0.6693183805126136,657.1551658051883,4.817229630192027,605.4542532562729,0.0041356238344414245,0.0007347618661852434,0.0009586320264285168,1305.533580039637,0.00015581398550738133,0.05532993664825583,0.1524169619096828,0.07996591461366495,0.16566465458201096,0.6258312372357253,0.049188789686890194,0.13135766060645304,0.11260464022410427,0.18040994983647746,0.7759226765599767,0.13868264257876337,0.20548100277154618,0.014362639342708167,0.02337316417568719,0.0,0.002758358316222378,-3.6799999999999997,42.90493367123801,0.0,0.0,42.90493367123801,421.98013381358743,0.04144662841160954,0.741294627619999,4.379325228337758,0.05042645298346745,0.05185793998694599,111.98675198962827,65.66551068162424,0.44633253769748726,0.8515980572520049,0.9727420936207289,0.6571588847957923,0.6571766134756948,11.83830160229733,222.5406862620301,1.589933928493668,205.8208802245771,723.6189008111317,0.4222053427506507,0.8342138965512516,0.9881160020492857,0.5897215423961121,0.6585220521680855,0.22310612683753786,219.05172193506274,1.605743210064009,201.81808441875762,0.0013785412781471414,0.0002449206220617478,0.0003195440088095056,435.17786001321235,5.1937995169127105e-05,0.018443312216085275,0.05080565396989426,0.02665530487122165,0.055221551527336994,0.20861041241190842,0.016396263228963398,0.04378588686881768,0.037534880074701425,0.06013664994549248,0.2586408921866589,0.04622754752625445,0.06849366759051538,0.004787546447569389,0.007791054725229063,0.0,0.000919452772074126,1
-3.6500000000000057,194.0,43.5727,3.5,194.0,20303.5,-0.14684342444444445,35.32671111111111,7.342477777777778,117.43688888888889,0.0899911088888889,74.25565666666665,75.97630746294709,-3.049611111111111,-2.762455888888889,-4.998661111111111,-1.1082427944444444,-3.972840555555555,-85.97198888888889,11079.377777777778,43.19789,9747.93,15927.555555555555,-2.5082666666666666,-2.2211113333333334,-3.915974444444444,-0.5668980666666666,-3.431497222222222,0.6963094444444445,11147.866666666667,49.42333333333333,9816.41,0.5100523333333333,0.9923186666666667,0.009107025555555556,21847.755555555555,-0.001071565111111111,0.9514698888888888,13.511266666666666,10.895000000000001,116.72433333333333,88.39131111111111,0.7611253333333333,13.296911111111111,12.256555555555556,116.70622222222222,138.28855555555555,0.018024305555555554,-49.897133333333336,0.8818039477630578,0.003443829244521233,-217.26190476190507,0.00040641972840614273,-3.6500000000000057,128.71480101371404,0.0,0.0,128.71480101371404,1247.0081635659012,0.13792179539283983,2.3949054106814116,11.672458447749749,0.10546616097645453,0.19159549119924305,187.09340084708867,152.28379447902483,2.5415042936194525,1.8314683746265212,2.321759106019854,2.2656426972903247,1.9932309567390272,39.92078066237697,761.791033974832,24.91578346862486,530.2266672141268,1342.133457513737,2.6424088462754964,1.8971253435108077,2.4268203639232917,2.19028964713907,2.0000309169002723,0.17538323386309698,784.6971836320051,25.65599692713187,551.5567417093182,0.009273797940973254,0.003772379123312003,0.004409186266807377,1334.5269968336268,0.00016229302518087793,0.07837742273519273,0.22771416293239194,0.22079059083212774,0.11682465493208397,0.5213176489541714,0.055988362927040514,0.24798090372266798,0.4205686986424189,0.1246512913869895,0.7183255026641981,0.12015011425847741,0.23926061627438774,0.03309624887315964,0.047847038451528746,0.0,0.005646615726794547,-3.6500000000000057,42.90493367123801,0.0,0.0,42.90493367123801,415.6693878553004,0.04597393179761328,0.7983018035604704,3.8908194825832494,0.03515538699215151,0.06386516373308102,62.364466949029556,50.761264826341616,0.8471680978731507,0.6104894582088404,0.773919702006618,0.7552142324301083,0.6644103189130091,13.306926887458989,253.93034465827733,8.305261156208287,176.7422224047089,447.3778191712457,0.8808029487584988,0.6323751145036026,0.8089401213077639,0.7300965490463567,0.6666769723000908,0.05846107795436567,261.565727877335,8.551998975710623,183.8522472364394,0.003091265980324418,0.0012574597077706676,0.001469728755602459,444.8423322778756,5.4097675060292646e-05,0.026125807578397574,0.07590472097746398,0.07359686361070925,0.03894155164402799,0.1737725496513905,0.01866278764234684,0.08266030124088933,0.14018956621413964,0.041550430462329827,0.23944183422139936,0.04005003808615914,0.07975353875812925,0.011032082957719878,0.01594901281717625,0.0,0.001882205242264849,1
-3.6200000000000045,215.0,43.6027,3.5,215.0,19846.222222222223,-0.14722178444444445,34.74572222222222,10.249566666666666,117.42288888888889,0.04905758222222223,-11.34266444444445,282.2773266669027,-2.0888066666666667,-2.505586777777778,-4.114786666666666,-4.147642444444444,-2.3814783333333334,-91.73075555555556,10841.545555555556,45.955466666666666,9560.07111111111,15664.922222222222,-1.5112024444444443,-1.9279835555555556,-2.9595777777777776,-3.570035555555555,-1.803875,0.6807564444444445,10914.605555555556,52.5979,9633.146666666667,0.509749,0.9916481111111111,0.00993421,21414.744444444445,-0.001070393,0.9342584444444445,13.4247,10.937633333333332,116.7461111111111,88.23087777777778,0.7460061111111111,13.253244444444444,12.255144444444445,116.65255555555557,138.10466666666667,0.09350986666666666,-49.87398888888889,0.8826941719781365,0.005884266308202675,-215.47619047619074,0.0006944252298959773,-3.6200000000000045,128.71480101371404,0.0,0.0,128.71480101371404,1225.4196942045794,0.1317849720543457,2.256206093078477,8.769186001419973,0.09291050054278796,0.3158102776558227,163.89945135398526,236.1524197859837,2.622171479351608,1.714634252075627,1.4391977772530085,2.2923813659977643,2.4423882629439775,35.35121504308979,646.1120100863149,13.323892249264102,618.9413216219374,1394.1388504895933,2.6606165911370576,1.7758147552798906,1.3685743228061984,2.330061802464213,2.412538203875329,0.14038262800566803,650.9756001017075,14.18347510926007,627.9540881107469,0.007596612485180479,0.0021913571391060926,0.0025566354339003837,1296.165115939238,0.00011877751290437932,0.07201162349945858,0.13920830614586213,0.20801138190012555,0.11839704857432641,0.2968459355363376,0.0546802464045391,0.1480478141607555,0.2364940279960102,0.10325830609581825,0.301388453660711,0.09276906997150236,0.2092245949001008,0.026678460924735345,0.04166106517648919,0.0,0.004916584880355543,-3.6200000000000045,42.90493367123801,0.0,0.0,42.90493367123801,408.47323140152645,0.043928324018115236,0.7520686976928257,2.923062000473324,0.030970166847595987,0.1052700925519409,54.63315045132842,78.71747326199457,0.8740571597838692,0.5715447506918756,0.4797325924176695,0.7641271219992548,0.8141294209813258,11.783738347696596,215.37067002877163,4.441297416421367,206.31377387397913,464.7129501631978,0.8868721970456859,0.5919382517599635,0.4561914409353995,0.776687267488071,0.8041794012917765,0.04679420933522268,216.99186670056918,4.727825036420024,209.31802937024895,0.0025322041617268265,0.0007304523797020309,0.0008522118113001278,432.05503864641264,3.959250430145977e-05,0.024003874499819527,0.046402768715287375,0.06933712730004185,0.03946568285810881,0.09894864517877919,0.018226748801513034,0.0493492713869185,0.07883134266533673,0.034419435365272755,0.10046281788690364,0.030923023323834117,0.06974153163336694,0.008892820308245114,0.013887021725496395,0.0,0.001638861626785181,1
-3.5900000000000034,227.0,43.6327,3.5,227.0,20112.21111111111,-0.14974599333333333,35.09993333333333,10.207677777777779,117.46355555555556,0.051108511111111116,75.91820000000001,177.0883555555597,-2.156922,-2.4302473333333334,-5.533292222222222,-1.8614243999999998,-2.245333333333333,-66.49843333333334,11004.963333333333,43.039122222222225,9654.04111111111,16022.444444444445,-1.7381978888888887,-2.0115241333333334,-4.695845555555556,-1.442704,-1.826612,0.5082066444444444,11057.922222222223,47.85443333333333,9706.997777777777,0.5110392222222222,0.9925055555555556,0.00894765,21638.566666666666,-0.001081366888888889,0.945757111111111,13.433411111111111,10.942655555555556,116.76911111111112,88.20764444444444,0.7567535555555556,13.289544444444443,12.192855555555557,116.7227777777778,138.02955555555556,0.04639240888888889,-49.82187777777778,0.8780513295974376,-0.00044429499087821897,-213.6904761904764,-5.243298569817417e-05,-3.5900000000000034,128.71480101371404,0.0,0.0,128.71480101371404,1470.1354737272036,0.11289364184599325,2.483378540919607,8.8546653226954,0.17654752271776009,0.15483334646791566,222.2259237027996,202.3781263633403,1.2141244069558934,1.7866505701280821,3.3871279193210944,2.376857026284667,0.9918569312279872,40.67150016218359,785.4771719152634,9.290720729143917,686.0997192909437,2342.1810130256326,1.1001011679159836,1.8422990244908017,3.2731316295258854,2.4741498072820387,1.07809866506561,0.2748173345151972,789.8092392751837,11.471605474278654,699.6102465976645,0.006460258136827367,0.0016382262596411237,0.0017931016221829144,1527.7949821556563,0.00014384831529118134,0.0703342014731177,0.19054063506536076,0.23056662871668543,0.18835501350139422,0.5596309232679801,0.057501677564900454,0.16741340381754943,0.2754206605862709,0.19717934588704933,0.7108795803634934,0.1556853456241329,0.18022939395238324,0.022720360398626252,0.034934012939946475,0.0,0.004122699194153436,-3.5900000000000034,42.90493367123801,0.0,0.0,42.90493367123801,490.0451579090679,0.03763121394866442,0.8277928469732024,2.9515551075651336,0.05884917423925336,0.05161111548930522,74.0753079009332,67.45937545444677,0.4047081356519645,0.595550190042694,1.1290426397736981,0.7922856754282224,0.33061897707599575,13.557166720727864,261.8257239717545,3.096906909714639,228.69990643031454,780.7270043418774,0.3667003893053279,0.6140996748302673,1.0910438765086286,0.8247166024273462,0.3593662216885366,0.09160577817173239,263.2697464250612,3.823868491426218,233.20341553255486,0.0021534193789424557,0.0005460754198803745,0.0005977005407276382,509.2649940518854,4.794943843039378e-05,0.023444733824372566,0.06351354502178692,0.07685554290556182,0.06278500450046473,0.18654364108932672,0.01916722585496682,0.05580446793918314,0.09180688686209029,0.06572644862901644,0.23695986012116446,0.051895115208044296,0.060076464650794414,0.00757345346620875,0.011644670979982159,0.0,0.001374233064717812,1
-3.0,200.83333333333334,44.2227,0.0,200.83333333333334,20156.025925925926,-0.14669941333333333,35.23028518518519,11.213314814814815,117.4317962962963,0.15036185333333332,-268.37688864814817,254.8055939226002,-2.915143259259259,-2.7990428833333336,-4.991203111111111,-3.007833222222222,-2.111460061111111,-83.42115555555556,11022.422222222223,40.37389018518519,9675.120925925925,39065.81851851852,-2.389862074074074,-2.273763661111111,-3.940641061111111,-2.4825531111111108,-1.5861793227777778,0.5320792925925926,11088.863703703704,46.41461351851852,9741.568518518518,0.510915462962963,0.9927274444444444,0.008717804648148149,21707.166666666668,-0.0010671830555555556,0.9502183148148148,13.424885185185186,10.933462962962963,116.7505925925926,88.33435740740741,0.7609172222222222,13.272083333333333,11.709988888888889,116.68133333333334,138.18414814814815,0.06938622333333333,-49.849807407407404,0.8785778490467785,-0.00025618102330868557,-178.57142857142856,-3.023292228601714e-05,-3.0,123.13372850011332,0.0,0.0,123.13372850011332,1436.9997600064382,0.1154694810172133,2.6093075262545877,6.991367847065689,0.12335137411256143,0.43110090707460114,1980.0884864090463,224.36465733973452,1.8494242391537747,2.0362656458029016,2.8770002429628616,1.634296092581338,1.9961433363176713,42.34496953579963,736.5260117341453,15.662195696411306,685.091132467732,167309.7929901375,1.852734187482533,2.0906258333991232,2.7861096686556133,1.614979823564669,1.980939508765107,1.199272786360787,734.4211128123392,16.395331431149142,685.4555558205877,0.007149199769740607,0.002544754105826239,0.0030833009372707985,1449.5593978600975,0.00017058912721766199,0.08462903878756137,0.22491753239832982,0.21516243911554234,0.13852409619670206,0.5482039055989296,0.07180745893738355,0.22773676276176305,3.384394166942247,0.14402122485087954,0.7159949511629452,0.11293864803502465,0.20843995004385266,0.0253141068110772,0.03797068614231176,0.0,0.00448106884913181,-3.0,16.756378052870904,0.0,0.0,16.756378052870904,195.5508984732033,0.01571340607534227,0.35508177896264226,0.9514046571895286,0.01678599586927387,0.05866540277687553,269.4559131812237,30.53216259981901,0.25167476132565303,0.27710065627644287,0.39151014361790226,0.22239952863603413,0.27164070152417374,5.762420474244853,100.22849505754398,2.131354872656796,93.22909454730117,22767.97898869548,0.2521251882412328,0.2844981408282603,0.3791415030911646,0.21977091736796908,0.2695717226552265,0.16320035494387497,99.94205459540179,2.2311220094516924,93.27868628423732,0.0009728828613937486,0.0003462971711181528,0.00041958411220881,197.26004870073714,2.321423985277765e-05,0.011516553469540627,0.030607399365656224,0.02927989931365172,0.018850741820118443,0.07460110242879198,0.009771757451246957,0.030991048024421368,0.4605577109700141,0.019598806278627732,0.09743457159767648,0.015369003329199578,0.02836508442325862,0.0034448136100806324,0.005167155901779557,0.0,0.0006097962323696438,1
