detuning(MHz),scaled_transfer
-5399999.999999998,0.0001896258610215
-5399719.971997198,0.0001896215819301
-5399439.943994397,0.0001896174359795
-5399159.915991597,0.0001896134246214
-5398879.887988797,0.0001896095492668
-5398599.859985997,0.0001896058112859
-5398319.831983197,0.0001896022120073
-5398039.803980396,0.0001895987527179
-5397759.775977596,0.0001895954346625
-5397479.747974795,0.000189592259043
-5397199.719971996,0.0001895892270183
-5396919.691969195,0.0001895863397039
-5396639.663966395,0.0001895835981712
-5396359.635963595,0.0001895810034477
-5396079.607960794,0.0001895785565161
-5395799.579957994,0.0001895762583143
-5395519.551955193,0.0001895741097349
-5395239.523952394,0.0001895721116249
-5394959.495949593,0.0001895702647857
-5394679.467946793,0.0001895685699723
-5394399.4399439925,0.0001895670278934
-5394119.411941192,0.0001895656392109
-5393839.383938392,0.0001895644045401
-5393559.355935591,0.000189563324449
-5393279.327932792,0.0001895623994581
-5392999.299929991,0.0001895616300406
-5392719.271927191,0.0001895610166219
-5392439.2439243905,0.0001895605595794
-5392159.21592159,0.0001895602592427
-5391879.18791879,0.0001895601158929
-5391599.15991599,0.0001895601297629
-5391319.13191319,0.0001895603010374
-5391039.103910389,0.0001895606298522
-5390759.075907589,0.0001895611162947
-5390479.0479047885,0.0001895617604037
-5390199.019901988,0.0001895625621691
-5389918.991899188,0.0001895635215321
-5389638.963896388,0.0001895646383853
-5389358.935893588,0.0001895659125722
-5389078.907890787,0.0001895673438878
-5388798.879887987,0.0001895689320781
-5388518.8518851865,0.0001895706768408
-5388238.823882386,0.0001895725778244
-5387958.795879587,0.0001895746346293
-5387678.767876786,0.000189576846807
-5387398.739873986,0.000189579213861
-5387118.711871185,0.0001895817352461
-5386838.683868385,0.0001895844103693
-5386558.6558655845,0.0001895872385894
-5386278.627862784,0.0001895902192173
-5385998.599859985,0.0001895933515164
-5385718.571857184,0.0001895966347025
-5385438.543854384,0.0001896000679441
-5385158.515851583,0.0001896036503627
-5384878.487848783,0.0001896073810329
-5384598.4598459825,0.0001896112589828
-5384318.431843182,0.0001896152831941
-5384038.403840383,0.0001896194526026
-5383758.375837582,0.0001896237660981
-5383478.347834782,0.0001896282225252
-5383198.319831981,0.0001896328206833
-5382918.291829181,0.000189637559327
-5382638.2638263805,0.0001896424371664
-5382358.235823581,0.0001896474528676
-5382078.207820781,0.000189652605053
-5381798.17981798,0.0001896578923018
-5381518.15181518,0.00018966331315
-5381238.123812379,0.0001896688660914
-5380958.095809579,0.0001896745495777
-5380678.0678067785,0.0001896803620189
-5380398.039803979,0.0001896863017839
-5380118.011801179,0.0001896923672009
-5379837.983798378,0.0001896985565579
-5379557.955795578,0.0001897048681033
-5379277.927792777,0.0001897113000462
-5378997.899789977,0.0001897178505572
-5378717.871787177,0.0001897245177685
-5378437.843784377,0.0001897312997749
-5378157.815781577,0.0001897381946342
-5377877.787778776,0.0001897452003678
-5377597.759775976,0.0001897523149609
-5377317.731773175,0.0001897595363638
-5377037.703770375,0.0001897668624919
-5376757.675767575,0.0001897742912268
-5376477.647764775,0.0001897818204163
-5376197.619761975,0.0001897894478757
-5375917.591759174,0.0001897971713882
-5375637.563756374,0.0001898049887052
-5375357.535753573,0.0001898128975476
-5375077.507750773,0.0001898208956061
-5374797.479747973,0.0001898289805418
-5374517.451745173,0.0001898371499873
-5374237.423742373,0.0001898454015471
-5373957.395739572,0.0001898537327982
-5373677.367736772,0.0001898621412913
-5373397.339733971,0.0001898706245511
-5373117.311731172,0.0001898791800772
-5372837.283728371,0.0001898878053447
-5372557.255725571,0.0001898964978055
-5372277.227722771,0.0001899052548884
-5371997.19971997,0.0001899140740002
-5371717.17171717,0.0001899229525264
-5371437.143714369,0.0001899318878321
-5371157.11571157,0.0001899408772627
-5370877.087708769,0.0001899499181448
-5370597.059705969,0.0001899590077869
-5370317.0317031685,0.0001899681434803
-5370037.003700368,0.0001899773224997
-5369756.975697568,0.0001899865421044
-5369476.947694767,0.000189995799539
-5369196.919691968,0.0001900050920341
-5368916.891689167,0.0001900144168073
-5368636.863686367,0.0001900237710638
-5368356.8356835665,0.0001900331519977
-5368076.807680766,0.0001900425567924
-5367796.779677966,0.0001900519826218
-5367516.751675166,0.000190061426651
-5367236.723672366,0.0001900708860371
-5366956.695669565,0.0001900803579303
-5366676.667666765,0.0001900898394746
-5366396.6396639645,0.0001900993278088
-5366116.611661164,0.0001901088200671
-5365836.583658364,0.0001901183133805
-5365556.555655564,0.000190127804877
-5365276.527652764,0.0001901372916831
-5364996.499649963,0.0001901467709246
-5364716.471647163,0.0001901562397269
-5364436.4436443625,0.0001901656952168
-5364156.415641562,0.0001901751345225
-5363876.387638763,0.0001901845547751
-5363596.359635962,0.0001901939531095
-5363316.331633162,0.0001902033266646
-5363036.303630361,0.0001902126725851
-5362756.275627561,0.0001902219880217
-5362476.2476247605,0.0001902312701325
-5362196.21962196,0.0001902405160833
-5361916.191619161,0.0001902497230491
-5361636.16361636,0.0001902588882146
-5361356.13561356,0.0001902680087751
-5361076.107610759,0.0001902770819375
-5360796.079607959,0.0001902861049211
-5360516.0516051585,0.0001902950749587
-5360236.023602358,0.0001903039892969
-5359955.995599559,0.0001903128451975
-5359675.967596758,0.0001903216399384
-5359395.939593958,0.0001903303708138
-5359115.911591157,0.0001903390351358
-5358835.883588357,0.0001903476302348
-5358555.8555855565,0.0001903561534606
-5358275.827582757,0.000190364602183
-5357995.799579957,0.0001903729737928
-5357715.771577156,0.0001903812657024
-5357435.743574356,0.0001903894753471
-5357155.715571555,0.0001903976001853
-5356875.687568755,0.0001904056376997
-5356595.6595659545,0.000190413585398
-5356315.631563155,0.0001904214408138
-5356035.603560355,0.0001904292015071
-5355755.575557554,0.0001904368650653
-5355475.547554754,0.0001904444291039
-5355195.519551953,0.0001904518912674
-5354915.491549153,0.0001904592492297
-5354635.463546353,0.0001904665006954
-5354355.435543553,0.0001904736433999
-5354075.407540753,0.0001904806751106
-5353795.379537952,0.0001904875936274
-5353515.351535152,0.0001904943967834
-5353235.323532351,0.0001905010824459
-5352955.295529551,0.0001905076485165
-5352675.267526751,0.0001905140929324
-5352395.239523951,0.0001905204136667
-5352115.211521151,0.000190526608729
-5351835.18351835,0.0001905326761664
-5351555.15551555,0.0001905386140638
-5351275.127512749,0.0001905444205448
-5350995.099509949,0.0001905500937719
-5350715.071507149,0.0001905556319476
-5350435.043504349,0.0001905610333147
-5350155.015501549,0.0001905662961569
-5349874.987498748,0.0001905714187992
-5349594.959495948,0.000190576399609
-5349314.931493147,0.0001905812369961
-5349034.903490348,0.0001905859294134
-5348754.875487547,0.0001905904753574
-5348474.847484747,0.0001905948733689
-5348194.8194819465,0.000190599122033
-5347914.791479146,0.0001906032199803
-5347634.763476346,0.0001906071658865
-5347354.735473545,0.0001906109584737
-5347074.707470746,0.0001906145965101
-5346794.679467945,0.000190618078811
-5346514.651465145,0.0001906214042388
-5346234.6234623445,0.0001906245717036
-5345954.595459544,0.0001906275801635
-5345674.567456744,0.0001906304286251
-5345394.539453944,0.0001906331161435
-5345114.511451144,0.0001906356418231
-5344834.483448343,0.0001906380048175
-5344554.455445543,0.00019064020433
-5344274.4274427425,0.0001906422396141
-5343994.399439942,0.0001906441099733
-5343714.371437142,0.0001906458147615
-5343434.343434342,0.0001906473533838
-5343154.315431542,0.0001906487252958
-5342874.287428741,0.0001906499300044
-5342594.259425941,0.0001906509670681
-5342314.2314231405,0.0001906518360967
-5342034.20342034,0.0001906525367518
-5341754.17541754,0.0001906530687468
-5341474.14741474,0.0001906534318473
-5341194.11941194,0.0001906536258707
-5340914.091409139,0.000190653650687
-5340634.063406339,0.000190653506218
-5340354.0354035385,0.0001906531924384
-5340074.007400738,0.0001906527093748
-5339793.979397939,0.0001906520571067
-5339513.951395138,0.0001906512357658
-5339233.923392338,0.0001906502455363
-5338953.895389537,0.0001906490866549
-5338673.867386737,0.0001906477594107
-5338393.8393839365,0.0001906462641453
-5338113.811381136,0.0001906446012524
-5337833.783378337,0.0001906427711781
-5337553.755375536,0.0001906407744206
-5337273.727372736,0.0001906386115302
-5336993.699369935,0.000190636283109
-5336713.671367135,0.000190633789811
-5336433.6433643345,0.0001906311323416
-5336153.615361534,0.0001906283114579
-5335873.587358735,0.000190625327968
-5335593.559355934,0.0001906221827312
-5335313.531353134,0.0001906188766574
-5335033.503350333,0.0001906154107074
-5334753.475347533,0.0001906117858921
-5334473.4473447325,0.0001906080032724
-5334193.419341933,0.0001906040639592
-5333913.391339133,0.0001905999691125
-5333633.363336332,0.0001905957199417
-5333353.335333532,0.000190591317705
-5333073.307330731,0.000190586763709
-5332793.279327931,0.0001905820593083
-5332513.25132513,0.0001905772059054
-5332233.223322331,0.0001905722049501
-5331953.195319531,0.000190567057939
-5331673.16731673,0.0001905617664151
-5331393.13931393,0.0001905563319679
-5331113.111311129,0.0001905507562319
-5330833.083308329,0.0001905450408872
-5330553.055305529,0.0001905391876583
-5330273.027302729,0.0001905331983139
-5329992.999299929,0.0001905270746665
-5329712.971297128,0.0001905208185716
-5329432.943294328,0.0001905144319271
-5329152.915291527,0.0001905079166732
-5328872.887288727,0.0001905012747916
-5328592.859285927,0.0001904945083045
-5328312.831283127,0.0001904876192749
-5328032.803280327,0.0001904806098052
-5327752.775277526,0.0001904734820368
-5327472.747274726,0.0001904662381499
-5327192.719271925,0.000190458880362
-5326912.691269125,0.0001904514109283
-5326632.663266325,0.0001904438321401
-5326352.635263525,0.0001904361463245
-5326072.6072607245,0.0001904283558441
-5325792.579257924,0.0001904204630954
-5325512.551255124,0.0001904124705091
-5325232.523252323,0.0001904043805484
-5324952.495249524,0.0001903961957092
-5324672.467246723,0.0001903879185185
-5324392.439243923,0.0001903795515344
-5324112.4112411225,0.0001903710973446
-5323832.383238322,0.0001903625585665
-5323552.355235522,0.0001903539378454
-5323272.327232721,0.0001903452378546
-5322992.299229922,0.000190336461294
-5322712.271227121,0.0001903276108897
-5322432.243224321,0.0001903186893928
-5322152.2152215205,0.000190309699579
-5321872.18721872,0.0001903006442472
-5321592.15921592,0.0001902915262192
-5321312.13121312,0.0001902823483387
-5321032.10321032,0.0001902731134701
-5320752.075207519,0.0001902638244982
-5320472.047204719,0.0001902544843266
-5320192.0192019185,0.0001902450958777
-5319911.991199118,0.0001902356620911
-5319631.963196318,0.000190226185923
-5319351.935193518,0.0001902166703451
-5319071.907190718,0.0001902071183442
-5318791.879187917,0.0001901975329207
-5318511.851185117,0.0001901879170879
-5318231.8231823165,0.0001901782738712
-5317951.795179516,0.000190168606307
-5317671.767176716,0.000190158917442
-5317391.739173916,0.0001901492103318
-5317111.711171116,0.0001901394880406
-5316831.683168315,0.0001901297536398
-5316551.655165515,0.0001901200102071
-5316271.6271627145,0.0001901102608259
-5315991.599159914,0.0001901005085838
-5315711.571157115,0.0001900907565721
-5315431.543154314,0.0001900810078848
-5315151.515151514,0.0001900712656172
-5314871.487148713,0.0001900615328657
-5314591.459145913,0.000190051812726
-5314311.4311431125,0.000190042108293
-5314031.403140312,0.000190032422659
-5313751.375137513,0.0001900227589135
-5313471.347134712,0.0001900131201417
-5313191.319131912,0.0001900035094237
-5312911.291129111,0.0001899939298336
-5312631.263126311,0.0001899843844388
-5312351.2351235105,0.0001899748762983
-5312071.207120711,0.0001899654084625
-5311791.179117911,0.0001899559839721
-5311511.15111511,0.0001899466058566
-5311231.12311231,0.0001899372771342
-5310951.095109509,0.0001899280008101
-5310671.067106709,0.000189918779876
-5310391.039103908,0.0001899096173092
-5310111.011101109,0.0001899005160713
-5309830.983098309,0.0001898914791076
-5309550.955095508,0.000189882509346
-5309270.927092708,0.0001898736096963
-5308990.899089907,0.0001898647830488
-5308710.871087107,0.0001898560322741
-5308430.843084306,0.0001898473602216
-5308150.815081507,0.0001898387697189
-5307870.787078707,0.0001898302635706
-5307590.759075906,0.000189821844558
-5307310.731073106,0.0001898135154376
-5307030.703070305,0.0001898052789406
-5306750.675067505,0.0001897971377717
-5306470.647064705,0.0001897890946088
-5306190.619061905,0.0001897811521015
-5305910.591059105,0.0001897733128708
-5305630.563056304,0.0001897655795077
-5305350.535053504,0.0001897579545732
-5305070.507050703,0.0001897504405964
-5304790.479047903,0.0001897430400748
-5304510.451045103,0.0001897357554726
-5304230.423042303,0.0001897285892205
-5303950.3950395025,0.0001897215437146
-5303670.367036702,0.0001897146213158
-5303390.339033902,0.0001897078243489
-5303110.311031101,0.0001897011551019
-5302830.283028301,0.0001896946158254
-5302550.255025501,0.0001896882087317
-5302270.227022701,0.0001896819359941
-5301990.1990199005,0.0001896757997463
-5301710.1710171,0.0001896698020816
-5301430.1430143,0.0001896639450524
-5301150.115011499,0.000189658230669
-5300870.0870087,0.0001896526608998
-5300590.059005899,0.0001896472376699
-5300310.031003099,0.0001896419628608
-5300030.0030002985,0.0001896368383099
-5299749.974997498,0.0001896318658094
-5299469.946994698,0.0001896270471064
-5299189.918991897,0.0001896223839017
-5298909.890989098,0.0001896178778497
-5298629.862986297,0.0001896135305574
-5298349.834983497,0.0001896093435843
-5298069.8069806965,0.0001896053184416
-5297789.778977896,0.0001896014565918
-5297509.750975096,0.000189597759448
-5297229.722972296,0.000189594228374
-5296949.694969496,0.0001895908646831
-5296669.666966695,0.0001895876696381
-5296389.638963895,0.0001895846444506
-5296109.6109610945,0.0001895817902811
-5295829.582958294,0.0001895791082377
-5295549.554955494,0.0001895765993768
-5295269.526952694,0.0001895742647018
-5294989.498949894,0.0001895721051633
-5294709.470947093,0.0001895701216583
-5294429.442944293,0.0001895683150306
-5294149.4149414925,0.0001895666860696
-5293869.386938692,0.0001895652355108
-5293589.358935893,0.000189563964035
-5293309.330933092,0.0001895628722683
-5293029.302930292,0.0001895619607816
-5292749.274927491,0.0001895612300909
-5292469.246924691,0.0001895606806564
-5292189.2189218905,0.0001895603128829
-5291909.19091909,0.0001895601271193
-5291629.162916291,0.0001895601236586
-5291349.13491349,0.0001895603027376
-5291069.10691069,0.0001895606645369
-5290789.078907889,0.0001895612091807
-5290509.050905089,0.0001895619367371
-5290229.0229022885,0.0001895628472173
-5289948.994899488,0.0001895639405761
-5289668.966896689,0.0001895652167119
-5289388.938893888,0.0001895666754664
-5289108.910891088,0.0001895683166246
-5288828.882888287,0.000189570139915
-5288548.854885487,0.0001895721450096
-5288268.8268826865,0.0001895743315238
-5287988.798879887,0.0001895766990169
-5287708.770877087,0.0001895792469914
-5287428.742874286,0.0001895819748939
-5287148.714871486,0.0001895848821149
-5286868.686868685,0.0001895879679888
-5286588.658865885,0.0001895912317943
-5286308.630863084,0.0001895946727543
-5286028.602860285,0.0001895982900365
-5285748.574857485,0.0001896020827533
-5285468.546854684,0.000189606049962
-5285188.518851884,0.0001896101906652
-5284908.490849083,0.0001896145038111
-5284628.462846283,0.0001896189882936
-5284348.434843482,0.0001896236429525
-5284068.406840683,0.0001896284665744
-5283788.378837883,0.0001896334578923
-5283508.350835082,0.0001896386155864
-5283228.322832282,0.0001896439382841
-5282948.294829481,0.0001896494245611
-5282668.266826681,0.0001896550729407
-5282388.238823881,0.0001896608818953
-5282108.210821081,0.0001896668498461
-5281828.1828182805,0.0001896729751638
-5281548.15481548,0.0001896792561692
-5281268.12681268,0.0001896856911332
-5280988.098809879,0.0001896922782779
-5280708.070807079,0.0001896990157768
-5280428.042804279,0.0001897059017552
-5280148.014801479,0.0001897129342911
-5279867.9867986785,0.0001897201114152
-5279587.958795878,0.000189727431112
-5279307.930793078,0.0001897348913204
-5279027.902790277,0.0001897424899336
-5278747.874787478,0.0001897502248007
-5278467.846784677,0.0001897580937263
-5278187.818781877,0.0001897660944722
-5277907.7907790765,0.0001897742247571
-5277627.762776276,0.0001897824822579
-5277347.734773476,0.0001897908646102
-5277067.706770675,0.0001897993694086
-5276787.678767876,0.0001898079942083
-5276507.650765075,0.0001898167365249
-5276227.622762275,0.0001898255938357
-5275947.5947594745,0.0001898345635803
-5275667.566756674,0.0001898436431611
-5275387.538753874,0.0001898528299445
-5275107.510751073,0.0001898621212615
-5274827.482748274,0.0001898715144085
-5274547.454745473,0.0001898810066478
-5274267.426742673,0.000189890595209
-5273987.3987398725,0.0001899002772896
-5273707.370737072,0.0001899100500554
-5273427.342734272,0.000189919910642
-5273147.314731472,0.0001899298561553
-5272867.286728672,0.0001899398836724
-5272587.258725871,0.0001899499902427
-5272307.230723071,0.0001899601728884
-5272027.2027202705,0.0001899704286058
-5271747.17471747,0.0001899807543657
-5271467.14671467,0.0001899911471151
-5271187.11871187,0.0001900016037772
-5270907.09070907,0.000190012121253
-5270627.062706269,0.0001900226964221
-5270347.034703469,0.0001900333261435
-5270067.0067006685,0.0001900440072565
-5269786.978697868,0.0001900547365818
-5269506.950695069,0.0001900655109228
-5269226.922692268,0.0001900763270657
-5268946.894689468,0.0001900871817814
-5268666.866686667,0.0001900980718259
-5268386.838683867,0.0001901089939414
-5268106.8106810665,0.0001901199448577
-5267826.782678266,0.0001901309212926
-5267546.754675467,0.0001901419199531
-5267266.726672666,0.0001901529375369
-5266986.698669866,0.0001901639707324
-5266706.670667065,0.0001901750162209
-5266426.642664265,0.0001901860706767
-5266146.6146614645,0.0001901971307685
-5265866.586658664,0.0001902081931604
-5265586.558655865,0.0001902192545129
-5265306.530653064,0.0001902303114842
-5265026.502650264,0.0001902413607304
-5264746.474647463,0.0001902523989077
-5264466.446644663,0.0001902634226725
-5264186.418641862,0.0001902744286827
-5263906.390639063,0.0001902854135992
-5263626.362636263,0.0001902963740862
-5263346.334633462,0.0001903073068125
-5263066.306630662,0.0001903182084531
-5262786.278627861,0.0001903290756892
-5262506.250625061,0.00019033990521
-5262226.22262226,0.0001903506937136
-5261946.194619461,0.0001903614379078
-5261666.166616661,0.0001903721345113
-5261386.13861386,0.0001903827802547
-5261106.11061106,0.0001903933718815
-5260826.082608259,0.0001904039061491
-5260546.054605459,0.0001904143798298
-5260266.026602659,0.0001904247897121
-5259985.998599859,0.0001904351326011
-5259705.970597059,0.0001904454053201
-5259425.942594258,0.0001904556047113
-5259145.914591458,0.0001904657276368
-5258865.886588657,0.0001904757709798
-5258585.858585857,0.0001904857316452
-5258305.830583057,0.000190495606561
-5258025.802580257,0.0001905053926789
-5257745.7745774565,0.0001905150869755
-5257465.746574656,0.0001905246864534
-5257185.718571856,0.0001905341881415
-5256905.690569055,0.0001905435890969
-5256625.662566255,0.0001905528864048
-5256345.634563455,0.0001905620771803
-5256065.606560655,0.0001905711585689
-5255785.5785578545,0.0001905801277474
-5255505.550555054,0.0001905889819249
-5255225.522552254,0.0001905977183437
-5254945.494549453,0.0001906063342801
-5254665.466546654,0.0001906148270452
-5254385.438543853,0.0001906231939863
-5254105.410541053,0.0001906314324868
-5253825.3825382525,0.0001906395399679
-5253545.354535452,0.0001906475138891
-5253265.326532652,0.0001906553517488
-5252985.298529851,0.0001906630510857
-5252705.270527052,0.0001906706094789
-5252425.242524251,0.0001906780245491
-5252145.214521451,0.0001906852939595
-5251865.1865186505,0.0001906924154159
-5251585.15851585,0.0001906993866685
-5251305.13051305,0.0001907062055114
-5251025.102510249,0.0001907128697844
-5250745.07450745,0.0001907193773731
-5250465.046504649,0.0001907257262098
-5250185.018501849,0.000190731914274
-5249904.9904990485,0.0001907379395934
-5249624.962496248,0.0001907438002443
-5249344.934493448,0.0001907494943521
-5249064.906490648,0.0001907550200924
-5248784.878487848,0.0001907603756911
-5248504.850485047,0.0001907655594254
-5248224.822482247,0.0001907705696241
-5247944.7944794465,0.0001907754046683
-5247664.766476646,0.0001907800629919
-5247384.738473846,0.000190784543082
-5247104.710471046,0.0001907888434798
-5246824.682468246,0.0001907929627806
-5246544.654465445,0.0001907968996349
-5246264.626462645,0.000190800652748
-5245984.5984598445,0.0001908042208815
-5245704.570457044,0.0001908076028527
-5245424.542454245,0.0001908107975358
-5245144.514451444,0.0001908138038619
-5244864.486448644,0.0001908166208195
-5244584.458445843,0.0001908192474548
-5244304.430443043,0.0001908216828722
-5244024.4024402425,0.0001908239262344
-5243744.374437442,0.0001908259767629
-5243464.346434643,0.0001908278337382
-5243184.318431842,0.0001908294965001
-5242904.290429042,0.0001908309644481
-5242624.262426241,0.0001908322370412
-5242344.234423441,0.0001908333137986
-5242064.20642064,0.0001908341942998
-5241784.178417841,0.0001908348781846
-5241504.150415041,0.0001908353651533
-5241224.12241224,0.0001908356549671
-5240944.09440944,0.0001908357474478
-5240664.066406639,0.0001908356424785
-5240384.038403839,0.000190835340003
-5240104.010401038,0.0001908348400264
-5239823.982398239,0.0001908341426149
-5239543.954395439,0.0001908332478959
-5239263.926392638,0.0001908321560583
-5238983.898389838,0.0001908308673517
-5238703.870387037,0.0001908293820873
-5238423.842384237,0.0001908277006373
-5238143.814381436,0.0001908258234351
-5237863.786378637,0.0001908237509749
-5237583.758375837,0.0001908214838121
-5237303.730373036,0.0001908190225626
-5237023.702370236,0.0001908163679033
-5236743.674367435,0.0001908135205714
-5236463.646364635,0.0001908104813643
-5236183.618361834,0.0001908072511399
-5235903.590359035,0.0001908038308158
-5235623.5623562345,0.0001908002213693
-5235343.534353434,0.0001907964238373
-5235063.506350634,0.0001907924393157
-5234783.478347833,0.0001907882689594
-5234503.450345033,0.000190783913982
-5234223.422342233,0.0001907793756551
-5233943.394339433,0.0001907746553086
-5233663.3663366325,0.0001907697543297
-5233383.338333832,0.0001907646741629
-5233103.310331032,0.0001907594163094
-5232823.282328231,0.0001907539823271
-5232543.254325431,0.0001907483738294
-5232263.226322631,0.0001907425924856
-5231983.198319831,0.0001907366400198
-5231703.1703170305,0.0001907305182109
-5231423.14231423,0.0001907242288917
-5231143.11431143,0.0001907177739485
-5230863.086308629,0.0001907111553207
-5230583.05830583,0.0001907043750002
-5230303.030303029,0.0001906974350307
-5230023.002300229,0.0001906903375073
-5229742.9742974285,0.0001906830845757
-5229462.946294628,0.0001906756784317
-5229182.918291828,0.0001906681213207
-5228902.890289027,0.0001906604155366
-5228622.862286228,0.0001906525634218
-5228342.834283427,0.0001906445673659
-5228062.806280627,0.0001906364298054
-5227782.7782778265,0.0001906281532227
-5227502.750275026,0.0001906197401457
-5227222.722272226,0.0001906111931469
-5226942.694269426,0.0001906025148423
-5226662.666266626,0.0001905937078914
-5226382.638263825,0.0001905847749957
-5226102.610261025,0.0001905757188983
-5225822.5822582245,0.0001905665423829
-5225542.554255424,0.0001905572482731
-5225262.526252624,0.0001905478394314
-5224982.498249824,0.0001905383187586
-5224702.470247024,0.0001905286891928
-5224422.442244223,0.0001905189537084
-5224142.414241423,0.0001905091153154
-5223862.3862386225,0.0001904991770585
-5223582.358235822,0.000190489142016
-5223302.330233022,0.0001904790132991
-5223022.302230222,0.0001904687940509
-5222742.274227422,0.0001904584874454
-5222462.246224621,0.0001904480966864
-5222182.218221821,0.0001904376250071
-5221902.1902190205,0.0001904270756684
-5221622.16221622,0.0001904164519584
-5221342.134213421,0.0001904057571913
-5221062.10621062,0.0001903949947063
-5220782.07820782,0.0001903841678667
-5220502.050205019,0.0001903732800588
-5220222.022202219,0.000190362334691
-5219941.994199418,0.0001903513351925
-5219661.966196618,0.0001903402850127
-5219381.938193819,0.0001903291876196
-5219101.910191018,0.0001903180464993
-5218821.882188218,0.0001903068651545
-5218541.854185417,0.0001902956471037
-5218261.826182617,0.0001902843958801
-5217981.798179816,0.0001902731150301
-5217701.770177016,0.0001902618081131
-5217421.742174217,0.0001902504786995
-5217141.714171416,0.00019023913037
-5216861.686168616,0.0001902277667147
-5216581.658165815,0.0001902163913317
-5216301.630163015,0.000190205007826
-5216021.602160214,0.0001901936198086
-5215741.574157415,0.0001901822308952
-5215461.546154615,0.000190170844705
-5215181.518151814,0.0001901594648601
-5214901.490149014,0.0001901480949837
-5214621.462146213,0.0001901367386994
-5214341.434143413,0.0001901253996301
-5214061.406140612,0.0001901140813965
-5213781.378137813,0.0001901027876164
-5213501.3501350125,0.0001900915219035
-5213221.322132212,0.0001900802878661
-5212941.294129412,0.0001900690891059
-5212661.266126611,0.0001900579292174
-5212381.238123811,0.0001900468117862
-5212101.210121011,0.0001900357403882
-5211821.182118211,0.0001900247185883
-5211541.1541154105,0.0001900137499396
-5211261.12611261,0.0001900028379819
-5210981.09810981,0.0001899919862409
-5210701.070107009,0.0001899811982269
-5210421.042104209,0.0001899704774337
-5210141.014101409,0.0001899598273378
-5209860.986098609,0.0001899492513969
-5209580.9580958085,0.0001899387530492
-5209300.930093008,0.0001899283357118
-5209020.902090208,0.0001899180027802
-5208740.874087407,0.000189907757627
-5208460.846084608,0.0001898976036006
-5208180.818081807,0.0001898875440246
-5207900.790079007,0.0001898775821963
-5207620.7620762065,0.000189867721386
-5207340.734073406,0.0001898579648358
-5207060.706070606,0.0001898483157585
-5206780.678067805,0.0001898387773368
-5206500.650065006,0.0001898293527221
-5206220.622062205,0.0001898200450336
-5205940.594059405,0.0001898108573572
-5205660.5660566045,0.0001898017927448
-5205380.538053804,0.0001897928542127
-5205100.510051004,0.0001897840447414
-5204820.482048203,0.0001897753672743
-5204540.454045404,0.0001897668247164
-5204260.426042603,0.000189758419934
-5203980.398039803,0.0001897501557535
-5203700.3700370025,0.0001897420349603
-5203420.342034202,0.0001897340602983
-5203140.314031402,0.0001897262344685
-5202860.286028602,0.0001897185601287
-5202580.258025802,0.0001897110398923
-5202300.230023001,0.0001897036763274
-5202020.202020201,0.0001896964719561
-5201740.1740174005,0.0001896894292537
-5201460.1460146,0.0001896825506478
-5201180.1180118,0.0001896758385176
-5200900.090009,0.000189669295193
-5200620.0620062,0.000189662922954
-5200340.034003399,0.0001896567240297
-5200060.006000599,0.0001896507005978
-5199779.9779977985,0.0001896448547839
-5199499.949994998,0.0001896391886605
-5199219.921992198,0.0001896337042465
-5198939.893989398,0.0001896284035067
-5198659.865986598,0.0001896232883508
-5198379.837983797,0.0001896183606331
-5198099.809980997,0.0001896136221514
-5197819.781978196,0.000189609074647
-5197539.753975396,0.0001896047198037
-5197259.725972597,0.0001896005592473
-5196979.697969796,0.0001895965945449
-5196699.669966996,0.0001895928272049
-5196419.641964195,0.0001895892586759
-5196139.613961395,0.0001895858903463
-5195859.585958594,0.0001895827235442
-5195579.557955794,0.0001895797595364
-5195299.529952995,0.0001895769995283
-5195019.501950194,0.0001895744446634
-5194739.473947394,0.0001895720960229
-5194459.445944593,0.0001895699546252
-5194179.417941793,0.0001895680214255
-5193899.389938992,0.0001895662973159
-5193619.361936193,0.0001895647831243
-5193339.333933393,0.0001895634796148
-5193059.305930592,0.0001895623874869
-5192779.277927792,0.0001895615073755
-5192499.249924991,0.0001895608398505
-5192219.221922191,0.0001895603854169
-5191939.19391939,0.000189560144514
-5191659.165916591,0.0001895601175157
-5191379.1379137905,0.0001895603047299
-5191099.10991099,0.000189560706399
-5190819.08190819,0.0001895613226989
-5190539.053905389,0.0001895621537396
-5190259.025902589,0.0001895631995648
-5189978.997899788,0.0001895644601519
-5189698.969896989,0.0001895659354117
-5189418.9418941885,0.0001895676251888
-5189138.913891388,0.0001895695292612
-5188858.885888588,0.0001895716473406
-5188578.857885787,0.0001895739790722
-5188298.829882987,0.0001895765240349
-5188018.801880187,0.0001895792817412
-5187738.773877387,0.0001895822516375
-5187458.7458745865,0.000189585433104
-5187178.717871786,0.0001895888254552
-5186898.689868986,0.0001895924279394
-5186618.661866185,0.0001895962397394
-5186338.633863385,0.0001896002599728
-5186058.605860585,0.0001896044876916
-5185778.577857785,0.000189608921883
-5185498.5498549845,0.0001896135614694
-5185218.521852184,0.0001896184053086
-5184938.493849384,0.0001896234521944
-5184658.465846583,0.0001896287008565
-5184378.437843783,0.0001896341499613
-5184098.409840983,0.0001896397981119
-5183818.381838183,0.0001896456438484
-5183538.3538353825,0.0001896516856488
-5183258.325832582,0.0001896579219289
-5182978.297829782,0.0001896643510428
-5182698.269826981,0.0001896709712837
-5182418.241824182,0.0001896777808841
-5182138.213821381,0.000189684778016
-5181858.185818581,0.0001896919607923
-5181578.1578157805,0.0001896993272663
-5181298.12981298,0.0001897068754328
-5181018.10181018,0.0001897146032287
-5180738.073807379,0.0001897225085334
-5180458.04580458,0.0001897305891694
-5180178.017801779,0.0001897388429031
-5179897.989798979,0.0001897472674452
-5179617.9617961785,0.0001897558604514
-5179337.933793378,0.0001897646195234
-5179057.905790578,0.0001897735422091
-5178777.877787778,0.0001897826260036
-5178497.849784978,0.0001897918683499
-5178217.821782177,0.0001898012666396
-5177937.793779377,0.0001898108182138
-5177657.7657765765,0.0001898205203633
-5177377.737773776,0.0001898303703304
-5177097.709770976,0.0001898403653087
-5176817.681768176,0.0001898505024446
-5176537.653765376,0.0001898607788378
-5176257.625762575,0.0001898711915422
-5175977.597759775,0.000189881737567
-5175697.5697569745,0.0001898924138771
-5175417.541754174,0.0001899032173947
-5175137.513751375,0.0001899141449994
-5174857.485748574,0.0001899251935298
-5174577.457745774,0.000189936359784
-5174297.429742973,0.0001899476405209
-5174017.401740173,0.0001899590324608
-5173737.373737372,0.0001899705322866
-5173457.345734572,0.0001899821366449
-5173177.317731773,0.0001899938421468
-5172897.289728972,0.0001900056453688
-5172617.261726172,0.0001900175428541
-5172337.233723371,0.0001900295311137
-5172057.205720571,0.0001900416066269
-5171777.17771777,0.0001900537658432
-5171497.14971497,0.0001900660051826
-5171217.121712171,0.0001900783210371
-5170937.09370937,0.0001900907097715
-5170657.06570657,0.0001901031677249
-5170377.037703769,0.0001901156912115
-5170097.009700969,0.0001901282765218
-5169816.981698168,0.0001901409199237
-5169536.953695369,0.0001901536176637
-5169256.9256925685,0.0001901663659679
-5168976.897689768,0.0001901791610433
-5168696.869686968,0.000190191999079
-5168416.841684167,0.000190204876247
-5168136.813681367,0.000190217788704
-5167856.785678566,0.0001902307325917
-5167576.757675767,0.000190243704039
-5167296.7296729665,0.0001902566991623
-5167016.701670166,0.0001902697140672
-5166736.673667366,0.0001902827448494
-5166456.645664565,0.0001902957875963
-5166176.617661765,0.0001903088383878
-5165896.589658964,0.0001903218932975
-5165616.561656165,0.0001903349483943
-5165336.5336533645,0.0001903479997432
-5165056.505650564,0.0001903610434068
-5164776.477647764,0.0001903740754463
-5164496.449644963,0.0001903870919228
-5164216.421642163,0.0001904000888987
-5163936.393639363,0.0001904130624386
-5163656.365636563,0.0001904260086106
-5163376.3376337625,0.0001904389234877
-5163096.309630962,0.0001904518031489
-5162816.281628162,0.0001904646436804
-5162536.253625361,0.0001904774411768
-5162256.225622561,0.0001904901917424
-5161976.197619761,0.0001905028914924
-5161696.169616961,0.000190515536554
-5161416.1416141605,0.0001905281230677
-5161136.11361136,0.0001905406471886
-5160856.08560856,0.0001905531050873
-5160576.057605759,0.0001905654929514
-5160296.02960296,0.0001905778069868
-5160016.001600159,0.0001905900434182
-5159735.973597359,0.0001906021984912
-5159455.9455945585,0.0001906142684729
-5159175.917591758,0.0001906262496531
-5158895.889588958,0.0001906381383458
-5158615.861586157,0.00019064993089
-5158335.833583358,0.0001906616236511
-5158055.805580557,0.0001906732130219
-5157775.777577757,0.0001906846954238
-5157495.7495749565,0.000190696067308
-5157215.721572156,0.0001907073251564
-5156935.693569356,0.000190718465483
-5156655.665566556,0.000190729484835
-5156375.637563756,0.0001907403797935
-5156095.609560955,0.0001907511469751
-5155815.581558155,0.0001907617830327
-5155535.5535553545,0.0001907722846564
-5155255.525552554,0.0001907826485753
-5154975.497549754,0.0001907928715574
-5154695.469546954,0.0001908029504118
-5154415.441544154,0.0001908128819888
-5154135.413541353,0.0001908226631817
-5153855.385538553,0.0001908322909269
-5153575.3575357525,0.0001908417622059
-5153295.329532952,0.0001908510740455
-5153015.301530152,0.000190860223519
-5152735.273527352,0.0001908692077474
-5152455.245524552,0.0001908780239
-5152175.217521751,0.0001908866691954
-5151895.189518951,0.0001908951409025
-5151615.16151615,0.0001909034363413
-5151335.13351335,0.000190911552884
-5151055.10551055,0.0001909194879554
-5150775.07750775,0.0001909272390343
-5150495.04950495,0.0001909348036538
-5150215.021502149,0.0001909421794027
-5149934.993499349,0.0001909493639257
-5149654.965496548,0.0001909563549246
-5149374.937493748,0.0001909631501588
-5149094.909490949,0.0001909697474464
-5148814.881488148,0.0001909761446645
-5148534.853485348,0.0001909823397502
-5148254.825482547,0.0001909883307012
-5147974.797479747,0.0001909941155765
-5147694.769476946,0.0001909996924971
-5147414.741474146,0.0001910050596465
-5147134.713471347,0.0001910102152714
-5146854.685468546,0.0001910151576824
-5146574.657465746,0.0001910198852546
-5146294.629462945,0.0001910243964278
-5146014.601460145,0.0001910286897076
-5145734.573457344,0.0001910327636653
-5145454.545454545,0.0001910366169392
-5145174.5174517445,0.0001910402482342
-5144894.489448944,0.0001910436563229
-5144614.461446144,0.0001910468400459
-5144334.433443343,0.000191049798312
-5144054.405440543,0.0001910525300988
-5143774.377437742,0.0001910550344532
-5143494.349434943,0.0001910573104914
-5143214.3214321425,0.0001910593573997
-5142934.293429342,0.0001910611744344
-5142654.265426542,0.0001910627609222
-5142374.237423741,0.0001910641162608
-5142094.209420941,0.0001910652399188
-5141814.181418141,0.0001910661314358
-5141534.153415341,0.0001910667904233
-5141254.1254125405,0.000191067216564
-5140974.09740974,0.0001910674096127
-5140694.06940694,0.0001910673693961
-5140414.041404139,0.0001910670958128
-5140134.013401339,0.0001910665888337
-5139853.985398539,0.0001910658485022
-5139573.957395739,0.0001910648749335
-5139293.9293929385,0.0001910636683156
-5139013.901390138,0.0001910622289087
-5138733.873387338,0.0001910605570453
-5138453.845384537,0.0001910586531302
-5138173.817381737,0.0001910565176407
-5137893.789378937,0.000191054151126
-5137613.761376137,0.0001910515542076
-5137333.7333733365,0.0001910487275788
-5137053.705370536,0.0001910456720048
-5136773.677367736,0.0001910423883226
-5136493.649364935,0.0001910388774405
-5136213.621362135,0.000191035140338
-5135933.593359335,0.0001910311780658
-5135653.565356535,0.0001910269917452
-5135373.5373537345,0.0001910225825683
-5135093.509350934,0.0001910179517969
-5134813.481348134,0.0001910131007633
-5134533.453345333,0.0001910080308687
-5134253.425342534,0.0001910027435838
-5133973.397339733,0.0001909972404481
-5133693.369336933,0.0001909915230695
-5133413.3413341325,0.0001909855931235
-5133133.313331332,0.0001909794523535
-5132853.285328532,0.0001909731025697
-5132573.257325731,0.0001909665456488
-5132293.229322932,0.0001909597835337
-5132013.201320131,0.0001909528182326
-5131733.173317331,0.0001909456518186
-5131453.1453145305,0.0001909382864293
-5131173.11731173,0.0001909307242659
-5130893.08930893,0.0001909229675928
-5130613.06130613,0.0001909150187367
-5130333.03330333,0.0001909068800865
-5130053.005300529,0.0001908985540918
-5129772.977297729,0.0001908900432631
-5129492.949294928,0.0001908813501703
-5129212.921292128,0.0001908724774425
-5128932.893289328,0.0001908634277668
-5128652.865286528,0.0001908542038881
-5128372.837283728,0.0001908448086078
-5128092.809280927,0.0001908352447832
-5127812.781278127,0.0001908255153266
-5127532.753275326,0.0001908156232046
-5127252.725272526,0.0001908055714369
-5126972.697269727,0.0001907953630961
-5126692.669266926,0.0001907850013058
-5126412.641264126,0.0001907744892408
-5126132.613261325,0.0001907638301251
-5125852.585258525,0.0001907530272318
-5125572.557255724,0.0001907420838816
-5125292.529252924,0.0001907310034423
-5125012.501250125,0.0001907197893272
-5124732.473247324,0.0001907084449945
-5124452.445244524,0.0001906969739464
-5124172.417241723,0.0001906853797277
-5123892.389238923,0.0001906736659247
-5123612.361236122,0.0001906618361647
-5123332.333233323,0.0001906498941143
-5123052.3052305225,0.0001906378434786
-5122772.277227722,0.0001906256880002
-5122492.249224922,0.0001906134314578
-5122212.221222121,0.000190601077665
-5121932.193219321,0.0001905886304698
-5121652.16521652,0.0001905760937526
-5121372.137213721,0.0001905634714257
-5121092.1092109205,0.0001905507674317
-5120812.08120812,0.0001905379857425
-5120532.05320532,0.000190525130358
-5120252.025202519,0.0001905122053052
-5119971.997199719,0.0001904992146364
-5119691.969196918,0.0001904861624285
-5119411.941194119,0.0001904730527816
-5119131.9131913185,0.0001904598898177
-5118851.885188518,0.0001904466776794
-5118571.857185718,0.0001904334205288
-5118291.829182917,0.0001904201225462
-5118011.801180117,0.0001904067879287
-5117731.773177316,0.000190393420889
-5117451.745174517,0.0001903800256541
-5117171.7171717165,0.000190366606464
-5116891.689168916,0.0001903531675706
-5116611.661166116,0.0001903397132361
-5116331.633163315,0.0001903262477316
-5116051.605160515,0.0001903127753364
-5115771.577157715,0.000190299300336
-5115491.549154915,0.0001902858270212
-5115211.5211521145,0.0001902723596865
-5114931.493149314,0.0001902589026292
-5114651.465146514,0.0001902454601474
-5114371.437143713,0.0001902320365395
-5114091.409140913,0.0001902186361022
-5113811.381138113,0.0001902052631294
-5113531.353135313,0.000190191921911
-5113251.3251325125,0.0001901786167313
-5112971.297129712,0.000190165351868
-5112691.269126912,0.0001901521315905
-5112411.241124111,0.000190138960159
-5112131.213121312,0.0001901258418227
-5111851.185118511,0.0001901127808189
-5111571.157115711,0.0001900997813715
-5111291.1291129105,0.0001900868476894
-5111011.10111011,0.0001900739839659
-5110731.07310731,0.0001900611943765
-5110451.045104509,0.0001900484830784
-5110171.01710171,0.0001900358542086
-5109890.989098909,0.000190023311883
-5109610.961096109,0.0001900108601948
-5109330.9330933085,0.0001899985032134
-5109050.905090508,0.0001899862449833
-5108770.877087708,0.0001899740895222
-5108490.849084908,0.0001899620408204
-5108210.821082108,0.0001899501028392
-5107930.793079307,0.0001899382795098
-5107650.765076507,0.0001899265747319
-5107370.737073706,0.0001899149923724
-5107090.709070906,0.0001899035362646
-5106810.681068106,0.0001898922102064
-5106530.653065306,0.0001898810179596
-5106250.625062506,0.0001898699632484
-5105970.597059705,0.0001898590497583
-5105690.569056905,0.0001898482811348
-5105410.541054104,0.0001898376609825
-5105130.513051304,0.0001898271928638
-5104850.485048505,0.0001898168802977
-5104570.457045704,0.0001898067267586
-5104290.429042904,0.0001897967356754
-5104010.401040103,0.0001897869104304
-5103730.373037303,0.000189777254358
-5103450.345034502,0.0001897677707437
-5103170.317031702,0.0001897584628231
-5102890.289028903,0.0001897493337807
-5102610.261026102,0.0001897403867492
-5102330.233023302,0.000189731624808
-5102050.205020501,0.0001897230509827
-5101770.177017701,0.0001897146682435
-5101490.1490149,0.000189706479505
-5101210.1210121,0.0001896984876246
-5100930.0930093005,0.0001896906954017
-5100650.0650065,0.000189683105577
-5100370.0370037,0.0001896757208316
-5100090.009000899,0.0001896685437856
-5099809.980998099,0.0001896615769978
-5099529.952995298,0.0001896548229648
-5099249.924992498,0.0001896482841197
-5098969.8969896985,0.0001896419628318
-5098689.868986898,0.0001896358614055
-5098409.840984098,0.0001896299820796
-5098129.812981297,0.0001896243270267
-5097849.784978497,0.0001896188983522
-5097569.756975696,0.0001896136980937
-5097289.728972897,0.0001896087282204
-5097009.7009700965,0.0001896039906322
-5096729.672967296,0.0001895994871592
-5096449.644964496,0.0001895952195612
-5096169.616961695,0.0001895911895266
-5095889.588958895,0.0001895873986724
-5095609.560956094,0.0001895838485433
-5095329.532953295,0.0001895805406111
-5095049.5049504945,0.0001895774762743
-5094769.476947694,0.0001895746568576
-5094489.448944894,0.0001895720836114
-5094209.420942093,0.0001895697577113
-5093929.392939293,0.0001895676802577
-5093649.364936493,0.0001895658522752
-5093369.336933693,0.0001895642747127
-5093089.3089308925,0.0001895629484423
-5092809.280928092,0.0001895618742597
-5092529.252925292,0.0001895610528834
-5092249.224922491,0.0001895604849545
-5091969.196919691,0.0001895601710364
-5091689.168916891,0.0001895601116147
-5091409.140914091,0.0001895603070969
-5091129.1129112905,0.000189560757812
-5090849.08490849,0.0001895614640106
-5090569.05690569,0.0001895624258647
-5090289.028902889,0.0001895636434673
-5090009.00090009,0.0001895651168326
-5089728.972897289,0.0001895668458958
-5089448.944894489,0.000189568830513
-5089168.9168916885,0.0001895710704613
-5088888.888888888,0.0001895735654386
-5088608.860886088,0.0001895763150636
-5088328.832883287,0.0001895793188761
-5088048.804880488,0.000189582576337
-5087768.776877687,0.0001895860868279
-5087488.748874887,0.000189589849652
-5087208.7208720865,0.0001895938640337
-5086928.692869286,0.0001895981291188
-5086648.664866486,0.0001896026439749
-5086368.636863685,0.0001896074075913
-5086088.608860886,0.0001896124188797
-5085808.580858085,0.000189617676674
-5085528.552855285,0.0001896231797307
-5085248.524852484,0.0001896289267294
-5084968.496849684,0.0001896349162729
-5084688.468846884,0.0001896411468877
-5084408.440844083,0.0001896476170242
-5084128.412841284,0.0001896543250575
-5083848.384838483,0.0001896612692872
-5083568.356835683,0.0001896684479384
-5083288.328832882,0.0001896758591619
-5083008.300830082,0.0001896835010349
-5082728.272827282,0.0001896913715612
-5082448.244824482,0.0001896994686719
-5082168.216821682,0.0001897077902261
-5081888.188818881,0.0001897163340115
-5081608.160816081,0.0001897250977447
-5081328.13281328,0.0001897340790719
-5081048.10481048,0.00018974327557
-5080768.07680768,0.0001897526847467
-5080488.04880488,0.0001897623040417
-5080208.02080208,0.0001897721308268
-5079927.992799279,0.0001897821624073
-5079647.964796479,0.0001897923960224
-5079367.936793678,0.0001898028288462
-5079087.908790878,0.0001898134579881
-5078807.8807880785,0.000189824280494
-5078527.852785278,0.0001898352933473
-5078247.824782478,0.0001898464934692
-5077967.796779677,0.0001898578777199
-5077687.768776877,0.0001898694428998
-5077407.740774076,0.0001898811857499
-5077127.712771276,0.0001898931029529
-5076847.6847684765,0.0001899051911346
-5076567.656765676,0.0001899174468642
-5076287.628762876,0.0001899298666557
-5076007.600760075,0.000189942446969
-5075727.572757275,0.0001899551842107
-5075447.544754474,0.0001899680747353
-5075167.516751675,0.000189981114846
-5074887.4887488745,0.0001899943007963
-5074607.460746074,0.0001900076287908
-5074327.432743274,0.000190021094986
-5074047.404740473,0.0001900346954922
-5073767.376737673,0.0001900484263741
-5073487.348734872,0.0001900622836519
-5073207.320732073,0.0001900762633029
-5072927.2927292725,0.0001900903612625
-5072647.264726472,0.0001901045734253
-5072367.236723672,0.0001901188956464
-5072087.208720871,0.0001901333237427
-5071807.180718071,0.0001901478534942
-5071527.152715271,0.0001901624806452
-5071247.124712471,0.0001901772009054
-5070967.0967096705,0.0001901920099514
-5070687.06870687,0.000190206903428
-5070407.04070407,0.0001902218769495
-5070127.012701269,0.000190236926101
-5069846.984698469,0.0001902520464397
-5069566.956695669,0.0001902672334961
-5069286.928692869,0.0001902824827757
-5069006.9006900685,0.0001902977897603
-5068726.872687268,0.000190313149909
-5068446.844684468,0.00019032855866
-5068166.816681667,0.0001903440114318
-5067886.788678867,0.0001903595036246
-5067606.760676067,0.0001903750306218
-5067326.732673267,0.0001903905877911
-5067046.7046704665,0.0001904061704865
-5066766.676667666,0.000190421774049
-5066486.648664866,0.0001904373938088
-5066206.620662065,0.000190453025086
-5065926.592659265,0.0001904686631926
-5065646.564656465,0.0001904843034334
-5065366.536653665,0.0001904999411081
-5065086.5086508645,0.0001905155715121
-5064806.480648064,0.0001905311899385
-5064526.452645264,0.0001905467916792
-5064246.424642463,0.0001905623720264
-5063966.396639664,0.0001905779262742
-5063686.368636863,0.0001905934497198
-5063406.340634063,0.0001906089376653
-5063126.3126312625,0.000190624385419
-5062846.284628462,0.0001906397882966
-5062566.256625662,0.0001906551416231
-5062286.228622861,0.0001906704407341
-5062006.200620062,0.0001906856809769
-5061726.172617261,0.0001907008577125
-5061446.144614461,0.0001907159663168
-5061166.11661166,0.0001907310021819
-5060886.08860886,0.0001907459607178
-5060606.06060606,0.0001907608373537
-5060326.03260326,0.0001907756275393
-5060046.00460046,0.0001907903267467
-5059765.976597659,0.0001908049304711
-5059485.948594859,0.000190819434233
-5059205.920592058,0.0001908338335789
-5058925.892589258,0.0001908481240834
-5058645.864586458,0.0001908623013499
-5058365.836583658,0.0001908763610124
-5058085.808580858,0.000190890298737
-5057805.780578057,0.0001909041102228
-5057525.752575257,0.0001909177912037
-5057245.724572456,0.0001909313374496
-5056965.696569656,0.0001909447447677
-5056685.6685668565,0.0001909580090038
-5056405.640564056,0.0001909711260438
-5056125.612561256,0.000190984091815
-5055845.584558455,0.000190996902287
-5055565.556555655,0.0001910095534737
-5055285.528552854,0.0001910220414339
-5055005.500550054,0.0001910343622729
-5054725.4725472545,0.0001910465121438
-5054445.444544454,0.0001910584872486
-5054165.416541654,0.0001910702838393
-5053885.388538853,0.0001910818982197
-5053605.360536053,0.0001910933267456
-5053325.332533252,0.0001911045658271
-5053045.304530452,0.0001911156119289
-5052765.2765276525,0.0001911264615717
-5052485.248524852,0.0001911371113338
-5052205.220522052,0.0001911475578514
-5051925.192519251,0.0001911577978204
-5051645.164516451,0.0001911678279971
-5051365.13651365,0.0001911776451995
-5051085.10851085,0.0001911872463079
-5050805.0805080505,0.0001911966282666
-5050525.05250525,0.0001912057880844
-5050245.02450245,0.0001912147228359
-5049964.996499649,0.0001912234296622
-5049684.968496849,0.000191231905772
-5049404.940494048,0.0001912401484425
-5049124.912491249,0.0001912481550205
-5048844.8844884485,0.0001912559229229
-5048564.856485648,0.000191263449638
-5048284.828482848,0.0001912707327261
-5048004.800480047,0.0001912777698202
-5047724.772477247,0.0001912845586273
-5047444.744474446,0.0001912910969286
-5047164.716471647,0.0001912973825808
-5046884.6884688465,0.0001913034135164
-5046604.660466046,0.0001913091877446
-5046324.632463246,0.0001913147033522
-5046044.604460445,0.0001913199585039
-5045764.576457645,0.0001913249514432
-5045484.548454845,0.0001913296804929
-5045204.520452045,0.0001913341440557
-5044924.4924492445,0.0001913383406151
-5044644.464446444,0.0001913422687354
-5044364.436443644,0.0001913459270627
-5044084.408440843,0.000191349314325
-5043804.380438043,0.0001913524293333
-5043524.352435243,0.0001913552709812
-5043244.324432443,0.0001913578382462
-5042964.2964296425,0.0001913601301894
-5042684.268426842,0.0001913621459563
-5042404.240424042,0.000191363884777
-5042124.212421241,0.0001913653459667
-5041844.184418442,0.0001913665289256
-5041564.156415641,0.0001913674331396
-5041284.128412841,0.0001913680581804
-5041004.1004100405,0.0001913684037057
-5040724.07240724,0.0001913684694593
-5040444.04440444,0.0001913682552715
-5040164.016401639,0.0001913677610591
-5039883.98839884,0.0001913669868255
-5039603.960396039,0.0001913659326609
-5039323.932393239,0.0001913645987422
-5039043.904390438,0.0001913629853333
-5038763.876387638,0.0001913610927848
-5038483.848384838,0.0001913589215341
-5038203.820382038,0.0001913564721057
-5037923.792379238,0.0001913537451103
-5037643.764376437,0.0001913507412458
-5037363.736373637,0.0001913474612962
-5037083.708370836,0.000191343906132
-5036803.680368036,0.0001913400767099
-5036523.652365236,0.0001913359740725
-5036243.624362436,0.0001913315993482
-5035963.596359636,0.0001913269537508
-5035683.568356835,0.0001913220385795
-5035403.540354035,0.0001913168552182
-5035123.512351234,0.0001913114051354
-5034843.484348434,0.000191305689884
-5034563.456345634,0.0001912997111003
-5034283.428342834,0.0001912934705044
-5034003.400340034,0.000191286969899
-5033723.372337233,0.0001912802111697
-5033443.344334433,0.0001912731962836
-5033163.316331632,0.0001912659272897
-5032883.288328832,0.0001912584063176
-5032603.260326032,0.0001912506355775
-5032323.232323232,0.0001912426173591
-5032043.204320432,0.0001912343540314
-5031763.176317631,0.000191225848042
-5031483.148314831,0.0001912171019161
-5031203.12031203,0.000191208118256
-5030923.09230923,0.0001911988997406
-5030643.0643064305,0.0001911894491243
-5030363.03630363,0.0001911797692364
-5030083.00830083,0.0001911698629803
-5029802.980298029,0.0001911597333328
-5029522.952295229,0.000191149383343
-5029242.924292428,0.0001911388161315
-5028962.896289628,0.0001911280348896
-5028682.8682868285,0.0001911170428787
-5028402.840284028,0.0001911058434285
-5028122.812281228,0.000191094439937
-5027842.784278427,0.000191082835869
-5027562.756275627,0.0001910710347551
-5027282.728272826,0.0001910590401909
-5027002.700270027,0.0001910468558358
-5026722.6722672265,0.000191034485412
-5026442.644264426,0.0001910219327035
-5026162.616261626,0.0001910092015546
-5025882.588258825,0.0001909962958696
-5025602.560256025,0.0001909832196106
-5025322.532253224,0.0001909699767971
-5025042.504250425,0.0001909565715048
-5024762.4762476245,0.0001909430078639
-5024482.448244824,0.0001909292900583
-5024202.420242024,0.0001909154223242
-5023922.392239223,0.000190901408949
-5023642.364236423,0.0001908872542699
-5023362.336233623,0.0001908729626724
-5023082.308230823,0.0001908585385897
-5022802.2802280225,0.0001908439865006
-5022522.252225222,0.0001908293109284
-5022242.224222422,0.00019081451644
-5021962.196219621,0.0001907996076438
-5021682.168216821,0.000190784589189
-5021402.140214021,0.0001907694657636
-5021122.112211221,0.0001907542420936
-5020842.0842084205,0.000190738922941
-5020562.05620562,0.000190723513103
-5020282.02820282,0.0001907080174097
-5020002.000200019,0.0001906924407236
-5019721.97219722,0.0001906767879375
-5019441.944194419,0.0001906610639731
-5019161.916191619,0.0001906452737798
-5018881.8881888185,0.000190629422333
-5018601.860186018,0.0001906135146324
-5018321.832183218,0.0001905975557008
-5018041.804180417,0.0001905815505826
-5017761.776177618,0.0001905655043419
-5017481.748174817,0.0001905494220613
-5017201.720172017,0.0001905333088402
-5016921.692169216,0.0001905171697933
-5016641.664166416,0.0001905010100489
-5016361.636163616,0.0001904848347476
-5016081.608160815,0.0001904686490405
-5015801.580158016,0.0001904524580876
-5015521.552155215,0.0001904362670564
-5015241.524152415,0.0001904200811202
-5014961.496149614,0.0001904039054565
-5014681.468146814,0.0001903877452454
-5014401.440144014,0.0001903716056681
-5014121.412141213,0.0001903554919052
-5013841.384138414,0.000190339409135
-5013561.356135613,0.0001903233625322
-5013281.328132813,0.000190307357266
-5013001.300130012,0.0001902913984988
-5012721.272127212,0.0001902754913842
-5012441.244124412,0.0001902596410657
-5012161.216121612,0.000190243852675
-5011881.188118812,0.0001902281313304
-5011601.160116011,0.0001902124821353
-5011321.132113211,0.0001901969101765
-5011041.10411041,0.0001901814205226
-5010761.07610761,0.0001901660182224
-5010481.04810481,0.0001901507083035
-5010201.02010201,0.0001901354957704
-5009920.99209921,0.0001901203856034
-5009640.964096409,0.0001901053827565
-5009360.936093609,0.0001900904921563
-5009080.908090808,0.0001900757187
-5008800.880088008,0.0001900610672543
-5008520.8520852085,0.0001900465426536
-5008240.824082408,0.0001900321496985
-5007960.796079608,0.0001900178931544
-5007680.768076807,0.0001900037777498
-5007400.740074007,0.0001899898081749
-5007120.712071206,0.0001899759890803
-5006840.684068406,0.000189962325075
-5006560.6560656065,0.0001899488207256
-5006280.628062806,0.0001899354805542
-5006000.600060006,0.0001899223090374
-5005720.572057205,0.0001899093106048
-5005440.544054405,0.0001898964896374
-5005160.516051604,0.0001898838504662
-5004880.488048805,0.0001898713973711
-5004600.4600460045,0.0001898591345793
-5004320.432043204,0.0001898470662637
-5004040.404040404,0.0001898351965421
-5003760.376037603,0.0001898235294755
-5003480.348034803,0.0001898120690667
-5003200.320032002,0.0001898008192594
-5002920.292029203,0.0001897897839366
-5002640.2640264025,0.0001897789669192
-5002360.236023602,0.0001897683719653
-5002080.208020802,0.0001897580027683
-5001800.180018001,0.0001897478629562
-5001520.152015201,0.0001897379560902
-5001240.1240124,0.0001897282856635
-5000960.096009601,0.0001897188551003
-5000680.0680068005,0.0001897096677544
-5000400.040004,0.0001897007269084
-5000120.0120012,0.0001896920357722
-4999839.983998399,0.0001896835974826
-4999559.955995599,0.0001896754151014
-4999279.927992798,0.000189667491615
-4998999.899989999,0.0001896598299332
-4998719.8719871985,0.0001896524328881
-4998439.843984398,0.0001896453032335
-4998159.815981598,0.0001896384436434
-4997879.787978797,0.0001896318567115
-4997599.759975997,0.0001896255449504
-4997319.731973197,0.0001896195107902
-4997039.703970397,0.0001896137565782
-4996759.6759675965,0.0001896082845779
-4996479.647964796,0.0001896030969681
-4996199.619961996,0.0001895981958423
-4995919.591959195,0.0001895935832077
-4995639.563956395,0.0001895892609849
-4995359.535953595,0.0001895852310069
-4995079.507950795,0.0001895814950183
-4994799.479947994,0.0001895780546751
-4994519.451945194,0.0001895749115438
-4994239.423942394,0.0001895720671009
-4993959.395939593,0.0001895695227322
-4993679.367936794,0.0001895672797326
-4993399.339933993,0.0001895653393051
-4993119.311931193,0.0001895637025609
-4992839.283928392,0.0001895623705185
-4992559.255925592,0.0001895613441035
-4992279.227922792,0.0001895606241481
-4991999.199919991,0.000189560211391
-4991719.171917192,0.0001895601064765
-4991439.143914391,0.000189560309955
-4991159.115911591,0.0001895608222819
-4990879.08790879,0.0001895616438179
-4990599.05990599,0.0001895627748287
-4990319.03190319,0.0001895642154847
-4990039.00390039,0.0001895659658607
-4989758.97589759,0.0001895680259362
-4989478.947894789,0.0001895703955948
-4989198.919891989,0.0001895730746246
-4988918.891889188,0.0001895760627178
-4988638.863886388,0.0001895793594707
-4988358.835883588,0.0001895829643842
-4988078.807880788,0.0001895868768631
-4987798.779877988,0.0001895910962168
-4987518.751875187,0.000189595621659
-4987238.723872387,0.0001896004523082
-4986958.695869586,0.0001896055871874
-4986678.667866786,0.0001896110252248
-4986398.6398639865,0.0001896167652537
-4986118.611861186,0.0001896228060128
-4985838.583858386,0.0001896291461466
-4985558.555855585,0.0001896357842056
-4985278.527852785,0.0001896427186465
-4984998.499849984,0.0001896499478331
-4984718.471847184,0.0001896574700361
-4984438.4438443845,0.0001896652834338
-4984158.415841584,0.0001896733861127
-4983878.387838784,0.0001896817760676
-4983598.359835983,0.0001896904512025
-4983318.331833183,0.0001896994093309
-4983038.303830382,0.0001897086481765
-4982758.275827582,0.0001897181653738
-4982478.2478247825,0.0001897279584687
-4982198.219821982,0.0001897380249189
-4981918.191819182,0.0001897483620952
-4981638.163816381,0.0001897589672817
-4981358.135813581,0.0001897698376766
-4981078.10781078,0.0001897809703932
-4980798.07980798,0.0001897923624605
-4980518.0518051805,0.000189804010824
-4980238.02380238,0.0001898159123468
-4979957.99579958,0.0001898280638102
-4979677.967796779,0.0001898404619146
-4979397.939793979,0.0001898531032808
-4979117.911791178,0.0001898659844505
-4978837.883788379,0.0001898791018875
-4978557.8557855785,0.0001898924519786
-4978277.827782778,0.0001899060310349
-4977997.799779978,0.0001899198352925
-4977717.771777177,0.0001899338609137
-4977437.743774377,0.0001899481039883
-4977157.715771576,0.0001899625605344
-4976877.687768777,0.0001899772264997
-4976597.6597659765,0.0001899920977629
-4976317.631763176,0.0001900071701344
-4976037.603760376,0.000190022439358
-4975757.575757575,0.0001900379011118
-4975477.547754775,0.0001900535510096
-4975197.519751975,0.0001900693846023
-4974917.491749175,0.000190085397379
-4974637.4637463745,0.0001901015847683
-4974357.435743574,0.0001901179421399
-4974077.407740774,0.0001901344648058
-4973797.379737973,0.0001901511480215
-4973517.351735173,0.0001901679869879
-4973237.323732373,0.0001901849768521
-4972957.295729573,0.0001902021127093
-4972677.267726772,0.0001902193896042
-4972397.239723972,0.0001902368025323
-4972117.211721172,0.0001902543464413
-4971837.183718371,0.000190272016233
-4971557.155715572,0.0001902898067645
-4971277.127712771,0.0001903077128499
-4970997.099709971,0.0001903257292618
-4970717.07170717,0.0001903438507327
-4970437.04370437,0.0001903620719569
-4970157.01570157,0.0001903803875919
-4969876.987698769,0.0001903987922601
-4969596.95969597,0.0001904172805501
-4969316.931693169,0.000190435847019
-4969036.903690369,0.0001904544861933
-4968756.875687568,0.000190473192571
-4968476.847684768,0.0001904919606234
-4968196.819681968,0.0001905107847962
-4967916.791679167,0.0001905296595116
-4967636.763676368,0.0001905485791702
-4967356.735673567,0.0001905675381521
-4967076.707670767,0.0001905865308191
-4966796.679667966,0.0001906055515163
-4966516.651665166,0.0001906245945737
-4966236.623662366,0.0001906436543081
-4965956.595659565,0.0001906627250246
-4965676.567656766,0.0001906818010189
-4965396.539653965,0.0001907008765782
-4965116.511651165,0.0001907199459837
-4964836.483648364,0.0001907390035121
-4964556.455645564,0.0001907580434372
-4964276.427642764,0.0001907770600319
-4963996.399639964,0.0001907960475698
-4963716.371637164,0.0001908150003272
-4963436.343634363,0.0001908339125846
-4963156.315631563,0.0001908527786285
-4962876.287628762,0.0001908715927535
-4962596.259625962,0.0001908903492637
-4962316.231623162,0.0001909090424746
-4962036.203620362,0.0001909276667149
-4961756.175617562,0.0001909462163282
-4961476.147614761,0.0001909646856749
-4961196.119611961,0.0001909830691339
-4960916.09160916,0.000191001361104
-4960636.06360636,0.0001910195560065
-4960356.0356035605,0.000191037648286
-4960076.00760076,0.0001910556324128
-4959795.97959796,0.0001910735028843
-4959515.951595159,0.0001910912542269
-4959235.923592359,0.0001911088809977
-4958955.895589558,0.000191126377786
-4958675.867586758,0.0001911437392155
-4958395.8395839585,0.0001911609599454
-4958115.811581158,0.0001911780346725
-4957835.783578358,0.0001911949581329
-4957555.755575557,0.0001912117251034
-4957275.727572757,0.0001912283304032
-4956995.699569956,0.0001912447688959
-4956715.671567157,0.0001912610354907
-4956435.6435643565,0.0001912771251442
-4956155.615561556,0.0001912930328622
-4955875.587558756,0.0001913087537009
-4955595.559555955,0.000191324282769
-4955315.531553155,0.0001913396152287
-4955035.503550354,0.0001913547462976
-4954755.475547555,0.0001913696712505
-4954475.4475447545,0.0001913843854201
-4954195.419541954,0.0001913988841993
-4953915.391539154,0.0001914131630425
-4953635.363536353,0.0001914272174668
-4953355.335533553,0.0001914410430538
-4953075.307530753,0.0001914546354506
-4952795.279527953,0.0001914679903719
-4952515.2515251525,0.0001914811036008
-4952235.223522352,0.0001914939709903
-4951955.195519552,0.000191506588465
-4951675.167516751,0.000191518952022
-4951395.139513951,0.0001915310577325
-4951115.111511151,0.0001915429017429
-4950835.083508351,0.0001915544802764
-4950555.0555055505,0.000191565789634
-4950275.02750275,0.0001915768261956
-4949994.99949995,0.0001915875864216
-4949714.971497149,0.0001915980668539
-4949434.943494349,0.0001916082641169
-4949154.915491549,0.0001916181749188
-4948874.887488749,0.0001916277960528
-4948594.859485948,0.0001916371243981
-4948314.831483148,0.0001916461569209
-4948034.803480348,0.0001916548906754
-4947754.775477547,0.0001916633228052
-4947474.747474747,0.0001916714505437
-4947194.719471947,0.0001916792712155
-4946914.691469147,0.0001916867822372
-4946634.663466346,0.0001916939811182
-4946354.635463546,0.0001917008654617
-4946074.607460746,0.0001917074329657
-4945794.579457945,0.0001917136814234
-4945514.551455146,0.0001917196087244
-4945234.523452345,0.0001917252128553
-4944954.495449545,0.0001917304919003
-4944674.467446744,0.0001917354440422
-4944394.439443944,0.0001917400675629
-4944114.411441144,0.000191744360844
-4943834.383438343,0.0001917483223676
-4943554.355435544,0.0001917519507167
-4943274.327432743,0.0001917552445758
-4942994.299429943,0.0001917582027316
-4942714.271427142,0.0001917608240733
-4942434.243424342,0.000191763107593
-4942154.215421542,0.0001917650523864
-4941874.187418742,0.000191766657653
-4941594.159415942,0.0001917679226965
-4941314.131413141,0.0001917688469252
-4941034.103410341,0.0001917694298523
-4940754.07540754,0.0001917696710961
-4940474.04740474,0.0001917695703802
-4940194.01940194,0.0001917691275339
-4939913.99139914,0.0001917683424924
-4939633.96339634,0.0001917672152964
-4939353.935393539,0.0001917657460932
-4939073.907390739,0.0001917639351356
-4938793.879387938,0.0001917617827832
-4938513.851385138,0.0001917592895012
-4938233.8233823385,0.0001917564558612
-4937953.795379538,0.0001917532825411
-4937673.767376738,0.0001917497703244
-4937393.739373937,0.0001917459201008
-4937113.711371137,0.0001917417328657
-4936833.683368336,0.00019173720972
-4936553.655365536,0.0001917323518701
-4936273.6273627365,0.0001917271606273
-4935993.599359936,0.0001917216374079
-4935713.571357136,0.0001917157837327
-4935433.543354335,0.0001917096012265
-4935153.515351535,0.0001917030916182
-4934873.487348734,0.0001916962567398
-4934593.459345935,0.0001916890985264
-4934313.4313431345,0.0001916816190155
-4934033.403340334,0.0001916738203465
-4933753.375337534,0.0001916657047604
-4933473.347334733,0.0001916572745989
-4933193.319331933,0.0001916485323039
-4932913.291329132,0.0001916394804171
-4932633.263326332,0.0001916301215789
-4932353.2353235325,0.0001916204585282
-4932073.207320732,0.0001916104941012
-4931793.179317932,0.000191600231231
-4931513.151315131,0.0001915896729465
-4931233.123312331,0.0001915788223719
-4930953.09530953,0.0001915676827258
-4930673.067306731,0.0001915562573198
-4930393.0393039305,0.0001915445495584
-4930113.01130113,0.0001915325629375
-4929832.98329833,0.0001915203010435
-4929552.955295529,0.0001915077675527
-4929272.927292729,0.0001914949662296
-4928992.899289928,0.0001914819009263
-4928712.871287129,0.0001914685755815
-4928432.8432843285,0.0001914549942191
-4928152.815281528,0.0001914411609471
-4927872.787278728,0.0001914270799565
-4927592.759275927,0.0001914127555201
-4927312.731273127,0.0001913981919915
-4927032.703270327,0.0001913833938034
-4926752.675267527,0.0001913683654666
-4926472.647264726,0.0001913531115686
-4926192.619261926,0.0001913376367726
-4925912.591259126,0.0001913219458155
-4925632.563256325,0.0001913060435073
-4925352.535253525,0.000191289934729
-4925072.507250725,0.0001912736244317
-4924792.479247925,0.0001912571176348
-4924512.451245124,0.0001912404194248
-4924232.423242324,0.0001912235349536
-4923952.395239524,0.000191206469437
-4923672.367236723,0.0001911892281536
-4923392.339233924,0.0001911718164424
-4923112.311231123,0.0001911542397021
-4922832.283228323,0.0001911365033889
-4922552.255225522,0.0001911186130152
-4922272.227222722,0.0001911005741478
-4921992.199219922,0.0001910823924063
-4921712.171217121,0.0001910640734616
-4921432.143214322,0.0001910456230338
-4921152.115211521,0.0001910270468909
-4920872.087208721,0.000191008350847
-4920592.05920592,0.0001909895407602
-4920312.03120312,0.0001909706225315
-4920032.00320032,0.0001909516021023
-4919751.97519752,0.0001909324854532
-4919471.94719472,0.0001909132786019
-4919191.919191919,0.0001908939876013
-4918911.891189119,0.0001908746185382
-4918631.863186318,0.0001908551775306
-4918351.835183518,0.0001908356707268
-4918071.807180718,0.0001908161043028
-4917791.779177918,0.0001907964844608
-4917511.751175118,0.0001907768174272
-4917231.723172317,0.0001907571094506
-4916951.695169517,0.0001907373668003
-4916671.667166716,0.0001907175957638
-4916391.639163916,0.0001906978026455
-4916111.611161116,0.0001906779937642
-4915831.583158316,0.0001906581754516
-4915551.555155516,0.0001906383540501
-4915271.527152715,0.000190618535911
-4914991.499149915,0.0001905987273924
-4914711.471147114,0.0001905789348575
-4914431.443144314,0.0001905591646724
-4914151.415141514,0.0001905394232042
-4913871.387138714,0.0001905197168191
-4913591.359135914,0.0001905000518804
-4913311.331133113,0.0001904804347463
-4913031.303130313,0.0001904608717685
-4912751.275127512,0.0001904413692897
-4912471.247124712,0.0001904219336417
-4912191.2191219125,0.0001904025711439
-4911911.191119112,0.0001903832881005
-4911631.163116312,0.0001903640907994
-4911351.135113511,0.0001903449855097
-4911071.107110711,0.0001903259784799
-4910791.07910791,0.0001903070759359
-4910511.05110511,0.0001902882840791
-4910231.0231023105,0.0001902696090845
-4909950.99509951,0.0001902510570987
-4909670.96709671,0.0001902326342379
-4909390.939093909,0.0001902143465861
-4909110.911091109,0.0001901962001931
-4908830.883088308,0.0001901782010726
-4908550.855085509,0.0001901603552004
-4908270.8270827085,0.0001901426685124
-4907990.799079908,0.0001901251469026
-4907710.771077108,0.0001901077962216
-4907430.743074307,0.0001900906222743
-4907150.715071507,0.0001900736308184
-4906870.687068706,0.0001900568275625
-4906590.659065907,0.0001900402181639
-4906310.6310631065,0.0001900238082275
-4906030.603060306,0.0001900076033032
-4905750.575057506,0.0001899916088849
-4905470.547054705,0.0001899758304081
-4905190.519051905,0.0001899602732484
-4904910.491049105,0.00018994494272
-4904630.463046305,0.0001899298440735
-4904350.435043504,0.0001899149824946
-4904070.407040704,0.0001899003631022
-4903790.379037904,0.000189885990947
-4903510.351035103,0.0001898718710094
-4903230.323032303,0.0001898580081983
-4902950.295029503,0.0001898444073494
-4902670.267026703,0.0001898310732234
-4902390.239023902,0.0001898180105047
-4902110.211021102,0.0001898052237997
-4901830.183018302,0.0001897927176355
-4901550.155015501,0.000189780496458
-4901270.127012702,0.0001897685646309
-4900990.099009901,0.0001897569264339
-4900710.071007101,0.0001897455860614
-4900430.0430043,0.0001897345476211
-4900150.0150015,0.0001897238151326
-4899869.9869987,0.0001897133925263
-4899589.958995899,0.0001897032836416
-4899309.9309931,0.0001896934922258
-4899029.902990299,0.0001896840219332
-4898749.874987499,0.0001896748763232
-4898469.846984698,0.0001896660588597
-4898189.818981898,0.0001896575729095
-4897909.790979098,0.0001896494217411
-4897629.762976297,0.0001896416085242
-4897349.734973498,0.0001896341363278
-4897069.706970697,0.0001896270081195
-4896789.678967897,0.0001896202267646
-4896509.650965096,0.0001896137950247
-4896229.622962296,0.0001896077155572
-4895949.594959496,0.0001896019909138
-4895669.566956695,0.0001895966235401
-4895389.538953896,0.0001895916157744
-4895109.510951095,0.0001895869698471
-4894829.482948295,0.0001895826878793
-4894549.454945494,0.0001895787718829
-4894269.426942694,0.000189575223759
-4893989.398939894,0.0001895720452977
-4893709.370937094,0.0001895692381773
-4893429.342934294,0.0001895668039636
-4893149.314931493,0.000189564744109
-4892869.286928693,0.0001895630599525
-4892589.258925892,0.0001895617527187
-4892309.230923092,0.0001895608235174
-4892029.202920292,0.0001895602733431
-4891749.174917492,0.0001895601030747
-4891469.146914692,0.0001895603134748
-4891189.118911891,0.0001895609051895
-4890909.090909091,0.0001895618787482
-4890629.06290629,0.0001895632345629
-4890349.03490349,0.0001895649729283
-4890069.0069006905,0.0001895670940213
-4889788.97889789,0.0001895695979011
-4889508.95089509,0.0001895724845086
-4889228.922892289,0.0001895757536668
-4888948.894889489,0.0001895794050801
-4888668.866886688,0.0001895834383349
-4888388.838883888,0.000189587852899
-4888108.8108810885,0.0001895926481221
-4887828.782878288,0.0001895978232353
-4887548.754875488,0.0001896033773518
-4887268.726872687,0.0001896093094667
-4886988.698869887,0.0001896156184571
-4886708.670867086,0.0001896223030824
-4886428.642864287,0.0001896293619846
-4886148.6148614865,0.0001896367936886
-4885868.586858686,0.0001896445966021
-4885588.558855886,0.0001896527690167
-4885308.530853085,0.0001896613091075
-4885028.502850285,0.0001896702149339
-4884748.474847484,0.0001896794844404
-4884468.446844685,0.0001896891154561
-4884188.4188418845,0.0001896991056963
-4883908.390839084,0.0001897094527625
-4883628.362836284,0.000189720154143
-4883348.334833483,0.0001897312072136
-4883068.306830683,0.0001897426092385
-4882788.278827882,0.0001897543573707
-4882508.250825083,0.0001897664486527
-4882228.222822282,0.0001897788800176
-4881948.194819482,0.0001897916482898
-4881668.166816682,0.0001898047501855
-4881388.138813881,0.0001898181823141
-4881108.110811081,0.0001898319411787
-4880828.08280828,0.0001898460231774
-4880548.054805481,0.0001898604246038
-4880268.02680268,0.0001898751416487
-4879987.99879988,0.0001898901704003
-4879707.97079708,0.000189905506846
-4879427.942794279,0.0001899211468734
-4879147.914791479,0.0001899370862708
-4878867.886788679,0.0001899533207294
-4878587.858785879,0.0001899698458436
-4878307.830783078,0.0001899866571127
-4878027.802780278,0.0001900037499421
-4877747.774777478,0.0001900211196447
-4877467.746774677,0.0001900387614418
-4877187.718771877,0.0001900566704652
-4876907.690769077,0.0001900748417577
-4876627.662766277,0.0001900932702753
-4876347.634763476,0.0001901119508883
-4876067.606760676,0.0001901308783826
-4875787.578757876,0.0001901500474615
-4875507.550755075,0.0001901694527473
-4875227.522752276,0.0001901890887825
-4874947.494749475,0.0001902089500317
-4874667.466746675,0.0001902290308829
-4874387.438743874,0.0001902493256495
-4874107.410741074,0.0001902698285718
-4873827.382738274,0.0001902905338185
-4873547.354735473,0.0001903114354888
-4873267.326732674,0.0001903325276138
-4872987.298729873,0.0001903538041583
-4872707.270727073,0.0001903752590228
-4872427.242724272,0.0001903968860451
-4872147.214721472,0.0001904186790021
-4871867.186718672,0.0001904406316119
-4871587.158715872,0.0001904627375352
-4871307.130713072,0.0001904849903778
-4871027.102710271,0.000190507383692
-4870747.074707471,0.0001905299109786
-4870467.04670467,0.0001905525656892
-4870187.01870187,0.0001905753412277
-4869906.99069907,0.0001905982309525
-4869626.96269627,0.0001906212281786
-4869346.93469347,0.0001906443261792
-4869066.906690669,0.0001906675181884
-4868786.878687869,0.0001906907974025
-4868506.850685068,0.0001907141569825
-4868226.822682268,0.0001907375900562
-4867946.7946794685,0.0001907610897198
-4867666.766676668,0.0001907846490407
-4867386.738673868,0.0001908082610591
-4867106.710671067,0.0001908319187901
-4866826.682668267,0.0001908556152263
-4866546.654665466,0.0001908793433392
-4866266.626662666,0.000190903096082
-4865986.598659866,0.0001909268663916
-4865706.570657066,0.0001909506471905
-4865426.542654266,0.000190974431389
-4865146.514651465,0.0001909982118879
-4864866.486648665,0.0001910219815798
-4864586.458645864,0.0001910457333523
-4864306.430643065,0.0001910694600892
-4864026.4026402645,0.0001910931546733
-4863746.374637464,0.0001911168099887
-4863466.346634664,0.0001911404189223
-4863186.318631863,0.0001911639743668
-4862906.290629063,0.0001911874692224
-4862626.262626262,0.0001912108963991
-4862346.234623462,0.0001912342488191
-4862066.2066206625,0.0001912575194188
-4861786.178617862,0.000191280701151
-4861506.150615062,0.0001913037869872
-4861226.122612261,0.0001913267699197
-4860946.094609461,0.0001913496429638
-4860666.06660666,0.0001913723991602
-4860386.038603861,0.0001913950315768
-4860106.01060106,0.0001914175333112
-4859825.98259826,0.0001914398974926
-4859545.95459546,0.0001914621172844
-4859265.926592659,0.0001914841858858
-4858985.898589859,0.0001915060965343
-4858705.870587058,0.0001915278425077
-4858425.842584259,0.0001915494171263
-4858145.814581458,0.0001915708137551
-4857865.786578658,0.0001915920258056
-4857585.758575858,0.0001916130467384
-4857305.730573057,0.0001916338700645
-4857025.702570257,0.0001916544893483
-4856745.674567457,0.000191674898209
-4856465.646564657,0.0001916950903229
-4856185.618561856,0.0001917150594253
-4855905.590559056,0.0001917347993126
-4855625.562556256,0.0001917543038443
-4855345.534553455,0.000191773566945
-4855065.506550655,0.0001917925826062
-4854785.478547855,0.0001918113448884
-4854505.450545055,0.000191829847923
-4854225.422542254,0.0001918480859142
-4853945.394539454,0.0001918660531408
-4853665.366536654,0.0001918837439582
-4853385.338533853,0.0001919011528002
-4853105.310531054,0.0001919182741805
-4852825.282528253,0.0001919351026953
-4852545.254525453,0.0001919516330241
-4852265.226522652,0.0001919678599322
-4851985.198519852,0.0001919837782719
-4851705.170517052,0.0001919993829848
-4851425.142514251,0.0001920146691027
-4851145.114511451,0.0001920296317501
-4850865.086508651,0.0001920442661451
-4850585.058505851,0.0001920585676014
-4850305.03050305,0.0001920725315297
-4850025.00250025,0.0001920861534396
-4849744.97449745,0.0001920994289404
-4849464.94649465,0.0001921123537433
-4849184.91849185,0.0001921249236626
-4848904.890489049,0.0001921371346169
-4848624.862486249,0.0001921489826309
-4848344.834483448,0.0001921604638365
-4848064.806480648,0.000192171574474
-4847784.778477848,0.000192182310894
-4847504.750475047,0.0001921926695579
-4847224.722472248,0.0001922026470398
-4846944.694469447,0.0001922122400271
-4846664.666466647,0.0001922214453223
-4846384.638463846,0.0001922302598437
-4846104.610461046,0.0001922386806266
-4845824.582458246,0.0001922467048243
-4845544.554455446,0.0001922543297095
-4845264.526452646,0.0001922615526748
-4844984.498449845,0.000192268371234
-4844704.470447045,0.0001922747830229
-4844424.442444244,0.0001922807858001
-4844144.414441444,0.0001922863774482
-4843864.386438644,0.0001922915559741
-4843584.358435844,0.0001922963195103
-4843304.330433044,0.0001923006663153
-4843024.302430243,0.0001923045947744
-4842744.274427443,0.0001923081034003
-4842464.246424642,0.0001923111908339
-4842184.218421842,0.0001923138558447
-4841904.1904190425,0.0001923160973316
-4841624.162416242,0.0001923179143231
-4841344.134413442,0.0001923193059779
-4841064.106410641,0.0001923202715853
-4840784.078407841,0.000192320810566
-4840504.05040504,0.0001923209224716
-4840224.02240224,0.0001923206069856
-4839943.9943994405,0.0001923198639237
-4839663.96639664,0.0001923186932334
-4839383.93839384,0.000192317094995
-4839103.910391039,0.000192315069421
-4838823.882388239,0.0001923126168568
-4838543.854385438,0.0001923097377803
-4838263.826382639,0.0001923064328024
-4837983.7983798385,0.0001923027026667
-4837703.770377038,0.0001922985482493
-4837423.742374238,0.000192293970559
-4837143.714371437,0.0001922889707371
-4836863.686368637,0.0001922835500573
-4836583.658365836,0.000192277709925
-4836303.630363037,0.0001922714518778
-4836023.602360236,0.0001922647775845
-4835743.574357436,0.0001922576888452
-4835463.546354636,0.0001922501875909
-4835183.518351835,0.0001922422758828
-4834903.490349035,0.0001922339559119
-4834623.462346235,0.000192225229999
-4834343.434343435,0.0001922161005932
-4834063.406340634,0.0001922065702724
-4833783.378337834,0.0001921966417418
-4833503.350335034,0.0001921863178337
-4833223.322332233,0.0001921756015066
-4832943.294329433,0.0001921644958446
-4832663.266326632,0.0001921530040565
-4832383.238323833,0.0001921411294751
-4832103.210321032,0.0001921288755562
-4831823.182318232,0.0001921162458777
-4831543.154315432,0.0001921032441388
-4831263.126312631,0.0001920898741588
-4830983.098309832,0.0001920761398764
-4830703.070307031,0.0001920620453484
-4830423.042304231,0.0001920475947485
-4830143.01430143,0.0001920327923666
-4829862.98629863,0.0001920176426071
-4829582.95829583,0.0001920021499881
-4829302.930293029,0.0001919863191401
-4829022.902290229,0.0001919701548044
-4828742.874287429,0.0001919536618322
-4828462.846284629,0.000191936845183
-4828182.818281828,0.0001919197099234
-4827902.790279028,0.0001919022612254
-4827622.762276228,0.0001918845043652
-4827342.734273427,0.0001918664447216
-4827062.706270628,0.0001918480877745
-4826782.678267827,0.0001918294391033
-4826502.650265027,0.0001918105043855
-4826222.622262226,0.0001917912893948
-4825942.594259426,0.0001917717999997
-4825662.566256626,0.0001917520421615
-4825382.538253825,0.0001917320219329
-4825102.510251026,0.0001917117454563
-4824822.482248225,0.0001916912189616
-4824542.454245425,0.0001916704487647
-4824262.426242624,0.0001916494412659
-4823982.398239824,0.0001916282029474
-4823702.370237024,0.000191606740372
-4823422.342234224,0.0001915850601809
-4823142.314231424,0.0001915631690917
-4822862.286228623,0.0001915410738968
-4822582.258225823,0.0001915187814609
-4822302.230223022,0.0001914962987194
-4822022.202220222,0.0001914736326761
-4821742.174217422,0.0001914507904011
-4821462.146214622,0.0001914277790291
-4821182.118211822,0.0001914046057568
-4820902.090209021,0.000191381277841
-4820622.062206221,0.0001913578025965
-4820342.03420342,0.0001913341873937
-4820062.00620062,0.0001913104396566
-4819781.9781978205,0.0001912865668605
-4819501.95019502,0.0001912625765299
-4819221.92219222,0.0001912384762359
-4818941.894189419,0.0001912142735944
-4818661.866186619,0.0001911899762632
-4818381.838183818,0.0001911655919405
-4818101.810181018,0.0001911411283619
-4817821.7821782185,0.0001911165932982
-4817541.754175418,0.0001910919945533
-4817261.726172618,0.0001910673399617
-4816981.698169817,0.0001910426373859
-4816701.670167017,0.0001910178947145
-4816421.642164216,0.0001909931198594
-4816141.614161417,0.0001909683207535
-4815861.5861586165,0.0001909435053481
-4815581.558155816,0.0001909186816111
-4815301.530153016,0.0001908938575238
-4815021.502150215,0.0001908690410787
-4814741.474147415,0.0001908442402776
-4814461.446144614,0.0001908194631281
-4814181.418141814,0.0001907947176421
-4813901.390139014,0.0001907700118329
-4813621.362136214,0.0001907453537125
-4813341.334133414,0.0001907207512898
-4813061.306130613,0.0001906962125675
-4812781.278127813,0.0001906717455397
-4812501.250125013,0.00019064735819
-4812221.222122213,0.0001906230584881
-4811941.194119412,0.0001905988543883
-4811661.166116612,0.0001905747538261
-4811381.138113812,0.0001905507647164
-4811101.110111011,0.0001905268949508
-4810821.082108211,0.000190503152395
-4810541.05410541,0.0001904795448866
-4810261.026102611,0.0001904560802325
-4809980.99809981,0.0001904327662063
-4809700.97009701,0.0001904096105462
-4809420.94209421,0.0001903866209523
-4809140.914091409,0.0001903638050842
-4808860.886088609,0.0001903411705587
-4808580.858085809,0.0001903187249474
-4808300.830083009,0.000190296475774
-4808020.802080208,0.0001902744305122
-4807740.774077408,0.0001902525965835
-4807460.746074608,0.0001902309813544
-4807180.718071807,0.0001902095921342
-4806900.690069007,0.0001901884361728
-4806620.662066207,0.0001901675206584
-4806340.634063407,0.0001901468527149
-4806060.606060606,0.0001901264394
-4805780.578057806,0.0001901062877025
-4805500.550055006,0.0001900864045407
-4805220.522052205,0.0001900667967592
-4804940.494049406,0.0001900474711278
-4804660.466046605,0.0001900284343385
-4804380.438043805,0.0001900096930034
-4804100.410041004,0.0001899912536532
-4803820.382038204,0.0001899731227341
-4803540.354035404,0.0001899553066066
-4803260.326032603,0.0001899378115428
-4802980.298029804,0.0001899206437246
-4802700.270027003,0.0001899038092418
-4802420.242024203,0.0001898873140896
-4802140.214021402,0.0001898711641673
-4801860.186018602,0.0001898553652758
-4801580.158015802,0.0001898399231159
-4801300.130013002,0.0001898248432863
-4801020.102010202,0.000189810131282
-4800740.074007401,0.0001897957924921
-4800460.046004601,0.0001897818321982
-4800180.0180018,0.0001897682555726
-4799899.989999,0.0001897550676765
-4799619.9619962,0.0001897422734584
-4799339.933993399,0.0001897298777522
-4799059.9059906,0.0001897178852757
-4798779.877987799,0.0001897063006292
-4798499.849984999,0.0001896951282933
-4798219.821982198,0.0001896843726281
-4797939.793979398,0.0001896740378711
-4797659.7659765985,0.000189664128136
-4797379.737973798,0.0001896546474113
-4797099.709970998,0.0001896455995588
-4796819.681968197,0.0001896369883119
-4796539.653965397,0.0001896288172752
-4796259.625962596,0.000189621089922
-4795979.597959796,0.0001896138095942
-4795699.569956996,0.0001896069795001
-4795419.541954196,0.000189600602714
-4795139.513951396,0.0001895946821746
-4794859.485948595,0.000189589220684
-4794579.457945795,0.0001895842209068
-4794299.429942994,0.0001895796853689
-4794019.401940194,0.0001895756164566
-4793739.3739373945,0.0001895720164157
-4793459.345934594,0.0001895688873505
-4793179.317931794,0.0001895662312233
-4792899.289928993,0.000189564049853
-4792619.261926193,0.0001895623449149
-4792339.233923392,0.0001895611179397
-4792059.205920592,0.0001895603703127
-4791779.177917792,0.0001895601032737
-4791499.149914992,0.0001895603179157
-4791219.121912192,0.0001895610151851
-4790939.093909391,0.0001895621958805
-4790659.065906591,0.0001895638606527
-4790379.03790379,0.0001895660100042
-4790099.009900991,0.0001895686442888
-4789818.98189819,0.0001895717637113
-4789538.95389539,0.0001895753683271
-4789258.92589259,0.0001895794580422
-4788978.897889789,0.0001895840326129
-4788698.869886989,0.0001895890916456
-4788418.841884188,0.0001895946345969
-4788138.813881389,0.0001896006607733
-4787858.785878588,0.0001896071693316
-4787578.757875788,0.0001896141592784
-4787298.729872988,0.0001896216294707
-4787018.701870187,0.0001896295786157
-4786738.673867387,0.0001896380052713
-4786458.645864587,0.0001896469078459
-4786178.617861787,0.0001896562845992
-4785898.589858986,0.0001896661336422
-4785618.561856186,0.0001896764529376
-4785338.533853386,0.0001896872403002
-4785058.505850585,0.0001896984933975
-4784778.477847785,0.0001897102097502
-4784498.449844985,0.0001897223867327
-4784218.421842185,0.0001897350215735
-4783938.393839384,0.0001897481113564
-4783658.365836584,0.0001897616530205
-4783378.337833784,0.0001897756433615
-4783098.309830983,0.0001897900790323
-4782818.281828184,0.0001898049565437
-4782538.253825383,0.0001898202722653
-4782258.225822583,0.0001898360224268
-4781978.197819782,0.0001898522031184
-4781698.169816982,0.0001898688102923
-4781418.141814182,0.0001898858397632
-4781138.113811381,0.0001899032872101
-4780858.085808581,0.0001899211481769
-4780578.057805781,0.0001899394180738
-4780298.029802981,0.0001899580921784
-4780018.00180018,0.0001899771656371
-4779737.97379738,0.0001899966334664
-4779457.94579458,0.0001900164905543
-4779177.91779178,0.0001900367316613
-4778897.88978898,0.0001900573514225
-4778617.861786179,0.0001900783443485
-4778337.833783379,0.0001900997048273
-4778057.805780578,0.0001901214271256
-4777777.777777778,0.0001901435053906
-4777497.749774978,0.0001901659336513
-4777217.721772177,0.0001901887058207
-4776937.693769378,0.000190211815697
-4776657.665766577,0.0001902352569657
-4776377.637763777,0.0001902590232012
-4776097.609760976,0.0001902831078688
-4775817.581758176,0.0001903075043262
-4775537.553755376,0.0001903322058259
-4775257.525752576,0.0001903572055167
-4774977.497749776,0.000190382496446
-4774697.469746975,0.0001904080715614
-4774417.441744175,0.0001904339237132
-4774137.413741374,0.0001904600456562
-4773857.385738574,0.0001904864300517
-4773577.357735774,0.00019051306947
-4773297.329732974,0.000190539956392
-4773017.301730174,0.0001905670832121
-4772737.273727373,0.0001905944422399
-4772457.245724573,0.0001906220257024
-4772177.217721772,0.0001906498257468
-4771897.189718972,0.0001906778344422
-4771617.1617161725,0.0001907060437825
-4771337.133713372,0.0001907344456884
-4771057.105710572,0.0001907630320096
-4770777.077707771,0.000190791794528
-4770497.049704971,0.0001908207249591
-4770217.02170217,0.0001908498149553
-4769936.99369937,0.0001908790561081
-4769656.96569657,0.0001909084399503
-4769376.93769377,0.0001909379579592
-4769096.90969097,0.0001909676015583
-4768816.881688169,0.0001909973621207
-4768536.853685369,0.0001910272309712
-4768256.825682568,0.000191057199389
-4767976.797679769,0.0001910872586102
-4767696.769676968,0.0001911173998309
-4767416.741674168,0.0001911476142094
-4767136.713671368,0.0001911778928688
-4766856.685668567,0.0001912082269004
-4766576.657665767,0.0001912386073654
-4766296.629662966,0.0001912690252984
-4766016.601660166,0.0001912994717099
-4765736.573657366,0.0001913299375888
-4765456.545654566,0.0001913604139054
-4765176.517651766,0.0001913908916144
-4764896.489648965,0.0001914213616568
-4764616.461646165,0.0001914518149637
-4764336.433643365,0.0001914822424586
-4764056.405640565,0.0001915126350599
-4763776.377637764,0.0001915429836843
-4763496.349634964,0.0001915732792493
-4763216.321632164,0.0001916035126759
-4762936.293629363,0.0001916336748915
-4762656.265626563,0.0001916637568329
-4762376.237623762,0.0001916937494488
-4762096.209620963,0.0001917236437028
-4761816.181618162,0.0001917534305762
-4761536.153615362,0.0001917831010706
-4761256.125612562,0.0001918126462111
-4760976.097609761,0.0001918420570487
-4760696.069606961,0.0001918713246634
-4760416.041604161,0.0001919004401668
-4760136.013601361,0.0001919293947051
-4759855.98559856,0.0001919581794614
-4759575.95759576,0.0001919867856592
-4759295.92959296,0.0001920152045645
-4759015.901590159,0.0001920434274891
-4758735.873587359,0.0001920714457929
-4758455.845584559,0.0001920992508868
-4758175.817581759,0.0001921268342355
-4757895.789578958,0.0001921541873602
-4757615.761576158,0.0001921813018413
-4757335.733573358,0.0001922081693208
-4757055.705570557,0.0001922347815056
-4756775.677567758,0.0001922611301693
-4756495.649564957,0.0001922872071556
-4756215.621562157,0.0001923130043807
-4755935.593559356,0.0001923385138354
-4755655.565556556,0.0001923637275886
-4755375.537553756,0.0001923886377891
-4755095.509550955,0.0001924132366683
-4754815.481548156,0.0001924375165429
-4754535.453545355,0.0001924614698176
-4754255.425542555,0.0001924850889868
-4753975.397539754,0.0001925083666378
-4753695.369536954,0.000192531295453
-4753415.341534154,0.0001925538682121
-4753135.313531354,0.0001925760777948
-4752855.285528554,0.0001925979171827
-4752575.257525753,0.0001926193794622
-4752295.229522953,0.0001926404578262
-4752015.201520152,0.0001926611455767
-4751735.173517352,0.0001926814361271
-4751455.145514552,0.0001927013230041
-4751175.117511752,0.00019272079985
-4750895.089508952,0.000192739860425
-4750615.061506151,0.0001927584986089
-4750335.033503351,0.0001927767084036
-4750055.00550055,0.0001927944839349
-4749774.97749775,0.0001928118194545
-4749494.9494949505,0.000192828709342
-4749214.92149215,0.0001928451481069
-4748934.89348935,0.0001928611303902
-4748654.865486549,0.0001928766509667
-4748374.837483749,0.0001928917047464
-4748094.809480948,0.0001929062867765
-4747814.781478148,0.0001929203922429
-4747534.7534753475,0.0001929340164723
-4747254.725472548,0.0001929471549335
-4746974.697469748,0.0001929598032391
-4746694.669466947,0.0001929719571469
-4746414.641464147,0.000192983612562
-4746134.613461346,0.0001929947655376
-4745854.585458547,0.0001930054122768
-4745574.557455746,0.0001930155491338
-4745294.529452946,0.0001930251726155
-4745014.501450146,0.0001930342793827
-4744734.473447345,0.0001930428662513
-4744454.445444545,0.0001930509301934
-4744174.417441744,0.0001930584683387
-4743894.389438944,0.0001930654779757
-4743614.361436144,0.0001930719565524
-4743334.333433344,0.0001930779016774
-4743054.305430544,0.0001930833111214
-4742774.277427743,0.0001930881828174
-4742494.249424943,0.0001930925148621
-4742214.221422142,0.0001930963055164
-4741934.193419343,0.0001930995532065
-4741654.165416542,0.0001931022565242
-4741374.137413742,0.0001931044142282
-4741094.109410942,0.0001931060252441
-4740814.081408141,0.0001931070886653
-4740534.053405341,0.0001931076037535
-4740254.02540254,0.0001931075699393
-4739973.997399741,0.0001931069868224
-4739693.96939694,0.0001931058541719
-4739413.94139414,0.000193104171927
-4739133.91339134,0.0001931019401972
-4738853.885388539,0.000193099159262
-4738573.857385739,0.0001930958295718
-4738293.829382939,0.0001930919517476
-4738013.801380139,0.000193087526581
-4737733.773377338,0.0001930825550346
-4737453.745374538,0.0001930770382415
-4737173.717371738,0.0001930709775055
-4736893.689368937,0.0001930643743009
-4736613.661366137,0.0001930572302724
-4736333.633363337,0.0001930495472344
-4736053.605360537,0.0001930413271714
-4735773.577357736,0.0001930325722371
-4735493.549354936,0.000193023284754
-4735213.521352136,0.0001930134672135
-4734933.493349335,0.0001930031222746
-4734653.465346536,0.0001929922527639
-4734373.437343735,0.0001929808616749
-4734093.409340935,0.000192968952167
-4733813.381338134,0.0001929565275651
-4733533.353335334,0.0001929435913589
-4733253.325332534,0.0001929301472017
-4732973.297329733,0.0001929161989097
-4732693.269326934,0.0001929017504613
-4732413.241324133,0.0001928868059957
-4732133.213321333,0.0001928713698123
-4731853.185318532,0.0001928554463692
-4731573.157315732,0.0001928390402825
-4731293.129312932,0.0001928221563246
-4731013.101310132,0.0001928047994233
-4730733.073307332,0.0001927869746608
-4730453.045304531,0.0001927686872716
-4730173.017301731,0.0001927499426418
-4729892.98929893,0.0001927307463073
-4729612.96129613,0.0001927111039525
-4729332.93329333,0.0001926910214087
-4729052.905290529,0.0001926705046526
-4728772.87728773,0.0001926495598045
-4728492.849284929,0.0001926281931268
-4728212.821282129,0.0001926064110222
-4727932.793279328,0.0001925842200321
-4727652.765276528,0.0001925616268345
-4727372.737273728,0.0001925386382425
-4727092.709270928,0.000192515261202
-4726812.681268128,0.0001924915027901
-4726532.653265327,0.0001924673702131
-4726252.625262527,0.0001924428708042
-4725972.597259726,0.0001924180120216
-4725692.569256926,0.0001923928014467
-4725412.541254126,0.0001923672467813
-4725132.513251326,0.0001923413558459
-4724852.485248526,0.0001923151365774
-4724572.457245725,0.0001922885970267
-4724292.429242925,0.0001922617453563
-4724012.401240124,0.0001922345898385
-4723732.373237324,0.0001922071388522
-4723452.345234524,0.0001921794008812
-4723172.317231724,0.0001921513845113
-4722892.289228924,0.0001921230984281
-4722612.261226123,0.0001920945514141
-4722332.233223323,0.0001920657523467
-4722052.205220522,0.000192036710195
-4721772.177217722,0.0001920074340177
-4721492.149214922,0.0001919779329601
-4721212.121212122,0.0001919482162514
-4720932.093209322,0.0001919182932023
-4720652.065206521,0.000191888173202
-4720372.037203721,0.0001918578657154
-4720092.00920092,0.0001918273802806
-4719811.981198121,0.0001917967265057
-4719531.95319532,0.0001917659140661
-4719251.92519252,0.0001917349527016
-4718971.89718972,0.0001917038522137
-4718691.869186919,0.0001916726224623
-4718411.841184119,0.0001916412733631
-4718131.813181318,0.0001916098148844
-4717851.785178519,0.0001915782570441
-4717571.757175718,0.000191546609907
-4717291.729172918,0.0001915148835813
-4717011.701170118,0.000191483088216
-4716731.673167317,0.0001914512339975
-4716451.645164517,0.0001914193311468
-4716171.617161717,0.0001913873899159
-4715891.589158917,0.0001913554205856
-4715611.561156116,0.0001913234334613
-4715331.533153316,0.0001912914388706
-4715051.505150516,0.0001912594471599
-4714771.477147715,0.0001912274686913
-4714491.449144915,0.0001911955138394
-4714211.421142114,0.0001911635929881
-4713931.393139315,0.0001911317165274
-4713651.365136514,0.0001910998948503
-4713371.337133714,0.0001910681383494
-4713091.309130914,0.0001910364574141
-4712811.281128113,0.000191004862427
-4712531.253125314,0.0001909733637607
-4712251.225122513,0.0001909419717748
-4711971.197119713,0.0001909106968127
-4711691.169116912,0.0001908795491982
-4711411.141114112,0.0001908485392323
-4711131.113111312,0.0001908176771901
-4710851.085108511,0.0001907869733177
-4710571.057105711,0.0001907564378286
-4710291.029102911,0.000190726080901
-4710011.001100111,0.0001906959126742
-4709730.97309731,0.0001906659432456
-4709450.94509451,0.0001906361826675
-4709170.91709171,0.000190606640944
-4708890.889088909,0.0001905773280276
-4708610.86108611,0.0001905482538164
-4708330.833083309,0.0001905194281508
-4708050.805080509,0.0001904908608101
-4707770.777077708,0.00019046256151
-4707490.749074908,0.000190434539899
-4707210.721072108,0.0001904068055553
-4706930.693069307,0.0001903793679843
-4706650.665066508,0.0001903522366149
-4706370.637063707,0.0001903254207969
-4706090.609060907,0.0001902989297977
-4705810.581058106,0.0001902727727996
-4705530.553055306,0.0001902469588966
-4705250.525052506,0.0001902214970917
-4704970.497049706,0.0001901963962936
-4704690.469046906,0.0001901716653142
-4704410.441044105,0.0001901473128657
-4704130.413041305,0.0001901233475575
-4703850.385038504,0.0001900997778934
-4703570.357035704,0.0001900766122692
-4703290.329032904,0.0001900538589696
-4703010.301030104,0.0001900315261653
-4702730.273027304,0.000190009621911
-4702450.245024503,0.0001899881541419
-4702170.217021703,0.0001899671306716
-4701890.189018902,0.0001899465591896
-4701610.161016102,0.000189926447258
-4701330.133013302,0.00018990680231
-4701050.105010502,0.0001898876316464
-4700770.077007702,0.000189868942434
-4700490.049004901,0.0001898507417024
-4700210.021002101,0.0001898330363424
-4699929.9929993,0.0001898158331031
-4699649.9649965,0.0001897991385897
-4699369.9369937,0.0001897829592613
-4699089.9089909,0.0001897673014288
-4698809.8809881,0.0001897521712526
-4698529.852985299,0.0001897375747404
-4698249.824982499,0.0001897235177451
-4697969.796979698,0.0001897100059629
-4697689.768976899,0.0001896970449314
-4697409.740974098,0.0001896846400272
-4697129.712971298,0.0001896727964643
-4696849.684968498,0.0001896615192923
-4696569.656965697,0.0001896508133944
-4696289.628962897,0.0001896406834858
-4696009.600960096,0.0001896311341117
-4695729.572957296,0.000189622169646
-4695449.544954496,0.0001896137942894
-4695169.516951696,0.0001896060120679
-4694889.488948896,0.0001895988268314
-4694609.460946095,0.0001895922422521
-4694329.432943295,0.0001895862618231
-4694049.404940495,0.0001895808888571
-4693769.376937695,0.0001895761264852
-4693489.348934894,0.0001895719776552
-4693209.320932094,0.000189568445131
-4692929.292929294,0.000189565531491
-4692649.264926493,0.0001895632391271
-4692369.236923693,0.0001895615702441
-4692089.208920892,0.0001895605268579
-4691809.180918093,0.0001895601107954
-4691529.152915292,0.0001895603236931
-4691249.124912492,0.0001895611669966
-4690969.096909692,0.0001895626419595
-4690689.068906891,0.0001895647496431
-4690409.040904091,0.0001895674909155
-4690129.012901291,0.0001895708664513
-4689848.984898491,0.0001895748767307
-4689568.95689569,0.0001895795220393
-4689288.92889289,0.0001895848024677
-4689008.90089009,0.000189590717911
-4688728.872887289,0.0001895972680687
-4688448.844884489,0.0001896044524444
-4688168.816881689,0.0001896122703456
-4687888.788878889,0.0001896207208838
-4687608.760876088,0.000189629802974
-4687328.732873288,0.0001896395153352
-4687048.704870488,0.0001896498564904
-4686768.676867687,0.0001896608247665
-4686488.648864888,0.0001896724182946
-4686208.620862087,0.0001896846350105
-4685928.592859287,0.0001896974726546
-4685648.564856486,0.0001897109287727
-4685368.536853686,0.0001897250007162
-4685088.508850886,0.0001897396856425
-4684808.480848085,0.000189754980516
-4684528.452845286,0.0001897708821082
-4684248.424842485,0.0001897873869988
-4683968.396839685,0.0001898044915762
-4683688.368836884,0.0001898221920383
-4683408.340834084,0.0001898404843936
-4683128.312831284,0.000189859364462
-4682848.284828484,0.0001898788278755
-4682568.256825684,0.0001898988700798
-4682288.228822883,0.0001899194863349
-4682008.200820083,0.0001899406717165
-4681728.172817282,0.0001899624211172
-4681448.144814482,0.0001899847292478
-4681168.116811682,0.0001900075906386
-4680888.088808881,0.0001900309996406
-4680608.060806082,0.0001900549504275
-4680328.032803281,0.0001900794369965
-4680048.004800481,0.0001901044531703
-4679767.97679768,0.0001901299925989
-4679487.94879488,0.0001901560487606
-4679207.92079208,0.0001901826149644
-4678927.89278928,0.0001902096843515
-4678647.86478648,0.0001902372498971
-4678367.836783679,0.0001902653044124
-4678087.808780879,0.0001902938405466
-4677807.780778078,0.0001903228507887
-4677527.752775278,0.0001903523274697
-4677247.7247724775,0.0001903822627647
-4676967.696769678,0.0001904126486951
-4676687.668766878,0.0001904434771306
-4676407.640764077,0.0001904747397917
-4676127.612761277,0.0001905064282519
-4675847.584758476,0.00019053853394
-4675567.556755676,0.0001905710481428
-4675287.528752876,0.0001906039620071
-4675007.500750076,0.0001906372665424
-4674727.472747276,0.0001906709526237
-4674447.444744475,0.0001907050109938
-4674167.416741675,0.0001907394322658
-4673887.388738874,0.0001907742069262
-4673607.360736074,0.0001908093253374
-4673327.332733274,0.0001908447777403
-4673047.304730474,0.0001908805542576
-4672767.276727674,0.000190916644896
-4672487.248724873,0.0001909530395496
-4672207.220722073,0.0001909897280028
-4671927.192719272,0.0001910266999328
-4671647.164716473,0.0001910639449131
-4671367.136713672,0.0001911014524164
-4671087.108710872,0.0001911392118177
-4670807.080708072,0.0001911772123972
-4670527.052705271,0.0001912154433438
-4670247.024702471,0.0001912538937579
-4669966.99669967,0.0001912925526549
-4669686.968696871,0.0001913314089685
-4669406.94069407,0.0001913704515536
-4669126.91269127,0.00019140966919
-4668846.88468847,0.0001914490505855
-4668566.856685669,0.0001914885843793
-4668286.828682869,0.0001915282591455
-4668006.800680069,0.0001915680633964
-4667726.772677269,0.000191607985586
-4667446.744674468,0.0001916480141133
-4667166.716671668,0.0001916881373261
-4666886.688668868,0.0001917283435243
-4666606.660666067,0.0001917686209633
-4666326.632663267,0.0001918089578579
-4666046.604660467,0.0001918493423854
-4665766.576657667,0.0001918897626898
-4665486.548654866,0.0001919302068847
-4665206.520652066,0.0001919706630575
-4664926.492649266,0.0001920111192727
-4664646.464646465,0.0001920515635755
-4664366.436643666,0.0001920919839958
-4664086.408640865,0.0001921323685514
-4663806.380638065,0.0001921727052522
-4663526.352635264,0.0001922129821033
-4663246.324632464,0.0001922531871092
-4662966.296629664,0.0001922933082771
-4662686.268626863,0.000192333333621
-4662406.240624063,0.0001923732511649
-4662126.212621263,0.000192413048947
-4661846.184618463,0.0001924527150232
-4661566.156615662,0.0001924922374708
-4661286.128612862,0.000192531604392
-4661006.100610062,0.0001925708039181
-4660726.072607262,0.0001926098242129
-4660446.044604462,0.0001926486534764
-4660166.016601661,0.0001926872799483
-4659885.988598861,0.0001927256919124
-4659605.96059606,0.0001927638776994
-4659325.93259326,0.0001928018256911
-4659045.90459046,0.0001928395243242
-4658765.876587659,0.0001928769620932
-4658485.84858486,0.000192914127555
-4658205.820582059,0.000192951009332
-4657925.792579259,0.0001929875961155
-4657645.764576458,0.0001930238766699
-4657365.736573658,0.000193059839836
-4657085.7085708575,0.0001930954745342
-4656805.680568058,0.0001931307697688
-4656525.652565258,0.0001931657146309
-4656245.624562457,0.0001932002983022
-4655965.596559657,0.0001932345100585
-4655685.568556856,0.0001932683392728
-4655405.540554056,0.0001933017754193
-4655125.5125512555,0.0001933348080765
-4654845.484548456,0.0001933674269305
-4654565.456545656,0.0001933996217785
-4654285.428542855,0.0001934313825323
-4654005.400540055,0.0001934626992213
-4653725.372537254,0.0001934935619957
-4653445.344534454,0.0001935239611302
-4653165.316531654,0.0001935538870269
-4652885.288528854,0.0001935833302182
-4652605.260526054,0.0001936122813708
-4652325.232523253,0.0001936407312877
-4652045.204520453,0.0001936686709121
-4651765.176517652,0.0001936960913301
-4651485.148514852,0.0001937229837738
-4651205.120512052,0.000193749339624
-4650925.092509252,0.0001937751504133
-4650645.064506452,0.0001938004078293
-4650365.036503651,0.0001938251037166
-4650085.008500851,0.0001938492300805
-4649804.98049805,0.0001938727790889
-4649524.952495251,0.0001938957430756
-4649244.92449245,0.0001939181145427
-4648964.89648965,0.0001939398861634
-4648684.86848685,0.000193961050784
-4648404.840484049,0.0001939816014271
-4648124.812481249,0.0001940015312936
-4647844.784478448,0.0001940208337652
-4647564.756475648,0.0001940395024069
-4647284.728472848,0.0001940575309691
-4647004.700470048,0.0001940749133899
-4646724.672467248,0.0001940916437972
-4646444.644464447,0.0001941077165112
-4646164.616461647,0.0001941231260459
-4645884.588458847,0.0001941378671118
-4645604.560456047,0.0001941519346172
-4645324.532453246,0.0001941653236705
-4645044.504450446,0.000194178029582
-4644764.476447646,0.0001941900478657
-4644484.448444845,0.0001942013742409
-4644204.420442045,0.000194212004634
-4643924.392439244,0.0001942219351799
-4643644.364436445,0.0001942311622241
-4643364.336433644,0.0001942396823234
-4643084.308430844,0.0001942474922479
-4642804.280428044,0.0001942545889824
-4642524.252425243,0.0001942609697271
-4642244.224422443,0.0001942666318995
-4641964.196419643,0.0001942715731351
-4641684.168416843,0.000194275791289
-4641404.140414042,0.0001942792844363
-4641124.112411242,0.0001942820508736
-4640844.084408442,0.0001942840891198
-4640564.056405641,0.0001942853979166
-4640284.028402841,0.0001942859762297
-4640004.000400041,0.0001942858232494
-4639723.972397241,0.0001942849383911
-4639443.94439444,0.0001942833212959
-4639163.91639164,0.0001942809718312
-4638883.88838884,0.0001942778900911
-4638603.860386039,0.0001942740763967
-4638323.83238324,0.0001942695312966
-4638043.804380439,0.0001942642555667
-4637763.776377639,0.0001942582502108
-4637483.748374838,0.0001942515164605
-4637203.720372038,0.0001942440557752
-4636923.692369238,0.0001942358698421
-4636643.664366437,0.000194226960576
-4636363.636363638,0.0001942173301192
-4636083.608360837,0.0001942069808412
-4635803.580358037,0.0001941959153384
-4635523.552355236,0.0001941841364334
-4635243.524352436,0.0001941716471753
-4634963.4963496355,0.000194158450838
-4634683.468346836,0.0001941445509208
-4634403.440344036,0.0001941299511467
-4634123.412341235,0.0001941146554624
-4633843.384338435,0.0001940986680369
-4633563.356335634,0.0001940819932611
-4633283.328332834,0.0001940646357464
-4633003.3003300335,0.000194046600324
-4632723.272327234,0.0001940278920436
-4632443.244324434,0.0001940085161723
-4632163.216321633,0.0001939884781933
-4631883.188318833,0.0001939677838048
-4631603.160316032,0.0001939464389182
-4631323.132313232,0.0001939244496572
-4631043.104310432,0.0001939018223559
-4630763.076307632,0.0001938785635571
-4630483.048304832,0.0001938546800112
-4630203.020302031,0.0001938301786741
-4629922.992299231,0.0001938050667052
-4629642.96429643,0.0001937793514662
-4629362.93629363,0.0001937530405187
-4629082.9082908295,0.0001937261416222
-4628802.88028803,0.0001936986627324
-4628522.85228523,0.0001936706119987
-4628242.824282429,0.0001936419977626
-4627962.796279629,0.0001936128285547
-4627682.768276828,0.000193583113093
-4627402.740274029,0.0001935528602803
-4627122.712271228,0.000193522079202
-4626842.684268428,0.0001934907791234
-4626562.656265628,0.0001934589694871
-4626282.628262827,0.0001934266599106
-4626002.600260027,0.0001933938601838
-4625722.572257226,0.0001933605802658
-4625442.544254426,0.0001933268302827
-4625162.516251626,0.0001932926205242
-4624882.488248826,0.0001932579614412
-4624602.460246026,0.0001932228636426
-4624322.432243225,0.0001931873378927
-4624042.404240425,0.0001931513951073
-4623762.376237624,0.0001931150463517
-4623482.348234825,0.0001930783028368
-4623202.320232024,0.0001930411759162
-4622922.292229224,0.0001930036770828
-4622642.264226424,0.0001929658179657
-4622362.236223623,0.0001929276103268
-4622082.208220823,0.0001928890660574
-4621802.180218022,0.0001928501971746
-4621522.152215223,0.0001928110158182
-4621242.124212422,0.0001927715342468
-4620962.096209622,0.0001927317648344
-4620682.068206822,0.000192691720067
-4620402.040204021,0.0001926514125387
-4620122.012201221,0.0001926108549478
-4619841.984198421,0.0001925700600938
-4619561.956195621,0.0001925290408728
-4619281.92819282,0.0001924878102743
-4619001.90019002,0.0001924463813772
-4618721.87218722,0.0001924047673459
-4618441.844184419,0.0001923629814262
-4618161.816181619,0.0001923210369418
-4617881.788178819,0.00019227894729
-4617601.760176019,0.000192236725938
-4617321.732173218,0.0001921943864185
-4617041.704170418,0.0001921519423259
-4616761.676167618,0.0001921094073122
-4616481.648164817,0.0001920667950831
-4616201.620162018,0.0001920241193932
-4615921.592159217,0.0001919813940428
-4615641.564156417,0.000191938632873
-4615361.536153616,0.0001918958497618
-4615081.508150816,0.0001918530586199
-4614801.480148016,0.0001918102733864
-4614521.452145215,0.0001917675080248
-4614241.424142416,0.0001917247765182
-4613961.396139615,0.0001916820928658
-4613681.368136815,0.0001916394710779
-4613401.340134014,0.0001915969251721
-4613121.312131214,0.0001915544691686
-4612841.284128414,0.0001915121170863
-4612561.256125614,0.0001914698829384
-4612281.228122814,0.0001914277807276
-4612001.200120013,0.0001913858244426
-4611721.172117213,0.0001913440280529
-4611441.144114412,0.0001913024055051
-4611161.116111612,0.0001912609707184
-4610881.0881088115,0.0001912197375801
-4610601.060106011,0.0001911787199415
-4610321.032103212,0.0001911379316132
-4610041.004100411,0.0001910973863615
-4609760.976097611,0.0001910570979031
-4609480.94809481,0.0001910170799018
-4609200.92009201,0.0001909773459633
-4608920.89208921,0.0001909379096317
-4608640.86408641,0.0001908987843845
-4608360.83608361,0.0001908599836289
-4608080.808080809,0.0001908215206973
-4607800.780078009,0.0001907834088431
-4607520.752075208,0.0001907456612364
-4607240.724072408,0.0001907082909598
-4606960.6960696075,0.0001906713110046
-4606680.668066808,0.0001906347342658
-4606400.640064008,0.0001905985735391
-4606120.612061207,0.0001905628415156
-4605840.584058407,0.0001905275507787
-4605560.556055606,0.0001904927137992
-4605280.528052806,0.0001904583429321
-4605000.500050006,0.0001904244504118
-4604720.472047206,0.0001903910483486
-4604440.444044406,0.0001903581487246
-4604160.416041605,0.0001903257633898
-4603880.388038805,0.0001902939040583
-4603600.360036004,0.0001902625823041
-4603320.332033204,0.0001902318095578
-4603040.304030404,0.0001902015971024
-4602760.276027604,0.0001901719560699
-4602480.248024804,0.0001901428974372
-4602200.220022003,0.0001901144320228
-4601920.192019203,0.000190086570483
-4601640.164016402,0.0001900593233085
-4601360.136013603,0.0001900327008205
-4601080.108010802,0.0001900067131675
-4600800.080008002,0.0001899813703222
-4600520.052005202,0.0001899566820771
-4600240.024002401,0.0001899326580423
-4599959.995999601,0.0001899093076415
-4599679.9679968,0.0001898866401089
-4599399.939994001,0.0001898646644861
-4599119.9119912,0.000189843389619
-4598839.8839884,0.0001898228241546
-4598559.8559856,0.0001898029765381
-4598279.827982799,0.0001897838550097
-4597999.799979999,0.0001897654676019
-4597719.771977199,0.0001897478221368
-4597439.743974399,0.0001897309262227
-4597159.715971598,0.0001897147872522
-4596879.687968798,0.0001896994123988
-4596599.659965998,0.0001896848086146
-4596319.631963197,0.0001896709826279
-4596039.603960397,0.0001896579409405
-4595759.575957596,0.0001896456898252
-4595479.547954797,0.0001896342353238
-4595199.519951996,0.0001896235832444
-4594919.491949196,0.0001896137391595
-4594639.463946396,0.0001896047084038
-4594359.435943595,0.0001895964960718
-4594079.407940796,0.0001895891070164
-4593799.379937995,0.0001895825458463
-4593519.351935195,0.0001895768169245
-4593239.323932394,0.0001895719243666
-4592959.295929594,0.0001895678720387
-4592679.267926794,0.0001895646635561
-4592399.239923993,0.0001895623022816
-4592119.211921193,0.0001895607913238
-4591839.183918393,0.0001895601335361
-4591559.155915593,0.0001895603315149
-4591279.127912792,0.0001895613875987
-4590999.099909992,0.0001895633038665
-4590719.071907192,0.0001895660821371
-4590439.043904391,0.0001895697239679
-4590159.015901592,0.0001895742306537
-4589878.987898791,0.0001895796032262
-4589598.959895991,0.0001895858424528
-4589318.93189319,0.0001895929488363
-4589038.90389039,0.000189600922614
-4588758.8758875895,0.0001896097637569
-4588478.847884789,0.0001896194719699
-4588198.81988199,0.0001896300466905
-4587918.791879189,0.0001896414870893
-4587638.763876389,0.0001896537920693
-4587358.735873588,0.0001896669602658
-4587078.707870788,0.0001896809900464
-4586798.6798679875,0.0001896958795108
-4586518.651865188,0.0001897116264912
-4586238.623862388,0.0001897282285523
-4585958.595859587,0.0001897456829916
-4585678.567856787,0.0001897639868396
-4585398.539853986,0.0001897831368602
-4585118.511851186,0.0001898031295515
-4584838.4838483855,0.0001898239611461
-4584558.455845586,0.0001898456276118
-4584278.427842786,0.0001898681246523
-4583998.399839985,0.0001898914477084
-4583718.371837185,0.0001899155919582
-4583438.343834384,0.0001899405523189
-4583158.315831584,0.0001899663234471
-4582878.287828784,0.0001899928997407
-4582598.259825984,0.0001900202753394
-4582318.231823184,0.0001900484441267
-4582038.203820383,0.0001900773997307
-4581758.175817583,0.0001901071355262
-4581478.147814782,0.0001901376446354
-4581198.119811982,0.0001901689199307
-4580918.091809182,0.0001902009540352
-4580638.063806382,0.0001902337393254
-4580358.035803582,0.0001902672679327
-4580078.007800781,0.0001903015317453
-4579797.979797981,0.0001903365224105
-4579517.95179518,0.0001903722313365
-4579237.923792381,0.000190408649695
-4578957.89578958,0.0001904457684229
-4578677.86778678,0.0001904835782252
-4578397.83978398,0.0001905220695771
-4578117.811781179,0.0001905612327265
-4577837.783778379,0.0001906010576968
-4577557.755775578,0.0001906415342892
-4577277.727772778,0.0001906826520858
-4576997.699769978,0.0001907244004521
-4576717.671767178,0.0001907667685399
-4576437.643764378,0.0001908097452902
-4576157.615761577,0.0001908533194366
-4575877.587758777,0.0001908974795077
-4575597.559755977,0.0001909422138308
-4575317.531753177,0.0001909875105349
-4575037.503750376,0.0001910333575537
-4574757.475747576,0.0001910797426296
-4574477.447744776,0.0001911266533163
-4574197.419741975,0.0001911740769831
-4573917.391739175,0.0001912220008178
-4573637.363736374,0.0001912704118304
-4573357.335733575,0.0001913192968571
-4573077.307730774,0.0001913686425635
-4572797.279727974,0.000191418435449
-4572517.251725174,0.0001914686618501
-4572237.223722373,0.0001915193079444
-4571957.195719573,0.0001915703597547
-4571677.167716773,0.000191621803153
-4571397.139713973,0.0001916736238645
-4571117.111711172,0.0001917258074716
-4570837.083708372,0.0001917783394181
-4570557.055705572,0.0001918312050136
-4570277.027702771,0.0001918843894377
-4569996.999699971,0.000191937877744
-4569716.971697171,0.0001919916548648
-4569436.943694371,0.0001920457056156
-4569156.91569157,0.0001921000146989
-4568876.88768877,0.0001921545667096
-4568596.85968597,0.0001922093461387
-4568316.831683169,0.0001922643373784
-4568036.80368037,0.0001923195247266
-4567756.775677569,0.0001923748923913
-4567476.747674769,0.0001924304244956
-4567196.719671968,0.0001924861050822
-4566916.691669168,0.0001925419181184
-4566636.6636663675,0.0001925978475006
-4566356.635663567,0.0001926538770592
-4566076.607660768,0.0001927099905637
-4565796.579657967,0.0001927661717271
-4565516.551655167,0.0001928224042114
-4565236.523652366,0.0001928786716318
-4564956.495649566,0.0001929349575624
-4564676.4676467655,0.0001929912455405
-4564396.439643966,0.0001930475190722
-4564116.411641166,0.000193103761637
-4563836.383638365,0.0001931599566929
-4563556.355635565,0.0001932160876815
-4563276.327632764,0.0001932721380332
-4562996.299629964,0.0001933280911719
-4562716.2716271635,0.0001933839305206
-4562436.243624363,0.000193439639506
-4562156.215621564,0.000193495201564
-4561876.187618763,0.0001935506001444
-4561596.159615963,0.0001936058187165
-4561316.131613162,0.0001936608407739
-4561036.103610362,0.0001937156498396
-4560756.075607562,0.0001937702294713
-4560476.047604762,0.0001938245632666
-4560196.019601962,0.0001938786348678
-4559915.991599161,0.0001939324279672
-4559635.963596361,0.0001939859263124
-4559355.93559356,0.0001940391137109
-4559075.90759076,0.0001940919740358
-4558795.8795879595,0.0001941444912306
-4558515.85158516,0.0001941966493141
-4558235.82358236,0.0001942484323859
-4557955.795579559,0.0001942998246309
-4557675.767576759,0.0001943508103249
-4557395.739573958,0.0001944013738392
-4557115.711571158,0.0001944514996459
-4556835.683568358,0.0001945011723226
-4556555.655565558,0.0001945503765574
-4556275.627562758,0.0001945990971542
-4555995.599559957,0.0001946473190369
-4555715.571557157,0.0001946950272551
-4555435.543554356,0.0001947422069882
-4555155.515551556,0.0001947888435507
-4554875.487548756,0.0001948349223968
-4554595.459545956,0.0001948804291253
-4554315.431543156,0.000194925349484
-4554035.403540355,0.0001949696693747
-4553755.375537555,0.0001950133748576
-4553475.347534754,0.0001950564521562
-4553195.319531955,0.0001950988876617
-4552915.291529154,0.0001951406679372
-4552635.263526354,0.0001951817797229
-4552355.235523554,0.0001952222099398
-4552075.207520753,0.0001952619456944
-4551795.179517953,0.0001953009742834
-4551515.151515152,0.0001953392831972
-4551235.123512353,0.0001953768601246
-4550955.095509552,0.0001954136929573
-4550675.067506752,0.0001954497697933
-4550395.039503952,0.0001954850789414
-4550115.011501151,0.0001955196089253
-4549834.983498351,0.0001955533484874
-4549554.955495551,0.0001955862865925
-4549274.927492751,0.0001956184124321
-4548994.89948995,0.000195649715428
-4548714.87148715,0.0001956801852356
-4548434.84348435,0.0001957098117483
-4548154.815481549,0.0001957385851004
-4547874.787478749,0.0001957664956711
-4547594.759475949,0.0001957935340877
-4547314.731473149,0.000195819691229
-4547034.703470348,0.0001958449582288
-4546754.675467548,0.0001958693264789
-4546474.647464748,0.0001958927876324
-4546194.619461947,0.0001959153336067
-4545914.591459148,0.0001959369565866
-4545634.563456347,0.0001959576490273
-4545354.535453547,0.0001959774036572
-4545074.507450746,0.0001959962134806
-4544794.479447946,0.0001960140717805
-4544514.4514451455,0.0001960309721213
-4544234.423442345,0.0001960469083513
-4543954.395439545,0.000196061874605
-4543674.367436745,0.0001960758653056
-4543394.339433945,0.0001960888751677
-4543114.311431144,0.0001961008991987
-4542834.283428344,0.0001961119327016
-4542554.2554255435,0.0001961219712767
-4542274.227422744,0.000196131010824
-4541994.199419944,0.0001961390475443
-4541714.171417143,0.0001961460779417
-4541434.143414343,0.0001961520988251
-4541154.115411542,0.0001961571073095
-4540874.087408742,0.0001961611008178
-4540594.0594059415,0.0001961640770825
-4540314.031403141,0.0001961660341461
-4540034.003400342,0.0001961669703635
-4539753.975397541,0.0001961668844023
-4539473.947394741,0.0001961657752441
-4539193.91939194,0.0001961636421855
-4538913.89138914,0.0001961604848392
-4538633.8633863395,0.0001961563031341
-4538353.83538354,0.0001961510973168
-4538073.80738074,0.0001961448679514
-4537793.779377939,0.0001961376159206
-4537513.751375139,0.0001961293424258
-4537233.723372338,0.0001961200489873
-4536953.695369538,0.0001961097374446
-4536673.6673667375,0.0001960984099567
-4536393.639363938,0.0001960860690017
-4536113.611361138,0.0001960727173769
-4535833.583358337,0.0001960583581987
-4535553.555355537,0.000196042994902
-4535273.527352736,0.0001960266312404
-4534993.499349936,0.0001960092712847
-4534713.471347136,0.0001959909194234
-4534433.443344336,0.0001959715803613
-4534153.415341536,0.0001959512591189
-4533873.387338735,0.0001959299610317
-4533593.359335935,0.0001959076917488
-4533313.331333134,0.0001958844572324
-4533033.303330334,0.0001958602637559
-4532753.275327534,0.0001958351179032
-4532473.247324734,0.0001958090265672
-4532193.219321934,0.0001957819969481
-4531913.191319133,0.000195754036552
-4531633.163316333,0.0001957251531892
-4531353.135313532,0.0001956953549726
-4531073.107310733,0.0001956646503154
-4530793.079307932,0.0001956330479296
-4530513.051305132,0.0001956005568238
-4530233.023302332,0.0001955671863008
-4529952.995299531,0.0001955329459559
-4529672.967296731,0.0001954978456738
-4529392.93929393,0.0001954618956271
-4529112.91129113,0.0001954251062729
-4528832.88328833,0.0001953874883508
-4528552.85528553,0.0001953490528797
-4528272.82728273,0.0001953098111556
-4527992.799279929,0.0001952697747481
-4527712.771277129,0.0001952289554977
-4527432.743274329,0.000195187365513
-4527152.715271529,0.0001951450171669
-4526872.687268728,0.0001951019230939
-4526592.659265928,0.0001950580961867
-4526312.631263128,0.0001950135495925
-4526032.603260327,0.0001949682967096
-4525752.575257527,0.0001949223511842
-4525472.547254726,0.0001948757269062
-4525192.519251927,0.0001948284380055
-4524912.491249126,0.0001947804988487
-4524632.463246326,0.0001947319240346
-4524352.435243526,0.0001946827283905
-4524072.407240725,0.000194632926968
-4523792.379237925,0.000194582535039
-4523512.351235125,0.0001945315680911
-4523232.323232325,0.0001944800418241
-4522952.295229524,0.0001944279721446
-4522672.267226724,0.0001943753751624
-4522392.2392239235,0.0001943222671855
-4522112.211221123,0.0001942686647157
-4521832.183218323,0.0001942145844439
-4521552.155215523,0.0001941600432455
-4521272.127212723,0.0001941050581753
-4520992.099209922,0.000194049646463
-4520712.071207122,0.000193993825508
-4520432.0432043215,0.0001939376128747
-4520152.015201521,0.0001938810262871
-4519871.987198722,0.0001938240836242
-4519591.959195921,0.0001937668029142
-4519311.931193121,0.0001937092023298
-4519031.90319032,0.0001936513001829
-4518751.87518752,0.0001935931149189
-4518471.8471847195,0.0001935346651116
-4518191.819181919,0.0001934759694578
-4517911.79117912,0.0001934170467718
-4517631.763176319,0.0001933579159797
-4517351.735173519,0.000193298596114
-4517071.707170718,0.0001932391063081
-4516791.679167918,0.0001931794657902
-4516511.6511651175,0.0001931196938782
-4516231.623162318,0.0001930598099735
-4515951.595159518,0.0001929998335553
-4515671.567156717,0.0001929397841752
-4515391.539153917,0.0001928796814506
-4515111.511151116,0.0001928195450595
-4514831.483148316,0.0001927593947344
-4514551.4551455155,0.0001926992502561
-4514271.427142716,0.0001926391314482
-4513991.399139916,0.0001925790581705
-4513711.371137115,0.0001925190503136
-4513431.343134315,0.0001924591277926
-4513151.315131514,0.000192399310541
-4512871.287128714,0.0001923396185045
-4512591.259125914,0.0001922800716352
-4512311.231123114,0.0001922206898854
-4512031.203120314,0.0001921614932015
-4511751.175117513,0.0001921025015177
-4511471.147114713,0.0001920437347499
-4511191.119111912,0.0001919852127898
-4510911.091109112,0.0001919269554984
-4510631.0631063115,0.0001918689827002
-4510351.035103512,0.0001918113141767
-4510071.007100712,0.0001917539696604
-4509790.979097911,0.0001916969688286
-4509510.951095111,0.0001916403312975
-4509230.92309231,0.0001915840766156
-4508950.895089511,0.0001915282242578
-4508670.86708671,0.0001914727936193
-4508390.83908391,0.0001914178040094
-4508110.81108111,0.0001913632746456
-4507830.783078309,0.0001913092246471
-4507550.755075509,0.0001912556730289
-4507270.727072708,0.0001912026386961
-4506990.699069908,0.0001911501404374
-4506710.671067108,0.0001910981969191
-4506430.643064308,0.0001910468266794
-4506150.615061508,0.0001909960481224
-4505870.587058707,0.0001909458795118
-4505590.559055907,0.0001908963389654
-4505310.531053106,0.0001908474444491
-4505030.503050307,0.000190799213771
-4504750.475047506,0.0001907516645755
-4504470.447044706,0.0001907048143379
-4504190.419041906,0.0001906586803583
-4503910.391039105,0.0001906132797561
-4503630.363036305,0.0001905686294641
-4503350.335033504,0.0001905247462235
-4503070.307030705,0.0001904816465776
-4502790.279027904,0.0001904393468668
-4502510.251025104,0.000190397863223
-4502230.223022304,0.0001903572115643
-4501950.195019503,0.0001903174075893
-4501670.167016703,0.0001902784667722
-4501390.139013903,0.0001902404043574
-4501110.111011103,0.0001902032353543
-4500830.083008302,0.0001901669745324
-4500550.055005502,0.0001901316364159
-4500270.027002702,0.0001900972352788
-4499989.998999901,0.0001900637851404
-4499709.970997101,0.0001900312997596
-4499429.942994301,0.000189999792631
-4499149.914991501,0.0001899692769798
-4498869.8869887,0.0001899397657568
-4498589.8589859,0.0001899112716346
-4498309.8309830995,0.0001898838070023
-4498029.802980299,0.0001898573839616
-4497749.7749775,0.0001898320143225
-4497469.746974699,0.0001898077095985
-4497189.718971899,0.000189784481003
-4496909.690969098,0.0001897623394449
-4496629.662966298,0.0001897412955247
-4496349.6349634975,0.0001897213595305
-4496069.606960697,0.000189702541434
-4495789.578957898,0.0001896848508872
-4495509.550955097,0.0001896682972183
-4495229.522952297,0.0001896528894283
-4494949.494949496,0.0001896386361875
-4494669.466946696,0.0001896255458321
-4494389.4389438955,0.0001896136263611
-4494109.410941096,0.0001896028854325
-4493829.382938296,0.0001895933303612
-4493549.354935495,0.0001895849681148
-4493269.326932695,0.0001895778053117
-4492989.298929894,0.0001895718482178
-4492709.270927094,0.000189567102744
-4492429.2429242935,0.0001895635744432
-4492149.214921493,0.0001895612685085
-4491869.186918694,0.0001895601897701
-4491589.158915893,0.0001895603426935
-4491309.130913093,0.000189561731377
-4491029.102910292,0.0001895643595501
-4490749.074907492,0.0001895682305708
-4490469.046904692,0.0001895733474243
-4490189.018901892,0.0001895797127213
-4489908.990899092,0.000189587328696
-4489628.962896291,0.0001895961972046
-4489348.934893491,0.0001896063197244
-4489068.90689069,0.0001896176973518
-4488788.87888789,0.0001896303308016
-4488508.8508850895,0.000189644220406
-4488228.82288229,0.0001896593661129
-4487948.79487949,0.0001896757674861
-4487668.766876689,0.0001896934237037
-4487388.738873889,0.0001897123335581
-4487108.710871088,0.0001897324954551
-4486828.682868288,0.0001897539074136
-4486548.654865488,0.0001897765670657
-4486268.626862688,0.000189800471656
-4485988.598859888,0.0001898256180419
-4485708.570857087,0.0001898520026938
-4485428.542854287,0.0001898796216949
-4485148.514851486,0.000189908470742
-4484868.486848686,0.0001899385451457
-4484588.458845886,0.0001899698398308
-4484308.430843086,0.0001900023493376
-4484028.402840286,0.0001900360678219
-4483748.374837485,0.0001900709890565
-4483468.346834685,0.000190107106432
-4483188.318831884,0.0001901444129582
-4482908.290829085,0.0001901829012651
-4482628.262826284,0.0001902225636043
-4482348.234823484,0.000190263391851
-4482068.206820684,0.0001903053775048
-4481788.178817883,0.0001903485116924
-4481508.150815083,0.0001903927851686
-4481228.122812282,0.0001904381883192
-4480948.094809483,0.000190484711162
-4480668.066806682,0.0001905323433503
-4480388.038803882,0.0001905810741741
-4480108.010801082,0.0001906308925633
-4479827.982798281,0.0001906817870898
-4479547.954795481,0.0001907337459708
-4479267.926792681,0.0001907867570709
-4478987.898789881,0.0001908408079054
-4478707.87078708,0.0001908958856433
-4478427.84278428,0.0001909519771105
-4478147.81478148,0.0001910090687929
-4477867.786778679,0.0001910671468399
-4477587.758775879,0.0001911261970678
-4477307.730773078,0.0001911862049634
-4477027.702770279,0.0001912471556876
-4476747.674767478,0.0001913090340796
-4476467.646764678,0.0001913718246603
-4476187.6187618775,0.0001914355116367
-4475907.590759077,0.0001915000789057
-4475627.562756278,0.0001915655100586
-4475347.534753477,0.0001916317883855
-4475067.506750677,0.0001916988968792
-4474787.478747876,0.0001917668182403
-4474507.450745076,0.0001918355348818
-4474227.4227422755,0.0001919050289333
-4473947.394739475,0.0001919752822464
-4473667.366736675,0.0001920462763996
-4473387.338733875,0.0001921179927027
-4473107.310731075,0.0001921904122027
-4472827.282728274,0.0001922635156884
-4472547.254725474,0.0001923372836963
-4472267.2267226735,0.0001924116965152
-4471987.198719873,0.0001924867341925
-4471707.170717074,0.0001925623765392
-4471427.142714273,0.0001926386031356
-4471147.114711473,0.0001927153933373
-4470867.086708672,0.0001927927262808
-4470587.058705872,0.0001928705808894
-4470307.0307030715,0.0001929489358794
-4470027.002700271,0.0001930277697657
-4469746.974697472,0.0001931070608684
-4469466.946694671,0.0001931867873185
-4469186.918691871,0.0001932669270647
-4468906.89068907,0.0001933474578794
-4468626.86268627,0.0001934283573652
-4468346.8346834695,0.0001935096029612
-4468066.80668067,0.0001935911719499
-4467786.77867787,0.0001936730414636
-4467506.750675069,0.0001937551884908
-4467226.722672269,0.0001938375898835
-4466946.694669468,0.0001939202223635
-4466666.666666668,0.0001940030625292
-4466386.6386638675,0.0001940860868632
-4466106.610661068,0.0001941692717381
-4465826.582658268,0.0001942525934247
-4465546.554655467,0.0001943360280979
-4465266.526652667,0.0001944195518447
-4464986.498649866,0.0001945031406708
-4464706.470647066,0.0001945867705081
-4464426.442644266,0.0001946704172214
-4464146.414641466,0.0001947540566162
-4463866.386638666,0.0001948376644457
-4463586.358635865,0.0001949212164183
-4463306.330633065,0.0001950046882045
-4463026.302630264,0.0001950880554449
-4462746.274627464,0.000195171293757
-4462466.246624664,0.0001952543787432
-4462186.218621864,0.0001953372859976
-4461906.190619064,0.0001954199911141
-4461626.162616263,0.0001955024696935
-4461346.134613463,0.0001955846973509
-4461066.106610662,0.0001956666497238
-4460786.078607863,0.0001957483024789
-4460506.050605062,0.0001958296313201
-4460226.022602262,0.0001959106119958
-4459945.994599462,0.0001959912203067
-4459665.966596661,0.0001960714321129
-4459385.938593861,0.0001961512233422
-4459105.91059106,0.0001962305699966
-4458825.88258826,0.0001963094481609
-4458545.85458546,0.0001963878340094
-4458265.82658266,0.000196465703814
-4457985.79857986,0.0001965430339513
-4457705.770577059,0.0001966198009103
-4457425.742574259,0.0001966959812999
-4457145.714571459,0.0001967715518561
-4456865.686568659,0.00019684648945
-4456585.658565858,0.0001969207710946
-4456305.630563058,0.0001969943739523
-4456025.602560258,0.0001970672753428
-4455745.574557457,0.0001971394527497
-4455465.546554657,0.0001972108838283
-4455185.518551856,0.0001972815464126
-4454905.490549057,0.0001973514185227
-4454625.462546256,0.0001974204783719
-4454345.434543456,0.0001974887043738
-4454065.4065406555,0.0001975560751495
-4453785.378537855,0.0001976225695346
-4453505.350535055,0.0001976881665862
-4453225.322532255,0.00019775284559
-4452945.294529455,0.000197816586067
-4452665.266526654,0.0001978793677803
-4452385.238523854,0.0001979411707423
-4452105.2105210535,0.0001980019752209
-4451825.182518253,0.0001980617617466
-4451545.154515453,0.0001981205111188
-4451265.126512653,0.0001981782044126
-4450985.098509853,0.000198234822985
-4450705.070507052,0.0001982903484816
-4450425.042504252,0.0001983447628427
-4450145.0145014515,0.0001983980483096
-4449864.986498651,0.0001984501874308
-4449584.958495852,0.0001985011630683
-4449304.930493051,0.0001985509584032
-4449024.902490251,0.000198599556942
-4448744.87448745,0.0001986469425221
-4448464.84648465,0.0001986930993182
-4448184.8184818495,0.0001987380118472
-4447904.790479049,0.0001987816649742
-4447624.76247625,0.0001988240439181
-4447344.734473449,0.0001988651342567
-4447064.706470649,0.0001989049219322
-4446784.678467848,0.0001989433932563
-4446504.650465048,0.0001989805349154
-4446224.6224622475,0.0001990163339756
-4445944.594459448,0.0001990507778875
-4445664.566456648,0.0001990838544909
-4445384.538453847,0.00019911555202
-4445104.510451047,0.0001991458591073
-4444824.482448246,0.0001991747647885
-4444544.454445446,0.0001992022585068
-4444264.4264426455,0.0001992283301171
-4443984.398439845,0.0001992529698899
-4443704.370437046,0.0001992761685159
-4443424.342434245,0.0001992979171092
-4443144.314431445,0.0001993182072115
-4442864.286428644,0.0001993370307959
-4442584.258425844,0.0001993543802698
-4442304.230423044,0.000199370248479
-4442024.202420244,0.0001993846287105
-4441744.174417444,0.0001993975146961
-4441464.146414643,0.0001994089006148
-4441184.118411843,0.0001994187810963
-4440904.090409042,0.0001994271512236
-4440624.062406242,0.0001994340065355
-4440344.0344034415,0.0001994393430291
-4440064.006400642,0.0001994431571624
-4439783.978397842,0.0001994454458564
-4439503.950395041,0.0001994462064972
-4439223.922392241,0.0001994454369379
-4438943.89438944,0.0001994431355006
-4438663.86638664,0.0001994393009779
-4438383.83838384,0.0001994339326348
-4438103.81038104,0.0001994270302096
-4437823.78237824,0.0001994185939157
-4437543.754375439,0.0001994086244421
-4437263.726372639,0.0001993971229551
-4436983.698369838,0.0001993840910989
-4436703.670367038,0.0001993695309957
-4436423.642364238,0.0001993534452474
-4436143.614361438,0.000199335836935
-4435863.586358638,0.0001993167096195
-4435583.558355837,0.0001992960673415
-4435303.530353037,0.0001992739146217
-4435023.502350236,0.0001992502564605
-4434743.474347437,0.0001992250983376
-4434463.446344636,0.0001991984462118
-4434183.418341836,0.0001991703065199
-4433903.390339036,0.0001991406861767
-4433623.362336235,0.0001991095925734
-4433343.334333435,0.0001990770335769
-4433063.306330634,0.0001990430175284
-4432783.278327835,0.0001990075532425
-4432503.250325034,0.0001989706500051
-4432223.222322234,0.0001989323175722
-4431943.1943194335,0.000198892566168
-4431663.166316633,0.000198851406483
-4431383.138313833,0.0001988088496716
-4431103.110311033,0.0001987649073506
-4430823.082308233,0.0001987195915959
-4430543.054305432,0.0001986729149407
-4430263.026302632,0.0001986248903728
-4429982.9982998315,0.0001985755313312
-4429702.970297031,0.0001985248517038
-4429422.942294231,0.0001984728658241
-4429142.914291431,0.0001984195884676
-4428862.886288631,0.0001983650348492
-4428582.85828583,0.0001983092206188
-4428302.83028303,0.0001982521618582
-4428022.8022802295,0.0001981938750773
-4427742.774277429,0.0001981343772098
-4427462.74627463,0.0001980736856094
-4427182.718271829,0.0001980118180454
-4426902.690269029,0.0001979487926986
-4426622.662266228,0.0001978846281567
-4426342.634263428,0.0001978193434092
-4426062.6062606275,0.0001977529578436
-4425782.578257827,0.0001976854912397
-4425502.550255027,0.0001976169637646
-4425222.522252227,0.0001975473959683
-4424942.494249427,0.0001974768087774
-4424662.466246626,0.0001974052234904
-4424382.438243826,0.0001973326617719
-4424102.4102410255,0.0001972591456469
-4423822.382238226,0.0001971846974952
-4423542.354235426,0.0001971093400451
-4423262.326232625,0.0001970330963678
-4422982.298229825,0.000196955989871
-4422702.270227024,0.0001968780442927
-4422422.242224224,0.0001967992836947
-4422142.2142214235,0.0001967197324564
-4421862.186218623,0.0001966394152677
-4421582.158215824,0.0001965583571226
-4421302.130213023,0.0001964765833125
-4421022.102210223,0.0001963941194187
-4420742.074207422,0.0001963109913061
-4420462.046204622,0.0001962272251151
-4420182.0182018215,0.0001961428472555
-4419901.990199022,0.000196057884398
-4419621.962196222,0.0001959723634674
-4419341.934193421,0.0001958863116351
-4419061.906190621,0.0001957997563109
-4418781.87818782,0.000195712725136
-4418501.85018502,0.0001956252459743
-4418221.8221822195,0.0001955373469054
-4417941.79417942,0.0001954490562158
-4417661.76617662,0.0001953604023913
-4417381.738173819,0.0001952714141087
-4417101.710171019,0.0001951821202275
-4416821.682168218,0.0001950925497815
-4416541.654165418,0.0001950027319707
-4416261.626162618,0.0001949126961524
-4415981.598159818,0.0001948224718329
-4415701.570157018,0.0001947320886591
-4415421.542154217,0.0001946415764092
-4415141.514151417,0.0001945509649847
-4414861.486148616,0.0001944602844011
-4414581.458145816,0.000194369564779
-4414301.430143016,0.0001942788363357
-4414021.402140216,0.0001941881293756
-4413741.374137416,0.0001940974742818
-4413461.346134615,0.0001940069015063
-4413181.318131815,0.0001939164415617
-4412901.290129014,0.0001938261250115
-4412621.262126215,0.0001937359824611
-4412341.234123414,0.0001936460445485
-4412061.206120614,0.0001935563419351
-4411781.178117814,0.0001934669052964
-4411501.150115013,0.0001933777653127
-4411221.122112213,0.0001932889526596
-4410941.094109412,0.000193200497999
-4410661.066106613,0.0001931124319693
-4410381.038103812,0.000193024785176
-4410101.010101012,0.0001929375881827
-4409820.9820982115,0.0001928508715012
-4409540.954095411,0.0001927646655824
-4409260.926092611,0.0001926790008066
-4408980.898089811,0.0001925939074741
-4408700.870087011,0.0001925094157959
-4408420.84208421,0.000192425555884
-4408140.81408141,0.0001923423577423
-4407860.7860786095,0.0001922598512566
-4407580.758075809,0.0001921780661859
-4407300.730073009,0.0001920970321522
-4407020.702070208,0.0001920167786319
-4406740.674067409,0.0001919373349456
-4406460.646064608,0.0001918587302495
-4406180.618061808,0.0001917809935255
-4405900.5900590075,0.0001917041535723
-4405620.562056207,0.0001916282389957
-4405340.534053408,0.0001915532781998
-4405060.506050607,0.0001914792993774
-4404780.478047807,0.0001914063305013
-4404500.450045006,0.0001913343993147
-4404220.422042206,0.0001912635333224
-4403940.3940394055,0.0001911937597817
-4403660.366036605,0.0001911251056932
-4403380.338033805,0.0001910575977926
-4403100.310031005,0.0001909912625408
-4402820.282028205,0.0001909261261158
-4402540.254025404,0.000190862214404
-4402260.226022604,0.000190799552991
-4401980.1980198035,0.0001907381671533
-4401700.170017003,0.0001906780818499
-4401420.142014204,0.0001906193217136
-4401140.114011403,0.0001905619110425
-4400860.086008603,0.000190505873792
-4400580.058005802,0.0001904512335665
-4400300.030003002,0.000190398013611
-4400020.0020002015,0.0001903462368033
-4399739.973997401,0.000190295925646
-4399459.945994602,0.0001902471022583
-4399179.917991801,0.0001901997883689
-4398899.889989001,0.0001901540053074
-4398619.8619862,0.0001901097739976
-4398339.8339834,0.0001900671149493
-4398059.8059805995,0.0001900260482515
-4397779.7779778,0.0001899865935646
-4397499.749975,0.0001899487701137
-4397219.721972199,0.0001899125966813
-4396939.693969399,0.0001898780916004
-4396659.665966598,0.0001898452727476
-4396379.637963798,0.0001898141575365
-4396099.6099609975,0.0001897847629114
-4395819.581958198,0.0001897571053402
-4395539.553955398,0.0001897312008088
-4395259.525952597,0.0001897070648141
-4394979.497949797,0.0001896847123589
-4394699.469946996,0.0001896641579451
-4394419.441944196,0.0001896454155685
-4394139.413941396,0.0001896284987126
-4393859.385938596,0.0001896134203436
-4393579.357935796,0.0001896001929049
-4393299.329932995,0.0001895888283116
-4393019.301930195,0.0001895793379457
-4392739.273927394,0.0001895717326509
-4392459.245924594,0.0001895660227281
-4392179.217921793,0.0001895622179307
-4391899.189918994,0.00018956032746
-4391619.161916194,0.0001895603599606
-4391339.133913393,0.000189562323517
-4391059.105910593,0.0001895662256489
-4390779.077907792,0.0001895720733076
-4390499.049904993,0.0001895798728722
-4390219.021902192,0.0001895896301463
-4389938.993899392,0.0001896013503543
-4389658.965896592,0.0001896150381387
-4389378.937893791,0.0001896306975564
-4389098.909890991,0.0001896483320763
-4388818.88188819,0.0001896679445766
-4388538.85388539,0.0001896895373422
-4388258.82588259,0.0001897131120621
-4387978.79787979,0.0001897386698276
-4387698.76987699,0.0001897662111303
-4387418.741874189,0.0001897957358599
-4387138.713871389,0.0001898272433029
-4386858.685868588,0.000189860732141
-4386578.657865789,0.0001898962004498
-4386298.629862988,0.0001899336456979
-4386018.601860188,0.0001899730647456
-4385738.5738573875,0.0001900144538444
-4385458.545854587,0.0001900578086365
-4385178.517851787,0.0001901031241541
-4384898.489848986,0.0001901503948197
-4384618.461846187,0.0001901996144456
-4384338.433843386,0.0001902507762343
-4384058.405840586,0.0001903038727788
-4383778.3778377855,0.0001903588960633
-4383498.349834985,0.0001904158374638
-4383218.321832185,0.0001904746877489
-4382938.293829385,0.000190535437081
-4382658.265826585,0.0001905980750179
-4382378.237823784,0.0001906625905137
-4382098.209820984,0.0001907289719207
-4381818.1818181835,0.0001907972069917
-4381538.153815383,0.0001908672828811
-4381258.125812583,0.0001909391861482
-4380978.097809783,0.0001910129027586
-4380698.069806983,0.0001910884180876
-4380418.041804182,0.0001911657169224
-4380138.013801382,0.0001912447834656
-4379857.9857985815,0.0001913256013377
-4379577.957795781,0.0001914081535812
-4379297.929792982,0.0001914924226635
-4379017.901790181,0.0001915783904809
-4378737.873787381,0.0001916660383623
-4378457.84578458,0.0001917553470737
-4378177.81778178,0.0001918462968219
-4377897.7897789795,0.0001919388672593
-4377617.761776179,0.0001920330374884
-4377337.73377338,0.0001921287860667
-4377057.705770579,0.0001922260910114
-4376777.677767779,0.0001923249298049
-4376497.649764978,0.0001924252794
-4376217.621762178,0.0001925271162253
-4375937.5937593775,0.000192630416191
-4375657.565756578,0.0001927351546946
-4375377.537753778,0.0001928413066272
-4375097.509750977,0.0001929488463796
-4374817.481748177,0.0001930577478483
-4374537.453745376,0.0001931679844427
-4374257.425742576,0.0001932795290912
-4373977.3977397755,0.0001933923542483
-4373697.369736975,0.0001935064319019
-4373417.341734176,0.0001936217335799
-4373137.313731375,0.000193738230358
-4372857.285728575,0.0001938558928671
-4372577.257725774,0.000193974691301
-4372297.229722974,0.000194094595424
-4372017.201720174,0.0001942155745792
-4371737.173717374,0.0001943375976963
-4371457.145714574,0.0001944606333002
-4371177.117711773,0.000194584649519
-4370897.089708973,0.0001947096140931
-4370617.061706172,0.0001948354943834
-4370337.033703372,0.0001949622573804
-4370057.005700571,0.0001950898697132
-4369776.977697772,0.0001952182976583
-4369496.949694972,0.0001953475071494
-4369216.921692171,0.0001954774637864
-4368936.893689371,0.0001956081328449
-4368656.86568657,0.000195739479286
-4368376.83768377,0.0001958714677659
-4368096.80968097,0.000196004062646
-4367816.78167817,0.0001961372280026
-4367536.75367537,0.0001962709276373
-4367256.725672569,0.0001964051250871
-4366976.697669769,0.0001965397836345
-4366696.669666968,0.0001966748663185
-4366416.641664168,0.0001968103359446
-4366136.613661368,0.0001969461550959
-4365856.585658568,0.0001970822861434
-4365576.557655768,0.0001972186912571
-4365296.529652967,0.000197355332417
-4365016.501650167,0.0001974921714239
-4364736.473647366,0.0001976291699109
-4364456.445644567,0.000197766289354
-4364176.417641766,0.0001979034910839
-4363896.389638966,0.0001980407362973
-4363616.3616361655,0.0001981779860678
-4363336.333633365,0.0001983152013583
-4363056.305630565,0.0001984523430317
-4362776.277627764,0.000198589371863
-4362496.249624965,0.000198726248551
-4362216.221622164,0.0001988629337298
-4361936.193619364,0.0001989993879809
-4361656.1656165635,0.0001991355718449
-4361376.137613763,0.0001992714458331
-4361096.109610963,0.0001994069704403
-4360816.081608163,0.0001995421061558
-4360536.053605363,0.0001996768134762
-4360256.025602562,0.0001998110529169
-4359975.997599762,0.0001999447850246
-4359695.9695969615,0.0002000779703892
-4359415.941594161,0.0002002105696561
-4359135.913591361,0.000200342543538
-4358855.88558856,0.0002004738528277
-4358575.857585761,0.0002006044584097
-4358295.82958296,0.0002007343212726
-4358015.80158016,0.0002008634025216
-4357735.7735773595,0.0002009916633902
-4357455.745574559,0.0002011190652528
-4357175.71757176,0.0002012455696366
-4356895.689568959,0.0002013711382341
-4356615.661566159,0.000201495732915
-4356335.633563358,0.0002016193157386
-4356055.605560558,0.0002017418489658
-4355775.5775577575,0.0002018632950711
-4355495.549554957,0.0002019836167551
-4355215.521552157,0.000202102776956
-4354935.493549357,0.0002022207388621
-4354655.465546557,0.0002023374659236
-4354375.437543756,0.0002024529218643
-4354095.409540956,0.0002025670706941
-4353815.3815381555,0.0002026798767203
-4353535.353535355,0.0002027913045594
-4353255.325532556,0.0002029013191493
-4352975.297529755,0.0002030098857604
-4352695.269526955,0.0002031169700079
-4352415.241524154,0.0002032225378624
-4352135.213521354,0.0002033265556623
-4351855.1855185535,0.0002034289901246
-4351575.157515753,0.0002035298083566
-4351295.129512954,0.0002036289778666
-4351015.101510153,0.0002037264665757
-4350735.073507353,0.0002038222428283
-4350455.045504552,0.0002039162754036
-4350175.017501752,0.0002040085335258
-4349894.989498952,0.0002040989868756
-4349614.961496152,0.0002041876056001
-4349334.933493352,0.000204274360324
-4349054.905490551,0.0002043592221597
-4348774.877487751,0.0002044421627177
-4348494.84948495,0.0002045231541167
-4348214.82148215,0.0002046021689941
-4347934.793479349,0.0002046791805154
-4347654.765476549,0.0002047541623843
-4347374.73747375,0.0002048270888524
-4347094.709470949,0.0002048979347288
-4346814.681468149,0.0002049666753896
-4346534.653465348,0.0002050332867868
-4346254.625462548,0.0002050977454579
-4345974.597459748,0.0002051600285348
-4345694.569456948,0.0002052201137522
-4345414.541454148,0.0002052779794569
-4345134.513451347,0.0002053336046162
-4344854.485448547,0.0002053869688257
-4344574.457445746,0.0002054380523185
-4344294.429442946,0.0002054868359722
-4344014.401440145,0.0002055333013175
-4343734.373437346,0.0002055774305458
-4343454.345434546,0.0002056192065163
-4343174.317431745,0.0002056586127639
-4342894.289428945,0.0002056956335061
-4342614.261426144,0.0002057302536498
-4342334.233423345,0.0002057624587984
-4342054.205420544,0.0002057922352585
-4341774.177417744,0.000205819570046
-4341494.1494149435,0.0002058444508924
-4341214.121412143,0.000205866866251
-4340934.093409343,0.0002058868053028
-4340654.065406542,0.0002059042579616
-4340374.037403742,0.0002059192148801
-4340094.009400942,0.0002059316674547
-4339813.981398142,0.0002059416078309
-4339533.9533953415,0.0002059490289076
-4339253.925392541,0.0002059539243421
-4338973.897389741,0.0002059562885543
-4338693.869386941,0.0002059561167309
-4338413.841384141,0.0002059534048296
-4338133.81338134,0.0002059481495824
-4337853.78537854,0.0002059403484993
-4337573.7573757395,0.0002059299998718
-4337293.729372939,0.0002059171027757
-4337013.701370139,0.000205901657074
-4336733.673367338,0.0002058836634196
-4336453.645364539,0.0002058631232577
-4336173.617361738,0.0002058400388276
-4335893.589358938,0.0002058144131653
-4335613.5613561375,0.0002057862501044
-4335333.533353337,0.0002057555542783
-4335053.505350538,0.0002057223311208
-4334773.477347737,0.0002056865868674
-4334493.449344937,0.0002056483285561
-4334213.421342136,0.0002056075640277
-4333933.393339336,0.0002055643019262
-4333653.3653365355,0.0002055185516989
-4333373.337333735,0.0002054703235958
-4333093.309330935,0.0002054196286696
-4332813.281328135,0.0002053664787748
-4332533.253325335,0.0002053108865668
-4332253.225322534,0.0002052528655007
-4331973.197319734,0.0002051924298298
-4331693.1693169335,0.0002051295946038
-4331413.141314134,0.0002050643756676
-4331133.113311334,0.000204996789658
-4330853.085308533,0.0002049268540022
-4330573.057305733,0.0002048545869149
-4330293.029302932,0.0002047800073951
-4330013.001300132,0.0002047031352235
-4329732.9732973315,0.0002046239909584
-4329452.945294531,0.000204542595933
-4329172.917291731,0.0002044589722505
-4328892.889288931,0.0002043731427807
-4328612.861286131,0.0002042851311555
-4328332.83328333,0.0002041949617641
-4328052.80528053,0.0002041026597481
-4327772.7772777295,0.0002040082509969
-4327492.74927493,0.0002039117621418
-4327212.72127213,0.0002038132205508
-4326932.693269329,0.0002037126543224
-4326652.665266529,0.0002036100922801
-4326372.637263728,0.0002035055639657
-4326092.609260928,0.0002033990996327
-4325812.5812581275,0.0002032907302401
-4325532.553255327,0.0002031804874447
-4325252.525252528,0.0002030684035945
-4324972.497249727,0.0002029545117207
-4324692.469246927,0.0002028388455305
-4324412.441244126,0.0002027214393989
-4324132.413241326,0.0002026023283605
-4323852.385238526,0.0002024815481014
-4323572.357235726,0.0002023591349504
-4323292.329232926,0.0002022351258704
-4323012.301230125,0.0002021095584491
-4322732.273227325,0.0002019824708901
-4322452.245224524,0.0002018539020029
-4322172.217221724,0.000201723891194
-4321892.189218923,0.0002015924784562
-4321612.161216124,0.0002014597043591
-4321332.133213324,0.0002013256100387
-4321052.105210523,0.0002011902371866
-4320772.077207723,0.0002010536280395
-4320492.049204922,0.0002009158253684
-4320212.021202123,0.0002007768724675
-4319931.993199322,0.0002006368131425
-4319651.965196522,0.0002004956916997
-4319371.9371937215,0.0002003535529338
-4319091.909190921,0.0002002104421167
-4318811.881188121,0.0002000664049846
-4318531.85318532,0.0001999214877265
-4318251.82518252,0.0001997757369715
-4317971.79717972,0.0001996291997762
-4317691.76917692,0.0001994819236121
-4317411.7411741195,0.0001993339563527
-4317131.713171319,0.0001991853462602
-4316851.685168519,0.0001990361419725
-4316571.657165719,0.0001988863924899
-4316291.629162919,0.0001987361471612
-4316011.601160118,0.0001985854556702
-4315731.573157318,0.0001984343680221
-4315451.5451545175,0.0001982829345291
-4315171.517151717,0.0001981312057965
-4314891.489148917,0.0001979792327086
-4314611.461146116,0.0001978270664139
-4314331.433143316,0.0001976747583109
-4314051.405140516,0.0001975223600336
-4313771.377137716,0.0001973699234362
-4313491.3491349155,0.0001972175005788
-4313211.321132115,0.0001970651437121
-4312931.293129315,0.0001969129052622
-4312651.265126515,0.000196760837816
-4312371.237123715,0.000196608994105
-4312091.209120914,0.0001964574269908
-4311811.181118114,0.0001963061894489
-4311531.1531153135,0.0001961553345535
-4311251.125112513,0.000196004915462
-4310971.097109713,0.0001958549853988
-4310691.069106912,0.0001957055976398
-4310411.041104113,0.0001955568054965
-4310131.013101312,0.0001954086622999
-4309850.985098512,0.0001952612213849
-4309570.9570957115,0.0001951145360736
-4309290.929092911,0.0001949686596599
-4309010.901090112,0.0001948236453927
-4308730.873087311,0.0001946795464601
-4308450.845084511,0.0001945364159733
-4308170.81708171,0.0001943943069497
-4307890.78907891,0.0001942532722972
-4307610.7610761095,0.0001941133647977
-4307330.733073309,0.0001939746370907
-4307050.705070509,0.0001938371416569
-4306770.677067709,0.000193700930802
-4306490.649064909,0.0001935660566404
-4306210.621062108,0.0001934325710783
-4305930.593059308,0.0001933005257982
-4305650.5650565075,0.0001931699722416
-4305370.537053708,0.0001930409615935
-4305090.509050908,0.0001929135447655
-4304810.481048107,0.0001927877723799
-4304530.453045307,0.0001926636947532
-4304250.425042506,0.0001925413618798
-4303970.397039706,0.0001924208234162
-4303690.3690369055,0.0001923021286644
-4303410.341034105,0.0001921853265561
-4303130.313031306,0.0001920704656366
-4302850.285028505,0.0001919575940488
-4302570.257025705,0.0001918467595172
-4302290.229022904,0.0001917380093322
-4302010.201020104,0.0001916313903342
-4301730.173017304,0.000191526948898
-4301450.145014504,0.0001914247309172
-4301170.117011704,0.0001913247817885
-4300890.089008903,0.0001912271463965
-4300610.061006103,0.0001911318690982
-4300330.033003302,0.000191038993708
-4300050.005000502,0.0001909485634822
-4299769.976997701,0.0001908606211044
-4299489.948994902,0.0001907752086702
-4299209.920992102,0.0001906923676731
-4298929.892989301,0.0001906121389889
-4298649.864986501,0.000190534562862
-4298369.8369837,0.0001904596788908
-4298089.808980901,0.0001903875260134
-4297809.7809781,0.0001903181424934
-4297529.7529753,0.0001902515659062
-4297249.7249725,0.0001901878331251
-4296969.696969699,0.0001901269803079
-4296689.668966899,0.000190069042883
-4296409.640964098,0.0001900140555367
-4296129.612961298,0.0001899620521995
-4295849.584958497,0.0001899130660336
-4295569.556955698,0.00018986712942
-4295289.5289528975,0.0001898242739461
-4295009.500950097,0.000189784530393
-4294729.472947297,0.0001897479287235
-4294449.444944496,0.0001897144980702
-4294169.416941697,0.000189684266724
-4293889.388938896,0.0001896572621216
-4293609.360936096,0.0001896335108354
-4293329.3329332955,0.0001896130385613
-4293049.304930495,0.0001895958701086
-4292769.276927695,0.0001895820293887
-4292489.248924894,0.0001895715394051
-4292209.220922094,0.0001895644222428
-4291929.192919294,0.0001895606990587
-4291649.164916494,0.0001895603900716
-4291369.1369136935,0.0001895635145527
-4291089.108910893,0.0001895700908164
-4290809.080908093,0.0001895801362115
-4290529.052905293,0.000189593667112
-4290249.024902493,0.0001896106989091
-4289968.996899692,0.0001896312460026
-4289688.968896892,0.0001896553217932
-4289408.9408940915,0.0001896829386746
-4289128.912891291,0.0001897141080262
-4288848.884888491,0.000189748840206
-4288568.85688569,0.0001897871445435
-4288288.828882891,0.0001898290293335
-4288008.80088009,0.0001898745018294
-4287728.77287729,0.0001899235682373
-4287448.7448744895,0.0001899762337106
-4287168.716871689,0.000190032502344
-4286888.68886889,0.0001900923771687
-4286608.660866089,0.0001901558601477
-4286328.632863289,0.0001902229521708
-4286048.604860488,0.0001902936530509
-4285768.576857688,0.0001903679615194
-4285488.5488548875,0.0001904458752234
-4285208.520852087,0.0001905273907216
-4284928.492849287,0.0001906125034819
-4284648.464846487,0.0001907012078781
-4284368.436843687,0.0001907934971882
-4284088.408840886,0.0001908893635918
-4283808.380838086,0.0001909887981685
-4283528.3528352855,0.0001910917908968
-4283248.324832486,0.0001911983306523
-4282968.296829686,0.0001913084052078
-4282688.268826885,0.000191422001232
-4282408.240824085,0.0001915391042901
-4282128.212821284,0.0001916596988434
-4281848.184818484,0.0001917837682503
-4281568.1568156835,0.0001919112947668
-4281288.128812883,0.000192042259548
-4281008.100810083,0.0001921766426493
-4280728.072807283,0.0001923144230286
-4280448.044804483,0.0001924555785482
-4280168.016801682,0.0001926000859775
-4279887.988798882,0.0001927479209957
-4279607.960796082,0.0001928990581953
-4279327.932793282,0.0001930534710852
-4279047.904790482,0.0001932111320949
-4278767.876787681,0.0001933720125783
-4278487.848784881,0.0001935360828189
-4278207.82078208,0.000193703312034
-4277927.79277928,0.0001938736683802
-4277647.764776479,0.0001940471189589
-4277367.736773679,0.0001942236298222
-4277087.70877088,0.0001944031659791
-4276807.680768079,0.000194585691402
-4276527.652765279,0.0001947711690335
-4276247.624762478,0.0001949595607938
-4275967.596759678,0.000195150827588
-4275687.568756878,0.0001953449293141
-4275407.540754078,0.0001955418248712
-4275127.512751278,0.000195741472168
-4274847.484748477,0.0001959438281317
-4274567.456745677,0.000196148848717
-4274287.428742876,0.0001963564889156
-4274007.400740076,0.0001965667027664
-4273727.372737275,0.0001967794433652
-4273447.344734476,0.0001969946628752
-4273167.3167316755,0.000197212312538
-4272887.288728875,0.0001974323426848
-4272607.260726075,0.0001976547027471
-4272327.232723274,0.0001978793412692
-4272047.204720475,0.00019810620592
-4271767.176717674,0.000198335243505
-4271487.148714874,0.0001985663999792
-4271207.1207120735,0.0001987996204602
-4270927.092709273,0.000199034849241
-4270647.064706473,0.0001992720298038
-4270367.036703672,0.000199511104834
-4270087.008700872,0.0001997520162338
-4269806.980698072,0.000199994705137
-4269526.952695272,0.0002002391119236
-4269246.9246924715,0.0002004851762347
-4268966.896689671,0.0002007328369878
-4268686.868686871,0.0002009820323922
-4268406.840684071,0.000201232699965
-4268126.812681271,0.0002014847765469
-4267846.78467847,0.0002017381983187
-4267566.75667567,0.0002019929008178
-4267286.7286728695,0.000202248818955
-4267006.700670069,0.0002025058870318
-4266726.672667269,0.0002027640387572
-4266446.644664468,0.0002030232072661
-4266166.616661669,0.0002032833251363
-4265886.588658868,0.0002035443244071
-4265606.560656068,0.0002038061365972
-4265326.5326532675,0.0002040686927236
-4265046.504650467,0.0002043319233199
-4264766.476647668,0.0002045957584557
-4264486.448644867,0.0002048601277555
-4264206.420642067,0.0002051249604178
-4263926.392639266,0.0002053901852355
-4263646.364636466,0.0002056557306148
-4263366.3366336655,0.0002059215245955
-4263086.308630865,0.0002061874948714
-4262806.280628065,0.0002064535688103
-4262526.252625264,0.0002067196734745
-4262246.224622465,0.0002069857356419
-4261966.196619664,0.0002072516818263
-4261686.168616864,0.000207517438299
-4261406.1406140635,0.0002077829311093
-4261126.112611263,0.0002080480861065
-4260846.084608464,0.000208312828961
-4260566.056605663,0.0002085770851859
-4260286.028602863,0.000208840780159
-4260006.000600062,0.0002091038391444
-4259725.972597262,0.0002093661873146
-4259445.9445944615,0.0002096277497727
-4259165.916591661,0.0002098884515744
-4258885.888588861,0.0002101482177508
-4258605.860586061,0.0002104069733302
-4258325.832583261,0.0002106646433611
-4258045.80458046,0.0002109211529345
-4257765.77657766,0.0002111764272071
-4257485.748574859,0.0002114303914233
-4257205.72057206,0.0002116829709385
-4256925.69256926,0.0002119340912423
-4256645.664566459,0.0002121836779806
-4256365.636563659,0.0002124316569793
-4256085.608560858,0.0002126779542671
-4255805.580558058,0.0002129224960986
-4255525.552555257,0.0002131652089774
-4255245.524552457,0.0002134060196792
-4254965.496549658,0.0002136448552748
-4254685.468546857,0.0002138816431537
-4254405.440544057,0.0002141163110468
-4254125.412541256,0.0002143487870498
-4253845.384538456,0.000214578999646
-4253565.356535656,0.0002148068777301
-4253285.328532856,0.0002150323506306
-4253005.300530056,0.0002152553481332
-4252725.272527255,0.0002154758005037
-4252445.244524455,0.0002156936385112
-4252165.216521654,0.0002159087934508
-4251885.188518854,0.0002161211971666
-4251605.160516053,0.0002163307820745
-4251325.132513254,0.0002165374811848
-4251045.1045104535,0.0002167412281251
-4250765.076507653,0.0002169419571627
-4250485.048504853,0.0002171396032271
-4250205.020502052,0.0002173341019325
-4249924.992499253,0.0002175253895999
-4249644.964496452,0.0002177134032794
-4249364.936493652,0.0002178980807722
-4249084.9084908515,0.0002180793606524
-4248804.880488051,0.0002182571822891
-4248524.852485251,0.0002184314858676
-4248244.82448245,0.0002186022124113
-4247964.79647965,0.0002187693038028
-4247684.768476849,0.0002189327028052
-4247404.74047405,0.000219092353083
-4247124.7124712495,0.0002192481992231
-4246844.684468449,0.0002194001867553
-4246564.656465649,0.0002195482621728
-4246284.628462849,0.0002196923729526
-4246004.600460049,0.0002198324675753
-4245724.572457248,0.0002199684955455
-4245444.544454448,0.0002201004074108
-4245164.5164516475,0.0002202281547815
-4244884.488448847,0.0002203516903502
-4244604.460446047,0.0002204709679101
-4244324.432443246,0.0002205859423741
-4244044.404440446,0.0002206965697933
-4243764.376437646,0.0002208028073751
-4243484.348434846,0.0002209046135015
-4243204.3204320455,0.0002210019477461
-4242924.292429245,0.0002210947708923
-4242644.264426445,0.0002211830449501
-4242364.236423645,0.000221266733173
-4242084.208420845,0.0002213458000747
-4241804.180418044,0.000221420211445
-4241524.152415244,0.0002214899343665
-4241244.1244124435,0.0002215549372297
-4240964.096409643,0.0002216151897484
-4240684.068406843,0.0002216706629751
-4240404.040404042,0.0002217213293154
-4240124.012401243,0.0002217671625426
-4239843.984398442,0.0002218081378116
-4239563.956395642,0.0002218442316728
-4239283.9283928415,0.0002218754220853
-4239003.900390041,0.0002219016884299
-4238723.872387242,0.000221923011522
-4238443.844384441,0.0002219393736237
-4238163.816381641,0.0002219507584558
-4237883.78837884,0.0002219571512093
-4237603.76037604,0.0002219585385567
-4237323.7323732395,0.0002219549086627
-4237043.704370439,0.0002219462511948
-4236763.676367639,0.0002219325573329
-4236483.648364839,0.0002219138197794
-4236203.620362039,0.0002218900327684
-4235923.592359238,0.0002218611920742
-4235643.564356438,0.0002218272950198
-4235363.536353637,0.0002217883404852
-4235083.508350838,0.0002217443289148
-4234803.480348038,0.0002216952623243
-4234523.452345237,0.000221641144308
-4234243.424342437,0.0002215819800448
-4233963.396339636,0.0002215177763038
-4233683.368336836,0.0002214485414504
-4233403.340334035,0.0002213742854509
-4233123.312331235,0.0002212950198769
-4232843.284328436,0.0002212107579099
-4232563.256325635,0.0002211215143446
-4232283.228322835,0.0002210273055924
-4232003.200320034,0.0002209281496838
-4231723.172317234,0.0002208240662711
-4231443.144314434,0.0002207150766301
-4231163.116311634,0.0002206012036612
-4230883.088308834,0.0002204824718909
-4230603.060306033,0.0002203589074718
-4230323.032303233,0.0002202305381829
-4230043.004300432,0.0002200973934287
-4229762.976297632,0.0002199595042387
-4229482.948294831,0.0002198169032657
-4229202.920292031,0.000219669624784
-4228922.8922892315,0.000219517704687
-4228642.864286431,0.0002193611804844
-4228362.836283631,0.0002192000912985
-4228082.80828083,0.000219034477861
-4227802.78027803,0.0002188643825081
-4227522.75227523,0.000218689849176
-4227242.72427243,0.0002185109233958
-4226962.6962696295,0.0002183276522873
-4226682.668266829,0.000218140084553
-4226402.640264029,0.0002179482704713
-4226122.612261228,0.0002177522618895
-4225842.584258428,0.0002175521122159
-4225562.556255627,0.0002173478764114
-4225282.528252828,0.0002171396109814
-4225002.5002500275,0.0002169273739659
-4224722.472247227,0.0002167112249307
-4224442.444244427,0.0002164912249565
-4224162.416241626,0.0002162674366288
-4223882.388238827,0.0002160399240264
-4223602.360236026,0.0002158087527102
-4223322.332233226,0.0002155739897109
-4223042.3042304255,0.0002153357035167
-4222762.276227625,0.0002150939640598
-4222482.248224825,0.0002148488427036
-4222202.220222024,0.0002146004122281
-4221922.192219224,0.0002143487468158
-4221642.164216424,0.0002140939220367
-4221362.136213624,0.000213836014833
-4221082.1082108235,0.000213575103503
-4220802.080208023,0.0002133112676851
-4220522.052205223,0.0002130445883409
-4220242.024202423,0.0002127751477379
-4219961.996199623,0.0002125030294321
-4219681.968196822,0.0002122283182492
-4219401.940194022,0.0002119511002669
-4219121.9121912215,0.0002116714627952
-4218841.884188421,0.000211389494357
-4218561.856185621,0.0002111052846686
-4218281.82818282,0.0002108189246189
-4218001.800180021,0.0002105305062487
-4217721.77217722,0.0002102401227296
-4217441.74417442,0.0002099478683424
-4217161.7161716195,0.0002096538384548
-4216881.688168819,0.0002093581294991
-4216601.66016602,0.0002090608389493
-4216321.632163219,0.0002087620652977
-4216041.604160419,0.0002084619080314
-4215761.576157618,0.0002081604676078
-4215481.548154818,0.0002078578454307
-4215201.5201520175,0.0002075541438249
-4214921.492149217,0.0002072494660112
-4214641.464146417,0.0002069439160808
-4214361.436143617,0.0002066375989689
-4214081.408140817,0.000206330620429
-4213801.380138016,0.0002060230870056
-4213521.352135216,0.0002057151060071
-4213241.3241324155,0.0002054067854791
-4212961.296129616,0.0002050982341754
-4212681.268126816,0.0002047895615312
-4212401.240124015,0.0002044808776336
-4212121.212121215,0.0002041722931934
-4211841.184118414,0.0002038639195159
-4211561.156115614,0.0002035558684716
-4211281.128112813,0.000203248252466
-4211001.100110013,0.0002029411844105
-4210721.072107213,0.0002026347776912
-4210441.044104413,0.0002023291461389
-4210161.016101613,0.0002020244039982
-4209880.988098812,0.0002017206658962
-4209600.960096012,0.0002014180468113
-4209320.932093211,0.0002011166620415
-4209040.904090412,0.0002008166271725
-4208760.876087612,0.0002005180580459
-4208480.848084811,0.0002002210707264
-4208200.820082011,0.0001999257814695
-4207920.79207921,0.000199632306689
-4207640.76407641,0.0001993407629234
-4207360.736073609,0.0001990512668035
-4207080.708070809,0.0001987639350184
-4206800.6800680095,0.0001984788842822
-4206520.652065209,0.0001981962313006
-4206240.624062409,0.0001979160927365
-4205960.596059608,0.0001976385851763
-4205680.568056808,0.0001973638250959
-4205400.540054008,0.0001970919288259
-4205120.512051208,0.0001968230125177
-4204840.4840484075,0.0001965571921086
-4204560.456045607,0.0001962945832874
-4204280.428042807,0.0001960353014593
-4204000.400040006,0.0001957794617116
-4203720.372037206,0.000195527178778
-4203440.344034405,0.0001952785670046
-4203160.316031606,0.0001950337403139
-4202880.2880288055,0.0001947928121702
-4202600.260026005,0.0001945558955443
-4202320.232023205,0.0001943231028784
-4202040.204020404,0.0001940945460508
-4201760.176017605,0.0001938703363406
-4201480.148014804,0.0001936505843926
-4201200.120012004,0.0001934354001821
-4200920.0920092035,0.0001932248929794
-4200640.064006403,0.000193019171315
-4200360.036003603,0.000192818342944
-4200080.008000802,0.0001926225148115
-4199799.979998002,0.000192431793017
-4199519.951995202,0.0001922462827799
-4199239.923992402,0.0001920660884042
-4198959.8959896015,0.0001918913132437
-4198679.867986801,0.0001917220596674
-4198399.839984001,0.000191558429025
-4198119.811981201,0.0001914005216118
-4197839.783978401,0.0001912484366351
-4197559.7559756,0.0001911022721789
-4197279.7279728,0.000190962125171
-4196999.6999699995,0.000190828091348
-4196719.671967199,0.0001907002652218
-4196439.643964399,0.0001905787400464
-4196159.615961598,0.0001904636077837
-4195879.587958798,0.000190354959071
-4195599.559955998,0.0001902528831874
-4195319.531953198,0.000190157468021
-4195039.5039503975,0.0001900688000368
-4194759.475947597,0.0001899869642437
-4194479.447944797,0.0001899120441629
-4194199.4199419967,0.0001898441217953
-4193919.3919391967,0.000189783277591
-4193639.363936396,0.0001897295904169
-4193359.335933596,0.0001896831375262
-4193079.307930795,0.0001896439945277
-4192799.279927995,0.0001896122353549
-4192519.251925195,0.0001895879322364
-4192239.223922394,0.0001895711556659
-4191959.1959195943,0.0001895619743727
-4191679.1679167943,0.0001895604552923
-4191399.139913994,0.0001895666635383
-4191119.1119111935,0.0001895806623734
-4190839.083908393,0.0001896025131817
-4190559.055905593,0.0001896322754408
-4190279.027902793,0.0001896700066948
-4189998.9998999927,0.0001897157625273
-4189718.971897192,0.000189769596535
-4189438.943894392,0.0001898315603017
-4189158.915891591,0.0001899017033726
-4188878.887888791,0.0001899800732293
-4188598.859885991,0.0001900667152652
-4188318.831883191,0.0001901616727608
-4188038.8038803902,0.0001902649868604
-4187758.7758775903,0.0001903766965487
-4187478.74787479,0.0001904968386277
-4187198.7198719895,0.0001906254476949
-4186918.6918691895,0.0001907625561209
-4186638.663866389,0.0001909081940284
-4186358.635863589,0.0001910623892714
-4186078.6078607887,0.000191225167415
-4185798.579857988,0.0001913965517154
-4185518.551855188,0.000191576563101
-4185238.523852387,0.0001917652201536
-4184958.495849587,0.0001919625390905
-4184678.467846787,0.0001921685337465
-4184398.439843987,0.0001923832155577
-4184118.411841186,0.0001926065935445
-4183838.3838383863,0.0001928386742964
-4183558.355835586,0.0001930794619562
-4183278.327832786,0.000193328958206
-4182998.2998299855,0.0001935871622529
-4182718.2718271855,0.0001938540708157
-4182438.243824385,0.0001941296781126
-4182158.2158215847,0.0001944139758483
-4181878.187818784,0.0001947069532036
-4181598.159815984,0.0001950085968235
-4181318.131813184,0.000195318890808
-4181038.103810384,0.0001956378167022
-4180758.075807583,0.0001959653534871
-4180478.047804783,0.0001963014775724
-4180198.019801982,0.0001966461627879
-4179917.9917991823,0.0001969993803778
-4179637.9637963823,0.0001973610989935
-4179357.935793582,0.000197731284689
-4179077.907790782,0.000198109900916
-4178797.8797879815,0.0001984969085194
-4178517.851785181,0.0001988922657345
-4178237.8237823807,0.0001992959281843
-4177957.79577958,0.0001997078488772
-4177677.76777678,0.0002001279782066
-4177397.73977398,0.0002005562639495
-4177117.71177118,0.0002009926512674
-4176837.683768379,0.0002014370827074
-4176557.655765579,0.0002018894982032
-4176277.627762778,0.0002023498350783
-4175997.5997599782,0.0002028180280491
-4175717.5717571783,0.0002032940092284
-4175437.5437543783,0.0002037777081306
-4175157.515751578,0.0002042690516769
-4174877.4877487775,0.0002047679642017
-4174597.459745977,0.0002052743674594
-4174317.4317431767,0.0002057881806319
-4174037.4037403767,0.0002063093203378
-4173757.375737576,0.0002068377006408
-4173477.347734776,0.0002073732330603
-4173197.319731976,0.0002079158265818
-4172917.291729175,0.0002084653876686
-4172637.263726375,0.0002090218202742
-4172357.235723574,0.0002095850258551
-4172077.207720774,0.0002101549033848
-4171797.1797179743,0.0002107313493685
-4171517.1517151743,0.000211314257858
-4171237.123712374,0.0002119035204686
-4170957.0957095735,0.0002124990263954
-4170677.067706773,0.0002131006624309
-4170397.039703973,0.0002137083129842
-4170117.0117011727,0.0002143218600994
-4169836.9836983727,0.0002149411834759
-4169556.955695572,0.0002155661604893
-4169276.927692772,0.0002161966662124
-4168996.899689971,0.0002168325734383
-4168716.871687171,0.0002174737527026
-4168436.843684371,0.0002181200723075
-4168156.81568157,0.0002187713983466
-4167876.7876787703,0.0002194275947298
-4167596.7596759703,0.0002200885232096
-4167316.73167317,0.0002207540434078
-4167036.7036703695,0.0002214240128432
-4166756.675667569,0.0002220982869597
-4166476.647664769,0.0002227767191552
-4166196.619661969,0.000223459160812
-4165916.5916591687,0.0002241454613265
-4165636.563656368,0.0002248354681411
-4165356.535653568,0.0002255290267756
-4165076.507650767,0.0002262259808605
-4164796.479647967,0.0002269261721696
-4164516.451645167,0.000227629440655
-4164236.423642367,0.0002283356244812
-4163956.3956395662,0.0002290445600609
-4163676.3676367663,0.0002297560820914
-4163396.339633966,0.000230470023591
-4163116.3116311654,0.0002311862159371
-4162836.2836283655,0.0002319044889041
-4162556.255625565,0.0002326246707027
-4162276.227622765,0.000233346588019
-4161996.1996199647,0.0002340700660554
-4161716.171617164,0.000234794928571
-4161436.143614364,0.0002355209979232
-4161156.115611564,0.0002362480951104
-4160876.087608763,0.0002369760398143
-4160596.059605963,0.0002377046504435
-4160316.031603163,0.0002384337441778
-4160036.003600362,0.0002391631370128
-4159755.9755975623,0.0002398926438047
-4159475.947594762,0.0002406220783172
-4159195.919591962,0.0002413512532671
-4158915.8915891615,0.0002420799803715
-4158635.8635863615,0.0002428080703957
-4158355.835583561,0.0002435353332014
-4158075.8075807607,0.0002442615777949
-4157795.77957796,0.000244986612377
-4157515.75157516,0.0002457102443924
-4157235.72357236,0.0002464322805801
-4156955.69556956,0.0002471525270242
-4156675.667566759,0.0002478707892054
-4156395.639563959,0.0002485868720526
-4156115.611561158,0.0002493005799955
-4155835.5835583583,0.0002500117170167
-4155555.5555555583,0.000250720086706
-4155275.527552758,0.000251425492313
-4154995.499549958,0.0002521277368019
-4154715.4715471575,0.0002528266229057
-4154435.443544357,0.0002535219531816
-4154155.4155415567,0.0002542135300656
-4153875.387538756,0.0002549011559291
-4153595.359535956,0.0002555846331343
-4153315.331533156,0.0002562637640914
-4153035.303530356,0.0002569383513149
-4152755.275527555,0.0002576081974809
-4152475.247524755,0.000258273105485
-4152195.219521954,0.0002589328784997
-4151915.1915191542,0.0002595873200328
-4151635.1635163543,0.0002602362339859
-4151355.1355135543,0.0002608794247129
-4151075.107510754,0.0002615166970794
-4150795.0795079535,0.0002621478565215
-4150515.051505153,0.0002627727091056
-4150235.0235023526,0.0002633910615881
-4149954.9954995527,0.0002640027214751
-4149674.967496752,0.0002646074970831
-4149394.939493952,0.0002652051975987
-4149114.911491152,0.0002657956331395
-4148834.883488351,0.0002663786148146
-4148554.855485551,0.0002669539547857
-4148274.82748275,0.0002675214663275
-4147994.79947995,0.0002680809638893
-4147714.7714771503,0.0002686322631559
-4147434.7434743503,0.0002691751811091
-4147154.71547155,0.0002697095360886
-4146874.6874687495,0.0002702351478537
-4146594.659465949,0.0002707518376449
-4146314.631463149,0.0002712594282449
-4146034.6034603487,0.0002717577440404
-4145754.5754575487,0.0002722466110836
-4145474.547454748,0.0002727258571535
-4145194.519451948,0.0002731953118176
-4144914.491449147,0.0002736548064929
-4144634.463446347,0.0002741041745077
-4144354.435443547,0.0002745432511624
-4144074.407440746,0.0002749718737912
-4143794.3794379462,0.0002753898818226
-4143514.3514351463,0.0002757971168408
-4143234.323432346,0.0002761934226463
-4142954.2954295455,0.0002765786453165
-4142674.267426745,0.0002769526332666
-4142394.239423945,0.0002773152373092
-4142114.211421145,0.0002776663107151
-4141834.1834183447,0.000278005709273
-4141554.155415544,0.0002783332913489
-4141274.127412744,0.0002786489179459
-4140994.099409943,0.0002789524527632
-4140714.071407143,0.0002792437622548
-4140434.043404343,0.0002795227156887
-4140154.015401543,0.0002797891852046
-4139873.987398742,0.000280043045872
-4139593.9593959423,0.0002802841757482
-4139313.931393142,0.0002805124559351
-4139033.9033903414,0.0002807277706365
-4138753.8753875415,0.0002809300072146
-4138473.8473847415,0.0002811190562456
-4138193.819381941,0.0002812948115764
-4137913.7913791407,0.0002814571703789
-4137633.76337634,0.0002816060332056
-4137353.73537354,0.0002817413040435
-4137073.70737074,0.0002818628903682
-4136793.679367939,0.0002819707031973
-4136513.651365139,0.0002820646571436
-4136233.623362339,0.0002821446704667
-4135953.595359538,0.0002822106651258
-4135673.5673567383,0.0002822625668304
-4135393.539353938,0.0002823003050911
-4135113.511351138,0.0002823238132701
-4134833.4833483375,0.0002823330286303
-4134553.4553455375,0.0002823278923845
-4134273.427342737,0.0002823083497436
-4133993.3993399367,0.0002822743499646
-4133713.371337136,0.000282225846397
-4133433.343334336,0.0002821627965298
-4133153.315331536,0.0002820851620368
-4132873.287328736,0.0002819929088216
-4132593.259325935,0.0002818860070619
-4132313.231323135,0.0002817644312532
-4132033.203320334,0.0002816281602511
-4131753.1753175342,0.0002814771773141
-4131473.1473147343,0.0002813114701441
-4131193.119311934,0.0002811310309272
-4130913.091309134,0.0002809358563737
-4130633.0633063335,0.0002807259477563
-4130353.035303533,0.0002805013109488
-4130073.0073007327,0.0002802619564631
-4129792.979297932,0.0002800078994852
-4129512.951295132,0.0002797391599115
-4129232.923292332,0.0002794557623827
-4128952.895289532,0.000279157736318
-4128672.867286731,0.0002788451159478
-4128392.839283931,0.0002785179403455
-4128112.81128113,0.000278176253459
-4127832.78327833,0.0002778201041403
-4127552.7552755303,0.0002774495461749
-4127272.7272727303,0.0002770646383098
-4126992.69926993,0.0002766654442811
-4126712.6712671295,0.0002762520328397
-4126432.643264329,0.0002758244777771
-4126152.6152615286,0.0002753828579492
-4125872.5872587287,0.0002749272572999
-4125592.559255928,0.000274457764883
-4125312.531253128,0.0002739744748836
-4125032.503250328,0.0002734774866382
-4124752.475247527,0.0002729669046536
-4124472.447244727,0.0002724428386252
-4124192.4192419266,0.0002719054034539
-4123912.391239126,0.0002713547192616
-4123632.3632363263,0.0002707909114065
-4123352.3352335263,0.0002702141104966
-4123072.307230726,0.0002696244524019
-4122792.2792279255,0.0002690220782665
-4122512.251225125,0.0002684071345185
-4122232.223222325,0.0002677797728791
-4121952.1952195247,0.0002671401503712
-4121672.1672167247,0.0002664884293257
-4121392.139213924,0.0002658247773875
-4121112.111211124,0.0002651493675204
-4120832.083208323,0.0002644623780098
-4120552.055205523,0.0002637639924657
-4120272.027202723,0.0002630543998233
-4119991.999199922,0.0002623337943431
-4119711.9711971222,0.0002616023756093
-4119431.9431943223,0.0002608603485277
-4119151.915191522,0.0002601079233217
-4118871.8871887214,0.0002593453155273
-4118591.8591859215,0.0002585727459871
-4118311.831183121,0.0002577904408431
-4118031.803180321,0.0002569986315277
-4117751.7751775207,0.0002561975547541
-4117471.74717472,0.0002553874525053
-4117191.71917192,0.0002545685720219
-4116911.691169119,0.0002537411657881
-4116631.663166319,0.0002529054915175
-4116351.635163519,0.0002520618121368
-4116071.607160719,0.0002512103957686
-4115791.579157918,0.0002503515157127
-4115511.5511551183,0.0002494854504268
-4115231.523152318,0.0002486124835051
-4114951.4951495174,0.0002477329036559
-4114671.4671467175,0.0002468470046786
-4114391.4391439175,0.0002459550854385
-4114111.411141117,0.000245057449841
-4113831.3831383167,0.000244154406804
-4113551.355135516,0.0002432462702298
-4113271.327132716,0.0002423333589747
-4112991.299129916,0.0002414159968186
-4112711.271127115,0.0002404945124321
-4112431.243124315,0.0002395692393432
-4112151.215121515,0.0002386405159026
-4111871.187118714,0.0002377086852473
-4111591.1591159143,0.0002367740952634
-4111311.131113114,0.0002358370985476
-4111031.103110314,0.0002348980523673
-4110751.0751075135,0.0002339573186195
-4110471.0471047135,0.0002330152637886
-4110191.019101913,0.0002320722589027
-4109910.9910991127,0.0002311286794889
-4109630.963096312,0.0002301849055275
-4109350.935093512,0.0002292413214043
-4109070.907090712,0.0002282983158626
-4108790.879087912,0.0002273562819535
-4108510.851085111,0.0002264156169845
-4108230.823082311,0.0002254767224682
-4107950.79507951,0.0002245400040685
-4107670.7670767102,0.0002236058715462
-4107390.7390739103,0.0002226747387035
-4107110.71107111,0.0002217470233271
-4106830.68306831,0.0002208231471302
-4106550.6550655095,0.0002199035356933
-4106270.627062709,0.0002189886184036
-4105990.5990599087,0.0002180788283943
-4105710.571057108,0.000217174602481
-4105430.543054308,0.0002162763810987
-4105150.515051508,0.0002153846082365
-4104870.487048708,0.0002144997313716
-4104590.459045907,0.0002136222014025
-4104310.431043107,0.0002127524725804
-4104030.403040306,0.0002118910024403
-4103750.375037506,0.0002110382517301
-4103470.3470347063,0.0002101946843398
-4103190.3190319063,0.0002093607672282
-4102910.291029106,0.0002085369703502
-4102630.2630263055,0.0002077237665815
-4102350.235023505,0.0002069216316434
-4102070.2070207046,0.0002061310440258
-4101790.1790179047,0.0002053524849102
-4101510.151015104,0.0002045864380901
-4101230.123012304,0.0002038333898924
-4100950.095009504,0.0002030938290961
-4100670.067006703,0.000202368246851
-4100390.039003903,0.0002016571365954
-4100110.0110011026,0.0002009609939725
-4099829.982998302,0.0002002803167461
-4099549.9549955023,0.0001996156047155
-4099269.9269927023,0.0001989673596293
-4098989.898989902,0.0001983360850985
-4098709.8709871015,0.0001977222865085
-4098429.842984301,0.0001971264709307
-4098149.814981501,0.0001965491470329
-4097869.7869787007,0.0001959908249889
-4097589.7589759007,0.0001954520163876
-4097309.7309731,0.0001949332341408
-4097029.7029703,0.0001944349923909
-4096749.674967499,0.0001939578064171
-4096469.646964699,0.0001935021925418
-4096189.618961899,0.0001930686680354
-4095909.590959099,0.0001926577510206
-4095629.5629562982,0.0001922699603767
-4095349.5349534983,0.0001919058156421
-4095069.506950698,0.0001915658369173
-4094789.4789478974,0.0001912505447663
-4094509.4509450975,0.0001909604601182
-4094229.422942297,0.0001906961041675
-4093949.394939497,0.0001904579982742
-4093669.3669366967,0.0001902466638636
-4093389.338933896,0.0001900626223249
-4093109.310931096,0.0001899063949096
-4092829.282928295,0.0001897785026298
-4092549.254925495,0.0001896794661554
-4092269.226922695,0.0001896098057109
-4091989.198919895,0.0001895700409723
-4091709.170917094,0.0001895606909631
-4091429.1429142943,0.0001895822739499
-4091149.114911494,0.0001896353073377
-4090869.0869086934,0.0001897203075652
-4090589.0589058935,0.0001898377899988
-4090309.0309030935,0.0001899882688277
-4090029.002900293,0.000190172256957
-4089748.9748974927,0.0001903902659022
-4089468.946894692,0.000190642805682
-4089188.918891892,0.0001909303847121
-4088908.890889092,0.0001912535096976
-4088628.862886291,0.0001916126855261
-4088348.834883491,0.0001920084151604
-4088068.806880691,0.0001924411995305
-4087788.77887789,0.0001929115374265
-4087508.7508750902,0.0001934199253902
-4087228.72287229,0.0001939668576077
-4086948.69486949,0.0001945528258012
-4086668.66686669,0.0001951783191208
-4086388.6388638895,0.0001958438240367
-4086108.610861089,0.0001965498242312
-4085828.5828582887,0.0001972968004905
-4085548.554855488,0.0001980852305967
-4085268.526852688,0.0001989155892198
-4084988.498849888,0.0001997883478101
-4084708.470847088,0.0002007039744903
-4084428.442844287,0.0002016629339476
-4084148.414841487,0.0002026656873268
-4083868.386838686,0.0002037126921225
-4083588.358835886,0.0002048044020722
-4083308.3308330863,0.0002059412670493
-4083028.302830286,0.0002071237329567
-4082748.274827486,0.0002083522416198
-4082468.2468246855,0.0002096272306814
-4082188.218821885,0.0002109491334947
-4081908.1908190846,0.0002123183790188
-4081628.162816284,0.0002137353917131
-4081348.134813484,0.0002152005914326
-4081068.106810684,0.0002167143933235
-4080788.078807884,0.0002182772077196
-4080508.050805083,0.0002198894400383
-4080228.022802283,0.0002215514906779
-4079947.994799482,0.0002232637549149
-4079667.966796682,0.0002250266228023
-4079387.9387938823,0.0002268404790676
-4079107.9107910823,0.000228705703012
-4078827.882788282,0.0002306226684102
-4078547.8547854815,0.0002325917434107
-4078267.826782681,0.0002346132904361
-4077987.7987798806,0.0002366876660852
-4077707.7707770807,0.0002388152210346
-4077427.74277428,0.0002409962999422
-4077147.71477148,0.0002432312413499
-4076867.68676868,0.0002455203775885
-4076587.658765879,0.0002478640346826
-4076307.630763079,0.0002502625322562
-4076027.602760279,0.0002527161834394
-4075747.574757478,0.0002552252947757
-4075467.5467546782,0.0002577901661304
-4075187.5187518783,0.0002604110905997
-4074907.490749078,0.0002630883544203
-4074627.4627462775,0.0002658222368808
-4074347.434743477,0.0002686130102331
-4074067.406740677,0.0002714609396054
-4073787.3787378767,0.0002743662829155
-4073507.3507350767,0.000277329290786
-4073227.322732276,0.0002803502064595
-4072947.294729476,0.0002834292657156
-4072667.266726675,0.0002865666967886
-4072387.238723875,0.0002897627202862
-4072107.210721075,0.0002930175491094
-4071827.182718275,0.0002963313883735
-4071547.154715474,0.0002997044353303
-4071267.1267126743,0.0003031368792913
-4070987.098709874,0.0003066289015519
-4070707.0707070734,0.0003101806753175
-4070427.0427042735,0.0003137923656296
-4070147.014701473,0.0003174641292942
-4069866.986698673,0.0003211961148113
-4069586.9586958727,0.0003249884623045
-4069306.930693072,0.0003288413034536
-4069026.902690272,0.0003327547614273
-4068746.8746874714,0.0003367289508175
-4068466.846684671,0.000340763977575
-4068186.818681871,0.0003448599389463
-4067906.790679071,0.0003490169234125
-4067626.76267627,0.0003532350106283
-4067346.7346734703,0.0003575142713637
-4067066.70667067,0.0003618547674458
-4066786.6786678694,0.0003662565517038
-4066506.6506650695,0.0003707196679131
-4066226.6226622695,0.000375244150743
-4065946.594659469,0.0003798300257047
-4065666.5666566687,0.000384477309101
-4065386.538653868,0.0003891860079773
-4065106.510651068,0.000393956120075
-4064826.482648268,0.0003987876337849
-4064546.454645467,0.0004036805281039
-4064266.426642667,0.0004086347725915
-4063986.398639867,0.0004136503273294
-4063706.370637066,0.0004187271428814
-4063426.3426342662,0.0004238651602559
-4063146.314631466,0.0004290643108694
-4062866.286628666,0.0004343245165117
-4062586.258625866,0.0004396456893128
-4062306.2306230655,0.0004450277317116
-4062026.202620265,0.000450470536426
-4061746.1746174647,0.0004559739864244
-4061466.146614664,0.0004615379548998
-4061186.118611864,0.0004671623052443
-4060906.090609064,0.0004728468910265
-4060626.062606264,0.0004785915559697
-4060346.034603463,0.0004843961339323
-4060066.006600663,0.0004902604488897
-4059785.978597862,0.000496184314918
-4059505.950595062,0.0005021675361793
-4059225.9225922623,0.000508209906909
-4058945.894589462,0.0005143112114046
-4058665.866586662,0.0005204712240164
-4058385.8385838615,0.0005266897091398
-4058105.810581061,0.0005329664212095
-4057825.7825782606,0.0005393011046955
-4057545.75457546,0.0005456934941005
-4057265.72657266,0.00055214331396
-4056985.69856986,0.0005586502788428
-4056705.67056706,0.0005652140933548
-4056425.642564259,0.0005718344521432
-4056145.614561459,0.0005785110399038
-4055865.5865586586,0.0005852435313888
-4055585.558555858,0.0005920315914177
-4055305.5305530583,0.0005988748748889
-4055025.5025502583,0.0006057730267938
-4054745.474547458,0.0006127256822326
-4054465.4465446575,0.0006197324664317
-4054185.418541857,0.0006267929947628
-4053905.3905390566,0.0006339068727646
-4053625.3625362567,0.0006410736961654
-4053345.3345334567,0.0006482930509079
-4053065.306530656,0.000655564513176
-4052785.278527856,0.0006628876494233
-4052505.250525055,0.0006702620164029
-4052225.222522255,0.0006776871612
-4051945.194519455,0.0006851626212656
-4051665.166516654,0.0006926879244522
-4051385.1385138542,0.0007002625890512
-4051105.1105110543,0.0007078861238327
-4050825.082508254,0.000715558028086
-4050545.0545054534,0.000723277791663
-4050265.026502653,0.0007310448950229
-4049984.998499853,0.0007388588092786
-4049704.9704970527,0.0007467189962452
-4049424.9424942527,0.0007546249084899
-4049144.914491452,0.0007625759893844
-4048864.886488652,0.000770571673158
-4048584.858485851,0.0007786113849535
-4048304.830483051,0.000786694540884
-4048024.802480251,0.0007948205480925
-4047744.774477451,0.0008029888048123
-4047464.74647465,0.0008111987004292
-4047184.7184718503,0.0008194496155464
-4046904.69046905,0.0008277409220498
-4046624.6624662494,0.0008360719831763
-4046344.6344634495,0.0008444421535826
-4046064.606460649,0.0008528507794167
-4045784.578457849,0.0008612971983905
-4045504.5504550487,0.0008697807398544
-4045224.522452248,0.0008783007248736
-4044944.494449448,0.0008868564663053
-4044664.4664466474,0.0008954472688788
-4044384.438443847,0.0009040724292767
-4044104.410441047,0.0009127312362168
-4043824.382438247,0.0009214229705375
-4043544.354435446,0.0009301469052831
-4043264.3264326463,0.0009389023057914
-4042984.298429846,0.0009476884297834
-4042704.270427046,0.0009565045274533
-4042424.2424242455,0.0009653498415611
-4042144.2144214455,0.0009742236075267
-4041864.186418645,0.0009831250535247
-4041584.1584158447,0.0009920534005816
-4041304.130413044,0.0010010078626739
-4041024.102410244,0.0010099876468284
-4040744.074407444,0.0010189919532228
-4040464.046404643,0.0010280199752893
-4040184.018401843,0.0010370708998178
-4039903.990399043,0.0010461439070625
-4039623.962396242,0.0010552381708481
-4039343.9343934422,0.0010643528586787
-4039063.906390642,0.0010734871318473
-4038783.878387842,0.0010826401455471
-4038503.850385042,0.0010918110489837
-4038223.8223822415,0.0011009989854891
-4037943.794379441,0.0011102030926365
-4037663.7663766406,0.0011194225023569
-4037383.73837384,0.0011286563410566
-4037103.71037104,0.0011379037297356
-4036823.68236824,0.0011471637841085
-4036543.65436544,0.0011564356147249
-4036263.626362639,0.0011657183270922
-4035983.598359839,0.0011750110217992
-4035703.570357038,0.0011843127946407
-4035423.542354238,0.0011936227367435
-4035143.5143514383,0.001202939934693
-4034863.486348638,0.0012122634706614
-4034583.458345838,0.0012215924225367
-4034303.4303430375,0.0012309258640531
-4034023.402340237,0.0012402628649214
-4033743.3743374366,0.0012496024909616
-4033463.346334636,0.0012589438042358
-4033183.318331836,0.0012682858631822
-4032903.290329036,0.0012776277227499
-4032623.262326236,0.0012869684345345
-4032343.234323435,0.0012963070469154
-4032063.206320635,0.0013056426051925
-4031783.1783178346,0.001314974151725
-4031503.150315034,0.0013243007260705
-4031223.1223122342,0.0013336213651246
-4030943.0943094343,0.0013429351032618
-4030663.066306634,0.0013522409724769
-4030383.0383038335,0.0013615380025268
-4030103.010301033,0.0013708252210733
-4029822.9822982326,0.0013801016538269
-4029542.9542954327,0.0013893663246902
-4029262.9262926327,0.0013986182559028
-4028982.898289832,0.0014078564681867
-4028702.870287032,0.0014170799808915
-4028422.842284231,0.0014262878121411
-4028142.814281431,0.0014354789789804
-4027862.786278631,0.0014446524975222
-4027582.75827583,0.0014538073830952
-4027302.73027303,0.0014629426503919
-4027022.7022702303,0.0014720573136172
-4026742.67426743,0.0014811503866368
-4026462.6462646294,0.0014902208831271
-4026182.618261829,0.0014992678167241
-4025902.590259029,0.0015082902011731
-4025622.5622562286,0.0015172870504792
-4025342.5342534287,0.0015262573790572
-4025062.506250628,0.0015352002018819
-4024782.478247828,0.0015441145346392
-4024502.4502450274,0.0015529993938763
-4024222.422242227,0.0015618537971529
-4023942.394239427,0.0015706767631921
-4023662.366236627,0.0015794673120315
-4023382.338233826,0.001588224465174
-4023102.3102310263,0.0015969472457392
-4022822.282228226,0.0016056346786142
-4022542.2542254254,0.0016142857906049
-4022262.2262226255,0.0016228996105866
-4021982.198219825,0.0016314751696549
-4021702.170217025,0.0016400115012768
-4021422.1422142247,0.0016485076414406
-4021142.114211424,0.0016569626288066
-4020862.086208624,0.0016653755048575
-4020582.0582058234,0.0016737453140476
-4020302.030203023,0.0016820711039532
-4020022.002200223,0.0016903519254215
-4019741.974197423,0.0016985868327196
-4019461.946194622,0.0017067748836833
-4019181.9181918222,0.0017149151398654
-4018901.890189022,0.0017230066666835
-4018621.862186222,0.0017310485335673
-4018341.8341834215,0.0017390398141061
-4018061.8061806215,0.0017469795861946
-4017781.778177821,0.0017548669321792
-4017501.7501750207,0.0017627009390037
-4017221.72217222,0.0017704806983536
-4016941.69416942,0.0017782053068007
-4016661.66616662,0.0017858738659469
-4016381.638163819,0.0017934854825668
-4016101.610161019,0.0018010392687501
-4015821.582158219,0.0018085343420434
-4015541.554155418,0.0018159698255909
-4015261.526152618,0.0018233448482746
-4014981.498149818,0.0018306585448537
-4014701.470147018,0.0018379100561026
-4014421.442144218,0.0018450985289495
-4014141.4141414175,0.0018522231166124
-4013861.386138617,0.0018592829787354
-4013581.3581358166,0.0018662772815237
-4013301.330133016,0.0018732051978776
-4013021.302130216,0.0018800659075256
-4012741.274127416,0.0018868585971567
-4012461.246124616,0.0018935824605513
-4012181.218121815,0.0019002366987113
-4011901.190119015,0.0019068205199893
-4011621.162116214,0.0019133331402163
-4011341.134113414,0.0019197737828286
-4011061.1061106143,0.0019261416789934
-4010781.0781078143,0.0019324360677336
-4010501.050105014,0.0019386561960505
-4010221.0221022135,0.0019448013190467
-4009940.994099413,0.0019508707000465
-4009660.9660966126,0.0019568636107155
-4009380.9380938127,0.0019627793311792
-4009100.910091012,0.00196861715014
-4008820.882088212,0.0019743763649928
-4008540.854085412,0.0019800562819397
-4008260.826082611,0.0019856562161027
-4007980.798079811,0.0019911754916355
-4007700.7700770106,0.0019966134418337
-4007420.74207421,0.0020019694092437
-4007140.7140714102,0.00200724274577
-4006860.6860686103,0.0020124328127811
-4006580.65806581,0.002017538981214
-4006300.6300630094,0.0020225606316768
-4006020.602060209,0.0020274971545505
-4005740.5740574086,0.0020323479500884
-4005460.5460546087,0.0020371124285147
-4005180.5180518087,0.0020417900101209
-4004900.490049008,0.0020463801253611
-4004620.462046208,0.0020508822149451
-4004340.434043407,0.0020552957299306
-4004060.406040607,0.002059620131813
-4003780.378037807,0.0020638548926142
-4003500.350035006,0.0020679994949691
-4003220.322032206,0.0020720534322105
-4002940.2940294063,0.002076016208453
-4002660.266026606,0.0020798873386742
-4002380.2380238054,0.0020836663487945
-4002100.210021005,0.0020873527757554
-4001820.182018205,0.0020909461675956
-4001540.1540154046,0.0020944460835254
-4001260.1260126047,0.0020978520939998
-4000980.098009804,0.0021011637807887
-4000700.070007004,0.0021043807370465
-4000420.0420042034,0.0021075025673788
-4000140.014001403,0.0021105288879077
-3999859.985998603,0.0021134593263354
-3999579.957995803,0.0021162935220057
-3999299.929993002,0.0021190311259633
-3999019.9019902023,0.0021216718010114
-3998739.873987402,0.0021242152217681
-3998459.8459846014,0.0021266610747193
-3998179.8179818015,0.0021290090582713
-3997899.789979001,0.0021312588828
-3997619.761976201,0.0021334102706995
-3997339.7339734007,0.0021354629564274
-3997059.7059706,0.0021374166865495
-3996779.6779678,0.0021392712197807
-3996499.6499649994,0.002141026327026
-3996219.621962199,0.0021426817914177
-3995939.593959399,0.0021442374083518
-3995659.565956599,0.0021456929855217
-3995379.537953798,0.0021470483429497
-3995099.5099509982,0.0021483033130176
-3994819.481948198,0.0021494577404938
-3994539.453945398,0.0021505114825592
-3994259.4259425974,0.0021514644088312
-3993979.3979397975,0.0021523164013848
-3993699.369936997,0.0021530673547725
-3993419.3419341967,0.0021537171760416
-3993139.313931396,0.0021542657847499
-3992859.285928596,0.0021547131129785
-3992579.257925796,0.0021550591053438
-3992299.229922995,0.0021553037190058
-3992019.201920195,0.002155446923676
-3991739.173917395,0.0021554887016221
-3991459.145914594,0.0021554290476708
-3991179.117911794,0.0021552679692089
-3990899.089908994,0.0021550054861819
-3990619.061906194,0.0021546416310908
-3990339.033903394,0.0021541764489867
-3990059.0059005935,0.0021536099974632
-3989778.977897793,0.0021529423466472
-3989498.9498949926,0.0021521735791867
-3989218.921892192,0.0021513037902377
-3988938.893889392,0.002150333087448
-3988658.865886592,0.0021492615909396
-3988378.837883792,0.0021480894332885
-3988098.809880991,0.0021468167595031
-3987818.781878191,0.002145443727
-3987538.7538753906,0.0021439705055777
-3987258.72587259,0.0021423972773887
-3986978.6978697903,0.0021407242369096
-3986698.6698669903,0.0021389515909081
-3986418.64186419,0.0021370795584094
-3986138.6138613895,0.0021351083706598
-3985858.585858589,0.0021330382710884
-3985578.5578557886,0.0021308695152665
-3985298.5298529887,0.0021286023708657
-3985018.501850188,0.0021262371176136
-3984738.473847388,0.002123774047247
-3984458.445844588,0.0021212134634644
-3984178.417841787,0.002118555681875
-3983898.389838987,0.0021158010299471
-3983618.3618361866,0.0021129498469539
-3983338.333833386,0.0021100024839169
-3983058.3058305862,0.0021069593035486
-3982778.2778277863,0.0021038206801922
-3982498.249824986,0.0021005869997596
-3982218.2218221854,0.0020972586596684
-3981938.193819385,0.0020938360687754
-3981658.1658165846,0.0020903196473099
-3981378.1378137846,0.0020867098268039
-3981098.1098109847,0.0020830070500213
-3980818.081808184,0.0020792117708844
-3980538.053805384,0.0020753244543998
-3980258.025802583,0.0020713455765813
-3979977.997799783,0.0020672756243717
-3979697.969796983,0.0020631150955625
-3979417.941794182,0.0020588644987124
-3979137.913791382,0.002054524353063
-3978857.8857885823,0.0020500951884541
-3978577.857785782,0.0020455775452362
-3978297.8297829814,0.0020409719741819
-3978017.801780181,0.0020362790363956
-3977737.773777381,0.002031499303221
-3977457.745774581,0.0020266333561479
-3977177.7177717807,0.0020216817867163
-3976897.68976898,0.0020166451964199
-3976617.66176618,0.0020115241966075
-3976337.6337633794,0.0020063194083828
-3976057.605760579,0.0020010314625025
-3975777.577757779,0.0019956609992739
-3975497.549754979,0.0019902086684493
-3975217.521752178,0.0019846751291205
-3974937.4937493782,0.001979061049611
-3974657.465746578,0.0019733671073669
-3974377.4377437774,0.0019675939888462
-3974097.4097409775,0.0019617423894076
-3973817.381738177,0.0019558130131961
-3973537.353735377,0.0019498065730296
-3973257.3257325767,0.0019437237902819
-3972977.297729776,0.0019375653947662
-3972697.269726976,0.0019313321246157
-3972417.2417241754,0.0019250247261647
-3972137.213721375,0.0019186439538266
-3971857.185718575,0.0019121905699722
-3971577.157715775,0.0019056653448057
-3971297.129712974,0.0018990690562403
-3971017.101710174,0.0018924024897722
-3970737.073707374,0.0018856664383537
-3970457.045704574,0.001878861702265
-3970177.0177017734,0.0018719890889848
-3969896.9896989735,0.0018650494130605
-3969616.961696173,0.0018580434959766
-3969336.9336933726,0.0018509721660223
-3969056.905690572,0.0018438362581585
-3968776.877687772,0.0018366366138836
-3968496.849684972,0.0018293740810978
-3968216.821682172,0.0018220495139677
-3967936.793679371,0.0018146637727886
-3967656.765676571,0.0018072177238475
-3967376.73767377,0.0017997122392836
-3967096.70967097,0.0017921481969495
-3966816.6816681703,0.0017845264802705
-3966536.65366537,0.0017768479781039
-3966256.62566257,0.0017691135845971
-3965976.5976597695,0.0017613241990451
-3965696.569656969,0.0017534807257477
-3965416.5416541686,0.0017455840738656
-3965136.513651368,0.0017376351572757
-3964856.485648568,0.0017296348944268
-3964576.457645768,0.0017215842081935
-3964296.429642968,0.0017134840257303
-3964016.401640167,0.0017053352783252
-3963736.373637367,0.0016971389012526
-3963456.3456345666,0.0016888958336253
-3963176.317631766,0.0016806070182474
-3962896.2896289662,0.0016722734014652
-3962616.2616261663,0.0016638959330188
-3962336.233623366,0.0016554755658931
-3962056.2056205655,0.0016470132561682
-3961776.177617765,0.0016385099628698
-3961496.1496149646,0.0016299666478194
-3961216.1216121647,0.0016213842754839
-3960936.093609364,0.0016127638128253
-3960656.065606564,0.0016041062291501
-3960376.037603764,0.0015954124959588
-3960096.009600963,0.0015866835867945
-3959815.981598163,0.0015779204770927
-3959535.9535953626,0.0015691241440295
-3959255.925592562,0.0015602955663714
-3958975.897589762,0.0015514357243233
-3958695.8695869623,0.0015425455993782
-3958415.841584162,0.0015336261741657
-3958135.8135813614,0.0015246784323013
-3957855.785578561,0.0015157033582356
-3957575.757575761,0.0015067019371031
-3957295.7295729606,0.0014976751545724
-3957015.7015701607,0.0014886239966951
-3956735.67356736,0.0014795494497557
-3956455.64556456,0.0014704525001222
-3956175.6175617594,0.0014613341340958
-3955895.589558959,0.0014521953377615
-3955615.561556159,0.0014430370968396
-3955335.533553358,0.0014338603965359
-3955055.505550558,0.0014246662213946
-3954775.4775477583,0.001415455555149
-3954495.449544958,0.001406229380575
-3954215.4215421574,0.0013969886793431
-3953935.393539357,0.0013877344318726
-3953655.365536557,0.0013784676171845
-3953375.337533757,0.0013691892127568
-3953095.3095309567,0.0013599001943784
-3952815.281528156,0.0013506015360058
-3952535.253525356,0.001341294209618
-3952255.2255225554,0.0013319791850742
-3951975.197519755,0.0013226574299705
-3951695.169516955,0.0013133299094983
-3951415.141514155,0.0013039975863029
-3951135.113511354,0.0012946614203434
-3950855.0855085542,0.0012853223687521
-3950575.057505754,0.0012759813856965
-3950295.0295029534,0.0012666394222405
-3950015.0015001534,0.0012572974262072
-3949734.973497353,0.0012479563420424
-3949454.945494553,0.0012386171106791
-3949174.9174917527,0.0012292806694025
-3948894.889488952,0.0012199479517167
-3948614.861486152,0.0012106198872111
-3948334.8334833514,0.0012012974014292
-3948054.805480551,0.0011919814157373
-3947774.777477751,0.0011826728471948
-3947494.749474951,0.0011733726084249
-3947214.72147215,0.0011640816074877
-3946934.69346935,0.0011548007477524
-3946654.66546655,0.0011455309277724
-3946374.63746375,0.0011362730411607
-3946094.6094609494,0.0011270279764661
-3945814.5814581495,0.0011177966170515
-3945534.553455349,0.0011085798409726
-3945254.5254525486,0.0010993785208581
-3944974.497449748,0.0010901935237911
-3944694.469446948,0.0010810257111919
-3944414.441444148,0.0010718759387018
-3944134.413441348,0.0010627450560679
-3943854.385438547,0.0010536339070303
-3943574.357435747,0.0010445433292094
-3943294.3294329466,0.001035474153995
-3943014.301430146,0.0010264272064371
-3942734.2734273463,0.0010174033051376
-3942454.245424546,0.0010084032621432
-3942174.217421746,0.0009994278828408
-3941894.1894189455,0.0009904779658528
-3941614.161416145,0.0009815543029351
-3941334.1334133446,0.0009726576788757
-3941054.105410544,0.0009637888713956
-3940774.077407744,0.0009549486510502
-3940494.049404944,0.000946137781133
-3940214.021402144,0.0009373570175804
-3939933.993399343,0.0009286071088784
-3939653.965396543,0.0009198887959702
-3939373.9373937426,0.0009112028121663
-3939093.909390942,0.0009025498830549
-3938813.8813881422,0.0008939307264154
-3938533.8533853423,0.0008853460521322
-3938253.825382542,0.0008767965621106
-3937973.7973797414,0.0008682829501947
-3937693.769376941,0.0008598059020863
-3937413.7413741406,0.0008513660952658
-3937133.7133713407,0.0008429641989147
-3936853.68536854,0.0008346008738396
-3936573.65736574,0.0008262767723981
-3936293.62936294,0.0008179925384266
-3936013.601360139,0.0008097488071688
-3935733.573357339,0.0008015462052074
-3935453.5453545386,0.0007933853503962
-3935173.517351738,0.0007852668517946
-3934893.489348938,0.0007771913096036
-3934613.4613461383,0.0007691593151037
-3934333.433343338,0.0007611714505946
-3934053.4053405374,0.0007532282893363
-3933773.377337737,0.000745330395492
-3933493.349334937,0.0007374783240736
-3933213.3213321366,0.0007296726208876
-3932933.2933293367,0.0007219138224839
-3932653.265326536,0.0007142024561059
-3932373.237323736,0.0007065390396423
-3932093.2093209354,0.0006989240815812
-3931813.181318135,0.0006913580809655
-3931533.153315335,0.00068384152735
-3931253.1253125346,0.0006763749007611
-3930973.097309734,0.0006689586716573
-3930693.0693069343,0.0006615933008922
-3930413.041304134,0.0006542792396793
-3930133.0133013334,0.000647016929558
-3929852.985298533,0.0006398068023621
-3929572.957295733,0.0006326492801899
-3929292.929292933,0.0006255447753759
-3929012.9012901327,0.0006184936904645
-3928732.873287332,0.0006114964181859
-3928452.845284532,0.0006045533414328
-3928172.8172817314,0.0005976648332402
-3927892.789278931,0.0005908312567659
-3927612.761276131,0.0005840529652736
-3927332.733273331,0.0005773303021174
-3927052.70527053,0.000570663600728
-3926772.6772677302,0.0005640531846015
-3926492.64926493,0.0005574993672889
-3926212.6212621294,0.0005510024523882
-3925932.5932593294,0.0005445627335381
-3925652.5652565295,0.0005381804944134
-3925372.537253729,0.000531856008722
-3925092.5092509286,0.0005255895402046
-3924812.481248128,0.0005193813426346
-3924532.453245328,0.0005132316598218
-3924252.425242528,0.0005071407256156
-3923972.397239727,0.0005011087639123
-3923692.369236927,0.000495135988662
-3923412.341234127,0.0004892226038791
-3923132.313231326,0.0004833688036533
-3922852.285228526,0.0004775747721626
-3922572.257225726,0.0004718406836888
-3922292.229222926,0.0004661667026335
-3922012.2012201254,0.0004605529835367
-3921732.1732173255,0.0004549996710972
-3921452.145214525,0.0004495069001935
-3921172.1172117246,0.0004440747959082
-3920892.089208924,0.0004387034735525
-3920612.061206124,0.0004333930386934
-3920332.033203324,0.0004281435871818
-3920052.005200524,0.0004229552051829
-3919771.977197723,0.0004178279692078
-3919491.949194923,0.0004127619461471
-3919211.9211921226,0.0004077571933056
-3918931.893189322,0.0004028137584393
-3918651.8651865222,0.0003979316797933
-3918371.837183722,0.0003931109861416
-3918091.809180922,0.000388351696829
-3917811.7811781215,0.0003836538218131
-3917531.753175321,0.0003790173617098
-3917251.7251725206,0.0003744423078384
-3916971.69716972,0.0003699286422697
-3916691.66916692,0.000365476337875
-3916411.64116412,0.0003610853583762
-3916131.61316132,0.0003567556583983
-3915851.585158519,0.0003524871835226
-3915571.557155719,0.0003482798703415
-3915291.5291529186,0.0003441336465151
-3915011.501150118,0.0003400484308288
-3914731.473147318,0.0003360241332524
-3914451.4451445183,0.0003320606550007
-3914171.417141718,0.0003281578885954
-3913891.3891389174,0.0003243157179284
-3913611.361136117,0.0003205340183263
-3913331.3331333166,0.0003168126566162
-3913051.3051305166,0.0003131514911931
-3912771.277127716,0.0003095503720883
-3912491.249124916,0.0003060091410392
-3912211.221122116,0.0003025276315601
-3911931.1931193154,0.0002991056690146
-3911651.165116515,0.0002957430706891
-3911371.1371137146,0.0002924396458672
-3911091.109110914,0.0002891951959057
-3910811.081108114,0.0002860095143114
-3910531.0531053143,0.0002828823868193
-3910251.025102514,0.0002798135914717
-3909970.9970997134,0.0002768028986988
-3909690.969096913,0.0002738500713997
-3909410.941094113,0.0002709548650249
-3909130.9130913126,0.0002681170276601
-3908850.8850885127,0.0002653363001104
-3908570.857085712,0.000262612415986
-3908290.829082912,0.0002599451017885
-3908010.8010801114,0.0002573340769982
-3907730.773077311,0.0002547790541631
-3907450.745074511,0.0002522797389874
-3907170.7170717106,0.0002498358304224
-3906890.68906891,0.0002474470207569
-3906610.6610661102,0.0002451129957096
-3906330.63306331,0.0002428334345217
-3906050.6050605094,0.0002406080100505
-3905770.577057709,0.0002384363888634
-3905490.549054909,0.0002363182313338
-3905210.521052109,0.0002342531917361
-3904930.4930493087,0.0002322409183427
-3904650.465046508,0.0002302810535215
-3904370.437043708,0.0002283732338335
-3904090.4090409074,0.0002265170901315
-3903810.381038107,0.0002247122476596
-3903530.353035307,0.0002229583261528
-3903250.325032507,0.0002212549399378
-3902970.297029706,0.0002196016980337
-3902690.269026906,0.0002179982042539
-3902410.241024106,0.000216444057308
-3902130.2130213054,0.0002149388509046
-3901850.1850185054,0.0002134821738545
-3901570.1570157055,0.0002120736101738
-3901290.129012905,0.0002107127391885
-3901010.1010101046,0.0002093991356387
-3900730.073007304,0.0002081323697832
-3900450.045004504,0.000206912007505
-3900170.017001704,0.0002057376104167
-3899889.9889989034,0.0002046087359664
-3899609.960996103,0.0002035249375438
-3899329.932993303,0.0002024857645868
-3899049.904990502,0.0002014907626878
-3898769.876987702,0.0002005394737012
-3898489.848984902,0.0001996314358503
-3898209.820982102,0.0001987661838343
-3897929.7929793014,0.0001979432489365
-3897649.7649765015,0.0001971621591312
-3897369.736973701,0.0001964224391921
-3897089.7089709006,0.0001957236107998
-3896809.6809681,0.00019506519265
-3896529.6529653,0.0001944467005611
-3896249.6249625,0.0001938676475828
-3895969.5969597,0.0001933275441038
-3895689.568956899,0.0001928258979599
-3895409.540954099,0.0001923622145419
-3895129.5129512986,0.0001919359969041
-3894849.484948498,0.0001915467458713
-3894569.4569456982,0.0001911939601475
-3894289.428942898,0.0001908771364228
-3894009.400940098,0.0001905957694816
-3893729.3729372974,0.0001903493523094
-3893449.344934497,0.0001901373762004
-3893169.3169316966,0.0001899593308642
-3892889.288928896,0.0001898147045328
-3892609.260926096,0.000189702984067
-3892329.232923296,0.0001896236550626
-3892049.204920496,0.0001895762019563
-3891769.176917695,0.0001895601081316
-3891489.148914895,0.0001895748560241
-3891209.1209120946,0.0001896199272261
-3890929.092909294,0.0001896948025916
-3890649.064906494,0.0001897989623405
-3890369.0369036943,0.0001899318861621
-3890089.008900894,0.0001900930533189
-3889808.9808980934,0.0001902819427491
-3889528.952895293,0.0001904980331695
-3889248.9248924926,0.0001907408031772
-3888968.8968896926,0.0001910097313512
-3888688.868886892,0.0001913042963533
-3888408.840884092,0.0001916239770285
-3888128.812881292,0.0001919682525049
-3887848.7848784914,0.000192336602293
-3887568.756875691,0.0001927285063843
-3887288.7288728906,0.0001931434453494
-3887008.7008700906,0.0001935809004355
-3886728.67286729,0.000194040353663
-3886448.6448644903,0.0001945212879216
-3886168.61686169,0.0001950231870661
-3885888.5888588894,0.0001955455360107
-3885608.560856089,0.0001960878208232
-3885328.532853289,0.000196649528818
-3885048.5048504886,0.0001972301486492
-3884768.4768476887,0.0001978291704018
-3884488.448844888,0.0001984460856828
-3884208.420842088,0.0001990803877114
-3883928.3928392874,0.0001997315714086
-3883648.364836487,0.0002003991334851
-3883368.336833687,0.0002010825725297
-3883088.308830887,0.0002017813890955
-3882808.280828086,0.0002024950857864
-3882528.2528252862,0.0002032231673417
-3882248.224822486,0.0002039651407203
-3881968.1968196854,0.0002047205151843
-3881688.1688168854,0.0002054888023809
-3881408.140814085,0.000206269516424
-3881128.112811285,0.0002070621739745
-3880848.0848084847,0.0002078662943198
-3880568.056805684,0.0002086813994521
-3880288.028802884,0.0002095070141463
-3880008.0008000834,0.0002103426660358
-3879727.972797283,0.0002111878856885
-3879447.944794483,0.0002120422066809
-3879167.916791683,0.0002129051656718
-3878887.888788882,0.0002137763024742
-3878607.860786082,0.0002146551601269
-3878327.832783282,0.0002155412849644
-3878047.8047804814,0.0002164342266863
-3877767.7767776814,0.0002173335384254
-3877487.7487748815,0.0002182387768141
-3877207.720772081,0.0002191495020506
-3876927.6927692806,0.0002200652779637
-3876647.66476648,0.000220985672076
-3876367.63676368,0.0002219102556666
-3876087.60876088,0.0002228386038322
-3875807.5807580794,0.0002237702955474
-3875527.552755279,0.0002247049137235
-3875247.524752479,0.0002256420452667
-3874967.4967496786,0.0002265812811339
-3874687.468746878,0.000227522216389
-3874407.440744078,0.0002284644502567
-3874127.412741278,0.0002294075861759
-3873847.3847384774,0.000230351231851
-3873567.3567356775,0.0002312949993032
-3873287.328732877,0.0002322385049195
-3873007.3007300766,0.0002331813695011
-3872727.272727276,0.0002341232183105
-3872447.244724476,0.0002350636811171
-3872167.216721676,0.0002360023922418
-3871887.188718876,0.0002369389906007
-3871607.160716075,0.0002378731197464
-3871327.132713275,0.0002388044279096
-3871047.1047104746,0.0002397325680384
-3870767.076707674,0.0002406571978366
-3870487.0487048742,0.000241577979801
-3870207.020702074,0.0002424945812571
-3869926.992699274,0.0002434066743938
-3869646.9646964734,0.0002443139362967
-3869366.936693673,0.0002452160489802
-3869086.9086908726,0.0002461126994185
-3868806.880688072,0.0002470035795749
-3868526.852685272,0.0002478883864304
-3868246.824682472,0.0002487668220107
-3867966.796679672,0.0002496385934118
-3867686.768676871,0.000250503412825
-3867406.740674071,0.0002513609975598
-3867126.7126712706,0.0002522110700661
-3866846.68466847,0.0002530533579551
-3866566.65666567,0.0002538875940185
-3866286.6286628703,0.0002547135162472
-3866006.60066007,0.0002555308678482
-3865726.5726572694,0.0002563393972602
-3865446.544654469,0.0002571388581683
-3865166.5166516686,0.0002579290095175
-3864886.4886488686,0.0002587096155244
-3864606.460646068,0.0002594804456883
-3864326.432643268,0.0002602412748006
-3864046.404640468,0.0002609918829535
-3863766.3766376674,0.0002617320555466
-3863486.348634867,0.0002624615832937
-3863206.3206320666,0.0002631802622264
-3862926.2926292666,0.0002638878936986
-3862646.264626466,0.0002645842843883
-3862366.2366236662,0.0002652692462989
-3862086.208620866,0.0002659425967589
-3861806.1806180654,0.0002666041584208
-3861526.152615265,0.0002672537592587
-3861246.124612465,0.0002678912325645
-3860966.0966096646,0.0002685164169431
-3860686.0686068647,0.0002691291563067
-3860406.040604064,0.0002697292998674
-3860126.012601264,0.0002703167021291
-3859845.9845984634,0.0002708912228781
-3859565.956595663,0.0002714527271725
-3859285.928592863,0.0002720010853304
-3859005.900590063,0.0002725361729177
-3858725.872587262,0.0002730578707335
-3858445.8445844622,0.0002735660647955
-3858165.816581662,0.0002740606463242
-3857885.7885788614,0.0002745415117251
-3857605.7605760614,0.0002750085625712
-3857325.732573261,0.0002754617055831
-3857045.704570461,0.0002759008526092
-3856765.6765676606,0.0002763259206038
-3856485.64856486,0.0002767368316054
-3856205.62056206,0.0002771335127127
-3855925.5925592594,0.0002775158960602
-3855645.5645564594,0.0002778839187933
-3855365.536553659,0.0002782375230411
-3855085.508550859,0.0002785766558899
-3854805.480548058,0.000278901269354
-3854525.452545258,0.0002792113203469
-3854245.424542458,0.0002795067706509
-3853965.3965396574,0.0002797875868859
-3853685.3685368574,0.0002800537404772
-3853405.3405340575,0.0002803052076227
-3853125.312531257,0.0002805419692589
-3852845.2845284566,0.000280764011026
-3852565.256525656,0.0002809713232321
-3852285.228522856,0.0002811639008172
-3852005.200520056,0.0002813417433153
-3851725.1725172554,0.0002815048548163
-3851445.144514455,0.0002816532439274
-3851165.116511655,0.0002817869237326
-3850885.0885088546,0.0002819059117526
-3850605.060506054,0.0002820102299031
-3850325.032503254,0.0002820999044527
-3850045.004500454,0.0002821749659803
-3849764.976497654,0.0002822354493308
-3849484.9484948535,0.0002822813935712
-3849204.920492053,0.0002823128419456
-3848924.8924892526,0.0002823298418289
-3848644.864486452,0.0002823324446808
-3848364.836483652,0.0002823207059983
-3848084.808480852,0.0002822946852684
-3847804.780478052,0.0002822544459191
-3847524.752475251,0.0002822000552707
-3847244.724472451,0.0002821315844862
-3846964.6964696506,0.0002820491085206
-3846684.66846685,0.0002819527060707
-3846404.64046405,0.000281842459523
-3846124.61246125,0.0002817184549025
-3845844.58445845,0.0002815807818196
-3845564.5564556494,0.0002814295334173
-3845284.528452849,0.0002812648063178
-3845004.5004500486,0.0002810867005685
-3844724.472447248,0.0002808953195873
-3844444.444444448,0.0002806907701081
-3844164.416441648,0.0002804731621247
-3843884.388438848,0.000280242608836
-3843604.3604360474,0.0002799992265889
-3843324.332433247,0.0002797431348221
-3843044.3044304466,0.0002794744560092
-3842764.276427646,0.0002791933156011
-3842484.248424846,0.0002788998419684
-3842204.2204220463,0.0002785941663434
-3841924.192419246,0.0002782764227618
-3841644.1644164454,0.0002779467480039
-3841364.136413645,0.0002776052815355
-3841084.1084108446,0.0002772521654493
-3840804.0804080446,0.0002768875444046
-3840524.052405244,0.0002765115655684
-3840244.024402444,0.0002761243785546
-3839963.996399644,0.0002757261353647
-3839683.9683968434,0.0002753169903268
-3839403.940394043,0.0002748971000355
-3839123.912391243,0.000274466623291
-3838843.8843884426,0.0002740257210381
-3838563.856385642,0.0002735745563057
-3838283.8283828422,0.0002731132941452
-3838003.800380042,0.0002726421015698
-3837723.7723772414,0.0002721611474927
-3837443.744374441,0.0002716706026663
-3837163.716371641,0.0002711706396202
-3836883.6883688406,0.0002706614326003
-3836603.6603660407,0.000270143157507
-3836323.63236324,0.0002696159918338
-3836043.60436044,0.0002690801146057
-3835763.5763576394,0.0002685357063182
-3835483.548354839,0.0002679829488752
-3835203.520352039,0.000267422025528
-3834923.492349239,0.0002668531208141
-3834643.464346438,0.0002662764204955
-3834363.436343638,0.000265692111498
-3834083.408340838,0.0002651003818501
-3833803.3803380374,0.0002645014206217
-3833523.3523352374,0.0002638954178636
-3833243.324332437,0.000263282564547
-3832963.296329637,0.0002626630525026
-3832683.2683268366,0.0002620370743609
-3832403.240324036,0.0002614048234913
-3832123.212321236,0.0002607664939428
-3831843.1843184354,0.0002601222803842
-3831563.1563156354,0.0002594723780444
-3831283.128312835,0.0002588169826535
-3831003.100310035,0.0002581562903836
-3830723.0723072346,0.0002574904977902
-3830443.044304434,0.0002568198017536
-3830163.016301634,0.0002561443994214
-3829882.9882988334,0.00025546448815
-3829602.9602960334,0.0002547802654473
-3829322.9322932335,0.0002540919289159
-3829042.904290433,0.0002533996761959
-3828762.8762876326,0.0002527037049088
-3828482.848284832,0.000252004212601
-3828202.820282032,0.0002513013966885
-3827922.792279232,0.0002505954544014
-3827642.7642764314,0.0002498865827294
-3827362.736273631,0.0002491749783665
-3827082.708270831,0.0002484608376579
-3826802.6802680306,0.0002477443565458
-3826522.65226523,0.0002470257305165
-3826242.62426243,0.0002463051545475
-3825962.59625963,0.0002455828230557
-3825682.56825683,0.0002448589298452
-3825402.5402540294,0.0002441336680561
-3825122.512251229,0.0002434072301144
-3824842.4842484286,0.0002426798076807
-3824562.456245628,0.0002419515916017
-3824282.428242828,0.0002412227718598
-3824002.400240028,0.0002404935375257
-3823722.372237228,0.0002397640767092
-3823442.344234427,0.0002390345765126
-3823162.316231627,0.0002383052229831
-3822882.2882288266,0.0002375762010667
-3822602.260226026,0.0002368476945627
-3822322.232223226,0.0002361198860778
-3822042.204220426,0.0002353929569822
-3821762.176217626,0.0002346670873654
-3821482.1482148254,0.0002339424559925
-3821202.120212025,0.0002332192402621
-3820922.0922092246,0.0002324976161637
-3820642.064206424,0.0002317777582365
-3820362.036203624,0.0002310598395284
-3820082.008200824,0.0002303440315563
-3819801.980198024,0.0002296305042658
-3819521.9521952234,0.0002289194259932
-3819241.924192423,0.000228210963427
-3818961.8961896226,0.0002275052815702
-3818681.8681868226,0.000226802543704
-3818401.840184022,0.0002261029113514
-3818121.8121812223,0.0002254065442418
-3817841.784178422,0.0002247136002765
-3817561.7561756214,0.0002240242354946
-3817281.728172821,0.0002233386040398
-3817001.7001700206,0.0002226568581275
-3816721.6721672206,0.0002219791480136
-3816441.6441644207,0.0002213056219629
-3816161.61616162,0.0002206364262189
-3815881.58815882,0.0002199717049741
-3815601.5601560194,0.0002193116003413
-3815321.532153219,0.000218656252325
-3815041.504150419,0.0002180057987944
-3814761.4761476186,0.0002173603754567
-3814481.448144818,0.0002167201158309
-3814201.4201420182,0.0002160851512229
-3813921.392139218,0.0002154556107008
-3813641.3641364174,0.0002148316210716
-3813361.336133617,0.0002142133068582
-3813081.308130817,0.0002136007902769
-3812801.2801280166,0.0002129941912166
-3812521.2521252166,0.0002123936272179
-3812241.224122416,0.000211799213453
-3811961.196119616,0.0002112110627072
-3811681.1681168154,0.0002106292853602
-3811401.140114015,0.0002100539893686
-3811121.112111215,0.0002094852802492
-3810841.084108415,0.0002089232610629
-3810561.056105614,0.0002083680323997
-3810281.028102814,0.000207819692364
-3810001.000100014,0.0002072783365609
-3809720.9720972134,0.0002067440580835
-3809440.9440944134,0.0002062169475005
-3809160.916091613,0.0002056970928448
-3808880.888088813,0.0002051845796032
-3808600.8600860126,0.0002046794907061
-3808320.832083212,0.0002041819065187
-3808040.804080412,0.0002036919048323
-3807760.7760776114,0.0002032095608574
-3807480.7480748114,0.000202734947216
-3807200.720072011,0.0002022681339363
-3806920.692069211,0.0002018091884467
-3806640.6640664106,0.0002013581755719
-3806360.63606361,0.0002009151575284
-3806080.60806081,0.0002004801939221
-3805800.58005801,0.0002000533417453
-3805520.5520552094,0.0001996346553756
-3805240.5240524095,0.0001992241865748
-3804960.496049609,0.0001988219844888
-3804680.4680468086,0.000198428095648
-3804400.440044008,0.0001980425639691
-3804120.412041208,0.0001976654307566
-3803840.384038408,0.0001972967347057
-3803560.3560356074,0.0001969365119061
-3803280.328032807,0.0001965847958457
-3803000.300030007,0.0001962416174153
-3802720.2720272066,0.000195907004915
-3802440.244024406,0.0001955809840596
-3802160.216021606,0.0001952635779858
-3801880.188018806,0.0001949548072599
-3801600.160016006,0.000194654689886
-3801320.1320132054,0.000194363241315
-3801040.104010405,0.0001940804744539
-3800760.0760076046,0.0001938063996766
-3800480.048004804,0.0001935410248343
-3800200.020002004,0.0001932843552675
-3799919.991999204,0.0001930363938178
-3799639.963996404,0.0001927971408409
-3799359.9359936034,0.0001925665942199
-3799079.907990803,0.0001923447493799
-3798799.8799880026,0.0001921315993018
-3798519.851985202,0.0001919271345383
-3798239.823982402,0.0001917313432294
-3797959.795979602,0.000191544211119
-3797679.767976802,0.000191365721572
-3797399.7399740014,0.0001911958555916
-3797119.711971201,0.0001910345918378
-3796839.6839684006,0.0001908819066461
-3796559.6559656006,0.0001907377740466
-3796279.6279628,0.0001906021657839
-3795999.59996,0.0001904750513376
-3795719.5719572,0.0001903563979431
-3795439.5439543994,0.0001902461706128
-3795159.515951599,0.0001901443321584
-3794879.4879487986,0.000190050843213
-3794599.4599459986,0.0001899656622539
-3794319.431943198,0.0001898887456267
-3794039.4039403982,0.0001898200475681
-3793759.375937598,0.000189759520231
-3793479.3479347974,0.0001897071137091
-3793199.319931997,0.000189662776062
-3792919.291929197,0.0001896264533409
-3792639.2639263966,0.0001895980896148
-3792359.2359235967,0.0001895776269969
-3792079.207920796,0.0001895650056715
-3791799.179917996,0.0001895601639215
-3791519.1519151954,0.0001895630381559
-3791239.123912395,0.000189573562938
-3790959.095909595,0.0001895916710141
-3790679.0679067946,0.0001896172933416
-3790399.039903994,0.0001896503591191
-3790119.011901194,0.0001896907958154
-3789838.983898394,0.0001897385291994
-3789558.9558955934,0.0001897934833703
-3789278.927892793,0.0001898555807884
-3788998.899889993,0.0001899247423052
-3788718.8718871926,0.0001900008871955
-3788438.8438843926,0.0001900839331877
-3788158.815881592,0.0001901737964963
-3787878.787878792,0.0001902703918534
-3787598.7598759914,0.000190373632541
-3787318.731873191,0.0001904834304232
-3787038.703870391,0.0001905996959792
-3786758.675867591,0.0001907223383361
-3786478.64786479,0.0001908512653016
-3786198.61986199,0.0001909863833977
-3785918.59185919,0.0001911275978942
-3785638.5638563894,0.000191274812842
-3785358.5358535894,0.0001914279311072
-3785078.507850789,0.0001915868544053
-3784798.479847989,0.0001917514833348
-3784518.4518451886,0.0001919217174119
-3784238.423842388,0.000192097455105
-3783958.395839588,0.0001922785938689
-3783678.3678367874,0.0001924650301798
-3783398.3398339874,0.0001926566595698
-3783118.311831187,0.000192853376662
-3782838.283828387,0.0001930550752052
-3782558.2558255866,0.0001932616481091
-3782278.227822786,0.0001934729874793
-3781998.199819986,0.0001936889846524
-3781718.171817186,0.0001939095302313
-3781438.1438143854,0.0001941345141202
-3781158.1158115854,0.0001943638255598
-3780878.087808785,0.000194597353163
-3780598.0598059846,0.0001948349849495
-3780318.031803184,0.0001950766083814
-3780038.003800384,0.0001953221103984
-3779757.975797584,0.0001955713774529
-3779477.9477947834,0.000195824295545
-3779197.919791983,0.0001960807502581
-3778917.891789183,0.0001963406267933
-3778637.8637863826,0.000196603810005
-3778357.835783582,0.0001968701844353
-3778077.8077807818,0.0001971396343492
-3777797.779777982,0.0001974120437691
-3777517.751775182,0.0001976872965096
-3777237.7237723814,0.0001979652762118
-3776957.695769581,0.0001982458663781
-3776677.6677667806,0.0001985289504061
-3776397.63976398,0.0001988144116226
-3776117.61176118,0.0001991021333183
-3775837.58375838,0.0001993919987809
-3775557.55575558,0.0001996838913292
-3775277.5277527794,0.0001999776943462
-3774997.499749979,0.000200273291313
-3774717.4717471786,0.0002005705658414
-3774437.443744378,0.0002008694017071
-3774157.415741578,0.0002011696828822
-3773877.3877387783,0.0002014712935681
-3773597.359735978,0.0002017741182274
-3773317.3317331774,0.0002020780416161
-3773037.303730377,0.0002023829488153
-3772757.2757275766,0.0002026887252633
-3772477.2477247766,0.000202995256786
-3772197.219721976,0.0002033024296288
-3771917.191719176,0.000203610130487
-3771637.163716376,0.0002039182465362
-3771357.1357135754,0.000204226665463
-3771077.107710775,0.0002045352754944
-3770797.0797079746,0.0002048439654278
-3770517.0517051746,0.0002051526246601
-3770237.023702374,0.000205461143217
-3769956.9956995742,0.0002057694117816
-3769676.967696774,0.0002060773217225
-3769396.9396939734,0.0002063847651222
-3769116.911691173,0.000206691634805
-3768836.883688373,0.0002069978243637
-3768556.8556855726,0.0002073032281873
-3768276.8276827727,0.0002076077414872
-3767996.799679972,0.0002079112603239
-3767716.771677172,0.0002082136816326
-3767436.7436743714,0.0002085149032489
-3767156.715671571,0.0002088148239342
-3766876.687668771,0.0002091133434002
-3766596.6596659706,0.0002094103623333
-3766316.63166317,0.0002097057824191
-3766036.60366037,0.0002099995063655
-3765756.57565757,0.0002102914379262
-3765476.5476547694,0.0002105814819232
-3765196.519651969,0.0002108695442699
-3764916.491649169,0.0002111555319923
-3764636.463646369,0.000211439353251
-3764356.4356435686,0.0002117209173624
-3764076.407640768,0.000212000134819
-3763796.379637968,0.0002122769173102
-3763516.3516351674,0.0002125511777417
-3763236.3236323674,0.0002128228302554
-3762956.295629567,0.0002130917902476
-3762676.267626767,0.0002133579743884
-3762396.2396239666,0.000213621300639
-3762116.211621166,0.00021388168827
-3761836.183618366,0.0002141390578777
-3761556.155615566,0.0002143933314017
-3761276.1276127654,0.0002146444321406
-3760996.099609965,0.0002148922847677
-3760716.071607165,0.0002151368153466
-3760436.0436043646,0.000215377951346
-3760156.015601564,0.0002156156216538
-3759875.987598764,0.0002158497565912
-3759595.9595959634,0.0002160802879259
-3759315.9315931634,0.0002163071488856
-3759035.903590363,0.0002165302741695
-3758755.875587563,0.0002167495999611
-3758475.8475847626,0.0002169650639395
-3758195.819581962,0.00021717660529
-3757915.791579162,0.0002173841647153
-3757635.763576362,0.0002175876844449
-3757355.7355735614,0.0002177871082451
-3757075.7075707614,0.0002179823814279
-3756795.679567961,0.0002181734508595
-3756515.6515651606,0.0002183602649688
-3756235.62356236,0.0002185427737544
-3755955.59555956,0.0002187209287923
-3755675.56755676,0.0002188946832423
-3755395.5395539594,0.0002190639918539
-3755115.511551159,0.0002192288109726
-3754835.483548359,0.0002193890985446
-3754555.4555455586,0.0002195448141216
-3754275.427542758,0.000219695918865
-3753995.399539958,0.00021984237555
-3753715.371537158,0.0002199841485682
-3753435.343534358,0.0002201212039311
-3753155.3155315574,0.0002202535092716
-3752875.287528757,0.0002203810338467
-3752595.2595259566,0.0002205037485382
-3752315.231523156,0.0002206216258538
-3752035.203520356,0.0002207346399274
-3751755.175517556,0.0002208427665193
-3751475.147514756,0.0002209459830152
-3751195.1195119554,0.0002210442684258
-3750915.091509155,0.0002211376033847
-3750635.0635063546,0.0002212259701468
-3750355.035503554,0.000221309352586
-3750075.007500754,0.0002213877361922
-3749794.9794979542,0.0002214611080678
-3749514.951495154,0.0002215294569243
-3749234.9234923534,0.0002215927730781
-3748954.895489553,0.0002216510484455
-3748674.8674867526,0.0002217042765379
-3748394.8394839526,0.0002217524524562
-3748114.811481152,0.0002217955728848
-3747834.783478352,0.0002218336360853
-3747554.755475552,0.0002218666418898
-3747274.7274727514,0.000221894591693
-3746994.699469951,0.0002219174884456
-3746714.6714671506,0.0002219353366452
-3746434.6434643506,0.0002219481423285
-3746154.61546155,0.000221955913062
-3745874.5874587502,0.000221958657933
-3745594.55945595,0.0002219563875397
-3745314.5314531494,0.0002219491139811
-3745034.503450349,0.0002219368508466
-3744754.475447549,0.000221919613205
-3744474.4474447486,0.0002218974175937
-3744194.4194419486,0.0002218702820062
-3743914.391439148,0.0002218382258809
-3743634.363436348,0.0002218012700886
-3743354.3354335474,0.0002217594369192
-3743074.307430747,0.0002217127500694
-3742794.279427947,0.0002216612346288
-3742514.2514251466,0.0002216049170661
-3742234.223422346,0.0002215438252153
-3741954.195419546,0.0002214779882608
-3741674.167416746,0.0002214074367232
-3741394.1394139454,0.0002213322024435
-3741114.111411145,0.0002212523185683
-3740834.083408345,0.0002211678195337
-3740554.055405545,0.0002210787410493
-3740274.0274027446,0.0002209851200821
-3739993.999399944,0.0002208869948393
-3739713.971397144,0.0002207844047522
-3739433.9433943434,0.0002206773904582
-3739153.9153915434,0.0002205659937839
-3738873.887388743,0.0002204502577268
-3738593.859385943,0.0002203302264378
-3738313.8313831426,0.0002202059452027
-3738033.803380342,0.0002200774604234
-3737753.775377542,0.0002199448195999
-3737473.747374742,0.0002198080713102
-3737193.7193719414,0.0002196672651919
-3736913.691369141,0.0002195224519226
-3736633.663366341,0.0002193736831999
-3736353.6353635406,0.0002192210117215
-3736073.60736074,0.0002190644911657
-3735793.57935794,0.0002189041761701
-3735513.5513551394,0.0002187401223121
-3735233.5233523394,0.0002185723860875
-3734953.495349539,0.0002184010248899
-3734673.467346739,0.0002182260969896
-3734393.4393439386,0.0002180476615127
-3734113.411341138,0.000217865778419
-3733833.3833383378,0.0002176805084812
-3733553.355335538,0.0002174919132631
-3733273.3273327374,0.0002173000550973
-3732993.2993299374,0.0002171049970639
-3732713.271327137,0.0002169068029681
-3732433.2433243366,0.0002167055373179
-3732153.215321536,0.0002165012653023
-3731873.187318736,0.0002162940527681
-3731593.159315936,0.0002160839661985
-3731313.131313136,0.0002158710726892
-3731033.1033103354,0.000215655439927
-3730753.075307535,0.0002154371361662
-3730473.0473047346,0.0002152162302059
-3730193.019301934,0.0002149927913676
-3729912.991299134,0.0002147668894715
-3729632.963296334,0.0002145385948143
-3729352.935293534,0.0002143079781457
-3729072.9072907334,0.0002140751106451
-3728792.879287933,0.0002138400638992
-3728512.8512851326,0.0002136029098782
-3728232.823282332,0.0002133637209131
-3727952.795279532,0.0002131225696724
-3727672.767276732,0.0002128795291387
-3727392.739273932,0.0002126346725862
-3727112.7112711314,0.0002123880735567
-3726832.683268331,0.0002121398058371
-3726552.6552655306,0.0002118899434362
-3726272.62726273,0.0002116385605615
-3725992.59925993,0.0002113857315961
-3725712.5712571302,0.000211131531076
-3725432.54325433,0.0002108760336669
-3725152.5152515294,0.0002106193141414
-3724872.487248729,0.0002103614473562
-3724592.459245929,0.0002101025082294
-3724312.4312431286,0.0002098425717177
-3724032.403240328,0.0002095817127938
-3723752.375237528,0.0002093200064241
-3723472.347234728,0.0002090575275461
-3723192.3192319274,0.000208794351046
-3722912.291229127,0.0002085305517367
-3722632.2632263266,0.0002082662043358
-3722352.2352235266,0.0002080013834433
-3722072.207220726,0.0002077361635197
-3721792.179217926,0.0002074706188649
-3721512.151215126,0.0002072048235958
-3721232.1232123254,0.0002069388516254
-3720952.095209525,0.0002066727766414
-3720672.067206725,0.0002064066720849
-3720392.0392039246,0.0002061406111293
-3720112.0112011246,0.0002058746666601
-3719831.983198324,0.0002056089112534
-3719551.955195524,0.000205343417156
-3719271.9271927234,0.0002050782562649
-3718991.899189923,0.0002048135001072
-3718711.871187123,0.00020454921982
-3718431.8431843226,0.0002042854861311
-3718151.8151815226,0.000204022369339
-3717871.787178722,0.0002037599392937
-3717591.759175922,0.0002034982653777
-3717311.7311731214,0.0002032374164871
-3717031.703170321,0.0002029774610125
-3716751.675167521,0.0002027184668213
-3716471.647164721,0.0002024605012386
-3716191.6191619206,0.0002022036310299
-3715911.59115912,0.0002019479223828
-3715631.56315632,0.0002016934408897
-3715351.5351535194,0.0002014402515307
-3715071.5071507194,0.0002011884186561
-3714791.479147919,0.0002009380059701
-3714511.451145119,0.0002006890765139
-3714231.4231423186,0.0002004416926497
-3713951.395139518,0.0002001959160443
-3713671.367136718,0.0001999518076539
-3713391.339133918,0.0001997094277084
-3713111.3111311174,0.0001994688356959
-3712831.283128317,0.0001992300903483
-3712551.255125517,0.0001989932496262
-3712271.2271227166,0.0001987583707051
-3711991.199119916,0.0001985255099607
-3711711.171117116,0.0001982947229557
-3711431.143114316,0.0001980660644258
-3711151.1151115154,0.0001978395882672
-3710871.087108715,0.000197615347523
-3710591.059105915,0.000197393394371
-3710311.0311031146,0.0001971737801114
-3710031.003100314,0.0001969565551548
-3709750.9750975138,0.0001967417690107
-3709470.947094714,0.0001965294702756
-3709190.9190919134,0.0001963197066229
-3708910.8910891134,0.0001961125247911
-3708630.863086313,0.0001959079705744
-3708350.8350835126,0.0001957060888118
-3708070.807080712,0.0001955069233781
-3707790.779077912,0.0001953105171736
-3707510.751075112,0.0001951169121159
-3707230.723072312,0.0001949261491304
-3706950.6950695114,0.0001947382681421
-3706670.667066711,0.0001945533080676
-3706390.6390639106,0.0001943713068071
-3706110.61106111,0.0001941923012369
-3705830.58305831,0.0001940163272026
-3705550.55505551,0.0001938434195116
-3705270.52705271,0.0001936736119276
-3704990.4990499094,0.0001935069371634
-3704710.471047109,0.0001933434268759
-3704430.4430443086,0.0001931831116603
-3704150.415041508,0.0001930260210449
-3703870.387038708,0.0001928721834864
-3703590.359035908,0.0001927216263654
-3703310.331033108,0.0001925743759823
-3703030.3030303074,0.0001924304575534
-3702750.275027507,0.0001922898952075
-3702470.2470247066,0.0001921527119829
-3702190.219021906,0.0001920189298242
-3701910.191019106,0.0001918885695805
-3701630.1630163062,0.0001917616510024
-3701350.135013506,0.0001916381927411
-3701070.1070107054,0.0001915182123463
-3700790.079007905,0.0001914017262654
-3700510.051005105,0.0001912887498424
-3700230.0230023046,0.0001911792973177
-3699949.994999504,0.000191073381828
-3699669.966996704,0.0001909710154062
-3699389.938993904,0.0001908722089821
-3699109.9109911034,0.0001907769723831
-3698829.882988303,0.0001906853143357
-3698549.8549855025,0.0001905972424665
-3698269.8269827026,0.0001905127633043
-3697989.798979902,0.0001904318822823
-3697709.770977102,0.00019035460374
-3697429.742974302,0.0001902809309268
-3697149.7149715014,0.0001902108660043
-3696869.686968701,0.00019014441005
-3696589.658965901,0.0001900815630612
-3696309.6309631006,0.0001900223239584
-3696029.6029603006,0.0001899666905901
-3695749.5749575,0.0001899146597374
-3695469.5469547,0.0001898662271184
-3695189.5189518994,0.0001898213873941
-3694909.490949099,0.0001897801341731
-3694629.462946299,0.0001897424600182
-3694349.4349434986,0.0001897083564518
-3694069.4069406986,0.0001896778139625
-3693789.378937898,0.0001896508220118
-3693509.350935098,0.0001896273690412
-3693229.322932298,0.0001896074424788
-3692949.294929497,0.0001895910287473
-3692669.266926697,0.0001895781132716
-3692389.238923897,0.0001895686804867
-3692109.2109210966,0.0001895627138462
-3691829.182918296,0.0001895601958304
-3691549.154915496,0.0001895611079558
-3691269.1269126954,0.0001895654307833
-3690989.0989098954,0.0001895731439281
-3690709.070907095,0.0001895842260692
-3690429.042904295,0.0001895986549588
-3690149.0149014946,0.0001896164074327
-3689868.986898694,0.0001896374594205
-3689588.958895894,0.0001896617859559
-3689308.930893094,0.0001896893611877
-3689028.9028902934,0.0001897201583904
-3688748.8748874934,0.0001897541499758
-3688468.846884693,0.000189791307504
-3688188.8188818926,0.0001898316016952
-3687908.790879092,0.0001898750024414
-3687628.762876292,0.0001899214788184
-3687348.734873492,0.0001899709990983
-3687068.7068706914,0.0001900235307615
-3686788.6788678914,0.0001900790405093
-3686508.650865091,0.000190137494277
-3686228.6228622906,0.0001901988572468
-3685948.59485949,0.0001902630938606
-3685668.5668566898,0.0001903301678336
-3685388.53885389,0.0001904000421678
-3685108.5108510894,0.0001904726791654
-3684828.4828482894,0.0001905480404429
-3684548.454845489,0.0001906260869449
-3684268.4268426886,0.0001907067789582
-3683988.398839888,0.0001907900761259
-3683708.370837088,0.0001908759374623
-3683428.342834288,0.0001909643213668
-3683148.314831488,0.000191055185639
-3682868.2868286874,0.0001911484874935
-3682588.258825887,0.0001912441835742
-3682308.2308230866,0.0001913422299703
-3682028.202820286,0.0001914425822305
-3681748.174817486,0.0001915451953789
-3681468.146814686,0.0001916500239302
-3681188.118811886,0.0001917570219047
-3680908.0908090854,0.0001918661428445
-3680628.062806285,0.0001919773398287
-3680348.034803485,0.0001920905654893
-3680068.006800684,0.0001922057720269
-3679787.978797884,0.0001923229112265
-3679507.950795084,0.0001924419344736
-3679227.922792284,0.00019256279277
-3678947.8947894834,0.0001926854367501
-3678667.866786683,0.0001928098166966
-3678387.8387838826,0.0001929358825573
-3678107.8107810826,0.0001930635839604
-3677827.782778282,0.0001931928702317
-3677547.754775482,0.0001933236904101
-3677267.726772682,0.0001934559932643
-3676987.6987698814,0.0001935897273089
-3676707.670767081,0.000193724840821
-3676427.642764281,0.0001938612818564
-3676147.6147614806,0.000193998998266
-3675867.58675868,0.0001941379377119
-3675587.55875588,0.0001942780476842
-3675307.53075308,0.0001944192755172
-3675027.5027502794,0.0001945615684056
-3674747.474747479,0.0001947048734211
-3674467.4467446785,0.0001948491375283
-3674187.4187418786,0.0001949943076016
-3673907.390739078,0.0001951403304408
-3673627.362736278,0.000195287152788
-3673347.334733478,0.0001954347213431
-3673067.3067306774,0.0001955829827805
-3672787.278727877,0.000195731883765
-3672507.250725077,0.0001958813709679
-3672227.2227222766,0.0001960313910826
-3671947.1947194766,0.0001961818908412
-3671667.166716676,0.00019633281703
-3671387.138713876,0.0001964841165052
-3671107.1107110754,0.0001966357362088
-3670827.082708275,0.0001967876231841
-3670547.054705475,0.0001969397245916
-3670267.0267026746,0.0001970919877239
-3669986.9986998746,0.0001972443600215
-3669706.970697074,0.000197396789088
-3669426.942694274,0.0001975492227053
-3669146.914691474,0.0001977016088484
-3668866.886688673,0.0001978538957008
-3668586.858685873,0.0001980060316692
-3668306.830683073,0.0001981579653978
-3668026.8026802726,0.0001983096457838
-3667746.774677472,0.0001984610219909
-3667466.746674672,0.0001986120434645
-3667186.7186718713,0.0001987626599455
-3666906.6906690714,0.0001989128214843
-3666626.662666271,0.0001990624784551
-3666346.634663471,0.0001992115815696
-3666066.6066606706,0.0001993600818904
-3665786.57865787,0.0001995079308447
-3665506.5506550698,0.0001996550802381
-3665226.52265227,0.0001998014822667
-3664946.4946494694,0.0001999470895315
-3664666.4666466694,0.0002000918550501
-3664386.438643869,0.0002002357322701
-3664106.4106410686,0.0002003786750815
-3663826.382638268,0.0002005206378289
-3663546.354635468,0.0002006615753238
-3663266.326632668,0.0002008014428565
-3662986.2986298674,0.0002009401962084
-3662706.2706270674,0.0002010777916627
-3662426.242624267,0.000201214186017
-3662146.2146214666,0.0002013493365934
-3661866.186618666,0.0002014832012506
-3661586.1586158657,0.0002016157383941
-3661306.130613066,0.000201746906987
-3661026.1026102654,0.0002018766665606
-3660746.0746074654,0.0002020049772246
-3660466.046604665,0.0002021317996772
-3660186.0186018646,0.0002022570952149
-3659905.990599064,0.0002023808257418
-3659625.962596264,0.0002025029537799
-3659345.934593464,0.0002026234424773
-3659065.906590664,0.0002027422556179
-3658785.8785878634,0.0002028593576297
-3658505.850585063,0.0002029747135938
-3658225.8225822626,0.0002030882892522
-3657945.794579462,0.0002032000510164
-3657665.766576662,0.000203309965975
-3657385.738573862,0.0002034180019014
-3657105.710571062,0.000203524127261
-3656825.6825682614,0.000203628311219
-3656545.654565461,0.0002037305236465
-3656265.626562661,0.000203830735128
-3655985.59855986,0.0002039289169673
-3655705.57055706,0.0002040250411942
-3655425.54255426,0.00020411908057
-3655145.51455146,0.0002042110085939
-3654865.4865486594,0.000204300799508
-3654585.458545859,0.0002043884283028
-3654305.4305430586,0.0002044738707222
-3654025.4025402586,0.0002045571032683
-3653745.374537458,0.0002046381032062
-3653465.346534658,0.0002047168485679
-3653185.318531858,0.0002047933181568
-3652905.2905290574,0.0002048674915511
-3652625.262526257,0.0002049393491077
-3652345.234523457,0.0002050088719657
-3652065.2065206566,0.0002050760420489
-3651785.178517856,0.0002051408420693
-3651505.150515056,0.0002052032555293
-3651225.122512256,0.0002052632667243
-3650945.0945094554,0.0002053208607445
-3650665.066506655,0.0002053760234773
-3650385.0385038545,0.0002054287416085
-3650105.0105010546,0.0002054790026237
-3649824.9824982546,0.0002055267948097
-3649544.954495454,0.0002055721072552
-3649264.926492654,0.0002056149298516
-3648984.8984898534,0.0002056552532932
-3648704.870487053,0.0002056930690775
-3648424.842484253,0.0002057283695053
-3648144.8144814526,0.0002057611476801
-3647864.7864786526,0.0002057913975076
-3647584.758475852,0.0002058191136953
-3647304.730473052,0.0002058442917508
-3647024.7024702514,0.000205866927981
-3646744.674467451,0.0002058870194908
-3646464.646464651,0.0002059045641806
-3646184.618461851,0.0002059195607453
-3645904.5904590506,0.0002059320086713
-3645624.56245625,0.0002059419082345
-3645344.53445345,0.0002059492604975
-3645064.50645065,0.0002059540673069
-3644784.4784478494,0.0002059563312899
-3644504.450445049,0.0002059560558513
-3644224.422442249,0.0002059532451696
-3643944.3944394486,0.0002059479041934
-3643664.366436648,0.0002059400386376
-3643384.338433848,0.0002059296549789
-3643104.3104310473,0.0002059167604514
-3642824.2824282474,0.0002059013630422
-3642544.254425447,0.0002058834714861
-3642264.226422647,0.0002058630952613
-3641984.1984198466,0.0002058402445831
-3641704.170417046,0.0002058149303996
-3641424.1424142458,0.0002057871643849
-3641144.114411446,0.0002057569589341
-3640864.0864086454,0.0002057243271568
-3640584.0584058454,0.0002056892828708
-3640304.030403045,0.0002056518405959
-3640024.0024002446,0.0002056120155472
-3639743.974397444,0.0002055698236281
-3639463.946394644,0.0002055252814232
-3639183.918391844,0.0002054784061915
-3638903.8903890434,0.0002054292158588
-3638623.8623862434,0.0002053777290099
-3638343.834383443,0.0002053239648813
-3638063.8063806426,0.0002052679433531
-3637783.778377842,0.0002052096849407
-3637503.7503750417,0.000205149210787
-3637223.722372242,0.0002050865426536
-3636943.694369442,0.0002050217029127
-3636663.6663666414,0.0002049547145378
-3636383.638363841,0.0002048856010953
-3636103.6103610406,0.0002048143867353
-3635823.58235824,0.0002047410961823
-3635543.55435544,0.0002046657547262
-3635263.52635264,0.0002045883882126
-3634983.49834984,0.0002045090230334
-3634703.4703470394,0.0002044276861167
-3634423.442344239,0.0002043444049176
-3634143.4143414386,0.0002042592074074
-3633863.386338638,0.0002041721220643
-3633583.358335838,0.0002040831778625
-3633303.330333038,0.0002039924042624
-3633023.302330238,0.0002038998311996
-3632743.2743274374,0.0002038054890748
-3632463.246324637,0.0002037094087429
-3632183.218321837,0.0002036116215023
-3631903.190319036,0.0002035121590839
-3631623.162316236,0.0002034110536402
-3631343.134313436,0.0002033083377343
-3631063.106310636,0.0002032040443285
-3630783.0783078354,0.0002030982067734
-3630503.050305035,0.0002029908587963
-3630223.0223022345,0.0002028820344899
-3629942.9942994346,0.0002027717683008
-3629662.966296634,0.0002026600950179
-3629382.938293834,0.0002025470497609
-3629102.910291034,0.0002024326679686
-3628822.8822882334,0.0002023169853869
-3628542.854285433,0.0002022000380574
-3628262.826282633,0.0002020818623051
-3627982.7982798326,0.000201962494727
-3627702.770277032,0.0002018419721797
-3627422.742274232,0.0002017203317678
-3627142.714271432,0.0002015976108313
-3626862.6862686314,0.0002014738469344
-3626582.658265831,0.0002013490778524
-3626302.6302630305,0.0002012233415605
-3626022.6022602306,0.000201096676221
-3625742.5742574306,0.0002009691201715
-3625462.54625463,0.0002008407119125
-3625182.51825183,0.0002007114900954
-3624902.49024903,0.00020058149351
-3624622.462246229,0.0002004507610729
-3624342.434243429,0.0002003193318145
-3624062.406240629,0.0002001872448673
-3623782.3782378286,0.0002000545394537
-3623502.350235028,0.0001999212548735
-3623222.322232228,0.0001997874304922
-3622942.2942294274,0.0001996531057283
-3622662.266226627,0.0001995183200414
-3622382.238223827,0.0001993831129204
-3622102.210221027,0.0001992475238709
-3621822.1822182266,0.0001991115924033
-3621542.154215426,0.0001989753580211
-3621262.1262126258,0.0001988388602083
-3620982.098209826,0.0001987021384182
-3620702.0702070254,0.0001985652320609
-3620422.042204225,0.0001984281804916
-3620142.014201425,0.0001982910229992
-3619861.9861986246,0.0001981537987937
-3619581.958195824,0.0001980165469957
-3619301.930193024,0.0001978793066235
-3619021.9021902233,0.0001977421165826
-3618741.8741874234,0.0001976050156536
-3618461.846184623,0.0001974680424811
-3618181.818181823,0.0001973312355619
-3617901.7901790226,0.0001971946332345
-3617621.762176222,0.0001970582736672
-3617341.7341734217,0.0001969221948473
-3617061.706170622,0.0001967864345702
-3616781.6781678214,0.0001966510304282
-3616501.6501650214,0.0001965160197999
-3616221.622162221,0.0001963814398394
-3615941.5941594206,0.0001962473274655
-3615661.56615662,0.0001961137193517
-3615381.53815382,0.0001959806519149
-3615101.51015102,0.0001958481613061
-3614821.4821482194,0.0001957162833993
-3614541.4541454194,0.0001955850537819
-3614261.426142619,0.0001954545077447
-3613981.3981398186,0.0001953246802719
-3613701.370137018,0.0001951956060314
-3613421.3421342177,0.0001950673193652
-3613141.314131418,0.0001949398542799
-3612861.286128618,0.0001948132444374
-3612581.2581258174,0.0001946875231457
-3612301.230123017,0.0001945627233495
-3612021.202120217,0.0001944388776218
-3611741.174117416,0.0001943160181545
-3611461.146114616,0.0001941941767501
-3611181.118111816,0.000194073384813
-3610901.090109016,0.0001939536733413
-3610621.0621062154,0.0001938350729182
-3610341.034103415,0.0001937176137042
-3610061.0061006146,0.0001936013254292
-3609780.978097814,0.0001934862373844
-3609500.950095014,0.0001933723784149
-3609220.9220922138,0.0001932597769122
-3608940.894089414,0.0001931484608068
-3608660.8660866134,0.0001930384575612
-3608380.838083813,0.0001929297941626
-3608100.810081013,0.0001928224971164
-3607820.782078212,0.0001927165924393
-3607540.754075412,0.0001926121056528
-3607260.726072612,0.0001925090617771
-3606980.698069812,0.0001924074853248
-3606700.6700670114,0.0001923074002946
-3606420.642064211,0.0001922088301659
-3606140.6140614105,0.0001921117978932
-3605860.5860586106,0.0001920163259001
-3605580.55805581,0.0001919224360745
-3605300.53005301,0.0001918301497632
-3605020.50205021,0.0001917394877673
-3604740.4740474094,0.0001916504703368
-3604460.446044609,0.0001915631171667
-3604180.418041809,0.0001914774473923
-3603900.3900390086,0.0001913934795849
-3603620.3620362086,0.0001913112317476
-3603340.334033408,0.0001912307213122
-3603060.306030608,0.0001911519651345
-3602780.2780278074,0.0001910749794915
-3602500.250025007,0.000190999780078
-3602220.222022207,0.0001909263820033
-3601940.1940194066,0.0001908547997883
-3601660.1660166066,0.0001907850473628
-3601380.138013806,0.0001907171380629
-3601100.110011006,0.0001906510846289
-3600820.082008206,0.0001905868992025
-3600540.054005405,0.0001905245933255
-3600260.026002605,0.0001904641779373
-3599979.997999805,0.0001904056633739
-3599699.9699970046,0.0001903490593661
-3599419.941994204,0.0001902943750382
-3599139.913991404,0.0001902416189072
-3598859.8859886033,0.0001901907988816
-3598579.857985803,0.0001901419222611
-3598299.829983003,0.0001900949957357
-3598019.801980203,0.0001900500253854
-3597739.7739774026,0.0001900070166805
-3597459.745974602,0.0001899659744811
-3597179.7179718018,0.0001899269030378
-3596899.6899690013,0.0001898898059915
-3596619.6619662014,0.0001898546863747
-3596339.633963401,0.0001898215466118
-3596059.605960601,0.0001897903885204
-3595779.5779578006,0.000189761213312
-3595499.549955,0.0001897340215936
-3595219.5219521997,0.0001897088133694
-3594939.4939493993,0.000189685588042
-3594659.4659465994,0.0001896643444146
-3594379.437943799,0.000189645080693
-3594099.409940999,0.0001896277944874
-3593819.3819381986,0.0001896124828156
-3593539.353935398,0.0001895991421047
-3593259.3259325977,0.0001895877681944
-3592979.297929798,0.0001895783563394
-3592699.2699269974,0.0001895709012131
-3592419.2419241974,0.0001895653969101
-3592139.213921397,0.0001895618369503
-3591859.1859185966,0.0001895602142818
-3591579.157915796,0.0001895605212852
-3591299.1299129957,0.000189562749777
-3591019.101910196,0.0001895668910141
-3590739.0739073954,0.0001895729356976
-3590459.0459045954,0.0001895808739773
-3590179.017901795,0.0001895906954564
-3589898.9898989946,0.0001896023891959
-3589618.961896194,0.0001896159437194
-3589338.9338933937,0.0001896313470183
-3589058.905890594,0.0001896485865569
-3588778.877887794,0.0001896676492773
-3588498.8498849934,0.0001896885216052
-3588218.821882193,0.0001897111894554
-3587938.793879393,0.0001897356382371
-3587658.765876592,0.0001897618528602
-3587378.737873792,0.000189789817741
-3587098.709870992,0.0001898195168082
-3586818.681868192,0.0001898509335096
-3586538.6538653914,0.0001898840508177
-3586258.625862591,0.0001899188512368
-3585978.5978597905,0.0001899553168092
-3585698.56985699,0.0001899934291224
-3585418.54185419,0.0001900331693154
-3585138.5138513898,0.0001900745180857
-3584858.48584859,0.000190117455697
-3584578.4578457894,0.0001901619619856
-3584298.429842989,0.000190208016368
-3584018.4018401885,0.0001902555978486
-3583738.373837388,0.0001903046850267
-3583458.345834588,0.0001903552561044
-3583178.317831788,0.0001904072888942
-3582898.289828988,0.0001904607608269
-3582618.2618261874,0.0001905156489594
-3582338.233823387,0.0001905719299826
-3582058.2058205865,0.00019062958023
-3581778.1778177866,0.0001906885756849
-3581498.149814986,0.0001907488919897
-3581218.121812186,0.0001908105044535
-3580938.093809386,0.0001908733880608
-3580658.065806586,0.0001909375174798
-3580378.037803785,0.0001910028670714
-3580098.0098009845,0.0001910694108973
-3579817.9817981846,0.0001911371227288
-3579537.9537953846,0.000191205976056
-3579257.925792584,0.0001912759440959
-3578977.897789784,0.000191346999802
-3578697.8697869834,0.0001914191158727
-3578417.841784183,0.0001914922647604
-3578137.813781383,0.000191566418681
-3577857.7857785826,0.0001916415496223
-3577577.7577757826,0.0001917176293533
-3577297.729772982,0.000191794629434
-3577017.701770182,0.0001918725212237
-3576737.6737673813,0.0001919512758909
-3576457.645764581,0.0001920308644221
-3576177.617761781,0.0001921112576317
-3575897.589758981,0.0001921924261708
-3575617.5617561806,0.0001922743405367
-3575337.53375338,0.0001923569710825
-3575057.50575058,0.0001924402880264
-3574777.4777477793,0.0001925242614608
-3574497.449744979,0.0001926088613623
-3574217.421742179,0.0001926940576006
-3573937.393739379,0.0001927798199484
-3573657.3657365786,0.0001928661180906
-3573377.337733778,0.0001929529216337
-3573097.3097309778,0.0001930402001154
-3572817.2817281773,0.0001931279230141
-3572537.2537253774,0.0001932160597582
-3572257.225722577,0.0001933045797356
-3571977.197719777,0.000193393452303
-3571697.1697169766,0.0001934826467957
-3571417.141714176,0.0001935721325364
-3571137.1137113757,0.0001936618788449
-3570857.0857085753,0.0001937518550477
-3570577.0577057754,0.0001938420304867
-3570297.0297029754,0.0001939323745291
-3570017.001700175,0.000194022856576
-3569736.9736973746,0.0001941134460724
-3569456.945694574,0.0001942041125157
-3569176.9176917737,0.0001942948254653
-3568896.889688974,0.0001943855545514
-3568616.861686174,0.0001944762694842
-3568336.8336833734,0.0001945669400629
-3568056.805680573,0.0001946575361847
-3567776.777677773,0.0001947480278535
-3567496.749674972,0.0001948383851891
-3567216.7216721717,0.0001949285784356
-3566936.693669372,0.0001950185779704
-3566656.6656665714,0.0001951083543127
-3566376.6376637714,0.0001951978781324
-3566096.609660971,0.0001952871202581
-3565816.5816581706,0.0001953760516862
-3565536.55365537,0.0001954646435887
-3565256.5256525697,0.0001955528673219
-3564976.4976497698,0.0001956406944346
-3564696.46964697,0.0001957280966761
-3564416.4416441694,0.0001958150460043
-3564136.413641369,0.0001959015145939
-3563856.385638569,0.000195987474844
-3563576.357635768,0.0001960728993861
-3563296.329632968,0.0001961577610919
-3563016.301630168,0.0001962420330808
-3562736.273627368,0.0001963256887274
-3562456.2456245674,0.000196408701669
-3562176.217621767,0.0001964910458132
-3561896.1896189665,0.0001965726953445
-3561616.161616166,0.0001966536247322
-3561336.133613366,0.0001967338087368
-3561056.105610566,0.0001968132224175
-3560776.077607766,0.0001968918411385
-3560496.0496049654,0.000196969640576
-3560216.021602165,0.0001970465967248
-3559935.9935993645,0.0001971226859046
-3559655.9655965646,0.0001971978847666
-3559375.937593764,0.0001972721702995
-3559095.909590964,0.000197345519836
-3558815.881588164,0.0001974179110585
-3558535.8535853634,0.000197489322005
-3558255.825582563,0.0001975597310751
-3557975.7975797625,0.0001976291170354
-3557695.7695769626,0.0001976974590252
-3557415.741574162,0.0001977647365617
-3557135.713571362,0.0001978309295457
-3556855.685568562,0.0001978960182661
-3556575.657565762,0.0001979599834053
-3556295.629562961,0.0001980228060442
-3556015.6015601605,0.0001980844676664
-3555735.573557361,0.0001981449501635
-3555455.5455545606,0.000198204235839
-3555175.51755176,0.0001982623074129
-3554895.48954896,0.0001983191480259
-3554615.4615461593,0.0001983747412433
-3554335.433543359,0.0001984290710592
-3554055.405540559,0.0001984821219
-3553775.3775377586,0.0001985338786281
-3553495.3495349586,0.0001985843265455
-3553215.321532158,0.0001986334513971
-3552935.2935293578,0.0001986812393739
-3552655.2655265573,0.0001987276771161
-3552375.237523757,0.000198772751716
-3552095.209520957,0.0001988164507208
-3551815.1815181565,0.0001988587621351
-3551535.1535153566,0.0001988996744237
-3551255.125512556,0.0001989391765135
-3550975.097509756,0.0001989772577963
-3550695.0695069553,0.0001990139081302
-3550415.0415041554,0.0001990491178419
-3550135.013501355,0.0001990828777284
-3549854.985498555,0.0001991151790586
-3549574.9574957546,0.0001991460135746
-3549294.929492954,0.0001991753734933
-3549014.9014901537,0.0001992032515074
-3548734.8734873533,0.0001992296407864
-3548454.8454845534,0.0001992545349775
-3548174.817481753,0.0001992779282064
-3547894.789478953,0.0001992998150778
-3547614.7614761526,0.0001993201906759
-3547334.733473352,0.0001993390505646
-3547054.7054705517,0.0001993563907878
-3546774.6774677513,0.000199372207869
-3546494.6494649514,0.0001993864988117
-3546214.6214621514,0.0001993992610988
-3545934.593459351,0.000199410492692
-3545654.5654565506,0.0001994201920317
-3545374.53745375,0.0001994283580358
-3545094.5094509497,0.0001994349900989
-3544814.48144815,0.0001994400880916
-3544534.45344535,0.0001994436523591
-3544254.4254425494,0.0001994456837198
-3543974.397439749,0.0001994461834641
-3543694.369436949,0.0001994451533527
-3543414.341434148,0.0001994425956148
-3543134.3134313477,0.0001994385129466
-3542854.285428548,0.0001994329085088
-3542574.2574257473,0.0001994257859249
-3542294.2294229474,0.0001994171492785
-3542014.201420147,0.0001994070031114
-3541734.1734173466,0.0001993953524208
-3541454.145414546,0.0001993822026566
-3541174.1174117457,0.0001993675597187
-3540894.0894089458,0.0001993514299541
-3540614.061406146,0.0001993338201536
-3540334.0334033454,0.0001993147375491
-3540054.005400545,0.0001992941898098
-3539773.9773977445,0.0001992721850391
-3539493.949394944,0.0001992487317707
-3539213.921392144,0.0001992238389655
-3538933.8933893437,0.0001991975160073
-3538653.865386544,0.0001991697726989
-3538373.8373837434,0.0001991406192583
-3538093.809380943,0.0001991100663145
-3537813.7813781425,0.0001990781249031
-3537533.753375342,0.0001990448064622
-3537253.725372542,0.0001990101228275
-3536973.697369742,0.000198974086228
-3536693.669366942,0.0001989367092813
-3536413.6413641414,0.0001988980049885
-3536133.613361341,0.0001988579867297
-3535853.5853585405,0.0001988166682586
-3535573.5573557406,0.0001987740636977
-3535293.52935294,0.0001987301875327
-3535013.50135014,0.0001986850546076
-3534733.47334734,0.0001986386801191
-3534453.4453445394,0.0001985910796107
-3534173.417341739,0.0001985422689679
-3533893.3893389385,0.000198492264412
-3533613.3613361386,0.0001984410824941
-3533333.333333338,0.0001983887400898
-3533053.305330538,0.0001983352543929
-3532773.277327738,0.0001982806429095
-3532493.249324938,0.0001982249234516
-3532213.221322137,0.0001981681141315
-3531933.1933193365,0.0001981102333549
-3531653.165316537,0.0001980512998149
-3531373.1373137366,0.0001979913324854
-3531093.109310936,0.000197930350615
-3530813.081308136,0.0001978683737199
-3530533.0533053353,0.0001978054215776
-3530253.025302535,0.0001977415142203
-3529972.997299735,0.000197676671928
-3529692.9692969345,0.0001976109152216
-3529412.9412941346,0.0001975442648563
-3529132.913291334,0.0001974767418145
-3528852.8852885338,0.0001974083672989
-3528572.8572857333,0.0001973391627255
-3528292.829282933,0.0001972691497165
-3528012.801280133,0.0001971983500932
-3527732.773277333,0.0001971267858688
-3527452.7452745326,0.0001970544792413
-3527172.717271732,0.0001969814525862
-3526892.6892689317,0.0001969077284493
-3526612.6612661313,0.0001968333295393
-3526332.6332633314,0.0001967582787204
-3526052.605260531,0.0001966825990053
-3525772.577257731,0.0001966063135474
-3525492.5492549306,0.0001965294456333
-3525212.52125213,0.0001964520186761
-3524932.4932493297,0.0001963740562069
-3524652.4652465293,0.0001962955818682
-3524372.43724373,0.0001962166194059
-3524092.409240929,0.0001961371926619
-3523812.381238129,0.0001960573255667
-3523532.3532353286,0.0001959770421317
-3523252.325232528,0.0001958963664418
-3522972.2972297277,0.0001958153226478
-3522692.2692269273,0.0001957339349589
-3522412.2412241274,0.0001956522276348
-3522132.2132213274,0.000195570224979
-3521852.185218527,0.0001954879513303
-3521572.1572157266,0.0001954054310558
-3521292.129212926,0.0001953226885435
-3521012.1012101257,0.0001952397481942
-3520732.073207326,0.0001951566344147
-3520452.0452045253,0.0001950733716098
-3520172.0172017254,0.0001949899841751
-3519891.989198925,0.0001949064964895
-3519611.961196125,0.0001948229329077
-3519331.933193324,0.000194739317753
-3519051.9051905237,0.0001946556753098
-3518771.877187724,0.000194572029816
-3518491.849184924,0.0001944884054564
-3518211.8211821234,0.0001944048263546
-3517931.793179323,0.0001943213165665
-3517651.7651765225,0.0001942379000724
-3517371.737173722,0.0001941546007705
-3517091.709170922,0.0001940714424694
-3516811.6811681218,0.0001939884488809
-3516531.653165322,0.0001939056436134
-3516251.6251625214,0.0001938230501646
-3515971.597159721,0.0001937406919147
-3515691.5691569205,0.0001936585921195
-3515411.54115412,0.0001935767739034
-3515131.51315132,0.0001934952602531
-3514851.4851485197,0.0001934140740103
-3514571.45714572,0.0001933332378654
-3514291.4291429194,0.0001932527743509
-3514011.401140119,0.0001931727058347
-3513731.3731373185,0.0001930930545139
-3513451.345134518,0.0001930138424081
-3513171.317131718,0.0001929350913534
-3512891.289128918,0.0001928568229958
-3512611.261126118,0.0001927790587854
-3512331.233123318,0.0001927018199698
-3512051.205120517,0.0001926251275887
-3511771.1771177165,0.0001925490024672
-3511491.149114917,0.0001924734652107
-3511211.121112116,0.0001923985361985
-3510931.093109316,0.0001923242355784
-3510651.065106516,0.000192250583261
-3510371.0371037154,0.0001921775989139
-3510091.009100915,0.0001921053019569
-3509810.9810981145,0.0001920337115559
-3509530.9530953146,0.0001919628466181
-3509250.925092514,0.0001918927257863
-3508970.897089714,0.0001918233674347
-3508690.8690869138,0.0001917547896629
-3508410.8410841133,0.0001916870102916
-3508130.813081313,0.0001916200468576
-3507850.785078513,0.0001915539166092
-3507570.757075713,0.0001914886365012
-3507290.7290729126,0.000191424223191
-3507010.701070112,0.0001913606930337
-3506730.673067312,0.0001912980620781
-3506450.6450645113,0.0001912363460621
-3506170.617061711,0.0001911755604089
-3505890.589058911,0.0001911157202231
-3505610.5610561105,0.0001910568402866
-3505330.5330533106,0.0001909989350547
-3505050.50505051,0.0001909420186526
-3504770.4770477097,0.0001908861048719
-3504490.4490449093,0.0001908312071671
-3504210.421042109,0.0001907773386521
-3503930.393039309,0.0001907245120969
-3503650.365036509,0.0001906727399251
-3503370.3370337086,0.0001906220342099
-3503090.309030908,0.000190572406672
-3502810.2810281077,0.0001905238686765
-3502530.2530253073,0.0001904764312302
-3502250.2250225074,0.0001904301049793
-3501970.197019707,0.0001903849002064
-3501690.169016907,0.000190340826829
-3501410.1410141066,0.0001902978943966
-3501130.113011306,0.0001902561120887
-3500850.0850085057,0.0001902154887132
-3500570.0570057053,0.0001901760327043
-3500290.029002906,0.0001901377521208
-3500010.001000105,0.0001901006546442
-3499729.972997305,0.0001900647475779
-3499449.944994505,0.0001900300378451
-3499169.916991704,0.0001899965319878
-3498889.8889889037,0.0001899642361658
-3498609.8609861033,0.0001899331561556
-3498329.8329833033,0.0001899032973492
-3498049.8049805034,0.0001898746647539
-3497769.776977703,0.000189847262991
-3497489.7489749026,0.0001898210962957
-3497209.720972102,0.0001897961685165
-3496929.6929693017,0.0001897724831149
-3496649.6649665018,0.0001897500431653
-3496369.6369637013,0.0001897288513545
-3496089.6089609014,0.0001897089099826
-3495809.580958101,0.0001896902209623
-3495529.5529553005,0.0001896727858196
-3495249.5249525,0.0001896566056943
-3494969.4969496997,0.00018964168134
-3494689.4689469,0.0001896280131253
-3494409.4409441,0.0001896156010345
-3494129.4129412994,0.0001896044446678
-3493849.384938499,0.0001895945432433
-3493569.3569356985,0.0001895858955971
-3493289.328932898,0.0001895785001853
-3493009.300930098,0.0001895723550848
-3492729.2729272977,0.0001895674579948
-3492449.244924498,0.0001895638062388
-3492169.2169216974,0.0001895613967656
-3491889.188918897,0.0001895602261516
-3491609.1609160965,0.0001895602906021
-3491329.132913296,0.000189561585954
-3491049.104910496,0.0001895641076775
-3490769.0769076957,0.0001895678508779
-3490489.048904896,0.000189572810299
-3490209.0209020954,0.0001895789803242
-3489928.992899295,0.00018958635498
-3489648.9648964945,0.0001895949279382
-3489368.936893694,0.0001896046925187
-3489088.908890894,0.0001896156416923
-3488808.880888094,0.0001896277680837
-3488528.852885294,0.0001896410639742
-3488248.824882494,0.0001896555213055
-3487968.796879693,0.000189671131682
-3487688.7688768925,0.0001896878863751
-3487408.740874093,0.0001897057763257
-3487128.712871292,0.0001897247921484
-3486848.684868492,0.0001897449241345
-3486568.656865692,0.0001897661622563
-3486288.6288628913,0.0001897884961703
-3486008.600860091,0.0001898119152214
-3485728.5728572905,0.0001898364084467
-3485448.5448544906,0.0001898619645798
-3485168.5168516906,0.0001898885720544
-3484888.48884889,0.000189916219009
-3484608.4608460898,0.0001899448932907
-3484328.4328432893,0.0001899745824603
-3484048.404840489,0.0001900052737958
-3483768.376837689,0.0001900369542975
-3483488.3488348885,0.0001900696106927
-3483208.3208320886,0.0001901032294398
-3482928.292829288,0.0001901377967335
-3482648.2648264877,0.0001901732985093
-3482368.2368236873,0.0001902097204489
-3482088.208820887,0.0001902470479843
-3481808.180818087,0.0001902852663034
-3481528.1528152865,0.0001903243603552
-3481248.1248124866,0.0001903643148543
-3480968.096809686,0.0001904051142865
-3480688.0688068857,0.0001904467429141
-3480408.0408040853,0.0001904891847811
-3480128.012801285,0.0001905324237184
-3479847.984798485,0.0001905764433494
-3479567.956795685,0.0001906212270955
-3479287.9287928846,0.0001906667581815
-3479007.900790084,0.0001907130196411
-3478727.8727872837,0.0001907599943227
-3478447.8447844833,0.0001908076648949
-3478167.8167816834,0.0001908560138522
-3477887.788778883,0.000190905023521
-3477607.760776083,0.0001909546760649
-3477327.7327732826,0.0001910049534908
-3477047.704770482,0.0001910558376547
-3476767.6767676817,0.0001911073102679
-3476487.6487648813,0.0001911593529021
-3476207.620762082,0.0001912119469962
-3475927.592759281,0.0001912650738617
-3475647.564756481,0.000191318714689
-3475367.536753681,0.0001913728505534
-3475087.50875088,0.000191427462421
-3474807.4807480797,0.0001914825311546
-3474527.45274528,0.0001915380375203
-3474247.4247424793,0.0001915939621933
-3473967.3967396794,0.0001916502857638
-3473687.368736879,0.0001917069887434
-3473407.3407340785,0.0001917640515712
-3473127.312731278,0.00019182145462
-3472847.2847284777,0.0001918791782023
-3472567.2567256778,0.0001919372025763
-3472287.2287228773,0.0001919955079526
-3472007.2007200774,0.0001920540744998
-3471727.172717277,0.0001921128823511
-3471447.1447144765,0.0001921719116101
-3471167.116711676,0.0001922311423571
-3470887.0887088757,0.0001922905546554
-3470607.0607060757,0.0001923501285571
-3470327.032703276,0.0001924098441095
-3470047.0047004754,0.0001924696813613
-3469766.976697675,0.0001925296203682
-3469486.9486948745,0.0001925896411997
-3469206.920692074,0.0001926497239446
-3468926.892689274,0.0001927098487173
-3468646.8646864737,0.0001927699956639
-3468366.836683674,0.0001928301449678
-3468086.808680874,0.0001928902768565
-3467806.780678073,0.0001929503716065
-3467526.7526752725,0.0001930104095502
-3467246.724672472,0.0001930703710812
-3466966.696669672,0.0001931302366603
-3466686.6686668717,0.0001931899868217
-3466406.640664072,0.0001932496021781
-3466126.6126612714,0.0001933090634272
-3465846.584658471,0.0001933683513569
-3465566.5566556705,0.0001934274468514
-3465286.52865287,0.0001934863308964
-3465006.50065007,0.000193544984585
-3464726.47264727,0.0001936033891234
-3464446.44464447,0.000193661525836
-3464166.4166416693,0.0001937193761713
-3463886.388638869,0.0001937769217069
-3463606.3606360685,0.0001938341441551
-3463326.332633269,0.0001938910253685
-3463046.304630468,0.0001939475473444
-3462766.276627668,0.0001940036922311
-3462486.248624868,0.0001940594423322
-3462206.2206220673,0.0001941147801121
-3461926.192619267,0.0001941696882009
-3461646.1646164665,0.0001942241493994
-3461366.1366136665,0.0001942781466839
-3461086.1086108666,0.0001943316632114
-3460806.080608066,0.0001943846823239
-3460526.0526052658,0.0001944371875533
-3460246.0246024653,0.0001944891626264
-3459965.996599665,0.0001945405914688
-3459685.968596865,0.00019459145821
-3459405.9405940645,0.0001946417471873
-3459125.9125912646,0.0001946914429508
-3458845.884588464,0.0001947405302672
-3458565.8565856637,0.000194788994124
-3458285.8285828633,0.0001948368197339
-3458005.800580063,0.0001948839925387
-3457725.772577263,0.0001949304982135
-3457445.7445744625,0.0001949763226702
-3457165.7165716626,0.0001950214520614
-3456885.688568862,0.0001950658727848
-3456605.6605660617,0.0001951095714857
-3456325.6325632613,0.0001951525350615
-3456045.604560461,0.0001951947506651
-3455765.576557661,0.0001952362057076
-3455485.548554861,0.0001952768878624
-3455205.520552061,0.0001953167850681
-3454925.49254926,0.0001953558855316
-3454645.4645464597,0.0001953941777314
-3454365.4365436593,0.0001954316504201
-3454085.4085408594,0.0001954682926277
-3453805.380538059,0.0001955040936644
-3453525.352535259,0.0001955390431228
-3453245.3245324586,0.0001955731308812
-3452965.296529658,0.0001956063471054
-3452685.2685268577,0.0001956386822516
-3452405.2405240573,0.0001956701270688
-3452125.2125212573,0.0001957006726004
-3451845.1845184574,0.0001957303101869
-3451565.156515657,0.0001957590314679
-3451285.128512857,0.0001957868283838
-3451005.100510056,0.0001958136931777
-3450725.0725072557,0.0001958396183972
-3450445.044504456,0.0001958645968963
-3450165.0165016553,0.0001958886218365
-3449884.9884988554,0.0001959116866884
-3449604.960496055,0.0001959337852332
-3449324.9324932545,0.0001959549115642
-3449044.904490454,0.0001959750600871
-3448764.8764876537,0.0001959942255221
-3448484.8484848537,0.0001960124029042
-3448204.8204820533,0.0001960295875842
-3447924.7924792534,0.0001960457752298
-3447644.764476453,0.0001960609618257
-3447364.7364736525,0.0001960751436747
-3447084.708470852,0.0001960883173979
-3446804.6804680517,0.0001961004799352
-3446524.6524652517,0.0001961116285454
-3446244.624462452,0.0001961217608068
-3445964.5964596514,0.0001961308746166
-3445684.568456851,0.0001961389681917
-3445404.5404540505,0.0001961460400678
-3445124.51245125,0.0001961520890998
-3444844.48444845,0.0001961571144612
-3444564.4564456497,0.0001961611156439
-3444284.42844285,0.0001961640924574
-3444004.40044005,0.0001961660450284
-3443724.372437249,0.0001961669738001
-3443444.3444344485,0.0001961668795314
-3443164.316431648,0.0001961657632962
-3442884.288428848,0.000196163626482
-3442604.260426048,0.0001961604707891
-3442324.232423248,0.0001961562982297
-3442044.2044204473,0.000196151111126
-3441764.176417647,0.0001961449121094
-3441484.1484148465,0.000196137704119
-3441204.1204120466,0.0001961294903998
-3440924.092409246,0.0001961202745012
-3440644.064406446,0.0001961100602755
-3440364.0364036458,0.0001960988518758
-3440084.0084008453,0.0001960866537543
-3439803.980398045,0.0001960734706601
-3439523.9523952445,0.0001960593076377
-3439243.9243924445,0.000196044170024
-3438963.896389644,0.0001960280634468
-3438683.868386844,0.0001960109938223
-3438403.840384044,0.0001959929673523
-3438123.8123812433,0.0001959739905223
-3437843.784378443,0.0001959540700985
-3437563.7563756425,0.0001959332131255
-3437283.7283728425,0.0001959114269232
-3437003.7003700426,0.0001958887190844
-3436723.672367242,0.0001958650974715
-3436443.6443644417,0.0001958405702139
-3436163.6163616413,0.0001958151457049
-3435883.588358841,0.0001957888325982
-3435603.560356041,0.0001957616398053
-3435323.5323532405,0.000195733576492
-3435043.5043504406,0.000195704652075
-3434763.47634764,0.0001956748762184
-3434483.4483448397,0.0001956442588307
-3434203.4203420393,0.0001956128100607
-3433923.392339239,0.0001955805402943
-3433643.364336439,0.0001955474601507
-3433363.3363336385,0.0001955135804786
-3433083.3083308386,0.0001954789123527
-3432803.280328038,0.0001954434670693
-3432523.2523252377,0.0001954072561431
-3432243.2243224373,0.0001953702913025
-3431963.196319638,0.0001953325844863
-3431683.168316837,0.0001952941478389
-3431403.140314037,0.0001952549937066
-3431123.112311237,0.0001952151346335
-3430843.084308436,0.0001951745833568
-3430563.0563056357,0.0001951333528031
-3430283.0283028353,0.0001950914560833
-3430003.0003000353,0.000195048906489
-3429722.972297235,0.0001950057174876
-3429442.944294435,0.0001949619027177
-3429162.9162916346,0.0001949174759852
-3428882.888288834,0.0001948724512578
-3428602.8602860337,0.0001948268426615
-3428322.8322832333,0.0001947806644748
-3428042.8042804333,0.0001947339311249
-3427762.7762776334,0.0001946866571826
-3427482.748274833,0.0001946388573575
-3427202.7202720325,0.0001945905464934
-3426922.692269232,0.0001945417395632
-3426642.6642664317,0.0001944924516646
-3426362.6362636317,0.0001944426980144
-3426082.6082608313,0.0001943924939443
-3425802.5802580314,0.0001943418548956
-3425522.552255231,0.0001942907964145
-3425242.5242524305,0.0001942393341468
-3424962.49624963,0.0001941874838331
-3424682.4682468297,0.0001941352613039
-3424402.4402440297,0.0001940826824742
-3424122.4122412293,0.0001940297633387
-3423842.3842384294,0.0001939765199669
-3423562.356235629,0.0001939229684977
-3423282.3282328285,0.0001938691251342
-3423002.300230028,0.0001938150061391
-3422722.2722272277,0.0001937606278293
-3422442.2442244277,0.0001937060065706
-3422162.216221628,0.000193651158773
-3421882.1882188274,0.0001935961008853
-3421602.160216027,0.0001935408493899
-3421322.1322132265,0.0001934854207979
-3421042.104210426,0.0001934298316439
-3420762.076207626,0.0001933740984808
-3420482.0482048257,0.0001933182378747
-3420202.020202026,0.0001932622664
-3419921.992199226,0.0001932062006339
-3419641.964196425,0.0001931500571516
-3419361.9361936245,0.0001930938525213
-3419081.908190824,0.0001930376032987
-3418801.880188024,0.0001929813260225
-3418521.852185224,0.0001929250372087
-3418241.824182424,0.0001928687533463
-3417961.7961796233,0.0001928124908918
-3417681.768176823,0.0001927562662641
-3417401.7401740225,0.0001927000958402
-3417121.7121712225,0.0001926439959495
-3416841.684168422,0.0001925879828693
-3416561.656165622,0.0001925320728198
-3416281.6281628218,0.0001924762819593
-3416001.6001600213,0.0001924206263792
-3415721.572157221,0.0001923651220994
-3415441.5441544205,0.0001923097850632
-3415161.5161516205,0.0001922546311331
-3414881.48814882,0.0001921996760853
-3414601.46014602,0.0001921449356058
-3414321.4321432197,0.0001920904252853
-3414041.4041404193,0.0001920361606148
-3413761.376137619,0.0001919821569809
-3413481.3481348185,0.0001919284296613
-3413201.3201320185,0.0001918749938203
-3412921.2921292186,0.0001918218645046
-3412641.264126418,0.0001917690566386
-3412361.2361236177,0.0001917165850203
-3412081.2081208173,0.0001916644643166
-3411801.180118017,0.0001916127090596
-3411521.152115217,0.000191561333642
-3411241.1241124165,0.0001915103523131
-3410961.0961096166,0.0001914597791746
-3410681.068106816,0.0001914096281767
-3410401.0401040157,0.000191359913114
-3410121.0121012153,0.0001913106476216
-3409840.984098415,0.0001912618451713
-3409560.956095615,0.0001912135190674
-3409280.928092815,0.0001911656824436
-3409000.9000900146,0.0001911183482586
-3408720.872087214,0.0001910715292929
-3408440.8440844137,0.0001910252381452
-3408160.8160816133,0.0001909794872285
-3407880.7880788133,0.0001909342887672
-3407600.760076013,0.0001908896547931
-3407320.732073213,0.0001908455971427
-3407040.704070413,0.0001908021274535
-3406760.676067612,0.0001907592571608
-3406480.6480648117,0.0001907169974949
-3406200.6200620113,0.0001906753594778
-3405920.5920592113,0.0001906343539201
-3405640.564056411,0.0001905939914184
-3405360.536053611,0.0001905542823522
-3405080.5080508105,0.0001905152368814
-3404800.48004801,0.0001904768649432
-3404520.4520452097,0.0001904391762498
-3404240.4240424093,0.0001904021802856
-3403960.3960396093,0.0001903658863051
-3403680.3680368094,0.00019033030333
-3403400.340034009,0.0001902954401471
-3403120.3120312085,0.0001902613053064
-3402840.284028408,0.0001902279071181
-3402560.2560256077,0.0001901952536513
-3402280.2280228077,0.0001901633527317
-3402000.2000200073,0.0001901322119394
-3401720.1720172074,0.0001901018386073
-3401440.144014407,0.0001900722398194
-3401160.1160116065,0.0001900434224088
-3400880.088008806,0.0001900153929565
-3400600.0600060057,0.0001899881577892
-3400320.0320032057,0.0001899617229785
-3400040.004000406,0.0001899360943393
-3399759.975997606,0.0001899112774281
-3399479.947994805,0.0001898872775425
-3399199.9199920045,0.0001898640997195
-3398919.891989204,0.0001898417487345
-3398639.863986404,0.0001898202291008
-3398359.8359836037,0.0001897995450679
-3398079.807980804,0.0001897797006215
-3397799.7799780034,0.0001897606994822
-3397519.751975203,0.0001897425451053
-3397239.7239724025,0.0001897252406797
-3396959.695969602,0.0001897087891279
-3396679.667966802,0.0001896931931055
-3396399.6399640017,0.0001896784550006
-3396119.6119612018,0.0001896645769338
-3395839.5839584013,0.0001896515607583
-3395559.555955601,0.0001896394080591
-3395279.5279528005,0.0001896281201539
-3394999.49995,0.0001896176980925
-3394719.4719472,0.0001896081426573
-3394439.4439444,0.0001895994543634
-3394159.4159416,0.0001895916334593
-3393879.3879387993,0.0001895846799268
-3393599.359935999,0.0001895785934819
-3393319.3319331985,0.000189573373575
-3393039.3039303985,0.0001895690193922
-3392759.275927598,0.0001895655298553
-3392479.247924798,0.000189562903623
-3392199.2199219977,0.000189561139092
-3391919.1919191973,0.0001895602343976
-3391639.163916397,0.0001895601874147
-3391359.1359135965,0.0001895609957594
-3391079.1079107965,0.00018956265679
-3390799.079907996,0.0001895651676079
-3390519.051905196,0.0001895685250596
-3390239.0239023957,0.0001895727257378
-3389958.9958995953,0.0001895777659828
-3389678.967896795,0.0001895836418844
-3389398.939893995,0.0001895903492833
-3389118.9118911945,0.0001895978837731
-3388838.8838883946,0.0001896062407018
-3388558.855885594,0.000189615415174
-3388278.8278827937,0.0001896254020525
-3387998.7998799933,0.0001896361959606
-3387718.771877193,0.0001896477912842
-3387438.743874393,0.0001896601821737
-3387158.7158715925,0.0001896733625466
-3386878.687868793,0.0001896873260894
-3386598.659865992,0.0001897020662603
-3386318.6318631917,0.0001897175762914
-3386038.6038603913,0.0001897338491914
-3385758.575857591,0.0001897508777478
-3385478.547854791,0.0001897686545301
-3385198.519851991,0.0001897871718918
-3384918.4918491906,0.0001898064219738
-3384638.46384639,0.0001898263967066
-3384358.4358435897,0.0001898470878137
-3384078.4078407893,0.0001898684868141
-3383798.3798379893,0.0001898905850256
-3383518.351835189,0.0001899133735676
-3383238.323832389,0.0001899368433643
-3382958.2958295885,0.0001899609851478
-3382678.267826788,0.0001899857894613
-3382398.2398239877,0.0001900112466625
-3382118.2118211873,0.0001900373469266
-3381838.1838183873,0.0001900640802499
-3381558.155815587,0.0001900914364532
-3381278.127812787,0.0001901194051851
-3380998.0998099865,0.0001901479759255
-3380718.071807186,0.0001901771379892
-3380438.0438043857,0.0001902068805296
-3380158.0158015853,0.000190237192542
-3379877.9877987853,0.0001902680628678
-3379597.9597959854,0.0001902994801976
-3379317.931793185,0.0001903314330752
-3379037.9037903845,0.0001903639099017
-3378757.875787584,0.0001903968989387
-3378477.8477847837,0.0001904303883127
-3378197.8197819837,0.0001904643660187
-3377917.7917791833,0.0001904988199242
-3377637.7637763834,0.0001905337377733
-3377357.735773583,0.0001905691071903
-3377077.7077707825,0.0001906049156843
-3376797.679767982,0.0001906411506525
-3376517.6517651817,0.0001906777993851
-3376237.6237623817,0.0001907148490688
-3375957.595759582,0.0001907522867911
-3375677.567756782,0.0001907900995444
-3375397.539753981,0.0001908282742303
-3375117.5117511805,0.0001908667976637
-3374837.48374838,0.0001909056565771
-3374557.45574558,0.0001909448376245
-3374277.4277427797,0.0001909843273862
-3373997.39973998,0.0001910241123724
-3373717.3717371793,0.0001910641790279
-3373437.343734379,0.0001911045137365
-3373157.3157315785,0.0001911451028248
-3372877.287728778,0.0001911859325669
-3372597.259725978,0.0001912269891886
-3372317.2317231777,0.0001912682588716
-3372037.2037203778,0.000191309727758
-3371757.1757175773,0.0001913513819546
-3371477.147714777,0.0001913932075371
-3371197.1197119765,0.0001914351905545
-3370917.091709176,0.0001914773170335
-3370637.063706376,0.0001915195729828
-3370357.035703576,0.0001915619443973
-3370077.0077007757,0.0001916044172628
-3369796.9796979753,0.0001916469775596
-3369516.951695175,0.0001916896112678
-3369236.9236923745,0.0001917323043707
-3368956.8956895745,0.0001917750428596
-3368676.867686774,0.0001918178127379
-3368396.839683974,0.0001918606000256
-3368116.8116811737,0.0001919033907633
-3367836.7836783733,0.0001919461710165
-3367556.755675573,0.0001919889268799
-3367276.7276727725,0.0001920316444819
-3366996.6996699725,0.000192074309988
-3366716.6716671726,0.000192116909606
-3366436.643664372,0.0001921594295892
-3366156.6156615717,0.0001922018562415
-3365876.5876587713,0.0001922441759205
-3365596.559655971,0.0001922863750424
-3365316.531653171,0.0001923284400857
-3365036.5036503705,0.0001923703575954
-3364756.4756475706,0.0001924121141868
-3364476.44764477,0.0001924536965496
-3364196.4196419697,0.0001924950914521
-3363916.3916391693,0.0001925362857447
-3363636.363636369,0.0001925772663639
-3363356.335633569,0.0001926180203365
-3363076.3076307685,0.000192658534783
-3362796.279627969,0.0001926987969217
-3362516.251625168,0.0001927387940721
-3362236.2236223677,0.0001927785136591
-3361956.1956195673,0.0001928179432161
-3361676.167616767,0.0001928570703892
-3361396.139613967,0.0001928958829405
-3361116.111611167,0.0001929343687515
-3360836.0836083665,0.0001929725158271
-3360556.055605566,0.0001930103122984
-3360276.0276027657,0.0001930477464268
-3359995.9995999653,0.000193084806607
-3359715.9715971653,0.0001931214813704
-3359435.943594365,0.0001931577593881
-3359155.915591565,0.0001931936294749
-3358875.8875887645,0.0001932290805915
-3358595.859585964,0.0001932641018486
-3358315.8315831637,0.000193298682509
-3358035.8035803633,0.0001933328119916
-3357755.7755775633,0.0001933664798736
-3357475.7475747634,0.0001933996758938
-3357195.719571963,0.0001934323899555
-3356915.6915691625,0.0001934646121291
-3356635.663566362,0.000193496332655
-3356355.6355635617,0.0001935275419464
-3356075.6075607617,0.0001935582305915
-3355795.5795579613,0.0001935883893567
-3355515.551555162,0.0001936180091886
-3355235.523552361,0.0001936470812168
-3354955.4955495605,0.0001936755967561
-3354675.46754676,0.000193703547309
-3354395.4395439597,0.0001937309245678
-3354115.4115411597,0.0001937577204172
-3353835.3835383593,0.0001937839269357
-3353555.3555355594,0.0001938095363986
-3353275.327532759,0.0001938345412794
-3352995.2995299585,0.000193858934252
-3352715.271527158,0.0001938827081926
-3352435.2435243577,0.0001939058561815
-3352155.2155215577,0.0001939283715048
-3351875.187518758,0.0001939502476561
-3351595.1595159573,0.0001939714783385
-3351315.131513157,0.0001939920574656
-3351035.1035103565,0.0001940119791634
-3350755.075507556,0.0001940312377715
-3350475.047504756,0.0001940498278448
-3350195.0195019557,0.0001940677441542
-3349914.991499156,0.0001940849816886
-3349634.9634963553,0.0001941015356555
-3349354.935493555,0.0001941174014821
-3349074.9074907545,0.0001941325748167
-3348794.879487954,0.0001941470515293
-3348514.851485154,0.0001941608277127
-3348234.8234823537,0.0001941738996831
-3347954.7954795538,0.0001941862639811
-3347674.7674767533,0.0001941979173722
-3347394.739473953,0.0001942088568472
-3347114.7114711525,0.0001942190796234
-3346834.6834683525,0.0001942285831443
-3346554.655465552,0.0001942373650805
-3346274.627462752,0.0001942454233297
-3345994.5994599517,0.0001942527560172
-3345714.5714571513,0.000194259361496
-3345434.543454351,0.0001942652383467
-3345154.5154515505,0.0001942703853781
-3344874.4874487505,0.0001942748016264
-3344594.45944595,0.0001942784863557
-3344314.43144315,0.0001942814390577
-3344034.4034403497,0.0001942836594512
-3343754.3754375493,0.0001942851474822
-3343474.347434749,0.0001942859033231
-3343194.3194319485,0.0001942859273727
-3342914.2914291485,0.0001942852202552
-3342634.263426349,0.00019428378282
-3342354.235423548,0.000194281616141
-3342074.2074207477,0.0001942787215157
-3341794.1794179473,0.0001942751004645
-3341514.151415147,0.0001942707547299
-3341234.123412347,0.0001942656862756
-3340954.0954095465,0.0001942598972855
-3340674.0674067466,0.0001942533901623
-3340394.039403946,0.0001942461675271
-3340114.0114011457,0.0001942382322175
-3339833.9833983453,0.0001942295872869
-3339553.955395545,0.0001942202360028
-3339273.927392745,0.0001942101818457
-3338993.8993899445,0.0001941994285075
-3338713.871387145,0.0001941879798899
-3338433.843384344,0.0001941758401033
-3338153.8153815437,0.0001941630134645
-3337873.7873787433,0.0001941495044958
-3337593.759375943,0.0001941353179225
-3337313.731373143,0.0001941204586715
-3337033.703370343,0.0001941049318696
-3336753.6753675425,0.0001940887428411
-3336473.647364742,0.0001940718971063
-3336193.6193619417,0.000194054400379
-3335913.5913591413,0.0001940362585649
-3335633.5633563413,0.0001940174777591
-3335353.535353541,0.0001939980642441
-3335073.507350741,0.0001939780244874
-3334793.4793479405,0.0001939573651393
-3334513.45134514,0.0001939360930305
-3334233.4233423397,0.0001939142151697
-3333953.3953395393,0.0001938917387412
-3333673.3673367393,0.0001938686711022
-3333393.3393339394,0.0001938450197804
-3333113.311331139,0.0001938207924715
-3332833.2833283385,0.0001937959970364
-3332553.255325538,0.0001937706414984
-3332273.2273227377,0.0001937447340406
-3331993.1993199377,0.0001937182830031
-3331713.1713171373,0.0001936912968802
-3331433.143314338,0.0001936637843175
-3331153.115311537,0.0001936357541088
-3330873.0873087365,0.0001936072151936
-3330593.059305936,0.0001935781766534
-3330313.0313031357,0.0001935486477095
-3330033.0033003357,0.0001935186377193
-3329752.9752975353,0.0001934881561733
-3329472.9472947353,0.0001934572126922
-3329192.919291935,0.0001934258170236
-3328912.8912891345,0.0001933939790386
-3328632.863286334,0.0001933617087288
-3328352.8352835337,0.000193329016203
-3328072.8072807337,0.0001932959116838
-3327792.7792779338,0.0001932624055042
-3327512.7512751333,0.0001932285081044
-3327232.723272333,0.0001931942300283
-3326952.6952695325,0.0001931595819201
-3326672.667266732,0.000193124574521
-3326392.639263932,0.0001930892186655
-3326112.6112611317,0.0001930535252781
-3325832.583258332,0.0001930175053695
-3325552.5552555313,0.0001929811700335
-3325272.527252731,0.0001929445304432
-3324992.4992499305,0.0001929075978472
-3324712.47124713,0.0001928703835666
-3324432.44324433,0.0001928328989909
-3324152.41524153,0.0001927951555744
-3323872.3872387297,0.0001927571648331
-3323592.3592359293,0.0001927189383401
-3323312.331233129,0.0001926804877231
-3323032.3032303285,0.0001926418246598
-3322752.2752275285,0.0001926029608745
-3322472.247224728,0.0001925639081346
-3322192.219221928,0.0001925246782469
-3321912.1912191277,0.0001924852830535
-3321632.1632163273,0.0001924457344287
-3321352.135213527,0.0001924060442748
-3321072.1072107265,0.0001923662245185
-3320792.0792079265,0.0001923262871073
-3320512.051205126,0.0001922862440059
-3320232.023202326,0.0001922461071923
-3319951.9951995257,0.0001922058886538
-3319671.9671967253,0.0001921656003841
-3319391.939193925,0.0001921252543789
-3319111.9111911245,0.0001920848626324
-3318831.8831883245,0.0001920444371336
-3318551.855185525,0.0001920039898628
-3318271.827182724,0.0001919635327879
-3317991.7991799237,0.0001919230778602
-3317711.7711771233,0.0001918826370117
-3317431.743174323,0.0001918422221506
-3317151.715171523,0.0001918018451581
-3316871.6871687225,0.0001917615178847
-3316591.6591659226,0.0001917212521467
-3316311.631163122,0.0001916810597224
-3316031.6031603217,0.0001916409523488
-3315751.5751575213,0.0001916009417178
-3315471.547154721,0.000191561039473
-3315191.519151921,0.0001915212572057
-3314911.491149121,0.0001914816064521
-3314631.4631463205,0.0001914420986891
-3314351.43514352,0.0001914027453315
-3314071.4071407197,0.0001913635577282
-3313791.3791379193,0.0001913245471588
-3313511.3511351193,0.0001912857248308
-3313231.323132319,0.0001912471018754
-3312951.295129519,0.0001912086893449
-3312671.2671267185,0.0001911704982091
-3312391.239123918,0.0001911325393522
-3312111.2111211177,0.0001910948235695
-3311831.1831183173,0.0001910573615643
-3311551.1551155173,0.0001910201639446
-3311271.127112717,0.0001909832412201
-3310991.099109917,0.0001909466037994
-3310711.0711071165,0.0001909102619864
-3310431.043104316,0.0001908742259777
-3310151.0151015157,0.0001908385058597
-3309870.9870987153,0.0001908031116052
-3309590.9590959153,0.0001907680530711
-3309310.9310931154,0.0001907333399952
-3309030.903090315,0.0001906989819934
-3308750.8750875145,0.0001906649885572
-3308470.847084714,0.0001906313690506
-3308190.8190819137,0.0001905981327079
-3307910.7910791137,0.0001905652886305
-3307630.7630763133,0.000190532845785
-3307350.735073514,0.0001905008129999
-3307070.707070713,0.0001904691989637
-3306790.6790679125,0.0001904380122222
-3306510.651065112,0.0001904072611763
-3306230.6230623117,0.0001903769540793
-3305950.5950595117,0.0001903470990348
-3305670.5670567113,0.0001903177039946
-3305390.5390539113,0.0001902887767562
-3305110.511051111,0.000190260324961
-3304830.4830483105,0.0001902323560919
-3304550.45504551,0.0001902048774712
-3304270.42704271,0.0001901778962591
-3303990.3990399097,0.0001901514194511
-3303710.3710371098,0.0001901254538767
-3303430.3430343093,0.0001901000061971
-3303150.315031509,0.0001900750829038
-3302870.2870287085,0.0001900506903167
-3302590.2590259085,0.0001900268345824
-3302310.231023108,0.0001900035216725
-3302030.2030203077,0.0001899807573824
-3301750.1750175073,0.0001899585473294
-3301470.1470147073,0.0001899368969517
-3301190.119011907,0.0001899158115064
-3300910.0910091065,0.0001898952960689
-3300630.0630063065,0.0001898753555309
-3300350.035003506,0.0001898559945998
-3300070.0070007057,0.0001898372177972
-3299789.9789979057,0.0001898190294581
-3299509.9509951053,0.0001898014337293
-3299229.922992305,0.0001897844345691
-3298949.894989505,0.0001897680357461
-3298669.8669867045,0.0001897522408381
-3298389.838983904,0.0001897370532318
-3298109.8109811037,0.0001897224761216
-3297829.7829783037,0.0001897085125094
-3297549.7549755033,0.0001896951652033
-3297269.726972703,0.0001896824368179
-3296989.698969903,0.0001896703297731
-3296709.6709671025,0.000189658846294
-3296429.642964302,0.0001896479884106
-3296149.614961502,0.0001896377579571
-3295869.5869587017,0.0001896281565721
-3295589.5589559013,0.0001896191856981
-3295309.530953101,0.0001896108465817
-3295029.502950301,0.000189603140273
-3294749.4749475005,0.0001895960676261
-3294469.4469447,0.0001895896292989
-3294189.4189419,0.0001895838257533
-3293909.3909390997,0.0001895786572553
-3293629.3629362993,0.0001895741238753
-3293349.3349334993,0.0001895702254883
-3293069.306930699,0.0001895669617744
-3292789.2789278985,0.000189564332219
-3292509.250925098,0.0001895623361136
-3292229.222922298,0.0001895609725558
-3291949.1949194977,0.0001895602404504
-3291669.1669166973,0.00018956013851
-3291389.1389138973,0.0001895606652551
-3291109.110911097,0.0001895618190158
-3290829.0829082965,0.0001895635979318
-3290549.0549054965,0.0001895659999536
-3290269.026902696,0.0001895690228437
-3289988.9988998957,0.000189572664177
-3289708.9708970953,0.0001895769213425
-3289428.9428942953,0.0001895817915437
-3289148.914891495,0.0001895872718003
-3288868.8868886945,0.0001895933589493
-3288588.8588858945,0.0001896000496461
-3288308.830883094,0.0001896073403659
-3288028.8028802937,0.000189615227405
-3287748.7748774937,0.0001896237068824
-3287468.7468746933,0.0001896327747413
-3287188.718871893,0.0001896424267502
-3286908.690869093,0.000189652658505
-3286628.6628662925,0.0001896634654303
-3286348.634863492,0.0001896748427813
-3286068.6068606917,0.0001896867856452
-3285788.5788578917,0.0001896992889435
-3285508.5508550913,0.0001897123474333
-3285228.522852291,0.0001897259557093
-3284948.494849491,0.0001897401082062
-3284668.4668466905,0.0001897547991997
-3284388.43884389,0.0001897700228096
-3284108.41084109,0.0001897857730011
-3283828.3828382897,0.0001898020435872
-3283548.3548354893,0.0001898188282307
-3283268.326832689,0.0001898361204465
-3282988.298829889,0.0001898539136039
-3282708.2708270885,0.0001898722009286
-3282428.242824288,0.0001898909755054
-3282148.214821488,0.0001899102302801
-3281868.1868186877,0.0001899299580623
-3281588.1588158873,0.0001899501515275
-3281308.1308130873,0.0001899708032198
-3281028.102810287,0.0001899919055542
-3280748.0748074865,0.0001900134508194
-3280468.046804686,0.0001900354311801
-3280188.018801886,0.0001900578386798
-3279907.9907990857,0.0001900806652432
-3279627.9627962853,0.0001901039026793
-3279347.9347934853,0.0001901275426835
-3279067.906790685,0.0001901515768411
-3278787.8787878845,0.0001901759966291
-3278507.8507850845,0.0001902007934199
-3278227.822782284,0.0001902259584837
-3277947.7947794837,0.0001902514829912
-3277667.7667766833,0.0001902773580168
-3277387.7387738833,0.0001903035745414
-3277107.710771083,0.0001903301234551
-3276827.6827682825,0.0001903569955605
-3276547.6547654825,0.0001903841815753
-3276267.626762682,0.0001904116721356
-3275987.5987598817,0.0001904394577989
-3275707.5707570817,0.0001904675290467
-3275427.5427542813,0.0001904958762882
-3275147.514751481,0.0001905244898627
-3274867.486748681,0.0001905533600432
-3274587.4587458805,0.0001905824770394
-3274307.43074308,0.0001906118310004
-3274027.4027402797,0.0001906414120185
-3273747.3747374797,0.0001906712101316
-3273467.3467346793,0.0001907012153271
-3273187.318731879,0.0001907314175444
-3272907.290729079,0.0001907618066785
-3272627.2627262785,0.000190792372583
-3272347.234723478,0.0001908231050734
-3272067.206720678,0.00019085399393
-3271787.1787178777,0.0001908850289015
-3271507.1507150773,0.000190916199708
-3271227.122712277,0.0001909474960441
-3270947.094709477,0.0001909789075825
-3270667.0667066765,0.0001910104239766
-3270387.038703876,0.0001910420348644
-3270107.010701076,0.0001910737298711
-3269826.9826982757,0.0001911054986128
-3269546.9546954753,0.0001911373306994
-3269266.9266926753,0.0001911692157378
-3268986.898689875,0.0001912011433354
-3268706.8706870745,0.000191233103103
-3268426.842684274,0.0001912650846581
-3268146.814681474,0.0001912970776281
-3267866.7866786737,0.0001913290716534
-3267586.7586758733,0.0001913610563909
-3267306.7306730733,0.0001913930215164
-3267026.702670273,0.0001914249567287
-3266746.6746674725,0.0001914568517519
-3266466.6466646725,0.0001914886963392
-3266186.618661872,0.0001915204802755
-3265906.5906590717,0.0001915521933807
-3265626.5626562717,0.0001915838255128
-3265346.5346534713,0.0001916153665711
-3265066.506650671,0.0001916468064988
-3264786.4786478705,0.0001916781352865
-3264506.4506450705,0.0001917093429749
-3264226.42264227,0.0001917404196581
-3263946.3946394697,0.000191771355486
-3263666.3666366697,0.0001918021406681
-3263386.3386338693,0.0001918327654755
-3263106.310631069,0.0001918632202445
-3262826.282628269,0.0001918934953791
-3262546.2546254685,0.000191923581354
-3262266.226622668,0.0001919534687173
-3261986.1986198677,0.0001919831480936
-3261706.1706170677,0.0001920126101864
-3261426.1426142673,0.0001920418457808
-3261146.114611467,0.0001920708457468
-3260866.086608667,0.0001920996010412
-3260586.0586058665,0.0001921281027109
-3260306.030603066,0.0001921563418951
-3260026.002600266,0.0001921843098281
-3259745.9745974657,0.0001922119978418
-3259465.9465946653,0.0001922393973681
-3259185.918591865,0.0001922664999416
-3258905.890589065,0.0001922932972019
-3258625.8625862645,0.000192319780896
-3258345.834583464,0.0001923459428809
-3258065.806580664,0.0001923717751254
-3257785.7785778637,0.0001923972697133
-3257505.7505750633,0.0001924224188446
-3257225.7225722633,0.0001924472148386
-3256945.694569463,0.0001924716501355
-3256665.6665666625,0.000192495717299
-3256385.638563862,0.0001925194090181
-3256105.610561062,0.0001925427181092
-3255825.5825582617,0.000192565637518
-3255545.5545554613,0.000192588160322
-3255265.5265526613,0.0001926102797317
-3254985.498549861,0.000192631989093
-3254705.4705470605,0.000192653281889
-3254425.4425442605,0.0001926741517414
-3254145.41454146,0.0001926945924129
-3253865.3865386597,0.0001927145978083
-3253585.3585358597,0.0001927341619763
-3253305.3305330593,0.0001927532791116
-3253025.302530259,0.0001927719435557
-3252745.2745274585,0.0001927901497991
-3252465.2465246585,0.0001928078924822
-3252185.218521858,0.0001928251663972
-3251905.1905190577,0.0001928419664893
-3251625.1625162577,0.0001928582878577
-3251345.1345134573,0.0001928741257576
-3251065.106510657,0.0001928894756006
-3250785.078507857,0.0001929043329564
-3250505.0505050565,0.000192918693554
-3250225.022502256,0.0001929325532824
-3249944.9944994557,0.0001929459081916
-3249664.9664966557,0.0001929587544941
-3249384.9384938553,0.0001929710885653
-3249104.910491055,0.0001929829069446
-3248824.882488255,0.0001929942063362
-3248544.8544854545,0.0001930049836098
-3248264.826482654,0.0001930152358013
-3247984.798479854,0.0001930249601137
-3247704.7704770537,0.0001930341539173
-3247424.7424742533,0.0001930428147506
-3247144.714471453,0.0001930509403208
-3246864.686468653,0.0001930585285038
-3246584.6584658525,0.0001930655773454
-3246304.630463052,0.0001930720850607
-3246024.602460252,0.0001930780500353
-3245744.5744574517,0.0001930834708249
-3245464.5464546513,0.0001930883461557
-3245184.5184518513,0.0001930926749246
-3244904.490449051,0.0001930964561992
-3244624.4624462505,0.000193099689218
-3244344.4344434505,0.00019310237339
-3244064.40644065,0.000193104508295
-3243784.3784378497,0.0001931060936833
-3243504.3504350493,0.0001931071294757
-3243224.3224322493,0.0001931076157629
-3242944.294429449,0.0001931075528056
-3242664.2664266485,0.000193106941034
-3242384.2384238485,0.0001931057810472
-3242104.210421048,0.0001931040736134
-3241824.1824182477,0.0001931018196686
-3241544.1544154477,0.0001930990203168
-3241264.1264126473,0.0001930956768287
-3240984.098409847,0.0001930917906417
-3240704.0704070465,0.0001930873633589
-3240424.0424042465,0.0001930823967482
-3240144.014401446,0.0001930768927421
-3239863.9863986457,0.0001930708534359
-3239583.9583958457,0.000193064281088
-3239303.9303930453,0.0001930571781178
-3239023.902390245,0.0001930495471056
-3238743.874387445,0.0001930413907909
-3238463.8463846445,0.0001930327120721
-3238183.818381844,0.0001930235140044
-3237903.7903790437,0.0001930137997995
-3237623.7623762437,0.0001930035728238
-3237343.7343734433,0.0001929928365975
-3237063.706370643,0.0001929815947929
-3236783.678367843,0.0001929698512336
-3236503.6503650425,0.0001929576098924
-3236223.622362242,0.0001929448748906
-3235943.594359442,0.0001929316504959
-3235663.5663566417,0.0001929179411211
-3235383.5383538413,0.0001929037513226
-3235103.510351041,0.0001928890857988
-3234823.482348241,0.0001928739493882
-3234543.4543454405,0.0001928583470679
-3234263.42634264,0.0001928422839519
-3233983.39833984,0.0001928257652892
-3233703.3703370397,0.000192808796462
-3233423.3423342393,0.0001927913829838
-3233143.3143314393,0.0001927735304978
-3232863.286328639,0.0001927552447746
-3232583.2583258385,0.0001927365317103
-3232303.2303230385,0.0001927173973248
-3232023.202320238,0.0001926978477593
-3231743.1743174377,0.0001926778892748
-3231463.1463146373,0.0001926575282494
-3231183.1183118373,0.0001926367711765
-3230903.090309037,0.0001926156246626
-3230623.0623062365,0.000192594095425
-3230343.0343034365,0.0001925721902897
-3230063.006300636,0.0001925499161891
-3229782.9782978357,0.0001925272801595
-3229502.9502950357,0.0001925042893391
-3229222.9222922353,0.0001924809509656
-3228942.894289435,0.0001924572723735
-3228662.8662866345,0.000192433260992
-3228382.8382838345,0.0001924089243426
-3228102.810281034,0.0001923842700365
-3227822.7822782337,0.0001923593057722
-3227542.7542754337,0.0001923340393328
-3227262.7262726333,0.0001923084785839
-3226982.698269833,0.0001922826314707
-3226702.670267033,0.0001922565060155
-3226422.6422642325,0.0001922301103152
-3226142.614261432,0.0001922034525387
-3225862.5862586317,0.0001921765409242
-3225582.5582558317,0.0001921493837765
-3225302.5302530313,0.0001921219894646
-3225022.502250231,0.0001920943664187
-3224742.474247431,0.000192066523128
-3224462.4462446305,0.0001920384681372
-3224182.41824183,0.0001920102100447
-3223902.39023903,0.0001919817574993
-3223622.3622362297,0.0001919531191974
-3223342.3342334293,0.0001919243038807
-3223062.3062306293,0.0001918953203332
-3222782.278227829,0.0001918661773782
-3222502.2502250285,0.000191836883876
-3222222.222222228,0.0001918074487207
-3221942.194219428,0.0001917778808377
-3221662.1662166277,0.0001917481891806
-3221382.1382138273,0.0001917183827289
-3221102.1102110273,0.0001916884704846
-3220822.082208227,0.0001916584614697
-3220542.0542054265,0.0001916283647235
-3220262.0262026265,0.0001915981892996
-3219981.998199826,0.0001915679442631
-3219701.9701970257,0.0001915376386878
-3219421.9421942253,0.0001915072816536
-3219141.9141914253,0.0001914768822434
-3218861.886188625,0.0001914464495404
-3218581.8581858245,0.0001914159926253
-3218301.8301830245,0.0001913855205737
-3218021.802180224,0.0001913550424529
-3217741.7741774237,0.0001913245673195
-3217461.7461746237,0.0001912941042166
-3217181.7181718233,0.0001912636621706
-3216901.690169023,0.000191233250189
-3216621.6621662225,0.0001912028772573
-3216341.6341634225,0.0001911725523364
-3216061.606160622,0.0001911422843599
-3215781.5781578217,0.0001911120822312
-3215501.5501550217,0.0001910819548212
-3215221.5221522213,0.000191051910965
-3214941.494149421,0.0001910219594599
-3214661.466146621,0.0001909921090621
-3214381.4381438205,0.0001909623684847
-3214101.41014102,0.0001909327463946
-3213821.3821382197,0.00019090325141
-3213541.3541354197,0.000190873892098
-3213261.3261326193,0.0001908446769718
-3212981.298129819,0.0001908156144883
-3212701.270127019,0.0001907867130457
-3212421.2421242185,0.0001907579809806
-3212141.214121418,0.0001907294265657
-3211861.186118618,0.0001907010580077
-3211581.1581158177,0.0001906728834442
-3211301.1301130173,0.000190644910942
-3211021.1021102173,0.0001906171484942
-3210741.074107417,0.0001905896040179
-3210461.0461046165,0.0001905622853521
-3210181.018101816,0.0001905352002553
-3209900.990099016,0.0001905083564033
-3209620.9620962157,0.0001904817613865
-3209340.9340934153,0.0001904554227084
-3209060.9060906153,0.0001904293477829
-3208780.878087815,0.0001904035439323
-3208500.8500850145,0.0001903780183851
-3208220.8220822145,0.0001903527782741
-3207940.794079414,0.0001903278306341
-3207660.7660766137,0.0001903031824001
-3207380.7380738133,0.0001902788404052
-3207100.7100710133,0.0001902548113784
-3206820.682068213,0.0001902311019432
-3206540.6540654125,0.0001902077186153
-3206260.6260626125,0.0001901846678007
-3205980.598059812,0.0001901619557942
-3205700.5700570117,0.0001901395887776
-3205420.5420542117,0.0001901175728175
-3205140.5140514113,0.0001900959138642
-3204860.486048611,0.0001900746177495
-3204580.4580458105,0.0001900536901855
-3204300.4300430105,0.0001900331367627
-3204020.40204021,0.0001900129629487
-3203740.3740374097,0.0001899931740864
-3203460.3460346097,0.0001899737753929
-3203180.3180318093,0.0001899547719576
-3202900.290029009,0.0001899361687413
-3202620.262026209,0.0001899179705745
-3202340.2340234085,0.0001899001821563
-3202060.206020608,0.0001898828080532
-3201780.178017808,0.0001898658526973
-3201500.1500150077,0.0001898493203861
-3201220.1220122073,0.0001898332152804
-3200940.094009407,0.000189817541404
-3200660.066006607,0.0001898023026421
-3200380.0380038065,0.0001897875027404
-3200100.010001006,0.0001897731453045
-3199819.981998206,0.0001897592337986
-3199539.9539954057,0.0001897457715448
-3199259.9259926053,0.000189732761722
-3198979.8979898053,0.0001897202073658
-3198699.869987005,0.0001897081113669
-3198419.8419842045,0.0001896964764711
-3198139.813981404,0.0001896853052782
-3197859.785978604,0.0001896746002419
-3197579.7579758037,0.0001896643636686
-3197299.7299730033,0.0001896545977175
-3197019.7019702033,0.0001896453043997
-3196739.673967403,0.0001896364855781
-3196459.6459646025,0.0001896281429669
-3196179.6179618025,0.0001896202781313
-3195899.589959002,0.000189612892487
-3195619.5619562017,0.0001896059873006
-3195339.5339534013,0.0001895995636887
-3195059.5059506013,0.000189593622618
-3194779.477947801,0.0001895881649056
-3194499.4499450005,0.0001895831912185
-3194219.4219422005,0.0001895787020737
-3193939.3939394,0.0001895746978382
-3193659.3659365997,0.0001895711787295
-3193379.3379337997,0.0001895681448152
-3193099.3099309993,0.0001895655960134
-3192819.281928199,0.0001895635320933
-3192539.2539253985,0.0001895619526746
-3192259.2259225985,0.0001895608572289
-3191979.197919798,0.0001895602450791
-3191699.1699169977,0.0001895601154005
-3191419.1419141977,0.0001895604672211
-3191139.1139113973,0.0001895612994217
-3190859.085908597,0.0001895626107371
-3190579.057905797,0.000189564399756
-3190299.0299029965,0.0001895666649223
-3190019.001900196,0.0001895694045354
-3189738.973897396,0.000189572616751
-3189458.9458945957,0.0001895762995818
-3189178.9178917953,0.0001895804508984
-3188898.889888995,0.0001895850684303
-3188618.861886195,0.0001895901497664
-3188338.8338833945,0.0001895956923563
-3188058.805880594,0.0001896016935112
-3187778.777877794,0.0001896081504047
-3187498.7498749937,0.0001896150600742
-3187218.7218721933,0.0001896224194217
-3186938.6938693933,0.0001896302252152
-3186658.665866593,0.0001896384740897
-3186378.6378637925,0.0001896471625485
-3186098.609860992,0.0001896562869645
-3185818.581858192,0.0001896658435811
-3185538.5538553917,0.0001896758285144
-3185258.5258525913,0.0001896862377537
-3184978.4978497913,0.0001896970671634
-3184698.469846991,0.0001897083124841
-3184418.4418441905,0.0001897199693346
-3184138.4138413905,0.0001897320332128
-3183858.38583859,0.0001897444994979
-3183578.3578357897,0.0001897573634514
-3183298.3298329893,0.0001897706202189
-3183018.3018301893,0.0001897842648321
-3182738.273827389,0.0001897982922101
-3182458.2458245885,0.0001898126971611
-3182178.2178217885,0.0001898274743846
-3181898.189818988,0.0001898426184725
-3181618.1618161877,0.0001898581239115
-3181338.1338133877,0.0001898739850848
-3181058.1058105873,0.0001898901962737
-3180778.077807787,0.0001899067516599
-3180498.049804987,0.0001899236453271
-3180218.0218021865,0.0001899408712631
-3179937.993799386,0.000189958423362
-3179657.9657965857,0.0001899762954257
-3179377.9377937857,0.0001899944811663
-3179097.9097909853,0.0001900129742082
-3178817.881788185,0.00019003176809
-3178537.853785385,0.0001900508562667
-3178257.8257825845,0.0001900702321117
-3177977.797779784,0.0001900898889193
-3177697.769776984,0.0001901098199064
-3177417.7417741837,0.0001901300182151
-3177137.7137713833,0.0001901504769146
-3176857.685768583,0.0001901711890038
-3176577.657765783,0.0001901921474131
-3176297.6297629825,0.0001902133450072
-3176017.601760182,0.0001902347745868
-3175737.573757382,0.0001902564288914
-3175457.5457545817,0.0001902783006014
-3175177.5177517813,0.0001903003823404
-3174897.4897489813,0.0001903226666777
-3174617.461746181,0.0001903451461305
-3174337.4337433805,0.0001903678131664
-3174057.40574058,0.0001903906602058
-3173777.37773778,0.0001904136796242
-3173497.3497349797,0.0001904368637545
-3173217.3217321793,0.0001904602048898
-3172937.2937293793,0.0001904836952856
-3172657.265726579,0.0001905073271621
-3172377.2377237785,0.0001905310927068
-3172097.2097209785,0.0001905549840772
-3171817.181718178,0.0001905789934026
-3171537.1537153777,0.0001906031127873
-3171257.1257125773,0.0001906273343125
-3170977.0977097773,0.0001906516500391
-3170697.069706977,0.0001906760520101
-3170417.0417041765,0.000190700532253
-3170137.0137013765,0.0001907250827824
-3169856.985698576,0.0001907496956023
-3169576.9576957757,0.0001907743627087
-3169296.9296929757,0.0001907990760922
-3169016.9016901753,0.0001908238277401
-3168736.873687375,0.0001908486096394
-3168456.845684575,0.0001908734137788
-3168176.8176817745,0.0001908982321513
-3167896.789678974,0.0001909230567568
-3167616.7616761737,0.0001909478796044
-3167336.7336733737,0.0001909726927151
-3167056.7056705733,0.0001909974881239
-3166776.677667773,0.0001910222578822
-3166496.649664973,0.0001910469940609
-3166216.6216621725,0.0001910716887519
-3165936.593659372,0.0001910963340712
-3165656.565656572,0.0001911209221609
-3165376.5376537717,0.0001911454451918
-3165096.5096509713,0.0001911698953656
-3164816.481648171,0.0001911942649175
-3164536.453645371,0.0001912185461184
-3164256.4256425705,0.0001912427312771
-3163976.39763977,0.0001912668127429
-3163696.36963697,0.0001912907829077
-3163416.3416341697,0.0001913146342084
-3163136.3136313693,0.0001913383591291
-3162856.2856285693,0.0001913619502033
-3162576.257625769,0.0001913854000164
-3162296.2296229685,0.0001914087012074
-3162016.201620168,0.0001914318464718
-3161736.173617368,0.0001914548285631
-3161456.1456145677,0.0001914776402953
-3161176.1176117673,0.0001915002745452
-3160896.0896089673,0.0001915227242541
-3160616.061606167,0.00019154498243
-3160336.0336033665,0.0001915670421499
-3160056.0056005665,0.0001915888965617
-3159775.977597766,0.0001916105388861
-3159495.9495949657,0.0001916319624187
-3159215.9215921657,0.0001916531605321
-3158935.8935893653,0.0001916741266775
-3158655.865586565,0.0001916948543868
-3158375.8375837645,0.0001917153372749
-3158095.8095809645,0.0001917355690405
-3157815.781578164,0.0001917555434692
-3157535.7535753637,0.0001917752544342
-3157255.7255725637,0.0001917946958989
-3156975.6975697633,0.0001918138619181
-3156695.669566963,0.0001918327466399
-3156415.641564163,0.0001918513443075
-3156135.6135613625,0.0001918696492605
-3155855.585558562,0.000191887655937
-3155575.5575557617,0.0001919053588748
-3155295.5295529617,0.000191922752713
-3155015.5015501613,0.0001919398321937
-3154735.473547361,0.0001919565921634
-3154455.445544561,0.0001919730275742
-3154175.4175417605,0.0001919891334856
-3153895.38953896,0.0001920049050658
-3153615.36153616,0.0001920203375927
-3153335.3335333597,0.0001920354264557
-3153055.3055305593,0.0001920501671567
-3152775.277527759,0.0001920645553112
-3152495.249524959,0.0001920785866498
-3152215.2215221585,0.0001920922570193
-3151935.193519358,0.0001921055623836
-3151655.165516558,0.000192118498825
-3151375.1375137577,0.0001921310625454
-3151095.1095109573,0.0001921432498668
-3150815.0815081573,0.0001921550572327
-3150535.053505357,0.0001921664812089
-3150255.0255025565,0.0001921775184846
-3149974.997499756,0.0001921881658728
-3149694.969496956,0.0001921984203114
-3149414.9414941557,0.0001922082788642
-3149134.9134913553,0.0001922177387212
-3148854.8854885553,0.0001922267971995
-3148574.857485755,0.0001922354517441
-3148294.8294829545,0.0001922436999281
-3148014.8014801545,0.000192251539454
-3147734.773477354,0.0001922589681533
-3147454.7454745537,0.0001922659839877
-3147174.7174717537,0.0001922725850495
-3146894.6894689533,0.0001922787695615
-3146614.661466153,0.000192284535878
-3146334.6334633525,0.0001922898824849
-3146054.6054605525,0.0001922948079997
-3145774.577457752,0.0001922993111721
-3145494.5494549517,0.0001923033908843
-3145214.5214521517,0.0001923070461508
-3144934.4934493513,0.0001923102761187
-3144654.465446551,0.000192313080068
-3144374.437443751,0.0001923154574111
-3144094.4094409505,0.0001923174076935
-3143814.38143815,0.0001923189305933
-3143534.3534353497,0.0001923200259211
-3143254.3254325497,0.0001923206936202
-3142974.2974297493,0.0001923209337662
-3142694.269426949,0.0001923207465669
-3142414.241424149,0.000192320132362
-3142134.2134213485,0.0001923190916229
-3141854.185418548,0.0001923176249522
-3141574.157415748,0.0001923157330836
-3141294.1294129477,0.0001923134168814
-3141014.1014101473,0.0001923106773398
-3140734.073407347,0.000192307515583
-3140454.045404547,0.0001923039328642
-3140174.0174017465,0.0001922999305649
-3139893.989398946,0.0001922955101951
-3139613.961396146,0.0001922906733918
-3139333.9333933457,0.0001922854219188
-3139053.9053905453,0.0001922797576658
-3138773.8773877453,0.0001922736826478
-3138493.849384945,0.0001922671990042
-3138213.8213821445,0.0001922603089981
-3137933.7933793445,0.0001922530150152
-3137653.765376544,0.0001922453195631
-3137373.7373737437,0.0001922372252705
-3137093.7093709433,0.0001922287348859
-3136813.6813681433,0.0001922198512766
-3136533.653365343,0.0001922105774282
-3136253.6253625425,0.0001922009164428
-3135973.5973597425,0.0001921908715384
-3135693.569356942,0.0001921804460475
-3135413.5413541417,0.000192169643416
-3135133.5133513417,0.0001921584672021
-3134853.4853485413,0.0001921469210749
-3134573.457345741,0.000192135008813
-3134293.4293429404,0.0001921227343037
-3134013.4013401405,0.0001921101015411
-3133733.37333734,0.000192097114625
-3133453.3453345397,0.0001920837777594
-3133173.3173317397,0.0001920700952513
-3132893.2893289393,0.0001920560715088
-3132613.261326139,0.00019204171104
-3132333.233323339,0.0001920270184515
-3132053.2053205385,0.0001920119984464
-3131773.177317738,0.0001919966558232
-3131493.1493149376,0.0001919809954741
-3131213.1213121377,0.000191965022383
-3130933.0933093373,0.0001919487416244
-3130653.065306537,0.0001919321583614
-3130373.037303737,0.0001919152778439
-3130093.0093009365,0.0001918981054072
-3129812.981298136,0.0001918806464698
-3129532.953295336,0.0001918629065322
-3129252.9252925357,0.0001918448911746
-3128972.8972897353,0.0001918266060551
-3128692.869286935,0.0001918080569084
-3128412.841284135,0.000191789249543
-3128132.8132813345,0.0001917701898404
-3127852.785278534,0.0001917508837523
-3127572.757275734,0.000191731337299
-3127292.7292729337,0.0001917115565677
-3127012.7012701333,0.00019169154771
-3126732.6732673333,0.0001916713169406
-3126452.645264533,0.0001916508705346
-3126172.6172617325,0.000191630214826
-3125892.5892589325,0.0001916093562053
-3125612.561256132,0.0001915883011178
-3125332.5332533317,0.0001915670560614
-3125052.5052505312,0.0001915456275844
-3124772.4772477313,0.0001915240222835
-3124492.449244931,0.000191502246802
-3124212.4212421305,0.000191480307827
-3123932.3932393305,0.0001914582120881
-3123652.36523653,0.0001914359663546
-3123372.3372337297,0.0001914135774338
-3123092.3092309297,0.0001913910521685
-3122812.2812281293,0.0001913683974352
-3122532.253225329,0.0001913456201418
-3122252.2252225284,0.0001913227272252
-3121972.1972197285,0.0001912997256495
-3121692.169216928,0.0001912766224035
-3121412.1412141277,0.0001912534244987
-3121132.1132113277,0.0001912301389671
-3120852.0852085273,0.0001912067728589
-3120572.057205727,0.0001911833332404
-3120292.029202927,0.0001911598271917
-3120012.0012001265,0.0001911362618048
-3119731.973197326,0.0001911126441808
-3119451.9451945256,0.0001910889814284
-3119171.9171917257,0.0001910652806611
-3118891.8891889253,0.0001910415489953
-3118611.861186125,0.0001910177935483
-3118331.833183325,0.0001909940214356
-3118051.8051805245,0.000190970239769
-3117771.777177724,0.0001909464556545
-3117491.749174924,0.00019092267619
-3117211.7211721237,0.0001908989084629
-3116931.6931693233,0.0001908751595485
-3116651.6651665233,0.0001908514365073
-3116371.637163723,0.0001908277463828
-3116091.6091609225,0.0001908040962001
-3115811.581158122,0.0001907804929627
-3115531.553155322,0.0001907569436512
-3115251.5251525217,0.0001907334552208
-3114971.4971497213,0.0001907100345993
-3114691.4691469213,0.0001906866886849
-3114411.441144121,0.0001906634243442
-3114131.4131413205,0.0001906402484101
-3113851.3851385205,0.0001906171676797
-3113571.35713572,0.0001905941889123
-3113291.3291329197,0.0001905713188275
-3113011.3011301192,0.0001905485641027
-3112731.2731273193,0.0001905259313716
-3112451.245124519,0.000190503427222
-3112171.2171217185,0.000190481058194
-3111891.1891189185,0.0001904588307777
-3111611.161116118,0.0001904367514115
-3111331.1331133177,0.0001904148264801
-3111051.1051105177,0.0001903930623128
-3110771.0771077173,0.0001903714651813
-3110491.049104917,0.000190350041298
-3110211.0211021164,0.0001903287968143
-3109930.9930993165,0.0001903077378185
-3109650.965096516,0.0001902868703342
-3109370.9370937156,0.0001902662003184
-3109090.9090909157,0.0001902457336598
-3108810.8810881153,0.0001902254761773
-3108530.853085315,0.0001902054336177
-3108250.825082515,0.0001901856116547
-3107970.7970797145,0.0001901660158867
-3107690.769076914,0.0001901466518357
-3107410.7410741136,0.0001901275249451
-3107130.7130713137,0.0001901086405786
-3106850.6850685133,0.0001900900040184
-3106570.657065713,0.0001900716204638
-3106290.629062913,0.0001900534950294
-3106010.6010601125,0.0001900356327443
-3105730.573057312,0.0001900180385497
-3105450.545054512,0.0001900007172985
-3105170.5170517117,0.0001899836737532
-3104890.4890489113,0.0001899669125847
-3104610.4610461113,0.0001899504383711
-3104330.433043311,0.0001899342555966
-3104050.4050405105,0.0001899183686496
-3103770.37703771,0.000189902781822
-3103490.34903491,0.0001898874993081
-3103210.3210321097,0.0001898725252027
-3102930.2930293093,0.0001898578635009
-3102650.2650265093,0.0001898435180962
-3102370.237023709,0.0001898294927801
-3102090.2090209085,0.0001898157912404
-3101810.1810181085,0.0001898024170606
-3101530.153015308,0.0001897893737191
-3101250.1250125077,0.0001897766645876
-3100970.0970097072,0.0001897642929308
-3100690.0690069073,0.0001897522619054
-3100410.041004107,0.0001897405745591
-3100130.0130013064,0.0001897292338298
-3099849.9849985065,0.000189718242545
-3099569.956995706,0.000189707603421
-3099289.9289929057,0.0001896973190621
-3099009.9009901057,0.0001896873919601
-3098729.8729873053,0.0001896778244935
-3098449.844984505,0.0001896686189271
-3098169.8169817044,0.0001896597774113
-3097889.7889789045,0.0001896513019816
-3097609.760976104,0.0001896431945581
-3097329.7329733036,0.0001896354569451
-3097049.7049705037,0.0001896280908309
-3096769.6769677033,0.0001896210977868
-3096489.648964903,0.0001896144792676
-3096209.620962103,0.0001896082366104
-3095929.5929593025,0.0001896023710351
-3095649.564956502,0.0001895968836439
-3095369.5369537016,0.0001895917754208
-3095089.5089509017,0.0001895870472321
-3094809.4809481013,0.0001895826998254
-3094529.452945301,0.0001895787338304
-3094249.424942501,0.0001895751497584
-3093969.3969397005,0.0001895719480023
-3093689.3689369,0.0001895691288365
-3093409.3409341,0.0001895666924175
-3093129.3129312997,0.0001895646387834
-3092849.2849284993,0.0001895629678542
-3092569.2569256993,0.0001895616794324
-3092289.228922899,0.0001895607732025
-3092009.2009200985,0.0001895602487318
-3091729.172917298,0.0001895601054703
-3091449.144914498,0.0001895603427513
-3091169.1169116977,0.0001895609597918
-3090889.0889088972,0.0001895619556923
-3090609.0609060973,0.0001895633294382
-3090329.032903297,0.0001895650798992
-3090049.0049004965,0.0001895672058307
-3089768.9768976965,0.0001895697058735
-3089488.948894896,0.0001895725785553
-3089208.9208920957,0.0001895758222902
-3088928.8928892952,0.0001895794353805
-3088648.8648864953,0.0001895834160162
-3088368.836883695,0.0001895877622768
-3088088.8088808944,0.000189592472131
-3087808.7808780945,0.0001895975434383
-3087528.752875294,0.0001896029739494
-3087248.7248724937,0.000189608761307
-3086968.6968696937,0.0001896149030466
-3086688.6688668933,0.0001896213965979
-3086408.640864093,0.0001896282392852
-3086128.6128612924,0.0001896354283282
-3085848.5848584925,0.0001896429608438
-3085568.556855692,0.0001896508338464
-3085288.5288528916,0.000189659044249
-3085008.5008500917,0.0001896675888647
-3084728.4728472913,0.0001896764644073
-3084448.444844491,0.000189685667493
-3084168.416841691,0.0001896951946409
-3083888.3888388905,0.0001897050422747
-3083608.36083609,0.0001897152067239
-3083328.33283329,0.0001897256842246
-3083048.3048304897,0.0001897364709213
-3082768.2768276893,0.000189747562868
-3082488.248824889,0.0001897589560292
-3082208.220822089,0.000189770646282
-3081928.1928192885,0.0001897826294168
-3081648.164816488,0.000189794901139
-3081368.136813688,0.0001898074570703
-3081088.1088108877,0.0001898202927503
-3080808.0808080873,0.000189833403638
-3080528.0528052873,0.000189846785113
-3080248.024802487,0.0001898604324774
-3079967.9967996865,0.0001898743409572
-3079687.968796886,0.0001898885057036
-3079407.940794086,0.000189902921795
-3079127.9127912857,0.0001899175842385
-3078847.8847884852,0.0001899324879713
-3078567.8567856853,0.0001899476278625
-3078287.828782885,0.000189962998715
-3078007.8007800844,0.0001899785952668
-3077727.7727772845,0.0001899944121927
-3077447.744774484,0.0001900104441065
-3077167.7167716837,0.0001900266855622
-3076887.6887688832,0.0001900431310559
-3076607.6607660833,0.0001900597750279
-3076327.632763283,0.0001900766118641
-3076047.6047604824,0.0001900936358977
-3075767.5767576825,0.0001901108414115
-3075487.548754882,0.0001901282226395
-3075207.5207520816,0.0001901457737683
-3074927.4927492817,0.0001901634889397
-3074647.4647464813,0.0001901813622522
-3074367.436743681,0.0001901993877626
-3074087.4087408804,0.0001902175594884
-3073807.3807380805,0.0001902358714094
-3073527.35273528,0.0001902543174695
-3073247.3247324796,0.000190272891579
-3072967.2967296797,0.0001902915876162
-3072687.2687268793,0.0001903103994293
-3072407.240724079,0.0001903293208386
-3072127.212721279,0.0001903483456382
-3071847.1847184785,0.000190367467598
-3071567.156715678,0.0001903866804658
-3071287.128712878,0.000190405977969
-3071007.1007100777,0.0001904253538168
-3070727.0727072773,0.000190444801702
-3070447.044704477,0.000190464315303
-3070167.016701677,0.0001904838882859
-3069886.9886988765,0.0001905035143063
-3069606.960696076,0.0001905231870112
-3069326.932693276,0.0001905429000413
-3069046.9046904757,0.0001905626470327
-3068766.8766876752,0.0001905824216188
-3068486.8486848753,0.0001906022174327
-3068206.820682075,0.0001906220281085
-3067926.7926792745,0.000190641847284
-3067646.764676474,0.0001906616686019
-3067366.736673674,0.0001906814857125
-3067086.7086708737,0.000190701292275
-3066806.6806680732,0.00019072108196
-3066526.6526652733,0.0001907408484509
-3066246.624662473,0.0001907605854463
-3065966.5966596724,0.0001907802866616
-3065686.5686568725,0.0001907999458313
-3065406.540654072,0.0001908195567103
-3065126.5126512717,0.0001908391130764
-3064846.484648471,0.000190858608732
-3064566.4566456713,0.0001908780375056
-3064286.428642871,0.0001908973932544
-3064006.4006400704,0.0001909166698655
-3063726.3726372705,0.0001909358612582
-3063446.34463447,0.0001909549613854
-3063166.3166316696,0.000190973964236
-3062886.2886288697,0.0001909928638361
-3062606.2606260693,0.0001910116542513
-3062326.232623269,0.0001910303295881
-3062046.204620469,0.0001910488839959
-3061766.1766176685,0.0001910673116687
-3061486.148614868,0.0001910856068468
-3061206.1206120676,0.0001911037638186
-3060926.0926092677,0.0001911217769222
-3060646.0646064673,0.0001911396405471
-3060366.036603667,0.000191157349136
-3060086.008600867,0.0001911748971863
-3059805.9805980665,0.0001911922792518
-3059525.952595266,0.0001912094899443
-3059245.924592466,0.000191226523935
-3058965.8965896657,0.0001912433759567
-3058685.8685868653,0.0001912600408046
-3058405.840584065,0.000191276513338
-3058125.812581265,0.0001912927884824
-3057845.7845784645,0.0001913088612302
-3057565.756575664,0.0001913247266426
-3057285.728572864,0.0001913403798509
-3057005.7005700637,0.000191355816058
-3056725.6725672632,0.0001913710305398
-3056445.6445644633,0.0001913860186464
-3056165.616561663,0.0001914007758038
-3055885.5885588625,0.0001914152975147
-3055605.560556062,0.0001914295793603
-3055325.532553262,0.0001914436170013
-3055045.5045504617,0.0001914574061791
-3054765.4765476612,0.0001914709427172
-3054485.4485448613,0.0001914842225224
-3054205.420542061,0.0001914972415857
-3053925.3925392604,0.0001915099959837
-3053645.3645364605,0.0001915224818795
-3053365.33653366,0.0001915346955241
-3053085.3085308596,0.0001915466332571
-3052805.280528059,0.0001915582915078
-3052525.2525252593,0.0001915696667965
-3052245.224522459,0.0001915807557349
-3051965.1965196584,0.0001915915550277
-3051685.1685168585,0.000191602061473
-3051405.140514058,0.0001916122719632
-3051125.1125112576,0.0001916221834864
-3050845.0845084577,0.0001916317931263
-3050565.0565056573,0.0001916410980639
-3050285.028502857,0.0001916500955777
-3050005.000500057,0.0001916587830444
-3049724.9724972565,0.0001916671579401
-3049444.944494456,0.0001916752178404
-3049164.9164916556,0.0001916829604213
-3048884.8884888557,0.0001916903834597
-3048604.8604860553,0.0001916974848341
-3048324.832483255,0.000191704262525
-3048044.804480455,0.0001917107146155
-3047764.7764776545,0.0001917168392915
-3047484.748474854,0.0001917226348428
-3047204.720472054,0.0001917280996626
-3046924.6924692537,0.0001917332322486
-3046644.6644664533,0.0001917380312031
-3046364.636463653,0.000191742495233
-3046084.608460853,0.0001917466231507
-3045804.5804580525,0.0001917504138738
-3045524.552455252,0.0001917538664255
-3045244.524452452,0.0001917569799349
-3044964.4964496517,0.0001917597536369
-3044684.4684468512,0.0001917621868725
-3044404.4404440513,0.0001917642790889
-3044124.412441251,0.0001917660298393
-3043844.3844384504,0.0001917674387831
-3043564.35643565,0.000191768505686
-3043284.32843285,0.0001917692304196
-3043004.3004300497,0.0001917696129617
-3042724.2724272492,0.0001917696533958
-3042444.2444244493,0.0001917693519113
-3042164.216421649,0.0001917687088031
-3041884.1884188484,0.0001917677244714
-3041604.1604160485,0.0001917663994216
-3041324.132413248,0.0001917647342639
-3041044.1044104476,0.0001917627297129
-3040764.0764076477,0.0001917603865874
-3040484.0484048473,0.0001917577058101
-3040204.020402047,0.0001917546884069
-3039923.9923992464,0.0001917513355069
-3039643.9643964465,0.0001917476483413
-3039363.936393646,0.0001917436282436
-3039083.9083908456,0.0001917392766486
-3038803.8803880457,0.0001917345950919
-3038523.8523852453,0.0001917295852096
-3038243.824382445,0.0001917242487373
-3037963.796379645,0.0001917185875096
-3037683.7683768445,0.0001917126034596
-3037403.740374044,0.0001917062986178
-3037123.7123712436,0.0001916996751116
-3036843.6843684437,0.0001916927351647
-3036563.6563656433,0.0001916854810959
-3036283.628362843,0.0001916779153186
-3036003.600360043,0.0001916700403397
-3035723.5723572425,0.000191661858759
-3035443.544354442,0.000191653373268
-3035163.516351642,0.0001916445866492
-3034883.4883488417,0.0001916355017748
-3034603.4603460412,0.0001916261216062
-3034323.432343241,0.0001916164491926
-3034043.404340441,0.0001916064876701
-3033763.3763376405,0.0001915962402605
-3033483.34833484,0.0001915857102705
-3033203.32033204,0.0001915749010902
-3032923.2923292397,0.0001915638161922
-3032643.2643264392,0.0001915524591305
-3032363.2363236393,0.000191540833539
-3032083.208320839,0.0001915289431307
-3031803.1803180384,0.0001915167916959
-3031523.152315238,0.0001915043831016
-3031243.124312438,0.0001914917212897
-3030963.0963096377,0.000191478810276
-3030683.068306837,0.0001914656541486
-3030403.0403040373,0.0001914522570669
-3030123.012301237,0.0001914386232601
-3029842.9842984364,0.0001914247570254
-3029562.9562956365,0.0001914106627273
-3029282.928292836,0.0001913963447957
-3029002.9002900356,0.0001913818077247
-3028722.8722872357,0.0001913670560709
-3028442.8442844353,0.000191352094452
-3028162.816281635,0.0001913369275456
-3027882.7882788344,0.0001913215600873
-3027602.7602760345,0.0001913059968692
-3027322.732273234,0.0001912902427385
-3027042.7042704336,0.0001912743025962
-3026762.6762676337,0.000191258181395
-3026482.6482648333,0.0001912418841377
-3026202.620262033,0.0001912254158764
-3025922.592259233,0.0001912087817099
-3025642.5642564325,0.0001911919867826
-3025362.536253632,0.0001911750362829
-3025082.5082508316,0.0001911579354412
-3024802.4802480317,0.0001911406895286
-3024522.4522452313,0.000191123303855
-3024242.424242431,0.0001911057837675
-3023962.396239631,0.0001910881346488
-3023682.3682368305,0.0001910703619151
-3023402.34023403,0.000191052471015
-3023122.31223123,0.0001910344674274
-3022842.2842284297,0.0001910163566596
-3022562.2562256292,0.0001909981442461
-3022282.228222829,0.0001909798357465
-3022002.200220029,0.0001909614367437
-3021722.1722172284,0.0001909429528423
-3021442.144214428,0.000190924389667
-3021162.116211628,0.0001909057528604
-3020882.0882088277,0.0001908870480817
-3020602.0602060272,0.0001908682810046
-3020322.0322032273,0.0001908494573157
-3020042.004200427,0.0001908305827128
-3019761.9761976264,0.0001908116629029
-3019481.9481948265,0.0001907927036005
-3019201.920192026,0.0001907737105261
-3018921.8921892256,0.000190754689404
-3018641.864186425,0.0001907356459608
-3018361.8361836253,0.0001907165859236
-3018081.808180825,0.0001906975150181
-3017801.7801780244,0.0001906784389672
-3017521.7521752245,0.0001906593634886
-3017241.724172424,0.0001906402942937
-3016961.6961696236,0.0001906212370854
-3016681.6681668237,0.0001906021975565
-3016401.6401640233,0.0001905831813882
-3016121.612161223,0.0001905641942477
-3015841.5841584224,0.0001905452417873
-3015561.5561556225,0.0001905263296421
-3015281.528152822,0.0001905074634283
-3015001.5001500216,0.0001904886487418
-3014721.4721472217,0.0001904698911564
-3014441.4441444213,0.0001904511962219
-3014161.416141621,0.0001904325694625
-3013881.388138821,0.0001904140163753
-3013601.3601360205,0.0001903955424284
-3013321.33213322,0.0001903771530594
-3013041.3041304196,0.0001903588536738
-3012761.2761276197,0.0001903406496432
-3012481.2481248192,0.0001903225463036
-3012201.220122019,0.0001903045489543
-3011921.192119219,0.0001902866628556
-3011641.1641164185,0.0001902688932278
-3011361.136113618,0.0001902512452494
-3011081.108110818,0.0001902337240555
-3010801.0801080177,0.0001902163347363
-3010521.0521052172,0.0001901990823357
-3010241.024102417,0.0001901819718497
-3009960.996099617,0.0001901650082249
-3009680.9680968164,0.000190148196357
-3009400.940094016,0.0001901315410895
-3009120.912091216,0.000190115047212
-3008840.8840884157,0.0001900987194591
-3008560.856085615,0.0001900825625088
-3008280.8280828153,0.000190066580981
-3008000.800080015,0.0001900507794367
-3007720.7720772144,0.0001900351623759
-3007440.7440744145,0.0001900197342367
-3007160.716071614,0.0001900044993941
-3006880.6880688136,0.0001899894621585
-3006600.660066013,0.0001899746267745
-3006320.6320632133,0.0001899599974196
-3006040.604060413,0.0001899455782033
-3005760.5760576124,0.0001899313731653
-3005480.5480548125,0.000189917386275
-3005200.520052012,0.00018990362143
-3004920.4920492116,0.0001898900824551
-3004640.4640464117,0.0001898767731009
-3004360.4360436113,0.0001898636970431
-3004080.408040811,0.0001898508578815
-3003800.3800380104,0.0001898382591386
-3003520.3520352105,0.0001898259042587
-3003240.32403241,0.0001898137966072
-3002960.2960296096,0.0001898019394694
-3002680.2680268097,0.0001897903360497
-3002400.2400240093,0.0001897789894706
-3002120.212021209,0.0001897679027719
-3001840.184018409,0.0001897570789097
-3001560.1560156085,0.0001897465207559
-3001280.128012808,0.0001897362310972
-3001000.1000100076,0.0001897262126343
-3000720.0720072077,0.0001897164679811
-3000440.0440044072,0.0001897069996644
-3000160.016001607,0.0001896978101227
-2999879.987998807,0.0001896889017059
-2999599.9599960065,0.0001896802766745
-2999319.931993206,0.0001896719371991
-2999039.903990406,0.0001896638853597
-2998759.8759876057,0.0001896561231453
-2998479.8479848052,0.0001896486524534
-2998199.8199820053,0.0001896414750894
-2997919.791979205,0.0001896345927662
-2997639.7639764044,0.0001896280071037
-2997359.735973604,0.0001896217196286
-2997079.707970804,0.000189615731774
-2996799.6799680036,0.0001896100448787
-2996519.651965203,0.0001896046601873
-2996239.6239624033,0.00018959957885
-2995959.595959603,0.0001895948019218
-2995679.5679568024,0.0001895903303628
-2995399.5399540025,0.0001895861650378
-2995119.511951202,0.0001895823067163
-2994839.4839484016,0.0001895787560721
-2994559.455945601,0.0001895755136832
-2994279.4279428013,0.0001895725800323
-2993999.399940001,0.000189569955506
-2993719.3719372004,0.0001895676403951
-2993439.3439344005,0.0001895656348948
-2993159.3159316,0.0001895639391045
-2992879.2879287996,0.000189562553028
-2992599.2599259997,0.0001895614765736
-2992319.2319231993,0.000189560709554
-2992039.203920399,0.000189560251687
-2991759.1759175984,0.0001895601025949
-2991479.1479147985,0.0001895602618057
-2991199.119911998,0.0001895607287524
-2990919.0919091976,0.0001895615027739
-2990639.0639063977,0.0001895625831153
-2990359.0359035973,0.0001895639689276
-2990079.007900797,0.000189565659269
-2989798.979897997,0.0001895676531046
-2989518.9518951965,0.0001895699493069
-2989238.923892396,0.0001895725466567
-2988958.8958895956,0.0001895754438432
-2988678.8678867957,0.0001895786394643
-2988398.8398839952,0.0001895821320278
-2988118.811881195,0.0001895859199513
-2987838.783878395,0.0001895900015633
-2987558.7558755944,0.0001895943751033
-2987278.727872794,0.000189599038723
-2986998.699869994,0.0001896039904864
-2986718.6718671937,0.0001896092283711
-2986438.6438643932,0.0001896147502685
-2986158.6158615933,0.0001896205539848
-2985878.587858793,0.0001896266372416
-2985598.5598559924,0.0001896329976772
-2985318.531853192,0.0001896396328465
-2985038.503850392,0.0001896465402229
-2984758.4758475916,0.0001896537171984
-2984478.447844791,0.0001896611610847
-2984198.4198419913,0.0001896688691143
-2983918.391839191,0.0001896768384413
-2983638.3638363904,0.0001896850661423
-2983358.3358335905,0.0001896935492176
-2983078.30783079,0.0001897022845919
-2982798.2798279896,0.0001897112691158
-2982518.251825189,0.0001897204995662
-2982238.2238223893,0.000189729972648
-2981958.195819589,0.0001897396849949
-2981678.1678167884,0.0001897496331704
-2981398.1398139885,0.0001897598136693
-2981118.111811188,0.0001897702229186
-2980838.0838083876,0.0001897808572786
-2980558.0558055877,0.0001897917130443
-2980278.0278027873,0.0001898027864467
-2979997.999799987,0.0001898140736536
-2979717.9717971864,0.0001898255707713
-2979437.9437943865,0.0001898372738458
-2979157.915791586,0.0001898491788636
-2978877.8877887856,0.0001898612817539
-2978597.8597859857,0.0001898735783889
-2978317.8317831852,0.0001898860645861
-2978037.803780385,0.0001898987361089
-2977757.775777585,0.0001899115886683
-2977477.7477747845,0.0001899246179244
-2977197.719771984,0.0001899378194874
-2976917.691769184,0.0001899511889196
-2976637.6637663837,0.000189964721736
-2976357.6357635832,0.0001899784134067
-2976077.607760783,0.0001899922593575
-2975797.579757983,0.0001900062549718
-2975517.5517551824,0.0001900203955922
-2975237.523752382,0.0001900346765215
-2974957.495749582,0.0001900490930245
-2974677.4677467817,0.0001900636403296
-2974397.439743981,0.0001900783136301
-2974117.4117411813,0.0001900931080858
-2973837.383738381,0.0001901080188245
-2973557.3557355804,0.0001901230409437
-2973277.32773278,0.0001901381695119
-2972997.29972998,0.0001901533995703
-2972717.2717271796,0.0001901687261343
-2972437.243724379,0.0001901841441952
-2972157.2157215793,0.0001901996487214
-2971877.187718779,0.0001902152346607
-2971597.1597159784,0.000190230896941
-2971317.1317131785,0.0001902466304726
-2971037.103710378,0.0001902624301493
-2970757.0757075776,0.0001902782908503
-2970477.047704777,0.0001902942074418
-2970197.0197019773,0.0001903101747783
-2969916.991699177,0.0001903261877044
-2969636.9636963764,0.0001903422410567
-2969356.9356935765,0.0001903583296648
-2969076.907690776,0.0001903744483532
-2968796.8796879756,0.000190390591943
-2968516.8516851757,0.0001904067552536
-2968236.8236823753,0.0001904229331036
-2967956.795679575,0.0001904391203135
-2967676.7676767744,0.0001904553117063
-2967396.7396739745,0.0001904715021096
-2967116.711671174,0.0001904876863571
-2966836.6836683736,0.0001905038592903
-2966556.6556655737,0.0001905200157598
-2966276.6276627732,0.0001905361506272
-2965996.599659973,0.0001905522587662
-2965716.571657173,0.0001905683350649
-2965436.5436543724,0.0001905843744267
-2965156.515651572,0.0001906003717721
-2964876.487648772,0.0001906163220404
-2964596.4596459717,0.0001906322201909
-2964316.4316431712,0.0001906480612047
-2964036.403640371,0.0001906638400864
-2963756.375637571,0.0001906795518649
-2963476.3476347704,0.0001906951915958
-2963196.31963197,0.0001907107543621
-2962916.29162917,0.0001907262352765
-2962636.2636263696,0.000190741629482
-2962356.235623569,0.0001907569321541
-2962076.2076207693,0.0001907721385019
-2961796.179617969,0.0001907872437694
-2961516.1516151684,0.0001908022432374
-2961236.123612368,0.0001908171322245
-2960956.095609568,0.0001908319060887
-2960676.0676067676,0.0001908465602287
-2960396.039603967,0.0001908610900853
-2960116.0116011673,0.0001908754911429
-2959835.983598367,0.0001908897589305
-2959555.9555955664,0.0001909038890235
-2959275.9275927665,0.0001909178770446
-2958995.899589966,0.0001909317186653
-2958715.8715871656,0.0001909454096072
-2958435.843584365,0.0001909589456432
-2958155.8155815653,0.0001909723225988
-2957875.787578765,0.0001909855363532
-2957595.7595759644,0.0001909985828407
-2957315.7315731645,0.0001910114580518
-2957035.703570364,0.0001910241580343
-2956755.6755675636,0.0001910366788947
-2956475.6475647637,0.000191049016799
-2956195.6195619632,0.0001910611679741
-2955915.591559163,0.0001910731287088
-2955635.563556363,0.0001910848953548
-2955355.5355535625,0.000191096464328
-2955075.507550762,0.0001911078321092
-2954795.4795479616,0.0001911189952454
-2954515.4515451617,0.0001911299503505
-2954235.4235423612,0.0001911406941067
-2953955.395539561,0.0001911512232651
-2953675.367536761,0.0001911615346467
-2953395.3395339604,0.0001911716251434
-2953115.31153116,0.0001911814917187
-2952835.28352836,0.0001911911314088
-2952555.2555255597,0.0001912005413233
-2952275.227522759,0.000191209718646
-2951995.199519959,0.0001912186606358
-2951715.171517159,0.0001912273646272
-2951435.1435143584,0.0001912358280314
-2951155.115511558,0.0001912440483369
-2950875.087508758,0.0001912520231098
-2950595.0595059576,0.0001912597499952
-2950315.031503157,0.0001912672267173
-2950035.0035003573,0.00019127445108
-2949754.975497557,0.0001912814209678
-2949474.9474947564,0.0001912881343463
-2949194.919491956,0.0001912945892626
-2948914.891489156,0.0001913007838457
-2948634.8634863556,0.0001913067163073
-2948354.835483555,0.0001913123849424
-2948074.8074807553,0.0001913177881289
-2947794.779477955,0.000191322924329
-2947514.7514751544,0.0001913277920892
-2947234.7234723545,0.0001913323900402
-2946954.695469554,0.0001913367168981
-2946674.6674667536,0.000191340771464
-2946394.639463953,0.0001913445526246
-2946114.6114611533,0.0001913480593524
-2945834.583458353,0.000191351290706
-2945554.5554555524,0.00019135424583
-2945274.5274527525,0.0001913569239556
-2944994.499449952,0.0001913593244004
-2944714.4714471516,0.0001913614465686
-2944434.4434443517,0.0001913632899513
-2944154.4154415512,0.0001913648541263
-2943874.387438751,0.0001913661387583
-2943594.359435951,0.0001913671435987
-2943314.3314331505,0.0001913678684859
-2943034.30343035,0.0001913683133451
-2942754.2754275496,0.000191368478188
-2942474.2474247497,0.0001913683631131
-2942194.2194219492,0.0001913679683055
-2941914.191419149,0.0001913672940363
-2941634.163416349,0.0001913663406633
-2941354.1354135484,0.0001913651086297
-2941074.107410748,0.0001913635984648
-2940794.079407948,0.0001913618107834
-2940514.0514051476,0.0001913597462854
-2940234.023402347,0.0001913574057556
-2939953.995399547,0.0001913547900633
-2939673.967396747,0.0001913519001622
-2939393.9393939464,0.0001913487370896
-2939113.911391146,0.0001913453019666
-2938833.883388346,0.0001913415959968
-2938553.8553855456,0.0001913376204666
-2938273.827382745,0.0001913333767445
-2937993.7993799453,0.0001913288662803
-2937713.771377145,0.000191324090605
-2937433.7433743444,0.0001913190513298
-2937153.715371544,0.0001913137501461
-2936873.687368744,0.0001913081888241
-2936593.6593659436,0.0001913023692131
-2936313.631363143,0.00019129629324
-2936033.6033603433,0.0001912899629091
-2935753.575357543,0.0001912833803014
-2935473.5473547424,0.0001912765475734
-2935193.5193519425,0.0001912694669572
-2934913.491349142,0.0001912621407588
-2934633.4633463416,0.0001912545713581
-2934353.4353435417,0.0001912467612076
-2934073.4073407413,0.0001912387128315
-2933793.379337941,0.0001912304288255
-2933513.3513351404,0.000191221911855
-2933233.3233323405,0.000191213164655
-2932953.29532954,0.0001912041900288
-2932673.2673267396,0.000191194990847
-2932393.2393239397,0.0001911855700467
-2932113.2113211392,0.0001911759306306
-2931833.183318339,0.0001911660756659
-2931553.155315539,0.000191156008283
-2931273.1273127384,0.000191145731675
-2930993.099309938,0.0001911352490963
-2930713.0713071376,0.0001911245638618
-2930433.0433043377,0.0001911136793453
-2930153.0153015372,0.000191102598979
-2929872.987298737,0.0001910913262519
-2929592.959295937,0.0001910798647092
-2929312.9312931364,0.0001910682179504
-2929032.903290336,0.0001910563896288
-2928752.875287536,0.00019104438345
-2928472.8472847356,0.0001910322031709
-2928192.819281935,0.0001910198525981
-2927912.791279135,0.0001910073355871
-2927632.763276335,0.0001909946560409
-2927352.7352735344,0.0001909818179086
-2927072.707270734,0.0001909688251843
-2926792.679267934,0.0001909556819058
-2926512.6512651336,0.0001909423921534
-2926232.623262333,0.0001909289600483
-2925952.5952595333,0.0001909153897515
-2925672.567256733,0.0001909016854625
-2925392.5392539324,0.0001908878514179
-2925112.511251132,0.00019087389189
-2924832.483248332,0.0001908598111856
-2924552.4552455316,0.0001908456136445
-2924272.427242731,0.000190831303638
-2923992.3992399313,0.0001908168855679
-2923712.371237131,0.0001908023638648
-2923432.3432343304,0.0001907877429867
-2923152.3152315305,0.0001907730274178
-2922872.28722873,0.000190758221667
-2922592.2592259296,0.0001907433302663
-2922312.2312231297,0.0001907283577697
-2922032.2032203292,0.0001907133087514
-2921752.175217529,0.0001906981878048
-2921472.1472147284,0.0001906829995407
-2921192.1192119285,0.0001906677485859
-2920912.091209128,0.000190652439582
-2920632.0632063276,0.0001906370771838
-2920352.0352035277,0.0001906216660576
-2920072.0072007272,0.0001906062108804
-2919791.979197927,0.0001905907163376
-2919511.951195127,0.0001905751871223
-2919231.9231923264,0.0001905596279334
-2918951.895189526,0.0001905440434741
-2918671.8671867256,0.000190528438451
-2918391.8391839257,0.0001905128175719
-2918111.811181125,0.0001904971855449
-2917831.783178325,0.0001904815470766
-2917551.755175525,0.0001904659068708
-2917271.7271727244,0.0001904502696273
-2916991.699169924,0.0001904346400398
-2916711.671167124,0.0001904190227951
-2916431.6431643236,0.0001904034225714
-2916151.615161523,0.0001903878440369
-2915871.587158723,0.0001903722918482
-2915591.559155923,0.0001903567706491
-2915311.5311531224,0.0001903412850691
-2915031.503150322,0.0001903258397221
-2914751.475147522,0.0001903104392046
-2914471.4471447216,0.0001902950880949
-2914191.419141921,0.0001902797909511
-2913911.3911391213,0.0001902645523103
-2913631.363136321,0.0001902493766865
-2913351.3351335204,0.0001902342685701
-2913071.30713072,0.0001902192324258
-2912791.27912792,0.0001902042726916
-2912511.2511251196,0.0001901893937774
-2912231.223122319,0.0001901746000636
-2911951.1951195193,0.0001901598958999
-2911671.167116719,0.000190145285604
-2911391.1391139184,0.0001901307734601
-2911111.1111111185,0.0001901163637177
-2910831.083108318,0.0001901020605905
-2910551.0551055176,0.000190087868255
-2910271.0271027177,0.000190073790849
-2909990.9990999172,0.000190059832471
-2909710.971097117,0.0001900459971782
-2909430.9430943164,0.0001900322889859
-2909150.9150915165,0.000190018711866
-2908870.887088716,0.000190005269746
-2908590.8590859156,0.0001899919665075
-2908310.8310831157,0.0001899788059856
-2908030.8030803152,0.0001899657919671
-2907750.775077515,0.00018995292819
-2907470.747074715,0.0001899402183419
-2907190.7190719144,0.0001899276660593
-2906910.691069114,0.0001899152749263
-2906630.6630663136,0.0001899030484736
-2906350.6350635136,0.0001898909901775
-2906070.607060713,0.0001898791034588
-2905790.579057913,0.0001898673916819
-2905510.551055113,0.0001898558581537
-2905230.5230523124,0.000189844506123
-2904950.495049512,0.0001898333387788
-2904670.467046712,0.0001898223592503
-2904390.4390439116,0.0001898115706053
-2904110.411041111,0.0001898009758495
-2903830.383038311,0.0001897905779259
-2903550.355035511,0.0001897803797137
-2903270.3270327104,0.0001897703840275
-2902990.29902991,0.0001897605936164
-2902710.27102711,0.0001897510111635
-2902430.2430243096,0.0001897416392849
-2902150.215021509,0.0001897324805292
-2901870.1870187093,0.0001897235373765
-2901590.159015909,0.0001897148122377
-2901310.1310131084,0.0001897063074542
-2901030.1030103085,0.0001896980252969
-2900750.075007508,0.0001896899679657
-2900470.0470047076,0.0001896821375888
-2900190.019001907,0.0001896745362223
-2899909.9909991072,0.0001896671658494
-2899629.962996307,0.0001896600283801
-2899349.9349935064,0.0001896531256505
-2899069.9069907065,0.0001896464594225
-2898789.878987906,0.000189640031383
-2898509.8509851056,0.0001896338431439
-2898229.8229823057,0.0001896278962413
-2897949.7949795052,0.0001896221921353
-2897669.766976705,0.0001896167322095
-2897389.7389739044,0.000189611517771
-2897109.7109711044,0.0001896065500494
-2896829.682968304,0.0001896018301973
-2896549.6549655036,0.0001895973592893
-2896269.6269627037,0.0001895931383223
-2895989.598959903,0.0001895891682149
-2895709.570957103,0.0001895854498075
-2895429.542954303,0.0001895819838618
-2895149.5149515024,0.0001895787710609
-2894869.486948702,0.000189575812009
-2894589.4589459016,0.0001895731072315
-2894309.4309431016,0.0001895706571747
-2894029.402940301,0.0001895684622059
-2893749.374937501,0.0001895665226131
-2893469.346934701,0.0001895648386054
-2893189.3189319004,0.0001895634103128
-2892909.2909291,0.0001895622377862
-2892629.2629263,0.0001895613209974
-2892349.2349234996,0.0001895606598395
-2892069.206920699,0.0001895602541266
-2891789.178917899,0.0001895601035944
-2891509.150915099,0.0001895602078999
-2891229.1229122984,0.0001895605666219
-2890949.094909498,0.0001895611792611
-2890669.066906698,0.0001895620452403
-2890389.0389038976,0.0001895631639047
-2890109.010901097,0.0001895645345223
-2889828.9828982973,0.0001895661562839
-2889548.954895497,0.0001895680283038
-2889268.9268926964,0.0001895701496198
-2888988.8988898965,0.0001895725191937
-2888708.870887096,0.0001895751359121
-2888428.8428842956,0.0001895779985859
-2888148.814881495,0.0001895811059518
-2887868.7868786952,0.0001895844566721
-2887588.758875895,0.0001895880493351
-2887308.7308730944,0.0001895918824562
-2887028.7028702945,0.000189595954478
-2886748.674867494,0.0001896002637708
-2886468.6468646936,0.0001896048086336
-2886188.6188618937,0.0001896095872942
-2885908.5908590932,0.0001896145979101
-2885628.562856293,0.0001896198385691
-2885348.5348534924,0.00018962530729
-2885068.5068506924,0.0001896310020231
-2884788.478847892,0.0001896369206512
-2884508.4508450916,0.0001896430609899
-2884228.4228422916,0.0001896494207889
-2883948.394839491,0.0001896559977321
-2883668.366836691,0.0001896627894391
-2883388.338833891,0.0001896697934654
-2883108.3108310904,0.0001896770073035
-2882828.28282829,0.0001896844283837
-2882548.2548254896,0.000189692054075
-2882268.2268226896,0.0001896998816858
-2881988.198819889,0.0001897079084651
-2881708.170817089,0.000189716131603
-2881428.142814289,0.000189724548232
-2881148.1148114884,0.0001897331554278
-2880868.086808688,0.0001897419502101
-2880588.058805888,0.000189750929544
-2880308.0308030876,0.0001897600903404
-2880028.002800287,0.0001897694294576
-2879747.9747974873,0.000189778943702
-2879467.946794687,0.000189788629829
-2879187.9187918864,0.0001897984845444
-2878907.890789086,0.0001898085045053
-2878627.862786286,0.0001898186863213
-2878347.8347834856,0.0001898290265553
-2878067.806780685,0.0001898395217248
-2877787.7787778853,0.0001898501683032
-2877507.750775085,0.0001898609627206
-2877227.7227722844,0.0001898719013651
-2876947.6947694845,0.0001898829805839
-2876667.666766684,0.0001898941966848
-2876387.6387638836,0.0001899055459368
-2876107.610761083,0.0001899170245718
-2875827.5827582832,0.0001899286287853
-2875547.554755483,0.0001899403547382
-2875267.5267526824,0.0001899521985576
-2874987.4987498824,0.0001899641563382
-2874707.470747082,0.0001899762241434
-2874427.4427442816,0.0001899883980068
-2874147.4147414817,0.0001900006739332
-2873867.3867386812,0.0001900130478998
-2873587.358735881,0.0001900255158579
-2873307.3307330804,0.0001900380737337
-2873027.3027302804,0.0001900507174299
-2872747.27472748,0.0001900634428268
-2872467.2467246796,0.0001900762457838
-2872187.2187218796,0.0001900891221403
-2871907.190719079,0.0001901020677176
-2871627.162716279,0.0001901150783196
-2871347.134713479,0.0001901281497345
-2871067.1067106784,0.0001901412777362
-2870787.078707878,0.000190154458085
-2870507.0507050776,0.0001901676865297
-2870227.0227022776,0.0001901809588085
-2869946.994699477,0.0001901942706503
-2869666.966696677,0.0001902076177763
-2869386.938693877,0.0001902209959009
-2869106.9106910764,0.0001902344007335
-2868826.882688276,0.0001902478279797
-2868546.854685476,0.0001902612733422
-2868266.8266826756,0.0001902747325228
-2867986.798679875,0.0001902882012233
-2867706.7706770753,0.0001903016751468
-2867426.742674275,0.0001903151499994
-2867146.7146714744,0.0001903286214911
-2866866.686668674,0.0001903420853374
-2866586.658665874,0.0001903555372605
-2866306.6306630736,0.0001903689729905
-2866026.602660273,0.0001903823882671
-2865746.5746574732,0.0001903957788403
-2865466.546654673,0.0001904091404725
-2865186.5186518724,0.0001904224689389
-2864906.4906490725,0.0001904357600295
-2864626.462646272,0.0001904490095501
-2864346.4346434716,0.0001904622133236
-2864066.406640671,0.0001904753671911
-2863786.3786378712,0.0001904884670137
-2863506.350635071,0.000190501508673
-2863226.3226322704,0.000190514488073
-2862946.2946294704,0.0001905274011411
-2862666.26662667,0.0001905402438292
-2862386.2386238696,0.0001905530121151
-2862106.2106210697,0.0001905657020038
-2861826.182618269,0.0001905783095283
-2861546.154615469,0.0001905908307514
-2861266.1266126684,0.0001906032617663
-2860986.0986098684,0.0001906155986981
-2860706.070607068,0.0001906278377051
-2860426.0426042676,0.0001906399749795
-2860146.0146014676,0.0001906520067489
-2859865.986598667,0.0001906639292773
-2859585.958595867,0.0001906757388662
-2859305.930593067,0.000190687431856
-2859025.9025902664,0.0001906990046266
-2858745.874587466,0.0001907104535987
-2858465.846584666,0.000190721775235
-2858185.8185818656,0.0001907329660411
-2857905.790579065,0.0001907440225665
-2857625.762576265,0.0001907549414059
-2857345.734573465,0.0001907657191998
-2857065.7065706644,0.0001907763526358
-2856785.678567864,0.0001907868384493
-2856505.650565064,0.0001907971734249
-2856225.6225622636,0.0001908073543969
-2855945.594559463,0.0001908173782504
-2855665.5665566633,0.0001908272419223
-2855385.538553863,0.000190836942402
-2855105.5105510624,0.0001908464767325
-2854825.482548262,0.0001908558420111
-2854545.454545462,0.0001908650353903
-2854265.4265426616,0.0001908740540785
-2853985.398539861,0.0001908828953412
-2853705.3705370612,0.0001908915565013
-2853425.342534261,0.00019090003494
-2853145.3145314604,0.0001909083280979
-2852865.2865286605,0.0001909164334753
-2852585.25852586,0.000190924348633
-2852305.2305230596,0.0001909320711932
-2852025.202520259,0.0001909395988401
-2851745.1745174592,0.0001909469293203
-2851465.146514659,0.0001909540604438
-2851185.1185118584,0.0001909609900844
-2850905.0905090584,0.0001909677161804
-2850625.062506258,0.0001909742367349
-2850345.0345034576,0.0001909805498168
-2850065.0065006576,0.000190986653561
-2849784.978497857,0.0001909925461691
-2849504.950495057,0.0001909982259097
-2849224.9224922564,0.000191003691119
-2848944.8944894564,0.0001910089402011
-2848664.866486656,0.0001910139716288
-2848384.8384838556,0.0001910187839436
-2848104.8104810556,0.0001910233757562
-2847824.782478255,0.000191027745747
-2847544.754475455,0.0001910318926661
-2847264.726472655,0.0001910358153342
-2846984.6984698544,0.0001910395126423
-2846704.670467054,0.0001910429835522
-2846424.642464254,0.0001910462270969
-2846144.6144614536,0.0001910492423806
-2845864.586458653,0.0001910520285792
-2845584.558455853,0.0001910545849399
-2845304.530453053,0.0001910569107822
-2845024.5024502524,0.0001910590054973
-2844744.474447452,0.0001910608685485
-2844464.446444652,0.0001910624994715
-2844184.4184418516,0.0001910638978742
-2843904.390439051,0.0001910650634367
-2843624.3624362512,0.0001910659959116
-2843344.334433451,0.0001910666951239
-2843064.3064306504,0.0001910671609707
-2842784.27842785,0.0001910673934217
-2842504.25042505,0.0001910673925187
-2842224.2224222496,0.0001910671583756
-2841944.194419449,0.0001910666911785
-2841664.1664166492,0.0001910659911854
-2841384.138413849,0.000191065058726
-2841104.1104110484,0.0001910638942016
-2840824.0824082484,0.000191062498085
-2840544.054405448,0.0001910608709203
-2840264.0264026476,0.0001910590133222
-2839983.998399847,0.0001910569259764
-2839703.9703970472,0.0001910546096391
-2839423.942394247,0.0001910520651363
-2839143.9143914464,0.000191049293364
-2838863.8863886464,0.0001910462952876
-2838583.858385846,0.0001910430719416
-2838303.8303830456,0.0001910396244293
-2838023.8023802456,0.0001910359539221
-2837743.774377445,0.0001910320616594
-2837463.746374645,0.0001910279489479
-2837183.718371845,0.0001910236171614
-2836903.6903690444,0.00019101906774
-2836623.662366244,0.0001910143021899
-2836343.6343634436,0.0001910093220826
-2836063.6063606436,0.0001910041290545
-2835783.578357843,0.0001909987248064
-2835503.550355043,0.0001909931111026
-2835223.522352243,0.0001909872897707
-2834943.4943494424,0.0001909812627007
-2834663.466346642,0.0001909750318444
-2834383.438343842,0.000190968599215
-2834103.4103410416,0.0001909619668858
-2833823.382338241,0.0001909551369903
-2833543.354335441,0.0001909481117207
-2833263.326332641,0.000190940893328
-2832983.2983298404,0.0001909334841203
-2832703.27032704,0.0001909258864628
-2832423.24232424,0.0001909181027768
-2832143.2143214396,0.0001909101355387
-2831863.186318639,0.0001909019872792
-2831583.1583158392,0.0001908936605829
-2831303.130313039,0.0001908851580869
-2831023.1023102384,0.0001908764824803
-2830743.074307438,0.000190867636503
-2830463.046304638,0.0001908586229452
-2830183.0183018376,0.0001908494446461
-2829902.990299037,0.0001908401044935
-2829622.9622962372,0.000190830605422
-2829342.934293437,0.000190820950413
-2829062.9062906364,0.0001908111424931
-2828782.8782878364,0.0001908011847334
-2828502.850285036,0.0001907910802484
-2828222.8222822356,0.000190780832195
-2827942.794279435,0.0001907704437715
-2827662.766276635,0.0001907599182168
-2827382.738273835,0.0001907492588089
-2827102.7102710344,0.0001907384688641
-2826822.6822682344,0.0001907275517361
-2826542.654265434,0.0001907165108146
-2826262.6262626336,0.0001907053495245
-2825982.5982598336,0.0001906940713246
-2825702.570257033,0.0001906826797068
-2825422.542254233,0.0001906711781944
-2825142.514251433,0.0001906595703417
-2824862.4862486324,0.0001906478597323
-2824582.458245832,0.0001906360499785
-2824302.4302430316,0.0001906241447194
-2824022.4022402316,0.0001906121476207
-2823742.374237431,0.0001906000623727
-2823462.346234631,0.0001905878926896
-2823182.318231831,0.0001905756423083
-2822902.2902290304,0.0001905633149869
-2822622.26222623,0.000190550914504
-2822342.23422343,0.0001905384446572
-2822062.2062206296,0.0001905259092619
-2821782.178217829,0.0001905133121503
-2821502.150215029,0.00019050065717
-2821222.122212229,0.0001904879481828
-2820942.0942094284,0.0001904751890639
-2820662.066206628,0.0001904623837
-2820382.038203828,0.0001904495359886
-2820102.0102010276,0.0001904366498367
-2819821.982198227,0.0001904237291594
-2819541.9541954272,0.0001904107778789
-2819261.926192627,0.0001903977999232
-2818981.8981898264,0.0001903847992248
-2818701.870187026,0.0001903717797196
-2818421.842184226,0.0001903587453455
-2818141.8141814256,0.0001903457000416
-2817861.786178625,0.0001903326477464
-2817581.7581758252,0.000190319592397
-2817301.730173025,0.0001903065379279
-2817021.7021702244,0.0001902934882693
-2816741.6741674244,0.0001902804473467
-2816461.646164624,0.0001902674190788
-2816181.6181618236,0.0001902544073771
-2815901.5901590236,0.000190241416144
-2815621.562156223,0.0001902284492722
-2815341.534153423,0.0001902155106431
-2815061.5061506224,0.0001902026041258
-2814781.4781478224,0.0001901897335758
-2814501.450145022,0.000190176902834
-2814221.4221422216,0.0001901641157253
-2813941.3941394216,0.0001901513760576
-2813661.366136621,0.0001901386876207
-2813381.338133821,0.0001901260541849
-2813101.310131021,0.0001901134795
-2812821.2821282204,0.0001901009672943
-2812541.25412542,0.0001900885212731
-2812261.2261226196,0.0001900761451179
-2811981.1981198196,0.0001900638424852
-2811701.170117019,0.0001900516170055
-2811421.142114219,0.0001900394722818
-2811141.114111419,0.0001900274118891
-2810861.0861086184,0.0001900154393727
-2810581.058105818,0.0001900035582478
-2810301.030103018,0.0001899917719979
-2810021.0021002176,0.0001899800840739
-2809740.974097417,0.0001899684978932
-2809460.946094617,0.0001899570168385
-2809180.918091817,0.0001899456442572
-2808900.8900890164,0.0001899343834595
-2808620.862086216,0.0001899232377186
-2808340.834083416,0.0001899122102687
-2808060.8060806156,0.0001899013043045
-2807780.778077815,0.0001898905229805
-2807500.7500750152,0.0001898798694094
-2807220.722072215,0.0001898693466617
-2806940.6940694144,0.0001898589577647
-2806660.666066614,0.0001898487057014
-2806380.638063814,0.0001898385934099
-2806100.6100610136,0.0001898286237823
-2805820.582058213,0.000189818799664
-2805540.554055413,0.0001898091238528
-2805260.526052613,0.000189799599098
-2804980.4980498124,0.0001897902280999
-2804700.4700470124,0.0001897810135086
-2804420.442044212,0.0001897719579235
-2804140.4140414116,0.0001897630638925
-2803860.3860386116,0.0001897543339112
-2803580.358035811,0.0001897457704222
-2803300.330033011,0.0001897373758145
-2803020.3020302104,0.0001897291524227
-2802740.2740274104,0.0001897211025262
-2802460.24602461,0.0001897132283489
-2802180.2180218096,0.0001897055320582
-2801900.1900190096,0.0001896980157648
-2801620.162016209,0.0001896906815215
-2801340.134013409,0.0001896835313232
-2801060.106010609,0.0001896765671062
-2800780.0780078084,0.0001896697907473
-2800500.050005008,0.0001896632040637
-2800220.0220022076,0.0001896568088123
-2799939.9939994076,0.0001896506066893
-2799659.965996607,0.0001896445993296
-2799379.937993807,0.0001896387883065
-2799099.909991007,0.0001896331751313
-2798819.8819882064,0.0001896277612525
-2798539.853985406,0.0001896225480561
-2798259.825982606,0.0001896175368645
-2797979.7979798056,0.0001896127289367
-2797699.769977005,0.0001896081254678
-2797419.741974205,0.0001896037275884
-2797139.713971405,0.0001895995363648
-2796859.6859686044,0.0001895955527984
-2796579.657965804,0.0001895917778255
-2796299.629963004,0.0001895882123174
-2796019.6019602036,0.0001895848570795
-2795739.573957403,0.0001895817128518
-2795459.5459546032,0.0001895787803084
-2795179.517951803,0.0001895760600574
-2794899.4899490024,0.0001895735526407
-2794619.4619462024,0.0001895712585341
-2794339.433943402,0.0001895691781471
-2794059.4059406016,0.0001895673118226
-2793779.377937801,0.0001895656598375
-2793499.349935001,0.0001895642224018
-2793219.321932201,0.0001895629996595
-2792939.2939294004,0.0001895619916878
-2792659.2659266004,0.0001895611984976
-2792379.2379238,0.0001895606200338
-2792099.2099209996,0.0001895602561745
-2791819.1819181996,0.0001895601067322
-2791539.153915399,0.000189560171453
-2791259.125912599,0.0001895604500172
-2790979.0979097984,0.0001895609420394
-2790699.0699069984,0.0001895616470687
-2790419.041904198,0.0001895625645887
-2790139.0139013976,0.0001895636940181
-2789858.9858985976,0.0001895650347105
-2789578.957895797,0.000189566585955
-2789298.929892997,0.0001895683469762
-2789018.901890197,0.0001895703169349
-2788738.8738873964,0.0001895724949279
-2788458.845884596,0.0001895748799887
-2788178.8178817956,0.0001895774710879
-2787898.7898789956,0.0001895802671334
-2787618.761876195,0.0001895832669706
-2787338.733873395,0.0001895864693833
-2787058.705870595,0.0001895898730938
-2786778.6778677944,0.0001895934767634
-2786498.649864994,0.0001895972789931
-2786218.621862194,0.0001896012783236
-2785938.5938593936,0.0001896054732362
-2785658.565856593,0.0001896098621535
-2785378.537853793,0.0001896144434392
-2785098.509850993,0.0001896192153996
-2784818.4818481924,0.0001896241762832
-2784538.453845392,0.0001896293242823
-2784258.425842592,0.0001896346575327
-2783978.3978397916,0.000189640174115
-2783698.369836991,0.0001896458720548
-2783418.3418341912,0.0001896517493238
-2783138.313831391,0.0001896578038399
-2782858.2858285904,0.0001896640334685
-2782578.2578257904,0.0001896704360226
-2782298.22982299,0.0001896770092641
-2782018.2018201896,0.0001896837509042
-2781738.173817389,0.0001896906586043
-2781458.145814589,0.0001896977299766
-2781178.117811789,0.0001897049625849
-2780898.0898089884,0.0001897123539457
-2780618.0618061884,0.0001897199015288
-2780338.033803388,0.0001897276027579
-2780058.0058005876,0.0001897354550117
-2779777.9777977876,0.000189743455625
-2779497.949794987,0.0001897516018889
-2779217.921792187,0.0001897598910522
-2778937.8937893864,0.0001897683203222
-2778657.8657865864,0.0001897768868654
-2778377.837783786,0.0001897855878088
-2778097.8097809856,0.0001897944202402
-2777817.7817781856,0.0001898033812099
-2777537.753775385,0.0001898124677309
-2777257.725772585,0.0001898216767805
-2776977.697769785,0.0001898310053008
-2776697.6697669844,0.0001898404502
-2776417.641764184,0.0001898500083531
-2776137.6137613836,0.0001898596766032
-2775857.5857585836,0.0001898694517621
-2775577.557755783,0.0001898793306117
-2775297.529752983,0.0001898893099051
-2775017.501750183,0.000189899386367
-2774737.4737473824,0.0001899095566954
-2774457.445744582,0.0001899198175623
-2774177.417741782,0.0001899301656149
-2773897.3897389816,0.0001899405974765
-2773617.361736181,0.0001899511097478
-2773337.3337333812,0.0001899616990078
-2773057.305730581,0.0001899723618148
-2772777.2777277804,0.0001899830947077
-2772497.24972498,0.000189993894207
-2772217.22172218,0.0001900047568157
-2771937.1937193796,0.0001900156790209
-2771657.165716579,0.0001900266572942
-2771377.137713779,0.0001900376880934
-2771097.109710979,0.0001900487678634
-2770817.0817081784,0.000190059893037
-2770537.0537053784,0.0001900710600368
-2770257.025702578,0.0001900822652753
-2769976.9976997776,0.0001900935051568
-2769696.969696977,0.0001901047760783
-2769416.941694177,0.0001901160744304
-2769136.913691377,0.0001901273965988
-2768856.8856885764,0.000190138738965
-2768576.8576857764,0.0001901500979077
-2768296.829682976,0.000190161469804
-2768016.8016801756,0.0001901728510302
-2767736.7736773756,0.0001901842379631
-2767456.745674575,0.0001901956269813
-2767176.717671775,0.0001902070144659
-2766896.6896689744,0.0001902183968021
-2766616.6616661744,0.0001902297703797
-2766336.633663374,0.0001902411315949
-2766056.6056605736,0.000190252476851
-2765776.5776577736,0.0001902638025596
-2765496.549654973,0.0001902751051415
-2765216.521652173,0.0001902863810281
-2764936.493649373,0.0001902976266625
-2764656.4656465724,0.0001903088385004
-2764376.437643772,0.000190320013011
-2764096.4096409716,0.0001903311466787
-2763816.3816381716,0.0001903422360036
-2763536.353635371,0.0001903532775026
-2763256.325632571,0.000190364267711
-2762976.297629771,0.000190375203183
-2762696.2696269704,0.0001903860804927
-2762416.24162417,0.0001903968962357
-2762136.21362137,0.0001904076470297
-2761856.1856185696,0.0001904183295155
-2761576.157615769,0.0001904289403582
-2761296.1296129692,0.0001904394762483
-2761016.101610169,0.0001904499339023
-2760736.0736073684,0.0001904603100641
-2760456.045604568,0.0001904706015056
-2760176.017601768,0.0001904808050283
-2759895.9895989676,0.0001904909174634
-2759615.961596167,0.0001905009356735
-2759335.933593367,0.0001905108565531
-2759055.905590567,0.0001905206770297
-2758775.8775877664,0.0001905303940647
-2758495.8495849664,0.0001905400046543
-2758215.821582166,0.0001905495058303
-2757935.7935793656,0.0001905588946614
-2757655.765576565,0.0001905681682532
-2757375.737573765,0.0001905773237502
-2757095.709570965,0.0001905863583357
-2756815.6815681644,0.000190595269233
-2756535.6535653644,0.0001906040537064
-2756255.625562564,0.0001906127090617
-2755975.5975597636,0.0001906212326471
-2755695.5695569636,0.000190629621854
-2755415.541554163,0.0001906378741178
-2755135.513551363,0.0001906459869187
-2754855.4855485624,0.0001906539577822
-2754575.4575457624,0.0001906617842801
-2754295.429542962,0.0001906694640309
-2754015.4015401616,0.000190676994701
-2753735.3735373616,0.0001906843740046
-2753455.345534561,0.0001906915997054
-2753175.317531761,0.0001906986696161
-2752895.289528961,0.0001907055815999
-2752615.2615261604,0.0001907123335708
-2752335.23352336,0.0001907189234942
-2752055.20552056,0.0001907253493874
-2751775.1775177596,0.0001907316093203
-2751495.149514959,0.000190737701416
-2751215.121512159,0.0001907436238511
-2750935.093509359,0.0001907493748564
-2750655.0655065584,0.0001907549527174
-2750375.037503758,0.0001907603557746
-2750095.009500958,0.0001907655824244
-2749814.9814981576,0.0001907706311188
-2749534.953495357,0.0001907755003666
-2749254.925492557,0.0001907801887334
-2748974.897489757,0.0001907846948419
-2748694.8694869564,0.0001907890173727
-2748414.841484156,0.0001907931550642
-2748134.813481356,0.0001907971067132
-2747854.7854785556,0.0001908008711753
-2747574.757475755,0.0001908044473647
-2747294.729472955,0.0001908078342552
-2747014.701470155,0.00019081103088
-2746734.6734673544,0.0001908140363318
-2746454.6454645544,0.0001908168497637
-2746174.617461754,0.0001908194703885
-2745894.5894589536,0.0001908218974799
-2745614.561456153,0.0001908241303716
-2745334.533453353,0.0001908261684584
-2745054.505450553,0.0001908280111958
-2744774.4774477524,0.0001908296581001
-2744494.4494449524,0.0001908311087487
-2744214.421442152,0.0001908323627803
-2743934.3934393516,0.0001908334198945
-2743654.3654365516,0.0001908342798523
-2743374.337433751,0.0001908349424757
-2743094.309430951,0.0001908354076481
-2742814.2814281504,0.0001908356753141
-2742534.2534253504,0.0001908357454794
-2742254.22542255,0.0001908356182108
-2741974.1974197496,0.0001908352936361
-2741694.1694169496,0.0001908347719441
-2741414.141414149,0.0001908340533846
-2741134.113411349,0.0001908331382676
-2740854.085408549,0.0001908320269642
-2740574.0574057484,0.0001908307199055
-2740294.029402948,0.0001908292175829
-2740014.001400148,0.0001908275205478
-2739733.9733973476,0.0001908256294114
-2739453.945394547,0.0001908235448443
-2739173.917391747,0.0001908212675764
-2738893.889388947,0.0001908187983967
-2738613.8613861464,0.0001908161381526
-2738333.833383346,0.0001908132877502
-2738053.805380546,0.0001908102481533
-2737773.7773777456,0.0001908070203837
-2737493.749374945,0.0001908036055202
-2737213.721372145,0.0001908000046988
-2736933.693369345,0.0001907962191119
-2736653.6653665444,0.0001907922500081
-2736373.637363744,0.0001907880986914
-2736093.609360944,0.0001907837665215
-2735813.5813581436,0.0001907792549123
-2735533.553355343,0.0001907745653325
-2735253.525352543,0.0001907696993042
-2734973.497349743,0.0001907646584029
-2734693.4693469424,0.0001907594442567
-2734413.4413441424,0.000190754058546
-2734133.413341342,0.0001907485030027
-2733853.3853385416,0.0001907427794097
-2733573.357335741,0.0001907368896005
-2733293.329332941,0.0001907308354582
-2733013.301330141,0.0001907246189152
-2732733.2733273404,0.0001907182419523
-2732453.2453245404,0.0001907117065984
-2732173.21732174,0.0001907050149294
-2731893.1893189396,0.000190698169068
-2731613.1613161396,0.0001906911711824
-2731333.133313339,0.0001906840234862
-2731053.105310539,0.0001906767282372
-2730773.077307739,0.0001906692877371
-2730493.0493049384,0.0001906617043304
-2730213.021302138,0.0001906539804036
-2729932.9932993376,0.0001906461183847
-2729652.9652965376,0.0001906381207425
-2729372.937293737,0.0001906299899852
-2729092.909290937,0.0001906217286603
-2728812.881288137,0.0001906133393533
-2728532.8532853364,0.000190604824687
-2728252.825282536,0.0001905961873209
-2727972.797279736,0.0001905874299498
-2727692.7692769356,0.0001905785553036
-2727412.741274135,0.0001905695661459
-2727132.713271335,0.0001905604652733
-2726852.685268535,0.0001905512555145
-2726572.6572657344,0.0001905419397297
-2726292.629262934,0.000190532520809
-2726012.601260134,0.0001905230016721
-2725732.5732573336,0.0001905133852671
-2725452.545254533,0.0001905036745697
-2725172.517251733,0.000190493872582
-2724892.489248933,0.000190483982332
-2724612.4612461324,0.0001904740068719
-2724332.433243332,0.0001904639492782
-2724052.405240532,0.0001904538126496
-2723772.3772377316,0.0001904436001069
-2723492.349234931,0.0001904333147915
-2723212.321232131,0.0001904229598646
-2722932.293229331,0.0001904125385062
-2722652.2652265304,0.0001904020539141
-2722372.2372237304,0.0001903915093029
-2722092.20922093,0.0001903809079029
-2721812.1812181296,0.0001903702529592
-2721532.153215329,0.0001903595477307
-2721252.125212529,0.000190348795489
-2720972.097209729,0.0001903379995173
-2720692.0692069284,0.0001903271631097
-2720412.0412041284,0.0001903162895697
-2720132.013201328,0.0001903053822095
-2719851.9851985276,0.0001902944443491
-2719571.9571957276,0.0001902834793148
-2719291.929192927,0.0001902724904385
-2719011.901190127,0.0001902614810567
-2718731.873187327,0.0001902504545093
-2718451.8451845264,0.0001902394141385
-2718171.817181726,0.0001902283632881
-2717891.7891789256,0.000190217305302
-2717611.7611761256,0.0001902062435237
-2717331.733173325,0.0001901951812949
-2717051.705170525,0.0001901841219543
-2716771.677167725,0.0001901730688373
-2716491.6491649244,0.000190162025274
-2716211.621162124,0.0001901509945892
-2715931.593159324,0.0001901399801003
-2715651.5651565236,0.0001901289851173
-2715371.537153723,0.0001901180129411
-2715091.5091509228,0.0001901070668626
-2714811.481148123,0.0001900961501622
-2714531.4531453224,0.0001900852661079
-2714251.425142522,0.0001900744179551
-2713971.397139722,0.0001900636089453
-2713691.3691369216,0.0001900528423051
-2713411.341134121,0.000190042121245
-2713131.313131321,0.0001900314489589
-2712851.285128521,0.0001900208286229
-2712571.2571257204,0.0001900102633941
-2712291.22912292,0.00018999975641
-2712011.20112012,0.0001899893107875
-2711731.1731173196,0.0001899789296216
-2711451.145114519,0.0001899686159849
-2711171.117111719,0.0001899583729264
-2710891.089108919,0.0001899482034707
-2710611.0611061184,0.0001899381106172
-2710331.0331033184,0.0001899280973389
-2710051.005100518,0.0001899181665816
-2709770.9770977176,0.0001899083212631
-2709490.949094917,0.0001898985642725
-2709210.921092117,0.0001898888984688
-2708930.893089317,0.0001898793266806
-2708650.8650865164,0.0001898698517049
-2708370.8370837164,0.0001898604763066
-2708090.809080916,0.0001898512032171
-2707810.7810781156,0.0001898420351341
-2707530.7530753156,0.0001898329747205
-2707250.725072515,0.0001898240246036
-2706970.697069715,0.0001898151873744
-2706690.669066915,0.0001898064655867
-2706410.6410641144,0.0001897978617566
-2706130.613061314,0.0001897893783615
-2705850.5850585136,0.0001897810178395
-2705570.5570557136,0.0001897727825885
-2705290.529052913,0.0001897646749658
-2705010.501050113,0.0001897566972874
-2704730.473047313,0.0001897488518267
-2704450.4450445124,0.0001897411408147
-2704170.417041712,0.0001897335664388
-2703890.389038912,0.0001897261308423
-2703610.3610361116,0.0001897188361239
-2703330.333033311,0.0001897116843368
-2703050.3050305108,0.0001897046774884
-2702770.277027711,0.0001896978175396
-2702490.2490249104,0.0001896911064041
-2702210.22102211,0.0001896845459482
-2701930.19301931,0.00018967813799
-2701650.1650165096,0.0001896718842987
-2701370.137013709,0.0001896657865945
-2701090.109010909,0.0001896598465481
-2700810.081008109,0.0001896540657798
-2700530.0530053084,0.0001896484458594
-2700250.025002508,0.0001896429883057
-2699969.996999708,0.000189637694586
-2699689.9689969076,0.0001896325661156
-2699409.940994107,0.0001896276042579
-2699129.912991307,0.0001896228103233
-2698849.884988507,0.0001896181855694
-2698569.8569857064,0.0001896137312003
-2698289.8289829064,0.0001896094483667
-2698009.800980106,0.000189605338165
-2697729.7729773056,0.0001896014016376
-2697449.7449745056,0.0001895976397723
-2697169.716971705,0.0001895940535019
-2696889.688968905,0.0001895906437045
-2696609.6609661044,0.0001895874112025
-2696329.6329633044,0.0001895843567634
-2696049.604960504,0.0001895814810984
-2695769.5769577036,0.0001895787848634
-2695489.5489549036,0.0001895762686581
-2695209.520952103,0.0001895739330259
-2694929.492949303,0.0001895717784543
-2694649.464946503,0.0001895698053743
-2694369.4369437024,0.0001895680141604
-2694089.408940902,0.0001895664051306
-2693809.3809381016,0.0001895649785466
-2693529.3529353016,0.0001895637346132
-2693249.324932501,0.0001895626734788
-2692969.2969297008,0.0001895617952351
-2692689.268926901,0.0001895610999174
-2692409.2409241004,0.0001895605875042
-2692129.2129213,0.0001895602579179
-2691849.1849185,0.0001895601110241
-2691569.1569156996,0.0001895601466324
-2691289.128912899,0.0001895603644959
-2691009.1009100988,0.000189560764312
-2690729.072907299,0.0001895613457217
-2690449.0449044984,0.0001895621083106
-2690169.016901698,0.0001895630516085
-2689888.988898898,0.0001895641750899
-2689608.9608960976,0.000189565478174
-2689328.932893297,0.0001895669602251
-2689048.904890497,0.0001895686205526
-2688768.876887697,0.0001895704584118
-2688488.8488848964,0.0001895724730033
-2688208.820882096,0.0001895746634743
-2687928.792879296,0.000189577028918
-2687648.7648764956,0.0001895795683747
-2687368.736873695,0.0001895822808314
-2687088.708870895,0.0001895851652228
-2686808.680868095,0.0001895882204313
-2686528.6528652944,0.0001895914452877
-2686248.6248624944,0.000189594838571
-2685968.596859694,0.0001895983990096
-2685688.5688568936,0.0001896021252813
-2685408.5408540936,0.0001896060160135
-2685128.512851293,0.0001896100697845
-2684848.484848493,0.0001896142851231
-2684568.4568456924,0.0001896186605095
-2684288.4288428924,0.0001896231943758
-2684008.400840092,0.0001896278851067
-2683728.3728372916,0.0001896327310395
-2683448.3448344916,0.0001896377304651
-2683168.316831691,0.0001896428816287
-2682888.288828891,0.0001896481827299
-2682608.260826091,0.0001896536319234
-2682328.2328232904,0.0001896592273202
-2682048.20482049,0.0001896649669873
-2681768.1768176896,0.0001896708489491
-2681488.1488148896,0.0001896768711875
-2681208.120812089,0.0001896830316431
-2680928.0928092888,0.0001896893282154
-2680648.064806489,0.0001896957587637
-2680368.0368036884,0.0001897023211077
-2680088.008800888,0.0001897090130282
-2679807.980798088,0.0001897158322682
-2679527.9527952876,0.000189722776533
-2679247.924792487,0.0001897298434914
-2678967.8967896868,0.0001897370307763
-2678687.868786887,0.0001897443359853
-2678407.8407840864,0.0001897517566819
-2678127.812781286,0.0001897592903958
-2677847.784778486,0.0001897669346241
-2677567.7567756856,0.0001897746868319
-2677287.728772885,0.0001897825444529
-2677007.700770085,0.0001897905048906
-2676727.672767285,0.0001897985655191
-2676447.6447644844,0.0001898067236836
-2676167.6167616844,0.0001898149767015
-2675887.588758884,0.0001898233218633
-2675607.5607560836,0.0001898317564334
-2675327.532753283,0.0001898402776507
-2675047.504750483,0.0001898488827299
-2674767.476747683,0.0001898575688621
-2674487.4487448824,0.0001898663332159
-2674207.4207420824,0.0001898751729381
-2673927.392739282,0.0001898840851547
-2673647.3647364816,0.0001898930669716
-2673367.3367336816,0.0001899021154759
-2673087.308730881,0.0001899112277366
-2672807.280728081,0.0001899204008053
-2672527.2527252804,0.0001899296317178
-2672247.2247224804,0.0001899389174941
-2671967.19671968,0.00018994825514
-2671687.1687168796,0.0001899576416479
-2671407.1407140796,0.0001899670739977
-2671127.112711279,0.0001899765491577
-2670847.084708479,0.0001899860640855
-2670567.056705679,0.0001899956157292
-2670287.0287028784,0.000190005201028
-2670007.000700078,0.0001900148169135
-2669726.9726972776,0.0001900244603104
-2669446.9446944776,0.0001900341281376
-2669166.916691677,0.000190043817309
-2668886.8886888768,0.0001900535247347
-2668606.860686077,0.0001900632473217
-2668326.8326832764,0.0001900729819751
-2668046.804680476,0.0001900827255988
-2667766.776677676,0.0001900924750967
-2667486.7486748756,0.0001901022273735
-2667206.720672075,0.0001901119793357
-2666926.6926692748,0.0001901217278926
-2666646.664666475,0.0001901314699572
-2666366.6366636744,0.0001901412024471
-2666086.608660874,0.0001901509222855
-2665806.580658074,0.0001901606264024
-2665526.5526552736,0.000190170311735
-2665246.524652473,0.0001901799752291
-2664966.496649673,0.0001901896138399
-2664686.468646873,0.0001901992245327
-2664406.4406440724,0.0001902088042842
-2664126.4126412724,0.0001902183500834
-2663846.384638472,0.0001902278589321
-2663566.3566356716,0.0001902373278463
-2663286.328632871,0.0001902467538568
-2663006.300630071,0.0001902561340103
-2662726.272627271,0.0001902654653701
-2662446.2446244704,0.0001902747450172
-2662166.2166216704,0.0001902839700512
-2661886.18861887,0.0001902931375907
-2661606.1606160696,0.000190302244775
-2661326.1326132696,0.0001903112887642
-2661046.104610469,0.0001903202667405
-2660766.076607669,0.000190329175909
-2660486.0486048684,0.0001903380134982
-2660206.0206020684,0.0001903467767614
-2659925.992599268,0.0001903554629771
-2659645.9645964676,0.0001903640694499
-2659365.9365936676,0.0001903725935116
-2659085.908590867,0.0001903810325215
-2658805.8805880668,0.0001903893838677
-2658525.852585267,0.0001903976449673
-2658245.8245824664,0.0001904058132678
-2657965.796579666,0.0001904138862477
-2657685.7685768656,0.0001904218614167
-2657405.7405740656,0.0001904297363172
-2657125.712571265,0.0001904375085247
-2656845.6845684648,0.0001904451756484
-2656565.656565665,0.0001904527353321
-2656285.6285628644,0.0001904601852549
-2656005.600560064,0.0001904675231317
-2655725.572557264,0.000190474746714
-2655445.5445544636,0.0001904818537908
-2655165.516551663,0.0001904888421887
-2654885.488548863,0.0001904957097731
-2654605.460546063,0.0001905024544485
-2654325.4325432624,0.0001905090741591
-2654045.404540462,0.0001905155668898
-2653765.376537662,0.0001905219306661
-2653485.3485348616,0.0001905281635553
-2653205.320532061,0.0001905342636668
-2652925.292529261,0.0001905402291527
-2652645.264526461,0.0001905460582083
-2652365.2365236604,0.0001905517490725
-2652085.2085208604,0.0001905573000287
-2651805.18051806,0.0001905627094048
-2651525.1525152596,0.000190567975574
-2651245.124512459,0.0001905730969552
-2650965.096509659,0.0001905780720134
-2650685.068506859,0.0001905828992603
-2650405.0405040584,0.0001905875772543
-2650125.0125012584,0.0001905921046015
-2649844.984498458,0.0001905964799556
-2649564.9564956576,0.0001906007020185
-2649284.9284928576,0.0001906047695407
-2649004.900490057,0.0001906086813214
-2648724.872487257,0.0001906124362091
-2648444.8444844563,0.0001906160331019
-2648164.8164816564,0.0001906194709475
-2647884.788478856,0.0001906227487439
-2647604.7604760556,0.0001906258655393
-2647324.7324732556,0.0001906288204327
-2647044.704470455,0.0001906316125738
-2646764.6764676548,0.0001906342411634
-2646484.648464855,0.0001906367054536
-2646204.6204620544,0.0001906390047479
-2645924.592459254,0.0001906411384015
-2645644.5644564535,0.0001906431058215
-2645364.5364536536,0.0001906449064667
-2645084.508450853,0.0001906465398481
-2644804.4804480528,0.0001906480055289
-2644524.452445253,0.0001906493031244
-2644244.4244424524,0.0001906504323023
-2643964.396439652,0.0001906513927829
-2643684.368436852,0.0001906521843386
-2643404.3404340516,0.0001906528067945
-2643124.312431251,0.000190653260028
-2642844.284428451,0.0001906535439691
-2642564.256425651,0.0001906536586001
-2642284.2284228504,0.000190653603956
-2642004.20042005,0.0001906533801237
-2641724.17241725,0.0001906529872428
-2641444.1444144496,0.0001906524255049
-2641164.116411649,0.0001906516951537
-2640884.088408849,0.0001906507964849
-2640604.060406049,0.0001906497298459
-2640324.0324032484,0.0001906484956361
-2640044.0044004484,0.0001906470943062
-2639763.976397648,0.0001906455263582
-2639483.9483948476,0.0001906437923453
-2639203.920392047,0.0001906418928717
-2638923.892389247,0.0001906398285923
-2638643.864386447,0.0001906376002124
-2638363.8363836464,0.0001906352084874
-2638083.8083808464,0.0001906326542228
-2637803.780378046,0.0001906299382736
-2637523.7523752456,0.0001906270615442
-2637243.7243724456,0.000190624024988
-2636963.696369645,0.0001906208296071
-2636683.6683668448,0.0001906174764517
-2636403.6403640443,0.0001906139666204
-2636123.6123612444,0.0001906103012589
-2635843.584358444,0.0001906064815603
-2635563.5563556436,0.0001906025087645
-2635283.5283528436,0.0001905983841578
-2635003.500350043,0.0001905941090722
-2634723.4723472428,0.0001905896848854
-2634443.444344443,0.00019058511302
-2634163.4163416424,0.0001905803949431
-2633883.388338842,0.0001905755321659
-2633603.360336042,0.0001905705262431
-2633323.3323332416,0.0001905653787724
-2633043.304330441,0.0001905600913941
-2632763.2763276407,0.0001905546657904
-2632483.248324841,0.0001905491036847
-2632203.2203220404,0.0001905434068415
-2631923.19231924,0.0001905375770655
-2631643.16431644,0.0001905316162008
-2631363.1363136396,0.0001905255261309
-2631083.108310839,0.0001905193087776
-2630803.080308039,0.0001905129661003
-2630523.052305239,0.0001905065000961
-2630243.0243024384,0.000190499912798
-2629962.996299638,0.0001904932062754
-2629682.968296838,0.0001904863826325
-2629402.9402940376,0.0001904794440084
-2629122.912291237,0.0001904723925757
-2628842.884288437,0.0001904652305403
-2628562.856285637,0.0001904579601406
-2628282.8282828364,0.0001904505836465
-2628002.8002800364,0.000190443103359
-2627722.772277236,0.0001904355216094
-2627442.7442744356,0.0001904278407585
-2627162.716271635,0.0001904200631955
-2626882.688268835,0.0001904121913382
-2626602.660266035,0.000190404227631
-2626322.6322632344,0.0001903961745451
-2626042.6042604344,0.0001903880345774
-2625762.576257634,0.0001903798102493
-2625482.5482548336,0.0001903715041066
-2625202.5202520336,0.0001903631187182
-2624922.492249233,0.0001903546566754
-2624642.4642464328,0.0001903461205913
-2624362.4362436323,0.0001903375130996
-2624082.4082408324,0.000190328836854
-2623802.380238032,0.0001903200945275
-2623522.3522352315,0.000190311288811
-2623242.3242324316,0.0001903024224134
-2622962.296229631,0.0001902934980596
-2622682.2682268308,0.0001902845184907
-2622402.240224031,0.0001902754864623
-2622122.2122212304,0.0001902664047444
-2621842.18421843,0.0001902572761197
-2621562.15621563,0.0001902481033835
-2621282.1282128296,0.0001902388893424
-2621002.100210029,0.0001902296368134
-2620722.0722072287,0.0001902203486234
-2620442.044204429,0.0001902110276078
-2620162.0162016284,0.0001902016766101
-2619881.988198828,0.0001901922984804
-2619601.960196028,0.0001901828960755
-2619321.9321932276,0.0001901734722568
-2619041.904190427,0.0001901640298905
-2618761.876187627,0.000190154571846
-2618481.848184827,0.0001901451009953
-2618201.8201820264,0.000190135620212
-2617921.792179226,0.0001901261323705
-2617641.764176426,0.0001901166403453
-2617361.7361736256,0.0001901071470095
-2617081.708170825,0.0001900976552346
-2616801.680168025,0.0001900881678891
-2616521.652165225,0.0001900786878381
-2616241.6241624244,0.000190069217942
-2615961.5961596244,0.0001900597610557
-2615681.568156824,0.0001900503200278
-2615401.5401540236,0.0001900408977
-2615121.512151223,0.0001900314969056
-2614841.484148423,0.0001900221204692
-2614561.456145623,0.0001900127712054
-2614281.4281428223,0.0001900034519183
-2614001.4001400224,0.0001899941654006
-2613721.372137222,0.0001899849144324
-2613441.3441344216,0.0001899757017807
-2613161.3161316216,0.0001899665301985
-2612881.288128821,0.0001899574024238
-2612601.2601260208,0.000189948321179
-2612321.232123221,0.0001899392891697
-2612041.2041204204,0.0001899303090844
-2611761.17611762,0.0001899213835933
-2611481.1481148195,0.0001899125153475
-2611201.1201120196,0.0001899037069784
-2610921.092109219,0.0001898949610968
-2610641.0641064188,0.000189886280292
-2610361.036103619,0.0001898776671312
-2610081.0081008184,0.0001898691241587
-2609800.980098018,0.0001898606538949
-2609520.952095218,0.0001898522588358
-2609240.9240924176,0.0001898439414523
-2608960.896089617,0.0001898357041891
-2608680.8680868167,0.0001898275494643
-2608400.840084017,0.0001898194796687
-2608120.8120812164,0.0001898114971645
-2607840.784078416,0.0001898036042856
-2607560.756075616,0.000189795803336
-2607280.7280728156,0.0001897880965894
-2607000.700070015,0.0001897804862889
-2606720.672067215,0.0001897729746457
-2606440.644064415,0.0001897655638388
-2606160.6160616144,0.0001897582560144
-2605880.588058814,0.0001897510532852
-2605600.560056014,0.0001897439577295
-2605320.5320532136,0.000189736971391
-2605040.504050413,0.0001897300962781
-2604760.476047613,0.000189723334363
-2604480.448044813,0.0001897166875815
-2604200.4200420124,0.0001897101578323
-2603920.3920392124,0.0001897037469763
-2603640.364036412,0.0001896974568363
-2603360.3360336116,0.0001896912891962
-2603080.308030811,0.0001896852458008
-2602800.280028011,0.0001896793283549
-2602520.2520252108,0.0001896735385233
-2602240.2240224103,0.0001896678779298
-2601960.1960196104,0.000189662348157
-2601680.16801681,0.000189656950746
-2601400.1400140096,0.0001896516871955
-2601120.1120112096,0.0001896465589619
-2600840.084008409,0.0001896415674585
-2600560.0560056088,0.0001896367140551
-2600280.028002809,0.0001896320000781
-2600000.0000000084,0.0001896274268093
