xs,ys
-5399999.999999998,0.00018962586102159266
-5399719.971997198,0.00018962158193010358
-5399439.943994397,0.00018961743597956332
-5399159.915991597,0.00018961342462147607
-5398879.887988797,0.0001896095492668888
-5398599.859985997,0.00018960581128592247
-5398319.831983197,0.00018960221200731598
-5398039.803980396,0.0001895987527179821
-5397759.775977596,0.00018959543466257617
-5397479.747974795,0.00018959225904307766
-5397199.719971996,0.00018958922701838428
-5396919.691969195,0.00018958633970391932
-5396639.663966395,0.000189583598171252
-5396359.635963595,0.00018958100344773125
-5396079.607960794,0.00018957855651613258
-5395799.579957994,0.00018957625831431864
-5395519.551955193,0.00018957410973491346
-5395239.523952394,0.00018957211162499011
-5394959.495949593,0.00018957026478577267
-5394679.467946793,0.0001895685699723516
-5394399.4399439925,0.00018956702789341357
-5394119.411941192,0.00018956563921098516
-5393839.383938392,0.00018956440454019095
-5393559.355935591,0.0001895633244490258
-5393279.327932792,0.0001895623994581415
-5392999.299929991,0.0001895616300406481
-5392719.271927191,0.00018956101662192948
-5392439.2439243905,0.00018956055957947365
-5392159.21592159,0.00018956025924271786
-5391879.18791879,0.00018956011589290825
-5391599.15991599,0.0001895601297629743
-5391319.13191319,0.00018956030103741827
-5391039.103910389,0.00018956062985221934
-5390759.075907589,0.0001895611162947528
-5390479.0479047885,0.00018956176040372413
-5390199.019901988,0.00018956256216911806
-5389918.991899188,0.00018956352153216274
-5389638.963896388,0.00018956463838530895
-5389358.935893588,0.00018956591257222413
-5389078.907890787,0.0001895673438878019
-5388798.879887987,0.0001895689320781863
-5388518.8518851865,0.00018957067684081128
-5388238.823882386,0.00018957257782445527
-5387958.795879587,0.00018957463462931085
-5387678.767876786,0.00018957684680706948
-5387398.739873986,0.00018957921386102123
-5387118.711871185,0.00018958173524616953
-5386838.683868385,0.00018958441036936123
-5386558.6558655845,0.0001895872385894312
-5386278.627862784,0.0001895902192173623
-5385998.599859985,0.00018959335151645995
-5385718.571857184,0.00018959663470254176
-5385438.543854384,0.000189600067944142
-5385158.515851583,0.00018960365036273076
-5384878.487848783,0.00018960738103294787
-5384598.4598459825,0.0001896112589828515
-5384318.431843182,0.00018961528319418131
-5384038.403840383,0.00018961945260263625
-5383758.375837582,0.00018962376609816669
-5383478.347834782,0.00018962822252528087
-5383198.319831981,0.00018963282068336595
-5382918.291829181,0.00018963755932702292
-5382638.2638263805,0.00018964243716641568
-5382358.235823581,0.00018964745286763452
-5382078.207820781,0.00018965260505307286
-5381798.17981798,0.00018965789230181843
-5381518.15181518,0.00018966331315005771
-5381238.123812379,0.00018966886609149425
-5380958.095809579,0.00018967454957778023
-5380678.0678067785,0.00018968036201896153
-5380398.039803979,0.00018968630178393592
-5380118.011801179,0.00018969236720092455
-5379837.983798378,0.00018969855655795592
-5379557.955795578,0.00018970486810336324
-5379277.927792777,0.00018971130004629409
-5378997.899789977,0.0001897178505572326
-5378717.871787177,0.0001897245177685344
-5378437.843784377,0.00018973129977497319
-5378157.815781577,0.00018973819463429978
-5377877.787778776,0.000189745200367813
-5377597.759775976,0.0001897523149609422
-5377317.731773175,0.00018975953636384132
-5377037.703770375,0.00018976686249199445
-5376757.675767575,0.0001897742912268325
-5376477.647764775,0.00018978182041636107
-5376197.619761975,0.00018978944787579875
-5375917.591759174,0.00018979717138822662
-5375637.563756374,0.00018980498870524773
-5375357.535753573,0.00018981289754765716
-5375077.507750773,0.00018982089560612206
-5374797.479747973,0.00018982898054187134
-5374517.451745173,0.00018983714998739546
-5374237.423742373,0.00018984540154715518
-5373957.395739572,0.00018985373279829993
-5373677.367736772,0.000189862141291395
-5373397.339733971,0.00018987062455115756
-5373117.311731172,0.00018987918007720134
-5372837.283728371,0.00018988780534478963
-5372557.255725571,0.00018989649780559644
-5372277.227722771,0.00018990525488847543
-5371997.19971997,0.00018991407400023675
-5371717.17171717,0.0001899229525264312
-5371437.143714369,0.00018993188783214158
-5371157.11571157,0.00018994087726278088
-5370877.087708769,0.00018994991814489772
-5370597.059705969,0.00018995900778698751
-5370317.0317031685,0.0001899681434803105
-5370037.003700368,0.0001899773224997154
-5369756.975697568,0.00018998654210446912
-5369476.947694767,0.00018999579953909152
-5369196.919691968,0.0001900050920341958
-5368916.891689167,0.0001900144168073339
-5368636.863686367,0.00019002377106384607
-5368356.8356835665,0.00019003315199771567
-5368076.807680766,0.0001900425567924276
-5367796.779677966,0.00019005198262183085
-5367516.751675166,0.0001900614266510049
-5367236.723672366,0.00019007088603712938
-5366956.695669565,0.00019008035793035668
-5366676.667666765,0.00019008983947468785
-5366396.6396639645,0.00019009932780885083
-5366116.611661164,0.00019010882006718118
-5365836.583658364,0.00019011831338050473
-5365556.555655564,0.0001901278048770221
-5365276.527652764,0.00019013729168319496
-5364996.499649963,0.00019014677092463316
-5364716.471647163,0.00019015623972698303
-5364436.4436443625,0.0001901656952168166
-5364156.415641562,0.00019017513452252086
-5363876.387638763,0.00019018455477518755
-5363596.359635962,0.0001901939531095026
-5363316.331633162,0.0001902033266646353
-5363036.303630361,0.00019021267258512669
-5362756.275627561,0.00019022198802177718
-5362476.2476247605,0.00019023127013253287
-5362196.21962196,0.00019024051608337045
-5361916.191619161,0.00019024972304918007
-5361636.16361636,0.00019025888821464672
-5361356.13561356,0.00019026800877512863
-5361076.107610759,0.00019027708193753367
-5360796.079607959,0.00019028610492119254
-5360516.0516051585,0.00019029507495872902
-5360236.023602358,0.00019030398929692664
-5359955.995599559,0.00019031284519759197
-5359675.967596758,0.00019032163993841367
-5359395.939593958,0.00019033037081381743
-5359115.911591157,0.00019033903513581657
-5358835.883588357,0.00019034763023485774
-5358555.8555855565,0.00019035615346066166
-5358275.827582757,0.00019036460218305865
-5357995.799579957,0.00019037297379281858
-5357715.771577156,0.00019038126570247488
-5357435.743574356,0.0001903894753471429
-5357155.715571555,0.0001903976001853314
-5356875.687568755,0.0001904056376997481
-5356595.6595659545,0.00019041358539809784
-5356315.631563155,0.00019042144081387398
-5356035.603560355,0.00019042920150714256
-5355755.575557554,0.00019043686506531852
-5355475.547554754,0.0001904444291039345
-5355195.519551953,0.0001904518912674012
-5354915.491549153,0.00019045924922975999
-5354635.463546353,0.0001904665006954262
-5354355.435543553,0.00019047364339992452
-5354075.407540753,0.0001904806751106145
-5353795.379537952,0.00019048759362740755
-5353515.351535152,0.00019049439678347403
-5353235.323532351,0.0001905010824459408
-5352955.295529551,0.0001905076485165787
-5352675.267526751,0.0001905140929324802
-5352395.239523951,0.0001905204136667264
-5352115.211521151,0.00019052660872904343
-5351835.18351835,0.00019053267616644836
-5351555.15551555,0.0001905386140638838
-5351275.127512749,0.00019054442054484156
-5350995.099509949,0.0001905500937719746
-5350715.071507149,0.00019055563194769772
-5350435.043504349,0.00019056103331477627
-5350155.015501549,0.00019056629615690274
-5349874.987498748,0.0001905714187992616
-5349594.959495948,0.00019057639960908126
-5349314.931493147,0.00019058123699617382
-5349034.903490348,0.00019058592941346213
-5348754.875487547,0.00019059047535749374
-5348474.847484747,0.00019059487336894185
-5348194.8194819465,0.00019059912203309325
-5347914.791479146,0.00019060321998032255
-5347634.763476346,0.00019060716588655316
-5347354.735473545,0.0001906109584737043
-5347074.707470746,0.00019061459651012436
-5346794.679467945,0.00019061807881101025
-5346514.651465145,0.0001906214042388125
-5346234.6234623445,0.00019062457170362617
-5345954.595459544,0.00019062758016356732
-5345674.567456744,0.00019063042862513507
-5345394.539453944,0.0001906331161435588
-5345114.511451144,0.00019063564182313073
-5344834.483448343,0.00019063800481752352
-5344554.455445543,0.00019064020433009302
-5344274.4274427425,0.00019064223961416562
-5343994.399439942,0.0001906441099733108
-5343714.371437142,0.0001906458147615979
-5343434.343434342,0.00019064735338383799
-5343154.315431542,0.00019064872529580984
-5342874.287428741,0.0001906499300044706
-5342594.259425941,0.00019065096706815068
-5342314.2314231405,0.00019065183609673296
-5342034.20342034,0.0001906525367518162
-5341754.17541754,0.0001906530687468627
-5341474.14741474,0.0001906534318473299
-5341194.11941194,0.0001906536258707861
-5340914.091409139,0.00019065365068701015
-5340634.063406339,0.00019065350621807518
-5340354.0354035385,0.000190653192438416
-5340074.007400738,0.00019065270937488056
-5339793.979397939,0.0001906520571067654
-5339513.951395138,0.0001906512357658344
-5339233.923392338,0.0001906502455363219
-5338953.895389537,0.0001906490866549194
-5338673.867386737,0.00019064775941074572
-5338393.8393839365,0.00019064626414530152
-5338113.811381136,0.00019064460125240711
-5337833.783378337,0.00019064277117812422
-5337553.755375536,0.00019064077442066155
-5337273.727372736,0.00019063861153026423
-5336993.699369935,0.00019063628310908684
-5336713.671367135,0.0001906337898110505
-5336433.6433643345,0.00019063113234168375
-5336153.615361534,0.00019062831145794746
-5335873.587358735,0.0001906253279680435
-5335593.559355934,0.00019062218273120754
-5335313.531353134,0.00019061887665748593
-5335033.503350333,0.00019061541070749662
-5334753.475347533,0.0001906117858921743
-5334473.4473447325,0.00019060800327249964
-5334193.419341933,0.00019060406395921315
-5333913.391339133,0.00019059996911251299
-5333633.363336332,0.00019059571994173763
-5333353.335333532,0.00019059131770503285
-5333073.307330731,0.0001905867637090034
-5332793.279327931,0.00019058205930834937
-5332513.25132513,0.0001905772059054876
-5332233.223322331,0.00019057220495015775
-5331953.195319531,0.0001905670579390134
-5331673.16731673,0.0001905617664151987
-5331393.13931393,0.00019055633196790985
-5331113.111311129,0.0001905507562319422
-5330833.083308329,0.00019054504088722286
-5330553.055305529,0.00019053918765832897
-5330273.027302729,0.0001905331983139916
-5329992.999299929,0.000190527074666586
-5329712.971297128,0.0001905208185716074
-5329432.943294328,0.00019051443192713346
-5329152.915291527,0.00019050791667327296
-5328872.887288727,0.00019050127479160097
-5328592.859285927,0.00019049450830458092
-5328312.831283127,0.0001904876192749732
-5328032.803280327,0.0001904806098052313
-5327752.775277526,0.00019047348203688478
-5327472.747274726,0.00019046623814990984
-5327192.719271925,0.00019045888036208733
-5326912.691269125,0.00019045141092834873
-5326632.663266325,0.00019044383214010993
-5326352.635263525,0.00019043614632459322
-5326072.6072607245,0.00019042835584413782
-5325792.579257924,0.00019042046309549862
-5325512.551255124,0.00019041247050913406
-5325232.523252323,0.00019040438054848276
-5324952.495249524,0.00019039619570922946
-5324672.467246723,0.0001903879185185603
-5324392.439243923,0.00019037955153440773
-5324112.4112411225,0.00019037109734468561
-5323832.383238322,0.00019036255856651378
-5323552.355235522,0.00019035393784543349
-5323272.327232721,0.00019034523785461314
-5322992.299229922,0.00019033646129404494
-5322712.271227121,0.00019032761088973234
-5322432.243224321,0.00019031868939286918
-5322152.2152215205,0.00019030969957901
-5321872.18721872,0.0001903006442472322
-5321592.15921592,0.00019029152621929035
-5321312.13121312,0.00019028234833876252
-5321032.10321032,0.00019027311347018957
-5320752.075207519,0.00019026382449820677
-5320472.047204719,0.00019025448432666886
-5320192.0192019185,0.00019024509587776812
-5319911.991199118,0.00019023566209114628
-5319631.963196318,0.00019022618592300019
-5319351.935193518,0.00019021667034518146
-5319071.907190718,0.00019020711834429085
-5318791.879187917,0.00019019753292076705
-5318511.851185117,0.00019018791708797056
-5318231.8231823165,0.00019017827387126266
-5317951.795179516,0.00019016860630708012
-5317671.767176716,0.00019015891744200548
-5317391.739173916,0.00019014921033183355
-5317111.711171116,0.00019013948804063414
-5316831.683168315,0.00019012975363981167
-5316551.655165515,0.0001901200102071615
-5316271.6271627145,0.0001901102608259236
-5315991.599159914,0.00019010050858383367
-5315711.571157115,0.00019009075657217212
-5315431.543154314,0.0001900810078848111
-5315151.515151514,0.00019007126561726006
-5314871.487148713,0.00019006153286570978
-5314591.459145913,0.00019005181272607562
-5314311.4311431125,0.0001900421082930398
-5314031.403140312,0.00019003242265909343
-5313751.375137513,0.0001900227589135784
-5313471.347134712,0.00019001312014172922
-5313191.319131912,0.0001900035094237157
-5312911.291129111,0.00018999392983368602
-5312631.263126311,0.00018998438443881106
-5312351.2351235105,0.00018997487629832994
-5312071.207120711,0.00018996540846259746
-5311791.179117911,0.00018995598397213297
-5311511.15111511,0.00018994660585667215
-5311231.12311231,0.00018993727713422076
-5310951.095109509,0.0001899280008101115
-5310671.067106709,0.0001899187798760638
-5310391.039103908,0.00018990961730924735
-5310111.011101109,0.00018990051607134897
-5309830.983098309,0.0001898914791076434
-5309550.955095508,0.0001898825093460691
-5309270.927092708,0.00018987360969630756
-5308990.899089907,0.00018986478304886851
-5308710.871087107,0.00018985603227417942
-5308430.843084306,0.00018984736022168098
-5308150.815081507,0.00018983876971892812
-5307870.787078707,0.00018983026357069691
-5307590.759075906,0.00018982184455809806
-5307310.731073106,0.00018981351543769656
-5307030.703070305,0.00018980527894063858
-5306750.675067505,0.00018979713777178518
-5306470.647064705,0.00018978909460885354
-5306190.619061905,0.00018978115210156572
-5305910.591059105,0.00018977331287080564
-5305630.563056304,0.00018976557950778388
-5305350.535053504,0.00018975795457321125
-5305070.507050703,0.00018975044059648085
-5304790.479047903,0.0001897430400748593
-5304510.451045103,0.00018973575547268705
-5304230.423042303,0.00018972858922058832
-5303950.3950395025,0.0001897215437146907
-5303670.367036702,0.00018971462131585484
-5303390.339033902,0.00018970782434891417
-5303110.311031101,0.00018970115510192535
-5302830.283028301,0.0001896946158254294
-5302550.255025501,0.00018968820873172364
-5302270.227022701,0.00018968193599414493
-5301990.1990199005,0.00018967579974636445
-5301710.1710171,0.00018966980208169393
-5301430.1430143,0.00018966394505240384
-5301150.115011499,0.00018965823066905386
-5300870.0870087,0.0001896526608998353
-5300590.059005899,0.0001896472376699263
-5300310.031003099,0.00018964196286085997
-5300030.0030002985,0.0001896368383099049
-5299749.974997498,0.00018963186580945937
-5299469.946994698,0.00018962704710645865
-5299189.918991897,0.00018962238390179593
-5298909.890989098,0.00018961787784975689
-5298629.862986297,0.0001896135305574682
-5298349.834983497,0.0001896093435843604
-5298069.8069806965,0.00018960531844164455
-5297789.778977896,0.00018960145659180382
-5297509.750975096,0.00018959775944809939
-5297229.722972296,0.0001895942283740913
-5296949.694969496,0.0001895908646831742
-5296669.666966695,0.00018958766963812814
-5296389.638963895,0.00018958464445068479
-5296109.6109610945,0.0001895817902811089
-5295829.582958294,0.0001895791082377953
-5295549.554955494,0.00018957659937688184
-5295269.526952694,0.0001895742647018777
-5294989.498949894,0.00018957210516330812
-5294709.470947093,0.00018957012165837488
-5294429.442944293,0.00018956831503063308
-5294149.4149414925,0.0001895666860696842
-5293869.386938692,0.0001895652355108857
-5293589.358935893,0.0001895639640350768
-5293309.330933092,0.0001895628722683213
-5293029.302930292,0.00018956196078166683
-5292749.274927491,0.00018956123009092088
-5292469.246924691,0.00018956068065644394
-5292189.2189218905,0.00018956031288295934
-5291909.19091909,0.00018956012711938026
-5291629.162916291,0.00018956012365865384
-5291349.13491349,0.00018956030273762243
-5291069.10691069,0.000189560664536902
-5290789.078907889,0.00018956120918077793
-5290509.050905089,0.00018956193673711803
-5290229.0229022885,0.00018956284721730296
-5289948.994899488,0.00018956394057617406
-5289668.966896689,0.0001895652167119986
-5289388.938893888,0.00018956667546645247
-5289108.910891088,0.00018956831662462028
-5288828.882888287,0.00018957013991501316
-5288548.854885487,0.00018957214500960374
-5288268.8268826865,0.000189574331523879
-5287988.798879887,0.00018957669901691033
-5287708.770877087,0.00018957924699144113
-5287428.742874286,0.00018958197489399214
-5287148.714871486,0.0001895848821149838
-5286868.686868685,0.00018958796798887657
-5286588.658865885,0.0001895912317943282
-5286308.630863084,0.0001895946727543686
-5286028.602860285,0.00018959829003659218
-5285748.574857485,0.00018960208275336718
-5285468.546854684,0.00018960604996206247
-5285188.518851884,0.00018961019066529147
-5284908.490849083,0.0001896145038111732
-5284628.462846283,0.0001896189882936105
-5284348.434843482,0.00018962364295258504
-5284068.406840683,0.0001896284665744694
-5283788.378837883,0.000189633457892356
-5283508.350835082,0.00018963861558640274
-5283228.322832282,0.00018964393828419513
-5282948.294829481,0.00018964942456112545
-5282668.266826681,0.00018965507294078771
-5282388.238823881,0.00018966088189538956
-5282108.210821081,0.00018966684984618017
-5281828.1828182805,0.0001896729751638941
-5281548.15481548,0.00018967925616921147
-5281268.12681268,0.00018968569113323374
-5280988.098809879,0.00018969227827797536
-5280708.070807079,0.00018969901577687104
-5280428.042804279,0.00018970590175529828
-5280148.014801479,0.00018971293429111559
-5279867.9867986785,0.0001897201114152153
-5279587.958795878,0.00018972743111209185
-5279307.930793078,0.00018973489132042483
-5279027.902790277,0.00018974248993367638
-5278747.874787478,0.00018975022480070345
-5278467.846784677,0.00018975809372638423
-5278187.818781877,0.00018976609447225861
-5277907.7907790765,0.00018977422475718276
-5277627.762776276,0.00018978248225799742
-5277347.734773476,0.00018979086461020972
-5277067.706770675,0.00018979936940868836
-5276787.678767876,0.00018980799420837194
-5276507.650765075,0.00018981673652499048
-5276227.622762275,0.00018982559383579924
-5275947.5947594745,0.00018983456358032547
-5275667.566756674,0.00018984364316112728
-5275387.538753874,0.0001898528299445646
-5275107.510751073,0.00018986212126158222
-5274827.482748274,0.00018987151440850387
-5274547.454745473,0.00018988100664783862
-5274267.426742673,0.00018989059520909744
-5273987.3987398725,0.0001899002772896214
-5273707.370737072,0.00018991005005542018
-5273427.342734272,0.00018991991064202114
-5273147.314731472,0.00018992985615532836
-5272867.286728672,0.00018993988367249195
-5272587.258725871,0.00018994999024278655
-5272307.230723071,0.00018996017288849953
-5272027.2027202705,0.00018997042860582824
-5271747.17471747,0.000189980754365786
-5271467.14671467,0.00018999114711511686
-5271187.11871187,0.00019000160377721838
-5270907.09070907,0.00019001212125307283
-5270627.062706269,0.0001900226964221856
-5270347.034703469,0.0001900333261435316
-5270067.0067006685,0.00019004400725650854
-5269786.978697868,0.00019005473658189706
-5269506.950695069,0.0001900655109228276
-5269226.922692268,0.00019007632706575362
-5268946.894689468,0.00019008718178143056
-5268666.866686667,0.00019009807182590079
-5268386.838683867,0.00019010899394148367
-5268106.8106810665,0.00019011994485777122
-5267826.782678266,0.00019013092129262788
-5267546.754675467,0.0001901419199531955
-5267266.726672666,0.00019015293753690205
-5266986.698669866,0.0001901639707324743
-5266706.670667065,0.00019017501622095427
-5266426.642664265,0.0001901860706767186
-5266146.6146614645,0.00019019713076850144
-5265866.586658664,0.00019020819316041914
-5265586.558655865,0.0001902192545129982
-5265306.530653064,0.00019023031148420464
-5265026.502650264,0.00019024136073047504
-5264746.474647463,0.00019025239890774936
-5264466.446644663,0.00019026342267250442
-5264186.418641862,0.00019027442868278845
-5263906.390639063,0.00019028541359925573
-5263626.362636263,0.00019029637408620178
-5263346.334633462,0.00019030730681259773
-5263066.306630662,0.00019031820845312472
-5262786.278627861,0.00019032907568920717
-5262506.250625061,0.0001903399052100449
-5262226.22262226,0.00019035069371364379
-5261946.194619461,0.00019036143790784456
-5261666.166616661,0.0001903721345113497
-5261386.13861386,0.00019038278025474738
-5261106.11061106,0.00019039337188153318
-5260826.082608259,0.00019040390614912837
-5260546.054605459,0.000190414379829895
-5260266.026602659,0.00019042478971214696
-5259985.998599859,0.00019043513260115757
-5259705.970597059,0.00019044540532016203
-5259425.942594258,0.0001904556047113559
-5259145.914591458,0.00019046572763688828
-5258865.886588657,0.0001904757709798497
-5258585.858585857,0.0001904857316452545
-5258305.830583057,0.00019049560656101729
-5258025.802580257,0.0001905053926789232
-5257745.7745774565,0.00019051508697559138
-5257465.746574656,0.00019052468645343215
-5257185.718571856,0.00019053418814159658
-5256905.690569055,0.0001905435890969189
-5256625.662566255,0.00019055288640485108
-5256345.634563455,0.00019056207718038944
-5256065.606560655,0.00019057115856899295
-5255785.5785578545,0.00019058012774749285
-5255505.550555054,0.0001905889819249935
-5255225.522552254,0.000190597718343764
-5254945.494549453,0.00019060633428012033
-5254665.466546654,0.00019061482704529775
-5254385.438543853,0.00019062319398631335
-5254105.410541053,0.00019063143248681787
-5253825.3825382525,0.00019063953996793754
-5253545.354535452,0.0001906475138891046
-5253265.326532652,0.000190655351748877
-5252985.298529851,0.00019066305108574668
-5252705.270527052,0.00019067060947893603
-5252425.242524251,0.00019067802454918284
-5252145.214521451,0.00019068529395951277
-5251865.1865186505,0.00019069241541599965
-5251585.15851585,0.000190699386668513
-5251305.13051305,0.00019070620551145292
-5251025.102510249,0.00019071286978447158
-5250745.07450745,0.00019071937737318142
-5250465.046504649,0.00019072572620985024
-5250185.018501849,0.00019073191427408163
-5249904.9904990485,0.00019073793959348222
-5249624.962496248,0.0001907438002443141
-5249344.934493448,0.00019074949435213316
-5249064.906490648,0.00019075502009241257
-5248784.878487848,0.00019076037569115147
-5248504.850485047,0.0001907655594254685
-5248224.822482247,0.00019077056962418015
-5247944.7944794465,0.00019077540466836364
-5247664.766476646,0.00019078006299190408
-5247384.738473846,0.000190784543082026
-5247104.710471046,0.00019078884347980844
-5246824.682468246,0.00019079296278068454
-5246544.654465445,0.000190796899634924
-5246264.626462645,0.00019080065274809963
-5245984.5984598445,0.00019080422088153695
-5245704.570457044,0.000190807602852747
-5245424.542454245,0.00019081079753584222
-5245144.514451444,0.00019081380386193518
-5244864.486448644,0.00019081662081952
-5244584.458445843,0.00019081924745483657
-5244304.430443043,0.00019082168287221695
-5244024.4024402425,0.00019082392623441443
-5243744.374437442,0.00019082597676291463
-5243464.346434643,0.0001908278337382288
-5243184.318431842,0.00019082949650016918
-5242904.290429042,0.00019083096444810627
-5242624.262426241,0.00019083223704120773
-5242344.234423441,0.00019083331379865937
-5242064.20642064,0.00019083419429986761
-5241784.178417841,0.0001908348781846433
-5241504.150415041,0.00019083536515336752
-5241224.12241224,0.00019083565496713837
-5240944.09440944,0.00019083574744789935
-5240664.066406639,0.000190835642478549
-5240384.038403839,0.00019083534000303184
-5240104.010401038,0.0001908348400264105
-5239823.982398239,0.00019083414261491892
-5239543.954395439,0.00019083324789599698
-5239263.926392638,0.00019083215605830595
-5238983.898389838,0.00019083086735172512
-5238703.870387037,0.00019082938208732974
-5238423.842384237,0.00019082770063734965
-5238143.814381436,0.0001908258234351092
-5237863.786378637,0.00019082375097494836
-5237583.758375837,0.0001908214838121245
-5237303.730373036,0.00019081902256269572
-5237023.702370236,0.000190816367903385
-5236743.674367435,0.00019081352057142548
-5236463.646364635,0.00019081048136438718
-5236183.618361834,0.00019080725113998455
-5235903.590359035,0.00019080383081586548
-5235623.5623562345,0.00019080022136938157
-5235343.534353434,0.00019079642383733978
-5235063.506350634,0.0001907924393157354
-5234783.478347833,0.00019078826895946646
-5234503.450345033,0.00019078391398202988
-5234223.422342233,0.00019077937565519908
-5233943.394339433,0.0001907746553086832
-5233663.3663366325,0.00019076975432976846
-5233383.338333832,0.00019076467416294092
-5233103.310331032,0.00019075941630949177
-5232823.282328231,0.0001907539823271042
-5232543.254325431,0.00019074837382942282
-5232263.226322631,0.0001907425924856053
-5231983.198319831,0.00019073664001985626
-5231703.1703170305,0.00019073051821094425
-5231423.14231423,0.0001907242288917007
-5231143.11431143,0.00019071777394850242
-5230863.086308629,0.00019071115532073662
-5230583.05830583,0.00019070437500024918
-5230303.030303029,0.00019069743503077638
-5230023.002300229,0.00019069033750735993
-5229742.9742974285,0.00019068308457574553
-5229462.946294628,0.0001906756784317655
-5229182.918291828,0.00019066812132070512
-5228902.890289027,0.00019066041553665318
-5228622.862286228,0.00019065256342183697
-5228342.834283427,0.00019064456736594168
-5228062.806280627,0.00019063642980541453
-5227782.7782778265,0.00019062815322275388
-5227502.750275026,0.0001906197401457835
-5227222.722272226,0.000190611193146912
-5226942.694269426,0.0001906025148423779
-5226662.666266626,0.0001905937078914807
-5226382.638263825,0.00019058477499579756
-5226102.610261025,0.00019057571889838644
-5225822.5822582245,0.00019056654238297572
-5225542.554255424,0.00019055724827314046
-5225262.526252624,0.00019054783943146545
-5224982.498249824,0.00019053831875869581
-5224702.470247024,0.0001905286891928746
-5224422.442244223,0.00019051895370846846
-5224142.414241423,0.00019050911531548118
-5223862.3862386225,0.00019049917705855513
-5223582.358235822,0.00019048914201606168
-5223302.330233022,0.00019047901329917992
-5223022.302230222,0.00019046879405096472
-5222742.274227422,0.0001904584874454039
-5222462.246224621,0.00019044809668646525
-5222182.218221821,0.00019043762500713297
-5221902.1902190205,0.00019042707566843472
-5221622.16221622,0.00019041645195845894
-5221342.134213421,0.00019040575719136274
-5221062.10621062,0.00019039499470637118
-5220782.07820782,0.00019038416786676764
-5220502.050205019,0.00019037328005887597
-5220222.022202219,0.00019036233469103445
-5219941.994199418,0.00019035133519256216
-5219661.966196618,0.00019034028501271788
-5219381.938193819,0.00019032918761965187
-5219101.910191018,0.00019031804649935076
-5218821.882188218,0.00019030686515457618
-5218541.854185417,0.0001902956471037972
-5218261.826182617,0.00019028439588011654
-5217981.798179816,0.00019027311503019202
-5217701.770177016,0.00019026180811315216
-5217421.742174217,0.00019025047869950727
-5217141.714171416,0.0001902391303700559
-5216861.686168616,0.00019022776671478734
-5216581.658165815,0.00019021639133178002
-5216301.630163015,0.00019020500782609642
-5216021.602160214,0.00019019361980867497
-5215741.574157415,0.00019018223089521915
-5215461.546154615,0.00019017084470508372
-5215181.518151814,0.0001901594648601593
-5214901.490149014,0.000190148094983755
-5214621.462146213,0.00019013673869947917
-5214341.434143413,0.00019012539963011977
-5214061.406140612,0.0001901140813965233
-5213781.378137813,0.00019010278761647377
-5213501.3501350125,0.00019009152190357123
-5213221.322132212,0.00019008028786611088
-5212941.294129412,0.0001900690891059626
-5212661.266126611,0.00019005792921745153
-5212381.238123811,0.00019004681178623982
-5212101.210121011,0.00019003574038821023
-5211821.182118211,0.0001900247185883515
-5211541.1541154105,0.0001900137499396464
-5211261.12611261,0.00019000283798196207
-5210981.09810981,0.00018999198624094363
-5210701.070107009,0.0001899811982269112
-5210421.042104209,0.00018997047743376047
-5210141.014101409,0.00018995982733786756
-5209860.986098609,0.00018994925139699788
-5209580.9580958085,0.0001899387530492204
-5209300.930093008,0.00018992833571182638
-5209020.902090208,0.00018991800278025383
-5208740.874087407,0.00018990775762701766
-5208460.846084608,0.00018989760360064604
-5208180.818081807,0.00018988754402462287
-5207900.790079007,0.00018987758219633755
-5207620.7620762065,0.00018986772138604135
-5207340.734073406,0.00018985796483581138
-5207060.706070606,0.00018984831575852244
-5206780.678067805,0.00018983877733682675
-5206500.650065006,0.0001898293527221422
-5206220.622062205,0.00018982004503364925
-5205940.594059405,0.00018981085735729687
-5205660.5660566045,0.000189801792744818
-5205380.538053804,0.0001897928542127544
-5205100.510051004,0.00018978404474149154
-5204820.482048203,0.0001897753672743041
-5204540.454045404,0.0001897668247164115
-5204260.426042603,0.00018975841993404478
-5203980.398039803,0.00018975015575352448
-5203700.3700370025,0.00018974203496034995
-5203420.342034202,0.00018973406029830058
-5203140.314031402,0.00018972623446854894
-5202860.286028602,0.00018971856012878639
-5202580.258025802,0.00018971103989236108
-5202300.230023001,0.00018970367632742936
-5202020.202020201,0.00018969647195611974
-5201740.1740174005,0.00018968942925371078
-5201460.1460146,0.00018968255064782241
-5201180.1180118,0.00018967583851762135
-5200900.090009,0.0001896692951930408
-5200620.0620062,0.00018966292295401449
-5200340.034003399,0.00018965672402972557
-5200060.006000599,0.00018965070059787052
-5199779.9779977985,0.00018964485478393815
-5199499.949994998,0.0001896391886605041
-5199219.921992198,0.00018963370424654116
-5198939.893989398,0.00018962840350674547
-5198659.865986598,0.00018962328835087859
-5198379.837983797,0.00018961836063312635
-5198099.809980997,0.00018961362215147413
-5197819.781978196,0.00018960907464709865
-5197539.753975396,0.00018960471980377722
-5197259.725972597,0.0001896005592473138
-5196979.697969796,0.00018959659454498257
-5196699.669966996,0.00018959282720498911
-5196419.641964195,0.0001895892586759493
-5196139.613961395,0.00018958589034638612
-5195859.585958594,0.00018958272354424445
-5195579.557955794,0.00018957975953642445
-5195299.529952995,0.00018957699952833304
-5195019.501950194,0.00018957444466345409
-5194739.473947394,0.00018957209602293734
-5194459.445944593,0.0001895699546252062
-5194179.417941793,0.0001895680214255846
-5193899.389938992,0.00018956629731594287
-5193619.361936193,0.00018956478312436305
-5193339.333933393,0.00018956347961482338
-5193059.305930592,0.00018956238748690262
-5192779.277927792,0.00018956150737550363
-5192499.249924991,0.00018956083985059702
-5192219.221922191,0.00018956038541698432
-5191939.19391939,0.0001895601445140812
-5191659.165916591,0.00018956011751572078
-5191379.1379137905,0.00018956030472997687
-5191099.10991099,0.00018956070639900737
-5190819.08190819,0.00018956132269891803
-5190539.053905389,0.00018956215373964628
-5190259.025902589,0.00018956319956486562
-5189978.997899788,0.0001895644601519102
-5189698.969896989,0.0001895659354117199
-5189418.9418941885,0.00018956762518880589
-5189138.913891388,0.00018956952926123675
-5188858.885888588,0.00018957164734064488
-5188578.857885787,0.00018957397907225367
-5188298.829882987,0.0001895765240349251
-5188018.801880187,0.00018957928174122786
-5187738.773877387,0.0001895822516375262
-5187458.7458745865,0.00018958543310408898
-5187178.717871786,0.00018958882545521961
-5186898.689868986,0.00018959242793940628
-5186618.661866185,0.00018959623973949265
-5186338.633863385,0.00018960025997286905
-5186058.605860585,0.00018960448769168417
-5185778.577857785,0.00018960892188307684
-5185498.5498549845,0.00018961356146942845
-5185218.521852184,0.0001896184053086352
-5184938.493849384,0.000189623452194401
-5184658.465846583,0.00018962870085655013
-5184378.437843783,0.00018963414996136
-5184098.409840983,0.00018963979811191392
-5183818.381838183,0.0001896456438484738
-5183538.3538353825,0.0001896516856488723
-5183258.325832582,0.00018965792192892502
-5182978.297829782,0.00018966435104286194
-5182698.269826981,0.0001896709712837784
-5182418.241824182,0.00018967778088410547
-5182138.213821381,0.00018968477801609948
-5181858.185818581,0.0001896919607923503
-5181578.1578157805,0.00018969932726630906
-5181298.12981298,0.00018970687543283418
-5181018.10181018,0.00018971460322875618
-5180738.073807379,0.00018972250853346116
-5180458.04580458,0.0001897305891694921
-5180178.017801779,0.0001897388429031688
-5179897.989798979,0.00018974726744522532
-5179617.9617961785,0.0001897558604514656
-5179337.933793378,0.00018976461952343625
-5179057.905790578,0.00018977354220911725
-5178777.877787778,0.00018978262600362922
-5178497.849784978,0.00018979186834995837
-5178217.821782177,0.00018980126663969762
-5177937.793779377,0.0001898108182138046
-5177657.7657765765,0.0001898205203633762
-5177377.737773776,0.0001898303703304387
-5177097.709770976,0.0001898403653087544
-5176817.681768176,0.00018985050244464351
-5176537.653765376,0.0001898607788378218
-5176257.625762575,0.0001898711915422529
-5175977.597759775,0.00018988173756701626
-5175697.5697569745,0.00018989241387718927
-5175417.541754174,0.00018990321739474394
-5175137.513751375,0.00018991414499945782
-5174857.485748574,0.00018992519352983885
-5174577.457745774,0.00018993635978406355
-5174297.429742973,0.0001899476405209289
-5174017.401740173,0.00018995903246081714
-5173737.373737372,0.00018997053228667331
-5173457.345734572,0.00018998213664499537
-5173177.317731773,0.00018999384214683632
-5172897.289728972,0.0001900056453688187
-5172617.261726172,0.00019001754285416
-5172337.233723371,0.00019002953111370985
-5172057.205720571,0.00019004160662699815
-5171777.17771777,0.00019005376584329365
-5171497.14971497,0.0001900660051826731
-5171217.121712171,0.00019007832103710024
-5170937.09370937,0.00019009070977151475
-5170657.06570657,0.00019010316772493025
-5170377.037703769,0.00019011569121154168
-5170097.009700969,0.00019012827652184117
-5169816.981698168,0.00019014091992374243
-5169536.953695369,0.00019015361766371296
-5169256.9256925685,0.0001901663659679145
-5168976.897689768,0.00019017916104334992
-5168696.869686968,0.0001901919990790182
-5168416.841684167,0.00019020487624707509
-5168136.813681367,0.00019021778870400083
-5167856.785678566,0.00019023073259177332
-5167576.757675767,0.00019024370403904707
-5167296.7296729665,0.00019025669916233765
-5167016.701670166,0.00019026971406721038
-5166736.673667366,0.00019028274484947418
-5166456.645664565,0.00019029578759637914
-5166176.617661765,0.0001903088383878182
-5165896.589658964,0.0001903218932975319
-5165616.561656165,0.00019033494839431651
-5165336.5336533645,0.00019034799974323473
-5165056.505650564,0.0001903610434068284
-5164776.477647764,0.00019037407544633363
-5164496.449644963,0.0001903870919228972
-5164216.421642163,0.00019040008889879424
-5163936.393639363,0.00019041306243864657
-5163656.365636563,0.0001904260086106419
-5163376.3376337625,0.0001904389234877524
-5163096.309630962,0.00019045180314895366
-5162816.281628162,0.00019046464368044247
-5162536.253625361,0.00019047744117685382
-5162256.225622561,0.00019049019174247628
-5161976.197619761,0.00019050289149246565
-5161696.169616961,0.00019051553655405652
-5161416.1416141605,0.00019052812306777082
-5161136.11361136,0.00019054064718862406
-5160856.08560856,0.00019055310508732766
-5160576.057605759,0.00019056549295148805
-5160296.02960296,0.00019057780698680126
-5160016.001600159,0.0001905900434182436
-5159735.973597359,0.0001906021984912569
-5159455.9455945585,0.000190614268472929
-5159175.917591758,0.0001906262496531686
-5158895.889588958,0.00019063813834587417
-5158615.861586157,0.00019064993089009644
-5158335.833583358,0.0001906616236511944
-5158055.805580557,0.00019067321302198434
-5157775.777577757,0.00019068469542388113
-5157495.7495749565,0.00019069606730803232
-5157215.721572156,0.00019070732515644357
-5156935.693569356,0.0001907184654830962
-5156655.665566556,0.00019072948483505535
-5156375.637563756,0.0001907403797935695
-5156095.609560955,0.00019075114697516025
-5155815.581558155,0.000190761783032702
-5155535.5535553545,0.00019077228465649206
-5155255.525552554,0.00019078264857530966
-5154975.497549754,0.00019079287155746437
-5154695.469546954,0.00019080295041183317
-5154415.441544154,0.00019081288198888625
-5154135.413541353,0.00019082266318170052
-5153855.385538553,0.0001908322909269614
-5153575.3575357525,0.00019084176220595167
-5153295.329532952,0.00019085107404552792
-5153015.301530152,0.00019086022351908353
-5152735.273527352,0.00019086920774749827
-5152455.245524552,0.0001908780239000744
-5152175.217521751,0.0001908866691954583
-5151895.189518951,0.00019089514090254802
-5151615.16151615,0.00019090343634138625
-5151335.13351335,0.00019091155288403802
-5151055.10551055,0.00019091948795545358
-5150775.07750775,0.00019092723903431534
-5150495.04950495,0.00019093480365386963
-5150215.021502149,0.00019094217940274162
-5149934.993499349,0.00019094936392573467
-5149654.965496548,0.00019095635492461261
-5149374.937493748,0.00019096315015886543
-5149094.909490949,0.0001909697474464577
-5148814.881488148,0.00019097614466455996
-5148534.853485348,0.00019098233975026202
-5148254.825482547,0.0001909883307012689
-5147974.797479747,0.0001909941155765786
-5147694.769476946,0.0001909996924971414
-5147414.741474146,0.00019100505964650101
-5147134.713471347,0.00019101021527141655
-5146854.685468546,0.00019101515768246615
-5146574.657465746,0.00019101988525463087
-5146294.629462945,0.00019102439642785967
-5146014.601460145,0.00019102868970761487
-5145734.573457344,0.00019103276366539752
-5145454.545454545,0.0001910366169392533
-5145174.5174517445,0.00019104024823425817
-5144894.489448944,0.00019104365632298382
-5144614.461446144,0.00019104684004594267
-5144334.433443343,0.00019104979831201233
-5144054.405440543,0.00019105253009883954
-5143774.377437742,0.00019105503445322291
-5143494.349434943,0.00019105731049147494
-5143214.3214321425,0.0001910593573997629
-5142934.293429342,0.00019106117443442832
-5142654.265426542,0.00019106276092228526
-5142374.237423741,0.00019106411626089703
-5142094.209420941,0.00019106523991883128
-5141814.181418141,0.00019106613143589357
-5141534.153415341,0.00019106679042333902
-5141254.1254125405,0.0001910672165640621
-5140974.09740974,0.00019106740961276453
-5140694.06940694,0.00019106736939610117
-5140414.041404139,0.00019106709581280374
-5140134.013401339,0.00019106658883378256
-5139853.985398539,0.00019106584850220592
-5139573.957395739,0.00019106487493355728
-5139293.9293929385,0.00019106366831567022
-5139013.901390138,0.000191062228908741
-5138733.873387338,0.00019106055704531897
-5138453.845384537,0.00019105865313027428
-5138173.817381737,0.00019105651764074355
-5137893.789378937,0.00019105415112605301
-5137613.761376137,0.00019105155420761925
-5137333.7333733365,0.00019104872757882776
-5137053.705370536,0.0001910456720048889
-5136773.677367736,0.00019104238832267167
-5136493.649364935,0.00019103887744051525
-5136213.621362135,0.0001910351403380181
-5135933.593359335,0.00019103117806580506
-5135653.565356535,0.000191026991745272
-5135373.5373537345,0.00019102258256830867
-5135093.509350934,0.00019101795179699937
-5134813.481348134,0.00019101310076330153
-5134533.453345333,0.0001910080308687026
-5134253.425342534,0.00019100274358385504
-5133973.397339733,0.00019099724044818937
-5133693.369336933,0.0001909915230695062
-5133413.3413341325,0.00019098559312354598
-5133133.313331332,0.0001909794523535379
-5132853.285328532,0.00019097310256972739
-5132573.257325731,0.00019096654564888208
-5132293.229322932,0.00019095978353377745
-5132013.201320131,0.00019095281823266076
-5131733.173317331,0.000190945651818695
-5131453.1453145305,0.00019093828642938163
-5131173.11731173,0.00019093072426596333
-5130893.08930893,0.0001909229675928061
-5130613.06130613,0.00019091501873676162
-5130333.03330333,0.00019090688008650933
-5130053.005300529,0.00019089855409187918
-5129772.977297729,0.00019089004326315435
-5129492.949294928,0.00019088135017035493
-5129212.921292128,0.00019087247744250252
-5128932.893289328,0.00019086342776686546
-5128652.865286528,0.00019085420388818592
-5128372.837283728,0.00019084480860788775
-5128092.809280927,0.00019083524478326686
-5127812.781278127,0.00019082551532666295
-5127532.753275326,0.00019081562320461356
-5127252.725272526,0.0001908055714369907
-5126972.697269727,0.00019079536309612002
-5126692.669266926,0.00019078500130588293
-5126412.641264126,0.00019077448924080192
-5126132.613261325,0.00019076383012510943
-5125852.585258525,0.00019075302723180022
-5125572.557255724,0.0001907420838816681
-5125292.529252924,0.00019073100344232642
-5125012.501250125,0.00019071978932721386
-5124732.473247324,0.00019070844499458422
-5124452.445244524,0.00019069697394648216
-5124172.417241723,0.000190685379727704
-5123892.389238923,0.00019067366592474426
-5123612.361236122,0.00019066183616472845
-5123332.333233323,0.00019064989411433223
-5123052.3052305225,0.00019063784347868703
-5122772.277227722,0.00019062568800027325
-5122492.249224922,0.0001906134314578002
-5122212.221222121,0.00019060107766507426
-5121932.193219321,0.00019058863046985473
-5121652.16521652,0.0001905760937526983
-5121372.137213721,0.00019056347142579205
-5121092.1092109205,0.00019055076743177557
-5120812.08120812,0.00019053798574255278
-5120532.05320532,0.00019052513035809314
-5120252.025202519,0.0001905122053052232
-5119971.997199719,0.00019049921463640862
-5119691.969196918,0.00019048616242852716
-5119411.941194119,0.00019047305278163277
-5119131.9131913185,0.00019045988981771127
-5118851.885188518,0.0001904466776794283
-5118571.857185718,0.00019043342052886932
-5118291.829182917,0.0001904201225462726
-5118011.801180117,0.00019040678792875502
-5117731.773177316,0.0001903934208890319
-5117451.745174517,0.00019038002565413022
-5117171.7171717165,0.00019036660646409644
-5116891.689168916,0.00019035316757069906
-5116611.661166116,0.00019033971323612598
-5116331.633163315,0.00019032624773167767
-5116051.605160515,0.00019031277533645594
-5115771.577157715,0.00019029930033604938
-5115491.549154915,0.00019028582702121486
-5115211.5211521145,0.0001902723596865569
-5114931.493149314,0.0001902589026292039
-5114651.465146514,0.00019024546014748266
-5114371.437143713,0.0001902320365395909
-5114091.409140913,0.00019021863610226892
-5113811.381138113,0.00019020526312946986
-5113531.353135313,0.00019019192191102987
-5113251.3251325125,0.00019017861673133822
-5112971.297129712,0.00019016535186800756
-5112691.269126912,0.0001901521315905451
-5112411.241124111,0.00019013896015902487
-5112131.213121312,0.00019012584182276178
-5111851.185118511,0.00019011278081898717
-5111571.157115711,0.00019009978137152764
-5111291.1291129105,0.0001900868476894857
-5111011.10111011,0.0001900739839659244
-5110731.07310731,0.00019006119437655532
-5110451.045104509,0.00019004848307843043
-5110171.01710171,0.00019003585420863893
-5109890.989098909,0.00019002331188300815
-5109610.961096109,0.00019001086019481068
-5109330.9330933085,0.00018999850321347635
-5109050.905090508,0.0001899862449833107
-5108770.877087708,0.00018997408952221989
-5108490.849084908,0.0001899620408204424
-5108210.821082108,0.00018995010283928798
-5107930.793079307,0.0001899382795098844
-5107650.765076507,0.00018992657473193225
-5107370.737073706,0.00018991499237246796
-5107090.709070906,0.0001899035362646361
-5106810.681068106,0.0001898922102064705
-5106530.653065306,0.00018988101795968515
-5106250.625062506,0.0001898699632484752
-5105970.597059705,0.00018985904975832828
-5105690.569056905,0.00018984828113484642
-5105410.541054104,0.0001898376609825794
-5105130.513051304,0.00018982719286386938
-5104850.485048505,0.0001898168802977075
-5104570.457045704,0.0001898067267586026
-5104290.429042904,0.00018979673567546282
-5104010.401040103,0.00018978691043048982
-5103730.373037303,0.0001897772543580866
-5103450.345034502,0.00018976777074377867
-5103170.317031702,0.00018975846282314965
-5102890.289028903,0.00018974933378079078
-5102610.261026102,0.00018974038674926544
-5102330.233023302,0.00018973162480808854
-5102050.205020501,0.0001897230509827213
-5101770.177017701,0.00018971466824358184
-5101490.1490149,0.0001897064795050714
-5101210.1210121,0.00018969848762461744
-5100930.0930093005,0.0001896906954017328
-5100650.0650065,0.00018968310557709208
-5100370.0370037,0.0001896757208316255
-5100090.009000899,0.00018966854378562974
-5099809.980998099,0.00018966157699789704
-5099529.952995298,0.00018965482296486223
-5099249.924992498,0.00018964828411976824
-5098969.8969896985,0.00018964196283185024
-5098689.868986898,0.00018963586140553865
-5098409.840984098,0.00018962998207968157
-5098129.812981297,0.0001896243270267865
-5097849.784978497,0.0001896188983522818
-5097569.756975696,0.0001896136980937981
-5097289.728972897,0.00018960872822047005
-5097009.7009700965,0.00018960399063225848
-5096729.672967296,0.00018959948715929303
-5096449.644964496,0.000189595219561236
-5096169.616961695,0.000189591189526667
-5095889.588958895,0.0001895873986724893
-5095609.560956094,0.00018958384854335727
-5095329.532953295,0.000189580540611126
-5095049.5049504945,0.00018957747627432238
-5094769.476947694,0.0001895746568576388
-5094489.448944894,0.00018957208361144876
-5094209.420942093,0.00018956975771134495
-5093929.392939293,0.00018956768025770024
-5093649.364936493,0.00018956585227525118
-5093369.336933693,0.00018956427471270455
-5093089.3089308925,0.00018956294844236693
-5092809.280928092,0.00018956187425979765
-5092529.252925292,0.00018956105288348477
-5092249.224922491,0.00018956048495454489
-5091969.196919691,0.00018956017103644637
-5091689.168916891,0.00018956011161475617
-5091409.140914091,0.00018956030709691064
-5091129.1129112905,0.0001895607578120102
-5090849.08490849,0.0001895614640106378
-5090569.05690569,0.00018956242586470187
-5090289.028902889,0.00018956364346730276
-5090009.00090009,0.00018956511683262402
-5089728.972897289,0.00018956684589584765
-5089448.944894489,0.00018956883051309356
-5089168.9168916885,0.00018957107046138353
-5088888.888888888,0.00018957356543862966
-5088608.860886088,0.000189576315063647
-5088328.832883287,0.0001895793188761907
-5088048.804880488,0.00018958257633701773
-5087768.776877687,0.00018958608682797298
-5087488.748874887,0.00018958984965209973
-5087208.7208720865,0.00018959386403377468
-5086928.692869286,0.0001895981291188674
-5086648.664866486,0.00018960264397492412
-5086368.636863685,0.00018960740759137596
-5086088.608860886,0.0001896124188797715
-5085808.580858085,0.0001896176766740336
-5085528.552855285,0.0001896231797307404
-5085248.524852484,0.00018962892672943062
-5084968.496849684,0.0001896349162729329
-5084688.468846884,0.00018964114688771916
-5084408.440844083,0.00018964761702428188
-5084128.412841284,0.00018965432505753523
-5083848.384838483,0.00018966126928724014
-5083568.356835683,0.00018966844793845257
-5083288.328832882,0.00018967585916199582
-5083008.300830082,0.0001896835010349559
-5082728.272827282,0.00018969137156120034
-5082448.244824482,0.00018969946867192003
-5082168.216821682,0.00018970779022619422
-5081888.188818881,0.00018971633401157815
-5081608.160816081,0.00018972509774471354
-5081328.13281328,0.00018973407907196162
-5081048.10481048,0.00018974327557005826
-5080768.07680768,0.0001897526847467917
-5080488.04880488,0.00018976230404170179
-5080208.02080208,0.00018977213082680148
-5079927.992799279,0.00018978216240731944
-5079647.964796479,0.0001897923960224645
-5079367.936793678,0.000189802828846211
-5079087.908790878,0.00018981345798810506
-5078807.8807880785,0.00018982428049409188
-5078527.852785278,0.00018983529334736318
-5078247.824782478,0.0001898464934692251
-5077967.796779677,0.00018985787771998592
-5077687.768776877,0.0001898694428998638
-5077407.740774076,0.00018988118574991378
-5077127.712771276,0.00018989310295297406
-5076847.6847684765,0.00018990519113463135
-5076567.656765676,0.00018991744686420472
-5076287.628762876,0.0001899298666557479
-5076007.600760075,0.00018994244696906977
-5075727.572757275,0.00018995518421077246
-5075447.544754474,0.00018996807473530724
-5075167.516751675,0.0001899811148460472
-5074887.4887488745,0.0001899943007963774
-5074607.460746074,0.0001900076287908008
-5074327.432743274,0.00019002109498606113
-5074047.404740473,0.0001900346954922813
-5073767.376737673,0.0001900484263741175
-5073487.348734872,0.0001900622836519284
-5073207.320732073,0.0001900762633029595
-5072927.2927292725,0.00019009036126254176
-5072647.264726472,0.0001901045734253045
-5072367.236723672,0.00019011889564640212
-5072087.208720871,0.00019013332374275436
-5071807.180718071,0.00019014785349429956
-5071527.152715271,0.00019016248064526056
-5071247.124712471,0.00019017720090542324
-5070967.0967096705,0.00019019200995142656
-5070687.06870687,0.00019020690342806465
-5070407.04070407,0.00019022187694959966
-5070127.012701269,0.00019023692610108578
-5069846.984698469,0.0001902520464397034
-5069566.956695669,0.00019026723349610316
-5069286.928692869,0.0001902824827757602
-5069006.9006900685,0.00019029778976033663
-5068726.872687268,0.00019031314990905357
-5068446.844684468,0.00019032855866007125
-5068166.816681667,0.00019034401143187694
-5067886.788678867,0.00019035950362468059
-5067606.760676067,0.0001903750306218174
-5067326.732673267,0.00019039058779115746
-5067046.7046704665,0.00019040617048652077
-5066766.676667666,0.00019042177404909904
-5066486.648664866,0.0001904373938088823
-5066206.620662065,0.00019045302508609058
-5065926.592659265,0.0001904686631926101
-5065646.564656465,0.00019048430343343359
-5065366.536653665,0.00019049994110810424
-5065086.5086508645,0.00019051557151216264
-5064806.480648064,0.0001905311899385967
-5064526.452645264,0.0001905467916792937
-5064246.424642463,0.00019056237202649443
-5063966.396639664,0.00019057792627424832
-5063686.368636863,0.00019059344971987015
-5063406.340634063,0.00019060893766539657
-5063126.3126312625,0.00019062438541904314
-5062846.284628462,0.00019063978829666093
-5062566.256625662,0.0001906551416231921
-5062286.228622861,0.00019067044073412437
-5062006.200620062,0.0001906856809769437
-5061726.172617261,0.0001907008577125849
-5061446.144614461,0.00019071596631687913
-5061166.11661166,0.00019073100218199897
-5060886.08860886,0.00019074596071789955
-5060606.06060606,0.00019076083735375583
-5060326.03260326,0.00019077562753939525
-5060046.00460046,0.000190790326746726
-5059765.976597659,0.00019080493047115933
-5059485.948594859,0.00019081943423302644
-5059205.920592058,0.0001908338335789893
-5058925.892589258,0.00019084812408344437
-5058645.864586458,0.00019086230134991974
-5058365.836583658,0.00019087636101246426
-5058085.808580858,0.00019089029873702927
-5057805.780578057,0.00019090411022284118
-5057525.752575257,0.00019091779120376584
-5057245.724572456,0.00019093133744966346
-5056965.696569656,0.0001909447447677338
-5056685.6685668565,0.00019095800900385118
-5056405.640564056,0.0001909711260438891
-5056125.612561256,0.00019098409181503382
-5055845.584558455,0.00019099690228708646
-5055565.556555655,0.00019100955347375363
-5055285.528552854,0.00019102204143392547
-5055005.500550054,0.00019103436227294133
-5054725.4725472545,0.00019104651214384244
-5054445.444544454,0.00019105848724861106
-5054165.416541654,0.0001910702838393958
-5053885.388538853,0.0001910818982197229
-5053605.360536053,0.0001910933267456928
-5053325.332533252,0.00019110456582716173
-5053045.304530452,0.0001911156119289081
-5052765.2765276525,0.0001911264615717829
-5052485.248524852,0.00019113711133384438
-5052205.220522052,0.0001911475578514757
-5051925.192519251,0.00019115779782048634
-5051645.164516451,0.00019116782799719602
-5051365.13651365,0.000191177645199501
-5051085.10851085,0.00019118724630792287
-5050805.0805080505,0.00019119662826663853
-5050525.05250525,0.00019120578808449234
-5050245.02450245,0.00019121472283598854
-5049964.996499649,0.00019122342966226518
-5049684.968496849,0.00019123190577204814
-5049404.940494048,0.00019124014844258528
-5049124.912491249,0.00019124815502056055
-5048844.8844884485,0.00019125592292298756
-5048564.856485648,0.0001912634496380824
-5048284.828482848,0.00019127073272611544
-5048004.800480047,0.0001912777698202416
-5047724.772477247,0.00019128455862730932
-5047444.744474446,0.00019129109692864733
-5047164.716471647,0.0001912973825808294
-5046884.6884688465,0.00019130341351641673
-5046604.660466046,0.0001913091877446775
-5046324.632463246,0.0001913147033522835
-5046044.604460445,0.00019131995850398396
-5045764.576457645,0.00019132495144325544
-5045484.548454845,0.00019132968049292848
-5045204.520452045,0.00019133414405579042
-5044924.4924492445,0.00019133834061516389
-5044644.464446444,0.00019134226873546135
-5044364.436443644,0.00019134592706271497
-5044084.408440843,0.0001913493143250821
-5043804.380438043,0.00019135242933332567
-5043524.352435243,0.0001913552709812697
-5043244.324432443,0.00019135783824622982
-5042964.2964296425,0.00019136013018941818
-5042684.268426842,0.000191362145956323
-5042404.240424042,0.0001913638847770627
-5042124.212421241,0.00019136534596671394
-5041844.184418442,0.00019136652892561405
-5041564.156415641,0.00019136743313963734
-5041284.128412841,0.00019136805818044522
-5041004.1004100405,0.00019136840370571038
-5040724.07240724,0.00019136846945931433
-5040444.04440444,0.00019136825527151871
-5040164.016401639,0.00019136776105911011
-5039883.98839884,0.0001913669868255183
-5039603.960396039,0.00019136593266090782
-5039323.932393239,0.0001913645987422429
-5039043.904390438,0.00019136298533332566
-5038763.876387638,0.00019136109278480767
-5038483.848384838,0.00019135892153417442
-5038203.820382038,0.00019135647210570314
-5037923.792379238,0.00019135374511039389
-5037643.764376437,0.00019135074124587364
-5037363.736373637,0.00019134746129627345
-5037083.708370836,0.00019134390613207905
-5036803.680368036,0.00019134007670995436
-5036523.652365236,0.00019133597407253836
-5036243.624362436,0.00019133159934821517
-5035963.596359636,0.00019132695375085733
-5035683.568356835,0.0001913220385795426
-5035403.540354035,0.0001913168552182439
-5035123.512351234,0.00019131140513549294
-5034843.484348434,0.0001913056898840173
-5034563.456345634,0.000191299711100351
-5034283.428342834,0.00019129347050441902
-5034003.400340034,0.00019128696989909543
-5033723.372337233,0.00019128021116973559
-5033443.344334433,0.00019127319628368223
-5033163.316331632,0.0001912659272897458
-5032883.288328832,0.00019125840631765913
-5032603.260326032,0.00019125063557750636
-5032323.232323232,0.00019124261735912668
-5032043.204320432,0.00019123435403149263
-5031763.176317631,0.00019122584804206338
-5031483.148314831,0.00019121710191611306
-5031203.12031203,0.00019120811825603436
-5030923.09230923,0.0001911988997406176
-5030643.0643064305,0.0001911894491243054
-5030363.03630363,0.00019117976923642305
-5030083.00830083,0.00019116986298038535
-5029802.980298029,0.00019115973333287928
-5029522.952295229,0.00019114938334302336
-5029242.924292428,0.00019113881613150386
-5028962.896289628,0.00019112803488968767
-5028682.8682868285,0.00019111704287871274
-5028402.840284028,0.00019110584342855574
-5028122.812281228,0.00019109443993707762
-5027842.784278427,0.00019108283586904715
-5027562.756275627,0.0001910710347551427
-5027282.728272826,0.00019105904019093263
-5027002.700270027,0.00019104685583583457
-5026722.6722672265,0.00019103448541205373
-5026442.644264426,0.000191021932703501
-5026162.616261626,0.00019100920155469049
-5025882.588258825,0.00019099629586961724
-5025602.560256025,0.00019098321961061562
-5025322.532253224,0.0001909699767971981
-5025042.504250425,0.00019095657150487543
-5024762.4762476245,0.00019094300786395794
-5024482.448244824,0.00019092929005833906
-5024202.420242024,0.0001909154223242606
-5023922.392239223,0.0001909014089490606
-5023642.364236423,0.00019088725426990425
-5023362.336233623,0.00019087296267249795
-5023082.308230823,0.0001908585385897867
-5022802.2802280225,0.000190843986500636
-5022522.252225222,0.00019082931092849798
-5022242.224222422,0.00019081451644006192
-5021962.196219621,0.0001907996076438906
-5021682.168216821,0.0001907845891890417
-5021402.140214021,0.00019076946576367565
-5021122.112211221,0.00019075424209364936
-5020842.0842084205,0.0001907389229410975
-5020562.05620562,0.00019072351310300026
-5020282.02820282,0.00019070801740973955
-5020002.000200019,0.0001906924407236426
-5019721.97219722,0.00019067678793751477
-5019441.944194419,0.00019066106397316076
-5019161.916191619,0.00019064527377989578
-5018881.8881888185,0.00019062942233304635
-5018601.860186018,0.00019061351463244136
-5018321.832183218,0.00019059755570089413
-5018041.804180417,0.00019058155058267556
-5017761.776177618,0.00019056550434197917
-5017481.748174817,0.0001905494220613779
-5017201.720172017,0.0001905333088402744
-5016921.692169216,0.00019051716979334333
-5016641.664166416,0.0001905010100489682
-5016361.636163616,0.00019048483474767177
-5016081.608160815,0.0001904686490405409
-5015801.580158016,0.0001904524580876471
-5015521.552155215,0.00019043626705646154
-5015241.524152415,0.00019042008112026706
-5014961.496149614,0.00019040390545656602
-5014681.468146814,0.00019038774524548534
-5014401.440144014,0.00019037160566817888
-5014121.412141213,0.00019035549190522786
-5013841.384138414,0.00019033940913503977
-5013561.356135613,0.00019032336253224576
-5013281.328132813,0.00019030735726609826
-5013001.300130012,0.00019029139849886762
-5012721.272127212,0.0001902754913842398
-5012441.244124412,0.0001902596410657146
-5012161.216121612,0.00019024385267500538
-5011881.188118812,0.00019022813133044069
-5011601.160116011,0.00019021248213536837
-5011321.132113211,0.0001901969101765623
-5011041.10411041,0.00019018142052263268
-5010761.07610761,0.0001901660182224401
-5010481.04810481,0.0001901507083035141
-5010201.02010201,0.00019013549577047642
-5009920.99209921,0.0001901203856034695
-5009640.964096409,0.00019010538275659127
-5009360.936093609,0.00019009049215633575
-5009080.908090808,0.00019007571870004064
-5008800.880088008,0.00019006106725434234
-5008520.8520852085,0.00019004654265363858
-5008240.824082408,0.00019003214969855927
-5007960.796079608,0.00019001789315444632
-5007680.768076807,0.00019000377774984256
-5007400.740074007,0.0001899898081749902
-5007120.712071206,0.00018997598908033968
-5006840.684068406,0.0001899623250750691
-5006560.6560656065,0.00018994882072561483
-5006280.628062806,0.0001899354805542132
-5006000.600060006,0.0001899223090374552
-5005720.572057205,0.00018990931060485272
-5005440.544054405,0.0001898964896374183
-5005160.516051604,0.00018988385046625806
-5004880.488048805,0.00018987139737117848
-5004600.4600460045,0.0001898591345793076
-5004320.432043204,0.00018984706626373084
-5004040.404040404,0.00018983519654214225
-5003760.376037603,0.00018982352947551081
-5003480.348034803,0.00018981206906676344
-5003200.320032002,0.00018980081925948393
-5002920.292029203,0.0001897897839366292
-5002640.2640264025,0.00018977896691926228
-5002360.236023602,0.00018976837196530368
-5002080.208020802,0.0001897580027683004
-5001800.180018001,0.0001897478629562135
-5001520.152015201,0.00018973795609022478
-5001240.1240124,0.00018972828566356245
-5000960.096009601,0.00018971885510034683
-5000680.0680068005,0.00018970966775445577
-5000400.040004,0.00018970072690841066
-5000120.0120012,0.00018969203577228331
-4999839.983998399,0.00018968359748262377
-4999559.955995599,0.00018967541510140972
-4999279.927992798,0.00018966749161501795
-4998999.899989999,0.00018965982993321764
-4998719.8719871985,0.00018965243288818646
-4998439.843984398,0.00018964530323354933
-4998159.815981598,0.0001896384436434407
-4997879.787978797,0.00018963185671158977
-4997599.759975997,0.00018962554495043007
-4997319.731973197,0.00018961951079023278
-4997039.703970397,0.0001896137565782646
-4996759.6759675965,0.0001896082845779702
-4996479.647964796,0.00018960309696817982
-4996199.619961996,0.0001895981958423419
-4995919.591959195,0.00018959358320778128
-4995639.563956395,0.00018958926098498326
-4995359.535953595,0.00018958523100690345
-4995079.507950795,0.00018958149501830407
-4994799.479947994,0.00018957805467511665
-4994519.451945194,0.00018957491154383146
-4994239.423942394,0.00018957206710091374
-4993959.395939593,0.00018956952273224727
-4993679.367936794,0.0001895672797326052
-4993399.339933993,0.00018956533930514826
-4993119.311931193,0.00018956370256095095
-4992839.283928392,0.00018956237051855537
-4992559.255925592,0.0001895613441035533
-4992279.227922792,0.00018956062414819647
-4991999.199919991,0.00018956021139103501
-4991719.171917192,0.00018956010647658473
-4991439.143914391,0.0001895603099550228
-4991159.115911591,0.0001895608222819123
-4990879.08790879,0.00018956164381795566
-4990599.05990599,0.00018956277482877717
-4990319.03190319,0.00018956421548473442
-4990039.00390039,0.00018956596586075912
-4989758.97589759,0.00018956802593622703
-4989478.947894789,0.0001895703955948574
-4989198.919891989,0.0001895730746246416
-4988918.891889188,0.00018957606271780158
-4988638.863886388,0.0001895793594707773
-4988358.835883588,0.00018958296438424433
-4988078.807880788,0.00018958687686316048
-4987798.779877988,0.0001895910962168424
-4987518.751875187,0.0001895956216590716
-4987238.723872387,0.00018960045230823004
-4986958.695869586,0.00018960558718746556
-4986678.667866786,0.0001896110252248865
-4986398.6398639865,0.00018961676525378632
-4986118.611861186,0.00018962280601289734
-4985838.583858386,0.00018962914614667424
-4985558.555855585,0.00018963578420560666
-4985278.527852785,0.0001896427186465616
-4984998.499849984,0.00018964994783315464
-4984718.471847184,0.00018965747003615063
-4984438.4438443845,0.00018966528343389346
-4984158.415841584,0.0001896733861127647
-4983878.387838784,0.0001896817760676714
-4983598.359835983,0.00018969045120256222
-4983318.331833183,0.00018969940933097283
-4983038.303830382,0.00018970864817659927
-4982758.275827582,0.00018971816537389997
-4982478.2478247825,0.00018972795846872593
-4982198.219821982,0.00018973802491897908
-4981918.191819182,0.00018974836209529814
-4981638.163816381,0.00018975896728177266
-4981358.135813581,0.00018976983767668432
-4981078.10781078,0.00018978097039327554
-4980798.07980798,0.00018979236246054537
-4980518.0518051805,0.00018980401082407199
-4980238.02380238,0.00018981591234686225
-4979957.99579958,0.00018982806381022738
-4979677.967796779,0.00018984046191468493
-4979397.939793979,0.00018985310328088683
-4979117.911791178,0.00018986598445057295
-4978837.883788379,0.00018987910188755027
-4978557.8557855785,0.00018989245197869714
-4978277.827782778,0.00018990603103499222
-4977997.799779978,0.00018991983529256844
-4977717.771777177,0.0001899338609137908
-4977437.743774377,0.00018994810398835848
-4977157.715771576,0.00018996256053443054
-4976877.687768777,0.00018997722649977472
-4976597.6597659765,0.00018999209776293993
-4976317.631763176,0.00019000717013445046
-4976037.603760376,0.00019002243935802346
-4975757.575757575,0.00019003790111180786
-4975477.547754775,0.00019005355100964517
-4975197.519751975,0.0001900693846023514
-4974917.491749175,0.00019008539737902023
-4974637.4637463745,0.0001901015847683461
-4974357.435743574,0.0001901179421399681
-4974077.407740774,0.00019013446480583312
-4973797.379737973,0.00019015114802157872
-4973517.351735173,0.0001901679869879346
-4973237.323732373,0.00019018497685214288
-4972957.295729573,0.00019020211270939666
-4972677.267726772,0.00019021938960429562
-4972397.239723972,0.0001902368025323195
-4972117.211721172,0.00019025434644131829
-4971837.183718371,0.0001902720162330187
-4971557.155715572,0.0001902898067645466
-4971277.127712771,0.00019030771284996517
-4970997.099709971,0.00019032572926182766
-4970717.07170717,0.0001903438507327452
-4970437.04370437,0.00019036207195696845
-4970157.01570157,0.00019038038759198293
-4969876.987698769,0.0001903987922601177
-4969596.95969597,0.00019041728055016629
-4969316.931693169,0.00019043584701902068
-4969036.903690369,0.00019045448619331575
-4968756.875687568,0.00019047319257108612
-4968476.847684768,0.00019049196062343298
-4968196.819681968,0.00019051078479620157
-4967916.791679167,0.00019052965951166811
-4967636.763676368,0.00019054857917023585
-4967356.735673567,0.00019056753815214044
-4967076.707670767,0.00019058653081916246
-4966796.679667966,0.0001906055515163485
-4966516.651665166,0.00019062459457373898
-4966236.623662366,0.00019064365430810262
-4965956.595659565,0.000190662725024677
-4965676.567656766,0.00019068180101891472
-4965396.539653965,0.00019070087657823464
-4965116.511651165,0.00019071994598377737
-4964836.483648364,0.00019073900351216492
-4964556.455645564,0.0001907580434372638
-4964276.427642764,0.00019077706003195084
-4963996.399639964,0.0001907960475698814
-4963716.371637164,0.00019081500032725956
-4963436.343634363,0.00019083391258460913
-4963156.315631563,0.00019085277862854576
-4962876.287628762,0.0001908715927535491
-4962596.259625962,0.0001908903492637345
-4962316.231623162,0.0001909090424746239
-4962036.203620362,0.00019092766671491496
-4961756.175617562,0.00019094621632824871
-4961476.147614761,0.000190964685674974
-4961196.119611961,0.0001909830691339091
-4960916.09160916,0.00019100136110409988
-4960636.06360636,0.0001910195560065733
-4960356.0356035605,0.0001910376482860865
-4960076.00760076,0.00019105563241287059
-4959795.97959796,0.0001910735028843681
-4959515.951595159,0.00019109125422696476
-4959235.923592359,0.00019110888099771383
-4958955.895589558,0.00019112637778605319
-4958675.867586758,0.00019114373921551433
-4958395.8395839585,0.00019116095994542277
-4958115.811581158,0.0001911780346725897
-4957835.783578358,0.00019119495813299338
-4957555.755575557,0.00019121172510345105
-4957275.727572757,0.00019122833040327987
-4956995.699569956,0.00019124476889594664
-4956715.671567157,0.00019126103549070597
-4956435.6435643565,0.0001912771251442261
-4956155.615561556,0.0001912930328622019
-4955875.587558756,0.00019130875370095482
-4955595.559555955,0.00019132428276901888
-4955315.531553155,0.00019133961522871263
-4955035.503550354,0.00019135474629769592
-4954755.475547555,0.00019136967125051195
-4954475.4475447545,0.00019138438542011315
-4954195.419541954,0.00019139888419937077
-4953915.391539154,0.00019141316304256814
-4953635.363536353,0.00019142721746687633
-4953355.335533553,0.00019144104305381232
-4953075.307530753,0.00019145463545067884
-4952795.279527953,0.000191467990371986
-4952515.2515251525,0.000191481103600853
-4952235.223522352,0.00019149397099039146
-4951955.195519552,0.00019150658846506761
-4951675.167516751,0.00019151895202204492
-4951395.139513951,0.00019153105773250527
-4951115.111511151,0.00019154290174294928
-4950835.083508351,0.00019155448027647465
-4950555.0555055505,0.00019156578963403233
-4950275.02750275,0.00019157682619566028
-4949994.99949995,0.00019158758642169414
-4949714.971497149,0.0001915980668539547
-4949434.943494349,0.0001916082641169115
-4949154.915491549,0.00019161817491882208
-4948874.887488749,0.00019162779605284738
-4948594.859485948,0.00019163712439814124
-4948314.831483148,0.00019164615692091565
-4948034.803480348,0.00019165489067547964
-4947754.775477547,0.00019166332280525267
-4947474.747474747,0.00019167145054375142
-4947194.719471947,0.00019167927121555004
-4946914.691469147,0.0001916867822372136
-4946634.663466346,0.00019169398111820385
-4946354.635463546,0.00019170086546175773
-4946074.607460746,0.0001917074329657379
-4945794.579457945,0.00019171368142345492
-4945514.551455146,0.0001917196087244611
-4945234.523452345,0.0001917252128553157
-4944954.495449545,0.00019173049190032053
-4944674.467446744,0.00019173544404222712
-4944394.439443944,0.0001917400675629136
-4944114.411441144,0.00019174436084403216
-4943834.383438343,0.00019174832236762638
-4943554.355435544,0.00019175195071671834
-4943274.327432743,0.0001917552445758654
-4942994.299429943,0.0001917582027316858
-4942714.271427142,0.00019176082407335425
-4942434.243424342,0.0001917631075930655
-4942154.215421542,0.0001917650523864674
-4941874.187418742,0.00019176665765306225
-4941594.159415942,0.00019176792269657658
-4941314.131413141,0.00019176884692529924
-4941034.103410341,0.00019176942985238768
-4940754.07540754,0.00019176967109614214
-4940474.04740474,0.00019176957038024778
-4940194.01940194,0.00019176912753398465
-4939913.99139914,0.0001917683424924051
-4939633.96339634,0.00019176721529647915
-4939353.935393539,0.00019176574609320685
-4939073.907390739,0.00019176393513569855
-4938793.879387938,0.00019176178278322226
-4938513.851385138,0.00019175928950121825
-4938233.8233823385,0.00019175645586128127
-4937953.795379538,0.00019175328254110945
-4937673.767376738,0.00019174977032442096
-4937393.739373937,0.0001917459201008375
-4937113.711371137,0.00019174173286573513
-4936833.683368336,0.00019173720972006224
-4936553.655365536,0.0001917323518701247
-4936273.6273627365,0.00019172716062733854
-4935993.599359936,0.0001917216374079493
-4935713.571357136,0.00019171578373271936
-4935433.543354335,0.00019170960122658233
-4935153.515351535,0.00019170309161826494
-4934873.487348734,0.00019169625673987634
-4934593.459345935,0.00019168909852646532
-4934313.4313431345,0.00019168161901554493
-4934033.403340334,0.0001916738203465851
-4933753.375337534,0.00019166570476047328
-4933473.347334733,0.00019165727459894284
-4933193.319331933,0.00019164853230397002
-4932913.291329132,0.00019163948041713908
-4932633.263326332,0.00019163012157897592
-4932353.2353235325,0.00019162045852825054
-4932073.207320732,0.00019161049410124816
-4931793.179317932,0.00019160023123100962
-4931513.151315131,0.00019158967294654082
-4931233.123312331,0.0001915788223719918
-4930953.09530953,0.0001915676827258053
-4930673.067306731,0.00019155625731983537
-4930393.0393039305,0.00019154454955843596
-4930113.01130113,0.00019153256293752018
-4929832.98329833,0.00019152030104358978
-4929552.955295529,0.00019150776755273596
-4929272.927292729,0.00019149496622961095
-4928992.899289928,0.00019148190092637137
-4928712.871287129,0.00019146857558159313
-4928432.8432843285,0.0001914549942191584
-4928152.815281528,0.00019144116094711505
-4927872.787278728,0.00019142707995650882
-4927592.759275927,0.00019141275552018804
-4927312.731273127,0.00019139819199158234
-4927032.703270327,0.00019138339380345457
-4926752.675267527,0.00019136836546662677
-4926472.647264726,0.00019135311156868093
-4926192.619261926,0.00019133763677263416
-4925912.591259126,0.000191321945815589
-4925632.563256325,0.00019130604350735947
-4925352.535253525,0.00019128993472907293
-4925072.507250725,0.00019127362443174828
-4924792.479247925,0.00019125711763485066
-4924512.451245124,0.000191240419424824
-4924232.423242324,0.00019122353495360027
-4923952.395239524,0.0001912064694370874
-4923672.367236723,0.00019118922815363528
-4923392.339233924,0.00019117181644248089
-4923112.311231123,0.00019115423970217246
-4922832.283228323,0.00019113650338897407
-4922552.255225522,0.0001911186130152497
-4922272.227222722,0.00019110057414782876
-4921992.199219922,0.00019108239240635236
-4921712.171217121,0.00019106407346160172
-4921432.143214322,0.00019104562303380834
-4921152.115211521,0.0001910270468909471
-4920872.087208721,0.00019100835084701295
-4920592.05920592,0.0001909895407602806
-4920312.03120312,0.0001909706225315491
-4920032.00320032,0.0001909516021023707
-4919751.97519752,0.00019093248545326547
-4919471.94719472,0.0001909132786019212
-4919191.919191919,0.00019089398760138043
-4918911.891189119,0.00019087461853821354
-4918631.863186318,0.00019085517753067988
-4918351.835183518,0.00019083567072687675
-4918071.807180718,0.00019081610430287678
-4917791.779177918,0.0001907964844608548
-4917511.751175118,0.0001907768174272038
-4917231.723172317,0.000190757109450642
-4916951.695169517,0.00019073736680030984
-4916671.667166716,0.00019071759576385911
-4916391.639163916,0.00019069780264553357
-4916111.611161116,0.00019067799376424233
-4915831.583158316,0.00019065817545162652
-4915551.555155516,0.00019063835405011914
-4915271.527152715,0.0001906185359110001
-4914991.499149915,0.00019059872739244553
-4914711.471147114,0.00019057893485757265
-4914431.443144314,0.00019055916467248106
-4914151.415141514,0.00019053942320429042
-4913871.387138714,0.00019051971681917574
-4913591.359135914,0.0001905000518804001
-4913311.331133113,0.00019048043474634665
-4913031.303130313,0.0001904608717685489
-4912751.275127512,0.00019044136928972143
-4912471.247124712,0.0001904219336417902
-4912191.2191219125,0.00019040257114392474
-4911911.191119112,0.00019038328810057074
-4911631.163116312,0.00019036409079948604
-4911351.135113511,0.00019034498550977834
-4911071.107110711,0.00019032597847994684
-4910791.07910791,0.00019030707593592768
-4910511.05110511,0.00019028828407914402
-4910231.0231023105,0.0001902696090845613
-4909950.99509951,0.00019025105709874804
-4909670.96709671,0.0001902326342379437
-4909390.939093909,0.0001902143465861328
-4909110.911091109,0.0001901962001931271
-4908830.883088308,0.0001901782010726558
-4908550.855085509,0.00019016035520046464
-4908270.8270827085,0.00019014266851242418
-4907990.799079908,0.0001901251469026485
-4907710.771077108,0.0001901077962216241
-4907430.743074307,0.00019009062227435012
-4907150.715071507,0.0001900736308184903
-4906870.687068706,0.00019005682756253727
-4906590.659065907,0.00019004021816398987
-4906310.6310631065,0.00019002380822754372
-4906030.603060306,0.00019000760330329625
-4905750.575057506,0.000189991608884966
-4905470.547054705,0.00018997583040812738
-4905190.519051905,0.00018996027324846108
-4904910.491049105,0.00018994494272002094
-4904630.463046305,0.00018992984407351738
-4904350.435043504,0.0001899149824946188
-4904070.407040704,0.00018990036310227048
-4903790.379037904,0.00018988599094703237
-4903510.351035103,0.00018987187100943551
-4903230.323032303,0.0001898580081983585
-4902950.295029503,0.00018984440734942372
-4902670.267026703,0.00018983107322341437
-4902390.239023902,0.00018981801050471262
-4902110.211021102,0.00018980522379975944
-4901830.183018302,0.0001897927176355364
-4901550.155015501,0.00018978049645807033
-4901270.127012702,0.00018976856463096104
-4900990.099009901,0.00018975692643393243
-4900710.071007101,0.0001897455860614083
-4900430.0430043,0.000189734547621112
-4900150.0150015,0.00018972381513269142
-4899869.9869987,0.0001897133925263697
-4899589.958995899,0.00018970328364162128
-4899309.9309931,0.00018969349222587494
-4899029.902990299,0.00018968402193324306
-4898749.874987499,0.00018967487632327862
-4898469.846984698,0.00018966605885975942
-4898189.818981898,0.00018965757290950055
-4897909.790979098,0.00018964942174119526
-4897629.762976297,0.00018964160852428461
-4897349.734973498,0.00018963413632785655
-4897069.706970697,0.00018962700811957407
-4896789.678967897,0.0001896202267646341
-4896509.650965096,0.00018961379502475603
-4896229.622962296,0.00018960771555720117
-4895949.594959496,0.00018960199091382332
-4895669.566956695,0.00018959662354015039
-4895389.538953896,0.0001895916157744981
-4895109.510951095,0.00018958696984711502
-4894829.482948295,0.00018958268787936064
-4894549.454945494,0.00018957877188291542
-4894269.426942694,0.0001895752237590239
-4893989.398939894,0.00018957204529777103
-4893709.370937094,0.00018956923817739157
-4893429.342934294,0.0001895668039636136
-4893149.314931493,0.00018956474410903543
-4892869.286928693,0.00018956305995253704
-4892589.258925892,0.00018956175271872555
-4892309.230923092,0.00018956082351741541
-4892029.202920292,0.00018956027334314328
-4891749.174917492,0.00018956010307471794
-4891469.146914692,0.00018956031347480522
-4891189.118911891,0.00018956090518954837
-4890909.090909091,0.00018956187874822367
-4890629.06290629,0.000189563234562932
-4890349.03490349,0.0001895649729283258
-4890069.0069006905,0.00018956709402137215
-4889788.97889789,0.00018956959790115177
-4889508.95089509,0.0001895724845086941
-4889228.922892289,0.00018957575366684862
-4888948.894889489,0.0001895794050801925
-4888668.866886688,0.00018958343833497447
-4888388.838883888,0.00018958785289909525
-4888108.8108810885,0.00018959264812212442
-4887828.782878288,0.00018959782323535378
-4887548.754875488,0.00018960337735188714
-4887268.726872687,0.00018960930946676702
-4886988.698869887,0.00018961561845713746
-4886708.670867086,0.00018962230308244374
-4886428.642864287,0.00018962936198466847
-4886148.6148614865,0.00018963679368860434
-4885868.586858686,0.00018964459660216314
-4885588.558855886,0.0001896527690167214
-4885308.530853085,0.00018966130910750233
-4885028.502850285,0.00018967021493399412
-4884748.474847484,0.0001896794844404042
-4884468.446844685,0.00018968911545615003
-4884188.4188418845,0.00018969910569638566
-4883908.390839084,0.00018970945276256405
-4883628.362836284,0.0001897201541430355
-4883348.334833483,0.00018973120721368136
-4883068.306830683,0.0001897426092385836
-4882788.278827882,0.0001897543573707293
-4882508.250825083,0.0001897664486527505
-4882228.222822282,0.00018977888001769913
-4881948.194819482,0.0001897916482898563
-4881668.166816682,0.0001898047501855766
-4881388.138813881,0.00018981818231416633
-4881108.110811081,0.00018983194117879628
-4880828.08280828,0.00018984602317744808
-4880548.054805481,0.00018986042460389404
-4880268.02680268,0.00018987514164871107
-4879987.99879988,0.00018989017040032662
-4879707.97079708,0.00018990550684609838
-4879427.942794279,0.000189921146873426
-4879147.914791479,0.0001899370862708953
-4878867.886788679,0.00018995332072945398
-4878587.858785879,0.0001899698458436197
-4878307.830783078,0.00018998665711271838
-4878027.802780278,0.00019000374994215425
-4877747.774777478,0.0001900211196447101
-4877467.746774677,0.00019003876144187788
-4877187.718771877,0.0001900566704652189
-4876907.690769077,0.00019007484175775365
-4876627.662766277,0.00019009327027538094
-4876347.634763476,0.00019011195088832494
-4876067.606760676,0.00019013087838261125
-4875787.578757876,0.0001901500474615704
-4875507.550755075,0.0001901694527473688
-4875227.522752276,0.00019018908878256673
-4874947.494749475,0.0001902089500317029
-4874667.466746675,0.0001902290308829047
-4874387.438743874,0.00019024932564952465
-4874107.410741074,0.00019026982857180138
-4873827.382738274,0.00019029053381854576
-4873547.354735473,0.0001903114354888507
-4873267.326732674,0.00019033252761382514
-4872987.298729873,0.00019035380415835092
-4872707.270727073,0.00019037525902286203
-4872427.242724272,0.00019039688604514663
-4872147.214721472,0.00019041867900217003
-4871867.186718672,0.00019044063161191926
-4871587.158715872,0.0001904627375352677
-4871307.130713072,0.00019048499037786028
-4871027.102710271,0.00019050738369201728
-4870747.074707471,0.00019052991097865782
-4870467.04670467,0.0001905525656892411
-4870187.01870187,0.00019057534122772564
-4869906.99069907,0.00019059823095254547
-4869626.96269627,0.00019062122817860291
-4869346.93469347,0.00019064432617927783
-4869066.906690669,0.000190667518188451
-4868786.878687869,0.00019069079740254363
-4868506.850685068,0.00019071415698257015
-4868226.822682268,0.00019073759005620487
-4867946.7946794685,0.00019076108971986144
-4867666.766676668,0.00019078464904078484
-4867386.738673868,0.00019080826105915454
-4867106.710671067,0.00019083191879019906
-4866826.682668267,0.00019085561522632103
-4866546.654665466,0.00019087934333923156
-4866266.626662666,0.00019090309608209426
-4865986.598659866,0.0001909268663916771
-4865706.570657066,0.00019095064719051261
-4865426.542654266,0.00019097443138906524
-4865146.514651465,0.00019099821188790442
-4864866.486648665,0.00019102198157988453
-4864586.458645864,0.00019104573335232934
-4864306.430643065,0.00019106946008922113
-4864026.4026402645,0.00019109315467339392
-4863746.374637464,0.00019111680998872924
-4863466.346634664,0.00019114041892235494
-4863186.318631863,0.0001911639743668456
-4862906.290629063,0.00019118746922242423
-4862626.262626262,0.00019121089639916416
-4862346.234623462,0.000191234248819191
-4862066.2066206625,0.0001912575194188834
-4861786.178617862,0.00019128070115107296
-4861506.150615062,0.00019130378698724055
-4861226.122612261,0.00019132676991971117
-4860946.094609461,0.0001913496429638443
-4860666.06660666,0.00019137239916022024
-4860386.038603861,0.0001913950315768214
-4860106.01060106,0.00019141753331120828
-4859825.98259826,0.00019143989749268844
-4859545.95459546,0.0001914621172844792
-4859265.926592659,0.0001914841858858623
-4858985.898589859,0.00019150609653433012
-4858705.870587058,0.00019152784250772335
-4858425.842584259,0.00019154941712635828
-4858145.814581458,0.00019157081375514466
-4857865.786578658,0.00019159202580569138
-4857585.758575858,0.00019161304673840154
-4857305.730573057,0.00019163387006455464
-4857025.702570257,0.0001916544893483757
-4856745.674567457,0.0001916748982090912
-4856465.646564657,0.0001916950903229702
-4856185.618561856,0.00019171505942535086
-4855905.590559056,0.000191734799312651
-4855625.562556256,0.00019175430384436298
-4855345.534553455,0.0001917735669450313
-4855065.506550655,0.0001917925826062126
-4854785.478547855,0.0001918113448884181
-4854505.450545055,0.0001918298479230367
-4854225.422542254,0.0001918480859142391
-4853945.394539454,0.00019186605314086154
-4853665.366536654,0.00019188374395826961
-4853385.338533853,0.0001919011528002003
-4853105.310531054,0.0001919182741805824
-4852825.282528253,0.0001919351026953349
-4852545.254525453,0.00019195163302414194
-4852265.226522652,0.00019196785993220455
-4851985.198519852,0.00019198377827196815
-4851705.170517052,0.00019199938298482565
-4851425.142514251,0.000192014669102795
-4851145.114511451,0.0001920296317501712
-4850865.086508651,0.00019204426614515194
-4850585.058505851,0.00019205856760143658
-4850305.03050305,0.00019207253152979734
-4850025.00250025,0.00019208615343962304
-4849744.97449745,0.00019209942894043435
-4849464.94649465,0.00019211235374336992
-4849184.91849185,0.0001921249236626435
-4848904.890489049,0.00019213713461697078
-4848624.862486249,0.00019214898263096616
-4848344.834483448,0.00019216046383650857
-4848064.806480648,0.00019217157447407607
-4847784.778477848,0.00019218231089404873
-4847504.750475047,0.00019219266955797915
-4847224.722472248,0.00019220264703983058
-4846944.694469447,0.000192212240027182
-4846664.666466647,0.00019222144532239955
-4846384.638463846,0.00019223025984377429
-4846104.610461046,0.00019223868062662566
-4845824.582458246,0.00019224670482437037
-4845544.554455446,0.00019225432970955604
-4845264.526452646,0.00019226155267485992
-4844984.498449845,0.00019226837123405134
-4844704.470447045,0.00019227478302291857
-4844424.442444244,0.00019228078580015893
-4844144.414441444,0.00019228637744823254
-4843864.386438644,0.00019229155597417857
-4843584.358435844,0.00019229631951039457
-4843304.330433044,0.0001923006663153781
-4843024.302430243,0.00019230459477443017
-4842744.274427443,0.000192308103400321
-4842464.246424642,0.00019231119083391683
-4842184.218421842,0.00019231385584476856
-4841904.1904190425,0.00019231609733166122
-4841624.162416242,0.00019231791432312427
-4841344.134413442,0.00019231930597790286
-4841064.106410641,0.00019232027158538924
-4840784.078407841,0.00019232081056601478
-4840504.05040504,0.00019232092247160187
-4840224.02240224,0.00019232060698567586
-4839943.9943994405,0.00019231986392373695
-4839663.96639664,0.0001923186932334915
-4839383.93839384,0.00019231709499504314
-4839103.910391039,0.00019231506942104314
-4838823.882388239,0.0001923126168568003
-4838543.854385438,0.00019230973778034988
-4838263.826382639,0.00019230643280248192
-4837983.7983798385,0.00019230270266672856
-4837703.770377038,0.00019229854824931035
-4837423.742374238,0.00019229397055904197
-4837143.714371437,0.00019228897073719631
-4836863.686368637,0.00019228355005732823
-4836583.658365836,0.00019227770992505684
-4836303.630363037,0.000192271451877807
-4836023.602360236,0.00019226477758450974
-4835743.574357436,0.00019225768884526185
-4835463.546354636,0.00019225018759094466
-4835183.518351835,0.00019224227588280165
-4834903.490349035,0.00019223395591197578
-4834623.462346235,0.0001922252299990059
-4834343.434343435,0.00019221610059328258
-4834063.406340634,0.0001922065702724637
-4833783.378337834,0.0001921966417418496
-4833503.350335034,0.0001921863178337181
-4833223.322332233,0.00019217560150661933
-4832943.294329433,0.00019216449584463113
-4832663.266326632,0.00019215300405657425
-4832383.238323833,0.00019214112947518852
-4832103.210321032,0.00019212887555626927
-4831823.182318232,0.0001921162458777652
-4831543.154315432,0.00019210324413883705
-4831263.126312631,0.00019208987415887758
-4830983.098309832,0.0001920761398764937
-4830703.070307031,0.00019206204534844964
-4830423.042304231,0.00019204759474857335
-4830143.01430143,0.00019203279236662454
-4829862.98629863,0.00019201764260712582
-4829582.95829583,0.0001920021499881568
-4829302.930293029,0.00019198631914011183
-4829022.902290229,0.00019197015480442104
-4828742.874287429,0.00019195366183223596
-4828462.846284629,0.000191936845183079
-4828182.818281828,0.0001919197099234583
-4827902.790279028,0.00019190226122544745
-4827622.762276228,0.00019188450436523073
-4827342.734273427,0.00019186644472161442
-4827062.706270628,0.00019184808777450468
-4826782.678267827,0.00019182943910335158
-4826502.650265027,0.00019181050438556147
-4826222.622262226,0.00019179128939487587
-4825942.594259426,0.00019177179999971936
-4825662.566256626,0.00019175204216151552
-4825382.538253825,0.0001917320219329724
-4825102.510251026,0.0001917117454563372
-4824822.482248225,0.0001916912189616211
-4824542.454245425,0.0001916704487647949
-4824262.426242624,0.00019164944126595556
-4823982.398239824,0.00019162820294746426
-4823702.370237024,0.00019160674037205672
-4823422.342234224,0.00019158506018092643
-4823142.314231424,0.0001915631690917804
-4822862.286228623,0.0001915410738968699
-4822582.258225823,0.00019151878146099442
-4822302.230223022,0.0001914962987194813
-4822022.202220222,0.0001914736326761406
-4821742.174217422,0.0001914507904011962
-4821462.146214622,0.0001914277790291938
-4821182.118211822,0.0001914046057568858
-4820902.090209021,0.00019138127784109496
-4820622.062206221,0.0001913578025965558
-4820342.03420342,0.0001913341873937359
-4820062.00620062,0.00019131043965663674
-4819781.9781978205,0.00019128656686057528
-4819501.95019502,0.00019126257652994633
-4819221.92219222,0.00019123847623596756
-4818941.894189419,0.00019121427359440623
-4818661.866186619,0.00019118997626328953
-4818381.838183818,0.0001911655919405988
-4818101.810181018,0.0001911411283619481
-4817821.7821782185,0.00019111659329824847
-4817541.754175418,0.00019109199455335734
-4817261.726172618,0.0001910673399617159
-4816981.698169817,0.0001910426373859726
-4816701.670167017,0.00019101789471459536
-4816421.642164216,0.00019099311985947248
-4816141.614161417,0.00019096832075350318
-4815861.5861586165,0.00019094350534817805
-4815581.558155816,0.000190918681611151
-4815301.530153016,0.0001908938575238027
-4815021.502150215,0.00019086904107879627
-4814741.474147415,0.00019084424027762648
-4814461.446144614,0.0001908194631281629
-4814181.418141814,0.00019079471764218753
-4813901.390139014,0.00019077001183292805
-4813621.362136214,0.00019074535371258706
-4813341.334133414,0.00019072075128986888
-4813061.306130613,0.00019069621256750325
-4812781.278127813,0.00019067174553976806
-4812501.250125013,0.00019064735819001119
-4812221.222122213,0.00019062305848817197
-4811941.194119412,0.0001905988543883042
-4811661.166116612,0.00019057475382610006
-4811381.138113812,0.0001905507647164163
-4811101.110111011,0.00019052689495080387
-4810821.082108211,0.00019050315239504107
-4810541.05410541,0.0001904795448866713
-4810261.026102611,0.00019045608023254644
-4809980.99809981,0.00019043276620637562
-4809700.97009701,0.00019040961054628193
-4809420.94209421,0.00019038662095236588
-4809140.914091409,0.00019036380508427746
-4808860.886088609,0.0001903411705587977
-4808580.858085809,0.00019031872494742962
-4808300.830083009,0.00019029647577400012
-4808020.802080208,0.00019027443051227341
-4807740.774077408,0.0001902525965835763
-4807460.746074608,0.00019023098135443657
-4807180.718071807,0.000190209592134235
-4806900.690069007,0.00019018843617287165
-4806620.662066207,0.00019016752065844755
-4806340.634063407,0.00019014685271496177
-4806060.606060606,0.0001901264394000257
-4805780.578057806,0.00019010628770259433
-4805500.550055006,0.00019008640454071533
-4805220.522052205,0.00019006679675929745
-4804940.494049406,0.00019004747112789792
-4804660.466046605,0.00019002843433853008
-4804380.438043805,0.00019000969300349236
-4804100.410041004,0.00018999125365321823
-4803820.382038204,0.00018997312273414874
-4803540.354035404,0.00018995530660662787
-4803260.326032603,0.00018993781154282184
-4802980.298029804,0.00018992064372466228
-4802700.270027003,0.00018990380924181443
-4802420.242024203,0.00018988731408967147
-4802140.214021402,0.00018987116416737464
-4801860.186018602,0.00018985536527586024
-4801580.158015802,0.00018983992311593465
-4801300.130013002,0.00018982484328637715
-4801020.102010202,0.00018981013128207159
-4800740.074007401,0.00018979579249216776
-4800460.046004601,0.0001897818321982726
-4800180.0180018,0.00018976825557267198
-4799899.989999,0.0001897550676765839
-4799619.9619962,0.00018974227345844332
-4799339.933993399,0.0001897298777522195
-4799059.9059906,0.00018971788527576624
-4798779.877987799,0.00018970630062920547
-4798499.849984999,0.0001896951282933452
-4798219.821982198,0.00018968437262813163
-4797939.793979398,0.00018967403787113686
-4797659.7659765985,0.00018966412813608164
-4797379.737973798,0.00018965464741139455
-4797099.709970998,0.0001896455995588079
-4796819.681968197,0.00018963698831199043
-4796539.653965397,0.00018962881727521772
-4796259.625962596,0.00018962108992208064
-4795979.597959796,0.00018961380959423216
-4795699.569956996,0.00018960697950017318
-4795419.541954196,0.00018960060271407768
-4795139.513951396,0.00018959468217465743
-4794859.485948595,0.0001895892206840673
-4794579.457945795,0.00018958422090685056
-4794299.429942994,0.00018957968536892556
-4794019.401940194,0.00018957561645661342
-4793739.3739373945,0.00018957201641570765
-4793459.345934594,0.00018956888735058533
-4793179.317931794,0.00018956623122336118
-4792899.289928993,0.00018956404985308382
-4792619.261926193,0.0001895623449149752
-4792339.233923392,0.0001895611179397132
-4792059.205920592,0.00018956037031275794
-4791779.177917792,0.0001895601032737215
-4791499.149914992,0.0001895603179157821
-4791219.121912192,0.0001895610151851424
-4790939.093909391,0.00018956219588053228
-4790659.065906591,0.00018956386065275633
-4790379.03790379,0.00018956601000428655
-4790099.009900991,0.00018956864428889978
-4789818.98189819,0.00018957176371136076
-4789538.95389539,0.00018957536832715042
-4789258.92589259,0.00018957945804223998
-4788978.897889789,0.00018958403261291057
-4788698.869886989,0.0001895890916456189
-4788418.841884188,0.00018959463459690884
-4788138.813881389,0.000189600660773369
-4787858.785878588,0.00018960716933163644
-4787578.757875788,0.0001896141592784468
-4787298.729872988,0.00018962162947073032
-4787018.701870187,0.00018962957861575432
-4786738.673867387,0.00018963800527131217
-4786458.645864587,0.00018964690784595815
-4786178.617861787,0.00018965628459928914
-4785898.589858986,0.00018966613364227198
-4785618.561856186,0.0001896764529376176
-4785338.533853386,0.00018968724030020109
-4785058.505850585,0.00018969849339752794
-4784778.477847785,0.0001897102097502464
-4784498.449844985,0.00018972238673270562
-4784218.421842185,0.00018973502157355993
-4783938.393839384,0.00018974811135641858
-4783658.365836584,0.00018976165302054114
-4783378.337833784,0.00018977564336157852
-4783098.309830983,0.000189790079032359
-4782818.281828184,0.0001898049565437196
-4782538.253825383,0.00018982027226538227
-4782258.225822583,0.00018983602242687468
-4781978.197819782,0.00018985220311849559
-4781698.169816982,0.00018986881029232463
-4781418.141814182,0.00018988583976327572
-4781138.113811381,0.00018990328721019457
-4780858.085808581,0.00018992114817699952
-4780578.057805781,0.00018993941807386532
-4780298.029802981,0.00018995809217845042
-4780018.00180018,0.00018997716563716598
-4779737.97379738,0.00018999663346648774
-4779457.94579458,0.00019001649055430946
-4779177.91779178,0.00019003673166133808
-4778897.88978898,0.00019005735142253
-4778617.861786179,0.00019007834434856775
-4778337.833783379,0.0001900997048273776
-4778057.805780578,0.00019012142712568692
-4777777.777777778,0.0001901435053906208
-4777497.749774978,0.00019016593365133832
-4777217.721772177,0.00019018870582070688
-4776937.693769378,0.00019021181569701522
-4776657.665766577,0.0001902352569657241
-4776377.637763777,0.00019025902320125369
-4776097.609760976,0.00019028310786880844
-4775817.581758176,0.00019030750432623783
-4775537.553755376,0.0001903322058259327
-4775257.525752576,0.00019035720551675698
-4774977.497749776,0.00019038249644601432
-4774697.469746975,0.000190408071561448
-4774417.441744175,0.00019043392371327506
-4774137.413741374,0.0001904600456562532
-4773857.385738574,0.00019048643005178
-4773577.357735774,0.0001905130694700238
-4773297.329732974,0.00019053995639208566
-4773017.301730174,0.00019056708321219247
-4772737.273727373,0.00019059444223991885
-4772457.245724573,0.0001906220257024393
-4772177.217721772,0.0001906498257468084
-4771897.189718972,0.00019067783444226915
-4771617.1617161725,0.00019070604378258846
-4771337.133713372,0.00019073444568841965
-4771057.105710572,0.0001907630320096899
-4770777.077707771,0.00019079179452801396
-4770497.049704971,0.0001908207249591318
-4770217.02170217,0.0001908498149553701
-4769936.99369937,0.00019087905610812685
-4769656.96569657,0.0001909084399503782
-4769376.93769377,0.00019093795795920745
-4769096.90969097,0.00019096760155835362
-4768816.881688169,0.0001909973621207815
-4768536.853685369,0.0001910272309712703
-4768256.825682568,0.00019105719938902082
-4767976.797679769,0.00019108725861028075
-4767696.769676968,0.00019111739983098696
-4767416.741674168,0.00019114761420942338
-4767136.713671368,0.00019117789286889514
-4766856.685668567,0.00019120822690041686
-4766576.657665767,0.00019123860736541492
-4766296.629662966,0.00019126902529844253
-4766016.601660166,0.00019129947170990733
-4765736.573657366,0.0001913299375888099
-4765456.545654566,0.0001913604139054936
-4765176.517651766,0.00019139089161440294
-4764896.489648965,0.00019142136165685181
-4764616.461646165,0.0001914518149637996
-4764336.433643365,0.000191482242458634
-4764056.405640565,0.0001915126350599609
-4763776.377637764,0.00019154298368439908
-4763496.349634964,0.00019157327924937994
-4763216.321632164,0.00019160351267595105
-4762936.293629363,0.00019163367489158264
-4762656.265626563,0.00019166375683297578
-4762376.237623762,0.0001916937494488725
-4762096.209620963,0.00019172364370286549
-4761816.181618162,0.00019175343057620817
-4761536.153615362,0.00019178310107062236
-4761256.125612562,0.00019181264621110467
-4760976.097609761,0.0001918420570487292
-4760696.069606961,0.00019187132466344652
-4760416.041604161,0.00019190044016687775
-4760136.013601361,0.0001919293947051033
-4759855.98559856,0.0001919581794614441
-4759575.95759576,0.00019198678565923654
-4759295.92959296,0.00019201520456459838
-4759015.901590159,0.00019204342748918587
-4758735.873587359,0.00019207144579294066
-4758455.845584559,0.00019209925088682582
-4758175.817581759,0.00019212683423555063
-4757895.789578958,0.00019215418736028185
-4757615.761576158,0.00019218130184134246
-4757335.733573358,0.00019220816932089552
-4757055.705570557,0.00019223478150561345
-4756775.677567758,0.00019226113016933063
-4756495.649564957,0.0001922872071556801
-4756215.621562157,0.00019231300438071164
-4755935.593559356,0.00019233851383549202
-4755655.565556556,0.00019236372758868578
-4755375.537553756,0.000192388637789116
-4755095.509550955,0.0001924132366683038
-4754815.481548156,0.00019243751654298644
-4754535.453545355,0.00019246146981761287
-4754255.425542555,0.0001924850889868155
-4753975.397539754,0.00019250836663785832
-4753695.369536954,0.0001925312954530598
-4753415.341534154,0.00019255386821219022
-4753135.313531354,0.00019257607779484234
-4752855.285528554,0.00019259791718277515
-4752575.257525753,0.00019261937946222913
-4752295.229522953,0.000192640457826213
-4752015.201520152,0.00019266114557676102
-4751735.173517352,0.00019268143612716
-4751455.145514552,0.00019270132300414506
-4751175.117511752,0.00019272079985006415
-4750895.089508952,0.00019273986042500993
-4750615.061506151,0.00019275849860891816
-4750335.033503351,0.0001927767084036331
-4750055.00550055,0.00019279448393493754
-4749774.97749775,0.00019281181945454847
-4749494.9494949505,0.00019282870934207616
-4749214.92149215,0.00019284514810694747
-4748934.89348935,0.00019286113039029143
-4748654.865486549,0.00019287665096678726
-4748374.837483749,0.00019289170474647425
-4748094.809480948,0.00019290628677652233
-4747814.781478148,0.000192920392242963
-4747534.7534753475,0.00019293401647238045
-4747254.725472548,0.0001929471549335614
-4746974.697469748,0.00019295980323910412
-4746694.669466947,0.000192971957146985
-4746414.641464147,0.00019298361256208315
-4746134.613461346,0.00019299476553766184
-4745854.585458547,0.00019300541227680636
-4745574.557455746,0.00019301554913381816
-4745294.529452946,0.00019302517261556417
-4745014.501450146,0.00019303427938278128
-4744734.473447345,0.00019304286625133568
-4744454.445444545,0.00019305093019343568
-4744174.417441744,0.0001930584683387989
-4743894.389438944,0.00019306547797577205
-4743614.361436144,0.00019307195655240422
-4743334.333433344,0.00019307790167747189
-4743054.305430544,0.0001930833111214566
-4742774.277427743,0.0001930881828174738
-4742494.249424943,0.00019309251486215347
-4742214.221422142,0.00019309630551647128
-4741934.193419343,0.00019309955320653065
-4741654.165416542,0.0001931022565242953
-4741374.137413742,0.0001931044142282713
-4741094.109410942,0.00019310602524413942
-4740814.081408141,0.00019310708866533666
-4740534.053405341,0.00019310760375358706
-4740254.02540254,0.00019310756993938158
-4739973.997399741,0.00019310698682240666
-4739693.96939694,0.00019310585417192135
-4739413.94139414,0.00019310417192708283
-4739133.91339134,0.0001931019401972201
-4738853.885388539,0.00019309915926205565
-4738573.857385739,0.00019309582957187523
-4738293.829382939,0.00019309195174764505
-4738013.801380139,0.00019308752658107672
-4737733.773377338,0.00019308255503464004
-4737453.745374538,0.0001930770382415227
-4737173.717371738,0.0001930709775055379
-4736893.689368937,0.00019306437430097886
-4736613.661366137,0.00019305723027242104
-4736333.633363337,0.00019304954723447135
-4736053.605360537,0.00019304132717146472
-4735773.577357736,0.0001930325722371082
-4735493.549354936,0.00019302328475407198
-4735213.521352136,0.00019301346721352816
-4734933.493349335,0.0001930031222746368
-4734653.465346536,0.00019299225276397944
-4734373.437343735,0.00019298086167494032
-4734093.409340935,0.0001929689521670354
-4733813.381338134,0.00019295652756518903
-4733533.353335334,0.00019294359135895892
-4733253.325332534,0.00019293014720170895
-4732973.297329733,0.0001929161989097304
-4732693.269326934,0.0001929017504613121
-4732413.241324133,0.0001928868059957584
-4732133.213321333,0.0001928713698123575
-4731853.185318532,0.00019285544636929745
-4731573.157315732,0.00019283904028253272
-4731293.129312932,0.0001928221563246001
-4731013.101310132,0.00019280479942338454
-4730733.073307332,0.00019278697466083538
-4730453.045304531,0.00019276868727163344
-4730173.017301731,0.0001927499426418088
-4729892.98929893,0.0001927307463073101
-4729612.96129613,0.00019271110395252525
-4729332.93329333,0.00019269102140875478
-4729052.905290529,0.0001926705046526369
-4728772.87728773,0.00019264955980452633
-4728492.849284929,0.0001926281931268254
-4728212.821282129,0.00019260641102227004
-4727932.793279328,0.00019258422003216912
-4727652.765276528,0.00019256162683459885
-4727372.737273728,0.0001925386382425522
-4727092.709270928,0.00019251526120204432
-4726812.681268128,0.00019249150279017344
-4726532.653265327,0.00019246737021313945
-4726252.625262527,0.00019244287080421893
-4725972.597259726,0.0001924180120216984
-4725692.569256926,0.00019239280144676575
-4725412.541254126,0.00019236724678136095
-4725132.513251326,0.000192341355845986
-4724852.485248526,0.000192315136577475
-4724572.457245725,0.00019228859702672562
-4724292.429242925,0.00019226174535639135
-4724012.401240124,0.00019223458983853612
-4723732.373237324,0.00019220713885225173
-4723452.345234524,0.0001921794008812387
-4723172.317231724,0.0001921513845113508
-4722892.289228924,0.0001921230984281053
-4722612.261226123,0.000192094551414158
-4722332.233223323,0.00019206575234674472
-4722052.205220522,0.0001920367101950897
-4721772.177217722,0.0001920074340177821
-4721492.149214922,0.0001919779329601206
-4721212.121212122,0.00019194821625142716
-4720932.093209322,0.00019191829320233143
-4720652.065206521,0.00019188817320202537
-4720372.037203721,0.00019185786571548978
-4720092.00920092,0.0001918273802806931
-4719811.981198121,0.00019179672650576382
-4719531.95319532,0.00019176591406613617
-4719251.92519252,0.00019173495270167186
-4718971.89718972,0.00019170385221375672
-4718691.869186919,0.0001916726224623742
-4718411.841184119,0.00019164127336315637
-4718131.813181318,0.0001916098148844133
-4717851.785178519,0.00019157825704414172
-4717571.757175718,0.00019154660990701325
-4717291.729172918,0.00019151488358134486
-4717011.701170118,0.00019148308821604986
-4716731.673167317,0.00019145123399757255
-4716451.645164517,0.00019141933114680642
-4716171.617161717,0.000191387389915997
-4715891.589158917,0.00019135542058562984
-4715611.561156116,0.0001913234334613061
-4715331.533153316,0.00019129143887060447
-4715051.505150516,0.00019125944715993212
-4714771.477147715,0.00019122746869136475
-4714491.449144915,0.00019119551383947706
-4714211.421142114,0.00019116359298816443
-4713931.393139315,0.000191131716527457
-4713651.365136514,0.0001910998948503262
-4713371.337133714,0.00019106813834948694
-4713091.309130914,0.00019103645741419328
-4712811.281128113,0.00019100486242703123
-4712531.253125314,0.00019097336376070847
-4712251.225122513,0.0001909419717748416
-4711971.197119713,0.0001909106968127434
-4711691.169116912,0.00019087954919820932
-4711411.141114112,0.0001908485392323053
-4711131.113111312,0.00019081767719015768
-4710851.085108511,0.00019078697331774593
-4710571.057105711,0.00019075643782869947
-4710291.029102911,0.00019072608090109965
-4710011.001100111,0.00019069591267428706
-4709730.97309731,0.0001906659432456769
-4709450.94509451,0.00019063618266758112
-4709170.91709171,0.00019060664094404045
-4708890.889088909,0.00019057732802766562
-4708610.86108611,0.0001905482538164901
-4708330.833083309,0.00019051942815083406
-4708050.805080509,0.00019049086081018214
-4707770.777077708,0.00019046256151007414
-4707490.749074908,0.0001904345398990111
-4707210.721072108,0.00019040680555537689
-4706930.693069307,0.00019037936798437687
-4706650.665066508,0.00019035223661499411
-4706370.637063707,0.000190325420796964
-4706090.609060907,0.0001902989297977693
-4705810.581058106,0.0001902727727996552
-4705530.553055306,0.00019024695889666585
-4705250.525052506,0.00019022149709170395
-4704970.497049706,0.0001901963962936134
-4704690.469046906,0.00019017166531428605
-4704410.441044105,0.00019014731286579463
-4704130.413041305,0.000190123347557551
-4703850.385038504,0.00019009977789349205
-4703570.357035704,0.00019007661226929336
-4703290.329032904,0.00019005385896961205
-4703010.301030104,0.00019003152616535937
-4702730.273027304,0.00019000962191100367
-4702450.245024503,0.0001899881541419057
-4702170.217021703,0.00018996713067168572
-4701890.189018902,0.00018994655918962402
-4701610.161016102,0.000189926447258096
-4701330.133013302,0.00018990680231004186
-4701050.105010502,0.00018988763164647202
-4700770.077007702,0.00018986894243401
-4700490.049004901,0.00018985074170247172
-4700210.021002101,0.00018983303634248383
-4699929.9929993,0.00018981583310314073
-4699649.9649965,0.00018979913858970164
-4699369.9369937,0.00018978295926132824
-4699089.9089909,0.00018976730142886342
-4698809.8809881,0.0001897521712526528
-4698529.852985299,0.0001897375747404083
-4698249.824982499,0.00018972351774511597
-4697969.796979698,0.00018971000596298762
-4697689.768976899,0.00018969704493145782
-4697409.740974098,0.00018968464002722623
-4697129.712971298,0.0001896727964643467
-4696849.684968498,0.00018966151929236292
-4696569.656965697,0.00018965081339449198
-4696289.628962897,0.00018964068348585633
-4696009.600960096,0.00018963113411176426
-4695729.572957296,0.0001896221696460403
-4695449.544954496,0.00018961379428940548
-4695169.516951696,0.00018960601206790837
-4694889.488948896,0.0001895988268314073
-4694609.460946095,0.00018959224225210437
-4694329.432943295,0.0001895862618231319
-4694049.404940495,0.00018958088885719153
-4693769.376937695,0.00018957612648524673
-4693489.348934894,0.00018957197765526927
-4693209.320932094,0.0001895684451310397
-4692929.292929294,0.00018956553149100292
-4692649.264926493,0.00018956323912717855
-4692369.236923693,0.00018956157024412732
-4692089.208920892,0.00018956052685797307
-4691809.180918093,0.0001895601107954815
-4691529.152915292,0.00018956032369319545
-4691249.124912492,0.0001895611669966274
-4690969.096909692,0.00018956264195950945
-4690689.068906891,0.00018956474964310115
-4690409.040904091,0.0001895674909155552
-4690129.012901291,0.00018957086645134173
-4689848.984898491,0.0001895748767307313
-4689568.95689569,0.0001895795220393365
-4689288.92889289,0.00018958480246771299
-4689008.90089009,0.00018959071791101967
-4688728.872887289,0.00018959726806873866
-4688448.844884489,0.0001896044524444547
-4688168.816881689,0.0001896122703456946
-4687888.788878889,0.0001896207208838269
-4687608.760876088,0.00018962980297402145
-4687328.732873288,0.00018963951533526916
-4687048.704870488,0.0001896498564904626
-4686768.676867687,0.00018966082476653656
-4686488.648864888,0.0001896724182946693
-4686208.620862087,0.00018968463501054441
-4685928.592859287,0.00018969747265467298
-4685648.564856486,0.0001897109287727765
-4685368.536853686,0.0001897250007162303
-4685088.508850886,0.00018973968564256713
-4684808.480848085,0.00018975498051604185
-4684528.452845286,0.0001897708821082556
-4684248.424842485,0.00018978738699884106
-4683968.396839685,0.0001898044915762072
-4683688.368836884,0.0001898221920383443
-4683408.340834084,0.00018984048439368894
-4683128.312831284,0.00018985936446204853
-4682848.284828484,0.00018987882787558524
-4682568.256825684,0.00018989887007985962
-4682288.228822883,0.00018991948633493273
-4682008.200820083,0.00018994067171652747
-4681728.172817282,0.0001899624211172484
-4681448.144814482,0.00018998472924785988
-4681168.116811682,0.00019000759063862212
-4680888.088808881,0.00019003099964068479
-4680608.060806082,0.0001900549504275382
-4680328.032803281,0.00019007943699652158
-4680048.004800481,0.00019010445317038725
-4679767.97679768,0.00019012999259892187
-4679487.94879488,0.00019015604876062304
-4679207.92079208,0.00019018261496443127
-4678927.89278928,0.00019020968435151743
-4678647.86478648,0.00019023724989712375
-4678367.836783679,0.0001902653044124596
-4678087.808780879,0.00019029384054665072
-4677807.780778078,0.0001903228507887409
-4677527.752775278,0.00019035232746974687
-4677247.7247724775,0.0001903822627647646
-4676967.696769678,0.00019041264869512712
-4676687.668766878,0.00019044347713061344
-4676407.640764077,0.000190474739791707
-4676127.612761277,0.00019050642825190427
-4675847.584758476,0.00019053853394007214
-4675567.556755676,0.0001905710481428536
-4675287.528752876,0.00019060396200712098
-4675007.500750076,0.00019063726654247663
-4674727.472747276,0.0001906709526237991
-4674447.444744475,0.0001907050109938354
-4674167.416741675,0.00019073943226583835
-4673887.388738874,0.00019077420692624749
-4673607.360736074,0.00019080932533741378
-4673327.332733274,0.0001908447777403665
-4673047.304730474,0.0001908805542576229
-4672767.276727674,0.0001909166448960374
-4672487.248724873,0.0001909530395496923
-4672207.220722073,0.00019098972800282745
-4671927.192719272,0.0001910266999328084
-4671647.164716473,0.00019106394491313222
-4671367.136713672,0.00019110145241647098
-4671087.108710872,0.0001911392118177497
-4670807.080708072,0.00019117721239726075
-4670527.052705271,0.00019121544334381197
-4670247.024702471,0.0001912538937579081
-4669966.99669967,0.0001912925526549645
-4669686.968696871,0.0001913314089685524
-4669406.94069407,0.00019137045155367515
-4669126.91269127,0.00019140966919007274
-4668846.88468847,0.0001914490505855562
-4668566.856685669,0.00019148858437936897
-4668286.828682869,0.00019152825914557512
-4668006.800680069,0.00019156806339647273
-4667726.772677269,0.00019160798558603309
-4667446.744674468,0.0001916480141133616
-4667166.716671668,0.000191688137326183
-4666886.688668868,0.0001917283435243473
-4666606.660666067,0.00019176862096335632
-4666326.632663267,0.00019180895785790992
-4666046.604660467,0.0001918493423854702
-4665766.576657667,0.00019188976268984392
-4665486.548654866,0.0001919302068847797
-4665206.520652066,0.00019197066305758209
-4664926.492649266,0.00019201111927273848
-4664646.464646465,0.00019205156357555994
-4664366.436643666,0.00019209198399583309
-4664086.408640865,0.00019213236855148403
-4663806.380638065,0.00019217270525225037
-4663526.352635264,0.00019221298210336338
-4663246.324632464,0.00019225318710923675
-4662966.296629664,0.00019229330827716214
-4662686.268626863,0.00019233333362100971
-4662406.240624063,0.00019237325116493303
-4662126.212621263,0.00019241304894707667
-4661846.184618463,0.00019245271502328642
-4661566.156615662,0.00019249223747081886
-4661286.128612862,0.00019253160439205194
-4661006.100610062,0.00019257080391819328
-4660726.072607262,0.0001926098242129858
-4660446.044604462,0.00019264865347641026
-4660166.016601661,0.00019268727994838138
-4659885.988598861,0.0001927256919124393
-4659605.96059606,0.00019276387769943303
-4659325.93259326,0.00019280182569119593
-4659045.90459046,0.00019283952432421107
-4658765.876587659,0.00019287696209326663
-4658485.84858486,0.00019291412755509878
-4658205.820582059,0.0001929510093320226
-4657925.792579259,0.00019298759611554762
-4657645.764576458,0.00019302387666997914
-4657365.736573658,0.0001930598398360029
-4657085.7085708575,0.0001930954745342523
-4656805.680568058,0.00019313076976885696
-4656525.652565258,0.00019316571463097188
-4656245.624562457,0.00019320029830228495
-4655965.596559657,0.00019323451005850365
-4655685.568556856,0.0001932683392728179
-4655405.540554056,0.0001933017754193391
-4655125.5125512555,0.00019333480807651377
-4654845.484548456,0.00019336742693051102
-4654565.456545656,0.0001933996217785828
-4654285.428542855,0.00019343138253239493
-4654005.400540055,0.00019346269922132937
-4653725.372537254,0.00019349356199575542
-4653445.344534454,0.0001935239611302697
-4653165.316531654,0.00019355388702690254
-4652885.288528854,0.0001935833302182921
-4652605.260526054,0.0001936122813708218
-4652325.232523253,0.00019364073128772362
-4652045.204520453,0.0001936686709121436
-4651765.176517652,0.00019369609133017003
-4651485.148514852,0.0001937229837738225
-4651205.120512052,0.00019374933962400124
-4650925.092509252,0.00019377515041339618
-4650645.064506452,0.00019380040782935332
-4650365.036503651,0.00019382510371669916
-4650085.008500851,0.00019384923008052156
-4649804.98049805,0.00019387277908890558
-4649524.952495251,0.00019389574307562412
-4649244.92449245,0.00019391811454278268
-4648964.89648965,0.00019393988616341575
-4648684.86848685,0.0001939610507840362
-4648404.840484049,0.00019398160142713517
-4648124.812481249,0.00019400153129363223
-4647844.784478448,0.0001940208337652748
-4647564.756475648,0.00019403950240698618
-4647284.728472848,0.0001940575309691613
-4647004.700470048,0.00019407491338990944
-4646724.672467248,0.00019409164379724278
-4646444.644464447,0.00019410771651121075
-4646164.616461647,0.00019412312604597868
-4645884.588458847,0.00019413786711185054
-4645604.560456047,0.00019415193461723502
-4645324.532453246,0.0001941653236705535
-4645044.504450446,0.00019417802958209042
-4644764.476447646,0.00019419004786578464
-4644484.448444845,0.00019420137424096118
-4644204.420442045,0.00019421200463400274
-4643924.392439244,0.00019422193517996082
-4643644.364436445,0.000194231162224105
-4643364.336433644,0.00019423968232341085
-4643084.308430844,0.00019424749224798474
-4642804.280428044,0.000194254588982426
-4642524.252425243,0.00019426096972712553
-4642244.224422443,0.00019426663189950016
-4641964.196419643,0.00019427157313516241
-4641684.168416843,0.0001942757912890256
-4641404.140414042,0.00019427928443634297
-4641124.112411242,0.00019428205087368124
-4640844.084408442,0.00019428408911982786
-4640564.056405641,0.00019428539791663125
-4640284.028402841,0.00019428597622977433
-4640004.000400041,0.0001942858232494804
-4639723.972397241,0.00019428493839115124
-4639443.94439444,0.0001942833212959373
-4639163.91639164,0.00019428097183123933
-4638883.88838884,0.00019427789009114152
-4638603.860386039,0.00019427407639677568
-4638323.83238324,0.00019426953129661638
-4638043.804380439,0.00019426425556670653
-4637763.776377639,0.00019425825021081382
-4637483.748374838,0.00019425151646051711
-4637203.720372038,0.0001942440557752233
-4636923.692369238,0.00019423586984211396
-4636643.664366437,0.00019422696057602213
-4636363.636363638,0.00019421733011923897
-4636083.608360837,0.00019420698084124982
-4635803.580358037,0.00019419591533840073
-4635523.552355236,0.00019418413643349406
-4635243.524352436,0.0001941716471753142
-4634963.4963496355,0.00019415845083808284
-4634683.468346836,0.00019414455092084442
-4634403.440344036,0.00019412995114678077
-4634123.412341235,0.0001941146554624565
-4633843.384338435,0.00019409866803699405
-4633563.356335634,0.0001940819932611789
-4633283.328332834,0.0001940646357464953
-4633003.3003300335,0.00019404660032409254
-4632723.272327234,0.000194027892043682
-4632443.244324434,0.00019400851617236471
-4632163.216321633,0.00019398847819339086
-4631883.188318833,0.00019396778380485026
-4631603.160316032,0.00019394643891829444
-4631323.132313232,0.00019392444965729124
-4631043.104310432,0.00019390182235591146
-4630763.076307632,0.00019387856355714797
-4630483.048304832,0.00019385468001126868
-4630203.020302031,0.00019383017867410227
-4629922.992299231,0.00019380506670525798
-4629642.96429643,0.00019377935146627984
-4629362.93629363,0.0001937530405187356
-4629082.9082908295,0.0001937261416222407
-4628802.88028803,0.00019369866273241852
-4628522.85228523,0.00019367061199879575
-4628242.824282429,0.00019364199776263614
-4627962.796279629,0.00019361282855471007
-4627682.768276828,0.0001935831130930029
-4627402.740274029,0.00019355286028036153
-4627122.712271228,0.00019352207920207977
-4626842.684268428,0.0001934907791234243
-4626562.656265628,0.00019345896948710006
-4626282.628262827,0.00019342665991065738
-4626002.600260027,0.0001933938601838404
-4625722.572257226,0.0001933605802658783
-4625442.544254426,0.0001933268302827195
-4625162.516251626,0.0001932926205242101
-4624882.488248826,0.0001932579614412163
-4624602.460246026,0.00019322286364269352
-4624322.432243225,0.00019318733789270063
-4624042.404240425,0.00019315139510736192
-4623762.376237624,0.000193115046351777
-4623482.348234825,0.00019307830283687928
-4623202.320232024,0.00019304117591624405
-4622922.292229224,0.0001930036770828478
-4622642.264226424,0.00019296581796577817
-4622362.236223623,0.00019292761032689684
-4622082.208220823,0.00019288906605745542
-4621802.180218022,0.00019285019717466605
-4621522.152215223,0.0001928110158182268
-4621242.124212422,0.0001927715342468033
-4620962.096209622,0.00019273176483446846
-4620682.068206822,0.00019269172006709933
-4620402.040204021,0.00019265141253873384
-4620122.012201221,0.0001926108549478879
-4619841.984198421,0.0001925700600938338
-4619561.956195621,0.00019252904087284053
-4619281.92819282,0.00019248781027437895
-4619001.90019002,0.00019244638137729038
-4618721.87218722,0.00019240476734592147
-4618441.844184419,0.0001923629814262258
-4618161.816181619,0.00019232103694183372
-4617881.788178819,0.00019227894729009114
-4617601.760176019,0.00019223672593806835
-4617321.732173218,0.00019219438641854145
-4617041.704170418,0.000192151942325945
-4616761.676167618,0.00019210940731229962
-4616481.648164817,0.00019206679508311397
-4616201.620162018,0.00019202411939326362
-4615921.592159217,0.00019198139404284637
-4615641.564156417,0.00019193863287301805
-4615361.536153616,0.00019189584976180636
-4615081.508150816,0.00019185305861990726
-4614801.480148016,0.00019181027338646312
-4614521.452145215,0.00019176750802482487
-4614241.424142416,0.00019172477651829923
-4613961.396139615,0.00019168209286588153
-4613681.368136815,0.0001916394710779774
-4613401.340134014,0.000191596925172112
-4613121.312131214,0.00019155446916862995
-4612841.284128414,0.00019151211708638667
-4612561.256125614,0.00019146988293843246
-4612281.228122814,0.00019142778072769016
-4612001.200120013,0.0001913858244426293
-4611721.172117213,0.0001913440280529355
-4611441.144114412,0.00019130240550517896
-4611161.116111612,0.00019126097071848157
-4610881.0881088115,0.00019121973758018517
-4610601.060106011,0.0001911787199415213
-4610321.032103212,0.00019113793161328472
-4610041.004100411,0.00019109738636151084
-4609760.976097611,0.00019105709790316025
-4609480.94809481,0.00019101707990180943
-4609200.92009201,0.00019097734596335055
-4608920.89208921,0.00019093790963170136
-4608640.86408641,0.0001908987843845257
-4608360.83608361,0.00019085998362896778
-4608080.808080809,0.00019082152069739932
-4607800.780078009,0.00019078340884318246
-4607520.752075208,0.0001907456612364491
-4607240.724072408,0.00019070829095989826
-4606960.6960696075,0.00019067131100461277
-4606680.668066808,0.00019063473426589626
-4606400.640064008,0.00019059857353913182
-4606120.612061207,0.00019056284151566476
-4605840.584058407,0.0001905275507787088
-4605560.556055606,0.0001904927137992784
-4605280.528052806,0.00019045834293214846
-4605000.500050006,0.00019042445041184196
-4604720.472047206,0.0001903910483486469
-4604440.444044406,0.00019035814872466549
-4604160.416041605,0.00019032576338989387
-4603880.388038805,0.00019029390405833624
-4603600.360036004,0.0001902625823041534
-4603320.332033204,0.00019023180955784707
-4603040.304030404,0.00019020159710248172
-4602760.276027604,0.00019017195606994407
-4602480.248024804,0.00019014289743724317
-4602200.220022003,0.00019011443202285032
-4601920.192019203,0.00019008657048308163
-4601640.164016402,0.00019005932330852323
-4601360.136013603,0.00019003270082050135
-4601080.108010802,0.00019000671316759719
-4600800.080008002,0.00018998137032220932
-4600520.052005202,0.00018995668207716325
-4600240.024002401,0.00018993265804236986
-4599959.995999601,0.00018990930764153425
-4599679.9679968,0.00018988664010891548
-4599399.939994001,0.00018986466448613854
-4599119.9119912,0.00018984338961905935
-4598839.8839884,0.0001898228241546847
-4598559.8559856,0.00018980297653814701
-4598279.827982799,0.00018978385500973555
-4597999.799979999,0.00018976546760198542
-4597719.771977199,0.00018974782213682453
-4597439.743974399,0.00018973092622278007
-4597159.715971598,0.00018971478725224569
-4596879.687968798,0.00018969941239880932
-4596599.659965998,0.00018968480861464385
-4596319.631963197,0.0001896709826279605
-4596039.603960397,0.0001896579409405264
-4595759.575957596,0.0001896456898252472
-4595479.547954797,0.0001896342353238152
-4595199.519951996,0.00018962358324442415
-4594919.491949196,0.00018961373915955164
-4594639.463946396,0.00018960470840380966
-4594359.435943595,0.00018959649607186403
-4594079.407940796,0.0001895891070164237
-4593799.379937995,0.0001895825458463006
-4593519.351935195,0.00018957681692454077
-4593239.323932394,0.00018957192436662735
-4592959.295929594,0.00018956787203875622
-4592679.267926794,0.00018956466355618496
-4592399.239923993,0.00018956230228165573
-4592119.211921193,0.00018956079132389264
-4591839.183918393,0.00018956013353617446
-4591559.155915593,0.00018956033151498278
-4591279.127912792,0.0001895613875987267
-4590999.099909992,0.00018956330386654416
-4590719.071907192,0.0001895660821371806
-4590439.043904391,0.00018956972396794562
-4590159.015901592,0.00018957423065374756
-4589878.987898791,0.00018957960322620713
-4589598.959895991,0.0001895858424528499
-4589318.93189319,0.0001895929488363785
-4589038.90389039,0.00018960092261402465
-4588758.8758875895,0.00018960976375698128
-4588478.847884789,0.0001896194719699154
-4588198.81988199,0.00018963004669056178
-4587918.791879189,0.00018964148708939773
-4587638.763876389,0.00018965379206939908
-4587358.735873588,0.00018966696026587824
-4587078.707870788,0.00018968099004640354
-4586798.6798679875,0.00018969587951080084
-4586518.651865188,0.00018971162649123724
-4586238.623862388,0.00018972822855238715
-4585958.595859587,0.0001897456829916803
-4585678.567856787,0.00018976398683963282
-4585398.539853986,0.00018978313686026028
-4585118.511851186,0.00018980312955157351
-4584838.4838483855,0.0001898239611461571
-4584558.455845586,0.00018984562761182978
-4584278.427842786,0.0001898681246523883
-4583998.399839985,0.00018989144770843245
-4583718.371837185,0.00018991559195827333
-4583438.343834384,0.00018994055231892333
-4583158.315831584,0.00018996632344716837
-4582878.287828784,0.00018999289974072148
-4582598.259825984,0.000190020275339459
-4582318.231823184,0.00019004844412673683
-4582038.203820383,0.00019007739973078903
-4581758.175817583,0.0001901071355262067
-4581478.147814782,0.00019013764463549776
-4581198.119811982,0.0001901689199307265
-4580918.091809182,0.0001902009540352337
-4580638.063806382,0.00019023373932543588
-4580358.035803582,0.0001902672679327036
-4580078.007800781,0.00019030153174531865
-4579797.979797981,0.00019033652241050972
-4579517.95179518,0.0001903722313365653
-4579237.923792381,0.00019040864969502416
-4578957.89578958,0.00019044576842294322
-4578677.86778678,0.0001904835782252401
-4578397.83978398,0.00019052206957711275
-4578117.811781179,0.0001905612327265335
-4577837.783778379,0.00019060105769681763
-4577557.755775578,0.00019064153428926566
-4577277.727772778,0.00019068265208587883
-4576997.699769978,0.0001907244004521468
-4576717.671767178,0.00019076676853990783
-4576437.643764378,0.0001908097452902783
-4576157.615761577,0.0001908533194366543
-4575877.587758777,0.0001908974795077812
-4575597.559755977,0.00019094221383089265
-4575317.531753177,0.00019098751053491756
-4575037.503750376,0.00019103335755375251
-4574757.475747576,0.00019107974262960213
-4574477.447744776,0.0001911266533163834
-4574197.419741975,0.0001911740769831947
-4573917.391739175,0.00019122200081784794
-4573637.363736374,0.0001912704118304632
-4573357.335733575,0.00019131929685712437
-4573077.307730774,0.00019136864256359627
-4572797.279727974,0.0001914184354490992
-4572517.251725174,0.0001914686618501434
-4572237.223722373,0.0001915193079444204
-4571957.195719573,0.00019157035975474998
-4571677.167716773,0.00019162180315308272
-4571397.139713973,0.00019167362386455673
-4571117.111711172,0.00019172580747160606
-4570837.083708372,0.00019177833941812192
-4570557.055705572,0.000191831205013664
-4570277.027702771,0.00019188438943772097
-4569996.999699971,0.00019193787774401895
-4569716.971697171,0.0001919916548648772
-4569436.943694371,0.0001920457056156096
-4569156.91569157,0.00019210001469896926
-4568876.88768877,0.00019215456670963765
-4568596.85968597,0.00019220934613875502
-4568316.831683169,0.0001922643373784908
-4568036.80368037,0.00019231952472665393
-4567756.775677569,0.00019237489239134115
-4567476.747674769,0.00019243042449562024
-4567196.719671968,0.00019248610508225023
-4566916.691669168,0.00019254191811843464
-4566636.6636663675,0.0001925978475006068
-4566356.635663567,0.00019265387705924648
-4566076.607660768,0.00019270999056372588
-4565796.579657967,0.00019276617172718453
-4565516.551655167,0.00019282240421142916
-4565236.523652366,0.0001928786716318606
-4564956.495649566,0.00019293495756242347
-4564676.4676467655,0.00019299124554057867
-4564396.439643966,0.00019304751907229622
-4564116.411641166,0.00019310376163706846
-4563836.383638365,0.0001931599566929394
-4563556.355635565,0.00019321608768155225
-4563276.327632764,0.00019327213803321073
-4562996.299629964,0.00019332809117195404
-4562716.2716271635,0.00019338393052064373
-4562436.243624363,0.0001934396395060606
-4562156.215621564,0.00019349520156401035
-4561876.187618763,0.0001935506001444374
-4561596.159615963,0.0001936058187165423
-4561316.131613162,0.00019366084077390534
-4561036.103610362,0.00019371564983961163
-4560756.075607562,0.0001937702294713771
-4560476.047604762,0.0001938245632666751
-4560196.019601962,0.00019387863486785878
-4559915.991599161,0.0001939324279672817
-4559635.963596361,0.0001939859263124121
-4559355.93559356,0.00019403911371094083
-4559075.90759076,0.00019409197403588038
-4558795.8795879595,0.00019414449123065432
-4558515.85158516,0.00019419664931417458
-4558235.82358236,0.00019424843238590708
-4557955.795579559,0.00019429982463091996
-4557675.767576759,0.00019435081032491828
-4557395.739573958,0.0001944013738392591
-4557115.711571158,0.00019445149964594796
-4556835.683568358,0.00019450117232261373
-4556555.655565558,0.00019455037655746196
-4556275.627562758,0.0001945990971542025
-4555995.599559957,0.000194647319036953
-4555715.571557157,0.00019469502725511423
-4555435.543554356,0.00019474220698821717
-4555155.515551556,0.00019478884355073961
-4554875.487548756,0.00019483492239689052
-4554595.459545956,0.00019488042912536228
-4554315.431543156,0.0001949253494840464
-4554035.403540355,0.000194969669374714
-4553755.375537555,0.00019501337485765822
-4553475.347534754,0.0001950564521562971
-4553195.319531955,0.0001950988876617354
-4552915.291529154,0.0001951406679372851
-4552635.263526354,0.0001951817797229404
-4552355.235523554,0.00019522220993980902
-4552075.207520753,0.00019526194569449617
-4551795.179517953,0.00019530097428344044
-4551515.151515152,0.00019533928319720014
-4551235.123512353,0.00019537686012468868
-4550955.095509552,0.0001954136929573583
-4550675.067506752,0.00019544976979332852
-4550395.039503952,0.0001954850789414611
-4550115.011501151,0.00019551960892537782
-4549834.983498351,0.00019555334848742046
-4549554.955495551,0.00019558628659255186
-4549274.927492751,0.0001956184124321969
-4548994.89948995,0.0001956497154280208
-4548714.87148715,0.00019568018523564542
-4548434.84348435,0.00019570981174830095
-4548154.815481549,0.0001957385851004121
-4547874.787478749,0.00019576649567111762
-4547594.759475949,0.00019579353408772187
-4547314.731473149,0.0001958196912290777
-4547034.703470348,0.00019584495822889817
-4546754.675467548,0.00019586932647899772
-4546474.647464748,0.00019589278763246042
-4546194.619461947,0.0001959153336067346
-4545914.591459148,0.00019593695658665257
-4545634.563456347,0.00019595764902737519
-4545354.535453547,0.00019597740365725826
-4545074.507450746,0.0001959962134806425
-4544794.479447946,0.00019601407178056348
-4544514.4514451455,0.00019603097212138237
-4544234.423442345,0.0001960469083513354
-4543954.395439545,0.00019606187460500174
-4543674.367436745,0.00019607586530568852
-4543394.339433945,0.00019608887516773258
-4543114.311431144,0.00019610089919871716
-4542834.283428344,0.0001961119327016038
-4542554.2554255435,0.0001961219712767778
-4542274.227422744,0.00019613101082400692
-4541994.199419944,0.0001961390475443122
-4541714.171417143,0.0001961460779417504
-4541434.143414343,0.00019615209882510725
-4541154.115411542,0.0001961571073095008
-4540874.087408742,0.00019616110081789427
-4540594.0594059415,0.00019616407708251762
-4540314.031403141,0.00019616603414619743
-4540034.003400342,0.0001961669703635942
-4539753.975397541,0.00019616688440234688
-4539473.947394741,0.00019616577524412377
-4539193.91939194,0.00019616364218557938
-4538913.89138914,0.00019616048483921697
-4538633.8633863395,0.000196156303134156
-4538353.83538354,0.0001961510973168041
-4538073.80738074,0.00019614486795143353
-4537793.779377939,0.0001961376159206614
-4537513.751375139,0.00019612934242583329
-4537233.723372338,0.00019612004898731007
-4536953.695369538,0.000196109737444658
-4536673.6673667375,0.00019609840995674094
-4536393.639363938,0.0001960860690017155
-4536113.611361138,0.00019607271737692792
-4535833.583358337,0.00019605835819871376
-4535553.555355537,0.00019604299490209873
-4535273.527352736,0.00019602663124040188
-4534993.499349936,0.00019600927128474028
-4534713.471347136,0.0001959909194234357
-4534433.443344336,0.00019597158036132234
-4534153.415341536,0.00019595125911895726
-4533873.387338735,0.00019592996103173158
-4533593.359335935,0.00019590769174888402
-4533313.331333134,0.0001958844572324162
-4533033.303330334,0.00019586026375590987
-4532753.275327534,0.0001958351179032468
-4532473.247324734,0.00019580902656723015
-4532193.219321934,0.00019578199694810958
-4531913.191319133,0.00019575403655200846
-4531633.163316333,0.00019572515318925428
-4531353.135313532,0.00019569535497261282
-4531073.107310733,0.000195664650315426
-4530793.079307932,0.00019563304792965356
-4530513.051305132,0.00019560055682381992
-4530233.023302332,0.00019556718630086558
-4529952.995299531,0.0001955329459559042
-4529672.967296731,0.0001954978456738853
-4529392.93929393,0.0001954618956271639
-4529112.91129113,0.0001954251062729769
-4528832.88328833,0.00019538748835082713
-4528552.85528553,0.00019534905287977515
-4528272.82728273,0.000195309811155641
-4527992.799279929,0.0001952697747481144
-4527712.771277129,0.0001952289554977754
-4527432.743274329,0.0001951873655130264
-4527152.715271529,0.000195145017166935
-4526872.687268728,0.0001951019230939904
-4526592.659265928,0.00019505809618677216
-4526312.631263128,0.00019501354959253344
-4526032.603260327,0.00019496829670969914
-4525752.575257527,0.00019492235118427994
-4525472.547254726,0.00019487572690620304
-4525192.519251927,0.00019482843800556086
-4524912.491249126,0.00019478049884877766
-4524632.463246326,0.00019473192403469722
-4524352.435243526,0.00019468272839059006
-4524072.407240725,0.0001946329269680828
-4523792.379237925,0.00019458253503901055
-4523512.351235125,0.00019453156809119316
-4523232.323232325,0.00019448004182413608
-4522952.295229524,0.00019442797214465864
-4522672.267226724,0.00019437537516244857
-4522392.2392239235,0.00019432226718554563
-4522112.211221123,0.0001942686647157552
-4521832.183218323,0.00019421458444399267
-4521552.155215523,0.0001941600432455608
-4521272.127212723,0.0001941050581753594
-4520992.099209922,0.00019404964646303226
-4520712.071207122,0.00019399382550804823
-4520432.0432043215,0.00019393761287472125
-4520152.015201521,0.00019388102628716905
-4519871.987198722,0.0001938240836242128
-4519591.959195921,0.0001937668029142175
-4519311.931193121,0.00019370920232987768
-4519031.90319032,0.00019365130018294649
-4518751.87518752,0.00019359311491891137
-4518471.8471847195,0.00019353466511161813
-4518191.819181919,0.00019347596945784394
-4517911.79117912,0.00019341704677182148
-4517631.763176319,0.00019335791597971502
-4517351.735173519,0.00019329859611405214
-4517071.707170718,0.00019323910630810934
-4516791.679167918,0.00019317946579025584
-4516511.6511651175,0.00019311969387825645
-4516231.623162318,0.0001930598099735347
-4515951.595159518,0.00019299983355539784
-4515671.567156717,0.00019293978417522724
-4515391.539153917,0.00019287968145063284
-4515111.511151116,0.00019281954505957554
-4514831.483148316,0.00019275939473445896
-4514551.4551455155,0.00019269925025619154
-4514271.427142716,0.0001926391314482216
-4513991.399139916,0.00019257905817054573
-4513711.371137115,0.00019251905031369523
-4513431.343134315,0.00019245912779269824
-4513151.315131514,0.00019239931054102288
-4512871.287128714,0.0001923396185045014
-4512591.259125914,0.00019228007163523767
-4512311.231123114,0.00019222068988549923
-4512031.203120314,0.00019216149320159766
-4511751.175117513,0.00019210250151775632
-4511471.147114713,0.0001920437347499691
-4511191.119111912,0.00019198521278985186
-4510911.091109112,0.00019192695549848793
-4510631.0631063115,0.00019186898270027005
-4510351.035103512,0.0001918113141767401
-4510071.007100712,0.00019175396966042825
-4509790.979097911,0.00019169696882869553
-4509510.951095111,0.00019164033129757819
-4509230.92309231,0.0001915840766156387
-4508950.895089511,0.00019152822425782403
-4508670.86708671,0.0001914727936193324
-4508390.83908391,0.00019141780400949295
-4508110.81108111,0.00019136327464565705
-4507830.783078309,0.00019130922464710503
-4507550.755075509,0.00019125567302896975
-4507270.727072708,0.00019120263869617935
-4506990.699069908,0.0001911501404374199
-4506710.671067108,0.0001910981969191214
-4506430.643064308,0.000191046826679467
-4506150.615061508,0.00019099604812243025
-4505870.587058707,0.0001909458795118389
-4505590.559055907,0.00019089633896546957
-4505310.531053106,0.00019084744444917398
-4505030.503050307,0.0001907992137710393
-4504750.475047506,0.00019075166457558306
-4504470.447044706,0.00019070481433798751
-4504190.419041906,0.000190658680358371
-4503910.391039105,0.00019061327975610198
-4503630.363036305,0.00019056862946415531
-4503350.335033504,0.00019052474622351337
-4503070.307030705,0.0001904816465776141
-4502790.279027904,0.00019043934686684624
-4502510.251025104,0.00019039786322309655
-4502230.223022304,0.00019035721156434714
-4501950.195019503,0.00019031740758932743
-4501670.167016703,0.00019027846677222092
-4501390.139013903,0.00019024040435742975
-4501110.111011103,0.00019020323535439714
-4500830.083008302,0.00019016697453249148
-4500550.055005502,0.0001901316364159518
-4500270.027002702,0.0001900972352788974
-4499989.998999901,0.00019006378514040305
-4499709.970997101,0.00019003129975964144
-4499429.942994301,0.00018999979263109438
-4499149.914991501,0.00018996927697983407
-4498869.8869887,0.00018993976575687742
-4498589.8589859,0.00018991127163461274
-4498309.8309830995,0.00018988380700230232
-4498029.802980299,0.00018985738396166133
-4497749.7749775,0.00018983201432251536
-4497469.746974699,0.0001898077095985367
-4497189.718971899,0.0001897844810030631
-4496909.690969098,0.00018976233944499788
-4496629.662966298,0.00018974129552479495
-4496349.6349634975,0.00018972135953052865
-4496069.606960697,0.0001897025414340507
-4495789.578957898,0.0001896848508872355
-4495509.550955097,0.00018966829721831426
-4495229.522952297,0.00018965288942830095
-4494949.494949496,0.0001896386361875095
-4494669.466946696,0.0001896255458321647
-4494389.4389438955,0.00018961362636110766
-4494109.410941096,0.00018960288543259736
-4493829.382938296,0.00018959333036120858
-4493549.354935495,0.00018958496811482858
-4493269.326932695,0.00018957780531175287
-4492989.298929894,0.00018957184821788114
-4492709.270927094,0.000189567102744015
-4492429.2429242935,0.00018956357444325806
-4492149.214921493,0.00018956126850851944
-4491869.186918694,0.00018956018977012195
-4491589.158915893,0.0001895603426935157
-4491309.130913093,0.00018956173137709808
-4491029.102910292,0.000189564359550141
-4490749.074907492,0.00018956823057082636
-4490469.046904692,0.00018957334742439043
-4490189.018901892,0.00018957971272137825
-4489908.990899092,0.00018958732869600828
-4489628.962896291,0.00018959619720464865
-4489348.934893491,0.00018960631972440522
-4489068.90689069,0.00018961769735182263
-4488788.87888789,0.00018963033080169838
-4488508.8508850895,0.00018964422040601109
-4488228.82288229,0.0001896593661129632
-4487948.79487949,0.00018967576748613898
-4487668.766876689,0.00018969342370377769
-4487388.738873889,0.00018971233355816322
-4487108.710871088,0.0001897324954551302
-4486828.682868288,0.00018975390741368683
-4486548.654865488,0.00018977656706575523
-4486268.626862688,0.00018980047165602948
-4485988.598859888,0.00018982561804195121
-4485708.570857087,0.0001898520026938039
-4485428.542854287,0.00018987962169492541
-4485148.514851486,0.0001899084707420392
-4484868.486848686,0.00018993854514570433
-4484588.458845886,0.0001899698398308844
-4484308.430843086,0.00019000234933763595
-4484028.402840286,0.00019003606782191503
-4483748.374837485,0.00019007098905650383
-4483468.346834685,0.00019010710643205603
-4483188.318831884,0.000190144412958261
-4482908.290829085,0.0001901829012651275
-4482628.262826284,0.00019022256360438596
-4482348.234823484,0.00019026339185100892
-4482068.206820684,0.000190305377504851
-4481788.178817883,0.00019034851169240623
-4481508.150815083,0.000190392785168684
-4481228.122812282,0.00019043818831920224
-4480948.094809483,0.00019048471116209795
-4480668.066806682,0.0001905323433503557
-4480388.038803882,0.0001905810741741508
-4480108.010801082,0.0001906308925633101
-4479827.982798281,0.00019068178708988822
-4479547.954795481,0.00019073374597085814
-4479267.926792681,0.00019078675707091694
-4478987.898789881,0.00019084080790540583
-4478707.87078708,0.00019089588564334217
-4478427.84278428,0.00019095197711056544
-4478147.81478148,0.00019100906879299472
-4477867.786778679,0.00019106714683999723
-4477587.758775879,0.00019112619706786746
-4477307.730773078,0.000191186204963416
-4477027.702770279,0.00019124715568766683
-4476747.674767478,0.00019130903407966343
-4476467.646764678,0.00019137182466038023
-4476187.6187618775,0.00019143551163674192
-4475907.590759077,0.00019150007890574665
-4475627.562756278,0.00019156551005869365
-4475347.534753477,0.00019163178838551477
-4475067.506750677,0.0001916988968792057
-4474787.478747876,0.00019176681824036027
-4474507.450745076,0.0001918355348818034
-4474227.4227422755,0.00019190502893332272
-4473947.394739475,0.00019197528224649743
-4473667.366736675,0.0001920462763996231
-4473387.338733875,0.00019211799270273122
-4473107.310731075,0.00019219041220270335
-4472827.282728274,0.00019226351568847475
-4472547.254725474,0.0001923372836963315
-4472267.2267226735,0.00019241169651529542
-4471987.198719873,0.00019248673419259738
-4471707.170717074,0.00019256237653923674
-4471427.142714273,0.0001926386031356269
-4471147.114711473,0.00019271539333732204
-4470867.086708672,0.00019279272628082788
-4470587.058705872,0.00019287058088949185
-4470307.0307030715,0.000192948935879472
-4470027.002700271,0.00019302776976578312
-4469746.974697472,0.0001931070608684179
-4469466.946694671,0.00019318678731854324
-4469186.918691871,0.00019326692706476593
-4468906.89068907,0.00019334745787947106
-4468626.86268627,0.0001934283573652281
-4468346.8346834695,0.00019350960296126338
-4468066.80668067,0.00019359117194999765
-4467786.77867787,0.00019367304146364797
-4467506.750675069,0.00019375518849088804
-4467226.722672269,0.00019383758988357076
-4466946.694669468,0.00019392022236350655
-4466666.666666668,0.00019400306252929803
-4466386.6386638675,0.00019408608686322747
-4466106.610661068,0.00019416927173819646
-4465826.582658268,0.00019425259342471592
-4465546.554655467,0.00019433602809794116
-4465266.526652667,0.00019441955184475545
-4464986.498649866,0.00019450314067089546
-4464706.470647066,0.0001945867705081188
-4464426.442644266,0.00019467041722141034
-4464146.414641466,0.00019475405661622738
-4463866.386638666,0.00019483766444577737
-4463586.358635865,0.00019492121641833128
-4463306.330633065,0.0001950046882045664
-4463026.302630264,0.00019508805544493865
-4462746.274627464,0.00019517129375708095
-4462466.246624664,0.00019525437874322606
-4462186.218621864,0.00019533728599765285
-4461906.190619064,0.00019541999111415004
-4461626.162616263,0.0001955024696935002
-4461346.134613463,0.00019558469735097802
-4461066.106610662,0.00019566664972386238
-4460786.078607863,0.00019574830247895902
-4460506.050605062,0.00019582963132013336
-4460226.022602262,0.00019591061199584732
-4459945.994599462,0.000195991220306703
-4459665.966596661,0.00019607143211298702
-4459385.938593861,0.00019615122334221493
-4459105.91059106,0.00019623056999667305
-4458825.88258826,0.0001963094481609551
-4458545.85458546,0.00019638783400949207
-4458265.82658266,0.00019646570381407326
-4457985.79857986,0.00019654303395135334
-4457705.770577059,0.0001966198009103478
-4457425.742574259,0.00019669598129991075
-4457145.714571459,0.000196771551856194
-4456865.686568659,0.0001968464894500864
-4456585.658565858,0.0001969207710946274
-4456305.630563058,0.00019699437395239756
-4456025.602560258,0.0001970672753428797
-4455745.574557457,0.00019713945274979036
-4455465.546554657,0.00019721088382837845
-4455185.518551856,0.00019728154641268942
-4454905.490549057,0.00019735141852279193
-4454625.462546256,0.0001974204783719662
-4454345.434543456,0.00019748870437384878
-4454065.4065406555,0.00019755607514953532
-4453785.378537855,0.00019762256953463636
-4453505.350535055,0.00019768816658628462
-4453225.322532255,0.00019775284559009183
-4452945.294529455,0.00019781658606705322
-4452665.266526654,0.0001978793677803954
-4452385.238523854,0.00019794117074236844
-4452105.2105210535,0.00019800197522097782
-4451825.182518253,0.00019806176174665482
-4451545.154515453,0.0001981205111188628
-4451265.126512653,0.00019817820441263764
-4450985.098509853,0.00019823482298506067
-4450705.070507052,0.00019829034848165973
-4450425.042504252,0.00019834476284273932
-4450145.0145014515,0.00019839804830963577
-4449864.986498651,0.00019845018743089575
-4449584.958495852,0.00019850116306837604
-4449304.930493051,0.00019855095840326363
-4449024.902490251,0.00019859955694201127
-4448744.87448745,0.00019864694252219015
-4448464.84648465,0.0001986930993182552
-4448184.8184818495,0.00019873801184722167
-4447904.790479049,0.00019878166497425145
-4447624.76247625,0.0001988240439181466
-4447344.734473449,0.00019886513425674944
-4447064.706470649,0.00019890492193224478
-4446784.678467848,0.00019894339325636596
-4446504.650465048,0.00019898053491549967
-4446224.6224622475,0.00019901633397568992
-4445944.594459448,0.00019905077788753822
-4445664.566456648,0.000199083854490999
-4445384.538453847,0.0001991155520200674
-4445104.510451047,0.00019914585910735944
-4444824.482448246,0.0001991747647885816
-4444544.454445446,0.00019920225850688858
-4444264.4264426455,0.00019922833011712767
-4443984.398439845,0.00019925296988996833
-4443704.370437046,0.00019927616851591508
-4443424.342434245,0.0001992979171092028
-4443144.314431445,0.00019931820721157185
-4442864.286428644,0.00019933703079592308
-4442584.258425844,0.00019935438026985022
-4442304.230423044,0.0001993702484790485
-4442024.202420244,0.0001993846287105986
-4441744.174417444,0.00019939751469612407
-4441464.146414643,0.0001994089006148212
-4441184.118411843,0.0001994187810963603
-4440904.090409042,0.0001994271512236569
-4440624.062406242,0.00019943400653551178
-4440344.0344034415,0.0001994393430291188
-4440064.006400642,0.00019944315716243942
-4439783.978397842,0.00019944544585644286
-4439503.950395041,0.00019944620649721068
-4439223.922392241,0.0001994454369379054
-4438943.89438944,0.00019944313550060137
-4438663.86638664,0.00019943930097797785
-4438383.83838384,0.0001994339326348729
-4438103.81038104,0.00019942703020969728
-4437823.78237824,0.00019941859391570807
-4437543.754375439,0.00019940862444214075
-4437263.726372639,0.00019939712295519917
-4436983.698369838,0.000199384091098903
-4436703.670367038,0.0001993695309957919
-4436423.642364238,0.00019935344524748562
-4436143.614361438,0.00019933583693509984
-4435863.586358638,0.0001993167096195173
-4435583.558355837,0.0001992960673415134
-4435303.530353037,0.00019927391462173618
-4435023.502350236,0.00019925025646054024
-4434743.474347437,0.0001992250983376744
-4434463.446344636,0.00019919844621182222
-4434183.418341836,0.00019917030651999662
-4433903.390339036,0.00019914068617678658
-4433623.362336235,0.00019910959257345696
-4433343.334333435,0.00019907703357690117
-4433063.306330634,0.00019904301752844634
-4432783.278327835,0.00019900755324251144
-4432503.250325034,0.00019897065000511733
-4432223.222322234,0.000198932317572251
-4431943.1943194335,0.0001988925661680814
-4431663.166316633,0.0001988514064830291
-4431383.138313833,0.00019880884967168894
-4431103.110311033,0.00019876490735060666
-4430823.082308233,0.00019871959159590855
-4430543.054305432,0.00019867291494078673
-4430263.026302632,0.0001986248903728378
-4429982.9982998315,0.00019857553133125714
-4429702.970297031,0.00019852485170388876
-4429422.942294231,0.00019847286582413103
-4429142.914291431,0.00019841958846769956
-4428862.886288631,0.00019836503484924628
-4428582.85828583,0.00019830922061883817
-4428302.83028303,0.0001982521618582932
-4428022.8022802295,0.00019819387507737633
-4427742.774277429,0.00019813437720985548
-4427462.74627463,0.0001980736856094191
-4427182.718271829,0.00019801181804545424
-4426902.690269029,0.00019794879269868987
-4426622.662266228,0.0001978846281567019
-4426342.634263428,0.00019781934340928393
-4426062.6062606275,0.00019775295784368394
-4425782.578257827,0.00019768549123970786
-4425502.550255027,0.0001976169637646914
-4425222.522252227,0.00019754739596834143
-4424942.494249427,0.00019747680877744666
-4424662.466246626,0.00019740522349046265
-4424382.438243826,0.0001973326617719678
-4424102.4102410255,0.0001972591456469946
-4423822.382238226,0.0001971846974952372
-4423542.354235426,0.00019710934004513495
-4423262.326232625,0.00019703309636783726
-4422982.298229825,0.00019695598987104628
-4422702.270227024,0.00019687804429274292
-4422422.242224224,0.00019679928369479582
-4422142.2142214235,0.00019671973245645582
-4421862.186218623,0.00019663941526773686
-4421582.158215824,0.00019655835712268608
-4421302.130213023,0.00019647658331254237
-4421022.102210223,0.00019639411941879025
-4420742.074207422,0.00019631099130610445
-4420462.046204622,0.0001962272251151918
-4420182.0182018215,0.00019614284725553063
-4419901.990199022,0.00019605788439800966
-4419621.962196222,0.00019597236346746737
-4419341.934193421,0.00019588631163513766
-4419061.906190621,0.00019579975631099815
-4418781.87818782,0.00019571272513602763
-4418501.85018502,0.00019562524597437306
-4418221.8221822195,0.00019553734690542834
-4417941.79417942,0.0001954490562158275
-4417661.76617662,0.0001953604023913527
-4417381.738173819,0.0001952714141087634
-4417101.710171019,0.00019518212022754406
-4416821.682168218,0.00019509254978157525
-4416541.654165418,0.0001950027319707309
-4416261.626162618,0.00019491269615240275
-4415981.598159818,0.0001948224718329539
-4415701.570157018,0.0001947320886591075
-4415421.542154217,0.0001946415764092676
-4415141.514151417,0.00019455096498477854
-4414861.486148616,0.00019446028440112432
-4414581.458145816,0.0001943695647790698
-4414301.430143016,0.0001942788363357474
-4414021.402140216,0.00019418812937568977
-4413741.374137416,0.000194097474281815
-4413461.346134615,0.00019400690150636203
-4413181.318131815,0.00019391644156178215
-4412901.290129014,0.0001938261250115884
-4412621.262126215,0.00019373598246116575
-4412341.234123414,0.0001936460445485426
-4412061.206120614,0.00019355634193513158
-4411781.178117814,0.00019346690529643552
-4411501.150115013,0.00019337776531272633
-4411221.122112213,0.00019328895265969764
-4410941.094109412,0.00019320049799909417
-4410661.066106613,0.00019311243196932086
-4410381.038103812,0.000193024785176033
-4410101.010101012,0.00019293758818271408
-4409820.9820982115,0.00019285087150123926
-4409540.954095411,0.00019276466558243015
-4409260.926092611,0.0001926790008066036
-4408980.898089811,0.00019259390747411687
-4408700.870087011,0.00019250941579591058
-4408420.84208421,0.0001924255558840567
-4408140.81408141,0.00019234235774230848
-4407860.7860786095,0.00019225985125665996
-4407580.758075809,0.00019217806618591546
-4407300.730073009,0.00019209703215227283
-4407020.702070208,0.00019201677863192314
-4406740.674067409,0.00019193733494567004
-4406460.646064608,0.00019185873024956963
-4406180.618061808,0.00019178099352559855
-4405900.5900590075,0.00019170415357234698
-4405620.562056207,0.00019162823899574396
-4405340.534053408,0.00019155327819981655
-4405060.506050607,0.0001914792993774839
-4404780.478047807,0.000191406330501394
-4404500.450045006,0.00019133439931479947
-4404220.422042206,0.00019126353332248045
-4403940.3940394055,0.00019119375978171488
-4403660.366036605,0.00019112510569329992
-4403380.338033805,0.00019105759779262715
-4403100.310031005,0.00019099126254081437
-4402820.282028205,0.0001909261261158958
-4402540.254025404,0.00019086221440407696
-4402260.226022604,0.00019079955299105197
-4401980.1980198035,0.00019073816715339004
-4401700.170017003,0.0001906780818499923
-4401420.142014204,0.0001906193217136222
-4401140.114011403,0.00019056191104251105
-4400860.086008603,0.00019050587379204414
-4400580.058005802,0.00019045123356652691
-4400300.030003002,0.00019039801361103614
-4400020.0020002015,0.00019034623680335772
-4399739.973997401,0.00019029592564601423
-4399459.945994602,0.0001902471022583851
-4399179.917991801,0.00019019978836892055
-4398899.889989001,0.00019015400530745459
-4398619.8619862,0.00019010977399761694
-4398339.8339834,0.00019006711494934774
-4398059.8059805995,0.00019002604825151784
-4397779.7779778,0.00018998659356465634
-4397499.749975,0.00018994877011378798
-4397219.721972199,0.0001899125966813845
-4396939.693969399,0.0001898780916004293
-4396659.665966598,0.00018984527274760042
-4396379.637963798,0.00018981415753657337
-4396099.6099609975,0.00018978476291144574
-4395819.581958198,0.00018975710534028663
-4395539.553955398,0.0001897312008088121
-4395259.525952597,0.00018970706481419075
-4394979.497949797,0.0001896847123589794
-4394699.469946996,0.00018966415794519268
-4394419.441944196,0.0001896454155685081
-4394139.413941396,0.00018962849871260865
-4393859.385938596,0.00018961342034366492
-4393579.357935796,0.0001896001929049597
-4393299.329932995,0.00018958882831165538
-4393019.301930195,0.00018957933794570782
-4392739.273927394,0.00018957173265092748
-4392459.245924594,0.00018956602272819013
-4392179.217921793,0.00018956221793079927
-4391899.189918994,0.0001895603274600013
-4391619.161916194,0.0001895603599606559
-4391339.133913393,0.0001895623235170632
-4391059.105910593,0.00018956622564894916
-4390779.077907792,0.00018957207330761106
-4390499.049904993,0.00018957987287222447
-4390219.021902192,0.00018958963014631378
-4389938.993899392,0.0001896013503543869
-4389658.965896592,0.00018961503813873655
-4389378.937893791,0.00018963069755640883
-4389098.909890991,0.00018964833207634098
-4388818.88188819,0.0001896679445766692
-4388538.85388539,0.0001896895373422082
-4388258.82588259,0.0001897131120621033
-4387978.79787979,0.00018973866982765683
-4387698.76987699,0.00018976621113032932
-4387418.741874189,0.00018979573585991695
-4387138.713871389,0.00018982724330290636
-4386858.685868588,0.0001898607321410075
-4386578.657865789,0.00018989620044986553
-4386298.629862988,0.0001899336456979535
-4386018.601860188,0.00018997306474564438
-4385738.5738573875,0.00019001445384446617
-4385458.545854587,0.00019005780863653868
-4385178.517851787,0.00019010312415419344
-4384898.489848986,0.00019015039481977728
-4384618.461846187,0.00019019961444564007
-4384338.433843386,0.00019025077623430775
-4384058.405840586,0.0001903038727788394
-4383778.3778377855,0.00019035889606337092
-4383498.349834985,0.0001904158374638444
-4383218.321832185,0.00019047468774892378
-4382938.293829385,0.00019053543708109647
-4382658.265826585,0.00019059807501796327
-4382378.237823784,0.00019066259051371253
-4382098.209820984,0.0001907289719207836
-4381818.1818181835,0.00019079720699171618
-4381538.153815383,0.00019086728288118644
-4381258.125812583,0.0001909391861482304
-4380978.097809783,0.00019101290275865337
-4380698.069806983,0.00019108841808762738
-4380418.041804182,0.000191165716922472
-4380138.013801382,0.00019124478346562384
-4379857.9857985815,0.00019132560133779025
-4379577.957795781,0.00019140815358128818
-4379297.929792982,0.00019149242266356764
-4379017.901790181,0.00019157839048092039
-4378737.873787381,0.00019166603836236957
-4378457.84578458,0.00019175534707374474
-4378177.81778178,0.00019184629682193765
-4377897.7897789795,0.00019193886725933976
-4377617.761776179,0.00019203303748846024
-4377337.73377338,0.0001921287860667233
-4377057.705770579,0.00019222609101144573
-4376777.677767779,0.00019232492980498933
-4376497.649764978,0.00019242527940009264
-4376217.621762178,0.00019252711622537723
-4375937.5937593775,0.00019263041619102848
-4375657.565756578,0.00019273515469464918
-4375377.537753778,0.00019284130662728692
-4375097.509750977,0.00019294884637962868
-4374817.481748177,0.00019305774784836798
-4374537.453745376,0.00019316798444273838
-4374257.425742576,0.00019327952909121328
-4373977.3977397755,0.0001933923542483711
-4373697.369736975,0.00019350643190192303
-4373417.341734176,0.0001936217335799024
-4373137.313731375,0.00019373823035801586
-4372857.285728575,0.0001938558928671484
-4372577.257725774,0.0001939746913010291
-4372297.229722974,0.00019409459542404914
-4372017.201720174,0.00019421557457923214
-4371737.173717374,0.00019433759769635776
-4371457.145714574,0.00019446063330022916
-4371177.117711773,0.00019458464951909146
-4370897.089708973,0.00019470961409319266
-4370617.061706172,0.00019483549438348692
-4370337.033703372,0.0001949622573804783
-4370057.005700571,0.0001950898697132021
-4369776.977697772,0.00019521829765834135
-4369496.949694972,0.00019534750714947876
-4369216.921692171,0.00019547746378647496
-4368936.893689371,0.00019560813284497973
-4368656.86568657,0.0001957394792860666
-4368376.83768377,0.00019587146776599144
-4368096.80968097,0.00019600406264607152
-4367816.78167817,0.00019613722800268459
-4367536.75367537,0.00019627092763737936
-4367256.725672569,0.00019640512508710322
-4366976.697669769,0.00019653978363453755
-4366696.669666968,0.00019667486631854122
-4366416.641664168,0.00019681033594469804
-4366136.613661368,0.0001969461550959659
-4365856.585658568,0.00019708228614342648
-4365576.557655768,0.00019721869125712658
-4365296.529652967,0.0001973553324170164
-4365016.501650167,0.0001974921714239758
-4364736.473647366,0.0001976291699109274
-4364456.445644567,0.0001977662893540331
-4364176.417641766,0.00019790349108397351
-4363896.389638966,0.00019804073629730014
-4363616.3616361655,0.00019817798606786642
-4363336.333633365,0.00019831520135832746
-4363056.305630565,0.00019845234303170824
-4362776.277627764,0.00019858937186303615
-4362496.249624965,0.00019872624855103442
-4362216.221622164,0.00019886293372987568
-4361936.193619364,0.00019899938798098571
-4361656.1656165635,0.00019913557184490262
-4361376.137613763,0.00019927144583318195
-4361096.109610963,0.00019940697044034612
-4360816.081608163,0.00019954210615587492
-4360536.053605363,0.00019967681347623522
-4360256.025602562,0.00019981105291694024
-4359975.997599762,0.00019994478502464386
-4359695.9695969615,0.00020007797038925978
-4359415.941594161,0.00020021056965610393
-4359135.913591361,0.00020034254353805734
-4358855.88558856,0.00020047385282774452
-4358575.857585761,0.00020060445840972482
-4358295.82958296,0.0002007343212726943
-4358015.80158016,0.00020086340252168888
-4357735.7735773595,0.00020099166339029365
-4357455.745574559,0.00020111906525284792
-4357175.71757176,0.00020124556963664492
-4356895.689568959,0.00020137113823412415
-4356615.661566159,0.00020149573291504674
-4356335.633563358,0.00020161931573865844
-4356055.605560558,0.00020174184896583016
-4355775.5775577575,0.00020186329507117487
-4355495.549554957,0.00020198361675513696
-4355215.521552157,0.0002021027769560502
-4354935.493549357,0.0002022207388621603
-4354655.465546557,0.00020233746592361037
-4354375.437543756,0.0002024529218643802
-4354095.409540956,0.00020256707069418343
-4353815.3815381555,0.00020267987672031238
-4353535.353535355,0.00020279130455943035
-4353255.325532556,0.00020290131914930582
-4352975.297529755,0.00020300988576048753
-4352695.269526955,0.00020311697000791176
-4352415.241524154,0.00020322253786244436
-4352135.213521354,0.00020332655566234956
-4351855.1855185535,0.0002034289901246832
-4351575.157515753,0.00020352980835660695
-4351295.129512954,0.0002036289778666192
-4351015.101510153,0.00020372646657570133
-4350735.073507353,0.0002038222428283705
-4350455.045504552,0.0002039162754036422
-4350175.017501752,0.000204008533525894
-4349894.989498952,0.0002040989868756284
-4349614.961496152,0.00020418760560013337
-4349334.933493352,0.00020427436032403166
-4349054.905490551,0.00020435922215972225
-4348774.877487751,0.00020444216271770549
-4348494.84948495,0.0002045231541167904
-4348214.82148215,0.0002046021689941805
-4347934.793479349,0.00020467918051543475
-4347654.765476549,0.0002047541623843002
-4347374.73747375,0.0002048270888524129
-4347094.709470949,0.00020489793472886484
-4346814.681468149,0.0002049666753896308
-4346534.653465348,0.00020503328678685585
-4346254.625462548,0.00020509774545799707
-4345974.597459748,0.00020516002853481784
-4345694.569456948,0.00020522011375223183
-4345414.541454148,0.0002052779794569913
-4345134.513451347,0.00020533360461622008
-4344854.485448547,0.00020538696882578563
-4344574.457445746,0.0002054380523185081
-4344294.429442946,0.00020548683597220338
-4344014.401440145,0.00020553330131755718
-4343734.373437346,0.00020557743054582718
-4343454.345434546,0.00020561920651637113
-4343174.317431745,0.00020565861276399618
-4342894.289428945,0.00020569563350612946
-4342614.261426144,0.000205730253649805
-4342334.233423345,0.00020576245879846516
-4342054.205420544,0.00020579223525857464
-4341774.177417744,0.00020581957004604237
-4341494.1494149435,0.00020584445089245177
-4341214.121412143,0.00020586686625109434
-4340934.093409343,0.00020588680530280563
-4340654.065406542,0.00020590425796160073
-4340374.037403742,0.00020591921488010694
-4340094.009400942,0.0002059316674547916
-4339813.981398142,0.00020594160783098285
-4339533.9533953415,0.00020594902890768072
-4339253.925392541,0.00020595392434215724
-4338973.897389741,0.000205956288554343
-4338693.869386941,0.00020595611673099816
-4338413.841384141,0.00020595340482966657
-4338133.81338134,0.00020594814958241014
-4337853.78537854,0.00020594034849932288
-4337573.7573757395,0.00020592999987182166
-4337293.729372939,0.00020591710277571325
-4337013.701370139,0.00020590165707403454
-4336733.673367338,0.0002058836634196661
-4336453.645364539,0.00020586312325771619
-4336173.617361738,0.000205840038827674
-4335893.589358938,0.0002058144131653322
-4335613.5613561375,0.00020578625010447504
-4335333.533353337,0.00020575555427833288
-4335053.505350538,0.0002057223311208011
-4334773.477347737,0.0002056865868674218
-4334493.449344937,0.00020564832855612884
-4334213.421342136,0.00020560756402775333
-4333933.393339336,0.00020556430192628997
-4333653.3653365355,0.00020551855169892279
-4333373.337333735,0.00020547032359581008
-4333093.309330935,0.0002054196286696271
-4332813.281328135,0.0002053664787748667
-4332533.253325335,0.00020531088656689585
-4332253.225322534,0.0002052528655007706
-4331973.197319734,0.00020519242982980511
-4331693.1693169335,0.00020512959460389742
-4331413.141314134,0.00020506437566761065
-4331133.113311334,0.00020499678965800816
-4330853.085308533,0.00020492685400224625
-4330573.057305733,0.00020485458691491947
-4330293.029302932,0.00020478000739516212
-4330013.001300132,0.00020470313522350463
-4329732.9732973315,0.00020462399095848521
-4329452.945294531,0.00020454259593301707
-4329172.917291731,0.00020445897225051108
-4328892.889288931,0.00020437314278075547
-4328612.861286131,0.00020428513115555006
-4328332.83328333,0.0002041949617641009
-4328052.80528053,0.0002041026597481697
-4327772.7772777295,0.0002040082509969828
-4327492.74927493,0.00020391176214189965
-4327212.72127213,0.0002038132205508394
-4326932.693269329,0.00020371265432247155
-4326652.665266529,0.0002036100922801652
-4326372.637263728,0.00020350556396570257
-4326092.609260928,0.00020339909963275636
-4325812.5812581275,0.00020329073024013197
-4325532.553255327,0.00020318048744477605
-4325252.525252528,0.00020306840359455327
-4324972.497249727,0.00020295451172079013
-4324692.469246927,0.000202838845530593
-4324412.441244126,0.00020272143939893458
-4324132.413241326,0.00020260232836051586
-4323852.385238526,0.00020248154810140342
-4323572.357235726,0.00020235913495044198
-4323292.329232926,0.0002022351258704496
-4323012.301230125,0.0002021095584491902
-4322732.273227325,0.00020198247089013032
-4322452.245224524,0.00020185390200298068
-4322172.217221724,0.00020172389119402472
-4321892.189218923,0.00020159247845623603
-4321612.161216124,0.00020145970435918778
-4321332.133213324,0.00020132561003875354
-4321052.105210523,0.00020119023718660864
-4320772.077207723,0.00020105362803952571
-4320492.049204922,0.0002009158253684732
-4320212.021202123,0.00020077687246751789
-4319931.993199322,0.0002006368131425312
-4319651.965196522,0.00020049569169970898
-4319371.9371937215,0.0002003535529338988
-4319091.909190921,0.00020021044211674378
-4318811.881188121,0.00020006640498464374
-4318531.85318532,0.0001999214877265369
-4318251.82518252,0.00019977573697150475
-4317971.79717972,0.00019962919977620436
-4317691.76917692,0.00019948192361212818
-4317411.7411741195,0.00019933395635270108
-4317131.713171319,0.00019918534626020952
-4316851.685168519,0.0001990361419725724
-4316571.657165719,0.0001988863924899548
-4316291.629162919,0.00019873614716122608
-4316011.601160118,0.00019858545567027255
-4315731.573157318,0.00019843436802215883
-4315451.5451545175,0.00019828293452914898
-4315171.517151717,0.0001981312057965877
-4314891.489148917,0.00019797923270864612
-4314611.461146116,0.00019782706641393593
-4314331.433143316,0.00019767475831099582
-4314051.405140516,0.000197522360033654
-4313771.377137716,0.00019736992343626853
-4313491.3491349155,0.00019721750057885635
-4313211.321132115,0.00019706514371210535
-4312931.293129315,0.0001969129052622808
-4312651.265126515,0.00019676083781602812
-4312371.237123715,0.00019660899410507284
-4312091.209120914,0.0001964574269908308
-4311811.181118114,0.00019630618944892146
-4311531.1531153135,0.00019615533455359663
-4311251.125112513,0.00019600491546208654
-4310971.097109713,0.00019585498539886702
-4310691.069106912,0.0001957055976398528
-4310411.041104113,0.000195556805496522
-4310131.013101312,0.00019540866229997292
-4309850.985098512,0.0001952612213849251
-4309570.9570957115,0.0001951145360736598
-4309290.929092911,0.0001949686596599108
-4309010.901090112,0.00019482364539270906
-4308730.873087311,0.00019467954646018213
-4308450.845084511,0.00019453641597332104
-4308170.81708171,0.00019439430694970952
-4307890.78907891,0.0001942532722972271
-4307610.7610761095,0.00019411336479772858
-4307330.733073309,0.00019397463709070427
-4307050.705070509,0.00019383714165692676
-4306770.677067709,0.00019370093080208883
-4306490.649064909,0.0001935660566404341
-4306210.621062108,0.00019343257107839364
-4305930.593059308,0.00019330052579822262
-4305650.5650565075,0.0001931699722416494
-4305370.537053708,0.00019304096159353996
-4305090.509050908,0.00019291354476557967
-4304810.481048107,0.00019278777237998447
-4304530.453045307,0.00019266369475323713
-4304250.425042506,0.0001925413618798603
-4303970.397039706,0.00019242082341622876
-4303690.3690369055,0.00019230212866442616
-4303410.341034105,0.00019218532655615052
-4303130.313031306,0.0001920704656366752
-4302850.285028505,0.00019195759404886645
-4302570.257025705,0.00019184675951726925
-4302290.229022904,0.00019173800933225827
-4302010.201020104,0.0001916313903342648
-4301730.173017304,0.0001915269488980821
-4301450.145014504,0.00019142473091725336
-4301170.117011704,0.00019132478178855142
-4300890.089008903,0.00019122714639654861
-4300610.061006103,0.00019113186909828703
-4300330.033003302,0.0001910389937080512
-4300050.005000502,0.0001909485634822498
-4299769.976997701,0.00019086062110440928
-4299489.948994902,0.0001907752086702866
-4299209.920992102,0.00019069236767310248
-4298929.892989301,0.0001906121389889052
-4298649.864986501,0.00019053456286206378
-4298369.8369837,0.00019045967889089906
-4298089.808980901,0.00019038752601345697
-4297809.7809781,0.00019031814249342654
-4297529.7529753,0.00019025156590621127
-4297249.7249725,0.000190187833125154
-4296969.696969699,0.00019012698030792277
-4296689.668966899,0.0001900690428830617
-4296409.640964098,0.00019001405553671093
-4296129.612961298,0.00018996205219950054
-4295849.584958497,0.00018991306603362268
-4295569.556955698,0.00018986712942008677
-4295289.5289528975,0.0001898242739461609
-4295009.500950097,0.0001897845303930066
-4294729.472947297,0.00018974792872350767
-4294449.444944496,0.00018971449807029985
-4294169.416941697,0.00018968426672400513
-4293889.388938896,0.0001896572621216738
-4293609.360936096,0.00018963351083544022
-4293329.3329332955,0.00018961303856139468
-4293049.304930495,0.00018959587010867614
-4292769.276927695,0.00018958202938879
-4292489.248924894,0.00018957153940515466
-4292209.220922094,0.00018956442224288056
-4291929.192919294,0.00018956069905878581
-4291649.164916494,0.00018956039007165222
-4291369.1369136935,0.00018956351455272518
-4291089.108910893,0.00018957009081646122
-4290809.080908093,0.00018958013621152696
-4290529.052905293,0.00018959366711205285
-4290249.024902493,0.0001896106989091453
-4289968.996899692,0.00018963124600266017
-4289688.968896892,0.000189655321793242
-4289408.9408940915,0.00018968293867463104
-4289128.912891291,0.00018971410802624228
-4288848.884888491,0.000189748840206019
-4288568.85688569,0.00018978714454356442
-4288288.828882891,0.00018982902933355384
-4288008.80088009,0.0001898745018294316
-4287728.77287729,0.00018992356823739306
-4287448.7448744895,0.0001899762337106577
-4287168.716871689,0.00019003250234403372
-4286888.68886889,0.0001900923771687774
-4286608.660866089,0.00019015586014775108
-4286328.632863289,0.0001902229521708789
-4286048.604860488,0.0001902936530509073
-4285768.576857688,0.00019036796151946882
-4285488.5488548875,0.0001904458752234534
-4285208.520852087,0.00019052739072168885
-4284928.492849287,0.0001906125034819326
-4284648.464846487,0.0001907012078781762
-4284368.436843687,0.00019079349718826707
-4284088.408840886,0.00019088936359184386
-4283808.380838086,0.0001909887981685939
-4283528.3528352855,0.00019109179089682975
-4283248.324832486,0.00019119833065238748
-4282968.296829686,0.00019130840520785087
-4282688.268826885,0.00019142200123209663
-4282408.240824085,0.0001915391042901697
-4282128.212821284,0.0001916596988434846
-4281848.184818484,0.00019178376825035548
-4281568.1568156835,0.0001919112947668563
-4281288.128812883,0.00019204225954801168
-4281008.100810083,0.0001921766426493192
-4280728.072807283,0.00019231442302860413
-4280448.044804483,0.0001924555785482089
-4280168.016801682,0.0001926000859775123
-4279887.988798882,0.00019274792099578704
-4279607.960796082,0.00019289905819538922
-4279327.932793282,0.0001930534710852858
-4279047.904790482,0.0001932111320949119
-4278767.876787681,0.00019337201257836853
-4278487.848784881,0.00019353608281895307
-4278207.82078208,0.00019370331203402493
-4277927.79277928,0.00019387366838020722
-4277647.764776479,0.00019404711895892196
-4277367.736773679,0.0001942236298222603
-4277087.70877088,0.0001944031659791859
-4276807.680768079,0.00019458569140207458
-4276527.652765279,0.00019477116903358042
-4276247.624762478,0.0001949595607938401
-4275967.596759678,0.0001951508275880048
-4275687.568756878,0.00019534492931410252
-4275407.540754078,0.00019554182487123236
-4275127.512751278,0.00019574147216808012
-4274847.484748477,0.00019594382813176714
-4274567.456745677,0.00019614884871702094
-4274287.428742876,0.00019635648891567052
-4274007.400740076,0.00019656670276646334
-4273727.372737275,0.00019677944336520336
-4273447.344734476,0.00019699466287520712
-4273167.3167316755,0.00019721231253808
-4272887.288728875,0.00019743234268480047
-4272607.260726075,0.00019765470274712494
-4272327.232723274,0.00019787934126929882
-4272047.204720475,0.00019810620592007733
-4271767.176717674,0.00019833524350505526
-4271487.148714874,0.00019856639997929373
-4271207.1207120735,0.00019879962046025535
-4270927.092709273,0.00019903484924103446
-4270647.064706473,0.0001992720298038839
-4270367.036703672,0.0001995111048340352
-4270087.008700872,0.00019975201623380847
-4269806.980698072,0.00019999470513700903
-4269526.952695272,0.00020023911192361253
-4269246.9246924715,0.00020048517623472162
-4268966.896689671,0.0002007328369878101
-4268686.868686871,0.00020098203239223564
-4268406.840684071,0.0002012326999650244
-4268126.812681271,0.00020148477654692636
-4267846.78467847,0.0002017381983187261
-4267566.75667567,0.00020199290081782188
-4267286.7286728695,0.00020224881895505644
-4267006.700670069,0.0002025058870318005
-4266726.672667269,0.00020276403875728495
-4266446.644664468,0.00020302320726617608
-4266166.616661669,0.000203283325136391
-4265886.588658868,0.00020354432440715194
-4265606.560656068,0.0002038061365972634
-4265326.5326532675,0.00020406869272362533
-4265046.504650467,0.00020433192331996333
-4264766.476647668,0.00020459575845577726
-4264486.448644867,0.00020486012775550722
-4264206.420642067,0.00020512496041789877
-4263926.392639266,0.00020539018523558068
-4263646.364636466,0.00020565573061483695
-4263366.3366336655,0.00020592152459557265
-4263086.308630865,0.0002061874948714697
-4262806.280628065,0.00020645356881032463
-4262526.252625264,0.00020671967347456579
-4262246.224622465,0.00020698573564194176
-4261966.196619664,0.00020725168182638253
-4261686.168616864,0.0002075174382990139
-4261406.1406140635,0.00020778293110933744
-4261126.112611263,0.00020804808610655747
-4260846.084608464,0.00020831282896105352
-4260566.056605663,0.0002085770851859977
-4260286.028602863,0.00020884078015909682
-4260006.000600062,0.00020910383914447277
-4259725.972597262,0.00020936618731466034
-4259445.9445944615,0.0002096277497727234
-4259165.916591661,0.00020988845157448137
-4258885.888588861,0.00021014821775084102
-4258605.860586061,0.00021040697333022613
-4258325.832583261,0.0002106646433611035
-4258045.80458046,0.000210921152934588
-4257765.77657766,0.00021117642720713565
-4257485.748574859,0.00021143039142330655
-4257205.72057206,0.00021168297093859633
-4256925.69256926,0.00021193409124233204
-4256645.664566459,0.00021218367798061602
-4256365.636563659,0.00021243165697932566
-4256085.608560858,0.00021267795426715175
-4255805.580558058,0.00021292249609867298
-4255525.552555257,0.00021316520897746003
-4255245.524552457,0.00021340601967920184
-4254965.496549658,0.0002136448552748469
-4254685.468546857,0.00021388164315375854
-4254405.440544057,0.00021411631104686403
-4254125.412541256,0.00021434878704980855
-4253845.384538456,0.0002145789996460936
-4253565.356535656,0.00021480687773019888
-4253285.328532856,0.00021503235063068284
-4253005.300530056,0.00021525534813324556
-4252725.272527255,0.0002154758005037609
-4252445.244524455,0.00021569363851126042
-4252165.216521654,0.00021590879345086692
-4251885.188518854,0.00021612119716666947
-4251605.160516053,0.00021633078207453348
-4251325.132513254,0.00021653748118483857
-4251045.1045104535,0.00021674122812514045
-4250765.076507653,0.00021694195716274098
-4250485.048504853,0.00021713960322717246
-4250205.020502052,0.0002173341019325788
-4249924.992499253,0.00021752538959999115
-4249644.964496452,0.0002177134032794935
-4249364.936493652,0.0002178980807722617
-4249084.9084908515,0.0002180793606524827
-4248804.880488051,0.00021825718228913666
-4248524.852485251,0.0002184314858676394
-4248244.82448245,0.0002186022124113381
-4247964.79647965,0.00021876930380285208
-4247684.768476849,0.00021893270280525407
-4247404.74047405,0.00021909235308308238
-4247124.7124712495,0.0002192481992231823
-4246844.684468449,0.00021940018675536057
-4246564.656465649,0.00021954826217285815
-4246284.628462849,0.0002196923729526252
-4246004.600460049,0.00021983246757539793
-4245724.572457248,0.00021996849554556378
-4245444.544454448,0.00022010040741081646
-4245164.5164516475,0.0002202281547815887
-4244884.488448847,0.00022035169035025779
-4244604.460446047,0.0002204709679101181
-4244324.432443246,0.00022058594237411305
-4244044.404440446,0.0002206965697933211
-4243764.376437646,0.00022080280737518852
-4243484.348434846,0.00022090461350150498
-4243204.3204320455,0.00022100194774611045
-4242924.292429245,0.000221094770892334
-4242644.264426445,0.0002211830449501537
-4242364.236423645,0.0002212667331730725
-4242084.208420845,0.00022134580007470626
-4241804.180418044,0.0002214202114450731
-4241524.152415244,0.00022148993436658425
-4241244.1244124435,0.000221554937229726
-4240964.096409643,0.00022161518974842881
-4240684.068406843,0.00022167066297511766
-4240404.040404042,0.00022172132931543774
-4240124.012401243,0.00022176716254265012
-4239843.984398442,0.00022180813781169228
-4239563.956395642,0.00022184423167289643
-4239283.9283928415,0.0002218754220853628
-4239003.900390041,0.00022190168842998038
-4238723.872387242,0.00022192301152209112
-4238443.844384441,0.00022193937362379227
-4238163.816381641,0.00022195075845587103
-4237883.78837884,0.00022195715120936784
-4237603.76037604,0.0002219585385567625
-4237323.7323732395,0.0002219549086627786
-4237043.704370439,0.0002219462511948016
-4236763.676367639,0.00022193255733290575
-4236483.648364839,0.0002219138197794858
-4236203.620362039,0.00022189003276848815
-4235923.592359238,0.0002218611920742386
-4235643.564356438,0.00022182729501986055
-4235363.536353637,0.0002217883404852813
-4235083.508350838,0.00022174432891482128
-4234803.480348038,0.00022169526232436218
-4234523.452345237,0.0002216411443080918
-4234243.424342437,0.00022158198004481935
-4233963.396339636,0.00022151777630385953
-4233683.368336836,0.00022144854145048098
-4233403.340334035,0.0002213742854509162
-4233123.312331235,0.00022129501987692876
-4232843.284328436,0.0002212107579099362
-4232563.256325635,0.00022112151434468242
-4232283.228322835,0.00022102730559246198
-4232003.200320034,0.000220928149683887
-4231723.172317234,0.00022082406627119873
-4231443.144314434,0.00022071507663011926
-4231163.116311634,0.0002206012036612398
-4230883.088308834,0.0002204824718909473
-4230603.060306033,0.00022035890747188153
-4230323.032303233,0.00022023053818292433
-4230043.004300432,0.00022009739342871776
-4229762.976297632,0.00021995950423870972
-4229482.948294831,0.00021981690326572416
-4229202.920292031,0.00021966962478405582
-4228922.8922892315,0.00021951770468708708
-4228642.864286431,0.00021936118048442325
-4228362.836283631,0.00021920009129855247
-4228082.80828083,0.00021903447786101883
-4227802.78027803,0.00021886438250811523
-4227522.75227523,0.00021868984917609329
-4227242.72427243,0.00021851092339588525
-4226962.6962696295,0.00021832765228734757
-4226682.668266829,0.00021814008455301283
-4226402.640264029,0.00021794827047135897
-4226122.612261228,0.00021775226188959195
-4225842.584258428,0.0002175521122159424
-4225562.556255627,0.0002173478764114762
-4225282.528252828,0.00021713961098141993
-4225002.5002500275,0.00021692737396599747
-4224722.472247227,0.00021671122493078842
-4224442.444244427,0.0002164912249565952
-4224162.416241626,0.00021626743662882968
-4223882.388238827,0.0002160399240264176
-4223602.360236026,0.00021580875271021662
-4223322.332233226,0.00021557398971096188
-4223042.3042304255,0.0002153357035167244
-4222762.276227625,0.0002150939640598951
-4222482.248224825,0.000214848842703692
-4222202.220222024,0.0002146004122281924
-4221922.192219224,0.0002143487468158923
-4221642.164216424,0.0002140939220367962
-4221362.136213624,0.00021383601483303288
-4221082.1082108235,0.00021357510350301424
-4220802.080208023,0.00021331126768512097
-4220522.052205223,0.00021304458834093095
-4220242.024202423,0.00021277514773798895
-4219961.996199623,0.00021250302943211542
-4219681.968196822,0.00021222831824927162
-4219401.940194022,0.00021195110026696527
-4219121.9121912215,0.00021167146279521404
-4218841.884188421,0.00021138949435706486
-4218561.856185621,0.00021110528466867284
-4218281.82818282,0.00021081892461894417
-4218001.800180021,0.00021053050624874773
-4217721.77217722,0.0002102401227296924
-4217441.74417442,0.0002099478683424902
-4217161.7161716195,0.0002096538384548892
-4216881.688168819,0.00020935812949919474
-4216601.66016602,0.00020906083894937965
-4216321.632163219,0.00020876206529778197
-4216041.604160419,0.00020846190803141033
-4215761.576157618,0.00020816046760784224
-4215481.548154818,0.00020785784543073422
-4215201.5201520175,0.00020755414382494383
-4214921.492149217,0.00020724946601126973
-4214641.464146417,0.00020694391608081433
-4214361.436143617,0.00020663759896897654
-4214081.408140817,0.00020633062042907355
-4213801.380138016,0.00020602308700561265
-4213521.352135216,0.00020571510600719906
-4213241.3241324155,0.00020540678547910027
-4212961.296129616,0.00020509823417546872
-4212681.268126816,0.0002047895615312233
-4212401.240124015,0.00020448087763361153
-4212121.212121215,0.00020417229319343898
-4211841.184118414,0.0002038639195159866
-4211561.156115614,0.000203555868471618
-4211281.128112813,0.00020324825246608358
-4211001.100110013,0.0002029411844105283
-4210721.072107213,0.00020263477769121108
-4210441.044104413,0.00020232914613894297
-4210161.016101613,0.0002020244039982458
-4209880.988098812,0.00020172066589625403
-4209600.960096012,0.00020141804681134612
-4209320.932093211,0.00020111666204152953
-4209040.904090412,0.00020081662717258062
-4208760.876087612,0.00020051805804594306
-4208480.848084811,0.00020022107072640788
-4208200.820082011,0.00019992578146956142
-4207920.79207921,0.00019963230668902676
-4207640.76407641,0.0001993407629234989
-4207360.736073609,0.00019905126680358346
-4207080.708070809,0.0001987639350184476
-4206800.6800680095,0.000198478884282292
-4206520.652065209,0.00019819623130064724
-4206240.624062409,0.0001979160927365171
-4205960.596059608,0.0001976385851763582
-4205680.568056808,0.0001973638250959198
-4205400.540054008,0.0001970919288259472
-4205120.512051208,0.000196823012517753
-4204840.4840484075,0.0001965571921086795
-4204560.456045607,0.00019629458328744253
-4204280.428042807,0.00019603530145937984
-4204000.400040006,0.00019577946171160765
-4203720.372037206,0.0001955271787780954
-4203440.344034405,0.0001952785670046685
-4203160.316031606,0.00019503374031394857
-4202880.2880288055,0.00019479281217023642
-4202600.260026005,0.0001945558955443595
-4202320.232023205,0.00019432310287847575
-4202040.204020404,0.00019409454605085814
-4201760.176017605,0.00019387033634066307
-4201480.148014804,0.0001936505843926898
-4201200.120012004,0.00019343540018215217
-4200920.0920092035,0.00019322489297945628
-4200640.064006403,0.00019301917131500654
-4200360.036003603,0.00019281834294404465
-4200080.008000802,0.00019262251481153218
-4199799.979998002,0.0001924317930170871
-4199519.951995202,0.00019224628277998476
-4199239.923992402,0.00019206608840422916
-4198959.8959896015,0.00019189131324371457
-4198679.867986801,0.0001917220596674744
-4198399.839984001,0.00019155842902503738
-4198119.811981201,0.00019140052161189736
-4197839.783978401,0.0001912484366351048
-4197559.7559756,0.00019110227217899767
-4197279.7279728,0.00019096212517107127
-4196999.6999699995,0.0001908280913480053
-4196719.671967199,0.00019070026522185517
-4196439.643964399,0.0001905787400464177
-4196159.615961598,0.00019046360778378213
-4195879.587958798,0.00019035495907107587
-4195599.559955998,0.00019025288318741585
-4195319.531953198,0.00019015746802107376
-4195039.5039503975,0.0001900688000368696
-4194759.475947597,0.00018998696424379772
-4194479.447944797,0.00018991204416290012
-4194199.4199419967,0.00018984412179539505
-4193919.3919391967,0.00018978327759107093
-4193639.3639363963,0.00018972959041695667
-4193359.335933596,0.00018968313752627743
-4193079.3079307955,0.00018964399452770577
-4192799.279927995,0.00018961223535491874
-4192519.251925195,0.0001895879322364702
-4192239.2239223947,0.00018957115566598851
-4191959.1959195947,0.0001895619743727098
-4191679.1679167943,0.0001895604552923553
-4191399.139913994,0.00018956666353836405
-4191119.1119111935,0.00018958066237348948
-4190839.083908393,0.00018960251318177006
-4190559.055905593,0.00018963227544088323
-4190279.027902793,0.00018967000669489265
-4189998.9998999927,0.0001897157625273975
-4189718.9718971923,0.00018976959653509352
-4189438.943894392,0.00018983156030175552
-4189158.9158915915,0.00018990170337264997
-4188878.8878887915,0.00018998007322938698
-4188598.859885991,0.00019006671526522164
-4188318.831883191,0.0001901616727608114
-4188038.8038803907,0.00019026498686044232
-4187758.7758775903,0.00019037669654872825
-4187478.74787479,0.00019049683862779618
-4187198.7198719895,0.0001906254476949636
-4186918.6918691895,0.00019076255612091736
-4186638.663866389,0.00019090819402840347
-4186358.635863589,0.00019106238927143308
-4186078.6078607887,0.00019122516741501862
-4185798.5798579883,0.00019139655171544114
-4185518.551855188,0.00019157656310106355
-4185238.5238523874,0.00019176522015369374
-4184958.4958495875,0.00019196253909050642
-4184678.4678467875,0.00019216853374653318
-4184398.439843987,0.00019238321555772533
-4184118.4118411867,0.00019260659354459857
-4183838.3838383863,0.00019283867429646908
-4183558.355835586,0.00019307946195628467
-4183278.327832786,0.00019332895820606006
-4182998.2998299855,0.0001935871622529253
-4182718.2718271855,0.0001938540708157873
-4182438.243824385,0.00019412967811262302
-4182158.2158215847,0.00019441397584839726
-4181878.1878187843,0.00019470695320362338
-4181598.159815984,0.00019500859682356655
-4181318.131813184,0.00019531889080809755
-4181038.103810384,0.00019563781670220535
-4180758.0758075835,0.00019596535348717035
-4180478.047804783,0.00019630147757240612
-4180198.0198019827,0.0001966461627879784
-4179917.9917991823,0.00019699938037780174
-4179637.9637963823,0.00019736109899352178
-4179357.935793582,0.00019773128468909116
-4179077.907790782,0.0001981099009160345
-4178797.8797879815,0.00019849690851942326
-4178517.851785181,0.00019889226573454696
-4178237.8237823807,0.00019929592818430106
-4177957.7957795803,0.00019970784887728694
-4177677.7677767803,0.00020012797820663
-4177397.73977398,0.00020055626394952476
-4177117.71177118,0.00020099265126749899
-4176837.6837683795,0.0002014370827074193
-4176557.655765579,0.00020188949820322067
-4176277.6277627787,0.00020234983507838117
-4175997.5997599782,0.00020281802804913475
-4175717.5717571783,0.00020329400922842797
-4175437.5437543783,0.00020377770813062712
-4175157.515751578,0.0002042690516769712
-4174877.4877487775,0.0002047679642017775
-4174597.459745977,0.00020527436745940573
-4174317.4317431767,0.00020578818063197657
-4174037.4037403767,0.00020630932033784832
-4173757.3757375763,0.00020683770064085986
-4173477.3477347763,0.0002073732330603257
-4173197.319731976,0.00020791582658180867
-4172917.2917291755,0.00020846538766864446
-4172637.263726375,0.00020902182027424216
-4172357.2357235746,0.00020958502585514767
-4172077.2077207747,0.00021015490338487526
-4171797.1797179747,0.00021073134936851082
-4171517.1517151743,0.00021131425785807947
-4171237.123712374,0.00021190352046868174
-4170957.0957095735,0.00021249902639540363
-4170677.067706773,0.00021310066243099095
-4170397.039703973,0.00021370831298429187
-4170117.0117011727,0.00021432186009947164
-4169836.9836983727,0.0002149411834759826
-4169556.9556955723,0.00021556616048931546
-4169276.927692772,0.00021619666621249805
-4168996.8996899715,0.0002168325734383695
-4168716.871687171,0.00021747375270260877
-4168436.843684371,0.0002181200723075238
-4168156.8156815707,0.00021877139834660137
-4167876.7876787707,0.000219427594729801
-4167596.7596759703,0.000220088523209617
-4167316.73167317,0.0002207540434078738
-4167036.7036703695,0.0002214240128432797
-4166756.675667569,0.0002220982869597193
-4166476.647664769,0.00022277671915528553
-4166196.619661969,0.00022345916081205352
-4165916.5916591687,0.00022414546132658216
-4165636.5636563683,0.0002248354681411441
-4165356.535653568,0.00022552902677568695
-4165076.5076507675,0.00022622598086051134
-4164796.4796479675,0.00022692617216966445
-4164516.451645167,0.00022762944065505145
-4164236.423642367,0.00022833562448124065
-4163956.3956395667,0.000229044560060988
-4163676.3676367663,0.00022975608209144084
-4163396.339633966,0.0002304700235910437
-4163116.3116311654,0.00023118621593712574
-4162836.2836283655,0.00023190448890416532
-4162556.255625565,0.00023262467070273496
-4162276.227622765,0.0002333465880190999
-4161996.1996199647,0.00023407006605549415
-4161716.1716171643,0.00023479492857103292
-4161436.143614364,0.00023552099792328526
-4161156.115611564,0.00023624809511047862
-4160876.0876087635,0.0002369760398143434
-4160596.0596059635,0.00023770465044356938
-4160316.031603163,0.00023843374417789723
-4160036.0036003627,0.00023916313701280212
-4159755.9755975623,0.00023989264380479112
-4159475.947594762,0.00024062207831728898
-4159195.919591962,0.00024135125326710805
-4158915.8915891615,0.00024207998037150077
-4158635.8635863615,0.0002428080703957666
-4158355.835583561,0.00024353533320143548
-4158075.8075807607,0.0002442615777949827
-4157795.7795779603,0.0002449866123770977
-4157515.75157516,0.0002457102443924766
-4157235.72357236,0.0002464322805801368
-4156955.69556956,0.00024715252702424726
-4156675.6675667595,0.00024787078920545345
-4156395.639563959,0.00024858687205269456
-4156115.6115611587,0.00024930057999550636
-4155835.5835583583,0.00025001171701679
-4155555.5555555583,0.00025072008670604036
-4155275.527552758,0.00025142549231302916
-4154995.499549958,0.00025212773680191234
-4154715.4715471575,0.0002528266229057824
-4154435.443544357,0.0002535219531816179
-4154155.4155415567,0.0002542135300656499
-4153875.3875387562,0.0002549011559291146
-4153595.3595359563,0.0002555846331343871
-4153315.331533156,0.0002562637640914884
-4153035.303530356,0.0002569383513149373
-4152755.2755275555,0.0002576081974809631
-4152475.247524755,0.00025827310548503374
-4152195.2195219547,0.0002589328784997151
-4151915.1915191542,0.00025958732003283295
-4151635.1635163543,0.0002602362339859275
-4151355.1355135543,0.0002608794247129947
-4151075.107510754,0.00026151669707948983
-4150795.0795079535,0.00026214785652158685
-4150515.051505153,0.0002627727091056843
-4150235.0235023526,0.00026339106158813636
-4149954.9954995527,0.0002640027214751978
-4149674.9674967523,0.00026460749708317707
-4149394.9394939523,0.0002652051975987649
-4149114.911491152,0.00026579563313955206
-4148834.8834883515,0.0002663786148146929
-4148554.855485551,0.00026695395478572477
-4148274.8274827506,0.00026752146632751583
-4147994.7994799507,0.0002680809638893288
-4147714.7714771507,0.00026863226315599356
-4147434.7434743503,0.000269175181109163
-4147154.71547155,0.0002697095360886439
-4146874.6874687495,0.0002702351478537919
-4146594.659465949,0.00027075183764494853
-4146314.631463149,0.00027125942824490876
-4146034.6034603487,0.00027175774404040814
-4145754.5754575487,0.00027224661108360236
-4145474.5474547483,0.0002727258571535442
-4145194.519451948,0.00027319531181762007
-4144914.4914491475,0.00027365480649295084
-4144634.463446347,0.0002741041745077295
-4144354.435443547,0.0002745432511624845
-4144074.4074407467,0.00027497187379125706
-4143794.3794379467,0.0002753898818226656
-4143514.3514351463,0.00027579711684086076
-4143234.323432346,0.00027619342264633394
-4142954.2954295455,0.00027657864531658324
-4142674.267426745,0.0002769526332666084
-4142394.239423945,0.0002773152373092252
-4142114.211421145,0.00027766631071518414
-4141834.1834183447,0.00027800570927307333
-4141554.1554155443,0.0002783332913489932
-4141274.127412744,0.00027864891794599037
-4140994.0994099434,0.0002789524527632297
-4140714.0714071435,0.000279243762254891
-4140434.043404343,0.00027952271568877803
-4140154.015401543,0.000279789185204616
-4139873.9873987427,0.0002800430458720344
-4139593.9593959423,0.0002802841757482058
-4139313.931393142,0.0002805124559351368
-4139033.9033903414,0.0002807277706365882
-4138753.8753875415,0.00028093000721461224
-4138473.8473847415,0.00028111905624569075
-4138193.819381941,0.0002812948115764581
-4137913.7913791407,0.000281457170378993
-4137633.7633763403,0.0002816060332056673
-4137353.73537354,0.00028174130404353163
-4137073.70737074,0.00028186289036822584
-4136793.6793679395,0.00028197070319739825
-4136513.6513651395,0.0002820646571436164
-4136233.623362339,0.00028214467046675873
-4135953.5953595387,0.0002822106651258663
-4135673.5673567383,0.00028226256683044486
-4135393.539353938,0.0002823003050911985
-4135113.511351138,0.0002823238132701817
-4134833.4833483375,0.0002823330286303551
-4134553.4553455375,0.00028232789238452855
-4134273.427342737,0.00028230834974367895
-4133993.3993399367,0.00028227434996462667
-4133713.3713371363,0.00028222584639705676
-4133433.343334336,0.00028216279652987
-4133153.315331536,0.0002820851620368502
-4132873.287328736,0.00028199290882163254
-4132593.2593259355,0.00028188600706195965
-4132313.231323135,0.00028176443125321114
-4132033.2033203347,0.0002816281602511924
-4131753.1753175342,0.0002814771773141688
-4131473.1473147343,0.0002813114701441325
-4131193.119311934,0.00028113103092728585
-4130913.091309134,0.0002809358563737331
-4130633.0633063335,0.00028072594775635897
-4130353.035303533,0.00028050131094889
-4130073.0073007327,0.0002802619564631184
-4129792.9792979322,0.0002800078994852792
-4129512.9512951323,0.00027973915991156683
-4129232.9232923323,0.00027945576238277785
-4128952.895289532,0.00027915773631806905
-4128672.8672867315,0.0002788451159478185
-4128392.839283931,0.000278517940345574
-4128112.8112811306,0.00027817625345908086
-4127832.7832783307,0.000277820104140376
-4127552.7552755303,0.00027744954617493333
-4127272.7272727303,0.0002770646383098585
-4126992.69926993,0.0002766654442811055
-4126712.6712671295,0.00027625203283972296
-4126432.643264329,0.0002758244777771028
-4126152.6152615286,0.0002753828579492301
-4125872.5872587287,0.0002749272572999209
-4125592.5592559283,0.000274457764883033
-4125312.5312531283,0.0002739744748836525
-4125032.503250328,0.0002734774866382258
-4124752.4752475275,0.00027296690465364944
-4124472.447244727,0.0002724428386252893
-4124192.4192419266,0.00027190540345393115
-4123912.3912391267,0.00027135471926165026
-4123632.3632363267,0.00027079091140658635
-4123352.3352335263,0.0002702141104966236
-4123072.307230726,0.00026962445240196354
-4122792.2792279255,0.00026902207826657595
-4122512.251225125,0.00026840713451852915
-4122232.223222325,0.0002677797728791876
-4121952.1952195247,0.0002671401503712644
-4121672.1672167247,0.0002664884293257368
-4121392.1392139243,0.00026582477738759083
-4121112.111211124,0.00026514936752041976
-4120832.0832083235,0.0002644623780098416
-4120552.055205523,0.00026376399246574606
-4120272.027202723,0.0002630543998233602
-4119991.9991999227,0.00026233379434311896
-4119711.9711971227,0.0002616023756093555
-4119431.9431943223,0.0002608603485277737
-4119151.915191522,0.0002601079233217337
-4118871.8871887214,0.00025934531552731415
-4118591.8591859215,0.000258572745987166
-4118311.831183121,0.00025779044084314035
-4118031.803180321,0.0002569986315277051
-4117751.7751775207,0.00025619755475411493
-4117471.7471747203,0.0002553874525053685
-4117191.71917192,0.0002545685720219159
-4116911.6911691194,0.00025374116578813364
-4116631.6631663195,0.0002529054915175581
-4116351.635163519,0.0002520618121368668
-4116071.607160719,0.00025121039576862856
-4115791.5791579187,0.00025035151571278243
-4115511.5511551183,0.00024948545042688706
-4115231.523152318,0.0002486124835051009
-4114951.4951495174,0.00024773290365591466
-4114671.4671467175,0.0002468470046786294
-4114391.4391439175,0.00024595508543857056
-4114111.411141117,0.00024505744984105337
-4113831.3831383167,0.00024415440680408966
-4113551.3551355163,0.00024324627022983143
-4113271.327132716,0.00024233335897476112
-4112991.299129916,0.00024141599681862648
-4112711.2711271155,0.0002404945124321112
-4112431.2431243155,0.00023956923934326794
-4112151.215121515,0.00023864051590267424
-4111871.1871187147,0.00023770868524736023
-4111591.1591159143,0.00023677409526346932
-4111311.131113114,0.00023583709854767845
-4111031.103110314,0.00023489805236737393
-4110751.0751075135,0.0002339573186195765
-4110471.0471047135,0.0002330152637886446
-4110191.019101913,0.00023207225890271773
-4109910.9910991127,0.0002311286794889521
-4109630.9630963122,0.00023018490552750945
-4109350.935093512,0.00022924132140433057
-4109070.907090712,0.00022829831586268832
-4108790.879087912,0.00022735628195352082
-4108510.8510851115,0.00022641561698456152
-4108230.823082311,0.0002254767224682661
-4107950.7950795107,0.00022454000406853152
-4107670.7670767102,0.00022360587154623038
-4107390.7390739103,0.00022267473870355724
-4107110.71107111,0.00022174702332718827
-4106830.68306831,0.000220823147130284
-4106550.6550655095,0.00021990353569330387
-4106270.627062709,0.000218988618403684
-4105990.5990599087,0.0002180788283943482
-4105710.571057108,0.00021717460248108276
-4105430.5430543083,0.00021627638109877634
-4105150.5150515083,0.0002153846082365285
-4104870.487048708,0.0002144997313716468
-4104590.4590459075,0.0002136222014025363
-4104310.431043107,0.0002127524725804817
-4104030.4030403066,0.00021189100244034653
-4103750.3750375067,0.00021103825173019206
-4103470.3470347063,0.00021019468433981976
-4103190.3190319063,0.00020936076722826978
-4102910.291029106,0.0002085369703502507
-4102630.2630263055,0.00020772376658155183
-4102350.235023505,0.00020692163164341457
-4102070.2070207046,0.00020613104402589534
-4101790.1790179047,0.00020535248491022616
-4101510.1510151043,0.00020458643809017705
-4101230.1230123043,0.00020383338989245428
-4100950.095009504,0.00020309382909611308
-4100670.0670067035,0.0002023682468510359
-4100390.039003903,0.0002016571365954566
-4100110.0110011026,0.00020096099397256376
-4099829.9829983027,0.00020028031674619042
-4099549.9549955027,0.000199615604715599
-4099269.9269927023,0.00019896735962938742
-4098989.898989902,0.00019833608509852232
-4098709.8709871015,0.00019772228650851082
-4098429.842984301,0.0001971264709307337
-4098149.814981501,0.0001965491470329523
-4097869.7869787007,0.00019599082498899777
-4097589.7589759007,0.00019545201638767478
-4097309.7309731003,0.00019493323414087
-4097029.7029703,0.0001944349923909098
-4096749.6749674994,0.00019395780641715893
-4096469.646964699,0.00019350219254189125
-4096189.618961899,0.00019306866803544444
-4095909.590959099,0.0001926577510206727
-4095629.5629562987,0.0001922699603767209
-4095349.5349534983,0.00019190581564213359
-4095069.506950698,0.0001915658369173129
-4094789.4789478974,0.00019125054476634926
-4094509.4509450975,0.00019096046011823992
-4094229.422942297,0.00019069610416751033
-4093949.394939497,0.00019045799827426498
-4093669.3669366967,0.0001902466638636736
-4093389.3389338963,0.0001900626223249245
-4093109.310931096,0.00018990639490965288
-4092829.2829282954,0.00018977850262986973
-4092549.2549254955,0.00018967946615540757
-4092269.226922695,0.0001896098057109025
-4091989.198919895,0.00018957004097233356
-4091709.1709170947,0.00018956069096313615
-4091429.1429142943,0.0001895822739499118
-4091149.114911494,0.00018963530733775267
-4090869.0869086934,0.00018972030756520138
-4090589.0589058935,0.00018983778999886588
-4090309.0309030935,0.00018998826882771092
-4090029.002900293,0.00019017225695704457
-4089748.9748974927,0.00019039026590222127
-4089468.9468946923,0.00019064280568208307
-4089188.918891892,0.00019093038471215869
-4088908.890889092,0.00019125350969764076
-4088628.8628862915,0.00019161268552616653
-4088348.8348834915,0.00019200841516041318
-4088068.806880691,0.00019244119953054504
-4087788.7788778907,0.00019291153742651498
-4087508.7508750902,0.00019341992539025863
-4087228.72287229,0.00019396685760779235
-4086948.69486949,0.00019455282580123942
-4086668.66686669,0.00019517831912081049
-4086388.6388638895,0.0001958438240367522
-4086108.610861089,0.00019654982423128855
-4085828.5828582887,0.00019729680049058437
-4085548.5548554882,0.00019808523059674295
-4085268.5268526883,0.0001989155892198629
-4084988.498849888,0.00019978834781018544
-4084708.470847088,0.0002007039744903299
-4084428.4428442875,0.00020166293394767852
-4084148.414841487,0.00020266568732688766
-4083868.3868386867,0.00020371269212258786
-4083588.358835886,0.00020480440207226958
-4083308.3308330863,0.00020594126704938568
-4083028.302830286,0.00020712373295670163
-4082748.274827486,0.00020835224161988664
-4082468.2468246855,0.00020962723068141713
-4082188.218821885,0.0002109491334947568
-4081908.1908190846,0.0002123183790188882
-4081628.162816284,0.00021373539171318457
-4081348.1348134843,0.00021520059143265543
-4081068.1068106843,0.00021671439332359858
-4080788.078807884,0.00021827720771965803
-4080508.0508050835,0.00021988944003832289
-4080228.022802283,0.00022155149067790294
-4079947.9947994826,0.0002232637549149792
-4079667.9667966827,0.00022502662280236377
-4079387.9387938823,0.0002268404790676034
-4079107.9107910823,0.00022870570301200516
-4078827.882788282,0.00023062266841028073
-4078547.8547854815,0.00023259174341074362
-4078267.826782681,0.00023461329043615852
-4077987.7987798806,0.00023668766608521803
-4077707.7707770807,0.00023881522103468128
-4077427.7427742803,0.00024099629994221684
-4077147.7147714803,0.00024323124134991274
-4076867.68676868,0.0002455203775885705
-4076587.6587658795,0.0002478640346826942
-4076307.630763079,0.00025026253225629363
-4076027.602760279,0.0002527161834394572
-4075747.5747574787,0.0002552252947757652
-4075467.5467546787,0.0002577901661304948
-4075187.5187518783,0.00026041109059974325
-4074907.490749078,0.0002630883544203687
-4074627.4627462775,0.00026582223688087513
-4074347.434743477,0.0002686130102331993
-4074067.406740677,0.00027146093960543486
-4073787.3787378767,0.0002743662829155452
-4073507.3507350767,0.0002773292907860034
-4073227.3227322763,0.00028035020645950814
-4072947.294729476,0.0002834292657156479
-4072667.2667266754,0.0002865666967886629
-4072387.238723875,0.00028976272028624243
-4072107.210721075,0.0002930175491094063
-4071827.182718275,0.00029633138837350614
-4071547.1547154747,0.00029970443533032287
-4071267.1267126743,0.0003031368792913017
-4070987.098709874,0.0003066289015519744
-4070707.0707070734,0.00031018067531753547
-4070427.0427042735,0.0003137923656296157
-4070147.014701473,0.000317464129294298
-4069866.986698673,0.00032119611481130027
-4069586.9586958727,0.0003249884623045008
-4069306.9306930723,0.0003288413034536364
-4069026.902690272,0.0003327547614273588
-4068746.8746874714,0.00033672895081755816
-4068466.8466846715,0.00034076397757501026
-4068186.818681871,0.00034485993894639116
-4067906.790679071,0.000349016923412574
-4067626.7626762707,0.00035323501062839457
-4067346.7346734703,0.00035751427136370355
-4067066.70667067,0.0003618547674458936
-4066786.6786678694,0.00036625655170381227
-4066506.6506650695,0.0003707196679131057
-4066226.6226622695,0.00037524415074304283
-4065946.594659469,0.0003798300257047626
-4065666.5666566687,0.0003844773091010031
-4065386.5386538683,0.0003891860079773561
-4065106.510651068,0.00039395612007500186
-4064826.482648268,0.00039878763378496364
-4064546.4546454675,0.0004036805281039334
-4064266.4266426675,0.000408634772591561
-4063986.398639867,0.0004136503273294205
-4063706.3706370667,0.00041872714288143263
-4063426.3426342662,0.00042386516025595705
-4063146.314631466,0.00042906431086944813
-4062866.286628666,0.00043432451651171397
-4062586.258625866,0.0004396456893128364
-4062306.2306230655,0.00044502773171167754
-4062026.202620265,0.0004504705364260297
-4061746.1746174647,0.000455973986424466
-4061466.1466146642,0.0004615379548998177
-4061186.1186118643,0.0004671623052443271
-4060906.090609064,0.00047284689102653355
-4060626.062606264,0.00047859155596974626
-4060346.0346034635,0.0004843961339323651
-4060066.006600663,0.0004902604488897706
-4059785.9785978626,0.0004961843149180363
-4059505.950595062,0.0005021675361793262
-4059225.9225922623,0.0005082099069090234
-4058945.894589462,0.0005143112114046578
-4058665.866586662,0.0005204712240164688
-4058385.8385838615,0.0005266897091398823
-4058105.810581061,0.0005329664212095942
-4057825.7825782606,0.0005393011046955424
-4057545.75457546,0.0005456934941005981
-4057265.7265726603,0.0005521433139600427
-4056985.6985698603,0.0005586502788428703
-4056705.67056706,0.0005652140933548322
-4056425.6425642595,0.0005718344521432727
-4056145.614561459,0.0005785110399038226
-4055865.5865586586,0.0005852435313888493
-4055585.5585558587,0.000592031591417717
-4055305.5305530583,0.0005988748748889091
-4055025.5025502583,0.0006057730267938432
-4054745.474547458,0.0006127256822326669
-4054465.4465446575,0.0006197324664317013
-4054185.418541857,0.0006267929947628295
-4053905.3905390566,0.0006339068727646435
-4053625.3625362567,0.0006410736961654157
-4053345.3345334567,0.0006482930509079331
-4053065.3065306563,0.0006555645131760985
-4052785.278527856,0.0006628876494233479
-4052505.2505250555,0.0006702620164029484
-4052225.222522255,0.0006776871612000675
-4051945.194519455,0.0006851626212656606
-4051665.1665166547,0.0006926879244522332
-4051385.1385138547,0.000700262589051283
-4051105.1105110543,0.0007078861238327384
-4050825.082508254,0.0007155580280860179
-4050545.0545054534,0.0007232777916630333
-4050265.026502653,0.0007310448950229306
-4049984.998499853,0.0007388588092786285
-4049704.9704970527,0.0007467189962452151
-4049424.9424942527,0.0007546249084899915
-4049144.9144914523,0.0007625759893844913
-4048864.886488652,0.0007705716731580854
-4048584.8584858514,0.0007786113849535011
-4048304.830483051,0.0007866945408840437
-4048024.802480251,0.0007948205480925754
-4047744.774477451,0.0008029888048123032
-4047464.7464746507,0.0008111987004292434
-4047184.7184718503,0.0008194496155464259
-4046904.69046905,0.0008277409220498925
-4046624.6624662494,0.0008360719831763693
-4046344.6344634495,0.0008444421535826437
-4046064.606460649,0.0008528507794167242
-4045784.578457849,0.0008612971983905325
-4045504.5504550487,0.0008697807398544983
-4045224.5224522483,0.0008783007248736127
-4044944.494449448,0.0008868564663053055
-4044664.4664466474,0.0008954472688788999
-4044384.4384438475,0.0009040724292767178
-4044104.410441047,0.0009127312362168791
-4043824.382438247,0.000921422970537568
-4043544.3544354467,0.0009301469052831217
-4043264.3264326463,0.0009389023057914939
-4042984.298429846,0.0009476884297834632
-4042704.270427046,0.0009565045274533198
-4042424.2424242455,0.0009653498415611974
-4042144.2144214455,0.0009742236075267824
-4041864.186418645,0.0009831250535247734
-4041584.1584158447,0.0009920534005816285
-4041304.1304130442,0.0010010078626739765
-4041024.102410244,0.0010099876468284343
-4040744.074407444,0.0010189919532228896
-4040464.0464046434,0.0010280199752893153
-4040184.0184018435,0.001037070899817846
-4039903.990399043,0.0010461439070625059
-4039623.9623962427,0.001055238170848108
-4039343.9343934422,0.001064352858678706
-4039063.906390642,0.0010734871318473364
-4038783.878387842,0.0010826401455471138
-4038503.850385042,0.0010918110489837151
-4038223.8223822415,0.0011009989854891043
-4037943.794379441,0.0011102030926365494
-4037663.7663766406,0.0011194225023569949
-4037383.73837384,0.0011286563410566294
-4037103.7103710403,0.0011379037297356888
-4036823.68236824,0.0011471637841085596
-4036543.65436544,0.0011564356147249055
-4036263.6263626395,0.0011657183270922086
-4035983.598359839,0.0011750110217992314
-4035703.5703570386,0.0011843127946407914
-4035423.542354238,0.0011936227367435697
-4035143.5143514383,0.0012029399346930164
-4034863.486348638,0.0012122634706614086
-4034583.458345838,0.0012215924225367854
-4034303.4303430375,0.0012309258640531492
-4034023.402340237,0.0012402628649214387
-4033743.3743374366,0.0012496024909616596
-4033463.346334636,0.0012589438042358999
-4033183.3183318363,0.0012682858631822844
-4032903.2903290363,0.0012776277227499063
-4032623.262326236,0.0012869684345345786
-4032343.2343234355,0.0012963070469154505
-4032063.206320635,0.0013056426051925496
-4031783.1783178346,0.001314974151725084
-4031503.1503150347,0.001324300726070543
-4031223.1223122342,0.0013336213651246457
-4030943.0943094343,0.0013429351032618734
-4030663.066306634,0.0013522409724769546
-4030383.0383038335,0.0013615380025268186
-4030103.010301033,0.0013708252210733955
-4029822.9822982326,0.0013801016538269849
-4029542.9542954327,0.0013893663246902523
-4029262.9262926327,0.0013986182559028854
-4028982.8982898323,0.0014078564681867412
-4028702.870287032,0.001417079980891548
-4028422.8422842314,0.0014262878121411992
-4028142.814281431,0.0014354789789804837
-4027862.786278631,0.0014446524975222858
-4027582.7582758307,0.0014538073830952997
-4027302.7302730307,0.0014629426503919988
-4027022.7022702303,0.0014720573136172185
-4026742.67426743,0.0014811503866368717
-4026462.6462646294,0.0014902208831271753
-4026182.618261829,0.0014992678167241023
-4025902.590259029,0.001508290201173119
-4025622.5622562286,0.001517287050479253
-4025342.5342534287,0.0015262573790572236
-4025062.5062506283,0.0015352002018819957
-4024782.478247828,0.001544114534639287
-4024502.4502450274,0.0015529993938763814
-4024222.422242227,0.0015618537971529883
-4023942.394239427,0.001570676763192194
-4023662.366236627,0.001579467312031531
-4023382.3382338267,0.001588224465174019
-4023102.3102310263,0.001596947245739201
-4022822.282228226,0.0016056346786142474
-4022542.2542254254,0.0016142857906049442
-4022262.2262226255,0.0016228996105866129
-4021982.198219825,0.0016314751696549945
-4021702.170217025,0.0016400115012768523
-4021422.1422142247,0.0016485076414406228
-4021142.1142114243,0.0016569626288066785
-4020862.086208624,0.001665375504857521
-4020582.0582058234,0.001673745314047672
-4020302.0302030235,0.0016820711039532898
-4020022.0022002235,0.0016903519254215515
-4019741.974197423,0.001698586832719632
-4019461.9461946227,0.0017067748836833397
-4019181.9181918222,0.0017149151398654413
-4018901.890189022,0.0017230066666835168
-4018621.862186222,0.001731048533567393
-4018341.8341834215,0.0017390398141061707
-4018061.8061806215,0.001746979586194623
-4017781.778177821,0.0017548669321792749
-4017501.7501750207,0.0017627009390037381
-4017221.7221722202,0.0017704806983536263
-4016941.69416942,0.0017782053068007995
-4016661.66616662,0.0017858738659469917
-4016381.6381638194,0.001793485482566844
-4016101.6101610195,0.0018010392687501237
-4015821.582158219,0.0018085343420434256
-4015541.5541554186,0.0018159698255909567
-4015261.526152618,0.0018233448482746983
-4014981.498149818,0.0018306585448537211
-4014701.470147018,0.0018379100561026892
-4014421.442144218,0.0018450985289495813
-4014141.4141414175,0.0018522231166124832
-4013861.386138617,0.0018592829787354964
-4013581.3581358166,0.0018662772815237908
-4013301.330133016,0.0018732051978776708
-4013021.3021302163,0.0018800659075256805
-4012741.274127416,0.0018868585971567704
-4012461.246124616,0.0018935824605513304
-4012181.2181218155,0.001900236698711351
-4011901.190119015,0.001906820519989352
-4011621.1621162146,0.0019133331402163467
-4011341.134113414,0.001919773782828637
-4011061.1061106143,0.001926141678993476
-4010781.0781078143,0.0019324360677336052
-4010501.050105014,0.0019386561960505681
-4010221.0221022135,0.0019448013190467987
-4009940.994099413,0.0019508707000465547
-4009660.9660966126,0.001956863610715532
-4009380.9380938127,0.0019627793311792234
-4009100.9100910123,0.0019686171501400165
-4008820.8820882123,0.001974376364992866
-4008540.854085412,0.0019800562819397745
-4008260.8260826115,0.001985656216102754
-4007980.798079811,0.001991175491635518
-4007700.7700770106,0.00199661344183371
-4007420.7420742107,0.002001969409243711
-4007140.7140714102,0.0020072427457700367
-4006860.6860686103,0.0020124328127811724
-4006580.65806581,0.002017538981214051
-4006300.6300630094,0.002022560631676884
-4006020.602060209,0.002027497154550566
-4005740.5740574086,0.0020323479500884882
-4005460.5460546087,0.0020371124285147755
-4005180.5180518087,0.0020417900101209812
-4004900.4900490083,0.0020463801253611286
-4004620.462046208,0.002050882214945135
-4004340.4340434074,0.00205529572993063
-4004060.406040607,0.002059620131813091
-4003780.378037807,0.002063854892614294
-4003500.3500350066,0.002067999494969116
-4003220.3220322067,0.002072053432210549
-4002940.2940294063,0.002076016208453089
-4002660.266026606,0.0020798873386742816
-4002380.2380238054,0.0020836663487945966
-4002100.210021005,0.0020873527757554753
-4001820.182018205,0.002090946167595613
-4001540.1540154046,0.0020944460835254546
-4001260.1260126047,0.0020978520939998165
-4000980.0980098043,0.0021011637807887636
-4000700.070007004,0.002104380737046555
-4000420.0420042034,0.0021075025673788013
-4000140.0140014035,0.0021105288879077096
-3999859.985998603,0.0021134593263354862
-3999579.957995803,0.002116293522005783
-3999299.9299930027,0.002119031125963316
-3999019.9019902023,0.0021216718010114905
-3998739.873987402,0.0021242152217681534
-3998459.8459846014,0.0021266610747193767
-3998179.8179818015,0.0021290090582713004
-3997899.789979001,0.002131258882800026
-3997619.761976201,0.0021334102706995037
-3997339.7339734007,0.0021354629564274987
-3997059.7059706002,0.0021374166865495096
-3996779.6779678,0.0021392712197807326
-3996499.6499649994,0.0021410263270260103
-3996219.6219621995,0.002142681791417759
-3995939.5939593995,0.0021442374083518964
-3995659.565956599,0.0021456929855217213
-3995379.5379537987,0.0021470483429497757
-3995099.5099509982,0.002148303313017663
-3994819.481948198,0.0021494577404938264
-3994539.453945398,0.002150511482559272
-3994259.4259425974,0.0021514644088312432
-3993979.3979397975,0.002152316401384828
-3993699.369936997,0.0021530673547725137
-3993419.3419341967,0.0021537171760416616
-3993139.313931396,0.002154265784749925
-3992859.285928596,0.0021547131129785817
-3992579.257925796,0.0021550591053438022
-3992299.2299229954,0.0021553037190058296
-3992019.2019201955,0.002155446923676083
-3991739.173917395,0.0021554887016221836
-3991459.1459145946,0.002155429047670894
-3991179.117911794,0.002155267969208974
-3990899.089908994,0.00215500548618196
-3990619.061906194,0.0021546416310908533
-3990339.033903394,0.002154176448986733
-3990059.0059005935,0.0021536099974632816
-3989778.977897793,0.002152942346647239
-3989498.9498949926,0.002152173579186773
-3989218.921892192,0.0021513037902377735
-3988938.8938893923,0.00215033308744808
-3988658.865886592,0.0021492615909396275
-3988378.837883792,0.0021480894332885463
-3988098.8098809915,0.0021468167595031706
-3987818.781878191,0.002145443727000021
-3987538.7538753906,0.0021439705055777063
-3987258.72587259,0.002142397277388793
-3986978.6978697903,0.0021407242369096244
-3986698.6698669903,0.0021389515909081007
-3986418.64186419,0.00213707955840943
-3986138.6138613895,0.002135108370659868
-3985858.585858589,0.0021330382710884137
-3985578.5578557886,0.0021308695152665183
-3985298.5298529887,0.0021286023708657754
-3985018.5018501882,0.0021262371176136202
-3984738.4738473883,0.0021237740472470623
-3984458.445844588,0.0021212134634644017
-3984178.4178417875,0.002118555681875023
-3983898.389838987,0.002115801029947197
-3983618.3618361866,0.002112949846953947
-3983338.3338333867,0.0021100024839169843
-3983058.3058305862,0.0021069593035486873
-3982778.2778277863,0.002103820680192226
-3982498.249824986,0.0021005869997596954
-3982218.2218221854,0.0020972586596684486
-3981938.193819385,0.002093836068775479
-3981658.1658165846,0.0020903196473099706
-3981378.1378137846,0.0020867098268039885
-3981098.1098109847,0.0020830070500213052
-3980818.0818081843,0.0020792117708844345
-3980538.053805384,0.0020753244543998454
-3980258.0258025834,0.002071345576581348
-3979977.997799783,0.0020672756243717222
-3979697.969796983,0.0020631150955625756
-3979417.9417941826,0.0020588644987124096
-3979137.9137913827,0.00205452435306303
-3978857.8857885823,0.002050095188454123
-3978577.857785782,0.0020455775452362383
-3978297.8297829814,0.0020409719741819976
-3978017.801780181,0.0020362790363956692
-3977737.773777381,0.002031499303221092
-3977457.745774581,0.002026633356147922
-3977177.7177717807,0.0020216817867163075
-3976897.6897689803,0.002016645196419954
-3976617.66176618,0.002011524196607577
-3976337.6337633794,0.0020063194083828105
-3976057.6057605795,0.0020010314625025826
-3975777.577757779,0.0019956609992739134
-3975497.549754979,0.001990208668449309
-3975217.5217521787,0.0019846751291205324
-3974937.4937493782,0.0019790610496110464
-3974657.465746578,0.0019733671073669102
-3974377.4377437774,0.0019675939888462984
-3974097.4097409775,0.001961742389407614
-3973817.381738177,0.0019558130131961766
-3973537.353735377,0.0019498065730296486
-3973257.3257325767,0.0019437237902819842
-3972977.2977297762,0.0019375653947662067
-3972697.269726976,0.0019313321246157778
-3972417.2417241754,0.0019250247261647523
-3972137.2137213754,0.0019186439538266796
-3971857.1857185755,0.0019121905699722372
-3971577.157715775,0.0019056653448057141
-3971297.1297129747,0.0018990690562403173
-3971017.101710174,0.0018924024897722638
-3970737.073707374,0.001885666438353792
-3970457.045704574,0.0018788617022650542
-3970177.0177017734,0.0018719890889848767
-3969896.9896989735,0.001865049413060587
-3969616.961696173,0.001858043495976625
-3969336.9336933726,0.0018509721660223257
-3969056.905690572,0.0018438362581585897
-3968776.877687772,0.0018366366138836447
-3968496.849684972,0.001829374081097879
-3968216.821682172,0.0018220495139677159
-3967936.7936793715,0.0018146637727886655
-3967656.765676571,0.001807217723847515
-3967376.7376737706,0.0017997122392836335
-3967096.70967097,0.0017921481969495152
-3966816.6816681703,0.0017845264802705417
-3966536.65366537,0.0017768479781039308
-3966256.62566257,0.001769113584597101
-3965976.5976597695,0.0017613241990451379
-3965696.569656969,0.0017534807257477798
-3965416.5416541686,0.0017455840738656242
-3965136.513651368,0.0017376351572757668
-3964856.4856485683,0.0017296348944268545
-3964576.457645768,0.0017215842081935058
-3964296.429642968,0.0017134840257303377
-3964016.4016401675,0.0017053352783252809
-3963736.373637367,0.0016971389012526092
-3963456.3456345666,0.0016888958336253722
-3963176.317631766,0.001680607018247457
-3962896.2896289662,0.0016722734014652503
-3962616.2616261663,0.0016638959330188786
-3962336.233623366,0.0016554755658931568
-3962056.2056205655,0.0016470132561682308
-3961776.177617765,0.0016385099628698527
-3961496.1496149646,0.0016299666478194457
-3961216.1216121647,0.0016213842754839406
-3960936.0936093642,0.0016127638128253256
-3960656.0656065643,0.0016041062291501746
-3960376.037603764,0.0015954124959588099
-3960096.0096009634,0.0015866835867945509
-3959815.981598163,0.0015779204770927115
-3959535.9535953626,0.0015691241440295984
-3959255.9255925626,0.0015602955663714631
-3958975.897589762,0.0015514357243233733
-3958695.8695869623,0.0015425455993782534
-3958415.841584162,0.0015336261741657488
-3958135.8135813614,0.0015246784323013777
-3957855.785578561,0.001515703358235617
-3957575.757575761,0.0015067019371031998
-3957295.7295729606,0.0014976751545724754
-3957015.7015701607,0.0014886239966951133
-3956735.6735673603,0.0014795494497557833
-3956455.64556456,0.0014704525001222972
-3956175.6175617594,0.0014613341340958463
-3955895.589558959,0.0014521953377615966
-3955615.561556159,0.0014430370968396
-3955335.5335533586,0.0014338603965359737
-3955055.5055505587,0.0014246662213946075
-3954775.4775477583,0.001415455555149044
-3954495.449544958,0.0014062293805750027
-3954215.4215421574,0.0013969886793431866
-3953935.393539357,0.0013877344318726384
-3953655.365536557,0.001378467617184594
-3953375.337533757,0.0013691892127568033
-3953095.3095309567,0.0013599001943784786
-3952815.2815281563,0.0013506015360058197
-3952535.253525356,0.0013412942096180645
-3952255.2255225554,0.0013319791850742331
-3951975.1975197555,0.0013226574299705217
-3951695.169516955,0.0013133299094983007
-3951415.141514155,0.0013039975863029859
-3951135.1135113547,0.0012946614203434073
-3950855.0855085542,0.0012853223687521636
-3950575.057505754,0.0012759813856965817
-3950295.0295029534,0.0012666394222405604
-3950015.0015001534,0.0012572974262072365
-3949734.973497353,0.0012479563420424254
-3949454.945494553,0.001238617110679105
-3949174.9174917527,0.0012292806694025663
-3948894.8894889522,0.0012199479517167138
-3948614.861486152,0.0012106198872111427
-3948334.8334833514,0.0012012974014292575
-3948054.8054805514,0.0011919814157373804
-3947774.7774777515,0.00118267284719481
-3947494.749474951,0.001173372608424989
-3947214.7214721506,0.0011640816074877294
-3946934.69346935,0.0011548007477524378
-3946654.66546655,0.0011455309277724967
-3946374.63746375,0.0011362730411607726
-3946094.6094609494,0.0011270279764661814
-3945814.5814581495,0.001117796617051587
-3945534.553455349,0.0011085798409726545
-3945254.5254525486,0.0010993785208581262
-3944974.497449748,0.0010901935237911616
-3944694.469446948,0.001081025711191988
-3944414.441444148,0.0010718759387018132
-3944134.413441348,0.0010627450560679597
-3943854.3854385475,0.00105363390703037
-3943574.357435747,0.0010445433292094299
-3943294.3294329466,0.0010354741539950526
-3943014.301430146,0.001026427206437173
-3942734.2734273463,0.0010174033051376173
-3942454.245424546,0.0010084032621432793
-3942174.217421746,0.000999427882840873
-3941894.1894189455,0.0009904779658528775
-3941614.161416145,0.0009815543029351435
-3941334.1334133446,0.000972657678875796
-3941054.105410544,0.0009637888713956715
-3940774.0774077442,0.0009549486510502496
-3940494.049404944,0.0009461377811330043
-3940214.021402144,0.0009373570175804368
-3939933.9933993435,0.0009286071088784128
-3939653.965396543,0.0009198887959702696
-3939373.9373937426,0.0009112028121663125
-3939093.909390942,0.0009025498830549606
-3938813.8813881422,0.0008939307264154736
-3938533.8533853423,0.000885346052132219
-3938253.825382542,0.0008767965621106197
-3937973.7973797414,0.0008682829501947244
-3937693.769376941,0.0008598059020863362
-3937413.7413741406,0.0008513660952658476
-3937133.7133713407,0.0008429641989147264
-3936853.68536854,0.0008346008738396018
-3936573.6573657403,0.000826276772398177
-3936293.62936294,0.000817992538426624
-3936013.6013601394,0.0008097488071688798
-3935733.573357339,0.0008015462052074958
-3935453.5453545386,0.0007933853503962751
-3935173.5173517386,0.0007852668517946269
-3934893.4893489387,0.0007771913096036038
-3934613.4613461383,0.0007691593151037431
-3934333.433343338,0.000761171450594656
-3934053.4053405374,0.0007532282893363021
-3933773.377337737,0.0007453303954920817
-3933493.349334937,0.0007374783240736915
-3933213.3213321366,0.000729672620887692
-3932933.2933293367,0.0007219138224839939
-3932653.2653265363,0.0007142024561059376
-3932373.237323736,0.0007065390396423527
-3932093.2093209354,0.0006989240815812733
-3931813.181318135,0.0006913580809655118
-3931533.153315335,0.0006838415273500396
-3931253.1253125346,0.0006763749007611064
-3930973.0973097347,0.0006689586716573071
-3930693.0693069343,0.0006615933008922764
-3930413.041304134,0.0006542792396793777
-3930133.0133013334,0.0006470169295580782
-3929852.985298533,0.0006398068023621979
-3929572.957295733,0.0006326492801899823
-3929292.929292933,0.0006255447753759426
-3929012.9012901327,0.0006184936904645804
-3928732.8732873322,0.0006114964181859286
-3928452.845284532,0.0006045533414328581
-3928172.8172817314,0.0005976648332402472
-3927892.7892789315,0.0005908312567659752
-3927612.761276131,0.0005840529652736706
-3927332.733273331,0.0005773303021174071
-3927052.7052705307,0.0005706636007280384
-3926772.6772677302,0.000564053184601519
-3926492.64926493,0.0005574993672889059
-3926212.6212621294,0.0005510024523882273
-3925932.5932593294,0.0005445627335381507
-3925652.5652565295,0.0005381804944134072
-3925372.537253729,0.0005318560087220672
-3925092.5092509286,0.0005255895402046025
-3924812.481248128,0.0005193813426346855
-3924532.453245328,0.0005132316598218059
-3924252.425242528,0.0005071407256156686
-3923972.3972397274,0.0005011087639123044
-3923692.3692369275,0.0004951359886620594
-3923412.341234127,0.0004892226038791855
-3923132.3132313266,0.00048336880365333645
-3922852.285228526,0.0004775747721626904
-3922572.257225726,0.00047184068368886286
-3922292.229222926,0.0004661667026335419
-3922012.2012201254,0.00046055298353679794
-3921732.1732173255,0.0004549996710972057
-3921452.145214525,0.00044950690019352846
-3921172.1172117246,0.000444074795908234
-3920892.089208924,0.00043870347355258964
-3920612.061206124,0.0004333930386934801
-3920332.033203324,0.0004281435871818844
-3920052.005200524,0.0004229552051829731
-3919771.9771977235,0.00041782796920788806
-3919491.949194923,0.0004127619461471568
-3919211.9211921226,0.0004077571933056777
-3918931.893189322,0.00040281375843935344
-3918651.8651865222,0.000397931679793314
-3918371.837183722,0.0003931109861416877
-3918091.809180922,0.000388351696829028
-3917811.7811781215,0.000383653821813182
-3917531.753175321,0.00037901736170981926
-3917251.7251725206,0.00037444230783841
-3916971.69716972,0.000369928642269756
-3916691.6691669202,0.0003654763378750296
-3916411.64116412,0.0003610853583762622
-3916131.61316132,0.00035675565839839195
-3915851.5851585194,0.00035248718352266133
-3915571.557155719,0.0003482798703415683
-3915291.5291529186,0.000344133646515171
-3915011.5011501187,0.0003400484308288479
-3914731.473147318,0.0003360241332524185
-3914451.4451445183,0.0003320606550007194
-3914171.417141718,0.00032815788859544916
-3913891.3891389174,0.0003243157179284611
-3913611.361136117,0.00032053401832632004
-3913331.3331333166,0.00031681265661620626
-3913051.3051305166,0.00031315149119312183
-3912771.277127716,0.00030955037208834583
-3912491.2491249163,0.000306009141039225
-3912211.221122116,0.00030252763156011727
-3911931.1931193154,0.00029910566901465767
-3911651.165116515,0.00029574307068916687
-3911371.1371137146,0.0002924396458672845
-3911091.1091109146,0.00028919519590577415
-3910811.0811081147,0.00028600951431146277
-3910531.0531053143,0.0002828823868193437
-3910251.025102514,0.00027981359147179603
-3909970.9970997134,0.00027680289869887534
-3909690.969096913,0.0002738500713997037
-3909410.941094113,0.000270954865024919
-3909130.9130913126,0.0002681170276601374
-3908850.8850885127,0.0002653363001104895
-3908570.8570857123,0.0002626124159860812
-3908290.829082912,0.0002599451017885068
-3908010.8010801114,0.0002573340769982652
-3907730.773077311,0.0002547790541631404
-3907450.745074511,0.00025227973898749533
-3907170.7170717106,0.000249835830422443
-3906890.6890689107,0.0002474470207569366
-3906610.6610661102,0.00024511299570965353
-3906330.63306331,0.00024283343452177113
-3906050.6050605094,0.00024060801005051138
-3905770.577057709,0.0002384363888634947
-3905490.549054909,0.0002363182313338619
-3905210.521052109,0.00023425319173612925
-3904930.4930493087,0.00023224091834278624
-3904650.4650465082,0.00023028105352159703
-3904370.437043708,0.00022837323383356504
-3904090.4090409074,0.00022651709013157283
-3903810.3810381074,0.00022471224765965742
-3903530.353035307,0.0002229583261528877
-3903250.325032507,0.0002212549399378669
-3902970.2970297066,0.00021960169803376337
-3902690.269026906,0.00021799820425393233
-3902410.241024106,0.00021644405730803434
-3902130.2130213054,0.00021493885090467126
-3901850.1850185054,0.00021348217385450482
-3901570.1570157055,0.0002120736101738239
-3901290.129012905,0.0002107127391885628
-3901010.1010101046,0.00020939913563873254
-3900730.073007304,0.00020813236978323307
-3900450.045004504,0.00020691200750504532
-3900170.017001704,0.00020573761041676938
-3899889.9889989034,0.00020460873596647825
-3899609.9609961035,0.0002035249375438948
-3899329.932993303,0.00020248576458682045
-3899049.9049905026,0.0002014907626878486
-3898769.876987702,0.0002005394737012933
-3898489.848984902,0.00019963143585033892
-3898209.820982102,0.00019876618383438021
-3897929.7929793014,0.00019794324893652204
-3897649.7649765015,0.00019716215913124092
-3897369.736973701,0.0001964224391921479
-3897089.7089709006,0.00019572361079987316
-3896809.6809681,0.00019506519265001393
-3896529.6529653,0.00019444670056114607
-3896249.6249625,0.00019386764758286883
-3895969.5969597,0.00019332754410385884
-3895689.5689568995,0.00019282589795991873
-3895409.540954099,0.00019236221454199402
-3895129.5129512986,0.00019193599690413215
-3894849.484948498,0.00019154674587137
-3894569.4569456982,0.0001911939601475243
-3894289.428942898,0.0001908771364228608
-3894009.400940098,0.00019059576948163008
-3893729.3729372974,0.00019034935230943358
-3893449.344934497,0.0001901373762004153
-3893169.3169316966,0.00018995933086424436
-3892889.288928896,0.00018981470453287535
-3892609.2609260962,0.00018970298406706298
-3892329.2329232963,0.00018962365506260947
-3892049.204920496,0.00018957620195632628
-3891769.1769176954,0.0001895601081316877
-3891489.148914895,0.00018957485602415602
-3891209.1209120946,0.00018961992722615897
-3890929.0929092946,0.00018969480259169874
-3890649.064906494,0.00018979896234057303
-3890369.0369036943,0.0001899318861621868
-3890089.008900894,0.000190093053318938
-3889808.9808980934,0.00019028194274915374
-3889528.952895293,0.00019049803316956146
-3889248.9248924926,0.00019074080317727342
-3888968.8968896926,0.00019100973135126594
-3888688.868886892,0.00019130429635333702
-3888408.8408840923,0.00019162397702851642
-3888128.812881292,0.00019196825250492196
-3887848.7848784914,0.0001923366022930289
-3887568.756875691,0.0001927285063843478
-3887288.7288728906,0.00019314344534948386
-3887008.7008700906,0.0001935809004355635
-3886728.6728672907,0.00019404035366301292
-3886448.6448644903,0.0001945212879216651
-3886168.61686169,0.0001950231870661813
-3885888.5888588894,0.00019554553601077446
-3885608.560856089,0.00019608782082321068
-3885328.532853289,0.00019664952881807507
-3885048.5048504886,0.00019723014864929088
-3884768.4768476887,0.00019782917040186008
-3884488.4488448882,0.00019844608568283522
-3884208.420842088,0.00019908038771147677
-3883928.3928392874,0.00019973157140860753
-3883648.364836487,0.00020039913348513118
-3883368.336833687,0.00020108257252970685
-3883088.308830887,0.00020178138909556815
-3882808.2808280867,0.00020249508578646318
-3882528.2528252862,0.00020322316734170526
-3882248.224822486,0.00020396514072032836
-3881968.1968196854,0.00020472051518432113
-3881688.1688168854,0.00020548880238093208
-3881408.140814085,0.00020626951642403778
-3881128.112811285,0.00020706217397454174
-3880848.0848084847,0.00020786629431982396
-3880568.056805684,0.0002086813994521904
-3880288.028802884,0.00020950701414634327
-3880008.0008000834,0.00021034266603583973
-3879727.9727972834,0.00021118788568853398
-3879447.944794483,0.00021204220668099774
-3879167.916791683,0.0002129051656718862
-3878887.8887888826,0.00021377630247427427
-3878607.860786082,0.00021465516012691085
-3878327.832783282,0.00021554128496441738
-3878047.8047804814,0.00021643422668639803
-3877767.7767776814,0.00021733353842545762
-3877487.7487748815,0.00021823877681412569
-3877207.720772081,0.00021914950205066222
-3876927.6927692806,0.00022006527796374488
-3876647.66476648,0.00022098567207603487
-3876367.63676368,0.00022191025566660136
-3876087.60876088,0.00022283860383220103
-3875807.5807580794,0.00022377029554741297
-3875527.5527552795,0.00022470491372359645
-3875247.524752479,0.00022564204526670485
-3874967.4967496786,0.00022658128113390178
-3874687.468746878,0.0002275222163890135
-3874407.440744078,0.0002284644502567853
-3874127.412741278,0.0002294075861759448
-3873847.3847384774,0.00023035123185107323
-3873567.3567356775,0.0002312949993032539
-3873287.328732877,0.00023223850491953422
-3873007.3007300766,0.0002331813695011477
-3872727.272727276,0.00023412321831053337
-3872447.2447244762,0.0002350636811171209
-3872167.216721676,0.0002360023922418961
-3871887.188718876,0.0002369389906007157
-3871607.1607160755,0.00023787311974640988
-3871327.132713275,0.0002388044279096208
-3871047.1047104746,0.00023973256803841604
-3870767.076707674,0.00024065719783664786
-3870487.0487048742,0.00024157797980106505
-3870207.020702074,0.00024249458125718168
-3869926.992699274,0.00024340667439387727
-3869646.9646964734,0.00024431393629676567
-3869366.936693673,0.0002452160489802861
-3869086.9086908726,0.00024611269941855534
-3868806.880688072,0.0002470035795749543
-3868526.852685272,0.00024788838643045874
-3868246.8246824723,0.0002487668220107168
-3867966.796679672,0.00024963859341186283
-3867686.7686768714,0.0002505034128250737
-3867406.740674071,0.00025136099755987634
-3867126.7126712706,0.000252211070066193
-3866846.6846684706,0.0002530533579551334
-3866566.65666567,0.0002538875940185404
-3866286.6286628703,0.0002547135162472694
-3866006.60066007,0.00025553086784823914
-3865726.5726572694,0.00025633939726021573
-3865446.544654469,0.00025713885816836695
-3865166.5166516686,0.0002579290095175688
-3864886.4886488686,0.0002587096155244732
-3864606.460646068,0.000259480445688348
-3864326.4326432683,0.0002602412748006709
-3864046.404640468,0.0002609918829535154
-3863766.3766376674,0.000261732055546695
-3863486.348634867,0.0002624615832937009
-3863206.3206320666,0.00026318026222642114
-3862926.2926292666,0.0002638878936986489
-3862646.2646264667,0.00026458428438839277
-3862366.2366236662,0.00026526924629898115
-3862086.208620866,0.0002659425967589744
-3861806.1806180654,0.0002666041584208959
-3861526.152615265,0.0002672537592587768
-3861246.124612465,0.00026789123256452696
-3860966.0966096646,0.0002685164169431426
-3860686.0686068647,0.00026912915630674175
-3860406.0406040642,0.0002697292998674617
-3860126.012601264,0.00027031670212919354
-3859845.9845984634,0.0002708912228781894
-3859565.956595663,0.00027145272717253355
-3859285.928592863,0.0002720010853304899
-3859005.900590063,0.0002725361729177386
-3858725.8725872627,0.000273057870733501
-3858445.8445844622,0.0002735660647955674
-3858165.816581662,0.00027406064632423997
-3857885.7885788614,0.00027454151172519244
-3857605.7605760614,0.0002750085625712592
-3857325.732573261,0.000275461705583167
-3857045.704570461,0.0002759008526092074
-3856765.6765676606,0.00027632592060387894
-3856485.64856486,0.0002767368316054868
-3856205.62056206,0.00027713351271272947
-3855925.5925592594,0.0002775158960602715
-3855645.5645564594,0.00027788391879331653
-3855365.536553659,0.0002782375230411942
-3855085.508550859,0.0002785766558899628
-3854805.4805480586,0.00027890126935405357
-3854525.452545258,0.00027921132034695233
-3854245.424542458,0.00027950677065094194
-3853965.3965396574,0.00027978758688591116
-3853685.3685368574,0.00028005374047724343
-3853405.3405340575,0.0002803052076227987
-3853125.312531257,0.00028054196925899813
-3852845.2845284566,0.000280764011026025
-3852565.256525656,0.0002809713232321568
-3852285.228522856,0.0002811639008172375
-3852005.200520056,0.00028134174331530455
-3851725.1725172554,0.00028150485481638507
-3851445.1445144555,0.000281653243927469
-3851165.116511655,0.00028178692373268097
-3850885.0885088546,0.0002819059117526548
-3850605.060506054,0.0002820102299031322
-3850325.032503254,0.00028209990445279354
-3850045.004500454,0.00028217496598033804
-3849764.976497654,0.00028223544933082546
-3849484.9484948535,0.000282281393571293
-3849204.920492053,0.00028231284194566266
-3848924.8924892526,0.0002823298418289527
-3848644.864486452,0.00028233244468080736
-3848364.8364836522,0.0002823207059983591
-3848084.808480852,0.0002822946852684379
-3847804.780478052,0.00028225444591914293
-3847524.7524752514,0.00028220005527078906
-3847244.724472451,0.0002821315844862462
-3846964.6964696506,0.0002820491085206833
-3846684.66846685,0.000281952706070733
-3846404.64046405,0.00028184245952309257
-3846124.61246125,0.0002817184549025742
-3845844.58445845,0.0002815807818196234
-3845564.5564556494,0.0002814295334173144
-3845284.528452849,0.0002812648063178458
-3845004.5004500486,0.00028108670056854393
-3844724.472447248,0.00028089531958739466
-3844444.444444448,0.00028069077010811654
-3844164.4164416483,0.00028047316212478993
-3843884.388438848,0.00028024260883606066
-3843604.3604360474,0.000279999226588931
-3843324.332433247,0.0002797431348221533
-3843044.3044304466,0.0002794744560092429
-3842764.2764276466,0.0002791933156011268
-3842484.248424846,0.00027889984196843864
-3842204.2204220463,0.0002785941663434856
-3841924.192419246,0.00027827642276188837
-3841644.1644164454,0.00027794674800392513
-3841364.136413645,0.000277605281535583
-3841084.1084108446,0.00027725216544933855
-3840804.0804080446,0.0002768875444046829
-3840524.052405244,0.00027651156556840175
-3840244.0244024443,0.00027612437855463657
-3839963.996399644,0.00027572613536472714
-3839683.9683968434,0.0002753169903268681
-3839403.940394043,0.0002748971000355797
-3839123.912391243,0.00027446662329101864
-3838843.8843884426,0.0002740257210381368
-3838563.8563856427,0.00027357455630571445
-3838283.8283828422,0.0002731132941452654
-3838003.800380042,0.0002726421015698509
-3837723.7723772414,0.0002721611474927985
-3837443.744374441,0.0002716706026663523
-3837163.716371641,0.00027117063962026793
-3836883.6883688406,0.00027066143260036065
-3836603.6603660407,0.0002701431575070365
-3836323.6323632402,0.00026961599183380065
-3836043.60436044,0.00026908011460577994
-3835763.5763576394,0.00026853570631825603
-3835483.548354839,0.00026798294887523516
-3835203.520352039,0.00026742202552806644
-3834923.492349239,0.0002668531208141182
-3834643.4643464386,0.0002662764204955366
-3834363.436343638,0.0002656921114980956
-3834083.408340838,0.0002651003818501483
-3833803.3803380374,0.0002645014206217022
-3833523.3523352374,0.00026389541786362846
-3833243.324332437,0.00026328256454701546
-3832963.296329637,0.00026266305250269534
-3832683.2683268366,0.00026203707436093203
-3832403.240324036,0.00026140482349131455
-3832123.212321236,0.0002607664939428435
-3831843.1843184354,0.0002601222803842393
-3831563.1563156354,0.00025947237804448207
-3831283.128312835,0.00025881698265359015
-3831003.100310035,0.0002581562903836682
-3830723.0723072346,0.0002574904977902089
-3830443.044304434,0.00025681980175369575
-3830163.016301634,0.00025614439942148946
-3829882.9882988334,0.0002554644881500289
-3829602.9602960334,0.00025478026544735417
-3829322.9322932335,0.0002540919289159593
-3829042.904290433,0.0002533996761959966
-3828762.8762876326,0.00025270370490884056
-3828482.848284832,0.00025200421260101547
-3828202.820282032,0.00025130139668851174
-3827922.792279232,0.00025059545440149494
-3827642.7642764314,0.00024988658272941604
-3827362.7362736315,0.00024917497836655114
-3827082.708270831,0.00024846083765795254
-3826802.6802680306,0.00024774435654585707
-3826522.65226523,0.00024702573051653214
-3826242.62426243,0.00024630515454758886
-3825962.59625963,0.00024558282305576763
-3825682.56825683,0.0002448589298452017
-3825402.5402540294,0.0002441336680561788
-3825122.512251229,0.00024340723011440662
-3824842.4842484286,0.0002426798076807849
-3824562.456245628,0.00024195159160170495
-3824282.428242828,0.00024122277185988225
-3824002.400240028,0.00024049353752572395
-3823722.372237228,0.00023976407670926118
-3823442.3442344274,0.000239034576512624
-3823162.316231627,0.00023830522298310276
-3822882.2882288266,0.00023757620106677426
-3822602.260226026,0.0002368476945627209
-3822322.232223226,0.00023611988607784355
-3822042.204220426,0.0002353929569822725
-3821762.176217626,0.00023466708736540162
-3821482.1482148254,0.0002339424559925239
-3821202.120212025,0.00023321924026211088
-3820922.0922092246,0.00023249761616371287
-3820642.064206424,0.0002317777582365063
-3820362.036203624,0.00023105983952848868
-3820082.0082008243,0.0002303440315563238
-3819801.980198024,0.00022963050426585502
-3819521.9521952234,0.00022891942599328566
-3819241.924192423,0.00022821096342702806
-3818961.8961896226,0.00022750528157023775
-3818681.8681868226,0.00022680254370403374
-3818401.840184022,0.00022610291135140474
-3818121.8121812223,0.00022540654424182556
-3817841.784178422,0.00022471360027655841
-3817561.7561756214,0.0002240242354946795
-3817281.728172821,0.00022333860403980516
-3817001.7001700206,0.0002226568581275414
-3816721.6721672206,0.0002219791480136541
-3816441.6441644207,0.00022130562196296142
-3816161.6161616202,0.00022063642621896162
-3815881.58815882,0.00021997170497419454
-3815601.5601560194,0.00021931160034133467
-3815321.532153219,0.00021865625232503008
-3815041.504150419,0.0002180057987944852
-3814761.4761476186,0.00021736037545678566
-3814481.4481448187,0.00021672011583098475
-3814201.4201420182,0.00021608515122292633
-3813921.392139218,0.0002154556107008396
-3813641.3641364174,0.000214831621071679
-3813361.336133617,0.00021421330685822876
-3813081.308130817,0.00021360079027696904
-3812801.2801280166,0.00021299419121669977
-3812521.2521252166,0.00021239362721794
-3812241.224122416,0.00021179921345307716
-3811961.196119616,0.00021121106270729928
-3811681.1681168154,0.00021062928536028208
-3811401.140114015,0.0002100539893686503
-3811121.112111215,0.00020948528024920712
-3810841.084108415,0.00020892326106292856
-3810561.0561056146,0.00020836803239973132
-3810281.028102814,0.00020781969236400967
-3810001.000100014,0.00020727833656093575
-3809720.9720972134,0.00020674405808353134
-3809440.9440944134,0.00020621694750050666
-3809160.916091613,0.00020569709284486154
-3808880.888088813,0.00020518457960326013
-3808600.8600860126,0.00020467949070615758
-3808320.832083212,0.00020418190651870087
-3808040.804080412,0.00020369190483238164
-3807760.7760776114,0.0002032095608574513
-3807480.7480748114,0.00020273494721609312
-3807200.7200720115,0.00020226813393634584
-3806920.692069211,0.0002018091884467828
-3806640.6640664106,0.0002013581755719405
-3806360.63606361,0.00020091515752849057
-3806080.60806081,0.00020048019392215747
-3805800.58005801,0.00020005334174537771
-3805520.5520552094,0.00019963465537569235
-3805240.5240524095,0.00019922418657488083
-3804960.496049609,0.000198821984488815
-3804680.4680468086,0.00019842809564804925
-3804400.440044008,0.0001980425639691257
-3804120.412041208,0.00019766543075660115
-3803840.384038408,0.00019729673470578725
-3803560.3560356074,0.00019693651190619724
-3803280.3280328074,0.00019658479584570442
-3803000.300030007,0.0001962416174153908
-3802720.2720272066,0.00019590700491509992
-3802440.244024406,0.00019558098405967285
-3802160.216021606,0.00019526357798587196
-3801880.188018806,0.00019495480725998296
-3801600.160016006,0.00019465468988608906
-3801320.1320132054,0.00019436324131501514
-3801040.104010405,0.00019408047445393362
-3800760.0760076046,0.00019380639967662386
-3800480.048004804,0.00019354102483438328
-3800200.020002004,0.00019328435526758144
-3799919.991999204,0.0001930363938178492
-3799639.963996404,0.00019279714084090294
-3799359.9359936034,0.00019256659421998577
-3799079.907990803,0.00019234474937993202
-3798799.8799880026,0.0001921315993018369
-3798519.851985202,0.00019192713453833096
-3798239.823982402,0.00019173134322944999
-3797959.795979602,0.00019154421111909124
-3797679.767976802,0.0001913657215720541
-3797399.7399740014,0.000191195855591649
-3797119.711971201,0.00019103459183787637
-3796839.6839684006,0.0001908819066461598
-3796559.6559656006,0.00019073777404663065
-3796279.6279628,0.0001906021657839528
-3795999.5999600003,0.00019047505133768362
-3795719.5719572,0.00019035639794315654
-3795439.5439543994,0.00019024617061288407
-3795159.515951599,0.00019014433215846694
-3794879.4879487986,0.0001900508432130042
-3794599.4599459986,0.0001899656622539948
-3794319.431943198,0.00018988874562672107
-3794039.4039403982,0.00018982004756810735
-3793759.375937598,0.0001897595202310422
-3793479.3479347974,0.00018970711370915793
-3793199.319931997,0.00018966277606205628
-3792919.2919291966,0.00018962645334097224
-3792639.2639263966,0.0001895980896148669
-3792359.2359235967,0.00018957762699693911
-3792079.2079207962,0.00018956500567154797
-3791799.179917996,0.00018956016392153574
-3791519.1519151954,0.00018956303815594194
-3791239.123912395,0.00018957356293809933
-3790959.095909595,0.00018959167101410221
-3790679.0679067946,0.00018961729334163722
-3790399.0399039946,0.00018965035911916686
-3790119.011901194,0.00018969079581545673
-3789838.983898394,0.00018973852919943534
-3789558.9558955934,0.00018979348337037837
-3789278.927892793,0.00018985558078840614
-3788998.899889993,0.00018992474230528495
-3788718.8718871926,0.000190000887195523
-3788438.8438843926,0.00019008393318774883
-3788158.815881592,0.0001901737964963656
-3787878.787878792,0.00019027039185346746
-3787598.7598759914,0.00019037363254101116
-3787318.731873191,0.00019048343042323077
-3787038.703870391,0.0001905996959792864
-3786758.675867591,0.00019072233833613677
-3786478.6478647906,0.000190851265301625
-3786198.61986199,0.0001909863833977673
-3785918.59185919,0.000191127597894236
-3785638.5638563894,0.0001912748128420251
-3785358.5358535894,0.00019142793110728847
-3785078.507850789,0.00019158685440534258
-3784798.479847989,0.0001917514833348184
-3784518.4518451886,0.00019192171741196052
-3784238.423842388,0.00019209745510505435
-3783958.395839588,0.00019227859386897843
-3783678.3678367874,0.00019246503017986794
-3783398.3398339874,0.00019265665956988008
-3783118.3118311875,0.0001928533766620528
-3782838.283828387,0.00019305507520524397
-3782558.2558255866,0.0001932616481091424
-3782278.227822786,0.00019347298747934258
-3781998.199819986,0.00019368898465247004
-3781718.171817186,0.00019390953023134874
-3781438.1438143854,0.0001941345141202024
-3781158.1158115854,0.00019436382555987396
-3780878.087808785,0.00019459735316306332
-3780598.0598059846,0.00019483498494956192
-3780318.031803184,0.00019507660838148427
-3780038.003800384,0.0001953221103984808
-3779757.975797584,0.00019557137745292437
-3779477.9477947834,0.00019582429554506267
-3779197.9197919834,0.00019608075025812028
-3778917.891789183,0.00019634062679335223
-3778637.8637863826,0.0001966038100050259
-3778357.835783582,0.0001968701844353348
-3778077.8077807818,0.0001971396343492258
-3777797.779777982,0.00019741204376913442
-3777517.751775182,0.00019768729650962002
-3777237.7237723814,0.00019796527621188792
-3776957.695769581,0.00019824586637819168
-3776677.6677667806,0.0001985289504061085
-3776397.63976398,0.00019881441162267533
-3776117.61176118,0.00019910213331837814
-3775837.58375838,0.0001993919987809883
-3775557.55575558,0.00019968389132922972
-3775277.5277527794,0.00019997769434628042
-3774997.499749979,0.00020027329131308558
-3774717.4717471786,0.00020057056584148718
-3774437.443744378,0.00020086940170715236
-3774157.415741578,0.0002011696828822961
-3773877.3877387783,0.00020147129356819191
-3773597.359735978,0.00020177411822745736
-3773317.3317331774,0.0002020780416161095
-3773037.303730377,0.00020238294881538471
-3772757.2757275766,0.00020268872526331067
-3772477.2477247766,0.00020299525678602482
-3772197.219721976,0.00020330242962883434
-3771917.1917191762,0.00020361013048700202
-3771637.163716376,0.00020391824653626382
-3771357.1357135754,0.00020422666546305573
-3771077.107710775,0.00020453527549445631
-3770797.0797079746,0.000204843965427829
-3770517.0517051746,0.00020515262466016052
-3770237.023702374,0.00020546114321709104
-3769956.9956995742,0.00020576941178162083
-3769676.967696774,0.0002060773217225007
-3769396.9396939734,0.00020638476512228407
-3769116.911691173,0.00020669163480504726
-3768836.8836883726,0.00020699782436376526
-3768556.8556855726,0.0002073032281873369
-3768276.8276827727,0.0002076077414872579
-3767996.799679972,0.00020791126032392978
-3767716.771677172,0.0002082136816326021
-3767436.7436743714,0.00020851490324894542
-3767156.715671571,0.00020881482393424365
-3766876.687668771,0.00020911334340020373
-3766596.6596659706,0.00020941036233337946
-3766316.6316631706,0.00020970578241919635
-3766036.60366037,0.00020999950636558536
-3765756.57565757,0.0002102914379262065
-3765476.5476547694,0.00021058148192326916
-3765196.519651969,0.0002108695442699386
-3764916.491649169,0.00021115553199232474
-3764636.463646369,0.00021143935325105187
-3764356.4356435686,0.00021172091736240098
-3764076.407640768,0.00021200013481902249
-3763796.379637968,0.00021227691731021817
-3763516.3516351674,0.00021255117774178424
-3763236.3236323674,0.00021282283025541386
-3762956.295629567,0.0002130917902476578
-3762676.267626767,0.000213357974388433
-3762396.2396239666,0.00021362130063908664
-3762116.211621166,0.00021388168827000075
-3761836.183618366,0.0002141390578777441
-3761556.1556155654,0.0002143933314017634
-3761276.1276127654,0.00021464443214061198
-3760996.099609965,0.00021489228476771595
-3760716.071607165,0.00021513681534666924
-3760436.0436043646,0.00021537795134606545
-3760156.015601564,0.00021561562165385226
-3759875.987598764,0.0002158497565912173
-3759595.9595959634,0.0002160802879259968
-3759315.9315931634,0.00021630714888560773
-3759035.9035903635,0.00021653027416950317
-3758755.875587563,0.0002167495999611459
-3758475.8475847626,0.0002169650639395017
-3758195.819581962,0.00021717660529005183
-3757915.791579162,0.00021738416471532156
-3757635.763576362,0.00021758768444492458
-3757355.7355735614,0.00021778710824512464
-3757075.7075707614,0.00021798238142790825
-3756795.679567961,0.00021817345085957727
-3756515.6515651606,0.00021836026496884986
-3756235.62356236,0.00021854277375447999
-3755955.5955595598,0.00021872092879238848
-3755675.56755676,0.00021889468324230862
-3755395.5395539594,0.00021906399185394734
-3755115.5115511594,0.0002192288109726578
-3754835.483548359,0.00021938909854463186
-3754555.4555455586,0.00021954481412160348
-3754275.427542758,0.00021969591886507257
-3753995.399539958,0.00021984237555004428
-3753715.371537158,0.00021998414856828823
-3753435.343534358,0.00022012120393111493
-3753155.3155315574,0.00022025350927167725
-3752875.287528757,0.0002203810338467898
-3752595.2595259566,0.00022050374853827592
-3752315.231523156,0.0002206216258538383
-3752035.203520356,0.00022073463992745772
-3751755.175517556,0.0002208427665193217
-3751475.147514756,0.0002209459830152828
-3751195.1195119554,0.00022104426842585294
-3750915.091509155,0.00022113760338473147
-3750635.0635063546,0.00022122597014687283
-3750355.035503554,0.00022130935258609467
-3750075.007500754,0.00022138773619222917
-3749794.9794979542,0.00022146110806782132
-3749514.951495154,0.00022152945692437565
-3749234.9234923534,0.00022159277307815488
-3748954.895489553,0.00022165104844553468
-3748674.8674867526,0.0002217042765379163
-3748394.8394839526,0.00022175245245620087
-3748114.811481152,0.0002217955728848295
-3747834.7834783522,0.0002218336360853911
-3747554.755475552,0.00022186664188980377
-3747274.7274727514,0.00022189459169307148
-3746994.699469951,0.00022191748844562116
-3746714.6714671506,0.00022193533664522372
-3746434.6434643506,0.00022194814232850298
-3746154.61546155,0.000221955913062037
-3745874.5874587502,0.00022195865793305563
-3745594.55945595,0.00022195638753973906
-3745314.5314531494,0.00022194911398112143
-3745034.503450349,0.0002219368508466045
-3744754.4754475486,0.0002219196132050855
-3744474.4474447486,0.00022189741759370428
-3744194.4194419486,0.00022187028200621424
-3743914.391439148,0.00022183822588098219
-3743634.363436348,0.00022180127008862224
-3743354.3354335474,0.00022175943691926837
-3743074.307430747,0.00022171275006949086
-3742794.279427947,0.0002216612346288624
-3742514.2514251466,0.00022160491706617826
-3742234.2234223466,0.00022154382521533703
-3741954.195419546,0.00022147798826088573
-3741674.167416746,0.0002214074367232372
-3741394.1394139454,0.0002213322024435627
-3741114.111411145,0.00022125231856836723
-3740834.083408345,0.00022116781953375299
-3740554.055405545,0.00022107874104937555
-3740274.0274027446,0.00022098512008210066
-3739993.999399944,0.00022088699483936613
-3739713.971397144,0.00022078440475225465
-3739433.9433943434,0.00022067739045828464
-3739153.9153915434,0.0002205659937839245
-3738873.887388743,0.00022045025772683571
-3738593.859385943,0.000220330226437854
-3738313.8313831426,0.0002202059452027096
-3738033.803380342,0.0002200774604234987
-3737753.775377542,0.00021994481959990798
-3737473.7473747414,0.00021980807131020068
-3737193.7193719414,0.00021966726519197076
-3736913.691369141,0.0002195224519226695
-3736633.663366341,0.00021937368319991543
-3736353.6353635406,0.00021922101172158786
-3736073.60736074,0.00021906449116571746
-3735793.57935794,0.00021890417617017439
-3735513.5513551394,0.0002187401223121648
-3735233.5233523394,0.00021857238608754073
-3734953.4953495394,0.00021840102488992892
-3734673.467346739,0.00021822609698968852
-3734393.4393439386,0.00021804766151270195
-3734113.411341138,0.00021786577841900506
-3733833.3833383378,0.00021768050848126598
-3733553.355335538,0.0002174919132631171
-3733273.3273327374,0.0002173000550973473
-3732993.2993299374,0.00021710499706396495
-3732713.271327137,0.00021690680296813025
-3732433.2433243366,0.00021670553731797457
-3732153.215321536,0.00021650126530230353
-3731873.1873187358,0.00021629405276819727
-3731593.159315936,0.00021608396619851263
-3731313.131313136,0.00021587107268929254
-3731033.1033103354,0.00021565543992709267
-3730753.075307535,0.00021543713616623092
-3730473.0473047346,0.00021521623020596416
-3730193.019301934,0.00021499279136760275
-3729912.991299134,0.00021476688947156782
-3729632.963296334,0.00021453859481439702
-3729352.935293534,0.00021430797814571021
-3729072.9072907334,0.00021407511064513407
-3728792.879287933,0.00021384006389920155
-3728512.8512851326,0.00021360290987822465
-3728232.823282332,0.00021336372091315298
-3727952.795279532,0.00021312256967242257
-3727672.767276732,0.00021287952913879974
-3727392.739273932,0.00021263467258623365
-3727112.7112711314,0.0002123880735567129
-3726832.683268331,0.00021213980583714552
-3726552.6552655306,0.00021188994343625828
-3726272.62726273,0.00021163856056152823
-3725992.59925993,0.0002113857315961509
-3725712.5712571302,0.00021113153107605052
-3725432.54325433,0.00021087603366694158
-3725152.5152515294,0.00021061931414144715
-3724872.487248729,0.00021036144735627719
-3724592.4592459286,0.00021010250822947743
-3724312.4312431286,0.00020984257171775383
-3724032.403240328,0.00020958171279387606
-3723752.3752375282,0.00020932000642417297
-3723472.347234728,0.00020905752754611605
-3723192.3192319274,0.00020879435104600885
-3722912.291229127,0.00020853055173677761
-3722632.2632263266,0.0002082662043358757
-3722352.2352235266,0.00020800138344330654
-3722072.2072207266,0.00020773616351976785
-3721792.179217926,0.00020747061886492815
-3721512.151215126,0.00020720482359583823
-3721232.1232123254,0.00020693885162548158
-3720952.095209525,0.00020667277664147328
-3720672.067206725,0.0002064066720849116
-3720392.0392039246,0.00020614061112938408
-3720112.0112011246,0.00020587466666014266
-3719831.983198324,0.00020560891125344082
-3719551.955195524,0.00020534341715605048
-3719271.9271927234,0.00020507825626495417
-3718991.899189923,0.0002048135001072232
-3718711.871187123,0.00020454921982008542
-3718431.8431843226,0.00020428548613118534
-3718151.8151815226,0.00020402236933904895
-3717871.787178722,0.0002037599392937452
-3717591.759175922,0.00020349826537776448
-3717311.7311731214,0.00020323741648710543
-3717031.703170321,0.00020297746101258276
-3716751.675167521,0.00020271846682135778
-3716471.647164721,0.00020246050123869558
-3716191.6191619206,0.00020220363102995537
-3715911.59115912,0.00020194792238281806
-3715631.56315632,0.0002016934408897517
-3715351.5351535194,0.00020144025153072346
-3715071.5071507194,0.0002011884186561605
-3714791.479147919,0.00020093800597016176
-3714511.451145119,0.0002006890765139705
-3714231.4231423186,0.0002004416926497014
-3713951.395139518,0.00020019591604433814
-3713671.367136718,0.0001999518076539941
-3713391.3391339174,0.00019970942770844682
-3713111.3111311174,0.00019946883569594697
-3712831.283128317,0.00019923009034830352
-3712551.255125517,0.0001989932496262552
-3712271.2271227166,0.00019875837070512003
-3711991.199119916,0.00019852550996073912
-3711711.1711171158,0.00019829472295570646
-3711431.143114316,0.00019806606442589468
-3711151.1151115154,0.0001978395882672751
-3710871.0871087154,0.00019761534752304119
-3710591.059105915,0.00019739339437102761
-3710311.0311031146,0.00019717378011143967
-3710031.003100314,0.00019695655515488498
-3709750.9750975138,0.00019674176901071606
-3709470.947094714,0.0001965294702756841
-3709190.9190919134,0.00019631970662290445
-3708910.8910891134,0.000196112524791141
-3708630.863086313,0.00019590797057440282
-3708350.8350835126,0.0001957060888118654
-3708070.807080712,0.00019550692337810816
-3707790.7790779117,0.00019531051717367682
-3707510.751075112,0.0001951169121159697
-3707230.723072312,0.00019492614913044806
-3706950.6950695114,0.00019473826814217455
-3706670.667066711,0.00019455330806768045
-3706390.6390639106,0.0001943713068071596
-3706110.61106111,0.0001941923012369946
-3705830.58305831,0.00019401632720261356
-3705550.55505551,0.0001938434195116778
-3705270.52705271,0.0001936736119276052
-3704990.4990499094,0.0001935069371634231
-3704710.471047109,0.00019334342687595858
-3704430.4430443086,0.00019318311166036106
-3704150.415041508,0.00019302602104496035
-3703870.387038708,0.00019287218348645993
-3703590.359035908,0.00019272162636546403
-3703310.331033108,0.00019257437598234304
-3703030.3030303074,0.00019243045755342996
-3702750.275027507,0.00019228989520755585
-3702470.2470247066,0.00019215271198291757
-3702190.219021906,0.00019201892982428077
-3701910.191019106,0.00019188856958051752
-3701630.1630163062,0.00019176165100247638
-3701350.135013506,0.0001916381927411866
-3701070.1070107054,0.00019151821234639446
-3700790.079007905,0.00019140172626543037
-3700510.0510051046,0.000191288749842407
-3700230.0230023046,0.00019117929731774736
-3699949.994999504,0.00019107338182804031
-3699669.966996704,0.00019097101540622557
-3699389.938993904,0.00019087220898210218
-3699109.9109911034,0.00019077697238316425
-3698829.882988303,0.00019068531433575839
-3698549.8549855025,0.00019059724246656365
-3698269.8269827026,0.00019051276330439196
-3697989.7989799026,0.00019043188228230607
-3697709.770977102,0.0001903546037400556
-3697429.742974302,0.00019028093092682735
-3697149.7149715014,0.00019021086600430842
-3696869.686968701,0.0001901444100500604
-3696589.658965901,0.00019008156306120268
-3696309.6309631006,0.00019002232395840142
-3696029.6029603006,0.00018996669059016463
-3695749.5749575,0.00018991465973743703
-3695469.5469547,0.00018986622711849636
-3695189.5189518994,0.00018982138739414553
-3694909.490949099,0.00018978013417319975
-3694629.462946299,0.00018974246001826522
-3694349.4349434986,0.00018970835645180673
-3694069.4069406986,0.00018967781396250213
-3693789.378937898,0.000189650822011879
-3693509.350935098,0.00018962736904123295
-3693229.3229322974,0.00018960744247882209
-3692949.294929497,0.00018959102874733654
-3692669.266926697,0.00018957811327163863
-3692389.238923897,0.0001895686804867709
-3692109.2109210966,0.00018956271384622874
-3691829.182918296,0.00018956019583049423
-3691549.154915496,0.00018956110795582737
-3691269.1269126954,0.0001895654307833119
-3690989.0989098954,0.0001895731439281515
-3690709.070907095,0.0001895842260692132
-3690429.042904295,0.00018959865495881396
-3690149.0149014946,0.00018961640743274716
-3689868.986898694,0.00018963745942054456
-3689588.958895894,0.0001896617859559706
-3689308.9308930933,0.0001896893611877444
-3689028.9028902934,0.00018972015839048627
-3688748.8748874934,0.00018975414997588424
-3688468.846884693,0.00018979130750407646
-3688188.8188818926,0.00018983160169524564
-3687908.790879092,0.00018987500244142152
-3687628.7628762918,0.00018992147881848672
-3687348.734873492,0.00018997099909838204
-3687068.7068706914,0.00019002353076150708
-3686788.6788678914,0.00019007904050931097
-3686508.650865091,0.00019013749427707044
-3686228.6228622906,0.00019019885724684888
-3685948.59485949,0.00019026309386063376
-3685668.5668566898,0.0001903301678336467
-3685388.53885389,0.00019040004216782196
-3685108.5108510894,0.00019047267916544978
-3684828.4828482894,0.00019054804044297752
-3684548.454845489,0.0001906260869449676
-3684268.4268426886,0.00019070677895820378
-3683988.398839888,0.00019079007612594407
-3683708.3708370877,0.00019087593746231415
-3683428.342834288,0.00019096432136683647
-3683148.314831488,0.00019105518563909164
-3682868.2868286874,0.00019114848749350542
-3682588.258825887,0.0001912441835742574
-3682308.2308230866,0.00019134222997030774
-3682028.202820286,0.00019144258223053505
-3681748.174817486,0.00019154519537898184
-3681468.146814686,0.0001916500239302032
-3681188.118811886,0.00019175702190471096
-3680908.0908090854,0.00019186614284451365
-3680628.062806285,0.00019197733982874104
-3680348.0348034846,0.0001920905654893539
-3680068.006800684,0.00019220577202693075
-3679787.978797884,0.00019232291122652791
-3679507.950795084,0.00019244193447360807
-3679227.922792284,0.00019256279277003068
-3678947.8947894834,0.00019268543675010326
-3678667.866786683,0.00019280981669668297
-3678387.8387838826,0.0001929358825573292
-3678107.8107810826,0.00019306358396049822
-3677827.782778282,0.00019319287023177774
-3677547.754775482,0.0001933236904101531
-3677267.726772682,0.00019345599326430515
-3676987.6987698814,0.00019358972730892888
-3676707.670767081,0.00019372484082107356
-3676427.6427642806,0.00019386128185649605
-3676147.6147614806,0.00019399899826602285
-3675867.58675868,0.0001941379377119184
-3675587.55875588,0.00019427804768424993
-3675307.53075308,0.00019441927551725065
-3675027.5027502794,0.00019456156840566967
-3674747.474747479,0.00019470487342110928
-3674467.4467446785,0.00019484913752834158
-3674187.4187418786,0.00019499430760160107
-3673907.3907390786,0.00019514033044084868
-3673627.362736278,0.00019528715278800102
-3673347.334733478,0.0001954347213431214
-3673067.3067306774,0.00019558298278056868
-3672787.278727877,0.00019573188376509758
-3672507.250725077,0.00019588137096790683
-3672227.2227222766,0.00019603139108263144
-3671947.1947194766,0.0001961818908412711
-3671667.166716676,0.00019633281703005653
-3671387.138713876,0.0001964841165052413
-3671107.1107110754,0.00019663573620882233
-3670827.082708275,0.00019678762318417944
-3670547.054705475,0.00019693972459163176
-3670267.0267026746,0.00019709198772390732
-3669986.9986998746,0.00019724436002151825
-3669706.970697074,0.00019739678908804286
-3669426.942694274,0.00019754922270530395
-3669146.9146914734,0.00019770160884844513
-3668866.886688673,0.00019785389570089703
-3668586.858685873,0.0001980060316692306
-3668306.830683073,0.0001981579653978952
-3668026.8026802726,0.00019830964578383385
-3667746.774677472,0.00019846102199097456
-3667466.746674672,0.00019861204346459382
-3667186.7186718713,0.00019876265994554692
-3666906.6906690714,0.00019891282148436215
-3666626.662666271,0.00019906247845519656
-3666346.634663471,0.00019921158156964504
-3666066.6066606706,0.0001993600818904065
-3665786.57865787,0.0001995079308447954
-3665506.5506550698,0.00019965508023810178
-3665226.5226522693,0.00019980148226679282
-3664946.4946494694,0.00019994708953155298
-3664666.4666466694,0.000200091855050161
-3664386.438643869,0.00020023573227019844
-3664106.4106410686,0.00020037867508158663
-3663826.382638268,0.00020052063782895186
-3663546.3546354678,0.0002006615753238118
-3663266.326632668,0.00020080144285658256
-3662986.2986298674,0.00020094019620840335
-3662706.2706270674,0.0002010777916627731
-3662426.242624267,0.00020121418601700168
-3662146.2146214666,0.000201349336593466
-3661866.186618666,0.00020148320125067484
-3661586.1586158657,0.0002016157383941355
-3661306.130613066,0.0002017469069870208
-3661026.1026102654,0.0002018766665606356
-3660746.0746074654,0.00020200497722467665
-3660466.046604665,0.00020213179967728845
-3660186.0186018646,0.00020225709521490753
-3659905.990599064,0.00020238082574189717
-3659625.9625962637,0.0002025029537799681
-3659345.934593464,0.0002026234424773837
-3659065.906590664,0.00020274225561794793
-3658785.8785878634,0.00020285935762977332
-3658505.850585063,0.00020297471359382745
-3658225.8225822626,0.0002030882892522569
-3657945.794579462,0.0002032000510164859
-3657665.766576662,0.00020330996597508813
-3657385.738573862,0.00020341800190143118
-3657105.710571062,0.0002035241272610895
-3656825.6825682614,0.0002036283112190286
-3656545.654565461,0.00020373052364655407
-3656265.6265626606,0.00020383073512802877
-3655985.59855986,0.00020392891696735388
-3655705.57055706,0.00020402504119421377
-3655425.54255426,0.00020411908057008395
-3655145.51455146,0.00020421100859399998
-3654865.4865486594,0.00020430079950808705
-3654585.458545859,0.00020438842830284993
-3654305.4305430586,0.00020447387072222156
-3654025.4025402586,0.00020455710326836962
-3653745.374537458,0.0002046381032062616
-3653465.346534658,0.0002047168485679853
-3653185.318531858,0.00020479331815682783
-3652905.2905290574,0.00020486749155110886
-3652625.262526257,0.00020493934910777083
-3652345.2345234565,0.00020500887196572425
-3652065.2065206566,0.00020507604204894774
-3651785.178517856,0.00020514084206934435
-3651505.150515056,0.00020520325552935114
-3651225.122512256,0.00020526326672430574
-3650945.0945094554,0.00020532086074456622
-3650665.066506655,0.0002053760234773875
-3650385.0385038545,0.00020542874160855255
-3650105.0105010546,0.0002054790026237596
-3649824.9824982546,0.00020552679480976554
-3649544.954495454,0.00020557210725528547
-3649264.926492654,0.00020561492985164955
-3648984.8984898534,0.0002056552532932177
-3648704.870487053,0.00020569306907755212
-3648424.842484253,0.00020572836950534908
-3648144.8144814526,0.00020576114768013052
-3647864.7864786526,0.0002057913975076958
-3647584.758475852,0.00020581911369533552
-3647304.730473052,0.00020584429175080754
-3647024.7024702514,0.0002058669279810765
-3646744.674467451,0.0002058870194908182
-3646464.646464651,0.00020590456418068971
-3646184.618461851,0.0002059195607453667
-3645904.5904590506,0.00020593200867134888
-3645624.56245625,0.00020594190823453558
-3645344.53445345,0.00020594926049757225
-3645064.5064506494,0.00020595406730697003
-3644784.4784478494,0.0002059563312899992
-3644504.450445049,0.00020595605585135894
-3644224.422442249,0.00020595324516962444
-3643944.3944394486,0.0002059479041934734
-3643664.366436648,0.00020594003863769384
-3643384.3384338478,0.0002059296549789748
-3643104.3104310473,0.00020591676045148198
-3642824.2824282474,0.00020590136304222053
-3642544.254425447,0.00020588347148618654
-3642264.226422647,0.0002058630952613098
-3641984.1984198466,0.0002058402445831897
-3641704.170417046,0.0002058149303996265
-3641424.1424142458,0.00020578716438495072
-3641144.1144114453,0.0002057569589341517
-3640864.0864086454,0.0002057243271568095
-3640584.0584058454,0.00020568928287083068
-3640304.030403045,0.00020565184059599196
-3640024.0024002446,0.00020561201554729358
-3639743.974397444,0.00020556982362812453
-3639463.9463946437,0.00020552528142324332
-3639183.918391844,0.00020547840619157589
-3638903.8903890434,0.00020542921585883385
-3638623.8623862434,0.00020537772900995627
-3638343.834383443,0.0002053239648813765
-3638063.8063806426,0.00020526794335311847
-3637783.778377842,0.00020520968494072407
-3637503.7503750417,0.00020514921078701491
-3637223.722372242,0.00020508654265369205
-3636943.6943694414,0.00020502170291277521
-3636663.6663666414,0.0002049547145378869
-3636383.638363841,0.00020488560109538132
-3636103.6103610406,0.00020481438673532445
-3635823.58235824,0.0002047410961823261
-3635543.55435544,0.00020466575472622816
-3635263.52635264,0.00020458838821265144
-3634983.49834984,0.00020450902303340647
-3634703.4703470394,0.00020442768611676795
-3634423.442344239,0.00020434440491762002
-3634143.4143414386,0.00020425920740747283
-3633863.386338638,0.00020417212206435485
-3633583.358335838,0.0002040831778625849
-3633303.330333038,0.0002039924042624255
-3633023.302330238,0.00020389983119962392
-3632743.2743274374,0.0002038054890748405
-3632463.246324637,0.00020370940874297195
-3632183.2183218366,0.00020361162150236932
-3631903.190319036,0.00020351215908395693
-3631623.162316236,0.00020341105364025442
-3631343.134313436,0.00020330833773430534
-3631063.106310636,0.0002032040443285171
-3630783.0783078354,0.00020309820677341526
-3630503.050305035,0.00020299085879631445
-3630223.0223022345,0.00020288203448991173
-3629942.9942994346,0.00020277176830080492
-3629662.966296634,0.00020266009501793857
-3629382.938293834,0.00020254704976098456
-3629102.910291034,0.00020243266796865573
-3628822.8822882334,0.00020231698538696218
-3628542.854285433,0.00020220003805740877
-3628262.8262826325,0.0002020818623051409
-3627982.7982798326,0.00020196249472704067
-3627702.770277032,0.00020184197217977675
-3627422.742274232,0.0002017203317678148
-3627142.714271432,0.00020159761083138637
-3626862.6862686314,0.00020147384693442656
-3626582.658265831,0.0002013490778524789
-3626302.6302630305,0.00020122334156057393
-3626022.6022602306,0.00020109667622108466
-3625742.5742574306,0.0002009691201715615
-3625462.54625463,0.00020084071191255225
-3625182.51825183,0.00020071149009540988
-3624902.4902490294,0.00020058149351009056
-3624622.462246229,0.0002004507610729479
-3624342.434243429,0.0002003193318145254
-3624062.4062406286,0.00020018724486735087
-3623782.3782378286,0.0002000545394537386
-3623502.350235028,0.00019992125487359837
-3623222.322232228,0.00019978743049226083
-3622942.2942294274,0.00019965310572831718
-3622662.266226627,0.00019951832004148058
-3622382.238223827,0.00019938311292047147
-3622102.210221027,0.0001992475238709295
-3621822.1822182266,0.0001991115924033577
-3621542.154215426,0.0001989753580211012
-3621262.1262126258,0.00019883886020836283
-3620982.0982098253,0.00019870213841826132
-3620702.0702070254,0.0001985652320609342
-3620422.042204225,0.00019842818049168828
-3620142.014201425,0.00019829102299920415
-3619861.9861986246,0.00019815379879379254
-3619581.958195824,0.0001980165469957127
-3619301.9301930238,0.00019787930662354994
-3619021.9021902233,0.0001977421165826594
-3618741.8741874234,0.00019760501565367852
-3618461.846184623,0.00019746804248110968
-3618181.818181823,0.0001973312355619801
-3617901.7901790226,0.00019719463323457663
-3617621.762176222,0.0001970582736672649
-3617341.7341734217,0.00019692219484739024
-3617061.7061706213,0.00019678643457026685
-3616781.6781678214,0.00019665103042825776
-3616501.6501650214,0.00019651601979994658
-3616221.622162221,0.0001963814398394075
-3615941.5941594206,0.0001962473274655738
-3615661.56615662,0.00019611371935170763
-3615381.5381538197,0.0001959806519149759
-3615101.51015102,0.00019584816130613353
-3614821.4821482194,0.00019571628339931665
-3614541.4541454194,0.00019558505378195097
-3614261.426142619,0.0001954545077447734
-3613981.3981398186,0.00019532468027197504
-3613701.370137018,0.00019519560603146362
-3613421.3421342177,0.00019506731936525033
-3613141.314131418,0.00019493985427996313
-3612861.286128618,0.0001948132444374881
-3612581.2581258174,0.00019468752314574323
-3612301.230123017,0.00019456272334958508
-3612021.2021202166,0.00019443887762185145
-3611741.174117416,0.00019431601815454217
-3611461.146114616,0.0001941941767501409
-3611181.118111816,0.00019407338481307828
-3610901.090109016,0.00019395367334134245
-3610621.0621062154,0.00019383507291823314
-3610341.034103415,0.00019371761370426798
-3610061.0061006146,0.00019360132542923736
-3609780.978097814,0.00019348623738441333
-3609500.950095014,0.00019337237841491326
-3609220.9220922138,0.00019325977691221925
-3608940.894089414,0.0001931484608068579
-3608660.8660866134,0.00019303845756123755
-3608380.838083813,0.00019292979416265024
-3608100.8100810125,0.00019282249711643498
-3607820.782078212,0.0001927165924393071
-3607540.754075412,0.00019261210565285424
-3607260.726072612,0.00019250906177719967
-3606980.698069812,0.00019240748532483608
-3606700.6700670114,0.00019230740029462995
-3606420.642064211,0.00019220883016599763
-3606140.6140614105,0.00019211179789325534
-3605860.5860586106,0.00019201632590014372
-3605580.55805581,0.00019192243607452756
-3605300.53005301,0.00019183014976327406
-3605020.50205021,0.00019173948776730654
-3604740.4740474094,0.00019165047033683965
-3604460.446044609,0.0001915631171667923
-3604180.4180418085,0.00019147744739238248
-3603900.3900390086,0.00019139347958490306
-3603620.3620362086,0.00019131123174767986
-3603340.334033408,0.00019123072131221286
-3603060.306030608,0.00019115196513450118
-3602780.2780278074,0.0001910749794915517
-3602500.250025007,0.00019099978007807263
-3602220.222022207,0.00019092638200335246
-3601940.1940194066,0.0001908547997883238
-3601660.1660166066,0.0001907850473628145
-3601380.138013806,0.0001907171380629834
-3601100.110011006,0.00019065108462894403
-3600820.0820082054,0.00019058689920257394
-3600540.054005405,0.0001905245933255114
-3600260.026002605,0.00019046417793733907
-3599979.9979998046,0.0001904056633739539
-3599699.9699970046,0.00019034905936612516
-3599419.941994204,0.00019029437503823783
-3599139.9139914038,0.000190241618907224
-3598859.8859886033,0.00019019079888167977
-3598579.857985803,0.0001901419222611688
-3598299.829983003,0.00019009499573571182
-3598019.801980203,0.0001900500253854612
-3597739.7739774026,0.0001900070166805612
-3597459.745974602,0.00018996597448119282
-3597179.7179718018,0.00018992690303780245
-3596899.6899690013,0.00018988980599151417
-3596619.6619662014,0.0001898546863747252
-3596339.633963401,0.00018982154661188315
-3596059.605960601,0.00018979038852044548
-3595779.5779578006,0.0001897612133120187
-3595499.549955,0.0001897340215936784
-3595219.5219521997,0.00018970881336946764
-3594939.4939493993,0.00018968558804207346
-3594659.4659465994,0.0001896643444146807
-3594379.437943799,0.00018964508069300138
-3594099.409940999,0.00018962779448747965
-3593819.3819381986,0.00018961248281566955
-3593539.353935398,0.0001895991421047863
-3593259.3259325977,0.00018958776819442833
-3592979.297929798,0.0001895783563394695
-3592699.2699269974,0.00018957090121312002
-3592419.2419241974,0.00018956539691015485
-3592139.213921397,0.0001895618369503077
-3591859.1859185966,0.00018956021428182974
-3591579.157915796,0.0001895605212852111
-3591299.1299129957,0.00018956274977706357
-3591019.101910196,0.00018956689101416347
-3590739.0739073954,0.00018957293569765206
-3590459.0459045954,0.00018958087397739277
-3590179.017901795,0.00018959069545648294
-3589898.9898989946,0.0001896023891959183
-3589618.961896194,0.00018961594371940898
-3589338.9338933937,0.0001896313470183441
-3589058.905890594,0.0001896485865569041
-3588778.877887794,0.00018966764927731854
-3588498.8498849934,0.00018968852160526696
-3588218.821882193,0.00018971118945542125
-3587938.7938793926,0.00018973563823712752
-3587658.765876592,0.00018976185286022508
-3587378.737873792,0.0001897898177410007
-3587098.7098709918,0.00018981951680827573
-3586818.681868192,0.000189850933509624
-3586538.6538653914,0.00018988405081771847
-3586258.625862591,0.00018991885123680413
-3585978.5978597905,0.00018995531680929476
-3585698.56985699,0.00018999342912249175
-3585418.54185419,0.00019003316931542194
-3585138.5138513898,0.00019007451808579295
-3584858.48584859,0.0001901174556970624
-3584578.4578457894,0.00019016196198562007
-3584298.429842989,0.0001902080163680791
-3584018.4018401885,0.00019025559784867471
-3583738.373837388,0.00019030468502676784
-3583458.345834588,0.00019035525610445043
-3583178.317831788,0.00019040728889425094
-3582898.289828988,0.00019046076082693638
-3582618.2618261874,0.00019051564895940874
-3582338.233823387,0.00019057192998269375
-3582058.2058205865,0.00019062958023001832
-3581778.1778177866,0.00019068857568497446
-3581498.149814986,0.00019074889198976766
-3581218.121812186,0.00019081050445354493
-3580938.093809386,0.00019087338806080315
-3580658.0658065854,0.00019093751747987115
-3580378.037803785,0.000191002867071466
-3580098.0098009845,0.00019106941089731884
-3579817.9817981846,0.0001911371227288681
-3579537.9537953846,0.0001912059760560176
-3579257.925792584,0.00019127594409595587
-3578977.897789784,0.00019134699980203452
-3578697.8697869834,0.00019141911587270286
-3578417.841784183,0.00019149226476049603
-3578137.813781383,0.0001915664186810728
-3577857.7857785826,0.00019164154962230193
-3577577.7577757826,0.0001917176293533918
-3577297.729772982,0.00019179462943406375
-3577017.701770182,0.00019187252122376255
-3576737.6737673813,0.00019195127589090422
-3576457.645764581,0.00019203086442215638
-3576177.617761781,0.00019211125763174929
-3575897.5897589806,0.00019219242617081459
-3575617.5617561806,0.0001922743405367474
-3575337.53375338,0.00019235697108259197
-3575057.5057505798,0.0001924402880264442
-3574777.4777477793,0.0001925242614608715
-3574497.449744979,0.0001926088613623451
-3574217.421742179,0.0001926940576006826
-3573937.393739379,0.0001927798199484981
-3573657.3657365786,0.00019286611809065637
-3573377.337733778,0.00019295292163372854
-3573097.3097309778,0.00019304020011544704
-3572817.2817281773,0.00019312792301415607
-3572537.2537253774,0.00019321605975825522
-3572257.225722577,0.0001933045797356336
-3571977.197719777,0.0001933934523030904
-3571697.1697169766,0.0001934826467957417
-3571417.141714176,0.0001935721325364072
-3571137.1137113757,0.00019366187884497775
-3570857.0857085753,0.00019375185504775795
-3570577.0577057754,0.00019384203048678265
-3570297.0297029754,0.00019393237452910485
-3570017.001700175,0.00019402285657605067
-3569736.9736973746,0.0001941134460724399
-3569456.945694574,0.0001942041125157699
-3569176.9176917737,0.00019429482546535887
-3568896.889688974,0.00019438555455144656
-3568616.8616861734,0.00019447626948425038
-3568336.8336833734,0.00019456694006297215
-3568056.805680573,0.00019465753618475623
-3567776.7776777726,0.00019474802785359293
-3567496.749674972,0.00019483838518916742
-3567216.7216721717,0.00019492857843565034
-3566936.693669372,0.0001950185779704271
-3566656.6656665714,0.00019510835431276564
-3566376.6376637714,0.00019519787813241645
-3566096.609660971,0.00019528712025814718
-3565816.5816581706,0.00019537605168620437
-3565536.55365537,0.00019546464358870448
-3565256.5256525697,0.00019555286732194884
-3564976.4976497698,0.00019564069443466132
-3564696.46964697,0.00019572809667614703
-3564416.4416441694,0.0001958150460043681
-3564136.413641369,0.00019590151459393572
-3563856.3856385686,0.00019598747484401627
-3563576.357635768,0.0001960728993861485
-3563296.329632968,0.00019615776109197018
-3563016.3016301678,0.00019624203308085257
-3562736.273627368,0.0001963256887274387
-3562456.2456245674,0.00019640870166908684
-3562176.217621767,0.00019649104581321336
-3561896.1896189665,0.00019657269534453572
-3561616.161616166,0.00019665362473221299
-3561336.133613366,0.0001967338087368809
-3561056.105610566,0.0001968132224175816
-3560776.077607766,0.00019689184113858422
-3560496.0496049654,0.00019696964057609544
-3560216.021602165,0.00019704659672485902
-3559935.9935993645,0.00019712268590464126
-3559655.9655965646,0.0001971978847666012
-3559375.937593764,0.000197272170299545
-3559095.909590964,0.00019734551983606019
-3558815.881588164,0.00019741791105853205
-3558535.8535853634,0.00019748932200503683
-3558255.825582563,0.00019755973107511316
-3557975.7975797625,0.00019762911703540866
-3557695.7695769626,0.00019769745902520087
-3557415.741574162,0.00019776473656179163
-3557135.713571362,0.00019783092954577178
-3556855.685568562,0.00019789601826615812
-3556575.6575657614,0.00019795998340539753
-3556295.629562961,0.00019802280604424059
-3556015.6015601605,0.00019808446766648134
-3555735.5735573606,0.00019814495016356253
-3555455.5455545606,0.0001982042358390465
-3555175.51755176,0.0001982623074129487
-3554895.48954896,0.00019831914802593417
-3554615.4615461593,0.00019837474124337633
-3554335.433543359,0.00019842907105927613
-3554055.405540559,0.00019848212190004145
-3553775.3775377586,0.00019853387862812602
-3553495.3495349586,0.0001985843265455262
-3553215.321532158,0.0001986334513971365
-3552935.2935293578,0.00019868123937396144
-3552655.2655265573,0.00019872767711618457
-3552375.237523757,0.00019877275171609324
-3552095.209520957,0.00019881645072085874
-3551815.1815181565,0.00019885876213517203
-3551535.1535153566,0.0001988996744237329
-3551255.125512556,0.00019893917651359465
-3550975.0975097558,0.00019897725779636144
-3550695.0695069553,0.00019901390813023995
-3550415.0415041554,0.00019904911784194396
-3550135.013501355,0.00019908287772845223
-3549854.985498555,0.00019911517905861874
-3549574.9574957546,0.00019914601357463662
-3549294.929492954,0.0001991753734933539
-3549014.9014901537,0.00019920325150744232
-3548734.8734873533,0.00019922964078641906
-3548454.8454845534,0.0001992545349775206
-3548174.817481753,0.00019927792820643016
-3547894.789478953,0.00019929981507785743
-3547614.7614761526,0.000199320190675972
-3547334.733473352,0.0001993390505646899
-3547054.7054705517,0.00019935639078781382
-3546774.6774677513,0.00019937220786902764
-3546494.6494649514,0.00019938649881174494
-3546214.6214621514,0.0001993992610988126
-3545934.593459351,0.00019941049269206932
-3545654.5654565506,0.00019942019203176
-3545374.53745375,0.00019942835803580646
-3545094.5094509497,0.0001994349900989348
-3544814.48144815,0.00019944008809166022
-3544534.4534453494,0.00019944365235913003
-3544254.4254425494,0.0001994456837198253
-3543974.397439749,0.00019944618346412214
-3543694.3694369486,0.0001994451533527132
-3543414.341434148,0.00019944259561489042
-3543134.3134313477,0.00019943851294668954
-3542854.2854285478,0.00019943290850889776
-3542574.2574257473,0.00019942578592492492
-3542294.2294229474,0.00019941714927853974
-3542014.201420147,0.0001994070031114717
-3541734.1734173466,0.00019939535242087983
-3541454.145414546,0.00019938220265668945
-3541174.1174117457,0.00019936755971879797
-3540894.0894089458,0.00019935142995415096
-3540614.061406146,0.00019933382015368956
-3540334.0334033454,0.00019931473754917069
-3540054.005400545,0.00019929418980986114
-3539773.9773977445,0.000199272185039107
-3539493.949394944,0.00019924873177077938
-3539213.921392144,0.0001992238389655986
-3538933.8933893437,0.00019919751600733712
-3538653.865386544,0.00019916977269890398
-3538373.8373837434,0.0001991406192583108
-3538093.809380943,0.00019911006631452232
-3537813.7813781425,0.00019907812490319154
-3537533.753375342,0.0001990448064622823
-3537253.725372542,0.00019901012282758004
-3536973.697369742,0.00019897408622809268
-3536693.669366942,0.00019893670928134352
-3536413.6413641414,0.00019889800498855737
-3536133.613361341,0.00019885798672974192
-3535853.5853585405,0.0001988166682586659
-3535573.5573557406,0.00019877406369773625
-3535293.52935294,0.000198730187532775
-3535013.50135014,0.0001986850546076998
-3534733.47334734,0.00019863868011910682
-3534453.4453445394,0.00019859107961076115
-3534173.417341739,0.0001985422689679944
-3533893.3893389385,0.00019849226441201202
-3533613.3613361386,0.00019844108249411277
-3533333.333333338,0.00019838874008982127
-3533053.305330538,0.00019833525439293728
-3532773.277327738,0.00019828064290950122
-3532493.2493249374,0.00019822492345168095
-3532213.221322137,0.00019816811413157897
-3531933.1933193365,0.0001981102333549643
-3531653.1653165366,0.00019805129981492991
-3531373.1373137366,0.0001979913324854779
-3531093.109310936,0.0001979303506150352
-3530813.0813081358,0.00019786837371990157
-3530533.0533053353,0.00019780542157763132
-3530253.025302535,0.00019774151422035223
-3529972.997299735,0.00019767667192802283
-3529692.9692969345,0.00019761091522163028
-3529412.9412941346,0.0001975442648563324
-3529132.913291334,0.0001974767418145433
-3528852.8852885338,0.0001974083672989684
-3528572.8572857333,0.00019733916272558777
-3528292.829282933,0.00019726914971659207
-3528012.801280133,0.00019719835009327261
-3527732.773277333,0.00019712678586886786
-3527452.7452745326,0.0001970544792413687
-3527172.717271732,0.00019698145258628517
-3526892.6892689317,0.00019690772844937582
-3526612.6612661313,0.00019683332953934302
-3526332.6332633314,0.0001967582787204964
-3526052.605260531,0.00019668259900538566
-3525772.577257731,0.00019660631354740732
-3525492.5492549306,0.00019652944563338442
-3525212.52125213,0.0001964520186761252
-3524932.4932493297,0.0001963740562069597
-3524652.4652465293,0.00019629558186825885
-3524372.4372437294,0.00019621661940593752
-3524092.409240929,0.00019613719266194327
-3523812.381238129,0.00019605732556673505
-3523532.3532353286,0.00019597704213175112
-3523252.325232528,0.00019589636644187186
-3522972.2972297277,0.00019581532264787707
-3522692.2692269273,0.00019573393495890133
-3522412.2412241274,0.00019565222763488974
-3522132.2132213274,0.0001955702249790555
-3521852.185218527,0.00019548795133034286
-3521572.1572157266,0.0001954054310558968
-3521292.129212926,0.00019532268854354162
-3521012.1012101257,0.00019523974819427115
-3520732.073207326,0.00019515663441475314
-3520452.0452045253,0.00019507337160984832
-3520172.0172017254,0.00019498998417514976
-3519891.989198925,0.0001949064964895401
-3519611.9611961246,0.0001948229329077738
-3519331.933193324,0.0001947393177530824
-3519051.9051905237,0.00019465567530980752
-3518771.8771877238,0.00019457202981606325
-3518491.849184924,0.0001944884054564289
-3518211.8211821234,0.00019440482635467608
-3517931.793179323,0.0001943213165665315
-3517651.7651765225,0.00019423790007247645
-3517371.737173722,0.00019415460077058672
-3517091.709170922,0.00019407144246941452
-3516811.6811681218,0.00019398844888091342
-3516531.653165322,0.00019390564361341074
-3516251.6251625214,0.00019382305016462607
-3515971.597159721,0.00019374069191474154
-3515691.5691569205,0.0001936585921195228
-3515411.54115412,0.0001935767739034943
-3515131.51315132,0.00019349526025317076
-3514851.4851485197,0.00019341407401034545
-3514571.45714572,0.0001933332378654399
-3514291.4291429194,0.00019325277435091294
-3514011.401140119,0.0001931727058347352
-3513731.3731373185,0.00019309305451392758
-3513451.345134518,0.00019301384240816722
-3513171.317131718,0.00019293509135346227
-3512891.289128918,0.00019285682299589692
-3512611.261126118,0.00019277905878544943
-3512331.2331233174,0.00019270181996988378
-3512051.205120517,0.00019262512758871702
-3511771.1771177165,0.00019254900246726394
-3511491.1491149166,0.000192473465210761
-3511211.121112116,0.00019239853619857026
-3510931.093109316,0.00019232423557846677
-3510651.065106516,0.00019225058326100765
-3510371.0371037154,0.0001921775989139886
-3510091.009100915,0.00019210530195698552
-3509810.9810981145,0.00019203371155598477
-3509530.9530953146,0.00019196284661810348
-3509250.925092514,0.00019189272578639982
-3508970.897089714,0.00019182336743477706
-3508690.8690869138,0.0001917547896629796
-3508410.8410841133,0.00019168701029168578
-3508130.813081313,0.00019162004685769533
-3507850.785078513,0.00019155391660921565
-3507570.7570757126,0.0001914886365012454
-3507290.7290729126,0.00019142422319105967
-3507010.701070112,0.00019136069303379448
-3506730.6730673118,0.00019129806207813472
-3506450.6450645113,0.00019123634606210444
-3506170.617061711,0.00019117556040896194
-3505890.589058911,0.00019111572022319969
-3505610.5610561105,0.0001910568402866505
-3505330.5330533106,0.0001909989350547017
-3505050.50505051,0.0001909420186526157
-3504770.4770477097,0.00019088610487196157
-3504490.4490449093,0.00019083120716715456
-3504210.421042109,0.0001907773386521073
-3503930.393039309,0.00019072451209699217
-3503650.365036509,0.00019067273992511512
-3503370.3370337086,0.00019062203420990302
-3503090.309030908,0.0001905724066720044
-3502810.2810281077,0.00019052386867650362
-3502530.2530253073,0.0001904764312302502
-3502250.2250225074,0.00019043010497930333
-3501970.197019707,0.0001903849002064915
-3501690.169016907,0.0001903408268290895
-3501410.1410141066,0.00019029789439661062
-3501130.113011306,0.00019025611208871708
-3500850.0850085057,0.0001902154887132472
-3500570.0570057053,0.00019017603270436048
-3500290.0290029054,0.00019013775212080078
-3500010.001000105,0.00019010065464427766
-3499729.972997305,0.00019006474757796656
-3499449.9449945046,0.0001900300378451272
-3499169.916991704,0.00018999653198784148
-3498889.8889889037,0.00018996423616586975
-3498609.8609861033,0.00018993315615562656
-3498329.8329833033,0.0001899032973492754
-3498049.8049805034,0.0001898746647539424
-3497769.776977703,0.00018984726299104947
-3497489.7489749026,0.00018982109629576613
-3497209.720972102,0.00018979616851658062
-3496929.6929693017,0.0001897724831149894
-3496649.6649665018,0.0001897500431653056
-3496369.6369637013,0.00018972885135458558
-3496089.6089609014,0.0001897089099826743
-3495809.580958101,0.00018969022096236758
-3495529.5529553005,0.00018967278581969303
-3495249.5249525,0.0001896566056943074
-3494969.4969496997,0.00018964168134001126
-3494689.4689468998,0.00018962801312537997
-3494409.4409441,0.0001896156010345105
-3494129.4129412994,0.00018960444466788418
-3493849.384938499,0.00018959454324334396
-3493569.3569356985,0.00018958589559718648
-3493289.328932898,0.0001895785001853678
-3493009.300930098,0.0001895723550848224
-3492729.2729272977,0.0001895674579948949
-3492449.244924498,0.0001895638062388835
-3492169.2169216974,0.00018956139676569472
-3491889.188918897,0.00018956022615160858
-3491609.1609160965,0.00018956029060215347
-3491329.132913296,0.0001895615859540897
-3491049.104910496,0.00018956410767750139
-3490769.0769076957,0.00018956785087799507
-3490489.048904896,0.000189572810299005
-3490209.0209020954,0.00018957898032420333
-3489928.992899295,0.00018958635498001492
-3489648.9648964945,0.00018959492793823533
-3489368.936893694,0.00018960469251875123
-3489088.908890894,0.00018961564169236208
-3488808.880888094,0.0001896277680837019
-3488528.852885294,0.0001896410639742603
-3488248.8248824934,0.0001896555213055012
-3487968.796879693,0.0001896711316820787
-3487688.7688768925,0.00018968788637514818
-3487408.7408740926,0.00018970577632577203
-3487128.712871292,0.0001897247921484186
-3486848.684868492,0.00018974492413455265
-3486568.6568656918,0.00018976616225631682
-3486288.6288628913,0.00018978849617030206
-3486008.600860091,0.0001898119152214062
-3485728.5728572905,0.00018983640844677898
-3485448.5448544906,0.0001898619645798523
-3485168.5168516906,0.00018988857205445433
-3484888.48884889,0.00018991621900900574
-3484608.4608460898,0.00018994489329079704
-3484328.4328432893,0.00018997458246034515
-3484048.404840489,0.00019000527379582814
-3483768.376837689,0.00019003695429759598
-3483488.3488348885,0.00019006961069275682
-3483208.3208320886,0.00019010322943983557
-3482928.292829288,0.00019013779673350545
-3482648.2648264877,0.0001901732985093884
-3482368.2368236873,0.00019020972044892515
-3482088.208820887,0.00019024704798431137
-3481808.180818087,0.0001902852663034996
-3481528.1528152865,0.00019032436035526471
-3481248.1248124866,0.00019036431485433075
-3480968.096809686,0.000190405114286559
-3480688.0688068857,0.0001904467429141935
-3480408.0408040853,0.0001904891847811642
-3480128.012801285,0.00019053242371844478
-3479847.984798485,0.00019057644334946372
-3479567.956795685,0.00019062122709556756
-3479287.9287928846,0.00019066675818153313
-3479007.900790084,0.00019071301964112812
-3478727.8727872837,0.00019075999432271814
-3478447.8447844833,0.00019080766489491783
-3478167.8167816834,0.00019085601385228481
-3477887.788778883,0.00019090502352105446
-3477607.760776083,0.0001909546760649131
-3477327.7327732826,0.00019100495349080925
-3477047.704770482,0.00019105583765479915
-3476767.6767676817,0.00019110731026792643
-3476487.6487648813,0.0001911593529021331
-3476207.6207620814,0.0001912119469962
-3475927.592759281,0.00019126507386171563
-3475647.564756481,0.00019131871468907027
-3475367.5367536806,0.00019137285055347486
-3475087.50875088,0.00019142746242100132
-3474807.4807480797,0.00019148253115464393
-3474527.4527452798,0.0001915380375203985
-3474247.4247424793,0.0001915939621933589
-3473967.3967396794,0.00019165028576382704
-3473687.368736879,0.00019170698874343693
-3473407.3407340785,0.00019176405157128853
-3473127.312731278,0.00019182145462009125
-3472847.2847284777,0.00019187917820231437
-3472567.2567256778,0.00019193720257634246
-3472287.2287228773,0.00019199550795263482
-3472007.2007200774,0.00019205407449988514
-3471727.172717277,0.0001921128823511823
-3471447.1447144765,0.00019217191161016744
-3471167.116711676,0.00019223114235718776
-3470887.0887088757,0.00019229055465544401
-3470607.0607060757,0.00019235012855713015
-3470327.032703276,0.00019240984410956333
-3470047.0047004754,0.0001924696813613023
-3469766.976697675,0.000192529620368252
-3469486.9486948745,0.00019258964119975357
-3469206.920692074,0.00019264972394465697
-3468926.892689274,0.0001927098487173748
-3468646.8646864737,0.0001927699956639156
-3468366.836683674,0.00019283014496789395
-3468086.8086808734,0.0001928902768565178
-3467806.780678073,0.00019295037160654816
-3467526.7526752725,0.00019301040955023218
-3467246.724672472,0.00019307037108120626
-3466966.696669672,0.00019313023666036791
-3466686.6686668717,0.00019318998682171508
-3466406.640664072,0.00019324960217815
-3466126.6126612714,0.00019330906342724763
-3465846.584658471,0.00019336835135698522
-3465566.5566556705,0.00019342744685143268
-3465286.52865287,0.00019348633089640168
-3465006.50065007,0.0001935449845850511
-3464726.47264727,0.00019360338912344913
-3464446.44464447,0.00019366152583608773
-3464166.4166416693,0.00019371937617135022
-3463886.388638869,0.00019377692170692936
-3463606.3606360685,0.00019383414415519469
-3463326.3326332686,0.00019389102536850687
-3463046.304630468,0.0001939475473444792
-3462766.276627668,0.00019400369223118242
-3462486.2486248678,0.00019405944233229387
-3462206.2206220673,0.0001941147801121873
-3461926.192619267,0.00019416968820096386
-3461646.1646164665,0.0001942241493994212
-3461366.1366136665,0.00019427814668396043
-3461086.1086108666,0.00019433166321142947
-3460806.080608066,0.00019438468232390045
-3460526.0526052658,0.0001944371875533808
-3460246.0246024653,0.00019448916262645714
-3459965.996599665,0.000194540591468869
-3459685.968596865,0.0001945914582100131
-3459405.9405940645,0.00019464174718737578
-3459125.9125912646,0.00019469144295089199
-3458845.884588464,0.00019474053026723143
-3458565.8565856637,0.00019478899412400872
-3458285.8285828633,0.00019483681973391762
-3458005.800580063,0.00019488399253878803
-3457725.772577263,0.00019493049821356438
-3457445.7445744625,0.00019497632267020493
-3457165.7165716626,0.00019502145206149973
-3456885.688568862,0.00019506587278480836
-3456605.6605660617,0.00019510957148571404
-3456325.6325632613,0.000195152535061595
-3456045.604560461,0.00019519475066511157
-3455765.576557661,0.00019523620570760766
-3455485.548554861,0.0001952768878624267
-3455205.5205520606,0.00019531678506814045
-3454925.49254926,0.0001953558855316897
-3454645.4645464597,0.00019539417773143747
-3454365.4365436593,0.00019543165042013217
-3454085.4085408594,0.00019546829262778124
-3453805.380538059,0.00019550409366443408
-3453525.352535259,0.00019553904312287365
-3453245.3245324586,0.00019557313088121623
-3452965.296529658,0.00019560634710541868
-3452685.2685268577,0.00019563868225169246
-3452405.2405240573,0.00019567012706882438
-3452125.2125212573,0.0001957006726004027
-3451845.1845184574,0.00019573031018694923
-3451565.156515657,0.00019575903146795578
-3451285.1285128566,0.00019578682838382525
-3451005.100510056,0.00019581369317771713
-3450725.0725072557,0.00019583961839729635
-3450445.0445044558,0.0001958645968963856
-3450165.0165016553,0.00019588862183652118
-3449884.9884988554,0.00019591168668841083
-3449604.960496055,0.00019593378523329497
-3449324.9324932545,0.00019595491156420975
-3449044.904490454,0.0001959750600871524
-3448764.8764876537,0.0001959942255221489
-3448484.8484848537,0.0001960124029042229
-3448204.8204820533,0.0001960295875842672
-3447924.7924792534,0.00019604577522981624
-3447644.764476453,0.0001960609618257209
-3447364.7364736525,0.00019607514367472442
-3447084.708470852,0.00019608831739794045
-3446804.6804680517,0.00019610047993523275
-3446524.6524652517,0.0001961116285454966
-3446244.624462452,0.0001961217608068424
-3445964.5964596514,0.00019613087461668114
-3445684.568456851,0.00019613896819171232
-3445404.5404540505,0.00019614604006781424
-3445124.51245125,0.0001961520890998371
-3444844.48444845,0.00019615711446129897
-3444564.4564456497,0.00019616111564398506
-3444284.42844285,0.00019616409245745063
-3444004.4004400494,0.00019616604502842766
-3443724.372437249,0.00019616697380013594
-3443444.3444344485,0.00019616687953149888
-3443164.316431648,0.00019616576329626432
-3442884.288428848,0.00019616362648203103
-3442604.260426048,0.00019616047078918137
-3442324.232423248,0.0001961562982297202
-3442044.2044204473,0.00019615111112602132
-3441764.176417647,0.0001961449121094815
-3441484.1484148465,0.00019613770411908247
-3441204.1204120466,0.00019612949039986242
-3440924.092409246,0.00019612027450129654
-3440644.064406446,0.00019611006027558806
-3440364.0364036458,0.0001960988518758702
-3440084.0084008453,0.00019608665375431977
-3439803.980398045,0.00019607347066018311
-3439523.9523952445,0.00019605930763771538
-3439243.9243924445,0.00019604417002403381
-3438963.896389644,0.0001960280634468855
-3438683.868386844,0.00019601099382233144
-3438403.8403840438,0.00019599296735234648
-3438123.8123812433,0.00019597399052233722
-3437843.784378443,0.000195954070098578
-3437563.7563756425,0.00019593321312556624
-3437283.7283728425,0.00019591142692329815
-3437003.7003700426,0.00019588871908446563
-3436723.672367242,0.00019586509747157542
-3436443.6443644417,0.0001958405702139916
-3436163.6163616413,0.00019581514570490266
-3435883.588358841,0.0001957888325982135
-3435603.560356041,0.0001957616398053645
-3435323.5323532405,0.00019573357649207778
-3435043.5043504406,0.00019570465207503283
-3434763.47634764,0.00019567487621847122
-3434483.4483448397,0.0001956442588307334
-3434203.4203420393,0.0001956128100607271
-3433923.392339239,0.00019558054029432948
-3433643.364336439,0.00019554746015072402
-3433363.3363336385,0.00019551358047867324
-3433083.3083308386,0.00019547891235272921
-3432803.280328038,0.00019544346706938177
-3432523.2523252377,0.00019540725614314723
-3432243.2243224373,0.00019537029130259792
-3431963.1963196374,0.00019533258448633438
-3431683.168316837,0.00019529414783890086
-3431403.140314037,0.00019525499370664682
-3431123.1123112366,0.00019521513463353408
-3430843.084308436,0.0001951745833568926
-3430563.0563056357,0.0001951333528031251
-3430283.0283028353,0.0001950914560833625
-3430003.0003000353,0.00019504890648907176
-3429722.972297235,0.00019500571748761662
-3429442.944294435,0.00019496190271777445
-3429162.9162916346,0.0001949174759852083
-3428882.888288834,0.00019487245125789798
-3428602.8602860337,0.00019482684266152988
-3428322.8322832333,0.00019478066447484787
-3428042.8042804333,0.00019473393112496673
-3427762.7762776334,0.0001946866571826491
-3427482.748274833,0.00019463885735754825
-3427202.7202720325,0.00019459054649341765
-3426922.692269232,0.00019454173956328887
-3426642.6642664317,0.00019449245166461946
-3426362.6362636317,0.00019444269801441248
-3426082.6082608313,0.0001943924939443087
-3425802.5802580314,0.00019434185489565446
-3425522.552255231,0.0001942907964145438
-3425242.5242524305,0.00019423933414684062
-3424962.49624963,0.00019418748383317816
-3424682.4682468297,0.0001941352613039403
-3424402.4402440297,0.00019408268247422532
-3424122.4122412293,0.00019402976333879283
-3423842.3842384294,0.00019397651996699755
-3423562.356235629,0.00019392296849770867
-3423282.3282328285,0.0001938691251342195
-3423002.300230028,0.00019381500613914595
-3422722.2722272277,0.00019376062782931793
-3422442.2442244277,0.00019370600657066356
-3422162.216221628,0.0001936511587730885
-3421882.1882188274,0.00019359610088535184
-3421602.160216027,0.0001935408493899407
-3421322.1322132265,0.00019348542079794325
-3421042.104210426,0.0001934298316439244
-3420762.076207626,0.00019337409848080327
-3420482.0482048257,0.00019331823787473526
-3420202.020202026,0.0001932622664000009
-3419921.9921992254,0.00019320620063390068
-3419641.964196425,0.00019315005715166028
-3419361.9361936245,0.0001930938525213456
-3419081.908190824,0.00019303760329878998
-3418801.880188024,0.00019298132602253525
-3418521.852185224,0.00019292503720878755
-3418241.8241824238,0.00019286875334639008
-3417961.7961796233,0.00019281249089181404
-3417681.768176823,0.00019275626626416893
-3417401.7401740225,0.0001927000958402341
-3417121.7121712225,0.00019264399594951288
-3416841.684168422,0.00019258798286931047
-3416561.656165622,0.00019253207281983827
-3416281.6281628218,0.00019247628195934372
-3416001.6001600213,0.00019242062637926996
-3415721.572157221,0.0001923651220994442
-3415441.5441544205,0.00019230978506329792
-3415161.5161516205,0.00019225463113311958
-3414881.48814882,0.0001921996760853409
-3414601.46014602,0.0001921449356058593
-3414321.4321432197,0.00019209042528539624
-3414041.4041404193,0.00019203616061489438
-3413761.376137619,0.00019198215698095343
-3413481.3481348185,0.00019192842966130738
-3413201.3201320185,0.00019187499382034327
-3412921.2921292186,0.00019182186450466328
-3412641.264126418,0.00019176905663869186
-3412361.2361236177,0.00019171658502032833
-3412081.2081208173,0.0001916644643166466
-3411801.180118017,0.00019161270905964303
-3411521.152115217,0.00019156133364203433
-3411241.1241124165,0.00019151035231310522
-3410961.0961096166,0.0001914597791746092
-3410681.068106816,0.00019140962817672092
-3410401.0401040157,0.00019135991311404398
-3410121.0121012153,0.00019131064762167318
-3409840.984098415,0.0001912618451713133
-3409560.956095615,0.00019121351906745552
-3409280.928092815,0.00019116568244361188
-3409000.9000900146,0.0001911183482586098
-3408720.872087214,0.00019107152929294702
-3408440.8440844137,0.00019102523814520762
-3408160.8160816133,0.00019097948722854118
-3407880.7880788133,0.0001909342887672049
-3407600.760076013,0.00019088965479317034
-3407320.732073213,0.00019084559714279583
-3407040.7040704126,0.00019080212745356426
-3406760.676067612,0.0001907592571608888
-3406480.6480648117,0.00019071699749498614
-3406200.6200620113,0.00019067535947781824
-3405920.5920592113,0.00019063435392010437
-3405640.564056411,0.00019059399141840248
-3405360.536053611,0.00019055428235226291
-3405080.5080508105,0.00019051523688145248
-3404800.48004801,0.00019047686494325254
-3404520.4520452097,0.00019043917624982928
-3404240.4240424093,0.0001904021802856782
-3403960.3960396093,0.00019036588630514333
-3403680.3680368094,0.00019033030333001112
-3403400.340034009,0.0001902954401471807
-3403120.3120312085,0.00019026130530641
-3402840.284028408,0.0001902279071181388
-3402560.2560256077,0.00019019525365138922
-3402280.2280228077,0.00019016335273174407
-3402000.2000200073,0.00019013221193940342
-3401720.1720172074,0.0001901018386073204
-3401440.144014407,0.00019007223981941525
-3401160.1160116065,0.0001900434224088703
-3400880.088008806,0.0001900153929565037
-3400600.0600060057,0.00018998815778922422
-3400320.0320032057,0.0001899617229785664
-3400040.004000406,0.00018993609433930664
-3399759.9759976054,0.00018991127742816046
-3399479.947994805,0.0001898872775425617
-3399199.9199920045,0.00018986409971952255
-3398919.891989204,0.00018984174873457616
-3398639.863986404,0.00018982022910080088
-3398359.8359836037,0.00018979954506792685
-3398079.807980804,0.000189779700621525
-3397799.7799780034,0.00018976069948227812
-3397519.751975203,0.00018974254510533477
-3397239.7239724025,0.0001897252406797454
-3396959.695969602,0.0001897087891279812
-3396679.667966802,0.00018969319310553528
-3396399.6399640017,0.00018967845500060648
-3396119.6119612018,0.00018966457693386576
-3395839.5839584013,0.00018965156075830442
-3395559.555955601,0.00018963940805916517
-3395279.5279528005,0.00018962812015395494
-3394999.49995,0.00018961769809253972
-3394719.4719472,0.00018960814265732122
-3394439.4439444,0.0001895994543634951
-3394159.4159415998,0.00018959163345939046
-3393879.3879387993,0.00018958467992689042
-3393599.359935999,0.00018957859348193372
-3393319.3319331985,0.00018957337357509643
-3393039.3039303985,0.0001895690193922542
-3392759.275927598,0.00018956552985532405
-3392479.247924798,0.00018956290362308594
-3392199.2199219977,0.000189561139092083
-3391919.1919191973,0.0001895602343976006
-3391639.163916397,0.0001895601874147238
-3391359.1359135965,0.000189560995759472
-3391079.1079107965,0.00018956265679001132
-3390799.079907996,0.00018956516760794352
-3390519.051905196,0.000189568525059671
-3390239.0239023957,0.00018957272573783747
-3389958.9958995953,0.00018957776598284388
-3389678.967896795,0.0001895836418844384
-3389398.939893995,0.00018959034928338065
-3389118.9118911945,0.0001895978837731787
-3388838.8838883946,0.00018960624070189888
-3388558.855885594,0.00018961541517404737
-3388278.8278827937,0.0001896254020525227
-3387998.7998799933,0.00018963619596063885
-3387718.771877193,0.00018964779128421806
-3387438.743874393,0.0001896601821737522
-3387158.7158715925,0.00018967336254663265
-3386878.6878687926,0.0001896873260894469
-3386598.659865992,0.00018970206626034246
-3386318.6318631917,0.00018971757629145542
-3386038.6038603913,0.0001897338491914044
-3385758.575857591,0.00018975087774784837
-3385478.547854791,0.00018976865453010694
-3385198.519851991,0.00018978717189184336
-3384918.4918491906,0.0001898064219738083
-3384638.46384639,0.0001898263967066436
-3384358.4358435897,0.0001898470878137458
-3384078.4078407893,0.00018986848681418742
-3383798.3798379893,0.00018989058502569563
-3383518.351835189,0.0001899133735676873
-3383238.323832389,0.0001899368433643589
-3382958.2958295885,0.00018996098514783088
-3382678.267826788,0.00018998578946134479
-3382398.2398239877,0.00019001124666251284
-3382118.2118211873,0.00019003734692661796
-3381838.1838183873,0.00019006408024996397
-3381558.155815587,0.00019009143645327443
-3381278.127812787,0.0001901194051851388
-3380998.0998099865,0.00019014797592550544
-3380718.071807186,0.0001901771379892196
-3380438.0438043857,0.00019020688052960575
-3380158.0158015853,0.00019023719254209265
-3379877.9877987853,0.00019026806286788036
-3379597.9597959854,0.00019029948019764787
-3379317.931793185,0.00019033143307529987
-3379037.9037903845,0.0001903639099017518
-3378757.875787584,0.00019039689893875187
-3378477.8477847837,0.00019043038831273874
-3378197.8197819837,0.00019046436601873355
-3377917.7917791833,0.0001904988199242655
-3377637.7637763834,0.00019053373777332865
-3377357.735773583,0.00019056910719037032
-3377077.7077707825,0.00019060491568430803
-3376797.679767982,0.0001906411506525752
-3376517.6517651817,0.00019067779938519326
-3376237.6237623817,0.00019071484906886947
-3375957.595759582,0.00019075228679111915
-3375677.5677567814,0.00019079009954441048
-3375397.539753981,0.0001908282742303312
-3375117.5117511805,0.0001908667976637753
-3374837.48374838,0.0001909056565771494
-3374557.45574558,0.00019094483762459587
-3374277.4277427797,0.00019098432738623333
-3373997.3997399798,0.0001910241123724111
-3373717.3717371793,0.0001910641790279785
-3373437.343734379,0.00019110451373656527
-3373157.3157315785,0.00019114510282487428
-3372877.287728778,0.00019118593256698318
-3372597.259725978,0.00019122698918865445
-3372317.2317231777,0.0001912682588716532
-3372037.2037203778,0.00019130972775806946
-3371757.1757175773,0.0001913513819546464
-3371477.147714777,0.00019139320753711007
-3371197.1197119765,0.00019143519055450197
-3370917.091709176,0.00019147731703351162
-3370637.063706376,0.00019151957298280806
-3370357.035703576,0.00019156194439736953
-3370077.0077007757,0.00019160441726280924
-3369796.9796979753,0.0001916469775596961
-3369516.951695175,0.0001916896112678699
-3369236.9236923745,0.00019173230437074835
-3368956.8956895745,0.0001917750428596256
-3368676.867686774,0.00019181781273796097
-3368396.839683974,0.0001918606000256553
-3368116.8116811737,0.00019190339076331596
-3367836.7836783733,0.0001919461710165067
-3367556.755675573,0.00019198892687998304
-3367276.7276727725,0.00019203164448191077
-3366996.6996699725,0.0001920743099880669
-3366716.6716671726,0.00019211690960602162
-3366436.643664372,0.0001921594295892996
-3366156.6156615717,0.00019220185624152037
-3365876.5876587713,0.00019224417592051535
-3365596.559655971,0.00019228637504242166
-3365316.531653171,0.00019232844008575014
-3365036.5036503705,0.00019237035759542758
-3364756.4756475706,0.00019241211418681063
-3364476.44764477,0.00019245369654967204
-3364196.4196419697,0.00019249509145215606
-3363916.3916391693,0.00019253628574470325
-3363636.363636369,0.00019257726636394328
-3363356.335633569,0.00019261802033655387
-3363076.3076307685,0.00019265853478308602
-3362796.2796279686,0.00019269879692175273
-3362516.251625168,0.00019273879407218216
-3362236.2236223677,0.00019277851365913219
-3361956.1956195673,0.00019281794321616662
-3361676.167616767,0.00019285707038929146
-3361396.139613967,0.00019289588294055016
-3361116.111611167,0.00019293436875157742
-3360836.0836083665,0.00019297251582710927
-3360556.055605566,0.00019301031229844985
-3360276.0276027657,0.00019304774642689302
-3359995.9995999653,0.00019308480660709822
-3359715.9715971653,0.00019312148137041934
-3359435.943594365,0.0001931577593881862
-3359155.915591565,0.00019319362947493654
-3358875.8875887645,0.00019322908059159948
-3358595.859585964,0.00019326410184862755
-3358315.8315831637,0.000193298682509078
-3358035.8035803633,0.00019333281199164167
-3357755.7755775633,0.00019336647987361883
-3357475.7475747634,0.00019339967589384127
-3357195.719571963,0.00019343238995553965
-3356915.6915691625,0.0001934646121291554
-3356635.663566362,0.00019349633265509645
-3356355.6355635617,0.00019352754194643617
-3356075.6075607617,0.0001935582305915544
-3355795.5795579613,0.0001935883893567205
-3355515.5515551614,0.00019361800918861653
-3355235.523552361,0.00019364708121680197
-3354955.4955495605,0.00019367559675611683
-3354675.46754676,0.00019370354730902437
-3354395.4395439597,0.00019373092456789227
-3354115.4115411597,0.0001937577204172113
-3353835.3835383593,0.00019378392693575143
-3353555.3555355594,0.0001938095363986545
-3353275.327532759,0.00019383454127946305
-3352995.2995299585,0.00019385893425208475
-3352715.271527158,0.00019388270819269224
-3352435.2435243577,0.00019390585618155715
-3352155.2155215577,0.00019392837150481883
-3351875.187518758,0.00019395024765618673
-3351595.1595159573,0.00019397147833857597
-3351315.131513157,0.00019399205746567622
-3351035.1035103565,0.00019401197916345297
-3350755.075507556,0.00019403123777158137
-3350475.047504756,0.00019404982784481186
-3350195.0195019557,0.00019406774415426766
-3349914.9914991558,0.0001940849816886733
-3349634.9634963553,0.0001941015356555148
-3349354.935493555,0.0001941174014821304
-3349074.9074907545,0.00019413257481673207
-3348794.879487954,0.0001941470515293577
-3348514.851485154,0.00019416082771275334
-3348234.8234823537,0.00019417389968318593
-3347954.7954795538,0.0001941862639811857
-3347674.7674767533,0.00019419791737221903
-3347394.739473953,0.00019420885684729068
-3347114.7114711525,0.00019421907962347608
-3346834.6834683525,0.00019422858314438346
-3346554.655465552,0.00019423736508054548
-3346274.627462752,0.0001942454233297407
-3345994.5994599517,0.00019425275601724496
-3345714.5714571513,0.00019425936149601236
-3345434.543454351,0.00019426523834678613
-3345154.5154515505,0.00019427038537813966
-3344874.4874487505,0.00019427480162644738
-3344594.45944595,0.0001942784863557859
-3344314.43144315,0.00019428143905776557
-3344034.4034403497,0.00019428365945129244
-3343754.3754375493,0.000194285147482261
-3343474.347434749,0.00019428590332317788
-3343194.3194319485,0.00019428592737271656
-3342914.2914291485,0.00019428522025520363
-3342634.2634263486,0.0001942837828200367
-3342354.235423548,0.0001942816161410342
-3342074.2074207477,0.0001942787215157176
-3341794.1794179473,0.00019427510046452626
-3341514.151415147,0.00019427075472996502
-3341234.123412347,0.00019426568627568556
-3340954.0954095465,0.0001942598972855011
-3340674.0674067466,0.00019425339016233554
-3340394.039403946,0.00019424616752710712
-3340114.0114011457,0.00019423823221754717
-3339833.9833983453,0.0001942295872869542
-3339553.955395545,0.00019422023600288438
-3339273.927392745,0.00019421018184577813
-3338993.8993899445,0.000194199428507524
-3338713.8713871446,0.0001941879798899602
-3338433.843384344,0.00019417584010331416
-3338153.8153815437,0.00019416301346458087
-3337873.7873787433,0.0001941495044958406
-3337593.759375943,0.00019413531792251658
-3337313.731373143,0.00019412045867157326
-3337033.703370343,0.0001941049318696559
-3336753.6753675425,0.00019408874284117185
-3336473.647364742,0.0001940718971063149
-3336193.6193619417,0.00019405440037903243
-3335913.5913591413,0.00019403625856493687
-3335633.5633563413,0.00019401747775916193
-3335353.535353541,0.00019399806424416413
-3335073.507350741,0.0001939780244874709
-3334793.4793479405,0.0001939573651393755
-3334513.45134514,0.00019393609303057995
-3334233.4233423397,0.0001939142151697865
-3333953.3953395393,0.0001938917387412387
-3333673.3673367393,0.00019386867110221263
-3333393.3393339394,0.00019384501978045947
-3333113.311331139,0.00019382079247159996
-3332833.2833283385,0.0001937959970364721
-3332553.255325538,0.0001937706414984321
-3332273.2273227377,0.0001937447340406106
-3331993.1993199377,0.00019371828300312422
-3331713.1713171373,0.00019369129688024352
-3331433.1433143374,0.00019366378431751903
-3331153.115311537,0.00019363575410886498
-3330873.0873087365,0.0001936072151936032
-3330593.059305936,0.00019357817665346667
-3330313.0313031357,0.00019354864770956498
-3330033.0033003357,0.00019351863771931204
-3329752.9752975353,0.00019348815617331662
-3329472.9472947353,0.0001934572126922384
-3329192.919291935,0.00019342581702360808
-3328912.8912891345,0.000193393979038615
-3328632.863286334,0.00019336170872886164
-3328352.8352835337,0.00019332901620308686
-3328072.8072807337,0.00019329591168385855
-3327792.7792779338,0.00019326240550423702
-3327512.7512751333,0.0001932285081044102
-3327232.723272333,0.00019319423002830147
-3326952.6952695325,0.0001931595819201514
-3326672.667266732,0.00019312457452107443
-3326392.639263932,0.00019308921866559168
-3326112.6112611317,0.00019305352527814064
-3325832.5832583318,0.00019301750536956377
-3325552.5552555313,0.00019298117003357546
-3325272.527252731,0.0001929445304432107
-3324992.4992499305,0.00019290759784725415
-3324712.47124713,0.00019287038356665287
-3324432.44324433,0.00019283289899091243
-3324152.41524153,0.00019279515557447797
-3323872.3872387297,0.0001927571648331017
-3323592.3592359293,0.00019271893834019757
-3323312.331233129,0.0001926804877231841
-3323032.3032303285,0.00019264182465981685
-3322752.2752275285,0.0001926029608745118
-3322472.247224728,0.0001925639081346601
-3322192.219221928,0.00019252467824693625
-3321912.1912191277,0.00019248528305359998
-3321632.1632163273,0.00019244573442879368
-3321352.135213527,0.00019240604427483597
-3321072.1072107265,0.00019236622451851296
-3320792.0792079265,0.0001923262871073681
-3320512.051205126,0.00019228624400599147
-3320232.023202326,0.00019224610719231115
-3319951.9951995257,0.00019220588865388505
-3319671.9671967253,0.00019216560038419722
-3319391.939193925,0.00019212525437895797
-3319111.9111911245,0.0001920848626324095
-3318831.8831883245,0.00019204443713363793
-3318551.8551855246,0.00019200398986289345
-3318271.827182724,0.00019196353278791884
-3317991.7991799237,0.00019192307786028838
-3317711.7711771233,0.0001918826370117572
-3317431.743174323,0.00019184222215062327
-3317151.715171523,0.00019180184515810243
-3316871.6871687225,0.00019176151788471732
-3316591.6591659226,0.00019172125214670274
-3316311.631163122,0.000191681059722426
-3316031.6031603217,0.0001916409523488264
-3315751.5751575213,0.00019160094171787197
-3315471.547154721,0.0001915610394730366
-3315191.519151921,0.00019152125720579776
-3314911.491149121,0.00019148160645215555
-3314631.4631463205,0.000191442098689175
-3314351.43514352,0.00019140274533155214
-3314071.4071407197,0.0001913635577282045
-3313791.3791379193,0.0001913245471588876
-3313511.3511351193,0.00019128572483083836
-3313231.323132319,0.00019124710187544598
-3312951.295129519,0.0001912086893449521
-3312671.2671267185,0.00019117049820917986
-3312391.239123918,0.00019113253935229462
-3312111.2111211177,0.00019109482356959544
-3311831.1831183173,0.0001910573615643396
-3311551.1551155173,0.00019102016394460035
-3311271.127112717,0.000190983241220159
-3310991.099109917,0.00019094660379943265
-3310711.0711071165,0.00019091026198643748
-3310431.043104316,0.0001908742259777896
-3310151.0151015157,0.00019083850585974345
-3309870.9870987153,0.00019080311160526905
-3309590.9590959153,0.00019076805307116873
-3309310.9310931154,0.00019073333999523426
-3309030.903090315,0.00019069898199344508
-3308750.8750875145,0.000190664988557209
-3308470.847084714,0.0001906313690506447
-3308190.8190819137,0.0001905981327079086
-3307910.7910791137,0.00019056528863056562
-3307630.7630763133,0.00019053284578500476
-3307350.7350735134,0.0001905008129999009
-3307070.707070713,0.00019046919896372245
-3306790.6790679125,0.00019043801222228652
-3306510.651065112,0.00019040726117636162
-3306230.6230623117,0.00019037695407931888
-3305950.5950595117,0.00019034709903483236
-3305670.5670567113,0.00019031770399462883
-3305390.5390539113,0.0001902887767562884
-3305110.511051111,0.0001902603249610953
-3304830.4830483105,0.00019023235609194074
-3304550.45504551,0.00019020487747127763
-3304270.42704271,0.00019017789625912763
-3303990.3990399097,0.00019015141945114147
-3303710.3710371098,0.00019012545387671323
-3303430.3430343093,0.00019010000619714792
-3303150.315031509,0.00019007508290388444
-3302870.2870287085,0.0001900506903167731
-3302590.2590259085,0.00019002683458240873
-3302310.231023108,0.00019000352167251956
-3302030.2030203077,0.00018998075738241272
-3301750.1750175073,0.0001899585473294761
-3301470.1470147073,0.0001899368969517373
-3301190.119011907,0.00018991581150648012
-3300910.0910091065,0.00018989529606891858
-3300630.0630063065,0.00018987535553092926
-3300350.035003506,0.00018985599459984154
-3300070.0070007057,0.00018983721779728698
-3299789.9789979057,0.00018981902945810718
-3299509.9509951053,0.00018980143372932074
-3299229.922992305,0.00018978443456914987
-3298949.894989505,0.00018976803574610631
-3298669.8669867045,0.00018975224083813688
-3298389.838983904,0.0001897370532318291
-3298109.8109811037,0.00018972247612167683
-3297829.7829783037,0.00018970851250940597
-3297549.7549755033,0.00018969516520336038
-3297269.726972703,0.00018968243681794842
-3296989.698969903,0.00018967032977314972
-3296709.6709671025,0.00018965884629408228
-3296429.642964302,0.00018964798841063064
-3296149.614961502,0.000189637757957134
-3295869.5869587017,0.00018962815657213517
-3295589.5589559013,0.00018961918569819004
-3295309.530953101,0.00018961084658173754
-3295029.502950301,0.0001896031402730299
-3294749.4749475005,0.0001895960676261233
-3294469.4469447,0.000189589629298929
-3294189.4189419,0.0001895838257533243
-3293909.3909390997,0.00018957865725532366
-3293629.3629362993,0.0001895741238753097
-3293349.3349334993,0.00018957022548832394
-3293069.306930699,0.00018956696177441692
-3292789.2789278985,0.00018956433221905777
-3292509.250925098,0.00018956233611360285
-3292229.222922298,0.00018956097255582317
-3291949.1949194977,0.00018956024045049049
-3291669.1669166973,0.00018956013851002175
-3291389.1389138973,0.0001895606652551815
-3291109.110911097,0.00018956181901584214
-3290829.0829082965,0.00018956359793180142
-3290549.0549054965,0.0001895659999536572
-3290269.026902696,0.00018956902284373873
-3289988.9988998957,0.0001895726641770945
-3289708.9708970953,0.00018957692134253574
-3289428.9428942953,0.00018958179154373564
-3289148.914891495,0.00018958727180038375
-3288868.8868886945,0.00018959335894939478
-3288588.8588858945,0.00018960004964617186
-3288308.830883094,0.0001896073403659235
-3288028.8028802937,0.00018961522740503357
-3287748.7748774937,0.00018962370688248442
-3287468.7468746933,0.0001896327747413319
-3287188.718871893,0.00018964242675023211
-3286908.690869093,0.00018965265850501956
-3286628.6628662925,0.00018966346543033554
-3286348.634863492,0.00018967484278130674
-3286068.6068606917,0.00018968678564527318
-3285788.5788578917,0.00018969928894356492
-3285508.5508550913,0.00018971234743332715
-3285228.522852291,0.00018972595570939242
-3284948.494849491,0.0001897401082062001
-3284668.4668466905,0.00018975479919976215
-3284388.43884389,0.0001897700228096739
-3284108.41084109,0.00018978577300117033
-3283828.3828382897,0.00018980204358722634
-3283548.3548354893,0.00018981882823070002
-3283268.326832689,0.00018983612044651943
-3282988.298829889,0.0001898539136039106
-3282708.2708270885,0.00018987220092866748
-3282428.242824288,0.00018989097550546171
-3282148.214821488,0.00018991023028019265
-3281868.1868186877,0.000189929958062376
-3281588.1588158873,0.0001899501515275706
-3281308.1308130873,0.00018997080321984285
-3281028.102810287,0.0001899919055542672
-3280748.0748074865,0.00019001345081946265
-3280468.046804686,0.000190035431180164
-3280188.018801886,0.0001900578386798271
-3279907.9907990857,0.00019008066524326753
-3279627.9627962853,0.00019010390267933108
-3279347.9347934853,0.00019012754268359604
-3279067.906790685,0.00019015157684110605
-3278787.8787878845,0.00019017599662913247
-3278507.8507850845,0.00019020079341996557
-3278227.822782284,0.00019022595848373374
-3277947.7947794837,0.00019025148299124943
-3277667.7667766833,0.00019027735801688137
-3277387.7387738833,0.00019030357454145175
-3277107.710771083,0.00019033012345515794
-3276827.6827682825,0.00019035699556051695
-3276547.6547654825,0.00019038418157533264
-3276267.626762682,0.00019041167213568438
-3275987.5987598817,0.00019043945779893573
-3275707.5707570817,0.00019046752904676299
-3275427.5427542813,0.0001904958762882023
-3275147.514751481,0.0001905244898627138
-3274867.486748681,0.0001905533600432632
-3274587.4587458805,0.00019058247703941832
-3274307.43074308,0.00019061183100046048
-3274027.4027402797,0.00019064141201850966
-3273747.3747374797,0.0001906712101316624
-3273467.3467346793,0.0001907012153271413
-3273187.318731879,0.00019073141754445512
-3272907.290729079,0.00019076180667856893
-3272627.2627262785,0.0001907923725830831
-3272347.234723478,0.0001908231050734195
-3272067.206720678,0.00019085399393001498
-3271787.1787178777,0.00019088502890152073
-3271507.1507150773,0.00019091619970800592
-3271227.122712277,0.00019094749604416572
-3270947.094709477,0.00019097890758253174
-3270667.0667066765,0.0001910104239766847
-3270387.038703876,0.00019104203486446742
-3270107.010701076,0.00019107372987119822
-3269826.9826982757,0.000191105498612883
-3269546.9546954753,0.000191137330699425
-3269266.9266926753,0.00019116921573783177
-3268986.898689875,0.00019120114333541805
-3268706.8706870745,0.00019123310310300337
-3268426.842684274,0.00019126508465810397
-3268146.814681474,0.00019129707762811736
-3267866.7866786737,0.0001913290716534996
-3267586.7586758733,0.00019136105639093264
-3267306.7306730733,0.00019139302151648278
-3267026.702670273,0.00019142495672874792
-3266746.6746674725,0.00019145685175199278
-3266466.6466646725,0.00019148869633927183
-3266186.618661872,0.00019152048027553861
-3265906.5906590717,0.00019155219338073989
-3265626.5626562717,0.0001915838255128948
-3265346.5346534713,0.00019161536657115788
-3265066.506650671,0.00019164680649886367
-3264786.4786478705,0.0001916781352865542
-3264506.4506450705,0.0001917093429749867
-3264226.42264227,0.00019174041965812157
-3263946.3946394697,0.000191771355486089
-3263666.3666366697,0.00019180214066813432
-3263386.3386338693,0.00019183276547554042
-3263106.310631069,0.00019186322024452644
-3262826.282628269,0.00019189349537912243
-3262546.2546254685,0.00019192358135401876
-3262266.226622668,0.00019195346871738887
-3261986.1986198677,0.00019198314809368603
-3261706.1706170677,0.00019201261018641163
-3261426.1426142673,0.00019204184578085548
-3261146.114611467,0.00019207084574680635
-3260866.086608667,0.00019209960104123275
-3260586.0586058665,0.0001921281027109328
-3260306.030603066,0.00019215634189515205
-3260026.002600266,0.00019218430982816952
-3259745.9745974657,0.00019221199784185024
-3259465.9465946653,0.00019223939736816382
-3259185.918591865,0.00019226649994166868
-3258905.890589065,0.0001922932972019608
-3258625.8625862645,0.00019231978089608677
-3258345.834583464,0.0001923459428809195
-3258065.806580664,0.00019237177512549725
-3257785.7785778637,0.00019239726971332453
-3257505.7505750633,0.00019242241884463376
-3257225.7225722633,0.00019244721483860832
-3256945.694569463,0.00019247165013556539
-3256665.6665666625,0.00019249571729909807
-3256385.638563862,0.00019251940901817674
-3256105.610561062,0.0001925427181092084
-3255825.5825582617,0.00019256563751805406
-3255545.5545554613,0.00019258816032200266
-3255265.5265526613,0.00019261027973170242
-3254985.498549861,0.00019263198909304775
-3254705.4705470605,0.00019265328188902185
-3254425.4425442605,0.00019267415174149447
-3254145.41454146,0.00019269459241297432
-3253865.3865386597,0.00019271459780831527
-3253585.3585358597,0.00019273416197637674
-3253305.3305330593,0.000192753279111637
-3253025.302530259,0.00019277194355575924
-3252745.2745274585,0.00019279014979911027
-3252465.2465246585,0.00019280789248223105
-3252185.218521858,0.000192825166397259
-3251905.1905190577,0.00019284196648930137
-3251625.1625162577,0.00019285828785775973
-3251345.1345134573,0.000192874125757605
-3251065.106510657,0.00019288947560060267
-3250785.078507857,0.00019290433295648796
-3250505.0505050565,0.00019291869355409093
-3250225.022502256,0.00019293255328241065
-3249944.9944994557,0.0001929459081916388
-3249664.9664966557,0.000192958754494132
-3249384.9384938553,0.00019297108856533303
-3249104.910491055,0.00019298290694464034
-3248824.882488255,0.000192994206336226
-3248544.8544854545,0.0001930049836098019
-3248264.826482654,0.00019301523580133353
-3247984.798479854,0.00019302496011370198
-3247704.7704770537,0.00019303415391731354
-3247424.7424742533,0.00019304281475065674
-3247144.714471453,0.0001930509403208072
-3246864.686468653,0.00019305852850387954
-3246584.6584658525,0.00019306557734542708
-3246304.630463052,0.00019307208506078838
-3246024.602460252,0.00019307805003538156
-3245744.5744574517,0.00019308347082494563
-3245464.5464546513,0.00019308834615572914
-3245184.5184518513,0.00019309267492462616
-3244904.490449051,0.00019309645619925963
-3244624.4624462505,0.0001930996892180122
-3244344.4344434505,0.0001931023733900043
-3244064.40644065,0.00019310450829502002
-3243784.3784378497,0.00019310609368338046
-3243504.3504350493,0.000193107129475765
-3243224.3224322493,0.00019310761576298038
-3242944.294429449,0.0001931075528056778
-3242664.2664266485,0.0001931069410340184
-3242384.2384238485,0.00019310578104728707
-3242104.210421048,0.00019310407361345454
-3241824.1824182477,0.00019310181966868893
-3241544.1544154477,0.0001930990203168157
-3241264.1264126473,0.0001930956768287272
-3240984.098409847,0.00019309179064174172
-3240704.0704070465,0.00019308736335891215
-3240424.0424042465,0.00019308239674828502
-3240144.014401446,0.0001930768927421096
-3239863.9863986457,0.00019307085343599808
-3239583.9583958457,0.00019306428108803637
-3239303.9303930453,0.0001930571781178466
-3239023.902390245,0.0001930495471056012
-3238743.874387445,0.00019304139079098917
-3238463.8463846445,0.00019303271207213473
-3238183.818381844,0.00019302351400446896
-3237903.7903790437,0.00019301379979955492
-3237623.7623762437,0.0001930035728238661
-3237343.7343734433,0.00019299283659751943
-3237063.706370643,0.00019298159479296282
-3236783.678367843,0.00019296985123361778
-3236503.6503650425,0.0001929576098924776
-3236223.622362242,0.00019294487489066183
-3235943.594359442,0.00019293165049592717
-3235663.5663566417,0.0001929179411211354
-3235383.5383538413,0.00019290375132267922
-3235103.510351041,0.00019288908579886624
-3234823.482348241,0.00019287394938826154
-3234543.4543454405,0.0001928583470679896
-3234263.42634264,0.0001928422839519965
-3233983.39833984,0.00019282576528927204
-3233703.3703370397,0.00019280879646203344
-3233423.3423342393,0.00019279138298387047
-3233143.3143314393,0.0001927735304978532
-3232863.286328639,0.00019275524477460227
-3232583.2583258385,0.00019273653171032344
-3232303.2303230385,0.00019271739732480586
-3232023.202320238,0.00019269784775938543
-3231743.1743174377,0.00019267788927487405
-3231463.1463146373,0.00019265752824945483
-3231183.1183118373,0.00019263677117654462
-3230903.090309037,0.00019261562466262383
-3230623.0623062365,0.00019259409542503518
-3230343.0343034365,0.0001925721902897513
-3230063.006300636,0.00019254991618911216
-3229782.9782978357,0.00019252728015953333
-3229502.9502950357,0.00019250428933918548
-3229222.9222922353,0.00019248095096564586
-3228942.894289435,0.00019245727237352303
-3228662.8662866345,0.00019243326099205484
-3228382.8382838345,0.00019240892434268104
-3228102.810281034,0.00019238427003659097
-3227822.7822782337,0.00019235930577224752
-3227542.7542754337,0.00019233403933288754
-3227262.7262726333,0.00019230847858399988
-3226982.698269833,0.00019228263147078216
-3226702.670267033,0.00019225650601557642
-3226422.6422642325,0.00019223011031528462
-3226142.614261432,0.0001922034525387657
-3225862.5862586317,0.00019217654092421353
-3225582.5582558317,0.00019214938377651785
-3225302.5302530313,0.00019212198946460821
-3225022.502250231,0.00019209436641878254
-3224742.474247431,0.00019206652312802033
-3224462.4462446305,0.00019203846813728169
-3224182.41824183,0.00019201021004479354
-3223902.39023903,0.00019198175749932298
-3223622.3622362297,0.00019195311919743897
-3223342.3342334293,0.0001919243038807639
-3223062.3062306293,0.00019189532033321474
-3222782.278227829,0.00019186617737823518
-3222502.2502250285,0.00019183688387602022
-3222222.222222228,0.00019180744872073283
-3221942.194219428,0.00019177788083771455
-3221662.1662166277,0.00019174818918069034
-3221382.1382138273,0.0001917183827289691
-3221102.1102110273,0.0001916884704846401
-3220822.082208227,0.00019165846146976636
-3220542.0542054265,0.00019162836472357635
-3220262.0262026265,0.0001915981892996542
-3219981.998199826,0.0001915679442631294
-3219701.9701970257,0.00019153763868786763
-3219421.9421942253,0.00019150728165366222
-3219141.9141914253,0.0001914768822434284
-3218861.886188625,0.00019144644954040022
-3218581.8581858245,0.00019141599262533187
-3218301.8301830245,0.0001913855205737036
-3218021.802180224,0.00019135504245293292
-3217741.7741774237,0.0001913245673195931
-3217461.7461746237,0.00019129410421663828
-3217181.7181718233,0.0001912636621706371
-3216901.690169023,0.00019123325018901546
-3216621.6621662225,0.00019120287725730886
-3216341.6341634225,0.0001911725523364257
-3216061.606160622,0.00019114228435992167
-3215781.5781578217,0.0001911120822312871
-3215501.5501550217,0.0001910819548212471
-3215221.5221522213,0.00019105191096507526
-3214941.494149421,0.00019102195945992317
-3214661.466146621,0.00019099210906216448
-3214381.4381438205,0.0001909623684847556
-3214101.41014102,0.00019093274639461405
-3213821.3821382197,0.00019090325141001406
-3213541.3541354197,0.00019087389209800114
-3213261.3261326193,0.00019084467697182616
-3212981.298129819,0.00019081561448839967
-3212701.270127019,0.00019078671304576707
-3212421.2421242185,0.00019075798098060548
-3212141.214121418,0.0001907294265657434
-3211861.186118618,0.000190701058007703
-3211581.1581158177,0.00019067288344426682
-3211301.1301130173,0.00019064491094206897
-3211021.1021102173,0.0001906171484942114
-3210741.074107417,0.0001905896040179064
-3210461.0461046165,0.00019056228535214604
-3210181.018101816,0.00019053520025539845
-3209900.990099016,0.00019050835640333272
-3209620.9620962157,0.0001904817613865719
-3209340.9340934153,0.00019045542270847607
-3209060.9060906153,0.000190429347782955
-3208780.878087815,0.0001904035439323112
-3208500.8500850145,0.00019037801838511485
-3208220.8220822145,0.00019035277827411014
-3207940.794079414,0.00019032783063415408
-3207660.7660766137,0.0001903031824001886
-3207380.7380738133,0.00019027884040524604
-3207100.7100710133,0.00019025481137848897
-3206820.682068213,0.00019023110194328445
-3206540.6540654125,0.00019020771861531408
-3206260.6260626125,0.00019018466780071954
-3205980.598059812,0.00019016195579428418
-3205700.5700570117,0.00019013958877765212
-3205420.5420542117,0.00019011757281758415
-3205140.5140514113,0.00019009591386425151
-3204860.486048611,0.00019007461774956825
-3204580.4580458105,0.00019005369018556195
-3204300.4300430105,0.0001900331367627839
-3204020.40204021,0.00019001296294875864
-3203740.3740374097,0.0001899931740864739
-3203460.3460346097,0.00018997377539291068
-3203180.3180318093,0.0001899547719576141
-3202900.290029009,0.00018993616874130593
-3202620.262026209,0.00018991797057453825
-3202340.2340234085,0.00018990018215638916
-3202060.206020608,0.0001898828080532009
-3201780.178017808,0.00018986585269736058
-3201500.1500150077,0.00018984932038612357
-3201220.1220122073,0.00018983321528048055
-3200940.094009407,0.00018981754140406763
-3200660.066006607,0.00018980230264212058
-3200380.0380038065,0.0001897875027404729
-3200100.010001006,0.00018977314530459842
-3199819.981998206,0.00018975923379869819
-3199539.9539954057,0.00018974577154483207
-3199259.9259926053,0.00018973276172209563
-3198979.8979898053,0.00018972020736584183
-3198699.869987005,0.00018970811136694813
-3198419.8419842045,0.0001896964764711291
-3198139.813981404,0.00018968530527829454
-3197859.785978604,0.00018967460024195366
-3197579.7579758037,0.0001896643636686646
-3197299.7299730033,0.0001896545977175305
-3197019.7019702033,0.00018964530439974126
-3196739.673967403,0.00018963648557816147
-3196459.6459646025,0.00018962814296696485
-3196179.6179618025,0.00018962027813131455
-3195899.589959002,0.00018961289248708987
-3195619.5619562017,0.00018960598730065957
-3195339.5339534013,0.00018959956368870098
-3195059.5059506013,0.00018959362261806577
-3194779.477947801,0.000189588164905692
-3194499.4499450005,0.0001895831912185621
-3194219.4219422005,0.0001895787020737075
-3193939.3939394,0.0001895746978382589
-3193659.3659365997,0.00018957117872954302
-3193379.3379337997,0.0001895681448152249
-3193099.3099309993,0.00018956559601349642
-3192819.281928199,0.00018956353209331013
-3192539.2539253985,0.00018956195267465911
-3192259.2259225985,0.00018956085722890198
-3191979.197919798,0.00018956024507913306
-3191699.1699169977,0.0001895601154005981
-3191419.1419141977,0.00018956046722115428
-3191139.1139113973,0.0001895612994217756
-3190859.085908597,0.00018956261073710214
-3190579.057905797,0.00018956439975603392
-3190299.0299029965,0.00018956666492236866
-3190019.001900196,0.00018956940453548335
-3189738.973897396,0.00018957261675105918
-3189458.9458945957,0.00018957629958184986
-3189178.9178917953,0.00018958045089849265
-3188898.889888995,0.000189585068430362
-3188618.861886195,0.00018959014976646567
-3188338.8338833945,0.00018959569235638254
-3188058.805880594,0.0001896016935112422
-3187778.777877794,0.0001896081504047455
-3187498.7498749937,0.00018961506007422643
-3187218.7218721933,0.0001896224194217539
-3186938.6938693933,0.0001896302252152741
-3186658.665866593,0.00018963847408979233
-3186378.6378637925,0.000189647162548594
-3186098.609860992,0.00018965628696450466
-3185818.581858192,0.00018966584358118827
-3185538.5538553917,0.00018967582851448352
-3185258.5258525913,0.0001896862377537775
-3184978.4978497913,0.00018969706716341647
-3184698.469846991,0.0001897083124841532
-3184418.4418441905,0.00018971996933463017
-3184138.4138413905,0.00018973203321289833
-3183858.38583859,0.00018974449949797103
-3183578.3578357897,0.00018975736345141226
-3183298.3298329893,0.00018977062021895876
-3183018.3018301893,0.00018978426483217583
-3182738.273827389,0.00018979829221014568
-3182458.2458245885,0.00018981269716118813
-3182178.2178217885,0.00018982747438461319
-3181898.189818988,0.00018984261847250448
-3181618.1618161877,0.00018985812391153343
-3181338.1338133877,0.00018987398508480324
-3181058.1058105873,0.0001898901962737224
-3180778.077807787,0.00018990675165990646
-3180498.049804987,0.00018992364532710847
-3180218.0218021865,0.00018994087126317645
-3179937.993799386,0.0001899584233620378
-3179657.9657965857,0.00018997629542571003
-3179377.9377937857,0.0001899944811663366
-3179097.9097909853,0.00019001297420824818
-3178817.881788185,0.0001900317680900476
-3178537.853785385,0.0001900508562667186
-3178257.8257825845,0.0001900702321117573
-3177977.797779784,0.00019008988891932587
-3177697.769776984,0.0001901098199064275
-3177417.7417741837,0.0001901300182151025
-3177137.7137713833,0.000190150476914644
-3176857.685768583,0.00019017118900383327
-3176577.657765783,0.00019019214741319366
-3176297.6297629825,0.00019021334500726243
-3176017.601760182,0.0001902347745868796
-3175737.573757382,0.00019025642889149356
-3175457.5457545817,0.00019027830060148231
-3175177.5177517813,0.00019030038234048953
-3174897.4897489813,0.00019032266667777506
-3174617.461746181,0.00019034514613057912
-3174337.4337433805,0.00019036781316649875
-3174057.40574058,0.0001903906602058768
-3173777.37773778,0.00019041367962420203
-3173497.3497349797,0.00019043686375451967
-3173217.3217321793,0.00019046020488985166
-3172937.2937293793,0.00019048369528562625
-3172657.265726579,0.00019050732716211562
-3172377.2377237785,0.00019053109270688085
-3172097.2097209785,0.0001905549840772239
-3171817.181718178,0.00019057899340264552
-3171537.1537153777,0.00019060311278730824
-3171257.1257125773,0.0001906273343125038
-3170977.0977097773,0.00019065165003912443
-3170697.069706977,0.00019067605201013695
-3170417.0417041765,0.00019070053225305893
-3170137.0137013765,0.00019072508278243633
-3169856.985698576,0.00019074969560232193
-3169576.9576957757,0.00019077436270875322
-3169296.9296929757,0.00019079907609222967
-3169016.9016901753,0.0001908238277401885
-3168736.873687375,0.00019084860963947757
-3168456.845684575,0.00019087341377882545
-3168176.8176817745,0.00019089823215130754
-3167896.789678974,0.00019092305675680733
-3167616.7616761737,0.00019094787960447233
-3167336.7336733737,0.0001909726927151639
-3167056.7056705733,0.0001909974881239001
-3166776.677667773,0.00019102225788229075
-3166496.649664973,0.00019104699406096416
-3166216.6216621725,0.00019107168875198512
-3165936.593659372,0.0001910963340712622
-3165656.565656572,0.0001911209221609451
-3165376.5376537717,0.0001911454451918107
-3165096.5096509713,0.0001911698953656366
-3164816.481648171,0.0001911942649175623
-3164536.453645371,0.00019121854611843687
-3164256.4256425705,0.00019124273127715246
-3163976.39763977,0.00019126681274296271
-3163696.36963697,0.00019129078290778596
-3163416.3416341697,0.00019131463420849208
-3163136.3136313693,0.00019133835912917235
-3162856.2856285693,0.0001913619502033917
-3162576.257625769,0.0001913854000164229
-3162296.2296229685,0.00019140870120746162
-3162016.201620168,0.000191431846471822
-3161736.173617368,0.00019145482856311192
-3161456.1456145677,0.00019147764029538768
-3161176.1176117673,0.00019150027454528673
-3160896.0896089673,0.00019152272425413853
-3160616.061606167,0.00019154498243005287
-3160336.0336033665,0.00019156704214998437
-3160056.0056005665,0.00019158889656177328
-3159775.977597766,0.00019161053888616187
-3159495.9495949657,0.00019163196241878531
-3159215.9215921657,0.00019165316053213713
-3158935.8935893653,0.0001916741266775083
-3158655.865586565,0.00019169485438689932
-3158375.8375837645,0.00019171533727490526
-3158095.8095809645,0.0001917355690405723
-3157815.781578164,0.00019175554346922643
-3157535.7535753637,0.0001917752544342728
-3157255.7255725637,0.00019179469589896526
-3156975.6975697633,0.00019181386191814665
-3156695.669566963,0.00019183274663995788
-3156415.641564163,0.00019185134430751622
-3156135.6135613625,0.00019186964926056242
-3155855.585558562,0.0001918876559370753
-3155575.5575557617,0.00019190535887485448
-3155295.5295529617,0.00019192275271307
-3155015.5015501613,0.00019193983219377886
-3154735.473547361,0.00019195659216340752
-3154455.445544561,0.00019197302757420067
-3154175.4175417605,0.0001919891334856354
-3153895.38953896,0.00019200490506580037
-3153615.36153616,0.0001920203375927397
-3153335.3335333597,0.00019203542645576148
-3153055.3055305593,0.00019205016715671003
-3152775.277527759,0.00019206455531120184
-3152495.249524959,0.00019207858664982503
-3152215.2215221585,0.00019209225701930177
-3151935.193519358,0.00019210556238361315
-3151655.165516558,0.0001921184988250869
-3151375.1375137577,0.00019213106254544683
-3151095.1095109573,0.00019214324986682445
-3150815.0815081573,0.00019215505723273193
-3150535.053505357,0.00019216648120899658
-3150255.0255025565,0.00019217751848465633
-3149974.997499756,0.00019218816587281623
-3149694.969496956,0.00019219842031146538
-3149414.9414941557,0.0001922082788642547
-3149134.9134913553,0.00019221773872123472
-3148854.8854885553,0.0001922267971995534
-3148574.857485755,0.00019223545174411428
-3148294.8294829545,0.00019224369992819408
-3148014.8014801545,0.00019225153945402014
-3147734.773477354,0.00019225896815330736
-3147454.7454745537,0.00019226598398775462
-3147174.7174717537,0.00019227258504950036
-3146894.6894689533,0.00019227876956153772
-3146614.661466153,0.00019228453587808852
-3146334.6334633525,0.00019228988248493653
-3146054.6054605525,0.0001922948079997198
-3145774.577457752,0.00019229931117218207
-3145494.5494549517,0.00019230339088438294
-3145214.5214521517,0.00019230704615086727
-3144934.4934493513,0.00019231027611879353
-3144654.465446551,0.00019231308006802114
-3144374.437443751,0.00019231545741115675
-3144094.4094409505,0.00019231740769355983
-3143814.38143815,0.00019231893059330708
-3143534.3534353497,0.00019232002592111633
-3143254.3254325497,0.00019232069362022948
-3142974.2974297493,0.00019232093376625497
-3142694.269426949,0.0001923207465669696
-3142414.241424149,0.00019232013236207996
-3142134.2134213485,0.0001923190916229436
-3141854.185418548,0.00019231762495224995
-3141574.157415748,0.00019231573308366135
-3141294.1294129477,0.0001923134168814141
-3141014.1014101473,0.00019231067733987996
-3140734.073407347,0.00019230751558308812
-3140454.045404547,0.00019230393286420784
-3140174.0174017465,0.00019229993056499208
-3139893.989398946,0.00019229551019518223
-3139613.961396146,0.00019229067339187426
-3139333.9333933457,0.00019228542191884648
-3139053.9053905453,0.00019227975766584915
-3138773.8773877453,0.00019227368264785629
-3138493.849384945,0.00019226719900427991
-3138213.8213821445,0.00019226030899814698
-3137933.7933793445,0.00019225301501523927
-3137653.765376544,0.00019224531956319677
-3137373.7373737437,0.00019223722527058468
-3137093.7093709433,0.0001922287348859242
-3136813.6813681433,0.000192219851276688
-3136533.653365343,0.00019221057742826005
-3136253.6253625425,0.0001922009164428608
-3135973.5973597425,0.00019219087153843752
-3135693.569356942,0.0001921804460475207
-3135413.5413541417,0.00019216964341604658
-3135133.5133513417,0.0001921584672021462
-3134853.4853485413,0.00019214692107490157
-3134573.457345741,0.00019213500881306949
-3134293.4293429404,0.00019212273430377287
-3134013.4013401405,0.00019211010154116076
-3133733.37333734,0.00019209711462503696
-3133453.3453345397,0.00019208377775945798
-3133173.3173317397,0.0001920700952513007
-3132893.2893289393,0.00019205607150880026
-3132613.261326139,0.00019204171104005865
-3132333.233323339,0.00019202701845152443
-3132053.2053205385,0.0001920119984464442
-3131773.177317738,0.00019199665582328633
-3131493.1493149376,0.00019198099547413733
-3131213.1213121377,0.0001919650223830715
-3130933.0933093373,0.0001919487416244944
-3130653.065306537,0.0001919321583614607
-3130373.037303737,0.00019191527784396685
-3130093.0093009365,0.00019189810540721914
-3129812.981298136,0.00019188064646987797
-3129532.953295336,0.00019186290653227853
-3129252.9252925357,0.00019184489117462863
-3128972.8972897353,0.00019182660605518447
-3128692.869286935,0.00019180805690840455
-3128412.841284135,0.00019178924954308248
-3128132.8132813345,0.00019177018984045945
-3127852.785278534,0.00019175088375231693
-3127572.757275734,0.0001917313372990498
-3127292.7292729337,0.00019171155656772104
-3127012.7012701333,0.0001916915477100985
-3126732.6732673333,0.00019167131694067417
-3126452.645264533,0.0001916508705346665
-3126172.6172617325,0.00019163021482600711
-3125892.5892589325,0.00019160935620531159
-3125612.561256132,0.00019158830111783533
-3125332.5332533317,0.00019156705606141592
-3125052.5052505312,0.00019154562758440116
-3124772.4772477313,0.0001915240222835647
-3124492.449244931,0.0001915022468020091
-3124212.4212421305,0.0001914803078270579
-3123932.3932393305,0.00019145821208813612
-3123652.36523653,0.00019143596635464087
-3123372.3372337297,0.0001914135774338024
-3123092.3092309297,0.0001913910521685363
-3122812.2812281293,0.00019136839743528713
-3122532.253225329,0.0001913456201418649
-3122252.2252225284,0.00019132272722527466
-3121972.1972197285,0.00019129972564953943
-3121692.169216928,0.00019127662240351806
-3121412.1412141277,0.00019125342449871827
-3121132.1132113277,0.00019123013896710524
-3120852.0852085273,0.00019120677285890662
-3120572.057205727,0.00019118333324041537
-3120292.029202927,0.0001911598271917898
-3120012.0012001265,0.00019113626180485235
-3119731.973197326,0.00019111264418088784
-3119451.9451945256,0.00019108898142844137
-3119171.9171917257,0.00019106528066111693
-3118891.8891889253,0.00019104154899537705
-3118611.861186125,0.0001910177935483448
-3118331.833183325,0.0001909940214356081
-3118051.8051805245,0.0001909702397690272
-3117771.777177724,0.00019094645565454643
-3117491.749174924,0.00019092267619001053
-3117211.7211721237,0.0001908989084629859
-3116931.6931693233,0.00019087515954858828
-3116651.6651665233,0.00019085143650731667
-3116371.637163723,0.00019082774638289472
-3116091.6091609225,0.00019080409620012
-3115811.581158122,0.00019078049296272182
-3115531.553155322,0.00019075694365122827
-3115251.5251525217,0.00019073345522084304
-3114971.4971497213,0.00019071003459933294
-3114691.4691469213,0.00019068668868492657
-3114411.441144121,0.00019066342434422427
-3114131.4131413205,0.00019064024841012125
-3113851.3851385205,0.00019061716767974319
-3113571.35713572,0.00019059418891239545
-3113291.3291329197,0.0001905713188275271
-3113011.3011301192,0.0001905485641027091
-3112731.2731273193,0.00019052593137162846
-3112451.245124519,0.00019050342722209818
-3112171.2171217185,0.00019048105819408407
-3111891.1891189185,0.0001904588307777486
-3111611.161116118,0.0001904367514115126
-3111331.1331133177,0.00019041482648013557
-3111051.1051105177,0.00019039306231281478
-3110771.0771077173,0.0001903714651813037
-3110491.049104917,0.00019035004129805102
-3110211.0211021164,0.0001903287968143597
-3109930.9930993165,0.00019030773781856774
-3109650.965096516,0.0001902868703342501
-3109370.9370937156,0.0001902662003184434
-3109090.9090909157,0.00019024573365989284
-3108810.8810881153,0.0001902254761773227
-3108530.853085315,0.0001902054336177306
-3108250.825082515,0.00019018561165470575
-3107970.7970797145,0.0001901660158867721
-3107690.769076914,0.0001901466518357568
-3107410.7410741136,0.00019012752494518414
-3107130.7130713137,0.0001901086405786959
-3106850.6850685133,0.0001900900040184978
-3106570.657065713,0.00019007162046383354
-3106290.629062913,0.00019005349502948616
-3106010.6010601125,0.000190035632744307
-3105730.573057312,0.00019001803854977342
-3105450.545054512,0.00019000071729857496
-3105170.5170517117,0.00018998367375322857
-3104890.4890489113,0.0001899669125847238
-3104610.4610461113,0.0001899504383711973
-3104330.433043311,0.00018993425559663799
-3104050.4050405105,0.00018991836864962268
-3103770.37703771,0.0001899027818220828
-3103490.34903491,0.0001898874993081023
-3103210.3210321097,0.0001898725252027471
-3102930.2930293093,0.00018985786350092697
-3102650.2650265093,0.00018984351809628924
-3102370.237023709,0.0001898294927801451
-3102090.2090209085,0.0001898157912404291
-3101810.1810181085,0.00018980241706069152
-3101530.153015308,0.00018978937371912414
-3101250.1250125077,0.0001897766645876199
-3100970.0970097072,0.0001897642929308662
-3100690.0690069073,0.0001897522619054727
-3100410.041004107,0.000189740574559133
-3100130.0130013064,0.00018972923382982153
-3099849.9849985065,0.00018971824254502477
-3099569.956995706,0.00018970760342100756
-3099289.9289929057,0.00018969731906211474
-3099009.9009901057,0.00018968739196010802
-3098729.8729873053,0.00018967782449353838
-3098449.844984505,0.00018966861892715398
-3098169.8169817044,0.0001896597774113442
-3097889.7889789045,0.00018965130198161928
-3097609.760976104,0.00018964319455812604
-3097329.7329733036,0.00018963545694519995
-3097049.7049705037,0.00018962809083095323
-3096769.6769677033,0.0001896210977868992
-3096489.648964903,0.0001896144792676132
-3096209.620962103,0.00018960823661043005
-3095929.5929593025,0.00018960237103517747
-3095649.564956502,0.0001895968836439466
-3095369.5369537016,0.00018959177542089893
-3095089.5089509017,0.0001895870472321094
-3094809.4809481013,0.0001895826998254467
-3094529.452945301,0.00018957873383048963
-3094249.424942501,0.00018957514975848013
-3093969.3969397005,0.00018957194800231305
-3093689.3689369,0.000189569128836562
-3093409.3409341,0.00018956669241754193
-3093129.3129312997,0.00018956463878340785
-3092849.2849284993,0.00018956296785428998
-3092569.2569256993,0.00018956167943246494
-3092289.228922899,0.00018956077320256314
-3092009.2009200985,0.00018956024873181213
-3091729.172917298,0.00018956010547031574
-3091449.144914498,0.00018956034275136898
-3091169.1169116977,0.0001895609597918086
-3090889.0889088972,0.00018956195569239903
-3090609.0609060973,0.0001895633294382536
-3090329.032903297,0.00018956507989929073
-3090049.0049004965,0.0001895672058307254
-3089768.9768976965,0.00018956970587359485
-3089488.948894896,0.00018957257855531923
-3089208.9208920957,0.00018957582229029636
-3088928.8928892952,0.00018957943538053048
-3088648.8648864953,0.00018958341601629504
-3088368.836883695,0.000189587762276829
-3088088.8088808944,0.00018959247213106635
-3087808.7808780945,0.00018959754343839892
-3087528.752875294,0.00018960297394947194
-3087248.7248724937,0.0001896087613070119
-3086968.6968696937,0.00018961490304668686
-3086688.6688668933,0.0001896213965979987
-3086408.640864093,0.00018962823928520676
-3086128.6128612924,0.00018963542832828287
-3085848.5848584925,0.00018964296084389746
-3085568.556855692,0.000189650833846436
-3085288.5288528916,0.00018965904424904595
-3085008.5008500917,0.0001896675888647134
-3084728.4728472913,0.00018967646440736942
-3084448.444844491,0.0001896856674930254
-3084168.416841691,0.00018969519464093733
-3083888.3888388905,0.00018970504227479822
-3083608.36083609,0.00018971520672395864
-3083328.33283329,0.00018972568422467493
-3083048.3048304897,0.00018973647092138433
-3082768.2768276893,0.00018974756286800677
-3082488.248824889,0.00018975895602927343
-3082208.220822089,0.00018977064628208047
-3081928.1928192885,0.00018978262941686872
-3081648.164816488,0.00018979490113902787
-3081368.136813688,0.0001898074570703255
-3081088.1088108877,0.00018982029275036003
-3080808.0808080873,0.00018983340363803677
-3080528.0528052873,0.0001898467851130678
-3080248.024802487,0.00018986043247749373
-3079967.9967996865,0.00018987434095722782
-3079687.968796886,0.00018988850570362157
-3079407.940794086,0.00018990292179505157
-3079127.9127912857,0.0001899175842385265
-3078847.8847884852,0.00018993248797131458
-3078567.8567856853,0.0001899476278625901
-3078287.828782885,0.0001899629987150992
-3078007.8007800844,0.00018997859526684413
-3077727.7727772845,0.00018999441219278492
-3077447.744774484,0.0001900104441065591
-3077167.7167716837,0.00019002668556221752
-3076887.6887688832,0.000190043131055977
-3076607.6607660833,0.0001900597750279881
-3076327.632763283,0.00019007661186411852
-3076047.6047604824,0.00019009363589775067
-3075767.5767576825,0.00019011084141159335
-3075487.548754882,0.00019012822263950698
-3075207.5207520816,0.00019014577376834127
-3074927.4927492817,0.00019016348893978553
-3074647.4647464813,0.00019018136225223056
-3074367.436743681,0.00019019938776264128
-3074087.4087408804,0.00019021755948844024
-3073807.3807380805,0.00019023587140940085
-3073527.35273528,0.00019025431746955002
-3073247.3247324796,0.0001902728915790792
-3072967.2967296797,0.00019029158761626382
-3072687.2687268793,0.0001903103994293902
-3072407.240724079,0.00019032932083868915
-3072127.212721279,0.00019034834563827604
-3071847.1847184785,0.00019036746759809662
-3071567.156715678,0.00019038668046587764
-3071287.128712878,0.00019040597796908228
-3071007.1007100777,0.00019042535381686923
-3070727.0727072773,0.0001904448017020551
-3070447.044704477,0.0001904643153030794
-3070167.016701677,0.00019048388828597185
-3069886.9886988765,0.0001905035143063208
-3069606.960696076,0.00019052318701124252
-3069326.932693276,0.0001905429000413509
-3069046.9046904757,0.0001905626470327268
-3068766.8766876752,0.000190582421618886
-3068486.8486848753,0.00019060221743274605
-3068206.820682075,0.00019062202810859064
-3067926.7926792745,0.00019064184728403123
-3067646.764676474,0.00019066166860196536
-3067366.736673674,0.00019068148571253077
-3067086.7086708737,0.0001907012922750553
-3066806.6806680732,0.0001907210819600011
-3066526.6526652733,0.00019074084845090348
-3066246.624662473,0.00019076058544630317
-3065966.5966596724,0.00019078028666167176
-3065686.5686568725,0.0001907999458313294
-3065406.540654072,0.00019081955671035469
-3065126.5126512717,0.0001908391130764855
-3064846.484648471,0.00019085860873201086
-3064566.4566456713,0.00019087803750565267
-3064286.428642871,0.0001908973932544375
-3064006.4006400704,0.00019091666986555665
-3063726.3726372705,0.0001909358612582155
-3063446.34463447,0.00019095496138547024
-3063166.3166316696,0.00019097396423605213
-3062886.2886288697,0.00019099286383617847
-3062606.2606260693,0.00019101165425135008
-3062326.232623269,0.00019103032958813423
-3062046.204620469,0.00019104888399593294
-3061766.1766176685,0.0001910673116687361
-3061486.148614868,0.00019108560684685816
-3061206.1206120676,0.0001911037638186593
-3060926.0926092677,0.00019112177692224904
-3060646.0646064673,0.0001911396405471729
-3060366.036603667,0.00019115734913608082
-3060086.008600867,0.0001911748971863776
-3059805.9805980665,0.00019119227925185433
-3059525.952595266,0.0001912094899443003
-3059245.924592466,0.00019122652393509533
-3058965.8965896657,0.00019124337595678205
-3058685.8685868653,0.00019126004080461675
-3058405.840584065,0.0001912765133380998
-3058125.812581265,0.00019129278848248397
-3057845.7845784645,0.00019130886123026102
-3057565.756575664,0.0001913247266426254
-3057285.728572864,0.0001913403798509153
-3057005.7005700637,0.00019135581605803054
-3056725.6725672632,0.00019137103053982614
-3056445.6445644633,0.0001913860186464823
-3056165.616561663,0.00019140077580384967
-3055885.5885588625,0.00019141529751476956
-3055605.560556062,0.00019142957936036894
-3055325.532553262,0.00019144361700132987
-3055045.5045504617,0.00019145740617913283
-3054765.4765476612,0.00019147094271727356
-3054485.4485448613,0.00019148422252245333
-3054205.420542061,0.00019149724158574224
-3053925.3925392604,0.0001915099959837147
-3053645.3645364605,0.00019152248187955778
-3053365.33653366,0.00019153469552415123
-3053085.3085308596,0.00019154663325711915
-3052805.280528059,0.00019155829150785313
-3052525.2525252593,0.0001915696667965068
-3052245.224522459,0.00019158075573496073
-3051965.1965196584,0.0001915915550277582
-3051685.1685168585,0.0001916020614730113
-3051405.140514058,0.0001916122719632772
-3051125.1125112576,0.00019162218348640393
-3050845.0845084577,0.00019163179312634614
-3050565.0565056573,0.00019164109806395034
-3050285.028502857,0.0001916500955777088
-3050005.000500057,0.00019165878304448322
-3049724.9724972565,0.0001916671579401966
-3049444.944494456,0.0001916752178404942
-3049164.9164916556,0.00019168296042137257
-3048884.8884888557,0.00019169038345977747
-3048604.8604860553,0.00019169748483416934
-3048324.832483255,0.00019170426252505736
-3048044.804480455,0.00019171071461550107
-3047764.7764776545,0.00019171683929158
-3047484.748474854,0.0001917226348428309
-3047204.720472054,0.00019172809966265262
-3046924.6924692537,0.00019173323224867843
-3046644.6644664533,0.00019173803120311596
-3046364.636463653,0.00019174249523305428
-3046084.608460853,0.00019174662315073847
-3045804.5804580525,0.00019175041387381133
-3045524.552455252,0.00019175386642552255
-3045244.524452452,0.00019175697993490477
-3044964.4964496517,0.0001917597536369171
-3044684.4684468512,0.00019176218687255568
-3044404.4404440513,0.00019176427908893157
-3044124.412441251,0.00019176602983931573
-3043844.3844384504,0.00019176743878315122
-3043564.35643565,0.0001917685056860327
-3043284.32843285,0.0001917692304196534
-3043004.3004300497,0.00019176961296171922
-3042724.2724272492,0.00019176965339583036
-3042444.2444244493,0.00019176935191133045
-3042164.216421649,0.00019176870880312333
-3041884.1884188484,0.00019176772447145743
-3041604.1604160485,0.00019176639942167803
-3041324.132413248,0.00019176473426394725
-3041044.1044104476,0.00019176272971293233
-3040764.0764076477,0.00019176038658746185
-3040484.0484048473,0.0001917577058101504
-3040204.020402047,0.00019175468840699155
-3039923.9923992464,0.00019175133550691962
-3039643.9643964465,0.00019174764834134015
-3039363.936393646,0.0001917436282436293
-3039083.9083908456,0.0001917392766486025
-3038803.8803880457,0.0001917345950919525
-3038523.8523852453,0.00019172958520965677
-3038243.824382445,0.0001917242487373549
-3037963.796379645,0.00019171858750969604
-3037683.7683768445,0.00019171260345965637
-3037403.740374044,0.00019170629861782734
-3037123.7123712436,0.00019169967511167445
-3036843.6843684437,0.00019169273516476712
-3036563.6563656433,0.00019168548109597993
-3036283.628362843,0.00019167791531866514
-3036003.600360043,0.00019167004033979757
-3035723.5723572425,0.00019166185875909103
-3035443.544354442,0.0001916533732680877
-3035163.516351642,0.00019164458664921994
-3034883.4883488417,0.0001916355017748453
-3034603.4603460412,0.0001916261216062552
-3034323.432343241,0.00019161644919265673
-3034043.404340441,0.0001916064876701293
-3033763.3763376405,0.00019159624026055512
-3033483.34833484,0.00019158571027052485
-3033203.32033204,0.0001915749010902183
-3032923.2923292397,0.0001915638161922606
-3032643.2643264392,0.00019155245913055446
-3032363.2363236393,0.00019154083353908866
-3032083.208320839,0.00019152894313072318
-3031803.1803180384,0.00019151679169595147
-3031523.152315238,0.00019150438310164042
-3031243.124312438,0.00019149172128974794
-3030963.0963096377,0.00019147881027601916
-3030683.068306837,0.00019146565414866128
-3030403.0403040373,0.00019145225706699754
-3030123.012301237,0.00019143862326010113
-3029842.9842984364,0.00019142475702540893
-3029562.9562956365,0.0001914106627273158
-3029282.928292836,0.00019139634479575004
-3029002.9002900356,0.00019138180772473013
-3028722.8722872357,0.0001913670560709036
-3028442.8442844353,0.0001913520944520679
-3028162.816281635,0.00019133692754567475
-3027882.7882788344,0.00019132156008731718
-3027602.7602760345,0.00019130599686920094
-3027322.732273234,0.00019129024273859978
-3027042.7042704336,0.00019127430259629607
-3026762.6762676337,0.00019125818139500625
-3026482.6482648333,0.00019124188413779228
-3026202.620262033,0.0001912254158764595
-3025922.592259233,0.00019120878170994133
-3025642.5642564325,0.00019119198678267096
-3025362.536253632,0.00019117503628294147
-3025082.5082508316,0.0001911579354412539
-3024802.4802480317,0.0001911406895286543
-3024522.4522452313,0.00019112330385506033
-3024242.424242431,0.00019110578376757776
-3023962.396239631,0.00019108813464880744
-3023682.3682368305,0.0001910703619151431
-3023402.34023403,0.00019105247101506114
-3023122.31223123,0.00019103446742740223
-3022842.2842284297,0.00019101635665964522
-3022562.2562256292,0.00019099814424617493
-3022282.228222829,0.00019097983574654313
-3022002.200220029,0.00019096143674372383
-3021722.1722172284,0.00019094295284236346
-3021442.144214428,0.00019092438966702646
-3021162.116211628,0.00019090575286043657
-3020882.0882088277,0.00019088704808171454
-3020602.0602060272,0.00019086828100461307
-3020322.0322032273,0.00019084945731574903
-3020042.004200427,0.0001908305827128338
-3019761.9761976264,0.00019081166290290232
-3019481.9481948265,0.00019079270360054118
-3019201.920192026,0.0001907737105261164
-3018921.8921892256,0.00019075468940400175
-3018641.864186425,0.00019073564596080748
-3018361.8361836253,0.00019071658592361066
-3018081.808180825,0.00019069751501818726
-3017801.7801780244,0.00019067843896724673
-3017521.7521752245,0.00019065936348866967
-3017241.724172424,0.0001906402942937487
-3016961.6961696236,0.0001906212370854337
-3016681.6681668237,0.00019060219755658147
-3016401.6401640233,0.00019058318138821044
-3016121.612161223,0.00019056419424776132
-3015841.5841584224,0.0001905452417873635
-3015561.5561556225,0.0001905263296421087
-3015281.528152822,0.00019050746342833105
-3015001.5001500216,0.00019048864874189592
-3014721.4721472217,0.0001904698911564963
-3014441.4441444213,0.000190451196221958
-3014161.416141621,0.00019043256946255457
-3013881.388138821,0.00019041401637533172
-3013601.3601360205,0.0001903955424284419
-3013321.33213322,0.00019037715305949011
-3013041.3041304196,0.00019035885367389073
-3012761.2761276197,0.00019034064964323615
-3012481.2481248192,0.00019032254630367776
-3012201.220122019,0.00019030454895431977
-3011921.192119219,0.00019028666285562614
-3011641.1641164185,0.0001902688932278413
-3011361.136113618,0.00019025124524942518
-3011081.108110818,0.00019023372405550275
-3010801.0801080177,0.0001902163347363286
-3010521.0521052172,0.0001901990823357675
-3010241.024102417,0.00019018197184979054
-3009960.996099617,0.00019016500822498803
-3009680.9680968164,0.00019014819635709907
-3009400.940094016,0.0001901315410895589
-3009120.912091216,0.00019011504721206342
-3008840.8840884157,0.00019009871945915245
-3008560.856085615,0.00019008256250881137
-3008280.8280828153,0.00019006658098109168
-3008000.800080015,0.0001900507794367512
-3007720.7720772144,0.000190035162375914
-3007440.7440744145,0.00019001973423675054
-3007160.716071614,0.00019000449939417824
-3006880.6880688136,0.0001899894621585835
-3006600.660066013,0.00018997462677456455
-3006320.6320632133,0.0001899599974196962
-3006040.604060413,0.00018994557820331667
-3005760.5760576124,0.000189931373165337
-3005480.5480548125,0.00018991738627507275
-3005200.520052012,0.0001899036214300993
-3004920.4920492116,0.0001898900824551302
-3004640.4640464117,0.00018987677310091945
-3004360.4360436113,0.00018986369704318768
-3004080.408040811,0.0001898508578815728
-3003800.3800380104,0.0001898382591386053
-3003520.3520352105,0.00018982590425870832
-3003240.32403241,0.000189813796607223
-3002960.2960296096,0.00018980193946945947
-3002680.2680268097,0.0001897903360497734
-3002400.2400240093,0.0001897789894706685
-3002120.212021209,0.0001897679027719255
-3001840.184018409,0.00018975707890975748
-3001560.1560156085,0.00018974652075599176
-3001280.128012808,0.00018973623109727912
-3001000.1000100076,0.00018972621263432975
-3000720.0720072077,0.00018971646798117677
-3000440.0440044072,0.00018970699966446735
-3000160.016001607,0.00018969781012278142
-2999879.987998807,0.00018968890170597844
-2999599.9599960065,0.000189680276674572
-2999319.931993206,0.00018967193719913314
-2999039.903990406,0.00018966388535972148
-2998759.8759876057,0.00018965612314534542
-2998479.8479848052,0.00018964865245345064
-2998199.8199820053,0.00018964147508943765
-2997919.791979205,0.00018963459276620807
-2997639.7639764044,0.0001896280071037401
-2997359.735973604,0.000189621719628693
-2997079.707970804,0.0001896157317740409
-2996799.6799680036,0.00018961004487873562
-2996519.651965203,0.0001896046601873993
-2996239.6239624033,0.00018959957885004611
-2995959.595959603,0.00018959480192183348
-2995679.5679568024,0.00018959033036284302
-2995399.5399540025,0.00018958616503789082
-2995119.511951202,0.0001895823067163675
-2994839.4839484016,0.00018957875607210757
-2994559.455945601,0.00018957551368328882
-2994279.4279428013,0.0001895725800323609
-2993999.399940001,0.00018956995550600377
-2993719.3719372004,0.00018956764039511557
-2993439.3439344005,0.0001895656348948301
-2993159.3159316,0.00018956393910456374
-2992879.2879287996,0.000189562553028092
-2992599.2599259997,0.00018956147657365522
-2992319.2319231993,0.00018956070955409375
-2992039.203920399,0.00018956025168701243
-2991759.1759175984,0.00018956010259497407
-2991479.1479147985,0.00018956026180572228
-2991199.119911998,0.00018956072875243296
-2990919.0919091976,0.000189561502773995
-2990639.0639063977,0.00018956258311531946
-2990359.0359035973,0.00018956396892767747
-2990079.007900797,0.00018956565926906674
-2989798.979897997,0.0001895676531046063
-2989518.9518951965,0.00018956994930695935
-2989238.923892396,0.0001895725466567843
-2988958.8958895956,0.00018957544384321371
-2988678.8678867957,0.00018957863946436062
-2988398.8398839952,0.00018958213202785278
-2988118.811881195,0.00018958591995139377
-2987838.783878395,0.00018959000156335167
-2987558.7558755944,0.00018959437510337416
-2987278.727872794,0.0001895990387230306
-2986998.699869994,0.00018960399048648043
-2986718.6718671937,0.0001896092283711678
-2986438.6438643932,0.00018961475026854215
-2986158.6158615933,0.00018962055398480455
-2985878.587858793,0.00018962663724167943
-2985598.5598559924,0.00018963299767721145
-2985318.531853192,0.0001896396328465875
-2985038.503850392,0.00018964654022298296
-2984758.4758475916,0.00018965371719843288
-2984478.447844791,0.00018966116108472652
-2984198.4198419913,0.00018966886911432612
-2983918.391839191,0.00018967683844130903
-2983638.3638363904,0.00018968506614233283
-2983358.3358335905,0.00018969354921762323
-2983078.30783079,0.00018970228459198475
-2982798.2798279896,0.00018971126911583312
-2982518.251825189,0.00018972049956624974
-2982238.2238223893,0.00018972997264805747
-2981958.195819589,0.0001897396849949176
-2981678.1678167884,0.0001897496331704475
-2981398.1398139885,0.0001897598136693585
-2981118.111811188,0.00018977022291861395
-2980838.0838083876,0.0001897808572786069
-2980558.0558055877,0.00018979171304435674
-2980278.0278027873,0.00018980278644672497
-2979997.999799987,0.00018981407365364924
-2979717.9717971864,0.00018982557077139547
-2979437.9437943865,0.0001898372738458276
-2979157.915791586,0.00018984917886369465
-2978877.8877887856,0.00018986128175393438
-2978597.8597859857,0.00018987357838899345
-2978317.8317831852,0.00018988606458616373
-2978037.803780385,0.0001898987361089337
-2977757.775777585,0.0001899115886683554
-2977477.7477747845,0.00018992461792442585
-2977197.719771984,0.0001899378194874825
-2976917.691769184,0.00018995118891961286
-2976637.6637663837,0.0001899647217360771
-2976357.6357635832,0.00018997841340674375
-2976077.607760783,0.00018999225935753758
-2975797.579757983,0.0001900062549718998
-2975517.5517551824,0.00019002039559225928
-2975237.523752382,0.00019003467652151527
-2974957.495749582,0.00019004909302453027
-2974677.4677467817,0.0001900636403296333
-2974397.439743981,0.00019007831363013265
-2974117.4117411813,0.00019009310808583768
-2973837.383738381,0.0001901080188245894
-2973557.3557355804,0.00019012304094379932
-2973277.32773278,0.00019013816951199566
-2972997.29972998,0.00019015339957037704
-2972717.2717271796,0.00019016872613437306
-2972437.243724379,0.0001901841441952105
-2972157.2157215793,0.00019019964872148587
-2971877.187718779,0.00019021523466074307
-2971597.1597159784,0.00019023089694105547
-2971317.1317131785,0.00019024663047261274
-2971037.103710378,0.00019026243014931115
-2970757.0757075776,0.00019027829085034733
-2970477.047704777,0.00019029420744181452
-2970197.0197019773,0.00019031017477830154
-2969916.991699177,0.00019032618770449333
-2969636.9636963764,0.0001903422410567726
-2969356.9356935765,0.00019035832966482268
-2969076.907690776,0.00019037444835323048
-2968796.8796879756,0.0001903905919430892
-2968516.8516851757,0.00019040675525360042
-2968236.8236823753,0.00019042293310367526
-2967956.795679575,0.00019043912031353348
-2967676.7676767744,0.00019045531170630063
-2967396.7396739745,0.00019047150210960265
-2967116.711671174,0.0001904876863571572
-2966836.6836683736,0.00019050385929036146
-2966556.6556655737,0.00019052001575987568
-2966276.6276627732,0.0001905361506272024
-2965996.599659973,0.00019055225876626043
-2965716.571657173,0.00019056833506495314
-2965436.5436543724,0.00019058437442673128
-2965156.515651572,0.0001906003717721486
-2964876.487648772,0.0001906163220404109
-2964596.4596459717,0.00019063222019091784
-2964316.4316431712,0.00019064806120479616
-2964036.403640371,0.00019066384008642532
-2963756.375637571,0.00019067955186495377
-2963476.3476347704,0.00019069519159580617
-2963196.31963197,0.00019071075436218074
-2962916.29162917,0.00019072623527653654
-2962636.2636263696,0.00019074162948207014
-2962356.235623569,0.000190756932154181
-2962076.2076207693,0.00019077213850192545
-2961796.179617969,0.00019078724376945887
-2961516.1516151684,0.00019080224323746514
-2961236.123612368,0.00019081713222457368
-2960956.095609568,0.0001908319060887628
-2960676.0676067676,0.00019084656022874983
-2960396.039603967,0.00019086109008536692
-2960116.0116011673,0.00019087549114292233
-2959835.983598367,0.00019088975893054712
-2959555.9555955664,0.0001909038890235262
-2959275.9275927665,0.00019091787704461405
-2958995.899589966,0.00019093171866533398
-2958715.8715871656,0.00019094540960726142
-2958435.843584365,0.00019095894564329
-2958155.8155815653,0.0001909723225988805
-2957875.787578765,0.0001909855363532926
-2957595.7595759644,0.00019099858284079812
-2957315.7315731645,0.0001910114580518764
-2957035.703570364,0.00019102415803439105
-2956755.6755675636,0.00019103667889474742
-2956475.6475647637,0.00019104901679903115
-2956195.6195619632,0.00019106116797412687
-2955915.591559163,0.0001910731287088169
-2955635.563556363,0.00019108489535485978
-2955355.5355535625,0.0001910964643280484
-2955075.507550762,0.00019110783210924673
-2954795.4795479616,0.0001911189952454059
-2954515.4515451617,0.0001911299503505585
-2954235.4235423612,0.00019114069410679124
-2953955.395539561,0.00019115122326519542
-2953675.367536761,0.00019116153464679542
-2953395.3395339604,0.00019117162514345422
-2953115.31153116,0.00019118149171875646
-2952835.28352836,0.00019119113140886817
-2952555.2555255597,0.00019120054132337332
-2952275.227522759,0.00019120971864608686
-2951995.199519959,0.00019121866063584385
-2951715.171517159,0.00019122736462726477
-2951435.1435143584,0.00019123582803149653
-2951155.115511558,0.0001912440483369291
-2950875.087508758,0.0001912520231098876
-2950595.0595059576,0.00019125974999529964
-2950315.031503157,0.0001912672267173375
-2950035.0035003573,0.00019127445108003537
-2949754.975497557,0.00019128142096788142
-2949474.9474947564,0.00019128813434638405
-2949194.919491956,0.00019129458926261283
-2948914.891489156,0.00019130078384571364
-2948634.8634863556,0.00019130671630739805
-2948354.835483555,0.0001913123849424064
-2948074.8074807553,0.0001913177881289451
-2947794.779477955,0.00019132292432909767
-2947514.7514751544,0.0001913277920892093
-2947234.7234723545,0.00019133239004024517
-2946954.695469554,0.00019133671689812218
-2946674.6674667536,0.0001913407714640143
-2946394.639463953,0.00019134455262463117
-2946114.6114611533,0.00019134805935246994
-2945834.583458353,0.00019135129070604062
-2945554.5554555524,0.00019135424583006442
-2945274.5274527525,0.00019135692395564553
-2944994.499449952,0.0001913593244004158
-2944714.4714471516,0.00019136144656865293
-2944434.4434443517,0.00019136328995137137
-2944154.4154415512,0.00019136485412638683
-2943874.387438751,0.0001913661387583536
-2943594.359435951,0.00019136714359877533
-2943314.3314331505,0.00019136786848598868
-2943034.30343035,0.00019136831334512063
-2942754.2754275496,0.00019136847818801867
-2942474.2474247497,0.00019136836311315454
-2942194.2194219492,0.00019136796830550133
-2941914.191419149,0.00019136729403638407
-2941634.163416349,0.0001913663406633036
-2941354.1354135484,0.00019136510862973447
-2941074.107410748,0.00019136359846489624
-2940794.079407948,0.0001913618107834985
-2940514.0514051476,0.00019135974628546024
-2940234.023402347,0.00019135740575560264
-2939953.995399547,0.00019135479006331655
-2939673.967396747,0.00019135190016220392
-2939393.9393939464,0.00019134873708969368
-2939113.911391146,0.00019134530196663225
-2938833.883388346,0.00019134159599684878
-2938553.8553855456,0.00019133762046669514
-2938273.827382745,0.000191333376744561
-2937993.7993799453,0.00019132886628036425
-2937713.771377145,0.00019132409060501656
-2937433.7433743444,0.0001913190513298648
-2937153.715371544,0.000191313750146108
-2936873.687368744,0.00019130818882419056
-2936593.6593659436,0.00019130236921317134
-2936313.631363143,0.00019129629324006958
-2936033.6033603433,0.00019128996290918704
-2935753.575357543,0.0001912833803014073
-2935473.5473547424,0.00019127654757347218
-2935193.5193519425,0.00019126946695723537
-2934913.491349142,0.0001912621407588938
-2934633.4633463416,0.00019125457135819692
-2934353.4353435417,0.00019124676120763399
-2934073.4073407413,0.00019123871283159991
-2933793.379337941,0.00019123042882553983
-2933513.3513351404,0.00019122191185507256
-2933233.3233323405,0.00019121316465509335
-2932953.29532954,0.00019120419002885625
-2932673.2673267396,0.00019119499084703653
-2932393.2393239397,0.00019118557004677285
-2932113.2113211392,0.00019117593063069043
-2931833.183318339,0.00019116607566590477
-2931553.155315539,0.0001911560082830067
-2931273.1273127384,0.0001911457316750286
-2930993.099309938,0.00019113524909639297
-2930713.0713071376,0.00019112456386184264
-2930433.0433043377,0.00019111367934535398
-2930153.0153015372,0.00019110259897903248
-2929872.987298737,0.0001910913262519921
-2929592.959295937,0.0001910798647092178
-2929312.9312931364,0.00019106821795041224
-2929032.903290336,0.00019105638962882678
-2928752.875287536,0.0001910443834500772
-2928472.8472847356,0.0001910322031709444
-2928192.819281935,0.00019101985259816075
-2927912.791279135,0.00019100733558718235
-2927632.763276335,0.00019099465604094723
-2927352.7352735344,0.0001909818179086205
-2927072.707270734,0.00019096882518432657
-2926792.679267934,0.0001909556819058687
-2926512.6512651336,0.0001909423921534363
-2926232.623262333,0.00019092896004830102
-2925952.5952595333,0.00019091538975150093
-2925672.567256733,0.00019090168546251408
-2925392.5392539324,0.00019088785141792183
-2925112.511251132,0.0001908738918900617
-2924832.483248332,0.00019085981118567086
-2924552.4552455316,0.00019084561364452043
-2924272.427242731,0.00019083130363804093
-2923992.3992399313,0.0001908168855679395
-2923712.371237131,0.00019080236386480906
-2923432.3432343304,0.00019078774298673034
-2923152.3152315305,0.0001907730274178665
-2922872.28722873,0.00019075822166705146
-2922592.2592259296,0.000190743330266372
-2922312.2312231297,0.00019072835776974418
-2922032.2032203292,0.00019071330875148444
-2921752.175217529,0.00019069818780487608
-2921472.1472147284,0.0001906829995407312
-2921192.1192119285,0.0001906677485859489
-2920912.091209128,0.0001906524395820698
-2920632.0632063276,0.0001906370771838279
-2920352.0352035277,0.00019062166605769945
-2920072.0072007272,0.00019060621088045005
-2919791.979197927,0.00019059071633768007
-2919511.951195127,0.00019057518712236864
-2919231.9231923264,0.000190559627933417
-2918951.895189526,0.00019054404347419168
-2918671.8671867256,0.00019052843845106764
-2918391.8391839257,0.00019051281757197206
-2918111.811181125,0.0001904971855449291
-2917831.783178325,0.00019048154707660631
-2917551.755175525,0.00019046590687086292
-2917271.7271727244,0.0001904502696273003
-2916991.699169924,0.00019043464003981549
-2916711.671167124,0.000190419022795158
-2916431.6431643236,0.00019040342257149005
-2916151.615161523,0.00019038784403695123
-2915871.587158723,0.00019037229184822767
-2915591.559155923,0.00019035677064912622
-2915311.5311531224,0.0001903412850691539
-2915031.503150322,0.00019032583972210357
-2914751.475147522,0.0001903104392046458
-2914471.4471447216,0.00019029508809492718
-2914191.419141921,0.0001902797909511764
-2913911.3911391213,0.00019026455231031724
-2913631.363136321,0.00019024937668659012
-2913351.3351335204,0.00019023426857018184
-2913071.30713072,0.0001902192324258641
-2912791.27912792,0.00019020427269164145
-2912511.2511251196,0.00019018939377740863
-2912231.223122319,0.00019017460006361835
-2911951.1951195193,0.00019015989589995933
-2911671.167116719,0.00019014528560404488
-2911391.1391139184,0.00019013077346011345
-2911111.1111111185,0.00019011636371774016
-2910831.083108318,0.00019010206059056066
-2910551.0551055176,0.00019008786825500747
-2910271.0271027177,0.00019007379084905882
-2909990.9990999172,0.00019005983247100076
-2909710.971097117,0.00019004599717820312
-2909430.9430943164,0.00019003228898590885
-2909150.9150915165,0.00019001871186603785
-2908870.887088716,0.00019000526974600538
-2908590.8590859156,0.00018999196650755553
-2908310.8310831157,0.00018997880598560976
-2908030.8030803152,0.00018996579196713117
-2907750.775077515,0.00018995292819000485
-2907470.747074715,0.0001899402183419344
-2907190.7190719144,0.00018992766605935486
-2906910.691069114,0.00018991527492636322
-2906630.6630663136,0.00018990304847366549
-2906350.6350635136,0.00018989099017754162
-2906070.607060713,0.00018987910345882818
-2905790.579057913,0.00018986739168191957
-2905510.551055113,0.00018985585815378705
-2905230.5230523124,0.00018984450612301686
-2904950.495049512,0.00018983333877886746
-2904670.467046712,0.0001898223592503457
-2904390.4390439116,0.00018981157060530272
-2904110.411041111,0.0001898009758495497
-2903830.383038311,0.00018979057792599342
-2903550.355035511,0.00018978037971379254
-2903270.3270327104,0.00018977038402753378
-2902990.29902991,0.00018976059361642956
-2902710.27102711,0.00018975101116353607
-2902430.2430243096,0.0001897416392849929
-2902150.215021509,0.00018973248052928392
-2901870.1870187093,0.0001897235373765199
-2901590.159015909,0.00018971481223774278
-2901310.1310131084,0.0001897063074542522
-2901030.1030103085,0.00018969802529695406
-2900750.075007508,0.00018968996796573151
-2900470.0470047076,0.00018968213758883848
-2900190.019001907,0.00018967453622231603
-2899909.9909991072,0.00018966716584943144
-2899629.962996307,0.00018966002838014033
-2899349.9349935064,0.00018965312565057208
-2899069.9069907065,0.00018964645942253842
-2898789.878987906,0.00018964003138306548
-2898509.8509851056,0.0001896338431439494
-2898229.8229823057,0.00018962789624133575
-2897949.7949795052,0.00018962219213532224
-2897669.766976705,0.00018961673220958605
-2897389.7389739044,0.00018961151777103428
-2897109.7109711044,0.00018960655004947923
-2896829.682968304,0.0001896018301973371
-2896549.6549655036,0.0001895973592893514
-2896269.6269627037,0.00018959313832234032
-2895989.598959903,0.00018958916821496845
-2895709.570957103,0.00018958544980754292
-2895429.542954303,0.00018958198386183385
-2895149.5149515024,0.0001895787710609192
-2894869.486948702,0.00018957581200905409
-2894589.4589459016,0.0001895731072315646
-2894309.4309431016,0.00018957065717476596
-2894029.402940301,0.00018956846220590518
-2893749.374937501,0.0001895665226131283
-2893469.346934701,0.0001895648386054718
-2893189.3189319004,0.00018956341031287874
-2892909.2909291,0.0001895622377862389
-2892629.2629263,0.00018956132099745383
-2892349.2349234996,0.00018956065983952543
-2892069.206920699,0.00018956025412666957
-2891789.178917899,0.00018956010359445335
-2891509.150915099,0.00018956020789995674
-2891229.1229122984,0.00018956056662195817
-2890949.094909498,0.00018956117926114416
-2890669.066906698,0.00018956204524034272
-2890389.0389038976,0.00018956316390478066
-2890109.010901097,0.00018956453452236455
-2889828.9828982973,0.00018956615628398508
-2889548.954895497,0.00018956802830384515
-2889268.9268926964,0.0001895701496198111
-2888988.8988898965,0.00018957251919378716
-2888708.870887096,0.00018957513591211296
-2888428.8428842956,0.000189577998585984
-2888148.814881495,0.00018958110595189483
-2887868.7868786952,0.0001895844566721048
-2887588.758875895,0.00018958804933512637
-2887308.7308730944,0.00018959188245623544
-2887028.7028702945,0.00018959595447800396
-2886748.674867494,0.00018960026377085452
-2886468.6468646936,0.00018960480863363616
-2886188.6188618937,0.00018960958729422238
-2885908.5908590932,0.00018961459791012975
-2885628.562856293,0.00018961983856915815
-2885348.5348534924,0.00018962530729005147
-2885068.5068506924,0.0001896310020231792
-2884788.478847892,0.00018963692065123843
-2884508.4508450916,0.0001896430609899757
-2884228.4228422916,0.0001896494207889292
-2883948.394839491,0.00018965599773219043
-2883668.366836691,0.00018966278943918522
-2883388.338833891,0.000189669793465474
-2883108.3108310904,0.00018967700730357113
-2882828.28282829,0.00018968442838378246
-2882548.2548254896,0.00018969205407506166
-2882268.2268226896,0.00018969988168588426
-2881988.198819889,0.00018970790846513976
-2881708.170817089,0.000189716131603041
-2881428.142814289,0.00018972454823205085
-2881148.1148114884,0.00018973315542782576
-2880868.086808688,0.00018974195021017584
-2880588.058805888,0.00018975092954404122
-2880308.0308030876,0.00018976009034048444
-2880028.002800287,0.00018976942945769828
-2879747.9747974873,0.00018977894370202908
-2879467.946794687,0.0001897886298290149
-2879187.9187918864,0.0001897984845444385
-2878907.890789086,0.0001898085045053942
-2878627.862786286,0.0001898186863213692
-2878347.8347834856,0.00018982902655533817
-2878067.806780685,0.0001898395217248712
-2877787.7787778853,0.00018985016830325453
-2877507.750775085,0.00018986096272062414
-2877227.7227722844,0.00018987190136511106
-2876947.6947694845,0.00018988298058399882
-2876667.666766684,0.0001898941966848923
-2876387.6387638836,0.00018990554593689745
-2876107.610761083,0.000189917024571812
-2875827.5827582832,0.0001899286287853262
-2875547.554755483,0.00018994035473823384
-2875267.5267526824,0.00018995219855765227
-2874987.4987498824,0.00018996415633825225
-2874707.470747082,0.0001899762241434962
-2874427.4427442816,0.00018998839800688476
-2874147.4147414817,0.00019000067393321163
-2873867.3867386812,0.00019001304789982581
-2873587.358735881,0.00019002551585790115
-2873307.3307330804,0.00019003807373371262
-2873027.3027302804,0.00019005071742991892
-2872747.27472748,0.00019006344282685158
-2872467.2467246796,0.00019007624578380877
-2872187.2187218796,0.00019008912214035515
-2871907.190719079,0.00019010206771762623
-2871627.162716279,0.0001901150783196368
-2871347.134713479,0.0001901281497345937
-2871067.1067106784,0.00019014127773621226
-2870787.078707878,0.0001901544580850354
-2870507.0507050776,0.00019016768652975588
-2870227.0227022776,0.0001901809588085409
-2869946.994699477,0.00019019427065035833
-2869666.966696677,0.0001902076177763048
-2869386.938693877,0.00019022099590093445
-2869106.9106910764,0.0001902344007335891
-2868826.882688276,0.0001902478279797278
-2868546.854685476,0.00019026127334225695
-2868266.8266826756,0.00019027473252285969
-2867986.798679875,0.0001902882012233241
-2867706.7706770753,0.0001903016751468704
-2867426.742674275,0.00019031514999947623
-2867146.7146714744,0.00019032862149119965
-2866866.686668674,0.0001903420853374998
-2866586.658665874,0.00019035553726055429
-2866306.6306630736,0.00019036897299057372
-2866026.602660273,0.00019038238826711167
-2865746.5746574732,0.0001903957788403711
-2865466.546654673,0.00019040914047250608
-2865186.5186518724,0.00019042246893891817
-2864906.4906490725,0.00019043576002954793
-2864626.462646272,0.00019044900955016036
-2864346.4346434716,0.0001904622133236241
-2864066.406640671,0.00019047536719118448
-2863786.3786378712,0.00019048846701372917
-2863506.350635071,0.0001905015086730469
-2863226.3226322704,0.0001905144880730781
-2862946.2946294704,0.000190527401141158
-2862666.26662667,0.0001905402438292507
-2862386.2386238696,0.0001905530121151747
-2862106.2106210697,0.00019056570200381932
-2861826.182618269,0.00019057830952835152
-2861546.154615469,0.00019059083075141252
-2861266.1266126684,0.00019060326176630453
-2860986.0986098684,0.0001906155986981667
-2860706.070607068,0.00019062783770513992
-2860426.0426042676,0.0001906399749795206
-2860146.0146014676,0.0001906520067489025
-2859865.986598667,0.00019066392927730662
-2859585.958595867,0.00019067573886629886
-2859305.930593067,0.0001906874318560948
-2859025.9025902664,0.00019069900462665159
-2858745.874587466,0.00019071045359874642
-2858465.846584666,0.00019072177523504145
-2858185.8185818656,0.0001907329660411346
-2857905.790579065,0.00019074402256659618
-2857625.762576265,0.00019075494140599093
-2857345.734573465,0.00019076571919988502
-2857065.7065706644,0.00019077635263583812
-2856785.678567864,0.00019078683844937972
-2856505.650565064,0.00019079717342496992
-2856225.6225622636,0.00019080735439694392
-2855945.594559463,0.00019081737825044054
-2855665.5665566633,0.00019082724192231375
-2855385.538553863,0.00019083694240202767
-2855105.5105510624,0.00019084647673253433
-2854825.482548262,0.00019085584201113397
-2854545.454545462,0.00019086503539031784
-2854265.4265426616,0.0001908740540785933
-2853985.398539861,0.00019088289534129033
-2853705.3705370612,0.00019089155650135026
-2853425.342534261,0.00019090003494009566
-2853145.3145314604,0.00019090832809798145
-2852865.2865286605,0.00019091643347532718
-2852585.25852586,0.00019092434863302997
-2852305.2305230596,0.00019093207119325815
-2852025.202520259,0.00019093959884012522
-2851745.1745174592,0.00019094692932034415
-2851465.146514659,0.00019095406044386174
-2851185.1185118584,0.00019096099008447258
-2850905.0905090584,0.00019096771618041302
-2850625.062506258,0.00019097423673493464
-2850345.0345034576,0.0001909805498168568
-2850065.0065006576,0.0001909866535610988
-2849784.978497857,0.0001909925461691909
-2849504.950495057,0.00019099822590976423
-2849224.9224922564,0.00019100369111901982
-2848944.8944894564,0.0001910089402011759
-2848664.866486656,0.0001910139716288942
-2848384.8384838556,0.00019101878394368438
-2848104.8104810556,0.00019102337575628692
-2847824.782478255,0.00019102774574703446
-2847544.754475455,0.00019103189266619097
-2847264.726472655,0.00019103581533426933
-2846984.6984698544,0.00019103951264232664
-2846704.670467054,0.00019104298355223786
-2846424.642464254,0.00019104622709694677
-2846144.6144614536,0.00019104924238069537
-2845864.586458653,0.00019105202857923055
-2845584.558455853,0.00019105458493998882
-2845304.530453053,0.00019105691078225858
-2845024.5024502524,0.00019105900549732012
-2844744.474447452,0.00019106086854856323
-2844464.446444652,0.00019106249947158246
-2844184.4184418516,0.00019106389787425
-2843904.390439051,0.00019106506343676623
-2843624.3624362512,0.00019106599591168792
-2843344.334433451,0.00019106669512393385
-2843064.3064306504,0.00019106716097076846
-2842784.27842785,0.00019106739342176287
-2842504.25042505,0.00019106739251873378
-2842224.2224222496,0.00019106715837566017
-2841944.194419449,0.0001910666911785777
-2841664.1664166492,0.0001910659911854511
-2841384.138413849,0.0001910650587260242
-2841104.1104110484,0.00019106389420164854
-2840824.0824082484,0.00019106249808508938
-2840544.054405448,0.00019106087092031027
-2840264.0264026476,0.00019105901332223577
-2839983.998399847,0.0001910569259764925
-2839703.9703970472,0.00019105460963912856
-2839423.942394247,0.0001910520651363116
-2839143.9143914464,0.00019104929336400544
-2838863.8863886464,0.00019104629528762554
-2838583.858385846,0.00019104307194167336
-2838303.8303830456,0.00019103962442934972
-2838023.8023802456,0.00019103595392214734
-2837743.774377445,0.0001910320616594228
-2837463.746374645,0.00019102794894794778
-2837183.718371845,0.00019102361716144013
-2836903.6903690444,0.0001910190677400746
-2836623.662366244,0.00019101430218997363
-2836343.6343634436,0.00019100932208267817
-2836063.6063606436,0.000191004129054599
-2835783.578357843,0.00019099872480644832
-2835503.550355043,0.00019099311110265226
-2835223.522352243,0.00019098728977074423
-2834943.4943494424,0.00019098126270073937
-2834663.466346642,0.0001909750318444902
-2834383.438343842,0.00019096859921502416
-2834103.4103410416,0.00019096196688586246
-2833823.382338241,0.00019095513699032133
-2833543.354335441,0.0001909481117207952
-2833263.326332641,0.00019094089332802243
-2832983.2983298404,0.00019093348412033386
-2832703.27032704,0.00019092588646288418
-2832423.24232424,0.00019091810277686654
-2832143.2143214396,0.00019091013553871052
-2831863.186318639,0.00019090198727926417
-2831583.1583158392,0.00019089366058295962
-2831303.130313039,0.00019088515808696313
-2831023.1023102384,0.00019087648248030992
-2830743.074307438,0.00019086763650302338
-2830463.046304638,0.00019085862294521974
-2830183.0183018376,0.00019084944464619797
-2829902.990299037,0.00019084010449351552
-2829622.9622962372,0.00019083060542204996
-2829342.934293437,0.0001908209504130468
-2829062.9062906364,0.00019081114249315425
-2828782.8782878364,0.00019080118473344454
-2828502.850285036,0.00019079108024842273
-2828222.8222822356,0.00019078083219502292
-2827942.794279435,0.0001907704437715924
-2827662.766276635,0.00019075991821686404
-2827382.738273835,0.0001907492588089169
-2827102.7102710344,0.00019073846886412632
-2826822.6822682344,0.00019072755173610252
-2826542.654265434,0.00019071651081461907
-2826262.6262626336,0.0001907053495245313
-2825982.5982598336,0.0001906940713246848
-2825702.570257033,0.00019068267970681426
-2825422.542254233,0.00019067117819443374
-2825142.514251433,0.0001906595703417177
-2824862.4862486324,0.00019064785973237392
-2824582.458245832,0.00019063604997850828
-2824302.4302430316,0.0001906241447194819
-2824022.4022402316,0.0001906121476207609
-2823742.374237431,0.00019060006237275938
-2823462.346234631,0.00019058789268967553
-2823182.318231831,0.00019057564230832175
-2822902.2902290304,0.00019056331498694886
-2822622.26222623,0.00019055091450406478
-2822342.23422343,0.00019053844465724803
-2822062.2062206296,0.0001905259092619566
-2821782.178217829,0.0001905133121503324
-2821502.150215029,0.00019050065717000163
-2821222.122212229,0.00019048794818287174
-2820942.0942094284,0.00019047518906392473
-2820662.066206628,0.00019046238370000804
-2820382.038203828,0.00019044953598862255
-2820102.0102010276,0.00019043664983670869
-2819821.982198227,0.00019042372915943065
-2819541.9541954272,0.00019041077787895937
-2819261.926192627,0.00019039779992325426
-2818981.8981898264,0.00019038479922484468
-2818701.870187026,0.0001903717797196108
-2818421.842184226,0.00019035874534556476
-2818141.8141814256,0.00019034570004163246
-2817861.786178625,0.00019033264774643581
-2817581.7581758252,0.0001903195923970769
-2817301.730173025,0.00019030653792792302
-2817021.7021702244,0.00019029348826939441
-2816741.6741674244,0.00019028044734675374
-2816461.646164624,0.00019026741907889893
-2816181.6181618236,0.00019025440737715848
-2815901.5901590236,0.00019024141614409096
-2815621.562156223,0.00019022844927228764
-2815341.534153423,0.00019021551064317985
-2815061.5061506224,0.00019020260412585076
-2814781.4781478224,0.00019018973357585206
-2814501.450145022,0.00019017690283402587
-2814221.4221422216,0.00019016411572533255
-2813941.3941394216,0.00019015137605768434
-2813661.366136621,0.0001901386876207853
-2813381.338133821,0.00019012605418497827
-2813101.310131021,0.0001901134795000986
-2812821.2821282204,0.00019010096729433535
-2812541.25412542,0.00019008852127310044
-2812261.2261226196,0.0001900761451179057
-2811981.1981198196,0.00019006384248524842
-2811701.170117019,0.00019005161700550577
-2811421.142114219,0.00019003947228183812
-2811141.114111419,0.0001900274118891021
-2810861.0861086184,0.000190015439372773
-2810581.058105818,0.00019000355824787783
-2810301.030103018,0.0001899917719979382
-2810021.0021002176,0.00018998008407392433
-2809740.974097417,0.00018996849789321992
-2809460.946094617,0.00018995701683859842
-2809180.918091817,0.000189945644257211
-2808900.8900890164,0.00018993438345958613
-2808620.862086216,0.00018992323771864215
-2808340.834083416,0.00018991221026871152
-2808060.8060806156,0.00018990130430457844
-2807780.778077815,0.0001898905229805295
-2807500.7500750152,0.0001898798694094176
-2807220.722072215,0.00018986934666173952
-2806940.6940694144,0.00018985895776472785
-2806660.666066614,0.0001898487057014564
-2806380.638063814,0.00018983859340996077
-2806100.6100610136,0.0001898286237823732
-2805820.582058213,0.0001898187996640728
-2805540.554055413,0.00018980912385285046
-2805260.526052613,0.00018979959909808984
-2804980.4980498124,0.00018979022809996365
-2804700.4700470124,0.00018978101350864614
-2804420.442044212,0.0001897719579235414
-2804140.4140414116,0.00018976306389252852
-2803860.3860386116,0.0001897543339112232
-2803580.358035811,0.00018974577042225584
-2803300.330033011,0.00018973737581456717
-2803020.3020302104,0.00018972915242272087
-2802740.2740274104,0.00018972110252623358
-2802460.24602461,0.0001897132283489226
-2802180.2180218096,0.00018970553205827155
-2801900.1900190096,0.00018969801576481353
-2801620.162016209,0.0001896906815215331
-2801340.134013409,0.000189683531323286
-2801060.106010609,0.00018967656710623776
-2800780.0780078084,0.00018966979074732068
-2800500.050005008,0.00018966320406370977
-2800220.0220022076,0.0001896568088123176
-2799939.9939994076,0.0001896506066893081
-2799659.965996607,0.00018964459932962972
-2799379.937993807,0.0001896387883065679
-2799099.909991007,0.00018963317513131687
-2798819.8819882064,0.00018962776125257112
-2798539.853985406,0.00018962254805613663
-2798259.825982606,0.00018961753686456157
-2797979.7979798056,0.00018961272893678726
-2797699.769977005,0.0001896081254678188
-2797419.741974205,0.00018960372758841583
-2797139.713971405,0.0001895995363648035
-2796859.6859686044,0.00018959555279840344
-2796579.657965804,0.00018959177782558516
-2796299.629963004,0.00018958821231743772
-2796019.6019602036,0.00018958485707956167
-2795739.573957403,0.00018958171285188147
-2795459.5459546032,0.00018957878030847846
-2795179.517951803,0.00018957606005744396
-2794899.4899490024,0.00018957355264075343
-2794619.4619462024,0.00018957125853416053
-2794339.433943402,0.00018956917814711224
-2794059.4059406016,0.00018956731182268426
-2793779.377937801,0.00018956565983753695
-2793499.349935001,0.00018956422240189194
-2793219.321932201,0.00018956299965952912
-2792939.2939294004,0.00018956199168780434
-2792659.2659266004,0.00018956119849768732
-2792379.2379238,0.00018956062003382032
-2792099.2099209996,0.00018956025617459694
-2791819.1819181996,0.00018956010673226156
-2791539.153915399,0.00018956017145302888
-2791259.125912599,0.0001895604500172238
-2790979.0979097984,0.00018956094203944173
-2790699.0699069984,0.00018956164706872858
-2790419.041904198,0.00018956256458878124
-2790139.0139013976,0.00018956369401816785
-2789858.9858985976,0.00018956503471056793
-2789578.957895797,0.00018956658595503252
-2789298.929892997,0.00018956834697626376
-2789018.901890197,0.00018957031693491423
-2788738.8738873964,0.00018957249492790578
-2788458.845884596,0.00018957487998876775
-2788178.8178817956,0.00018957747108799426
-2787898.7898789956,0.00018958026713342092
-2787618.761876195,0.00018958326697062026
-2787338.733873395,0.00018958646938331617
-2787058.705870595,0.00018958987309381704
-2786778.6778677944,0.00018959347676346735
-2786498.649864994,0.0001895972789931177
-2786218.621862194,0.00018960127832361325
-2785938.5938593936,0.00018960547323629992
-2785658.565856593,0.0001896098621535487
-2785378.537853793,0.00018961444343929763
-2785098.509850993,0.00018961921539961126
-2784818.4818481924,0.00018962417628325766
-2784538.453845392,0.00018962932428230218
-2784258.425842592,0.00018963465753271853
-2783978.3978397916,0.00018964017411501657
-2783698.369836991,0.00018964587205488637
-2783418.3418341912,0.00018965174932385887
-2783138.313831391,0.00018965780383998256
-2782858.2858285904,0.00018966403346851602
-2782578.2578257904,0.0001896704360226361
-2782298.22982299,0.00018967700926416156
-2782018.2018201896,0.0001896837509042919
-2781738.173817389,0.00018969065860436108
-2781458.145814589,0.00018969772997660597
-2781178.117811789,0.00018970496258494937
-2780898.0898089884,0.00018971235394579683
-2780618.0618061884,0.00018971990152884792
-2780338.033803388,0.00018972760275792072
-2780058.0058005876,0.00018973545501179006
-2779777.9777977876,0.00018974345562503865
-2779497.949794987,0.00018975160188892113
-2779217.921792187,0.00018975989105224074
-2778937.8937893864,0.0001897683203222383
-2778657.8657865864,0.00018977688686549302
-2778377.837783786,0.00018978558780883547
-2778097.8097809856,0.00018979442024027126
-2777817.7817781856,0.0001898033812099166
-2777537.753775385,0.00018981246773094423
-2777257.725772585,0.0001898216767805401
-2776977.697769785,0.00018983100530086996
-2776697.6697669844,0.0001898404502000565
-2776417.641764184,0.00018985000835316533
-2776137.6137613836,0.00018985967660320083
-2775857.5857585836,0.0001898694517621107
-2775577.557755783,0.00018987933061179928
-2775297.529752983,0.00018988930990514926
-2775017.501750183,0.00018989938636705114
-2774737.4737473824,0.0001899095566954408
-2774457.445744582,0.000189919817562344
-2774177.417741782,0.00018993016561492834
-2773897.3897389816,0.00018994059747656154
-2773617.361736181,0.00018995110974787642
-2773337.3337333812,0.00018996169900784165
-2773057.305730581,0.00018997236181483843
-2772777.2777277804,0.0001899830947077423
-2772497.24972498,0.00018999389420701034
-2772217.22172218,0.00019000475681577256
-2771937.1937193796,0.0001900156790209281
-2771657.165716579,0.00019002665729424522
-2771377.137713779,0.00019003768809346485
-2771097.109710979,0.00019004876786340777
-2770817.0817081784,0.00019005989303708443
-2770537.0537053784,0.00019007106003680757
-2770257.025702578,0.00019008226527530728
-2769976.9976997776,0.0001900935051568475
-2769696.969696977,0.00019010477607834468
-2769416.941694177,0.00019011607443048735
-2769136.913691377,0.00019012739659885668
-2768856.8856885764,0.00019013873896504753
-2768576.8576857764,0.00019015009790778988
-2768296.829682976,0.00019016146980406988
-2768016.8016801756,0.00019017285103025056
-2767736.7736773756,0.0001901842379631917
-2767456.745674575,0.0001901956269813685
-2767176.717671775,0.00019020701446598875
-2766896.6896689744,0.00019021839680210802
-2766616.6616661744,0.00019022977037974284
-2766336.633663374,0.00019024113159498126
-2766056.6056605736,0.00019025247685109035
-2765776.5776577736,0.00019026380255962073
-2765496.549654973,0.00019027510514150746
-2765216.521652173,0.00019028638102816688
-2764936.493649373,0.00019029762666258933
-2764656.4656465724,0.00019030883850042747
-2764376.437643772,0.00019032001301107934
-2764096.4096409716,0.00019033114667876637
-2763816.3816381716,0.00019034223600360604
-2763536.353635371,0.00019035327750267826
-2763256.325632571,0.0001903642677110858
-2762976.297629771,0.00019037520318300808
-2762696.2696269704,0.00019038608049274833
-2762416.24162417,0.00019039689623577322
-2762136.21362137,0.00019040764702974526
-2761856.1856185696,0.00019041832951554742
-2761576.157615769,0.00019042894035829956
-2761296.1296129692,0.00019043947624836638
-2761016.101610169,0.0001904499339023569
-2760736.0736073684,0.00019046031006411475
-2760456.045604568,0.0001904706015056991
-2760176.017601768,0.0001904808050283562
-2759895.9895989676,0.00019049091746348092
-2759615.961596167,0.00019050093567356792
-2759335.933593367,0.00019051085655315275
-2759055.905590567,0.00019052067702974188
-2758775.8775877664,0.0001905303940647318
-2758495.8495849664,0.00019054000465431695
-2758215.821582166,0.00019054950583038586
-2757935.7935793656,0.0001905588946614056
-2757655.765576565,0.00019056816825329423
-2757375.737573765,0.00019057732375028056
-2757095.709570965,0.00019058635833575174
-2756815.6815681644,0.00019059526923308765
-2756535.6535653644,0.00019060405370648236
-2756255.625562564,0.00019061270906175218
-2755975.5975597636,0.00019062123264713024
-2755695.5695569636,0.00019062962185404698
-2755415.541554163,0.000190637874117897
-2755135.513551363,0.00019064598691879132
-2754855.4855485624,0.00019065395778229525
-2754575.4575457624,0.00019066178428015166
-2754295.429542962,0.00019066946403098917
-2754015.4015401616,0.00019067699470101538
-2753735.3735373616,0.0001906843740046947
-2753455.345534561,0.00019069159970541065
-2753175.317531761,0.0001906986696161126
-2752895.289528961,0.00019070558159994642
-2752615.2615261604,0.00019071233357086928
-2752335.23352336,0.00019071892349424788
-2752055.20552056,0.00019072534938744081
-2751775.1775177596,0.00019073160932036378
-2751495.149514959,0.00019073770141603838
-2751215.121512159,0.000190743623851124
-2750935.093509359,0.00019074937485643256
-2750655.0655065584,0.00019075495271742615
-2750375.037503758,0.00019076035577469732
-2750095.009500958,0.00019076558242443197
-2749814.9814981576,0.0001907706311188546
-2749534.953495357,0.00019077550036665579
-2749254.925492557,0.00019078018873340208
-2748974.897489757,0.00019078469484192772
-2748694.8694869564,0.00019078901737270854
-2748414.841484156,0.00019079315506421744
-2748134.813481356,0.000190797106713262
-2747854.7854785556,0.00019080087117530353
-2747574.757475755,0.00019080444736475785
-2747294.729472955,0.00019080783425527747
-2747014.701470155,0.0001908110308800153
-2746734.6734673544,0.0001908140363318699
-2746454.6454645544,0.00019081684976371177
-2746174.617461754,0.0001908194703885912
-2745894.5894589536,0.00019082189747992714
-2745614.561456153,0.0001908241303716774
-2745334.533453353,0.00019082616845849003
-2745054.505450553,0.0001908280111958356
-2744774.4774477524,0.00019082965810012095
-2744494.4494449524,0.00019083110874878366
-2744214.421442152,0.00019083236278036786
-2743934.3934393516,0.00019083341989458095
-2743654.3654365516,0.0001908342798523315
-2743374.337433751,0.00019083494247574805
-2743094.309430951,0.0001908354076481793
-2742814.2814281504,0.000190835675314175
-2742534.2534253504,0.00019083574547944834
-2742254.22542255,0.00019083561821081916
-2741974.1974197496,0.0001908352936361387
-2741694.1694169496,0.0001908347719441952
-2741414.141414149,0.0001908340533846011
-2741134.113411349,0.00019083313826766133
-2740854.085408549,0.00019083202696422308
-2740574.0574057484,0.0001908307199055071
-2740294.029402948,0.0001908292175829202
-2740014.001400148,0.00019082752054784988
-2739733.9733973476,0.00019082562941143992
-2739453.945394547,0.0001908235448443484
-2739173.917391747,0.00019082126757648713
-2738893.889388947,0.00019081879839674318
-2738613.8613861464,0.00019081613815268242
-2738333.833383346,0.0001908132877502352
-2738053.805380546,0.00019081024815336436
-2737773.7773777456,0.0001908070203837155
-2737493.749374945,0.0001908036055202498
-2737213.721372145,0.00019080000469885966
-2736933.693369345,0.0001907962191119667
-2736653.6653665444,0.00019079225000810307
-2736373.637363744,0.00019078809869147562
-2736093.609360944,0.00019078376652151326
-2735813.5813581436,0.00019077925491239767
-2735533.553355343,0.00019077456533257768
-2735253.525352543,0.00019076969930426714
-2734973.497349743,0.0001907646584029267
-2734693.4693469424,0.0001907594442567296
-2734413.4413441424,0.0001907540585460119
-2734133.413341342,0.00019074850300270651
-2733853.3853385416,0.00019074277940976244
-2733573.357335741,0.0001907368896005485
-2733293.329332941,0.00019073083545824193
-2733013.301330141,0.00019072461891520226
-2732733.2733273404,0.0001907182419523307
-2732453.2453245404,0.0001907117065984148
-2732173.21732174,0.0001907050149294591
-2731893.1893189396,0.00019069816906800184
-2731613.1613161396,0.00019069117118241787
-2731333.133313339,0.00019068402348620784
-2731053.105310539,0.00019067672823727439
-2730773.077307739,0.00019066928773718507
-2730493.0493049384,0.00019066170433042247
-2730213.021302138,0.00019065398040362189
-2729932.9932993376,0.00019064611838479642
-2729652.9652965376,0.0001906381207425503
-2729372.937293737,0.00019062998998527994
-2729092.909290937,0.0001906217286603639
-2728812.881288137,0.00019061333935334126
-2728532.8532853364,0.00019060482468707878
-2728252.825282536,0.00019059618732092775
-2727972.797279736,0.00019058742994986993
-2727692.7692769356,0.00019057855530365327
-2727412.741274135,0.00019056956614591788
-2727132.713271335,0.00019056046527331214
-2726852.685268535,0.00019055125551459948
-2726572.6572657344,0.00019054193972975586
-2726292.629262934,0.0001905325208090587
-2726012.601260134,0.00019052300167216713
-2725732.5732573336,0.00019051338526719375
-2725452.545254533,0.0001905036745697689
-2725172.517251733,0.00019049387258209677
-2724892.489248933,0.00019048398233200453
-2724612.4612461324,0.00019047400687198418
-2724332.433243332,0.0001904639492782276
-2724052.405240532,0.0001904538126496553
-2723772.3772377316,0.00019044360010693888
-2723492.349234931,0.0001904333147915177
-2723212.321232131,0.00019042295986461004
-2722932.293229331,0.00019041253850621875
-2722652.2652265304,0.00019040205391413243
-2722372.2372237304,0.00019039150930292176
-2722092.20922093,0.0001903809079029313
-2721812.1812181296,0.0001903702529592678
-2721532.153215329,0.0001903595477307845
-2721252.125212529,0.00019034879548906211
-2720972.097209729,0.0001903379995173869
-2720692.0692069284,0.000190327163109726
-2720412.0412041284,0.00019031628956970025
-2720132.013201328,0.00019030538220955493
-2719851.9851985276,0.00019029444434912908
-2719571.9571957276,0.0001902834793148229
-2719291.929192927,0.00019027249043856434
-2719011.901190127,0.0001902614810567748
-2718731.873187327,0.00019025045450933435
-2718451.8451845264,0.00019023941413854684
-2718171.817181726,0.0001902283632881051
-2717891.7891789256,0.00019021730530205668
-2717611.7611761256,0.00019020624352377032
-2717331.733173325,0.00019019518129490364
-2717051.705170525,0.00019018412195437215
-2716771.677167725,0.0001901730688373201
-2716491.6491649244,0.00019016202527409335
-2716211.621162124,0.00019015099458921463
-2715931.593159324,0.00019013998010036158
-2715651.5651565236,0.00019012898511734753
-2715371.537153723,0.00019011801294110603
-2715091.5091509228,0.0001901070668626786
-2714811.481148123,0.00019009615016220678
-2714531.4531453224,0.00019008526610792792
-2714251.425142522,0.00019007441795517626
-2713971.397139722,0.00019006360894538817
-2713691.3691369216,0.00019005284230511294
-2713411.341134121,0.0001900421212450289
-2713131.313131321,0.00019003144895896547
-2712851.285128521,0.00019002082862293088
-2712571.2571257204,0.0001900102633941467
-2712291.22912292,0.00018999975641008883
-2712011.20112012,0.00018998931078753525
-2711731.1731173196,0.00018997892962162118
-2711451.145114519,0.0001899686159849019
-2711171.117111719,0.00018995837292642292
-2710891.089108919,0.0001899482034707987
-2710611.0611061184,0.00018993811061729932
-2710331.0331033184,0.00018992809733894614
-2710051.005100518,0.00018991816658161595
-2709770.9770977176,0.00018990832126315464
-2709490.949094917,0.00018989856427250015
-2709210.921092117,0.00018988889846881512
-2708930.893089317,0.0001898793266806293
-2708650.8650865164,0.00018986985170499273
-2708370.8370837164,0.00018986047630663864
-2708090.809080916,0.00018985120321715756
-2707810.7810781156,0.0001898420351341823
-2707530.7530753156,0.00018983297472058405
-2707250.725072515,0.00018982402460367975
-2706970.697069715,0.00018981518737445156
-2706690.669066915,0.00018980646558677786
-2706410.6410641144,0.0001897978617566765
-2706130.613061314,0.00018978937836156037
-2705850.5850585136,0.0001897810178395056
-2705570.5570557136,0.0001897727825885325
-2705290.529052913,0.00018976467496589948
-2705010.501050113,0.00018975669728741018
-2704730.473047313,0.00018974885182673407
-2704450.4450445124,0.00018974114081474043
-2704170.417041712,0.0001897335664388465
-2703890.389038912,0.00018972613084237923
-2703610.3610361116,0.00018971883612395145
-2703330.333033311,0.00018971168433685223
-2703050.3050305108,0.0001897046774884519
-2702770.277027711,0.00018969781753962173
-2702490.2490249104,0.00018969110640416827
-2702210.22102211,0.00018968454594828313
-2701930.19301931,0.00018967813799000748
-2701650.1650165096,0.0001896718842987122
-2701370.137013709,0.00018966578659459344
-2701090.109010909,0.00018965984654818367
-2700810.081008109,0.00018965406577987863
-2700530.0530053084,0.00018964844585948014
-2700250.025002508,0.0001896429883057549
-2699969.996999708,0.00018963769458600944
-2699689.9689969076,0.0001896325661156813
-2699409.940994107,0.00018962760425794668
-2699129.912991307,0.00018962281032334447
-2698849.884988507,0.00018961818556941686
-2698569.8569857064,0.00018961373120036666
-2698289.8289829064,0.0001896094483667314
-2698009.800980106,0.00018960533816507423
-2697729.7729773056,0.00018960140163769184
-2697449.7449745056,0.00018959763977233925
-2697169.716971705,0.0001895940535019718
-2696889.688968905,0.00018959064370450426
-2696609.6609661044,0.0001895874112025871
-2696329.6329633044,0.00018958435676340012
-2696049.604960504,0.00018958148109846315
-2695769.5769577036,0.00018957878486346443
-2695489.5489549036,0.00018957626865810613
-2695209.520952103,0.00018957393302596731
-2694929.492949303,0.0001895717784543846
-2694649.464946503,0.00018956980537434984
-2694369.4369437024,0.0001895680141604258
-2694089.408940902,0.00018956640513067882
-2693809.3809381016,0.00018956497854662947
-2693529.3529353016,0.00018956373461322037
-2693249.324932501,0.00018956267347880156
-2692969.2969297008,0.0001895617952351335
-2692689.268926901,0.00018956109991740747
-2692409.2409241004,0.0001895605875042833
-2692129.2129213,0.0001895602579179447
-2691849.1849185,0.00018956011102417187
-2691569.1569156996,0.00018956014663243153
-2691289.128912899,0.00018956036449598425
-2691009.1009100988,0.00018956076431200897
-2690729.072907299,0.00018956134572174475
-2690449.0449044984,0.00018956210831064986
-2690169.016901698,0.00018956305160857767
-2689888.988898898,0.0001895641750899697
-2689608.9608960976,0.00018956547817406568
-2689328.932893297,0.00018956696022513035
-2689048.904890497,0.00018956862055269708
-2688768.876887697,0.0001895704584118282
-2688488.8488848964,0.00018957247300339198
-2688208.820882096,0.00018957466347435597
-2687928.792879296,0.00018957702891809683
-2687648.7648764956,0.00018957956837472643
-2687368.736873695,0.00018958228083143413
-2687088.708870895,0.000189585165222845
-2686808.680868095,0.0001895882204313942
-2686528.6528652944,0.0001895914452877168
-2686248.6248624944,0.00018959483857105368
-2685968.596859694,0.0001895983990096726
-2685688.5688568936,0.00018960212528130484
-2685408.5408540936,0.00018960601601359696
-2685128.512851293,0.00018961006978457777
-2684848.484848493,0.0001896142851231401
-2684568.4568456924,0.00018961866050953749
-2684288.4288428924,0.0001896231943758951
-2684008.400840092,0.00018962788510673562
-2683728.3728372916,0.00018963273103951892
-2683448.3448344916,0.000189637730465196
-2683168.316831691,0.00018964288162877686
-2682888.288828891,0.00018964818272991193
-2682608.260826091,0.00018965363192348714
-2682328.2328232904,0.0001896592273202322
-2682048.20482049,0.0001896649669873421
-2681768.1768176896,0.0001896708489491114
-2681488.1488148896,0.0001896768711875814
-2681208.120812089,0.00018968303164319957
-2680928.0928092888,0.00018968932821549148
-2680648.064806489,0.00018969575876374468
-2680368.0368036884,0.0001897023211077044
-2680088.008800888,0.000189709013028281
-2679807.980798088,0.00018971583226826862
-2679527.9527952876,0.00018972277653307514
-2679247.924792487,0.00018972984349146306
-2678967.8967896868,0.0001897370307763009
-2678687.868786887,0.00018974433598532522
-2678407.8407840864,0.00018975175668191276
-2678127.812781286,0.00018975929039586259
-2677847.784778486,0.00018976693462418787
-2677567.7567756856,0.00018977468683191716
-2677287.728772885,0.00018978254445290482
-2677007.700770085,0.00018979050489065038
-2676727.672767285,0.00018979856551912678
-2676447.6447644844,0.00018980672368361663
-2676167.6167616844,0.000189814976701557
-2675887.588758884,0.0001898233218633918
-2675607.5607560836,0.00018983175643343207
-2675327.532753283,0.00018984027765072328
-2675047.504750483,0.00018984888272991992
-2674767.476747683,0.00018985756886216683
-2674487.4487448824,0.00018986633321598702
-2674207.4207420824,0.00018987517293817568
-2673927.392739282,0.00018988408515470024
-2673647.3647364816,0.000189893066971606
-2673367.3367336816,0.00018990211547592725
-2673087.308730881,0.0001899112277366034
-2672807.280728081,0.00018992040080539985
-2672527.2527252804,0.00018992963171783367
-2672247.2247224804,0.0001899389174941031
-2671967.19671968,0.00018994825514002145
-2671687.1687168796,0.00018995764164795415
-2671407.1407140796,0.0001899670739977597
-2671127.112711279,0.00018997654915773313
-2670847.084708479,0.00018998606408555276
-2670567.056705679,0.00018999561572922898
-2670287.0287028784,0.00019000520102805562
-2670007.000700078,0.0001900148169135628
-2669726.9726972776,0.00019002446031047166
-2669446.9446944776,0.00019003412813765032
-2669166.916691677,0.00019004381730907088
-2668886.8886888768,0.00019005352473476687
-2668606.860686077,0.00019006324732179146
-2668326.8326832764,0.00019007298197517563
-2668046.804680476,0.00019008272559888596
-2667766.776677676,0.00019009247509678228
-2667486.7486748756,0.0001901022273735744
-2667206.720672075,0.00019011197933577767
-2666926.6926692748,0.00019012172789266722
-2666646.664666475,0.0001901314699572307
-2666366.6366636744,0.00019014120244711895
-2666086.608660874,0.00019015092228559426
-2665806.580658074,0.00019016062640247647
-2665526.5526552736,0.00019017031173508596
-2665246.524652473,0.0001901799752291835
-2664966.496649673,0.000190189613839907
-2664686.468646873,0.00019019922453270425
-2664406.4406440724,0.00019020880428426192
-2664126.4126412724,0.0001902183500834301
-2663846.384638472,0.0001902278589321425
-2663566.3566356716,0.00019023732784633182
-2663286.328632871,0.00019024675385683967
-2663006.300630071,0.00019025613401032175
-2662726.272627271,0.00019026546537014686
-2662446.2446244704,0.00019027474501729014
-2662166.2166216704,0.00019028397005122033
-2661886.18861887,0.00019029313759078018
-2661606.1606160696,0.00019030224477506046
-2661326.1326132696,0.00019031128876426692
-2661046.104610469,0.00019032026674057985
-2660766.076607669,0.00019032917590900631
-2660486.0486048684,0.00019033801349822453
-2660206.0206020684,0.00019034677676142014
-2659925.992599268,0.0001903554629771145
-2659645.9645964676,0.0001903640694499841
-2659365.9365936676,0.0001903725935116714
-2659085.908590867,0.00019038103252158673
-2658805.8805880668,0.00019038938386770074
-2658525.852585267,0.00019039764496732754
-2658245.8245824664,0.00019040581326789803
-2657965.796579666,0.00019041388624772333
-2657685.7685768656,0.0001904218614167479
-2657405.7405740656,0.00019042973631729255
-2657125.712571265,0.00019043750852478652
-2656845.6845684648,0.00019044517564848886
-2656565.656565665,0.00019045273533219875
-2656285.6285628644,0.00019046018525495462
-2656005.600560064,0.00019046752313172163
-2655725.572557264,0.00019047474671406766
-2655445.5445544636,0.00019048185379082737
-2655165.516551663,0.00019048884218875406
-2654885.488548863,0.00019049570977315954
-2654605.460546063,0.0001905024544485414
-2654325.4325432624,0.00019050907415919753
-2654045.404540462,0.00019051556688982812
-2653765.376537662,0.00019052193066612443
-2653485.3485348616,0.0001905281635553446
-2653205.320532061,0.00019053426366687595
-2652925.292529261,0.000190540229152784
-2652645.264526461,0.0001905460582083477
-2652365.2365236604,0.00019055174907258089
-2652085.2085208604,0.0001905573000287399
-2651805.18051806,0.00019056270940481703
-2651525.1525152596,0.0001905679755740197
-2651245.124512459,0.0001905730969552354
-2650965.096509659,0.000190578072013482
-2650685.068506859,0.00019058289926034356
-2650405.0405040584,0.00019058757725439132
-2650125.0125012584,0.00019059210460158982
-2649844.984498458,0.00019059647995568808
-2649564.9564956576,0.0001906007020185958
-2649284.9284928576,0.00019060476954074396
-2649004.900490057,0.00019060868132143085
-2648724.872487257,0.00019061243620915202
-2648444.8444844563,0.00019061603310191507
-2648164.8164816564,0.00019061947094753897
-2647884.788478856,0.0001906227487439376
-2647604.7604760556,0.00019062586553938765
-2647324.7324732556,0.00019062882043278058
-2647044.704470455,0.00019063161257385912
-2646764.6764676548,0.00019063424116343744
-2646484.648464855,0.0001906367054536056
-2646204.6204620544,0.000190639004747918
-2645924.592459254,0.00019064113840156565
-2645644.5644564535,0.0001906431058215325
-2645364.5364536536,0.0001906449064667355
-2645084.508450853,0.00019064653984814868
-2644804.4804480528,0.0001906480055289108
-2644524.452445253,0.00019064930312441707
-2644244.4244424524,0.00019065043230239454
-2643964.396439652,0.00019065139278296115
-2643684.368436852,0.00019065218433866874
-2643404.3404340516,0.00019065280679452973
-2643124.312431251,0.00019065326002802767
-2642844.284428451,0.0001906535439691113
-2642564.256425651,0.00019065365860017295
-2642284.2284228504,0.00019065360395601006
-2642004.20042005,0.00019065338012377116
-2641724.17241725,0.00019065298724288543
-2641444.1444144496,0.00019065242550497615
-2641164.116411649,0.00019065169515375833
-2640884.088408849,0.00019065079648491998
-2640604.060406049,0.00019064972984598786
-2640324.0324032484,0.00019064849563617684
-2640044.0044004484,0.00019064709430622397
-2639763.976397648,0.0001906455263582063
-2639483.9483948476,0.00019064379234534322
-2639203.920392047,0.00019064189287178318
-2638923.892389247,0.00019063982859237477
-2638643.864386447,0.00019063760021242242
-2638363.8363836464,0.0001906352084874266
-2638083.8083808464,0.00019063265422280892
-2637803.780378046,0.0001906299382736218
-2637523.7523752456,0.00019062706154424324
-2637243.7243724456,0.00019062402498805657
-2636963.696369645,0.00019062082960711528
-2636683.6683668448,0.0001906174764517931
-2636403.6403640443,0.00019061396662041952
-2636123.6123612444,0.00019061030125890066
-2635843.584358444,0.00019060648156032597
-2635563.5563556436,0.00019060250876456046
-2635283.5283528436,0.000190598384157823
-2635003.500350043,0.00019059410907225048
-2634723.4723472428,0.00019058968488544828
-2634443.444344443,0.00019058511302002715
-2634163.4163416424,0.0001905803949431262
-2633883.388338842,0.000190575532165923
-2633603.360336042,0.0001905705262431302
-2633323.3323332416,0.00019056537877247914
-2633043.304330441,0.00019056009139419066
-2632763.2763276407,0.0001905546657904333
-2632483.248324841,0.00019054910368476873
-2632203.2203220404,0.00019054340684158518
-2631923.19231924,0.0001905375770655185
-2631643.16431644,0.0001905316162008613
-2631363.1363136396,0.0001905255261309604
-2631083.108310839,0.00019051930877760269
-2630803.080308039,0.00019051296610038962
-2630523.052305239,0.00019050650009610044
-2630243.0243024384,0.00019049991279804462
-2629962.996299638,0.00019049320627540344
-2629682.968296838,0.00019048638263256113
-2629402.9402940376,0.00019047944400842542
-2629122.912291237,0.0001904723925757384
-2628842.884288437,0.00019046523054037717
-2628562.856285637,0.0001904579601406449
-2628282.8282828364,0.00019045058364655263
-2628002.8002800364,0.0001904431033590916
-2627722.772277236,0.0001904355216094968
-2627442.7442744356,0.00019042784075850173
-2627162.716271635,0.00019042006319558465
-2626882.688268835,0.00019041219133820653
-2626602.660266035,0.00019040422763104108
-2626322.6322632344,0.00019039617454519694
-2626042.6042604344,0.0001903880345774324
-2625762.576257634,0.0001903798102493627
-2625482.5482548336,0.00019037150410666044
-2625202.5202520336,0.0001903631187182493
-2624922.492249233,0.00019035465667549084
-2624642.4642464328,0.00019034612059136565
-2624362.4362436323,0.00019033751309964787
-2624082.4082408324,0.00019032883685407443
-2623802.380238032,0.00019032009452750847
-2623522.3522352315,0.00019031128881109781
-2623242.3242324316,0.0001903024224134284
-2622962.296229631,0.00019029349805967268
-2622682.2682268308,0.00019028451849073432
-2622402.240224031,0.000190275486462388
-2622122.2122212304,0.00019026640474441566
-2621842.18421843,0.00019025727611973931
-2621562.15621563,0.00019024810338355002
-2621282.1282128296,0.00019023888934243419
-2621002.100210029,0.00019022963681349705
-2620722.0722072287,0.00019022034862348325
-2620442.044204429,0.00019021102760789562
-2620162.0162016284,0.00019020167661011167
-2619881.988198828,0.0001901922984804985
-2619601.960196028,0.0001901828960755262
-2619321.9321932276,0.00019017347225688014
-2619041.904190427,0.00019016402989057243
-2618761.876187627,0.00019015457184605258
-2618481.848184827,0.00019014510099531797
-2618201.8201820264,0.00019013562021202437
-2617921.792179226,0.00019012613237059632
-2617641.764176426,0.00019011664034533833
-2617361.7361736256,0.00019010714700954667
-2617081.708170825,0.00019009765523462228
-2616801.680168025,0.000190088167889185
-2616521.652165225,0.00019007868783818912
-2616241.6241624244,0.0001900692179420413
-2615961.5961596244,0.00019005976105572004
-2615681.568156824,0.0001900503200278979
-2615401.5401540236,0.0001900408977000664
-2615121.512151223,0.00019003149690566355
-2614841.484148423,0.00019002212046920485
-2614561.456145623,0.0001900127712054177
-2614281.4281428223,0.00019000345191837948
-2614001.4001400224,0.00018999416540065958
-2613721.372137222,0.00018998491443246584
-2613441.3441344216,0.0001899757017807953
-2613161.3161316216,0.00018996653019859
-2612881.288128821,0.00018995740242389736
-2612601.2601260208,0.0001899483211790364
-2612321.232123221,0.000189939289169769
-2612041.2041204204,0.00018993030908447724
-2611761.17611762,0.0001899213835933467
-2611481.1481148195,0.00018991251534755592
-2611201.1201120196,0.00018990370697847273
-2610921.092109219,0.00018989496109685683
-2610641.0641064188,0.00018988628029206986
-2610361.036103619,0.0001898776671312925
-2610081.0081008184,0.00018986912415874902
-2609800.980098018,0.0001898606538949397
-2609520.952095218,0.00018985225883588102
-2609240.9240924176,0.00018984394145235415
-2608960.896089617,0.00018983570418916188
-2608680.8680868167,0.00018982754946439404
-2608400.840084017,0.00018981947966870182
-2608120.8120812164,0.00018981149716458114
-2607840.784078416,0.0001898036042856654
-2607560.756075616,0.00018979580333602764
-2607280.7280728156,0.0001897880965894923
-2607000.700070015,0.00018978048628895695
-2606720.672067215,0.00018977297464572437
-2606440.644064415,0.00018976556383884434
-2606160.6160616144,0.00018975825601446657
-2605880.588058814,0.0001897510532852039
-2605600.560056014,0.0001897439577295066
-2605320.5320532136,0.00018973697139104738
-2605040.504050413,0.00018973009627811817
-2604760.476047613,0.0001897233343630379
-2604480.448044813,0.0001897166875815719
-2604200.4200420124,0.0001897101578323634
-2603920.3920392124,0.00018970374697637645
-2603640.364036412,0.00018969745683635134
-2603360.3360336116,0.00018969128919627204
-2603080.308030811,0.0001896852458008462
-2602800.280028011,0.00018967932835499751
-2602520.2520252108,0.00018967353852337087
-2602240.2240224103,0.00018966787792985045
-2601960.1960196104,0.00018966234815709067
-2601680.16801681,0.00018965695074606016
-2601400.1400140096,0.00018965168719559922
-2601120.1120112096,0.0001896465589619905
-2600840.084008409,0.00018964156745854318
-2600560.0560056088,0.00018963671405519068
-2600280.028002809,0.00018963200007810234
-2600000.0000000084,0.0001896274268093086
